$date
   Sat Jun 27 23:54:27 2026
$end
$version
  2023.1
$end
$timescale
  1ps
$end
$scope module top_vga $end
$var reg 1 ! clk $end
$var reg 1 " reset $end
$var reg 3 # sw [2:0] $end
$var wire 1 $ hsync $end
$var wire 1 % vsync $end
$var wire 3 & led [2:0] $end
$var wire 4 ' vgaRed [3:0] $end
$var wire 4 ( vgaGreen [3:0] $end
$var wire 4 ) vgaBlue [3:0] $end
$var integer 32 * fd [31:0] $end
$var integer 32 + pat [31:0] $end
$var integer 32 , frame_pix [31:0] $end
$var wire 1 - pix_enable $end
$var wire 1 . video_on $end
$var wire 10 / px [9:0] $end
$var wire 10 0 py [9:0] $end
$var reg 1 1 capture $end
$var integer 32 2 wfd_clk [31:0] $end
$var integer 32 3 wfd_line [31:0] $end
$var integer 32 4 wfd_frame [31:0] $end
$var reg 1 5 en_clk $end
$var reg 1 6 en_line $end
$var reg 1 7 en_frame $end
$scope module dut $end
$var wire 1 8 clk $end
$var wire 1 9 reset $end
$var wire 3 : sw [2:0] $end
$var wire 1 $ hsync $end
$var wire 1 % vsync $end
$var wire 3 & led [2:0] $end
$var wire 4 ' vgaRed [3:0] $end
$var wire 4 ( vgaGreen [3:0] $end
$var wire 4 ) vgaBlue [3:0] $end
$var wire 1 ; video_on $end
$var wire 10 < x [9:0] $end
$var wire 10 = y [9:0] $end
$var reg 12 > rgb_reg [11:0] $end
$scope module vga $end
$var wire 1 8 clk_100Mhz $end
$var wire 1 9 reset $end
$var wire 1 ; video_on $end
$var wire 1 $ hsync $end
$var wire 1 % vsync $end
$var wire 10 < x [9:0] $end
$var wire 10 = y [9:0] $end
$var reg 2 ? r_25Mhz [1:0] $end
$var wire 1 @ w_25Mhz_enable $end
$var reg 10 A h_count_reg [9:0] $end
$var reg 10 B h_count_next [9:0] $end
$var reg 10 C v_count_reg [9:0] $end
$var reg 10 D v_count_next [9:0] $end
$var wire 1 E h_sync_wire $end
$var wire 1 F v_sync_wire $end
$upscope $end
$upscope $end
$scope task wait_frame_start $end
$upscope $end
$scope function open_dump $end
$var integer 32 G open_dump [31:0] $end
$var integer 32 H p [31:0] $end
$var reg 512 I fname [511:0] $end
$upscope $end
$upscope $end
$enddefinitions $end
#0
$dumpvars
0!
1"
b0 #
1$
1%
b11 &
b0 '
b0 (
b0 )
b0 *
b0 +
b0 ,
1-
1.
b0 /
b0 0
01
b11111111111111111011000111100000 2
b0 3
b0 4
15
06
07
08
19
b0 :
1;
b0 <
b0 =
b0 >
b0 ?
1@
b0 A
b1 B
b0 C
b0 D
1E
1F
bx G
bx H
bx I
$end
#5000
1!
18
#10000
0!
08
#15000
1!
18
#20000
0!
08
#25000
1!
18
#30000
0!
08
#35000
1!
18
#40000
0!
08
#45000
1!
18
#50000
0!
08
#55000
1!
18
#60000
0!
08
#65000
1!
18
#70000
0!
08
#75000
1!
18
#80000
0!
08
#85000
1!
18
#90000
0!
08
#95000
1!
18
#100000
0!
08
#105000
1!
18
#110000
0!
08
#115000
1!
18
#120000
0!
08
#125000
1!
18
#130000
0!
08
#135000
1!
18
#140000
0!
08
#145000
1!
18
#150000
0!
08
#155000
1!
18
#160000
0!
08
#165000
1!
18
#170000
0!
08
#175000
1!
18
#180000
0!
08
#185000
1!
18
#190000
0!
08
#195000
1!
0"
b10 &
0-
b1 /
18
09
b1 <
b1 ?
0@
b1 A
b10 B
#200000
0!
08
#205000
1!
18
b10 ?
#210000
0!
08
#215000
1!
18
b11 ?
#220000
0!
08
#225000
1!
1-
18
b0 ?
1@
#230000
0!
08
#235000
1!
0-
b10 /
18
b10 <
b1 ?
0@
b10 A
b11 B
#240000
0!
08
#245000
1!
18
b10 ?
#250000
0!
08
#255000
1!
18
b11 ?
#260000
0!
08
#265000
1!
1-
18
b0 ?
1@
#270000
0!
08
#275000
1!
0-
b11 /
18
b11 <
b1 ?
0@
b11 A
b100 B
#280000
0!
08
#285000
1!
18
b10 ?
#290000
0!
08
#295000
1!
18
b11 ?
#300000
0!
08
#305000
1!
1-
18
b0 ?
1@
#310000
0!
08
#315000
1!
0-
b100 /
18
b100 <
b1 ?
0@
b100 A
b101 B
#320000
0!
08
#325000
1!
18
b10 ?
#330000
0!
08
#335000
1!
18
b11 ?
#340000
0!
08
#345000
1!
1-
18
b0 ?
1@
#350000
0!
08
#355000
1!
0-
b101 /
18
b101 <
b1 ?
0@
b101 A
b110 B
#360000
0!
08
#365000
1!
18
b10 ?
#370000
0!
08
#375000
1!
18
b11 ?
#380000
0!
08
#385000
1!
1-
18
b0 ?
1@
#390000
0!
08
#395000
1!
0-
b110 /
18
b110 <
b1 ?
0@
b110 A
b111 B
#400000
0!
08
#405000
1!
18
b10 ?
#410000
0!
08
#415000
1!
18
b11 ?
#420000
0!
08
#425000
1!
1-
18
b0 ?
1@
#430000
0!
08
#435000
1!
0-
b111 /
18
b111 <
b1 ?
0@
b111 A
b1000 B
#440000
0!
08
#445000
1!
18
b10 ?
#450000
0!
08
#455000
1!
18
b11 ?
#460000
0!
08
#465000
1!
1-
18
b0 ?
1@
#470000
0!
08
#475000
1!
0-
b1000 /
18
b1000 <
b1 ?
0@
b1000 A
b1001 B
#480000
0!
08
#485000
1!
18
b10 ?
#490000
0!
08
#495000
1!
18
b11 ?
#500000
0!
08
#505000
1!
1-
18
b0 ?
1@
#510000
0!
08
#515000
1!
0-
b1001 /
18
b1001 <
b1 ?
0@
b1001 A
b1010 B
#520000
0!
08
#525000
1!
18
b10 ?
#530000
0!
08
#535000
1!
18
b11 ?
#540000
0!
08
#545000
1!
1-
18
b0 ?
1@
#550000
0!
08
#555000
1!
0-
b1010 /
18
b1010 <
b1 ?
0@
b1010 A
b1011 B
#560000
0!
08
#565000
1!
18
b10 ?
#570000
0!
08
#575000
1!
18
b11 ?
#580000
0!
08
#585000
1!
1-
18
b0 ?
1@
#590000
0!
08
#595000
1!
0-
b1011 /
18
b1011 <
b1 ?
0@
b1011 A
b1100 B
#600000
0!
08
#605000
1!
18
b10 ?
#610000
0!
08
#615000
1!
18
b11 ?
#620000
0!
08
#625000
1!
1-
18
b0 ?
1@
#630000
0!
08
#635000
1!
0-
b1100 /
18
b1100 <
b1 ?
0@
b1100 A
b1101 B
#640000
0!
08
#645000
1!
18
b10 ?
#650000
0!
08
#655000
1!
18
b11 ?
#660000
0!
08
#665000
1!
1-
18
b0 ?
1@
#670000
0!
08
#675000
1!
0-
b1101 /
18
b1101 <
b1 ?
0@
b1101 A
b1110 B
#680000
0!
08
#685000
1!
18
b10 ?
#690000
0!
08
#695000
1!
18
b11 ?
#700000
0!
08
#705000
1!
1-
18
b0 ?
1@
#710000
0!
08
#715000
1!
0-
b1110 /
18
b1110 <
b1 ?
0@
b1110 A
b1111 B
#720000
0!
08
#725000
1!
18
b10 ?
#730000
0!
08
#735000
1!
18
b11 ?
#740000
0!
08
#745000
1!
1-
18
b0 ?
1@
#750000
0!
08
#755000
1!
0-
b1111 /
18
b1111 <
b1 ?
0@
b1111 A
b10000 B
#760000
0!
08
#765000
1!
18
b10 ?
#770000
0!
08
#775000
1!
18
b11 ?
#780000
0!
08
#785000
1!
1-
18
b0 ?
1@
#790000
0!
08
#795000
1!
05
18
$dumpoff
x$
x%
bx &
bx '
bx (
bx )
x-
x.
bx /
bx 0
x8
x9
bx :
x;
bx <
bx =
x@
xE
xF
x!
x"
bx #
bx *
bx +
bx ,
x1
bx 2
bx 3
bx 4
x5
x6
x7
bx >
bx ?
bx A
bx B
bx C
bx D
bx G
bx H
bx I
$end
#16800195000
$dumpon
1!
0"
b101 #
1$
1%
b110 &
b1111 '
b1111 (
b1111 )
b0 *
b0 +
b0 ,
0-
1.
b1 /
b0 0
01
b11111111111111111011000111100000 2
b11111111111111111011000111100000 3
b0 4
05
16
07
18
09
b101 :
1;
b1 <
b0 =
b111111111111 >
b1 ?
0@
b1 A
b10 B
b0 C
b0 D
1E
1F
bx G
bx H
bx I
$end
#16800200000
0!
08
#16800205000
1!
18
b10 ?
#16800210000
0!
08
#16800215000
1!
18
b11 ?
#16800220000
0!
08
#16800225000
1!
1-
18
b0 ?
1@
#16800230000
0!
08
#16800235000
1!
0-
b10 /
18
b10 <
b1 ?
0@
b10 A
b11 B
#16800240000
0!
08
#16800245000
1!
18
b10 ?
#16800250000
0!
08
#16800255000
1!
18
b11 ?
#16800260000
0!
08
#16800265000
1!
1-
18
b0 ?
1@
#16800270000
0!
08
#16800275000
1!
0-
b11 /
18
b11 <
b1 ?
0@
b11 A
b100 B
#16800280000
0!
08
#16800285000
1!
18
b10 ?
#16800290000
0!
08
#16800295000
1!
18
b11 ?
#16800300000
0!
08
#16800305000
1!
1-
18
b0 ?
1@
#16800310000
0!
08
#16800315000
1!
0-
b100 /
18
b100 <
b1 ?
0@
b100 A
b101 B
#16800320000
0!
08
#16800325000
1!
18
b10 ?
#16800330000
0!
08
#16800335000
1!
18
b11 ?
#16800340000
0!
08
#16800345000
1!
1-
18
b0 ?
1@
#16800350000
0!
08
#16800355000
1!
0-
b101 /
18
b101 <
b1 ?
0@
b101 A
b110 B
#16800360000
0!
08
#16800365000
1!
18
b10 ?
#16800370000
0!
08
#16800375000
1!
18
b11 ?
#16800380000
0!
08
#16800385000
1!
1-
18
b0 ?
1@
#16800390000
0!
08
#16800395000
1!
0-
b110 /
18
b110 <
b1 ?
0@
b110 A
b111 B
#16800400000
0!
08
#16800405000
1!
18
b10 ?
#16800410000
0!
08
#16800415000
1!
18
b11 ?
#16800420000
0!
08
#16800425000
1!
1-
18
b0 ?
1@
#16800430000
0!
08
#16800435000
1!
0-
b111 /
18
b111 <
b1 ?
0@
b111 A
b1000 B
#16800440000
0!
08
#16800445000
1!
18
b10 ?
#16800450000
0!
08
#16800455000
1!
18
b11 ?
#16800460000
0!
08
#16800465000
1!
1-
18
b0 ?
1@
#16800470000
0!
08
#16800475000
1!
0-
b1000 /
18
b1000 <
b1 ?
0@
b1000 A
b1001 B
#16800480000
0!
08
#16800485000
1!
18
b10 ?
#16800490000
0!
08
#16800495000
1!
18
b11 ?
#16800500000
0!
08
#16800505000
1!
1-
18
b0 ?
1@
#16800510000
0!
08
#16800515000
1!
0-
b1001 /
18
b1001 <
b1 ?
0@
b1001 A
b1010 B
#16800520000
0!
08
#16800525000
1!
18
b10 ?
#16800530000
0!
08
#16800535000
1!
18
b11 ?
#16800540000
0!
08
#16800545000
1!
1-
18
b0 ?
1@
#16800550000
0!
08
#16800555000
1!
0-
b1010 /
18
b1010 <
b1 ?
0@
b1010 A
b1011 B
#16800560000
0!
08
#16800565000
1!
18
b10 ?
#16800570000
0!
08
#16800575000
1!
18
b11 ?
#16800580000
0!
08
#16800585000
1!
1-
18
b0 ?
1@
#16800590000
0!
08
#16800595000
1!
0-
b1011 /
18
b1011 <
b1 ?
0@
b1011 A
b1100 B
#16800600000
0!
08
#16800605000
1!
18
b10 ?
#16800610000
0!
08
#16800615000
1!
18
b11 ?
#16800620000
0!
08
#16800625000
1!
1-
18
b0 ?
1@
#16800630000
0!
08
#16800635000
1!
0-
b1100 /
18
b1100 <
b1 ?
0@
b1100 A
b1101 B
#16800640000
0!
08
#16800645000
1!
18
b10 ?
#16800650000
0!
08
#16800655000
1!
18
b11 ?
#16800660000
0!
08
#16800665000
1!
1-
18
b0 ?
1@
#16800670000
0!
08
#16800675000
1!
0-
b1101 /
18
b1101 <
b1 ?
0@
b1101 A
b1110 B
#16800680000
0!
08
#16800685000
1!
18
b10 ?
#16800690000
0!
08
#16800695000
1!
18
b11 ?
#16800700000
0!
08
#16800705000
1!
1-
18
b0 ?
1@
#16800710000
0!
08
#16800715000
1!
0-
b1110 /
18
b1110 <
b1 ?
0@
b1110 A
b1111 B
#16800720000
0!
08
#16800725000
1!
18
b10 ?
#16800730000
0!
08
#16800735000
1!
18
b11 ?
#16800740000
0!
08
#16800745000
1!
1-
18
b0 ?
1@
#16800750000
0!
08
#16800755000
1!
0-
b1111 /
18
b1111 <
b1 ?
0@
b1111 A
b10000 B
#16800760000
0!
08
#16800765000
1!
18
b10 ?
#16800770000
0!
08
#16800775000
1!
18
b11 ?
#16800780000
0!
08
#16800785000
1!
1-
18
b0 ?
1@
#16800790000
0!
08
#16800795000
1!
0-
b10000 /
18
b10000 <
b1 ?
0@
b10000 A
b10001 B
#16800800000
0!
08
#16800805000
1!
18
b10 ?
#16800810000
0!
08
#16800815000
1!
18
b11 ?
#16800820000
0!
08
#16800825000
1!
1-
18
b0 ?
1@
#16800830000
0!
08
#16800835000
1!
0-
b10001 /
18
b10001 <
b1 ?
0@
b10001 A
b10010 B
#16800840000
0!
08
#16800845000
1!
18
b10 ?
#16800850000
0!
08
#16800855000
1!
18
b11 ?
#16800860000
0!
08
#16800865000
1!
1-
18
b0 ?
1@
#16800870000
0!
08
#16800875000
1!
0-
b10010 /
18
b10010 <
b1 ?
0@
b10010 A
b10011 B
#16800880000
0!
08
#16800885000
1!
18
b10 ?
#16800890000
0!
08
#16800895000
1!
18
b11 ?
#16800900000
0!
08
#16800905000
1!
1-
18
b0 ?
1@
#16800910000
0!
08
#16800915000
1!
0-
b10011 /
18
b10011 <
b1 ?
0@
b10011 A
b10100 B
#16800920000
0!
08
#16800925000
1!
18
b10 ?
#16800930000
0!
08
#16800935000
1!
18
b11 ?
#16800940000
0!
08
#16800945000
1!
1-
18
b0 ?
1@
#16800950000
0!
08
#16800955000
1!
0-
b10100 /
18
b10100 <
b1 ?
0@
b10100 A
b10101 B
#16800960000
0!
08
#16800965000
1!
18
b10 ?
#16800970000
0!
08
#16800975000
1!
18
b11 ?
#16800980000
0!
08
#16800985000
1!
1-
18
b0 ?
1@
#16800990000
0!
08
#16800995000
1!
0-
b10101 /
18
b10101 <
b1 ?
0@
b10101 A
b10110 B
#16801000000
0!
08
#16801005000
1!
18
b10 ?
#16801010000
0!
08
#16801015000
1!
18
b11 ?
#16801020000
0!
08
#16801025000
1!
1-
18
b0 ?
1@
#16801030000
0!
08
#16801035000
1!
0-
b10110 /
18
b10110 <
b1 ?
0@
b10110 A
b10111 B
#16801040000
0!
08
#16801045000
1!
18
b10 ?
#16801050000
0!
08
#16801055000
1!
18
b11 ?
#16801060000
0!
08
#16801065000
1!
1-
18
b0 ?
1@
#16801070000
0!
08
#16801075000
1!
0-
b10111 /
18
b10111 <
b1 ?
0@
b10111 A
b11000 B
#16801080000
0!
08
#16801085000
1!
18
b10 ?
#16801090000
0!
08
#16801095000
1!
18
b11 ?
#16801100000
0!
08
#16801105000
1!
1-
18
b0 ?
1@
#16801110000
0!
08
#16801115000
1!
0-
b11000 /
18
b11000 <
b1 ?
0@
b11000 A
b11001 B
#16801120000
0!
08
#16801125000
1!
18
b10 ?
#16801130000
0!
08
#16801135000
1!
18
b11 ?
#16801140000
0!
08
#16801145000
1!
1-
18
b0 ?
1@
#16801150000
0!
08
#16801155000
1!
0-
b11001 /
18
b11001 <
b1 ?
0@
b11001 A
b11010 B
#16801160000
0!
08
#16801165000
1!
18
b10 ?
#16801170000
0!
08
#16801175000
1!
18
b11 ?
#16801180000
0!
08
#16801185000
1!
1-
18
b0 ?
1@
#16801190000
0!
08
#16801195000
1!
0-
b11010 /
18
b11010 <
b1 ?
0@
b11010 A
b11011 B
#16801200000
0!
08
#16801205000
1!
18
b10 ?
#16801210000
0!
08
#16801215000
1!
18
b11 ?
#16801220000
0!
08
#16801225000
1!
1-
18
b0 ?
1@
#16801230000
0!
08
#16801235000
1!
0-
b11011 /
18
b11011 <
b1 ?
0@
b11011 A
b11100 B
#16801240000
0!
08
#16801245000
1!
18
b10 ?
#16801250000
0!
08
#16801255000
1!
18
b11 ?
#16801260000
0!
08
#16801265000
1!
1-
18
b0 ?
1@
#16801270000
0!
08
#16801275000
1!
0-
b11100 /
18
b11100 <
b1 ?
0@
b11100 A
b11101 B
#16801280000
0!
08
#16801285000
1!
18
b10 ?
#16801290000
0!
08
#16801295000
1!
18
b11 ?
#16801300000
0!
08
#16801305000
1!
1-
18
b0 ?
1@
#16801310000
0!
08
#16801315000
1!
0-
b11101 /
18
b11101 <
b1 ?
0@
b11101 A
b11110 B
#16801320000
0!
08
#16801325000
1!
18
b10 ?
#16801330000
0!
08
#16801335000
1!
18
b11 ?
#16801340000
0!
08
#16801345000
1!
1-
18
b0 ?
1@
#16801350000
0!
08
#16801355000
1!
0-
b11110 /
18
b11110 <
b1 ?
0@
b11110 A
b11111 B
#16801360000
0!
08
#16801365000
1!
18
b10 ?
#16801370000
0!
08
#16801375000
1!
18
b11 ?
#16801380000
0!
08
#16801385000
1!
1-
18
b0 ?
1@
#16801390000
0!
08
#16801395000
1!
0-
b11111 /
18
b11111 <
b1 ?
0@
b11111 A
b100000 B
#16801400000
0!
08
#16801405000
1!
18
b10 ?
#16801410000
0!
08
#16801415000
1!
18
b11 ?
#16801420000
0!
08
#16801425000
1!
1-
18
b0 ?
1@
#16801430000
0!
08
#16801435000
1!
0-
b100000 /
18
b100000 <
b1 ?
0@
b100000 A
b100001 B
#16801440000
0!
08
#16801445000
1!
18
b10 ?
#16801450000
0!
08
#16801455000
1!
18
b11 ?
#16801460000
0!
08
#16801465000
1!
1-
18
b0 ?
1@
#16801470000
0!
08
#16801475000
1!
0-
b100001 /
18
b100001 <
b1 ?
0@
b100001 A
b100010 B
#16801480000
0!
08
#16801485000
1!
18
b10 ?
#16801490000
0!
08
#16801495000
1!
18
b11 ?
#16801500000
0!
08
#16801505000
1!
1-
18
b0 ?
1@
#16801510000
0!
08
#16801515000
1!
0-
b100010 /
18
b100010 <
b1 ?
0@
b100010 A
b100011 B
#16801520000
0!
08
#16801525000
1!
18
b10 ?
#16801530000
0!
08
#16801535000
1!
18
b11 ?
#16801540000
0!
08
#16801545000
1!
1-
18
b0 ?
1@
#16801550000
0!
08
#16801555000
1!
0-
b100011 /
18
b100011 <
b1 ?
0@
b100011 A
b100100 B
#16801560000
0!
08
#16801565000
1!
18
b10 ?
#16801570000
0!
08
#16801575000
1!
18
b11 ?
#16801580000
0!
08
#16801585000
1!
1-
18
b0 ?
1@
#16801590000
0!
08
#16801595000
1!
0-
b100100 /
18
b100100 <
b1 ?
0@
b100100 A
b100101 B
#16801600000
0!
08
#16801605000
1!
18
b10 ?
#16801610000
0!
08
#16801615000
1!
18
b11 ?
#16801620000
0!
08
#16801625000
1!
1-
18
b0 ?
1@
#16801630000
0!
08
#16801635000
1!
0-
b100101 /
18
b100101 <
b1 ?
0@
b100101 A
b100110 B
#16801640000
0!
08
#16801645000
1!
18
b10 ?
#16801650000
0!
08
#16801655000
1!
18
b11 ?
#16801660000
0!
08
#16801665000
1!
1-
18
b0 ?
1@
#16801670000
0!
08
#16801675000
1!
0-
b100110 /
18
b100110 <
b1 ?
0@
b100110 A
b100111 B
#16801680000
0!
08
#16801685000
1!
18
b10 ?
#16801690000
0!
08
#16801695000
1!
18
b11 ?
#16801700000
0!
08
#16801705000
1!
1-
18
b0 ?
1@
#16801710000
0!
08
#16801715000
1!
0-
b100111 /
18
b100111 <
b1 ?
0@
b100111 A
b101000 B
#16801720000
0!
08
#16801725000
1!
18
b10 ?
#16801730000
0!
08
#16801735000
1!
18
b11 ?
#16801740000
0!
08
#16801745000
1!
1-
18
b0 ?
1@
#16801750000
0!
08
#16801755000
1!
0-
b101000 /
18
b101000 <
b1 ?
0@
b101000 A
b101001 B
#16801760000
0!
08
#16801765000
1!
18
b10 ?
#16801770000
0!
08
#16801775000
1!
18
b11 ?
#16801780000
0!
08
#16801785000
1!
1-
18
b0 ?
1@
#16801790000
0!
08
#16801795000
1!
0-
b101001 /
18
b101001 <
b1 ?
0@
b101001 A
b101010 B
#16801800000
0!
08
#16801805000
1!
18
b10 ?
#16801810000
0!
08
#16801815000
1!
18
b11 ?
#16801820000
0!
08
#16801825000
1!
1-
18
b0 ?
1@
#16801830000
0!
08
#16801835000
1!
0-
b101010 /
18
b101010 <
b1 ?
0@
b101010 A
b101011 B
#16801840000
0!
08
#16801845000
1!
18
b10 ?
#16801850000
0!
08
#16801855000
1!
18
b11 ?
#16801860000
0!
08
#16801865000
1!
1-
18
b0 ?
1@
#16801870000
0!
08
#16801875000
1!
0-
b101011 /
18
b101011 <
b1 ?
0@
b101011 A
b101100 B
#16801880000
0!
08
#16801885000
1!
18
b10 ?
#16801890000
0!
08
#16801895000
1!
18
b11 ?
#16801900000
0!
08
#16801905000
1!
1-
18
b0 ?
1@
#16801910000
0!
08
#16801915000
1!
0-
b101100 /
18
b101100 <
b1 ?
0@
b101100 A
b101101 B
#16801920000
0!
08
#16801925000
1!
18
b10 ?
#16801930000
0!
08
#16801935000
1!
18
b11 ?
#16801940000
0!
08
#16801945000
1!
1-
18
b0 ?
1@
#16801950000
0!
08
#16801955000
1!
0-
b101101 /
18
b101101 <
b1 ?
0@
b101101 A
b101110 B
#16801960000
0!
08
#16801965000
1!
18
b10 ?
#16801970000
0!
08
#16801975000
1!
18
b11 ?
#16801980000
0!
08
#16801985000
1!
1-
18
b0 ?
1@
#16801990000
0!
08
#16801995000
1!
0-
b101110 /
18
b101110 <
b1 ?
0@
b101110 A
b101111 B
#16802000000
0!
08
#16802005000
1!
18
b10 ?
#16802010000
0!
08
#16802015000
1!
18
b11 ?
#16802020000
0!
08
#16802025000
1!
1-
18
b0 ?
1@
#16802030000
0!
08
#16802035000
1!
0-
b101111 /
18
b101111 <
b1 ?
0@
b101111 A
b110000 B
#16802040000
0!
08
#16802045000
1!
18
b10 ?
#16802050000
0!
08
#16802055000
1!
18
b11 ?
#16802060000
0!
08
#16802065000
1!
1-
18
b0 ?
1@
#16802070000
0!
08
#16802075000
1!
0-
b110000 /
18
b110000 <
b1 ?
0@
b110000 A
b110001 B
#16802080000
0!
08
#16802085000
1!
18
b10 ?
#16802090000
0!
08
#16802095000
1!
18
b11 ?
#16802100000
0!
08
#16802105000
1!
1-
18
b0 ?
1@
#16802110000
0!
08
#16802115000
1!
0-
b110001 /
18
b110001 <
b1 ?
0@
b110001 A
b110010 B
#16802120000
0!
08
#16802125000
1!
18
b10 ?
#16802130000
0!
08
#16802135000
1!
18
b11 ?
#16802140000
0!
08
#16802145000
1!
1-
18
b0 ?
1@
#16802150000
0!
08
#16802155000
1!
0-
b110010 /
18
b110010 <
b1 ?
0@
b110010 A
b110011 B
#16802160000
0!
08
#16802165000
1!
18
b10 ?
#16802170000
0!
08
#16802175000
1!
18
b11 ?
#16802180000
0!
08
#16802185000
1!
1-
18
b0 ?
1@
#16802190000
0!
08
#16802195000
1!
0-
b110011 /
18
b110011 <
b1 ?
0@
b110011 A
b110100 B
#16802200000
0!
08
#16802205000
1!
18
b10 ?
#16802210000
0!
08
#16802215000
1!
18
b11 ?
#16802220000
0!
08
#16802225000
1!
1-
18
b0 ?
1@
#16802230000
0!
08
#16802235000
1!
0-
b110100 /
18
b110100 <
b1 ?
0@
b110100 A
b110101 B
#16802240000
0!
08
#16802245000
1!
18
b10 ?
#16802250000
0!
08
#16802255000
1!
18
b11 ?
#16802260000
0!
08
#16802265000
1!
1-
18
b0 ?
1@
#16802270000
0!
08
#16802275000
1!
0-
b110101 /
18
b110101 <
b1 ?
0@
b110101 A
b110110 B
#16802280000
0!
08
#16802285000
1!
18
b10 ?
#16802290000
0!
08
#16802295000
1!
18
b11 ?
#16802300000
0!
08
#16802305000
1!
1-
18
b0 ?
1@
#16802310000
0!
08
#16802315000
1!
0-
b110110 /
18
b110110 <
b1 ?
0@
b110110 A
b110111 B
#16802320000
0!
08
#16802325000
1!
18
b10 ?
#16802330000
0!
08
#16802335000
1!
18
b11 ?
#16802340000
0!
08
#16802345000
1!
1-
18
b0 ?
1@
#16802350000
0!
08
#16802355000
1!
0-
b110111 /
18
b110111 <
b1 ?
0@
b110111 A
b111000 B
#16802360000
0!
08
#16802365000
1!
18
b10 ?
#16802370000
0!
08
#16802375000
1!
18
b11 ?
#16802380000
0!
08
#16802385000
1!
1-
18
b0 ?
1@
#16802390000
0!
08
#16802395000
1!
0-
b111000 /
18
b111000 <
b1 ?
0@
b111000 A
b111001 B
#16802400000
0!
08
#16802405000
1!
18
b10 ?
#16802410000
0!
08
#16802415000
1!
18
b11 ?
#16802420000
0!
08
#16802425000
1!
1-
18
b0 ?
1@
#16802430000
0!
08
#16802435000
1!
0-
b111001 /
18
b111001 <
b1 ?
0@
b111001 A
b111010 B
#16802440000
0!
08
#16802445000
1!
18
b10 ?
#16802450000
0!
08
#16802455000
1!
18
b11 ?
#16802460000
0!
08
#16802465000
1!
1-
18
b0 ?
1@
#16802470000
0!
08
#16802475000
1!
0-
b111010 /
18
b111010 <
b1 ?
0@
b111010 A
b111011 B
#16802480000
0!
08
#16802485000
1!
18
b10 ?
#16802490000
0!
08
#16802495000
1!
18
b11 ?
#16802500000
0!
08
#16802505000
1!
1-
18
b0 ?
1@
#16802510000
0!
08
#16802515000
1!
0-
b111011 /
18
b111011 <
b1 ?
0@
b111011 A
b111100 B
#16802520000
0!
08
#16802525000
1!
18
b10 ?
#16802530000
0!
08
#16802535000
1!
18
b11 ?
#16802540000
0!
08
#16802545000
1!
1-
18
b0 ?
1@
#16802550000
0!
08
#16802555000
1!
0-
b111100 /
18
b111100 <
b1 ?
0@
b111100 A
b111101 B
#16802560000
0!
08
#16802565000
1!
18
b10 ?
#16802570000
0!
08
#16802575000
1!
18
b11 ?
#16802580000
0!
08
#16802585000
1!
1-
18
b0 ?
1@
#16802590000
0!
08
#16802595000
1!
0-
b111101 /
18
b111101 <
b1 ?
0@
b111101 A
b111110 B
#16802600000
0!
08
#16802605000
1!
18
b10 ?
#16802610000
0!
08
#16802615000
1!
18
b11 ?
#16802620000
0!
08
#16802625000
1!
1-
18
b0 ?
1@
#16802630000
0!
08
#16802635000
1!
0-
b111110 /
18
b111110 <
b1 ?
0@
b111110 A
b111111 B
#16802640000
0!
08
#16802645000
1!
18
b10 ?
#16802650000
0!
08
#16802655000
1!
18
b11 ?
#16802660000
0!
08
#16802665000
1!
1-
18
b0 ?
1@
#16802670000
0!
08
#16802675000
1!
0-
b111111 /
18
b111111 <
b1 ?
0@
b111111 A
b1000000 B
#16802680000
0!
08
#16802685000
1!
18
b10 ?
#16802690000
0!
08
#16802695000
1!
18
b11 ?
#16802700000
0!
08
#16802705000
1!
1-
18
b0 ?
1@
#16802710000
0!
08
#16802715000
1!
0-
b1000000 /
18
b1000000 <
b1 ?
0@
b1000000 A
b1000001 B
#16802720000
0!
08
#16802725000
1!
18
b10 ?
#16802730000
0!
08
#16802735000
1!
18
b11 ?
#16802740000
0!
08
#16802745000
1!
1-
18
b0 ?
1@
#16802750000
0!
08
#16802755000
1!
0-
b1000001 /
18
b1000001 <
b1 ?
0@
b1000001 A
b1000010 B
#16802760000
0!
08
#16802765000
1!
18
b10 ?
#16802770000
0!
08
#16802775000
1!
18
b11 ?
#16802780000
0!
08
#16802785000
1!
1-
18
b0 ?
1@
#16802790000
0!
08
#16802795000
1!
0-
b1000010 /
18
b1000010 <
b1 ?
0@
b1000010 A
b1000011 B
#16802800000
0!
08
#16802805000
1!
18
b10 ?
#16802810000
0!
08
#16802815000
1!
18
b11 ?
#16802820000
0!
08
#16802825000
1!
1-
18
b0 ?
1@
#16802830000
0!
08
#16802835000
1!
0-
b1000011 /
18
b1000011 <
b1 ?
0@
b1000011 A
b1000100 B
#16802840000
0!
08
#16802845000
1!
18
b10 ?
#16802850000
0!
08
#16802855000
1!
18
b11 ?
#16802860000
0!
08
#16802865000
1!
1-
18
b0 ?
1@
#16802870000
0!
08
#16802875000
1!
0-
b1000100 /
18
b1000100 <
b1 ?
0@
b1000100 A
b1000101 B
#16802880000
0!
08
#16802885000
1!
18
b10 ?
#16802890000
0!
08
#16802895000
1!
18
b11 ?
#16802900000
0!
08
#16802905000
1!
1-
18
b0 ?
1@
#16802910000
0!
08
#16802915000
1!
0-
b1000101 /
18
b1000101 <
b1 ?
0@
b1000101 A
b1000110 B
#16802920000
0!
08
#16802925000
1!
18
b10 ?
#16802930000
0!
08
#16802935000
1!
18
b11 ?
#16802940000
0!
08
#16802945000
1!
1-
18
b0 ?
1@
#16802950000
0!
08
#16802955000
1!
0-
b1000110 /
18
b1000110 <
b1 ?
0@
b1000110 A
b1000111 B
#16802960000
0!
08
#16802965000
1!
18
b10 ?
#16802970000
0!
08
#16802975000
1!
18
b11 ?
#16802980000
0!
08
#16802985000
1!
1-
18
b0 ?
1@
#16802990000
0!
08
#16802995000
1!
0-
b1000111 /
18
b1000111 <
b1 ?
0@
b1000111 A
b1001000 B
#16803000000
0!
08
#16803005000
1!
18
b10 ?
#16803010000
0!
08
#16803015000
1!
18
b11 ?
#16803020000
0!
08
#16803025000
1!
1-
18
b0 ?
1@
#16803030000
0!
08
#16803035000
1!
0-
b1001000 /
18
b1001000 <
b1 ?
0@
b1001000 A
b1001001 B
#16803040000
0!
08
#16803045000
1!
18
b10 ?
#16803050000
0!
08
#16803055000
1!
18
b11 ?
#16803060000
0!
08
#16803065000
1!
1-
18
b0 ?
1@
#16803070000
0!
08
#16803075000
1!
0-
b1001001 /
18
b1001001 <
b1 ?
0@
b1001001 A
b1001010 B
#16803080000
0!
08
#16803085000
1!
18
b10 ?
#16803090000
0!
08
#16803095000
1!
18
b11 ?
#16803100000
0!
08
#16803105000
1!
1-
18
b0 ?
1@
#16803110000
0!
08
#16803115000
1!
0-
b1001010 /
18
b1001010 <
b1 ?
0@
b1001010 A
b1001011 B
#16803120000
0!
08
#16803125000
1!
18
b10 ?
#16803130000
0!
08
#16803135000
1!
18
b11 ?
#16803140000
0!
08
#16803145000
1!
1-
18
b0 ?
1@
#16803150000
0!
08
#16803155000
1!
0-
b1001011 /
18
b1001011 <
b1 ?
0@
b1001011 A
b1001100 B
#16803160000
0!
08
#16803165000
1!
18
b10 ?
#16803170000
0!
08
#16803175000
1!
18
b11 ?
#16803180000
0!
08
#16803185000
1!
1-
18
b0 ?
1@
#16803190000
0!
08
#16803195000
1!
0-
b1001100 /
18
b1001100 <
b1 ?
0@
b1001100 A
b1001101 B
#16803200000
0!
08
#16803205000
1!
18
b10 ?
#16803210000
0!
08
#16803215000
1!
18
b11 ?
#16803220000
0!
08
#16803225000
1!
1-
18
b0 ?
1@
#16803230000
0!
08
#16803235000
1!
0-
b1001101 /
18
b1001101 <
b1 ?
0@
b1001101 A
b1001110 B
#16803240000
0!
08
#16803245000
1!
18
b10 ?
#16803250000
0!
08
#16803255000
1!
18
b11 ?
#16803260000
0!
08
#16803265000
1!
1-
18
b0 ?
1@
#16803270000
0!
08
#16803275000
1!
0-
b1001110 /
18
b1001110 <
b1 ?
0@
b1001110 A
b1001111 B
#16803280000
0!
08
#16803285000
1!
18
b10 ?
#16803290000
0!
08
#16803295000
1!
18
b11 ?
#16803300000
0!
08
#16803305000
1!
1-
18
b0 ?
1@
#16803310000
0!
08
#16803315000
1!
0-
b1001111 /
18
b1001111 <
b1 ?
0@
b1001111 A
b1010000 B
#16803320000
0!
08
#16803325000
1!
18
b10 ?
#16803330000
0!
08
#16803335000
1!
18
b11 ?
#16803340000
0!
08
#16803345000
1!
1-
18
b0 ?
1@
#16803350000
0!
08
#16803355000
1!
b0 )
0-
b1010000 /
18
b1010000 <
b111111110000 >
b1 ?
0@
b1010000 A
b1010001 B
#16803360000
0!
08
#16803365000
1!
18
b10 ?
#16803370000
0!
08
#16803375000
1!
18
b11 ?
#16803380000
0!
08
#16803385000
1!
1-
18
b0 ?
1@
#16803390000
0!
08
#16803395000
1!
0-
b1010001 /
18
b1010001 <
b1 ?
0@
b1010001 A
b1010010 B
#16803400000
0!
08
#16803405000
1!
18
b10 ?
#16803410000
0!
08
#16803415000
1!
18
b11 ?
#16803420000
0!
08
#16803425000
1!
1-
18
b0 ?
1@
#16803430000
0!
08
#16803435000
1!
0-
b1010010 /
18
b1010010 <
b1 ?
0@
b1010010 A
b1010011 B
#16803440000
0!
08
#16803445000
1!
18
b10 ?
#16803450000
0!
08
#16803455000
1!
18
b11 ?
#16803460000
0!
08
#16803465000
1!
1-
18
b0 ?
1@
#16803470000
0!
08
#16803475000
1!
0-
b1010011 /
18
b1010011 <
b1 ?
0@
b1010011 A
b1010100 B
#16803480000
0!
08
#16803485000
1!
18
b10 ?
#16803490000
0!
08
#16803495000
1!
18
b11 ?
#16803500000
0!
08
#16803505000
1!
1-
18
b0 ?
1@
#16803510000
0!
08
#16803515000
1!
0-
b1010100 /
18
b1010100 <
b1 ?
0@
b1010100 A
b1010101 B
#16803520000
0!
08
#16803525000
1!
18
b10 ?
#16803530000
0!
08
#16803535000
1!
18
b11 ?
#16803540000
0!
08
#16803545000
1!
1-
18
b0 ?
1@
#16803550000
0!
08
#16803555000
1!
0-
b1010101 /
18
b1010101 <
b1 ?
0@
b1010101 A
b1010110 B
#16803560000
0!
08
#16803565000
1!
18
b10 ?
#16803570000
0!
08
#16803575000
1!
18
b11 ?
#16803580000
0!
08
#16803585000
1!
1-
18
b0 ?
1@
#16803590000
0!
08
#16803595000
1!
0-
b1010110 /
18
b1010110 <
b1 ?
0@
b1010110 A
b1010111 B
#16803600000
0!
08
#16803605000
1!
18
b10 ?
#16803610000
0!
08
#16803615000
1!
18
b11 ?
#16803620000
0!
08
#16803625000
1!
1-
18
b0 ?
1@
#16803630000
0!
08
#16803635000
1!
0-
b1010111 /
18
b1010111 <
b1 ?
0@
b1010111 A
b1011000 B
#16803640000
0!
08
#16803645000
1!
18
b10 ?
#16803650000
0!
08
#16803655000
1!
18
b11 ?
#16803660000
0!
08
#16803665000
1!
1-
18
b0 ?
1@
#16803670000
0!
08
#16803675000
1!
0-
b1011000 /
18
b1011000 <
b1 ?
0@
b1011000 A
b1011001 B
#16803680000
0!
08
#16803685000
1!
18
b10 ?
#16803690000
0!
08
#16803695000
1!
18
b11 ?
#16803700000
0!
08
#16803705000
1!
1-
18
b0 ?
1@
#16803710000
0!
08
#16803715000
1!
0-
b1011001 /
18
b1011001 <
b1 ?
0@
b1011001 A
b1011010 B
#16803720000
0!
08
#16803725000
1!
18
b10 ?
#16803730000
0!
08
#16803735000
1!
18
b11 ?
#16803740000
0!
08
#16803745000
1!
1-
18
b0 ?
1@
#16803750000
0!
08
#16803755000
1!
0-
b1011010 /
18
b1011010 <
b1 ?
0@
b1011010 A
b1011011 B
#16803760000
0!
08
#16803765000
1!
18
b10 ?
#16803770000
0!
08
#16803775000
1!
18
b11 ?
#16803780000
0!
08
#16803785000
1!
1-
18
b0 ?
1@
#16803790000
0!
08
#16803795000
1!
0-
b1011011 /
18
b1011011 <
b1 ?
0@
b1011011 A
b1011100 B
#16803800000
0!
08
#16803805000
1!
18
b10 ?
#16803810000
0!
08
#16803815000
1!
18
b11 ?
#16803820000
0!
08
#16803825000
1!
1-
18
b0 ?
1@
#16803830000
0!
08
#16803835000
1!
0-
b1011100 /
18
b1011100 <
b1 ?
0@
b1011100 A
b1011101 B
#16803840000
0!
08
#16803845000
1!
18
b10 ?
#16803850000
0!
08
#16803855000
1!
18
b11 ?
#16803860000
0!
08
#16803865000
1!
1-
18
b0 ?
1@
#16803870000
0!
08
#16803875000
1!
0-
b1011101 /
18
b1011101 <
b1 ?
0@
b1011101 A
b1011110 B
#16803880000
0!
08
#16803885000
1!
18
b10 ?
#16803890000
0!
08
#16803895000
1!
18
b11 ?
#16803900000
0!
08
#16803905000
1!
1-
18
b0 ?
1@
#16803910000
0!
08
#16803915000
1!
0-
b1011110 /
18
b1011110 <
b1 ?
0@
b1011110 A
b1011111 B
#16803920000
0!
08
#16803925000
1!
18
b10 ?
#16803930000
0!
08
#16803935000
1!
18
b11 ?
#16803940000
0!
08
#16803945000
1!
1-
18
b0 ?
1@
#16803950000
0!
08
#16803955000
1!
0-
b1011111 /
18
b1011111 <
b1 ?
0@
b1011111 A
b1100000 B
#16803960000
0!
08
#16803965000
1!
18
b10 ?
#16803970000
0!
08
#16803975000
1!
18
b11 ?
#16803980000
0!
08
#16803985000
1!
1-
18
b0 ?
1@
#16803990000
0!
08
#16803995000
1!
0-
b1100000 /
18
b1100000 <
b1 ?
0@
b1100000 A
b1100001 B
#16804000000
0!
08
#16804005000
1!
18
b10 ?
#16804010000
0!
08
#16804015000
1!
18
b11 ?
#16804020000
0!
08
#16804025000
1!
1-
18
b0 ?
1@
#16804030000
0!
08
#16804035000
1!
0-
b1100001 /
18
b1100001 <
b1 ?
0@
b1100001 A
b1100010 B
#16804040000
0!
08
#16804045000
1!
18
b10 ?
#16804050000
0!
08
#16804055000
1!
18
b11 ?
#16804060000
0!
08
#16804065000
1!
1-
18
b0 ?
1@
#16804070000
0!
08
#16804075000
1!
0-
b1100010 /
18
b1100010 <
b1 ?
0@
b1100010 A
b1100011 B
#16804080000
0!
08
#16804085000
1!
18
b10 ?
#16804090000
0!
08
#16804095000
1!
18
b11 ?
#16804100000
0!
08
#16804105000
1!
1-
18
b0 ?
1@
#16804110000
0!
08
#16804115000
1!
0-
b1100011 /
18
b1100011 <
b1 ?
0@
b1100011 A
b1100100 B
#16804120000
0!
08
#16804125000
1!
18
b10 ?
#16804130000
0!
08
#16804135000
1!
18
b11 ?
#16804140000
0!
08
#16804145000
1!
1-
18
b0 ?
1@
#16804150000
0!
08
#16804155000
1!
0-
b1100100 /
18
b1100100 <
b1 ?
0@
b1100100 A
b1100101 B
#16804160000
0!
08
#16804165000
1!
18
b10 ?
#16804170000
0!
08
#16804175000
1!
18
b11 ?
#16804180000
0!
08
#16804185000
1!
1-
18
b0 ?
1@
#16804190000
0!
08
#16804195000
1!
0-
b1100101 /
18
b1100101 <
b1 ?
0@
b1100101 A
b1100110 B
#16804200000
0!
08
#16804205000
1!
18
b10 ?
#16804210000
0!
08
#16804215000
1!
18
b11 ?
#16804220000
0!
08
#16804225000
1!
1-
18
b0 ?
1@
#16804230000
0!
08
#16804235000
1!
0-
b1100110 /
18
b1100110 <
b1 ?
0@
b1100110 A
b1100111 B
#16804240000
0!
08
#16804245000
1!
18
b10 ?
#16804250000
0!
08
#16804255000
1!
18
b11 ?
#16804260000
0!
08
#16804265000
1!
1-
18
b0 ?
1@
#16804270000
0!
08
#16804275000
1!
0-
b1100111 /
18
b1100111 <
b1 ?
0@
b1100111 A
b1101000 B
#16804280000
0!
08
#16804285000
1!
18
b10 ?
#16804290000
0!
08
#16804295000
1!
18
b11 ?
#16804300000
0!
08
#16804305000
1!
1-
18
b0 ?
1@
#16804310000
0!
08
#16804315000
1!
0-
b1101000 /
18
b1101000 <
b1 ?
0@
b1101000 A
b1101001 B
#16804320000
0!
08
#16804325000
1!
18
b10 ?
#16804330000
0!
08
#16804335000
1!
18
b11 ?
#16804340000
0!
08
#16804345000
1!
1-
18
b0 ?
1@
#16804350000
0!
08
#16804355000
1!
0-
b1101001 /
18
b1101001 <
b1 ?
0@
b1101001 A
b1101010 B
#16804360000
0!
08
#16804365000
1!
18
b10 ?
#16804370000
0!
08
#16804375000
1!
18
b11 ?
#16804380000
0!
08
#16804385000
1!
1-
18
b0 ?
1@
#16804390000
0!
08
#16804395000
1!
0-
b1101010 /
18
b1101010 <
b1 ?
0@
b1101010 A
b1101011 B
#16804400000
0!
08
#16804405000
1!
18
b10 ?
#16804410000
0!
08
#16804415000
1!
18
b11 ?
#16804420000
0!
08
#16804425000
1!
1-
18
b0 ?
1@
#16804430000
0!
08
#16804435000
1!
0-
b1101011 /
18
b1101011 <
b1 ?
0@
b1101011 A
b1101100 B
#16804440000
0!
08
#16804445000
1!
18
b10 ?
#16804450000
0!
08
#16804455000
1!
18
b11 ?
#16804460000
0!
08
#16804465000
1!
1-
18
b0 ?
1@
#16804470000
0!
08
#16804475000
1!
0-
b1101100 /
18
b1101100 <
b1 ?
0@
b1101100 A
b1101101 B
#16804480000
0!
08
#16804485000
1!
18
b10 ?
#16804490000
0!
08
#16804495000
1!
18
b11 ?
#16804500000
0!
08
#16804505000
1!
1-
18
b0 ?
1@
#16804510000
0!
08
#16804515000
1!
0-
b1101101 /
18
b1101101 <
b1 ?
0@
b1101101 A
b1101110 B
#16804520000
0!
08
#16804525000
1!
18
b10 ?
#16804530000
0!
08
#16804535000
1!
18
b11 ?
#16804540000
0!
08
#16804545000
1!
1-
18
b0 ?
1@
#16804550000
0!
08
#16804555000
1!
0-
b1101110 /
18
b1101110 <
b1 ?
0@
b1101110 A
b1101111 B
#16804560000
0!
08
#16804565000
1!
18
b10 ?
#16804570000
0!
08
#16804575000
1!
18
b11 ?
#16804580000
0!
08
#16804585000
1!
1-
18
b0 ?
1@
#16804590000
0!
08
#16804595000
1!
0-
b1101111 /
18
b1101111 <
b1 ?
0@
b1101111 A
b1110000 B
#16804600000
0!
08
#16804605000
1!
18
b10 ?
#16804610000
0!
08
#16804615000
1!
18
b11 ?
#16804620000
0!
08
#16804625000
1!
1-
18
b0 ?
1@
#16804630000
0!
08
#16804635000
1!
0-
b1110000 /
18
b1110000 <
b1 ?
0@
b1110000 A
b1110001 B
#16804640000
0!
08
#16804645000
1!
18
b10 ?
#16804650000
0!
08
#16804655000
1!
18
b11 ?
#16804660000
0!
08
#16804665000
1!
1-
18
b0 ?
1@
#16804670000
0!
08
#16804675000
1!
0-
b1110001 /
18
b1110001 <
b1 ?
0@
b1110001 A
b1110010 B
#16804680000
0!
08
#16804685000
1!
18
b10 ?
#16804690000
0!
08
#16804695000
1!
18
b11 ?
#16804700000
0!
08
#16804705000
1!
1-
18
b0 ?
1@
#16804710000
0!
08
#16804715000
1!
0-
b1110010 /
18
b1110010 <
b1 ?
0@
b1110010 A
b1110011 B
#16804720000
0!
08
#16804725000
1!
18
b10 ?
#16804730000
0!
08
#16804735000
1!
18
b11 ?
#16804740000
0!
08
#16804745000
1!
1-
18
b0 ?
1@
#16804750000
0!
08
#16804755000
1!
0-
b1110011 /
18
b1110011 <
b1 ?
0@
b1110011 A
b1110100 B
#16804760000
0!
08
#16804765000
1!
18
b10 ?
#16804770000
0!
08
#16804775000
1!
18
b11 ?
#16804780000
0!
08
#16804785000
1!
1-
18
b0 ?
1@
#16804790000
0!
08
#16804795000
1!
0-
b1110100 /
18
b1110100 <
b1 ?
0@
b1110100 A
b1110101 B
#16804800000
0!
08
#16804805000
1!
18
b10 ?
#16804810000
0!
08
#16804815000
1!
18
b11 ?
#16804820000
0!
08
#16804825000
1!
1-
18
b0 ?
1@
#16804830000
0!
08
#16804835000
1!
0-
b1110101 /
18
b1110101 <
b1 ?
0@
b1110101 A
b1110110 B
#16804840000
0!
08
#16804845000
1!
18
b10 ?
#16804850000
0!
08
#16804855000
1!
18
b11 ?
#16804860000
0!
08
#16804865000
1!
1-
18
b0 ?
1@
#16804870000
0!
08
#16804875000
1!
0-
b1110110 /
18
b1110110 <
b1 ?
0@
b1110110 A
b1110111 B
#16804880000
0!
08
#16804885000
1!
18
b10 ?
#16804890000
0!
08
#16804895000
1!
18
b11 ?
#16804900000
0!
08
#16804905000
1!
1-
18
b0 ?
1@
#16804910000
0!
08
#16804915000
1!
0-
b1110111 /
18
b1110111 <
b1 ?
0@
b1110111 A
b1111000 B
#16804920000
0!
08
#16804925000
1!
18
b10 ?
#16804930000
0!
08
#16804935000
1!
18
b11 ?
#16804940000
0!
08
#16804945000
1!
1-
18
b0 ?
1@
#16804950000
0!
08
#16804955000
1!
0-
b1111000 /
18
b1111000 <
b1 ?
0@
b1111000 A
b1111001 B
#16804960000
0!
08
#16804965000
1!
18
b10 ?
#16804970000
0!
08
#16804975000
1!
18
b11 ?
#16804980000
0!
08
#16804985000
1!
1-
18
b0 ?
1@
#16804990000
0!
08
#16804995000
1!
0-
b1111001 /
18
b1111001 <
b1 ?
0@
b1111001 A
b1111010 B
#16805000000
0!
08
#16805005000
1!
18
b10 ?
#16805010000
0!
08
#16805015000
1!
18
b11 ?
#16805020000
0!
08
#16805025000
1!
1-
18
b0 ?
1@
#16805030000
0!
08
#16805035000
1!
0-
b1111010 /
18
b1111010 <
b1 ?
0@
b1111010 A
b1111011 B
#16805040000
0!
08
#16805045000
1!
18
b10 ?
#16805050000
0!
08
#16805055000
1!
18
b11 ?
#16805060000
0!
08
#16805065000
1!
1-
18
b0 ?
1@
#16805070000
0!
08
#16805075000
1!
0-
b1111011 /
18
b1111011 <
b1 ?
0@
b1111011 A
b1111100 B
#16805080000
0!
08
#16805085000
1!
18
b10 ?
#16805090000
0!
08
#16805095000
1!
18
b11 ?
#16805100000
0!
08
#16805105000
1!
1-
18
b0 ?
1@
#16805110000
0!
08
#16805115000
1!
0-
b1111100 /
18
b1111100 <
b1 ?
0@
b1111100 A
b1111101 B
#16805120000
0!
08
#16805125000
1!
18
b10 ?
#16805130000
0!
08
#16805135000
1!
18
b11 ?
#16805140000
0!
08
#16805145000
1!
1-
18
b0 ?
1@
#16805150000
0!
08
#16805155000
1!
0-
b1111101 /
18
b1111101 <
b1 ?
0@
b1111101 A
b1111110 B
#16805160000
0!
08
#16805165000
1!
18
b10 ?
#16805170000
0!
08
#16805175000
1!
18
b11 ?
#16805180000
0!
08
#16805185000
1!
1-
18
b0 ?
1@
#16805190000
0!
08
#16805195000
1!
0-
b1111110 /
18
b1111110 <
b1 ?
0@
b1111110 A
b1111111 B
#16805200000
0!
08
#16805205000
1!
18
b10 ?
#16805210000
0!
08
#16805215000
1!
18
b11 ?
#16805220000
0!
08
#16805225000
1!
1-
18
b0 ?
1@
#16805230000
0!
08
#16805235000
1!
0-
b1111111 /
18
b1111111 <
b1 ?
0@
b1111111 A
b10000000 B
#16805240000
0!
08
#16805245000
1!
18
b10 ?
#16805250000
0!
08
#16805255000
1!
18
b11 ?
#16805260000
0!
08
#16805265000
1!
1-
18
b0 ?
1@
#16805270000
0!
08
#16805275000
1!
0-
b10000000 /
18
b10000000 <
b1 ?
0@
b10000000 A
b10000001 B
#16805280000
0!
08
#16805285000
1!
18
b10 ?
#16805290000
0!
08
#16805295000
1!
18
b11 ?
#16805300000
0!
08
#16805305000
1!
1-
18
b0 ?
1@
#16805310000
0!
08
#16805315000
1!
0-
b10000001 /
18
b10000001 <
b1 ?
0@
b10000001 A
b10000010 B
#16805320000
0!
08
#16805325000
1!
18
b10 ?
#16805330000
0!
08
#16805335000
1!
18
b11 ?
#16805340000
0!
08
#16805345000
1!
1-
18
b0 ?
1@
#16805350000
0!
08
#16805355000
1!
0-
b10000010 /
18
b10000010 <
b1 ?
0@
b10000010 A
b10000011 B
#16805360000
0!
08
#16805365000
1!
18
b10 ?
#16805370000
0!
08
#16805375000
1!
18
b11 ?
#16805380000
0!
08
#16805385000
1!
1-
18
b0 ?
1@
#16805390000
0!
08
#16805395000
1!
0-
b10000011 /
18
b10000011 <
b1 ?
0@
b10000011 A
b10000100 B
#16805400000
0!
08
#16805405000
1!
18
b10 ?
#16805410000
0!
08
#16805415000
1!
18
b11 ?
#16805420000
0!
08
#16805425000
1!
1-
18
b0 ?
1@
#16805430000
0!
08
#16805435000
1!
0-
b10000100 /
18
b10000100 <
b1 ?
0@
b10000100 A
b10000101 B
#16805440000
0!
08
#16805445000
1!
18
b10 ?
#16805450000
0!
08
#16805455000
1!
18
b11 ?
#16805460000
0!
08
#16805465000
1!
1-
18
b0 ?
1@
#16805470000
0!
08
#16805475000
1!
0-
b10000101 /
18
b10000101 <
b1 ?
0@
b10000101 A
b10000110 B
#16805480000
0!
08
#16805485000
1!
18
b10 ?
#16805490000
0!
08
#16805495000
1!
18
b11 ?
#16805500000
0!
08
#16805505000
1!
1-
18
b0 ?
1@
#16805510000
0!
08
#16805515000
1!
0-
b10000110 /
18
b10000110 <
b1 ?
0@
b10000110 A
b10000111 B
#16805520000
0!
08
#16805525000
1!
18
b10 ?
#16805530000
0!
08
#16805535000
1!
18
b11 ?
#16805540000
0!
08
#16805545000
1!
1-
18
b0 ?
1@
#16805550000
0!
08
#16805555000
1!
0-
b10000111 /
18
b10000111 <
b1 ?
0@
b10000111 A
b10001000 B
#16805560000
0!
08
#16805565000
1!
18
b10 ?
#16805570000
0!
08
#16805575000
1!
18
b11 ?
#16805580000
0!
08
#16805585000
1!
1-
18
b0 ?
1@
#16805590000
0!
08
#16805595000
1!
0-
b10001000 /
18
b10001000 <
b1 ?
0@
b10001000 A
b10001001 B
#16805600000
0!
08
#16805605000
1!
18
b10 ?
#16805610000
0!
08
#16805615000
1!
18
b11 ?
#16805620000
0!
08
#16805625000
1!
1-
18
b0 ?
1@
#16805630000
0!
08
#16805635000
1!
0-
b10001001 /
18
b10001001 <
b1 ?
0@
b10001001 A
b10001010 B
#16805640000
0!
08
#16805645000
1!
18
b10 ?
#16805650000
0!
08
#16805655000
1!
18
b11 ?
#16805660000
0!
08
#16805665000
1!
1-
18
b0 ?
1@
#16805670000
0!
08
#16805675000
1!
0-
b10001010 /
18
b10001010 <
b1 ?
0@
b10001010 A
b10001011 B
#16805680000
0!
08
#16805685000
1!
18
b10 ?
#16805690000
0!
08
#16805695000
1!
18
b11 ?
#16805700000
0!
08
#16805705000
1!
1-
18
b0 ?
1@
#16805710000
0!
08
#16805715000
1!
0-
b10001011 /
18
b10001011 <
b1 ?
0@
b10001011 A
b10001100 B
#16805720000
0!
08
#16805725000
1!
18
b10 ?
#16805730000
0!
08
#16805735000
1!
18
b11 ?
#16805740000
0!
08
#16805745000
1!
1-
18
b0 ?
1@
#16805750000
0!
08
#16805755000
1!
0-
b10001100 /
18
b10001100 <
b1 ?
0@
b10001100 A
b10001101 B
#16805760000
0!
08
#16805765000
1!
18
b10 ?
#16805770000
0!
08
#16805775000
1!
18
b11 ?
#16805780000
0!
08
#16805785000
1!
1-
18
b0 ?
1@
#16805790000
0!
08
#16805795000
1!
0-
b10001101 /
18
b10001101 <
b1 ?
0@
b10001101 A
b10001110 B
#16805800000
0!
08
#16805805000
1!
18
b10 ?
#16805810000
0!
08
#16805815000
1!
18
b11 ?
#16805820000
0!
08
#16805825000
1!
1-
18
b0 ?
1@
#16805830000
0!
08
#16805835000
1!
0-
b10001110 /
18
b10001110 <
b1 ?
0@
b10001110 A
b10001111 B
#16805840000
0!
08
#16805845000
1!
18
b10 ?
#16805850000
0!
08
#16805855000
1!
18
b11 ?
#16805860000
0!
08
#16805865000
1!
1-
18
b0 ?
1@
#16805870000
0!
08
#16805875000
1!
0-
b10001111 /
18
b10001111 <
b1 ?
0@
b10001111 A
b10010000 B
#16805880000
0!
08
#16805885000
1!
18
b10 ?
#16805890000
0!
08
#16805895000
1!
18
b11 ?
#16805900000
0!
08
#16805905000
1!
1-
18
b0 ?
1@
#16805910000
0!
08
#16805915000
1!
0-
b10010000 /
18
b10010000 <
b1 ?
0@
b10010000 A
b10010001 B
#16805920000
0!
08
#16805925000
1!
18
b10 ?
#16805930000
0!
08
#16805935000
1!
18
b11 ?
#16805940000
0!
08
#16805945000
1!
1-
18
b0 ?
1@
#16805950000
0!
08
#16805955000
1!
0-
b10010001 /
18
b10010001 <
b1 ?
0@
b10010001 A
b10010010 B
#16805960000
0!
08
#16805965000
1!
18
b10 ?
#16805970000
0!
08
#16805975000
1!
18
b11 ?
#16805980000
0!
08
#16805985000
1!
1-
18
b0 ?
1@
#16805990000
0!
08
#16805995000
1!
0-
b10010010 /
18
b10010010 <
b1 ?
0@
b10010010 A
b10010011 B
#16806000000
0!
08
#16806005000
1!
18
b10 ?
#16806010000
0!
08
#16806015000
1!
18
b11 ?
#16806020000
0!
08
#16806025000
1!
1-
18
b0 ?
1@
#16806030000
0!
08
#16806035000
1!
0-
b10010011 /
18
b10010011 <
b1 ?
0@
b10010011 A
b10010100 B
#16806040000
0!
08
#16806045000
1!
18
b10 ?
#16806050000
0!
08
#16806055000
1!
18
b11 ?
#16806060000
0!
08
#16806065000
1!
1-
18
b0 ?
1@
#16806070000
0!
08
#16806075000
1!
0-
b10010100 /
18
b10010100 <
b1 ?
0@
b10010100 A
b10010101 B
#16806080000
0!
08
#16806085000
1!
18
b10 ?
#16806090000
0!
08
#16806095000
1!
18
b11 ?
#16806100000
0!
08
#16806105000
1!
1-
18
b0 ?
1@
#16806110000
0!
08
#16806115000
1!
0-
b10010101 /
18
b10010101 <
b1 ?
0@
b10010101 A
b10010110 B
#16806120000
0!
08
#16806125000
1!
18
b10 ?
#16806130000
0!
08
#16806135000
1!
18
b11 ?
#16806140000
0!
08
#16806145000
1!
1-
18
b0 ?
1@
#16806150000
0!
08
#16806155000
1!
0-
b10010110 /
18
b10010110 <
b1 ?
0@
b10010110 A
b10010111 B
#16806160000
0!
08
#16806165000
1!
18
b10 ?
#16806170000
0!
08
#16806175000
1!
18
b11 ?
#16806180000
0!
08
#16806185000
1!
1-
18
b0 ?
1@
#16806190000
0!
08
#16806195000
1!
0-
b10010111 /
18
b10010111 <
b1 ?
0@
b10010111 A
b10011000 B
#16806200000
0!
08
#16806205000
1!
18
b10 ?
#16806210000
0!
08
#16806215000
1!
18
b11 ?
#16806220000
0!
08
#16806225000
1!
1-
18
b0 ?
1@
#16806230000
0!
08
#16806235000
1!
0-
b10011000 /
18
b10011000 <
b1 ?
0@
b10011000 A
b10011001 B
#16806240000
0!
08
#16806245000
1!
18
b10 ?
#16806250000
0!
08
#16806255000
1!
18
b11 ?
#16806260000
0!
08
#16806265000
1!
1-
18
b0 ?
1@
#16806270000
0!
08
#16806275000
1!
0-
b10011001 /
18
b10011001 <
b1 ?
0@
b10011001 A
b10011010 B
#16806280000
0!
08
#16806285000
1!
18
b10 ?
#16806290000
0!
08
#16806295000
1!
18
b11 ?
#16806300000
0!
08
#16806305000
1!
1-
18
b0 ?
1@
#16806310000
0!
08
#16806315000
1!
0-
b10011010 /
18
b10011010 <
b1 ?
0@
b10011010 A
b10011011 B
#16806320000
0!
08
#16806325000
1!
18
b10 ?
#16806330000
0!
08
#16806335000
1!
18
b11 ?
#16806340000
0!
08
#16806345000
1!
1-
18
b0 ?
1@
#16806350000
0!
08
#16806355000
1!
0-
b10011011 /
18
b10011011 <
b1 ?
0@
b10011011 A
b10011100 B
#16806360000
0!
08
#16806365000
1!
18
b10 ?
#16806370000
0!
08
#16806375000
1!
18
b11 ?
#16806380000
0!
08
#16806385000
1!
1-
18
b0 ?
1@
#16806390000
0!
08
#16806395000
1!
0-
b10011100 /
18
b10011100 <
b1 ?
0@
b10011100 A
b10011101 B
#16806400000
0!
08
#16806405000
1!
18
b10 ?
#16806410000
0!
08
#16806415000
1!
18
b11 ?
#16806420000
0!
08
#16806425000
1!
1-
18
b0 ?
1@
#16806430000
0!
08
#16806435000
1!
0-
b10011101 /
18
b10011101 <
b1 ?
0@
b10011101 A
b10011110 B
#16806440000
0!
08
#16806445000
1!
18
b10 ?
#16806450000
0!
08
#16806455000
1!
18
b11 ?
#16806460000
0!
08
#16806465000
1!
1-
18
b0 ?
1@
#16806470000
0!
08
#16806475000
1!
0-
b10011110 /
18
b10011110 <
b1 ?
0@
b10011110 A
b10011111 B
#16806480000
0!
08
#16806485000
1!
18
b10 ?
#16806490000
0!
08
#16806495000
1!
18
b11 ?
#16806500000
0!
08
#16806505000
1!
1-
18
b0 ?
1@
#16806510000
0!
08
#16806515000
1!
0-
b10011111 /
18
b10011111 <
b1 ?
0@
b10011111 A
b10100000 B
#16806520000
0!
08
#16806525000
1!
18
b10 ?
#16806530000
0!
08
#16806535000
1!
18
b11 ?
#16806540000
0!
08
#16806545000
1!
1-
18
b0 ?
1@
#16806550000
0!
08
#16806555000
1!
b10 &
b0 '
b1111 )
0-
b10100000 /
18
b10100000 <
b11111111 >
b1 ?
0@
b10100000 A
b10100001 B
#16806560000
0!
08
#16806565000
1!
18
b10 ?
#16806570000
0!
08
#16806575000
1!
18
b11 ?
#16806580000
0!
08
#16806585000
1!
1-
18
b0 ?
1@
#16806590000
0!
08
#16806595000
1!
0-
b10100001 /
18
b10100001 <
b1 ?
0@
b10100001 A
b10100010 B
#16806600000
0!
08
#16806605000
1!
18
b10 ?
#16806610000
0!
08
#16806615000
1!
18
b11 ?
#16806620000
0!
08
#16806625000
1!
1-
18
b0 ?
1@
#16806630000
0!
08
#16806635000
1!
0-
b10100010 /
18
b10100010 <
b1 ?
0@
b10100010 A
b10100011 B
#16806640000
0!
08
#16806645000
1!
18
b10 ?
#16806650000
0!
08
#16806655000
1!
18
b11 ?
#16806660000
0!
08
#16806665000
1!
1-
18
b0 ?
1@
#16806670000
0!
08
#16806675000
1!
0-
b10100011 /
18
b10100011 <
b1 ?
0@
b10100011 A
b10100100 B
#16806680000
0!
08
#16806685000
1!
18
b10 ?
#16806690000
0!
08
#16806695000
1!
18
b11 ?
#16806700000
0!
08
#16806705000
1!
1-
18
b0 ?
1@
#16806710000
0!
08
#16806715000
1!
0-
b10100100 /
18
b10100100 <
b1 ?
0@
b10100100 A
b10100101 B
#16806720000
0!
08
#16806725000
1!
18
b10 ?
#16806730000
0!
08
#16806735000
1!
18
b11 ?
#16806740000
0!
08
#16806745000
1!
1-
18
b0 ?
1@
#16806750000
0!
08
#16806755000
1!
0-
b10100101 /
18
b10100101 <
b1 ?
0@
b10100101 A
b10100110 B
#16806760000
0!
08
#16806765000
1!
18
b10 ?
#16806770000
0!
08
#16806775000
1!
18
b11 ?
#16806780000
0!
08
#16806785000
1!
1-
18
b0 ?
1@
#16806790000
0!
08
#16806795000
1!
0-
b10100110 /
18
b10100110 <
b1 ?
0@
b10100110 A
b10100111 B
#16806800000
0!
08
#16806805000
1!
18
b10 ?
#16806810000
0!
08
#16806815000
1!
18
b11 ?
#16806820000
0!
08
#16806825000
1!
1-
18
b0 ?
1@
#16806830000
0!
08
#16806835000
1!
0-
b10100111 /
18
b10100111 <
b1 ?
0@
b10100111 A
b10101000 B
#16806840000
0!
08
#16806845000
1!
18
b10 ?
#16806850000
0!
08
#16806855000
1!
18
b11 ?
#16806860000
0!
08
#16806865000
1!
1-
18
b0 ?
1@
#16806870000
0!
08
#16806875000
1!
0-
b10101000 /
18
b10101000 <
b1 ?
0@
b10101000 A
b10101001 B
#16806880000
0!
08
#16806885000
1!
18
b10 ?
#16806890000
0!
08
#16806895000
1!
18
b11 ?
#16806900000
0!
08
#16806905000
1!
1-
18
b0 ?
1@
#16806910000
0!
08
#16806915000
1!
0-
b10101001 /
18
b10101001 <
b1 ?
0@
b10101001 A
b10101010 B
#16806920000
0!
08
#16806925000
1!
18
b10 ?
#16806930000
0!
08
#16806935000
1!
18
b11 ?
#16806940000
0!
08
#16806945000
1!
1-
18
b0 ?
1@
#16806950000
0!
08
#16806955000
1!
0-
b10101010 /
18
b10101010 <
b1 ?
0@
b10101010 A
b10101011 B
#16806960000
0!
08
#16806965000
1!
18
b10 ?
#16806970000
0!
08
#16806975000
1!
18
b11 ?
#16806980000
0!
08
#16806985000
1!
1-
18
b0 ?
1@
#16806990000
0!
08
#16806995000
1!
0-
b10101011 /
18
b10101011 <
b1 ?
0@
b10101011 A
b10101100 B
#16807000000
0!
08
#16807005000
1!
18
b10 ?
#16807010000
0!
08
#16807015000
1!
18
b11 ?
#16807020000
0!
08
#16807025000
1!
1-
18
b0 ?
1@
#16807030000
0!
08
#16807035000
1!
0-
b10101100 /
18
b10101100 <
b1 ?
0@
b10101100 A
b10101101 B
#16807040000
0!
08
#16807045000
1!
18
b10 ?
#16807050000
0!
08
#16807055000
1!
18
b11 ?
#16807060000
0!
08
#16807065000
1!
1-
18
b0 ?
1@
#16807070000
0!
08
#16807075000
1!
0-
b10101101 /
18
b10101101 <
b1 ?
0@
b10101101 A
b10101110 B
#16807080000
0!
08
#16807085000
1!
18
b10 ?
#16807090000
0!
08
#16807095000
1!
18
b11 ?
#16807100000
0!
08
#16807105000
1!
1-
18
b0 ?
1@
#16807110000
0!
08
#16807115000
1!
0-
b10101110 /
18
b10101110 <
b1 ?
0@
b10101110 A
b10101111 B
#16807120000
0!
08
#16807125000
1!
18
b10 ?
#16807130000
0!
08
#16807135000
1!
18
b11 ?
#16807140000
0!
08
#16807145000
1!
1-
18
b0 ?
1@
#16807150000
0!
08
#16807155000
1!
0-
b10101111 /
18
b10101111 <
b1 ?
0@
b10101111 A
b10110000 B
#16807160000
0!
08
#16807165000
1!
18
b10 ?
#16807170000
0!
08
#16807175000
1!
18
b11 ?
#16807180000
0!
08
#16807185000
1!
1-
18
b0 ?
1@
#16807190000
0!
08
#16807195000
1!
0-
b10110000 /
18
b10110000 <
b1 ?
0@
b10110000 A
b10110001 B
#16807200000
0!
08
#16807205000
1!
18
b10 ?
#16807210000
0!
08
#16807215000
1!
18
b11 ?
#16807220000
0!
08
#16807225000
1!
1-
18
b0 ?
1@
#16807230000
0!
08
#16807235000
1!
0-
b10110001 /
18
b10110001 <
b1 ?
0@
b10110001 A
b10110010 B
#16807240000
0!
08
#16807245000
1!
18
b10 ?
#16807250000
0!
08
#16807255000
1!
18
b11 ?
#16807260000
0!
08
#16807265000
1!
1-
18
b0 ?
1@
#16807270000
0!
08
#16807275000
1!
0-
b10110010 /
18
b10110010 <
b1 ?
0@
b10110010 A
b10110011 B
#16807280000
0!
08
#16807285000
1!
18
b10 ?
#16807290000
0!
08
#16807295000
1!
18
b11 ?
#16807300000
0!
08
#16807305000
1!
1-
18
b0 ?
1@
#16807310000
0!
08
#16807315000
1!
0-
b10110011 /
18
b10110011 <
b1 ?
0@
b10110011 A
b10110100 B
#16807320000
0!
08
#16807325000
1!
18
b10 ?
#16807330000
0!
08
#16807335000
1!
18
b11 ?
#16807340000
0!
08
#16807345000
1!
1-
18
b0 ?
1@
#16807350000
0!
08
#16807355000
1!
0-
b10110100 /
18
b10110100 <
b1 ?
0@
b10110100 A
b10110101 B
#16807360000
0!
08
#16807365000
1!
18
b10 ?
#16807370000
0!
08
#16807375000
1!
18
b11 ?
#16807380000
0!
08
#16807385000
1!
1-
18
b0 ?
1@
#16807390000
0!
08
#16807395000
1!
0-
b10110101 /
18
b10110101 <
b1 ?
0@
b10110101 A
b10110110 B
#16807400000
0!
08
#16807405000
1!
18
b10 ?
#16807410000
0!
08
#16807415000
1!
18
b11 ?
#16807420000
0!
08
#16807425000
1!
1-
18
b0 ?
1@
#16807430000
0!
08
#16807435000
1!
0-
b10110110 /
18
b10110110 <
b1 ?
0@
b10110110 A
b10110111 B
#16807440000
0!
08
#16807445000
1!
18
b10 ?
#16807450000
0!
08
#16807455000
1!
18
b11 ?
#16807460000
0!
08
#16807465000
1!
1-
18
b0 ?
1@
#16807470000
0!
08
#16807475000
1!
0-
b10110111 /
18
b10110111 <
b1 ?
0@
b10110111 A
b10111000 B
#16807480000
0!
08
#16807485000
1!
18
b10 ?
#16807490000
0!
08
#16807495000
1!
18
b11 ?
#16807500000
0!
08
#16807505000
1!
1-
18
b0 ?
1@
#16807510000
0!
08
#16807515000
1!
0-
b10111000 /
18
b10111000 <
b1 ?
0@
b10111000 A
b10111001 B
#16807520000
0!
08
#16807525000
1!
18
b10 ?
#16807530000
0!
08
#16807535000
1!
18
b11 ?
#16807540000
0!
08
#16807545000
1!
1-
18
b0 ?
1@
#16807550000
0!
08
#16807555000
1!
0-
b10111001 /
18
b10111001 <
b1 ?
0@
b10111001 A
b10111010 B
#16807560000
0!
08
#16807565000
1!
18
b10 ?
#16807570000
0!
08
#16807575000
1!
18
b11 ?
#16807580000
0!
08
#16807585000
1!
1-
18
b0 ?
1@
#16807590000
0!
08
#16807595000
1!
0-
b10111010 /
18
b10111010 <
b1 ?
0@
b10111010 A
b10111011 B
#16807600000
0!
08
#16807605000
1!
18
b10 ?
#16807610000
0!
08
#16807615000
1!
18
b11 ?
#16807620000
0!
08
#16807625000
1!
1-
18
b0 ?
1@
#16807630000
0!
08
#16807635000
1!
0-
b10111011 /
18
b10111011 <
b1 ?
0@
b10111011 A
b10111100 B
#16807640000
0!
08
#16807645000
1!
18
b10 ?
#16807650000
0!
08
#16807655000
1!
18
b11 ?
#16807660000
0!
08
#16807665000
1!
1-
18
b0 ?
1@
#16807670000
0!
08
#16807675000
1!
0-
b10111100 /
18
b10111100 <
b1 ?
0@
b10111100 A
b10111101 B
#16807680000
0!
08
#16807685000
1!
18
b10 ?
#16807690000
0!
08
#16807695000
1!
18
b11 ?
#16807700000
0!
08
#16807705000
1!
1-
18
b0 ?
1@
#16807710000
0!
08
#16807715000
1!
0-
b10111101 /
18
b10111101 <
b1 ?
0@
b10111101 A
b10111110 B
#16807720000
0!
08
#16807725000
1!
18
b10 ?
#16807730000
0!
08
#16807735000
1!
18
b11 ?
#16807740000
0!
08
#16807745000
1!
1-
18
b0 ?
1@
#16807750000
0!
08
#16807755000
1!
0-
b10111110 /
18
b10111110 <
b1 ?
0@
b10111110 A
b10111111 B
#16807760000
0!
08
#16807765000
1!
18
b10 ?
#16807770000
0!
08
#16807775000
1!
18
b11 ?
#16807780000
0!
08
#16807785000
1!
1-
18
b0 ?
1@
#16807790000
0!
08
#16807795000
1!
0-
b10111111 /
18
b10111111 <
b1 ?
0@
b10111111 A
b11000000 B
#16807800000
0!
08
#16807805000
1!
18
b10 ?
#16807810000
0!
08
#16807815000
1!
18
b11 ?
#16807820000
0!
08
#16807825000
1!
1-
18
b0 ?
1@
#16807830000
0!
08
#16807835000
1!
0-
b11000000 /
18
b11000000 <
b1 ?
0@
b11000000 A
b11000001 B
#16807840000
0!
08
#16807845000
1!
18
b10 ?
#16807850000
0!
08
#16807855000
1!
18
b11 ?
#16807860000
0!
08
#16807865000
1!
1-
18
b0 ?
1@
#16807870000
0!
08
#16807875000
1!
0-
b11000001 /
18
b11000001 <
b1 ?
0@
b11000001 A
b11000010 B
#16807880000
0!
08
#16807885000
1!
18
b10 ?
#16807890000
0!
08
#16807895000
1!
18
b11 ?
#16807900000
0!
08
#16807905000
1!
1-
18
b0 ?
1@
#16807910000
0!
08
#16807915000
1!
0-
b11000010 /
18
b11000010 <
b1 ?
0@
b11000010 A
b11000011 B
#16807920000
0!
08
#16807925000
1!
18
b10 ?
#16807930000
0!
08
#16807935000
1!
18
b11 ?
#16807940000
0!
08
#16807945000
1!
1-
18
b0 ?
1@
#16807950000
0!
08
#16807955000
1!
0-
b11000011 /
18
b11000011 <
b1 ?
0@
b11000011 A
b11000100 B
#16807960000
0!
08
#16807965000
1!
18
b10 ?
#16807970000
0!
08
#16807975000
1!
18
b11 ?
#16807980000
0!
08
#16807985000
1!
1-
18
b0 ?
1@
#16807990000
0!
08
#16807995000
1!
0-
b11000100 /
18
b11000100 <
b1 ?
0@
b11000100 A
b11000101 B
#16808000000
0!
08
#16808005000
1!
18
b10 ?
#16808010000
0!
08
#16808015000
1!
18
b11 ?
#16808020000
0!
08
#16808025000
1!
1-
18
b0 ?
1@
#16808030000
0!
08
#16808035000
1!
0-
b11000101 /
18
b11000101 <
b1 ?
0@
b11000101 A
b11000110 B
#16808040000
0!
08
#16808045000
1!
18
b10 ?
#16808050000
0!
08
#16808055000
1!
18
b11 ?
#16808060000
0!
08
#16808065000
1!
1-
18
b0 ?
1@
#16808070000
0!
08
#16808075000
1!
0-
b11000110 /
18
b11000110 <
b1 ?
0@
b11000110 A
b11000111 B
#16808080000
0!
08
#16808085000
1!
18
b10 ?
#16808090000
0!
08
#16808095000
1!
18
b11 ?
#16808100000
0!
08
#16808105000
1!
1-
18
b0 ?
1@
#16808110000
0!
08
#16808115000
1!
0-
b11000111 /
18
b11000111 <
b1 ?
0@
b11000111 A
b11001000 B
#16808120000
0!
08
#16808125000
1!
18
b10 ?
#16808130000
0!
08
#16808135000
1!
18
b11 ?
#16808140000
0!
08
#16808145000
1!
1-
18
b0 ?
1@
#16808150000
0!
08
#16808155000
1!
0-
b11001000 /
18
b11001000 <
b1 ?
0@
b11001000 A
b11001001 B
#16808160000
0!
08
#16808165000
1!
18
b10 ?
#16808170000
0!
08
#16808175000
1!
18
b11 ?
#16808180000
0!
08
#16808185000
1!
1-
18
b0 ?
1@
#16808190000
0!
08
#16808195000
1!
0-
b11001001 /
18
b11001001 <
b1 ?
0@
b11001001 A
b11001010 B
#16808200000
0!
08
#16808205000
1!
18
b10 ?
#16808210000
0!
08
#16808215000
1!
18
b11 ?
#16808220000
0!
08
#16808225000
1!
1-
18
b0 ?
1@
#16808230000
0!
08
#16808235000
1!
0-
b11001010 /
18
b11001010 <
b1 ?
0@
b11001010 A
b11001011 B
#16808240000
0!
08
#16808245000
1!
18
b10 ?
#16808250000
0!
08
#16808255000
1!
18
b11 ?
#16808260000
0!
08
#16808265000
1!
1-
18
b0 ?
1@
#16808270000
0!
08
#16808275000
1!
0-
b11001011 /
18
b11001011 <
b1 ?
0@
b11001011 A
b11001100 B
#16808280000
0!
08
#16808285000
1!
18
b10 ?
#16808290000
0!
08
#16808295000
1!
18
b11 ?
#16808300000
0!
08
#16808305000
1!
1-
18
b0 ?
1@
#16808310000
0!
08
#16808315000
1!
0-
b11001100 /
18
b11001100 <
b1 ?
0@
b11001100 A
b11001101 B
#16808320000
0!
08
#16808325000
1!
18
b10 ?
#16808330000
0!
08
#16808335000
1!
18
b11 ?
#16808340000
0!
08
#16808345000
1!
1-
18
b0 ?
1@
#16808350000
0!
08
#16808355000
1!
0-
b11001101 /
18
b11001101 <
b1 ?
0@
b11001101 A
b11001110 B
#16808360000
0!
08
#16808365000
1!
18
b10 ?
#16808370000
0!
08
#16808375000
1!
18
b11 ?
#16808380000
0!
08
#16808385000
1!
1-
18
b0 ?
1@
#16808390000
0!
08
#16808395000
1!
0-
b11001110 /
18
b11001110 <
b1 ?
0@
b11001110 A
b11001111 B
#16808400000
0!
08
#16808405000
1!
18
b10 ?
#16808410000
0!
08
#16808415000
1!
18
b11 ?
#16808420000
0!
08
#16808425000
1!
1-
18
b0 ?
1@
#16808430000
0!
08
#16808435000
1!
0-
b11001111 /
18
b11001111 <
b1 ?
0@
b11001111 A
b11010000 B
#16808440000
0!
08
#16808445000
1!
18
b10 ?
#16808450000
0!
08
#16808455000
1!
18
b11 ?
#16808460000
0!
08
#16808465000
1!
1-
18
b0 ?
1@
#16808470000
0!
08
#16808475000
1!
0-
b11010000 /
18
b11010000 <
b1 ?
0@
b11010000 A
b11010001 B
#16808480000
0!
08
#16808485000
1!
18
b10 ?
#16808490000
0!
08
#16808495000
1!
18
b11 ?
#16808500000
0!
08
#16808505000
1!
1-
18
b0 ?
1@
#16808510000
0!
08
#16808515000
1!
0-
b11010001 /
18
b11010001 <
b1 ?
0@
b11010001 A
b11010010 B
#16808520000
0!
08
#16808525000
1!
18
b10 ?
#16808530000
0!
08
#16808535000
1!
18
b11 ?
#16808540000
0!
08
#16808545000
1!
1-
18
b0 ?
1@
#16808550000
0!
08
#16808555000
1!
0-
b11010010 /
18
b11010010 <
b1 ?
0@
b11010010 A
b11010011 B
#16808560000
0!
08
#16808565000
1!
18
b10 ?
#16808570000
0!
08
#16808575000
1!
18
b11 ?
#16808580000
0!
08
#16808585000
1!
1-
18
b0 ?
1@
#16808590000
0!
08
#16808595000
1!
0-
b11010011 /
18
b11010011 <
b1 ?
0@
b11010011 A
b11010100 B
#16808600000
0!
08
#16808605000
1!
18
b10 ?
#16808610000
0!
08
#16808615000
1!
18
b11 ?
#16808620000
0!
08
#16808625000
1!
1-
18
b0 ?
1@
#16808630000
0!
08
#16808635000
1!
0-
b11010100 /
18
b11010100 <
b1 ?
0@
b11010100 A
b11010101 B
#16808640000
0!
08
#16808645000
1!
18
b10 ?
#16808650000
0!
08
#16808655000
1!
18
b11 ?
#16808660000
0!
08
#16808665000
1!
1-
18
b0 ?
1@
#16808670000
0!
08
#16808675000
1!
0-
b11010101 /
18
b11010101 <
b1 ?
0@
b11010101 A
b11010110 B
#16808680000
0!
08
#16808685000
1!
18
b10 ?
#16808690000
0!
08
#16808695000
1!
18
b11 ?
#16808700000
0!
08
#16808705000
1!
1-
18
b0 ?
1@
#16808710000
0!
08
#16808715000
1!
0-
b11010110 /
18
b11010110 <
b1 ?
0@
b11010110 A
b11010111 B
#16808720000
0!
08
#16808725000
1!
18
b10 ?
#16808730000
0!
08
#16808735000
1!
18
b11 ?
#16808740000
0!
08
#16808745000
1!
1-
18
b0 ?
1@
#16808750000
0!
08
#16808755000
1!
0-
b11010111 /
18
b11010111 <
b1 ?
0@
b11010111 A
b11011000 B
#16808760000
0!
08
#16808765000
1!
18
b10 ?
#16808770000
0!
08
#16808775000
1!
18
b11 ?
#16808780000
0!
08
#16808785000
1!
1-
18
b0 ?
1@
#16808790000
0!
08
#16808795000
1!
0-
b11011000 /
18
b11011000 <
b1 ?
0@
b11011000 A
b11011001 B
#16808800000
0!
08
#16808805000
1!
18
b10 ?
#16808810000
0!
08
#16808815000
1!
18
b11 ?
#16808820000
0!
08
#16808825000
1!
1-
18
b0 ?
1@
#16808830000
0!
08
#16808835000
1!
0-
b11011001 /
18
b11011001 <
b1 ?
0@
b11011001 A
b11011010 B
#16808840000
0!
08
#16808845000
1!
18
b10 ?
#16808850000
0!
08
#16808855000
1!
18
b11 ?
#16808860000
0!
08
#16808865000
1!
1-
18
b0 ?
1@
#16808870000
0!
08
#16808875000
1!
0-
b11011010 /
18
b11011010 <
b1 ?
0@
b11011010 A
b11011011 B
#16808880000
0!
08
#16808885000
1!
18
b10 ?
#16808890000
0!
08
#16808895000
1!
18
b11 ?
#16808900000
0!
08
#16808905000
1!
1-
18
b0 ?
1@
#16808910000
0!
08
#16808915000
1!
0-
b11011011 /
18
b11011011 <
b1 ?
0@
b11011011 A
b11011100 B
#16808920000
0!
08
#16808925000
1!
18
b10 ?
#16808930000
0!
08
#16808935000
1!
18
b11 ?
#16808940000
0!
08
#16808945000
1!
1-
18
b0 ?
1@
#16808950000
0!
08
#16808955000
1!
0-
b11011100 /
18
b11011100 <
b1 ?
0@
b11011100 A
b11011101 B
#16808960000
0!
08
#16808965000
1!
18
b10 ?
#16808970000
0!
08
#16808975000
1!
18
b11 ?
#16808980000
0!
08
#16808985000
1!
1-
18
b0 ?
1@
#16808990000
0!
08
#16808995000
1!
0-
b11011101 /
18
b11011101 <
b1 ?
0@
b11011101 A
b11011110 B
#16809000000
0!
08
#16809005000
1!
18
b10 ?
#16809010000
0!
08
#16809015000
1!
18
b11 ?
#16809020000
0!
08
#16809025000
1!
1-
18
b0 ?
1@
#16809030000
0!
08
#16809035000
1!
0-
b11011110 /
18
b11011110 <
b1 ?
0@
b11011110 A
b11011111 B
#16809040000
0!
08
#16809045000
1!
18
b10 ?
#16809050000
0!
08
#16809055000
1!
18
b11 ?
#16809060000
0!
08
#16809065000
1!
1-
18
b0 ?
1@
#16809070000
0!
08
#16809075000
1!
0-
b11011111 /
18
b11011111 <
b1 ?
0@
b11011111 A
b11100000 B
#16809080000
0!
08
#16809085000
1!
18
b10 ?
#16809090000
0!
08
#16809095000
1!
18
b11 ?
#16809100000
0!
08
#16809105000
1!
1-
18
b0 ?
1@
#16809110000
0!
08
#16809115000
1!
0-
b11100000 /
18
b11100000 <
b1 ?
0@
b11100000 A
b11100001 B
#16809120000
0!
08
#16809125000
1!
18
b10 ?
#16809130000
0!
08
#16809135000
1!
18
b11 ?
#16809140000
0!
08
#16809145000
1!
1-
18
b0 ?
1@
#16809150000
0!
08
#16809155000
1!
0-
b11100001 /
18
b11100001 <
b1 ?
0@
b11100001 A
b11100010 B
#16809160000
0!
08
#16809165000
1!
18
b10 ?
#16809170000
0!
08
#16809175000
1!
18
b11 ?
#16809180000
0!
08
#16809185000
1!
1-
18
b0 ?
1@
#16809190000
0!
08
#16809195000
1!
0-
b11100010 /
18
b11100010 <
b1 ?
0@
b11100010 A
b11100011 B
#16809200000
0!
08
#16809205000
1!
18
b10 ?
#16809210000
0!
08
#16809215000
1!
18
b11 ?
#16809220000
0!
08
#16809225000
1!
1-
18
b0 ?
1@
#16809230000
0!
08
#16809235000
1!
0-
b11100011 /
18
b11100011 <
b1 ?
0@
b11100011 A
b11100100 B
#16809240000
0!
08
#16809245000
1!
18
b10 ?
#16809250000
0!
08
#16809255000
1!
18
b11 ?
#16809260000
0!
08
#16809265000
1!
1-
18
b0 ?
1@
#16809270000
0!
08
#16809275000
1!
0-
b11100100 /
18
b11100100 <
b1 ?
0@
b11100100 A
b11100101 B
#16809280000
0!
08
#16809285000
1!
18
b10 ?
#16809290000
0!
08
#16809295000
1!
18
b11 ?
#16809300000
0!
08
#16809305000
1!
1-
18
b0 ?
1@
#16809310000
0!
08
#16809315000
1!
0-
b11100101 /
18
b11100101 <
b1 ?
0@
b11100101 A
b11100110 B
#16809320000
0!
08
#16809325000
1!
18
b10 ?
#16809330000
0!
08
#16809335000
1!
18
b11 ?
#16809340000
0!
08
#16809345000
1!
1-
18
b0 ?
1@
#16809350000
0!
08
#16809355000
1!
0-
b11100110 /
18
b11100110 <
b1 ?
0@
b11100110 A
b11100111 B
#16809360000
0!
08
#16809365000
1!
18
b10 ?
#16809370000
0!
08
#16809375000
1!
18
b11 ?
#16809380000
0!
08
#16809385000
1!
1-
18
b0 ?
1@
#16809390000
0!
08
#16809395000
1!
0-
b11100111 /
18
b11100111 <
b1 ?
0@
b11100111 A
b11101000 B
#16809400000
0!
08
#16809405000
1!
18
b10 ?
#16809410000
0!
08
#16809415000
1!
18
b11 ?
#16809420000
0!
08
#16809425000
1!
1-
18
b0 ?
1@
#16809430000
0!
08
#16809435000
1!
0-
b11101000 /
18
b11101000 <
b1 ?
0@
b11101000 A
b11101001 B
#16809440000
0!
08
#16809445000
1!
18
b10 ?
#16809450000
0!
08
#16809455000
1!
18
b11 ?
#16809460000
0!
08
#16809465000
1!
1-
18
b0 ?
1@
#16809470000
0!
08
#16809475000
1!
0-
b11101001 /
18
b11101001 <
b1 ?
0@
b11101001 A
b11101010 B
#16809480000
0!
08
#16809485000
1!
18
b10 ?
#16809490000
0!
08
#16809495000
1!
18
b11 ?
#16809500000
0!
08
#16809505000
1!
1-
18
b0 ?
1@
#16809510000
0!
08
#16809515000
1!
0-
b11101010 /
18
b11101010 <
b1 ?
0@
b11101010 A
b11101011 B
#16809520000
0!
08
#16809525000
1!
18
b10 ?
#16809530000
0!
08
#16809535000
1!
18
b11 ?
#16809540000
0!
08
#16809545000
1!
1-
18
b0 ?
1@
#16809550000
0!
08
#16809555000
1!
0-
b11101011 /
18
b11101011 <
b1 ?
0@
b11101011 A
b11101100 B
#16809560000
0!
08
#16809565000
1!
18
b10 ?
#16809570000
0!
08
#16809575000
1!
18
b11 ?
#16809580000
0!
08
#16809585000
1!
1-
18
b0 ?
1@
#16809590000
0!
08
#16809595000
1!
0-
b11101100 /
18
b11101100 <
b1 ?
0@
b11101100 A
b11101101 B
#16809600000
0!
08
#16809605000
1!
18
b10 ?
#16809610000
0!
08
#16809615000
1!
18
b11 ?
#16809620000
0!
08
#16809625000
1!
1-
18
b0 ?
1@
#16809630000
0!
08
#16809635000
1!
0-
b11101101 /
18
b11101101 <
b1 ?
0@
b11101101 A
b11101110 B
#16809640000
0!
08
#16809645000
1!
18
b10 ?
#16809650000
0!
08
#16809655000
1!
18
b11 ?
#16809660000
0!
08
#16809665000
1!
1-
18
b0 ?
1@
#16809670000
0!
08
#16809675000
1!
0-
b11101110 /
18
b11101110 <
b1 ?
0@
b11101110 A
b11101111 B
#16809680000
0!
08
#16809685000
1!
18
b10 ?
#16809690000
0!
08
#16809695000
1!
18
b11 ?
#16809700000
0!
08
#16809705000
1!
1-
18
b0 ?
1@
#16809710000
0!
08
#16809715000
1!
0-
b11101111 /
18
b11101111 <
b1 ?
0@
b11101111 A
b11110000 B
#16809720000
0!
08
#16809725000
1!
18
b10 ?
#16809730000
0!
08
#16809735000
1!
18
b11 ?
#16809740000
0!
08
#16809745000
1!
1-
18
b0 ?
1@
#16809750000
0!
08
#16809755000
1!
b0 )
0-
b11110000 /
18
b11110000 <
b11110000 >
b1 ?
0@
b11110000 A
b11110001 B
#16809760000
0!
08
#16809765000
1!
18
b10 ?
#16809770000
0!
08
#16809775000
1!
18
b11 ?
#16809780000
0!
08
#16809785000
1!
1-
18
b0 ?
1@
#16809790000
0!
08
#16809795000
1!
0-
b11110001 /
18
b11110001 <
b1 ?
0@
b11110001 A
b11110010 B
#16809800000
0!
08
#16809805000
1!
18
b10 ?
#16809810000
0!
08
#16809815000
1!
18
b11 ?
#16809820000
0!
08
#16809825000
1!
1-
18
b0 ?
1@
#16809830000
0!
08
#16809835000
1!
0-
b11110010 /
18
b11110010 <
b1 ?
0@
b11110010 A
b11110011 B
#16809840000
0!
08
#16809845000
1!
18
b10 ?
#16809850000
0!
08
#16809855000
1!
18
b11 ?
#16809860000
0!
08
#16809865000
1!
1-
18
b0 ?
1@
#16809870000
0!
08
#16809875000
1!
0-
b11110011 /
18
b11110011 <
b1 ?
0@
b11110011 A
b11110100 B
#16809880000
0!
08
#16809885000
1!
18
b10 ?
#16809890000
0!
08
#16809895000
1!
18
b11 ?
#16809900000
0!
08
#16809905000
1!
1-
18
b0 ?
1@
#16809910000
0!
08
#16809915000
1!
0-
b11110100 /
18
b11110100 <
b1 ?
0@
b11110100 A
b11110101 B
#16809920000
0!
08
#16809925000
1!
18
b10 ?
#16809930000
0!
08
#16809935000
1!
18
b11 ?
#16809940000
0!
08
#16809945000
1!
1-
18
b0 ?
1@
#16809950000
0!
08
#16809955000
1!
0-
b11110101 /
18
b11110101 <
b1 ?
0@
b11110101 A
b11110110 B
#16809960000
0!
08
#16809965000
1!
18
b10 ?
#16809970000
0!
08
#16809975000
1!
18
b11 ?
#16809980000
0!
08
#16809985000
1!
1-
18
b0 ?
1@
#16809990000
0!
08
#16809995000
1!
0-
b11110110 /
18
b11110110 <
b1 ?
0@
b11110110 A
b11110111 B
#16810000000
0!
08
#16810005000
1!
18
b10 ?
#16810010000
0!
08
#16810015000
1!
18
b11 ?
#16810020000
0!
08
#16810025000
1!
1-
18
b0 ?
1@
#16810030000
0!
08
#16810035000
1!
0-
b11110111 /
18
b11110111 <
b1 ?
0@
b11110111 A
b11111000 B
#16810040000
0!
08
#16810045000
1!
18
b10 ?
#16810050000
0!
08
#16810055000
1!
18
b11 ?
#16810060000
0!
08
#16810065000
1!
1-
18
b0 ?
1@
#16810070000
0!
08
#16810075000
1!
0-
b11111000 /
18
b11111000 <
b1 ?
0@
b11111000 A
b11111001 B
#16810080000
0!
08
#16810085000
1!
18
b10 ?
#16810090000
0!
08
#16810095000
1!
18
b11 ?
#16810100000
0!
08
#16810105000
1!
1-
18
b0 ?
1@
#16810110000
0!
08
#16810115000
1!
0-
b11111001 /
18
b11111001 <
b1 ?
0@
b11111001 A
b11111010 B
#16810120000
0!
08
#16810125000
1!
18
b10 ?
#16810130000
0!
08
#16810135000
1!
18
b11 ?
#16810140000
0!
08
#16810145000
1!
1-
18
b0 ?
1@
#16810150000
0!
08
#16810155000
1!
0-
b11111010 /
18
b11111010 <
b1 ?
0@
b11111010 A
b11111011 B
#16810160000
0!
08
#16810165000
1!
18
b10 ?
#16810170000
0!
08
#16810175000
1!
18
b11 ?
#16810180000
0!
08
#16810185000
1!
1-
18
b0 ?
1@
#16810190000
0!
08
#16810195000
1!
0-
b11111011 /
18
b11111011 <
b1 ?
0@
b11111011 A
b11111100 B
#16810200000
0!
08
#16810205000
1!
18
b10 ?
#16810210000
0!
08
#16810215000
1!
18
b11 ?
#16810220000
0!
08
#16810225000
1!
1-
18
b0 ?
1@
#16810230000
0!
08
#16810235000
1!
0-
b11111100 /
18
b11111100 <
b1 ?
0@
b11111100 A
b11111101 B
#16810240000
0!
08
#16810245000
1!
18
b10 ?
#16810250000
0!
08
#16810255000
1!
18
b11 ?
#16810260000
0!
08
#16810265000
1!
1-
18
b0 ?
1@
#16810270000
0!
08
#16810275000
1!
0-
b11111101 /
18
b11111101 <
b1 ?
0@
b11111101 A
b11111110 B
#16810280000
0!
08
#16810285000
1!
18
b10 ?
#16810290000
0!
08
#16810295000
1!
18
b11 ?
#16810300000
0!
08
#16810305000
1!
1-
18
b0 ?
1@
#16810310000
0!
08
#16810315000
1!
0-
b11111110 /
18
b11111110 <
b1 ?
0@
b11111110 A
b11111111 B
#16810320000
0!
08
#16810325000
1!
18
b10 ?
#16810330000
0!
08
#16810335000
1!
18
b11 ?
#16810340000
0!
08
#16810345000
1!
1-
18
b0 ?
1@
#16810350000
0!
08
#16810355000
1!
0-
b11111111 /
18
b11111111 <
b1 ?
0@
b11111111 A
b100000000 B
#16810360000
0!
08
#16810365000
1!
18
b10 ?
#16810370000
0!
08
#16810375000
1!
18
b11 ?
#16810380000
0!
08
#16810385000
1!
1-
18
b0 ?
1@
#16810390000
0!
08
#16810395000
1!
0-
b100000000 /
18
b100000000 <
b1 ?
0@
b100000000 A
b100000001 B
#16810400000
0!
08
#16810405000
1!
18
b10 ?
#16810410000
0!
08
#16810415000
1!
18
b11 ?
#16810420000
0!
08
#16810425000
1!
1-
18
b0 ?
1@
#16810430000
0!
08
#16810435000
1!
0-
b100000001 /
18
b100000001 <
b1 ?
0@
b100000001 A
b100000010 B
#16810440000
0!
08
#16810445000
1!
18
b10 ?
#16810450000
0!
08
#16810455000
1!
18
b11 ?
#16810460000
0!
08
#16810465000
1!
1-
18
b0 ?
1@
#16810470000
0!
08
#16810475000
1!
0-
b100000010 /
18
b100000010 <
b1 ?
0@
b100000010 A
b100000011 B
#16810480000
0!
08
#16810485000
1!
18
b10 ?
#16810490000
0!
08
#16810495000
1!
18
b11 ?
#16810500000
0!
08
#16810505000
1!
1-
18
b0 ?
1@
#16810510000
0!
08
#16810515000
1!
0-
b100000011 /
18
b100000011 <
b1 ?
0@
b100000011 A
b100000100 B
#16810520000
0!
08
#16810525000
1!
18
b10 ?
#16810530000
0!
08
#16810535000
1!
18
b11 ?
#16810540000
0!
08
#16810545000
1!
1-
18
b0 ?
1@
#16810550000
0!
08
#16810555000
1!
0-
b100000100 /
18
b100000100 <
b1 ?
0@
b100000100 A
b100000101 B
#16810560000
0!
08
#16810565000
1!
18
b10 ?
#16810570000
0!
08
#16810575000
1!
18
b11 ?
#16810580000
0!
08
#16810585000
1!
1-
18
b0 ?
1@
#16810590000
0!
08
#16810595000
1!
0-
b100000101 /
18
b100000101 <
b1 ?
0@
b100000101 A
b100000110 B
#16810600000
0!
08
#16810605000
1!
18
b10 ?
#16810610000
0!
08
#16810615000
1!
18
b11 ?
#16810620000
0!
08
#16810625000
1!
1-
18
b0 ?
1@
#16810630000
0!
08
#16810635000
1!
0-
b100000110 /
18
b100000110 <
b1 ?
0@
b100000110 A
b100000111 B
#16810640000
0!
08
#16810645000
1!
18
b10 ?
#16810650000
0!
08
#16810655000
1!
18
b11 ?
#16810660000
0!
08
#16810665000
1!
1-
18
b0 ?
1@
#16810670000
0!
08
#16810675000
1!
0-
b100000111 /
18
b100000111 <
b1 ?
0@
b100000111 A
b100001000 B
#16810680000
0!
08
#16810685000
1!
18
b10 ?
#16810690000
0!
08
#16810695000
1!
18
b11 ?
#16810700000
0!
08
#16810705000
1!
1-
18
b0 ?
1@
#16810710000
0!
08
#16810715000
1!
0-
b100001000 /
18
b100001000 <
b1 ?
0@
b100001000 A
b100001001 B
#16810720000
0!
08
#16810725000
1!
18
b10 ?
#16810730000
0!
08
#16810735000
1!
18
b11 ?
#16810740000
0!
08
#16810745000
1!
1-
18
b0 ?
1@
#16810750000
0!
08
#16810755000
1!
0-
b100001001 /
18
b100001001 <
b1 ?
0@
b100001001 A
b100001010 B
#16810760000
0!
08
#16810765000
1!
18
b10 ?
#16810770000
0!
08
#16810775000
1!
18
b11 ?
#16810780000
0!
08
#16810785000
1!
1-
18
b0 ?
1@
#16810790000
0!
08
#16810795000
1!
0-
b100001010 /
18
b100001010 <
b1 ?
0@
b100001010 A
b100001011 B
#16810800000
0!
08
#16810805000
1!
18
b10 ?
#16810810000
0!
08
#16810815000
1!
18
b11 ?
#16810820000
0!
08
#16810825000
1!
1-
18
b0 ?
1@
#16810830000
0!
08
#16810835000
1!
0-
b100001011 /
18
b100001011 <
b1 ?
0@
b100001011 A
b100001100 B
#16810840000
0!
08
#16810845000
1!
18
b10 ?
#16810850000
0!
08
#16810855000
1!
18
b11 ?
#16810860000
0!
08
#16810865000
1!
1-
18
b0 ?
1@
#16810870000
0!
08
#16810875000
1!
0-
b100001100 /
18
b100001100 <
b1 ?
0@
b100001100 A
b100001101 B
#16810880000
0!
08
#16810885000
1!
18
b10 ?
#16810890000
0!
08
#16810895000
1!
18
b11 ?
#16810900000
0!
08
#16810905000
1!
1-
18
b0 ?
1@
#16810910000
0!
08
#16810915000
1!
0-
b100001101 /
18
b100001101 <
b1 ?
0@
b100001101 A
b100001110 B
#16810920000
0!
08
#16810925000
1!
18
b10 ?
#16810930000
0!
08
#16810935000
1!
18
b11 ?
#16810940000
0!
08
#16810945000
1!
1-
18
b0 ?
1@
#16810950000
0!
08
#16810955000
1!
0-
b100001110 /
18
b100001110 <
b1 ?
0@
b100001110 A
b100001111 B
#16810960000
0!
08
#16810965000
1!
18
b10 ?
#16810970000
0!
08
#16810975000
1!
18
b11 ?
#16810980000
0!
08
#16810985000
1!
1-
18
b0 ?
1@
#16810990000
0!
08
#16810995000
1!
0-
b100001111 /
18
b100001111 <
b1 ?
0@
b100001111 A
b100010000 B
#16811000000
0!
08
#16811005000
1!
18
b10 ?
#16811010000
0!
08
#16811015000
1!
18
b11 ?
#16811020000
0!
08
#16811025000
1!
1-
18
b0 ?
1@
#16811030000
0!
08
#16811035000
1!
0-
b100010000 /
18
b100010000 <
b1 ?
0@
b100010000 A
b100010001 B
#16811040000
0!
08
#16811045000
1!
18
b10 ?
#16811050000
0!
08
#16811055000
1!
18
b11 ?
#16811060000
0!
08
#16811065000
1!
1-
18
b0 ?
1@
#16811070000
0!
08
#16811075000
1!
0-
b100010001 /
18
b100010001 <
b1 ?
0@
b100010001 A
b100010010 B
#16811080000
0!
08
#16811085000
1!
18
b10 ?
#16811090000
0!
08
#16811095000
1!
18
b11 ?
#16811100000
0!
08
#16811105000
1!
1-
18
b0 ?
1@
#16811110000
0!
08
#16811115000
1!
0-
b100010010 /
18
b100010010 <
b1 ?
0@
b100010010 A
b100010011 B
#16811120000
0!
08
#16811125000
1!
18
b10 ?
#16811130000
0!
08
#16811135000
1!
18
b11 ?
#16811140000
0!
08
#16811145000
1!
1-
18
b0 ?
1@
#16811150000
0!
08
#16811155000
1!
0-
b100010011 /
18
b100010011 <
b1 ?
0@
b100010011 A
b100010100 B
#16811160000
0!
08
#16811165000
1!
18
b10 ?
#16811170000
0!
08
#16811175000
1!
18
b11 ?
#16811180000
0!
08
#16811185000
1!
1-
18
b0 ?
1@
#16811190000
0!
08
#16811195000
1!
0-
b100010100 /
18
b100010100 <
b1 ?
0@
b100010100 A
b100010101 B
#16811200000
0!
08
#16811205000
1!
18
b10 ?
#16811210000
0!
08
#16811215000
1!
18
b11 ?
#16811220000
0!
08
#16811225000
1!
1-
18
b0 ?
1@
#16811230000
0!
08
#16811235000
1!
0-
b100010101 /
18
b100010101 <
b1 ?
0@
b100010101 A
b100010110 B
#16811240000
0!
08
#16811245000
1!
18
b10 ?
#16811250000
0!
08
#16811255000
1!
18
b11 ?
#16811260000
0!
08
#16811265000
1!
1-
18
b0 ?
1@
#16811270000
0!
08
#16811275000
1!
0-
b100010110 /
18
b100010110 <
b1 ?
0@
b100010110 A
b100010111 B
#16811280000
0!
08
#16811285000
1!
18
b10 ?
#16811290000
0!
08
#16811295000
1!
18
b11 ?
#16811300000
0!
08
#16811305000
1!
1-
18
b0 ?
1@
#16811310000
0!
08
#16811315000
1!
0-
b100010111 /
18
b100010111 <
b1 ?
0@
b100010111 A
b100011000 B
#16811320000
0!
08
#16811325000
1!
18
b10 ?
#16811330000
0!
08
#16811335000
1!
18
b11 ?
#16811340000
0!
08
#16811345000
1!
1-
18
b0 ?
1@
#16811350000
0!
08
#16811355000
1!
0-
b100011000 /
18
b100011000 <
b1 ?
0@
b100011000 A
b100011001 B
#16811360000
0!
08
#16811365000
1!
18
b10 ?
#16811370000
0!
08
#16811375000
1!
18
b11 ?
#16811380000
0!
08
#16811385000
1!
1-
18
b0 ?
1@
#16811390000
0!
08
#16811395000
1!
0-
b100011001 /
18
b100011001 <
b1 ?
0@
b100011001 A
b100011010 B
#16811400000
0!
08
#16811405000
1!
18
b10 ?
#16811410000
0!
08
#16811415000
1!
18
b11 ?
#16811420000
0!
08
#16811425000
1!
1-
18
b0 ?
1@
#16811430000
0!
08
#16811435000
1!
0-
b100011010 /
18
b100011010 <
b1 ?
0@
b100011010 A
b100011011 B
#16811440000
0!
08
#16811445000
1!
18
b10 ?
#16811450000
0!
08
#16811455000
1!
18
b11 ?
#16811460000
0!
08
#16811465000
1!
1-
18
b0 ?
1@
#16811470000
0!
08
#16811475000
1!
0-
b100011011 /
18
b100011011 <
b1 ?
0@
b100011011 A
b100011100 B
#16811480000
0!
08
#16811485000
1!
18
b10 ?
#16811490000
0!
08
#16811495000
1!
18
b11 ?
#16811500000
0!
08
#16811505000
1!
1-
18
b0 ?
1@
#16811510000
0!
08
#16811515000
1!
0-
b100011100 /
18
b100011100 <
b1 ?
0@
b100011100 A
b100011101 B
#16811520000
0!
08
#16811525000
1!
18
b10 ?
#16811530000
0!
08
#16811535000
1!
18
b11 ?
#16811540000
0!
08
#16811545000
1!
1-
18
b0 ?
1@
#16811550000
0!
08
#16811555000
1!
0-
b100011101 /
18
b100011101 <
b1 ?
0@
b100011101 A
b100011110 B
#16811560000
0!
08
#16811565000
1!
18
b10 ?
#16811570000
0!
08
#16811575000
1!
18
b11 ?
#16811580000
0!
08
#16811585000
1!
1-
18
b0 ?
1@
#16811590000
0!
08
#16811595000
1!
0-
b100011110 /
18
b100011110 <
b1 ?
0@
b100011110 A
b100011111 B
#16811600000
0!
08
#16811605000
1!
18
b10 ?
#16811610000
0!
08
#16811615000
1!
18
b11 ?
#16811620000
0!
08
#16811625000
1!
1-
18
b0 ?
1@
#16811630000
0!
08
#16811635000
1!
0-
b100011111 /
18
b100011111 <
b1 ?
0@
b100011111 A
b100100000 B
#16811640000
0!
08
#16811645000
1!
18
b10 ?
#16811650000
0!
08
#16811655000
1!
18
b11 ?
#16811660000
0!
08
#16811665000
1!
1-
18
b0 ?
1@
#16811670000
0!
08
#16811675000
1!
0-
b100100000 /
18
b100100000 <
b1 ?
0@
b100100000 A
b100100001 B
#16811680000
0!
08
#16811685000
1!
18
b10 ?
#16811690000
0!
08
#16811695000
1!
18
b11 ?
#16811700000
0!
08
#16811705000
1!
1-
18
b0 ?
1@
#16811710000
0!
08
#16811715000
1!
0-
b100100001 /
18
b100100001 <
b1 ?
0@
b100100001 A
b100100010 B
#16811720000
0!
08
#16811725000
1!
18
b10 ?
#16811730000
0!
08
#16811735000
1!
18
b11 ?
#16811740000
0!
08
#16811745000
1!
1-
18
b0 ?
1@
#16811750000
0!
08
#16811755000
1!
0-
b100100010 /
18
b100100010 <
b1 ?
0@
b100100010 A
b100100011 B
#16811760000
0!
08
#16811765000
1!
18
b10 ?
#16811770000
0!
08
#16811775000
1!
18
b11 ?
#16811780000
0!
08
#16811785000
1!
1-
18
b0 ?
1@
#16811790000
0!
08
#16811795000
1!
0-
b100100011 /
18
b100100011 <
b1 ?
0@
b100100011 A
b100100100 B
#16811800000
0!
08
#16811805000
1!
18
b10 ?
#16811810000
0!
08
#16811815000
1!
18
b11 ?
#16811820000
0!
08
#16811825000
1!
1-
18
b0 ?
1@
#16811830000
0!
08
#16811835000
1!
0-
b100100100 /
18
b100100100 <
b1 ?
0@
b100100100 A
b100100101 B
#16811840000
0!
08
#16811845000
1!
18
b10 ?
#16811850000
0!
08
#16811855000
1!
18
b11 ?
#16811860000
0!
08
#16811865000
1!
1-
18
b0 ?
1@
#16811870000
0!
08
#16811875000
1!
0-
b100100101 /
18
b100100101 <
b1 ?
0@
b100100101 A
b100100110 B
#16811880000
0!
08
#16811885000
1!
18
b10 ?
#16811890000
0!
08
#16811895000
1!
18
b11 ?
#16811900000
0!
08
#16811905000
1!
1-
18
b0 ?
1@
#16811910000
0!
08
#16811915000
1!
0-
b100100110 /
18
b100100110 <
b1 ?
0@
b100100110 A
b100100111 B
#16811920000
0!
08
#16811925000
1!
18
b10 ?
#16811930000
0!
08
#16811935000
1!
18
b11 ?
#16811940000
0!
08
#16811945000
1!
1-
18
b0 ?
1@
#16811950000
0!
08
#16811955000
1!
0-
b100100111 /
18
b100100111 <
b1 ?
0@
b100100111 A
b100101000 B
#16811960000
0!
08
#16811965000
1!
18
b10 ?
#16811970000
0!
08
#16811975000
1!
18
b11 ?
#16811980000
0!
08
#16811985000
1!
1-
18
b0 ?
1@
#16811990000
0!
08
#16811995000
1!
0-
b100101000 /
18
b100101000 <
b1 ?
0@
b100101000 A
b100101001 B
#16812000000
0!
08
#16812005000
1!
18
b10 ?
#16812010000
0!
08
#16812015000
1!
18
b11 ?
#16812020000
0!
08
#16812025000
1!
1-
18
b0 ?
1@
#16812030000
0!
08
#16812035000
1!
0-
b100101001 /
18
b100101001 <
b1 ?
0@
b100101001 A
b100101010 B
#16812040000
0!
08
#16812045000
1!
18
b10 ?
#16812050000
0!
08
#16812055000
1!
18
b11 ?
#16812060000
0!
08
#16812065000
1!
1-
18
b0 ?
1@
#16812070000
0!
08
#16812075000
1!
0-
b100101010 /
18
b100101010 <
b1 ?
0@
b100101010 A
b100101011 B
#16812080000
0!
08
#16812085000
1!
18
b10 ?
#16812090000
0!
08
#16812095000
1!
18
b11 ?
#16812100000
0!
08
#16812105000
1!
1-
18
b0 ?
1@
#16812110000
0!
08
#16812115000
1!
0-
b100101011 /
18
b100101011 <
b1 ?
0@
b100101011 A
b100101100 B
#16812120000
0!
08
#16812125000
1!
18
b10 ?
#16812130000
0!
08
#16812135000
1!
18
b11 ?
#16812140000
0!
08
#16812145000
1!
1-
18
b0 ?
1@
#16812150000
0!
08
#16812155000
1!
0-
b100101100 /
18
b100101100 <
b1 ?
0@
b100101100 A
b100101101 B
#16812160000
0!
08
#16812165000
1!
18
b10 ?
#16812170000
0!
08
#16812175000
1!
18
b11 ?
#16812180000
0!
08
#16812185000
1!
1-
18
b0 ?
1@
#16812190000
0!
08
#16812195000
1!
0-
b100101101 /
18
b100101101 <
b1 ?
0@
b100101101 A
b100101110 B
#16812200000
0!
08
#16812205000
1!
18
b10 ?
#16812210000
0!
08
#16812215000
1!
18
b11 ?
#16812220000
0!
08
#16812225000
1!
1-
18
b0 ?
1@
#16812230000
0!
08
#16812235000
1!
0-
b100101110 /
18
b100101110 <
b1 ?
0@
b100101110 A
b100101111 B
#16812240000
0!
08
#16812245000
1!
18
b10 ?
#16812250000
0!
08
#16812255000
1!
18
b11 ?
#16812260000
0!
08
#16812265000
1!
1-
18
b0 ?
1@
#16812270000
0!
08
#16812275000
1!
0-
b100101111 /
18
b100101111 <
b1 ?
0@
b100101111 A
b100110000 B
#16812280000
0!
08
#16812285000
1!
18
b10 ?
#16812290000
0!
08
#16812295000
1!
18
b11 ?
#16812300000
0!
08
#16812305000
1!
1-
18
b0 ?
1@
#16812310000
0!
08
#16812315000
1!
0-
b100110000 /
18
b100110000 <
b1 ?
0@
b100110000 A
b100110001 B
#16812320000
0!
08
#16812325000
1!
18
b10 ?
#16812330000
0!
08
#16812335000
1!
18
b11 ?
#16812340000
0!
08
#16812345000
1!
1-
18
b0 ?
1@
#16812350000
0!
08
#16812355000
1!
0-
b100110001 /
18
b100110001 <
b1 ?
0@
b100110001 A
b100110010 B
#16812360000
0!
08
#16812365000
1!
18
b10 ?
#16812370000
0!
08
#16812375000
1!
18
b11 ?
#16812380000
0!
08
#16812385000
1!
1-
18
b0 ?
1@
#16812390000
0!
08
#16812395000
1!
0-
b100110010 /
18
b100110010 <
b1 ?
0@
b100110010 A
b100110011 B
#16812400000
0!
08
#16812405000
1!
18
b10 ?
#16812410000
0!
08
#16812415000
1!
18
b11 ?
#16812420000
0!
08
#16812425000
1!
1-
18
b0 ?
1@
#16812430000
0!
08
#16812435000
1!
0-
b100110011 /
18
b100110011 <
b1 ?
0@
b100110011 A
b100110100 B
#16812440000
0!
08
#16812445000
1!
18
b10 ?
#16812450000
0!
08
#16812455000
1!
18
b11 ?
#16812460000
0!
08
#16812465000
1!
1-
18
b0 ?
1@
#16812470000
0!
08
#16812475000
1!
0-
b100110100 /
18
b100110100 <
b1 ?
0@
b100110100 A
b100110101 B
#16812480000
0!
08
#16812485000
1!
18
b10 ?
#16812490000
0!
08
#16812495000
1!
18
b11 ?
#16812500000
0!
08
#16812505000
1!
1-
18
b0 ?
1@
#16812510000
0!
08
#16812515000
1!
0-
b100110101 /
18
b100110101 <
b1 ?
0@
b100110101 A
b100110110 B
#16812520000
0!
08
#16812525000
1!
18
b10 ?
#16812530000
0!
08
#16812535000
1!
18
b11 ?
#16812540000
0!
08
#16812545000
1!
1-
18
b0 ?
1@
#16812550000
0!
08
#16812555000
1!
0-
b100110110 /
18
b100110110 <
b1 ?
0@
b100110110 A
b100110111 B
#16812560000
0!
08
#16812565000
1!
18
b10 ?
#16812570000
0!
08
#16812575000
1!
18
b11 ?
#16812580000
0!
08
#16812585000
1!
1-
18
b0 ?
1@
#16812590000
0!
08
#16812595000
1!
0-
b100110111 /
18
b100110111 <
b1 ?
0@
b100110111 A
b100111000 B
#16812600000
0!
08
#16812605000
1!
18
b10 ?
#16812610000
0!
08
#16812615000
1!
18
b11 ?
#16812620000
0!
08
#16812625000
1!
1-
18
b0 ?
1@
#16812630000
0!
08
#16812635000
1!
0-
b100111000 /
18
b100111000 <
b1 ?
0@
b100111000 A
b100111001 B
#16812640000
0!
08
#16812645000
1!
18
b10 ?
#16812650000
0!
08
#16812655000
1!
18
b11 ?
#16812660000
0!
08
#16812665000
1!
1-
18
b0 ?
1@
#16812670000
0!
08
#16812675000
1!
0-
b100111001 /
18
b100111001 <
b1 ?
0@
b100111001 A
b100111010 B
#16812680000
0!
08
#16812685000
1!
18
b10 ?
#16812690000
0!
08
#16812695000
1!
18
b11 ?
#16812700000
0!
08
#16812705000
1!
1-
18
b0 ?
1@
#16812710000
0!
08
#16812715000
1!
0-
b100111010 /
18
b100111010 <
b1 ?
0@
b100111010 A
b100111011 B
#16812720000
0!
08
#16812725000
1!
18
b10 ?
#16812730000
0!
08
#16812735000
1!
18
b11 ?
#16812740000
0!
08
#16812745000
1!
1-
18
b0 ?
1@
#16812750000
0!
08
#16812755000
1!
0-
b100111011 /
18
b100111011 <
b1 ?
0@
b100111011 A
b100111100 B
#16812760000
0!
08
#16812765000
1!
18
b10 ?
#16812770000
0!
08
#16812775000
1!
18
b11 ?
#16812780000
0!
08
#16812785000
1!
1-
18
b0 ?
1@
#16812790000
0!
08
#16812795000
1!
0-
b100111100 /
18
b100111100 <
b1 ?
0@
b100111100 A
b100111101 B
#16812800000
0!
08
#16812805000
1!
18
b10 ?
#16812810000
0!
08
#16812815000
1!
18
b11 ?
#16812820000
0!
08
#16812825000
1!
1-
18
b0 ?
1@
#16812830000
0!
08
#16812835000
1!
0-
b100111101 /
18
b100111101 <
b1 ?
0@
b100111101 A
b100111110 B
#16812840000
0!
08
#16812845000
1!
18
b10 ?
#16812850000
0!
08
#16812855000
1!
18
b11 ?
#16812860000
0!
08
#16812865000
1!
1-
18
b0 ?
1@
#16812870000
0!
08
#16812875000
1!
0-
b100111110 /
18
b100111110 <
b1 ?
0@
b100111110 A
b100111111 B
#16812880000
0!
08
#16812885000
1!
18
b10 ?
#16812890000
0!
08
#16812895000
1!
18
b11 ?
#16812900000
0!
08
#16812905000
1!
1-
18
b0 ?
1@
#16812910000
0!
08
#16812915000
1!
0-
b100111111 /
18
b100111111 <
b1 ?
0@
b100111111 A
b101000000 B
#16812920000
0!
08
#16812925000
1!
18
b10 ?
#16812930000
0!
08
#16812935000
1!
18
b11 ?
#16812940000
0!
08
#16812945000
1!
1-
18
b0 ?
1@
#16812950000
0!
08
#16812955000
1!
b110 &
b1111 '
b0 (
b1111 )
0-
b101000000 /
18
b101000000 <
b111100001111 >
b1 ?
0@
b101000000 A
b101000001 B
#16812960000
0!
08
#16812965000
1!
18
b10 ?
#16812970000
0!
08
#16812975000
1!
18
b11 ?
#16812980000
0!
08
#16812985000
1!
1-
18
b0 ?
1@
#16812990000
0!
08
#16812995000
1!
0-
b101000001 /
18
b101000001 <
b1 ?
0@
b101000001 A
b101000010 B
#16813000000
0!
08
#16813005000
1!
18
b10 ?
#16813010000
0!
08
#16813015000
1!
18
b11 ?
#16813020000
0!
08
#16813025000
1!
1-
18
b0 ?
1@
#16813030000
0!
08
#16813035000
1!
0-
b101000010 /
18
b101000010 <
b1 ?
0@
b101000010 A
b101000011 B
#16813040000
0!
08
#16813045000
1!
18
b10 ?
#16813050000
0!
08
#16813055000
1!
18
b11 ?
#16813060000
0!
08
#16813065000
1!
1-
18
b0 ?
1@
#16813070000
0!
08
#16813075000
1!
0-
b101000011 /
18
b101000011 <
b1 ?
0@
b101000011 A
b101000100 B
#16813080000
0!
08
#16813085000
1!
18
b10 ?
#16813090000
0!
08
#16813095000
1!
18
b11 ?
#16813100000
0!
08
#16813105000
1!
1-
18
b0 ?
1@
#16813110000
0!
08
#16813115000
1!
0-
b101000100 /
18
b101000100 <
b1 ?
0@
b101000100 A
b101000101 B
#16813120000
0!
08
#16813125000
1!
18
b10 ?
#16813130000
0!
08
#16813135000
1!
18
b11 ?
#16813140000
0!
08
#16813145000
1!
1-
18
b0 ?
1@
#16813150000
0!
08
#16813155000
1!
0-
b101000101 /
18
b101000101 <
b1 ?
0@
b101000101 A
b101000110 B
#16813160000
0!
08
#16813165000
1!
18
b10 ?
#16813170000
0!
08
#16813175000
1!
18
b11 ?
#16813180000
0!
08
#16813185000
1!
1-
18
b0 ?
1@
#16813190000
0!
08
#16813195000
1!
0-
b101000110 /
18
b101000110 <
b1 ?
0@
b101000110 A
b101000111 B
#16813200000
0!
08
#16813205000
1!
18
b10 ?
#16813210000
0!
08
#16813215000
1!
18
b11 ?
#16813220000
0!
08
#16813225000
1!
1-
18
b0 ?
1@
#16813230000
0!
08
#16813235000
1!
0-
b101000111 /
18
b101000111 <
b1 ?
0@
b101000111 A
b101001000 B
#16813240000
0!
08
#16813245000
1!
18
b10 ?
#16813250000
0!
08
#16813255000
1!
18
b11 ?
#16813260000
0!
08
#16813265000
1!
1-
18
b0 ?
1@
#16813270000
0!
08
#16813275000
1!
0-
b101001000 /
18
b101001000 <
b1 ?
0@
b101001000 A
b101001001 B
#16813280000
0!
08
#16813285000
1!
18
b10 ?
#16813290000
0!
08
#16813295000
1!
18
b11 ?
#16813300000
0!
08
#16813305000
1!
1-
18
b0 ?
1@
#16813310000
0!
08
#16813315000
1!
0-
b101001001 /
18
b101001001 <
b1 ?
0@
b101001001 A
b101001010 B
#16813320000
0!
08
#16813325000
1!
18
b10 ?
#16813330000
0!
08
#16813335000
1!
18
b11 ?
#16813340000
0!
08
#16813345000
1!
1-
18
b0 ?
1@
#16813350000
0!
08
#16813355000
1!
0-
b101001010 /
18
b101001010 <
b1 ?
0@
b101001010 A
b101001011 B
#16813360000
0!
08
#16813365000
1!
18
b10 ?
#16813370000
0!
08
#16813375000
1!
18
b11 ?
#16813380000
0!
08
#16813385000
1!
1-
18
b0 ?
1@
#16813390000
0!
08
#16813395000
1!
0-
b101001011 /
18
b101001011 <
b1 ?
0@
b101001011 A
b101001100 B
#16813400000
0!
08
#16813405000
1!
18
b10 ?
#16813410000
0!
08
#16813415000
1!
18
b11 ?
#16813420000
0!
08
#16813425000
1!
1-
18
b0 ?
1@
#16813430000
0!
08
#16813435000
1!
0-
b101001100 /
18
b101001100 <
b1 ?
0@
b101001100 A
b101001101 B
#16813440000
0!
08
#16813445000
1!
18
b10 ?
#16813450000
0!
08
#16813455000
1!
18
b11 ?
#16813460000
0!
08
#16813465000
1!
1-
18
b0 ?
1@
#16813470000
0!
08
#16813475000
1!
0-
b101001101 /
18
b101001101 <
b1 ?
0@
b101001101 A
b101001110 B
#16813480000
0!
08
#16813485000
1!
18
b10 ?
#16813490000
0!
08
#16813495000
1!
18
b11 ?
#16813500000
0!
08
#16813505000
1!
1-
18
b0 ?
1@
#16813510000
0!
08
#16813515000
1!
0-
b101001110 /
18
b101001110 <
b1 ?
0@
b101001110 A
b101001111 B
#16813520000
0!
08
#16813525000
1!
18
b10 ?
#16813530000
0!
08
#16813535000
1!
18
b11 ?
#16813540000
0!
08
#16813545000
1!
1-
18
b0 ?
1@
#16813550000
0!
08
#16813555000
1!
0-
b101001111 /
18
b101001111 <
b1 ?
0@
b101001111 A
b101010000 B
#16813560000
0!
08
#16813565000
1!
18
b10 ?
#16813570000
0!
08
#16813575000
1!
18
b11 ?
#16813580000
0!
08
#16813585000
1!
1-
18
b0 ?
1@
#16813590000
0!
08
#16813595000
1!
0-
b101010000 /
18
b101010000 <
b1 ?
0@
b101010000 A
b101010001 B
#16813600000
0!
08
#16813605000
1!
18
b10 ?
#16813610000
0!
08
#16813615000
1!
18
b11 ?
#16813620000
0!
08
#16813625000
1!
1-
18
b0 ?
1@
#16813630000
0!
08
#16813635000
1!
0-
b101010001 /
18
b101010001 <
b1 ?
0@
b101010001 A
b101010010 B
#16813640000
0!
08
#16813645000
1!
18
b10 ?
#16813650000
0!
08
#16813655000
1!
18
b11 ?
#16813660000
0!
08
#16813665000
1!
1-
18
b0 ?
1@
#16813670000
0!
08
#16813675000
1!
0-
b101010010 /
18
b101010010 <
b1 ?
0@
b101010010 A
b101010011 B
#16813680000
0!
08
#16813685000
1!
18
b10 ?
#16813690000
0!
08
#16813695000
1!
18
b11 ?
#16813700000
0!
08
#16813705000
1!
1-
18
b0 ?
1@
#16813710000
0!
08
#16813715000
1!
0-
b101010011 /
18
b101010011 <
b1 ?
0@
b101010011 A
b101010100 B
#16813720000
0!
08
#16813725000
1!
18
b10 ?
#16813730000
0!
08
#16813735000
1!
18
b11 ?
#16813740000
0!
08
#16813745000
1!
1-
18
b0 ?
1@
#16813750000
0!
08
#16813755000
1!
0-
b101010100 /
18
b101010100 <
b1 ?
0@
b101010100 A
b101010101 B
#16813760000
0!
08
#16813765000
1!
18
b10 ?
#16813770000
0!
08
#16813775000
1!
18
b11 ?
#16813780000
0!
08
#16813785000
1!
1-
18
b0 ?
1@
#16813790000
0!
08
#16813795000
1!
0-
b101010101 /
18
b101010101 <
b1 ?
0@
b101010101 A
b101010110 B
#16813800000
0!
08
#16813805000
1!
18
b10 ?
#16813810000
0!
08
#16813815000
1!
18
b11 ?
#16813820000
0!
08
#16813825000
1!
1-
18
b0 ?
1@
#16813830000
0!
08
#16813835000
1!
0-
b101010110 /
18
b101010110 <
b1 ?
0@
b101010110 A
b101010111 B
#16813840000
0!
08
#16813845000
1!
18
b10 ?
#16813850000
0!
08
#16813855000
1!
18
b11 ?
#16813860000
0!
08
#16813865000
1!
1-
18
b0 ?
1@
#16813870000
0!
08
#16813875000
1!
0-
b101010111 /
18
b101010111 <
b1 ?
0@
b101010111 A
b101011000 B
#16813880000
0!
08
#16813885000
1!
18
b10 ?
#16813890000
0!
08
#16813895000
1!
18
b11 ?
#16813900000
0!
08
#16813905000
1!
1-
18
b0 ?
1@
#16813910000
0!
08
#16813915000
1!
0-
b101011000 /
18
b101011000 <
b1 ?
0@
b101011000 A
b101011001 B
#16813920000
0!
08
#16813925000
1!
18
b10 ?
#16813930000
0!
08
#16813935000
1!
18
b11 ?
#16813940000
0!
08
#16813945000
1!
1-
18
b0 ?
1@
#16813950000
0!
08
#16813955000
1!
0-
b101011001 /
18
b101011001 <
b1 ?
0@
b101011001 A
b101011010 B
#16813960000
0!
08
#16813965000
1!
18
b10 ?
#16813970000
0!
08
#16813975000
1!
18
b11 ?
#16813980000
0!
08
#16813985000
1!
1-
18
b0 ?
1@
#16813990000
0!
08
#16813995000
1!
0-
b101011010 /
18
b101011010 <
b1 ?
0@
b101011010 A
b101011011 B
#16814000000
0!
08
#16814005000
1!
18
b10 ?
#16814010000
0!
08
#16814015000
1!
18
b11 ?
#16814020000
0!
08
#16814025000
1!
1-
18
b0 ?
1@
#16814030000
0!
08
#16814035000
1!
0-
b101011011 /
18
b101011011 <
b1 ?
0@
b101011011 A
b101011100 B
#16814040000
0!
08
#16814045000
1!
18
b10 ?
#16814050000
0!
08
#16814055000
1!
18
b11 ?
#16814060000
0!
08
#16814065000
1!
1-
18
b0 ?
1@
#16814070000
0!
08
#16814075000
1!
0-
b101011100 /
18
b101011100 <
b1 ?
0@
b101011100 A
b101011101 B
#16814080000
0!
08
#16814085000
1!
18
b10 ?
#16814090000
0!
08
#16814095000
1!
18
b11 ?
#16814100000
0!
08
#16814105000
1!
1-
18
b0 ?
1@
#16814110000
0!
08
#16814115000
1!
0-
b101011101 /
18
b101011101 <
b1 ?
0@
b101011101 A
b101011110 B
#16814120000
0!
08
#16814125000
1!
18
b10 ?
#16814130000
0!
08
#16814135000
1!
18
b11 ?
#16814140000
0!
08
#16814145000
1!
1-
18
b0 ?
1@
#16814150000
0!
08
#16814155000
1!
0-
b101011110 /
18
b101011110 <
b1 ?
0@
b101011110 A
b101011111 B
#16814160000
0!
08
#16814165000
1!
18
b10 ?
#16814170000
0!
08
#16814175000
1!
18
b11 ?
#16814180000
0!
08
#16814185000
1!
1-
18
b0 ?
1@
#16814190000
0!
08
#16814195000
1!
0-
b101011111 /
18
b101011111 <
b1 ?
0@
b101011111 A
b101100000 B
#16814200000
0!
08
#16814205000
1!
18
b10 ?
#16814210000
0!
08
#16814215000
1!
18
b11 ?
#16814220000
0!
08
#16814225000
1!
1-
18
b0 ?
1@
#16814230000
0!
08
#16814235000
1!
0-
b101100000 /
18
b101100000 <
b1 ?
0@
b101100000 A
b101100001 B
#16814240000
0!
08
#16814245000
1!
18
b10 ?
#16814250000
0!
08
#16814255000
1!
18
b11 ?
#16814260000
0!
08
#16814265000
1!
1-
18
b0 ?
1@
#16814270000
0!
08
#16814275000
1!
0-
b101100001 /
18
b101100001 <
b1 ?
0@
b101100001 A
b101100010 B
#16814280000
0!
08
#16814285000
1!
18
b10 ?
#16814290000
0!
08
#16814295000
1!
18
b11 ?
#16814300000
0!
08
#16814305000
1!
1-
18
b0 ?
1@
#16814310000
0!
08
#16814315000
1!
0-
b101100010 /
18
b101100010 <
b1 ?
0@
b101100010 A
b101100011 B
#16814320000
0!
08
#16814325000
1!
18
b10 ?
#16814330000
0!
08
#16814335000
1!
18
b11 ?
#16814340000
0!
08
#16814345000
1!
1-
18
b0 ?
1@
#16814350000
0!
08
#16814355000
1!
0-
b101100011 /
18
b101100011 <
b1 ?
0@
b101100011 A
b101100100 B
#16814360000
0!
08
#16814365000
1!
18
b10 ?
#16814370000
0!
08
#16814375000
1!
18
b11 ?
#16814380000
0!
08
#16814385000
1!
1-
18
b0 ?
1@
#16814390000
0!
08
#16814395000
1!
0-
b101100100 /
18
b101100100 <
b1 ?
0@
b101100100 A
b101100101 B
#16814400000
0!
08
#16814405000
1!
18
b10 ?
#16814410000
0!
08
#16814415000
1!
18
b11 ?
#16814420000
0!
08
#16814425000
1!
1-
18
b0 ?
1@
#16814430000
0!
08
#16814435000
1!
0-
b101100101 /
18
b101100101 <
b1 ?
0@
b101100101 A
b101100110 B
#16814440000
0!
08
#16814445000
1!
18
b10 ?
#16814450000
0!
08
#16814455000
1!
18
b11 ?
#16814460000
0!
08
#16814465000
1!
1-
18
b0 ?
1@
#16814470000
0!
08
#16814475000
1!
0-
b101100110 /
18
b101100110 <
b1 ?
0@
b101100110 A
b101100111 B
#16814480000
0!
08
#16814485000
1!
18
b10 ?
#16814490000
0!
08
#16814495000
1!
18
b11 ?
#16814500000
0!
08
#16814505000
1!
1-
18
b0 ?
1@
#16814510000
0!
08
#16814515000
1!
0-
b101100111 /
18
b101100111 <
b1 ?
0@
b101100111 A
b101101000 B
#16814520000
0!
08
#16814525000
1!
18
b10 ?
#16814530000
0!
08
#16814535000
1!
18
b11 ?
#16814540000
0!
08
#16814545000
1!
1-
18
b0 ?
1@
#16814550000
0!
08
#16814555000
1!
0-
b101101000 /
18
b101101000 <
b1 ?
0@
b101101000 A
b101101001 B
#16814560000
0!
08
#16814565000
1!
18
b10 ?
#16814570000
0!
08
#16814575000
1!
18
b11 ?
#16814580000
0!
08
#16814585000
1!
1-
18
b0 ?
1@
#16814590000
0!
08
#16814595000
1!
0-
b101101001 /
18
b101101001 <
b1 ?
0@
b101101001 A
b101101010 B
#16814600000
0!
08
#16814605000
1!
18
b10 ?
#16814610000
0!
08
#16814615000
1!
18
b11 ?
#16814620000
0!
08
#16814625000
1!
1-
18
b0 ?
1@
#16814630000
0!
08
#16814635000
1!
0-
b101101010 /
18
b101101010 <
b1 ?
0@
b101101010 A
b101101011 B
#16814640000
0!
08
#16814645000
1!
18
b10 ?
#16814650000
0!
08
#16814655000
1!
18
b11 ?
#16814660000
0!
08
#16814665000
1!
1-
18
b0 ?
1@
#16814670000
0!
08
#16814675000
1!
0-
b101101011 /
18
b101101011 <
b1 ?
0@
b101101011 A
b101101100 B
#16814680000
0!
08
#16814685000
1!
18
b10 ?
#16814690000
0!
08
#16814695000
1!
18
b11 ?
#16814700000
0!
08
#16814705000
1!
1-
18
b0 ?
1@
#16814710000
0!
08
#16814715000
1!
0-
b101101100 /
18
b101101100 <
b1 ?
0@
b101101100 A
b101101101 B
#16814720000
0!
08
#16814725000
1!
18
b10 ?
#16814730000
0!
08
#16814735000
1!
18
b11 ?
#16814740000
0!
08
#16814745000
1!
1-
18
b0 ?
1@
#16814750000
0!
08
#16814755000
1!
0-
b101101101 /
18
b101101101 <
b1 ?
0@
b101101101 A
b101101110 B
#16814760000
0!
08
#16814765000
1!
18
b10 ?
#16814770000
0!
08
#16814775000
1!
18
b11 ?
#16814780000
0!
08
#16814785000
1!
1-
18
b0 ?
1@
#16814790000
0!
08
#16814795000
1!
0-
b101101110 /
18
b101101110 <
b1 ?
0@
b101101110 A
b101101111 B
#16814800000
0!
08
#16814805000
1!
18
b10 ?
#16814810000
0!
08
#16814815000
1!
18
b11 ?
#16814820000
0!
08
#16814825000
1!
1-
18
b0 ?
1@
#16814830000
0!
08
#16814835000
1!
0-
b101101111 /
18
b101101111 <
b1 ?
0@
b101101111 A
b101110000 B
#16814840000
0!
08
#16814845000
1!
18
b10 ?
#16814850000
0!
08
#16814855000
1!
18
b11 ?
#16814860000
0!
08
#16814865000
1!
1-
18
b0 ?
1@
#16814870000
0!
08
#16814875000
1!
0-
b101110000 /
18
b101110000 <
b1 ?
0@
b101110000 A
b101110001 B
#16814880000
0!
08
#16814885000
1!
18
b10 ?
#16814890000
0!
08
#16814895000
1!
18
b11 ?
#16814900000
0!
08
#16814905000
1!
1-
18
b0 ?
1@
#16814910000
0!
08
#16814915000
1!
0-
b101110001 /
18
b101110001 <
b1 ?
0@
b101110001 A
b101110010 B
#16814920000
0!
08
#16814925000
1!
18
b10 ?
#16814930000
0!
08
#16814935000
1!
18
b11 ?
#16814940000
0!
08
#16814945000
1!
1-
18
b0 ?
1@
#16814950000
0!
08
#16814955000
1!
0-
b101110010 /
18
b101110010 <
b1 ?
0@
b101110010 A
b101110011 B
#16814960000
0!
08
#16814965000
1!
18
b10 ?
#16814970000
0!
08
#16814975000
1!
18
b11 ?
#16814980000
0!
08
#16814985000
1!
1-
18
b0 ?
1@
#16814990000
0!
08
#16814995000
1!
0-
b101110011 /
18
b101110011 <
b1 ?
0@
b101110011 A
b101110100 B
#16815000000
0!
08
#16815005000
1!
18
b10 ?
#16815010000
0!
08
#16815015000
1!
18
b11 ?
#16815020000
0!
08
#16815025000
1!
1-
18
b0 ?
1@
#16815030000
0!
08
#16815035000
1!
0-
b101110100 /
18
b101110100 <
b1 ?
0@
b101110100 A
b101110101 B
#16815040000
0!
08
#16815045000
1!
18
b10 ?
#16815050000
0!
08
#16815055000
1!
18
b11 ?
#16815060000
0!
08
#16815065000
1!
1-
18
b0 ?
1@
#16815070000
0!
08
#16815075000
1!
0-
b101110101 /
18
b101110101 <
b1 ?
0@
b101110101 A
b101110110 B
#16815080000
0!
08
#16815085000
1!
18
b10 ?
#16815090000
0!
08
#16815095000
1!
18
b11 ?
#16815100000
0!
08
#16815105000
1!
1-
18
b0 ?
1@
#16815110000
0!
08
#16815115000
1!
0-
b101110110 /
18
b101110110 <
b1 ?
0@
b101110110 A
b101110111 B
#16815120000
0!
08
#16815125000
1!
18
b10 ?
#16815130000
0!
08
#16815135000
1!
18
b11 ?
#16815140000
0!
08
#16815145000
1!
1-
18
b0 ?
1@
#16815150000
0!
08
#16815155000
1!
0-
b101110111 /
18
b101110111 <
b1 ?
0@
b101110111 A
b101111000 B
#16815160000
0!
08
#16815165000
1!
18
b10 ?
#16815170000
0!
08
#16815175000
1!
18
b11 ?
#16815180000
0!
08
#16815185000
1!
1-
18
b0 ?
1@
#16815190000
0!
08
#16815195000
1!
0-
b101111000 /
18
b101111000 <
b1 ?
0@
b101111000 A
b101111001 B
#16815200000
0!
08
#16815205000
1!
18
b10 ?
#16815210000
0!
08
#16815215000
1!
18
b11 ?
#16815220000
0!
08
#16815225000
1!
1-
18
b0 ?
1@
#16815230000
0!
08
#16815235000
1!
0-
b101111001 /
18
b101111001 <
b1 ?
0@
b101111001 A
b101111010 B
#16815240000
0!
08
#16815245000
1!
18
b10 ?
#16815250000
0!
08
#16815255000
1!
18
b11 ?
#16815260000
0!
08
#16815265000
1!
1-
18
b0 ?
1@
#16815270000
0!
08
#16815275000
1!
0-
b101111010 /
18
b101111010 <
b1 ?
0@
b101111010 A
b101111011 B
#16815280000
0!
08
#16815285000
1!
18
b10 ?
#16815290000
0!
08
#16815295000
1!
18
b11 ?
#16815300000
0!
08
#16815305000
1!
1-
18
b0 ?
1@
#16815310000
0!
08
#16815315000
1!
0-
b101111011 /
18
b101111011 <
b1 ?
0@
b101111011 A
b101111100 B
#16815320000
0!
08
#16815325000
1!
18
b10 ?
#16815330000
0!
08
#16815335000
1!
18
b11 ?
#16815340000
0!
08
#16815345000
1!
1-
18
b0 ?
1@
#16815350000
0!
08
#16815355000
1!
0-
b101111100 /
18
b101111100 <
b1 ?
0@
b101111100 A
b101111101 B
#16815360000
0!
08
#16815365000
1!
18
b10 ?
#16815370000
0!
08
#16815375000
1!
18
b11 ?
#16815380000
0!
08
#16815385000
1!
1-
18
b0 ?
1@
#16815390000
0!
08
#16815395000
1!
0-
b101111101 /
18
b101111101 <
b1 ?
0@
b101111101 A
b101111110 B
#16815400000
0!
08
#16815405000
1!
18
b10 ?
#16815410000
0!
08
#16815415000
1!
18
b11 ?
#16815420000
0!
08
#16815425000
1!
1-
18
b0 ?
1@
#16815430000
0!
08
#16815435000
1!
0-
b101111110 /
18
b101111110 <
b1 ?
0@
b101111110 A
b101111111 B
#16815440000
0!
08
#16815445000
1!
18
b10 ?
#16815450000
0!
08
#16815455000
1!
18
b11 ?
#16815460000
0!
08
#16815465000
1!
1-
18
b0 ?
1@
#16815470000
0!
08
#16815475000
1!
0-
b101111111 /
18
b101111111 <
b1 ?
0@
b101111111 A
b110000000 B
#16815480000
0!
08
#16815485000
1!
18
b10 ?
#16815490000
0!
08
#16815495000
1!
18
b11 ?
#16815500000
0!
08
#16815505000
1!
1-
18
b0 ?
1@
#16815510000
0!
08
#16815515000
1!
0-
b110000000 /
18
b110000000 <
b1 ?
0@
b110000000 A
b110000001 B
#16815520000
0!
08
#16815525000
1!
18
b10 ?
#16815530000
0!
08
#16815535000
1!
18
b11 ?
#16815540000
0!
08
#16815545000
1!
1-
18
b0 ?
1@
#16815550000
0!
08
#16815555000
1!
0-
b110000001 /
18
b110000001 <
b1 ?
0@
b110000001 A
b110000010 B
#16815560000
0!
08
#16815565000
1!
18
b10 ?
#16815570000
0!
08
#16815575000
1!
18
b11 ?
#16815580000
0!
08
#16815585000
1!
1-
18
b0 ?
1@
#16815590000
0!
08
#16815595000
1!
0-
b110000010 /
18
b110000010 <
b1 ?
0@
b110000010 A
b110000011 B
#16815600000
0!
08
#16815605000
1!
18
b10 ?
#16815610000
0!
08
#16815615000
1!
18
b11 ?
#16815620000
0!
08
#16815625000
1!
1-
18
b0 ?
1@
#16815630000
0!
08
#16815635000
1!
0-
b110000011 /
18
b110000011 <
b1 ?
0@
b110000011 A
b110000100 B
#16815640000
0!
08
#16815645000
1!
18
b10 ?
#16815650000
0!
08
#16815655000
1!
18
b11 ?
#16815660000
0!
08
#16815665000
1!
1-
18
b0 ?
1@
#16815670000
0!
08
#16815675000
1!
0-
b110000100 /
18
b110000100 <
b1 ?
0@
b110000100 A
b110000101 B
#16815680000
0!
08
#16815685000
1!
18
b10 ?
#16815690000
0!
08
#16815695000
1!
18
b11 ?
#16815700000
0!
08
#16815705000
1!
1-
18
b0 ?
1@
#16815710000
0!
08
#16815715000
1!
0-
b110000101 /
18
b110000101 <
b1 ?
0@
b110000101 A
b110000110 B
#16815720000
0!
08
#16815725000
1!
18
b10 ?
#16815730000
0!
08
#16815735000
1!
18
b11 ?
#16815740000
0!
08
#16815745000
1!
1-
18
b0 ?
1@
#16815750000
0!
08
#16815755000
1!
0-
b110000110 /
18
b110000110 <
b1 ?
0@
b110000110 A
b110000111 B
#16815760000
0!
08
#16815765000
1!
18
b10 ?
#16815770000
0!
08
#16815775000
1!
18
b11 ?
#16815780000
0!
08
#16815785000
1!
1-
18
b0 ?
1@
#16815790000
0!
08
#16815795000
1!
0-
b110000111 /
18
b110000111 <
b1 ?
0@
b110000111 A
b110001000 B
#16815800000
0!
08
#16815805000
1!
18
b10 ?
#16815810000
0!
08
#16815815000
1!
18
b11 ?
#16815820000
0!
08
#16815825000
1!
1-
18
b0 ?
1@
#16815830000
0!
08
#16815835000
1!
0-
b110001000 /
18
b110001000 <
b1 ?
0@
b110001000 A
b110001001 B
#16815840000
0!
08
#16815845000
1!
18
b10 ?
#16815850000
0!
08
#16815855000
1!
18
b11 ?
#16815860000
0!
08
#16815865000
1!
1-
18
b0 ?
1@
#16815870000
0!
08
#16815875000
1!
0-
b110001001 /
18
b110001001 <
b1 ?
0@
b110001001 A
b110001010 B
#16815880000
0!
08
#16815885000
1!
18
b10 ?
#16815890000
0!
08
#16815895000
1!
18
b11 ?
#16815900000
0!
08
#16815905000
1!
1-
18
b0 ?
1@
#16815910000
0!
08
#16815915000
1!
0-
b110001010 /
18
b110001010 <
b1 ?
0@
b110001010 A
b110001011 B
#16815920000
0!
08
#16815925000
1!
18
b10 ?
#16815930000
0!
08
#16815935000
1!
18
b11 ?
#16815940000
0!
08
#16815945000
1!
1-
18
b0 ?
1@
#16815950000
0!
08
#16815955000
1!
0-
b110001011 /
18
b110001011 <
b1 ?
0@
b110001011 A
b110001100 B
#16815960000
0!
08
#16815965000
1!
18
b10 ?
#16815970000
0!
08
#16815975000
1!
18
b11 ?
#16815980000
0!
08
#16815985000
1!
1-
18
b0 ?
1@
#16815990000
0!
08
#16815995000
1!
0-
b110001100 /
18
b110001100 <
b1 ?
0@
b110001100 A
b110001101 B
#16816000000
0!
08
#16816005000
1!
18
b10 ?
#16816010000
0!
08
#16816015000
1!
18
b11 ?
#16816020000
0!
08
#16816025000
1!
1-
18
b0 ?
1@
#16816030000
0!
08
#16816035000
1!
0-
b110001101 /
18
b110001101 <
b1 ?
0@
b110001101 A
b110001110 B
#16816040000
0!
08
#16816045000
1!
18
b10 ?
#16816050000
0!
08
#16816055000
1!
18
b11 ?
#16816060000
0!
08
#16816065000
1!
1-
18
b0 ?
1@
#16816070000
0!
08
#16816075000
1!
0-
b110001110 /
18
b110001110 <
b1 ?
0@
b110001110 A
b110001111 B
#16816080000
0!
08
#16816085000
1!
18
b10 ?
#16816090000
0!
08
#16816095000
1!
18
b11 ?
#16816100000
0!
08
#16816105000
1!
1-
18
b0 ?
1@
#16816110000
0!
08
#16816115000
1!
0-
b110001111 /
18
b110001111 <
b1 ?
0@
b110001111 A
b110010000 B
#16816120000
0!
08
#16816125000
1!
18
b10 ?
#16816130000
0!
08
#16816135000
1!
18
b11 ?
#16816140000
0!
08
#16816145000
1!
1-
18
b0 ?
1@
#16816150000
0!
08
#16816155000
1!
b0 )
0-
b110010000 /
18
b110010000 <
b111100000000 >
b1 ?
0@
b110010000 A
b110010001 B
#16816160000
0!
08
#16816165000
1!
18
b10 ?
#16816170000
0!
08
#16816175000
1!
18
b11 ?
#16816180000
0!
08
#16816185000
1!
1-
18
b0 ?
1@
#16816190000
0!
08
#16816195000
1!
0-
b110010001 /
18
b110010001 <
b1 ?
0@
b110010001 A
b110010010 B
#16816200000
0!
08
#16816205000
1!
18
b10 ?
#16816210000
0!
08
#16816215000
1!
18
b11 ?
#16816220000
0!
08
#16816225000
1!
1-
18
b0 ?
1@
#16816230000
0!
08
#16816235000
1!
0-
b110010010 /
18
b110010010 <
b1 ?
0@
b110010010 A
b110010011 B
#16816240000
0!
08
#16816245000
1!
18
b10 ?
#16816250000
0!
08
#16816255000
1!
18
b11 ?
#16816260000
0!
08
#16816265000
1!
1-
18
b0 ?
1@
#16816270000
0!
08
#16816275000
1!
0-
b110010011 /
18
b110010011 <
b1 ?
0@
b110010011 A
b110010100 B
#16816280000
0!
08
#16816285000
1!
18
b10 ?
#16816290000
0!
08
#16816295000
1!
18
b11 ?
#16816300000
0!
08
#16816305000
1!
1-
18
b0 ?
1@
#16816310000
0!
08
#16816315000
1!
0-
b110010100 /
18
b110010100 <
b1 ?
0@
b110010100 A
b110010101 B
#16816320000
0!
08
#16816325000
1!
18
b10 ?
#16816330000
0!
08
#16816335000
1!
18
b11 ?
#16816340000
0!
08
#16816345000
1!
1-
18
b0 ?
1@
#16816350000
0!
08
#16816355000
1!
0-
b110010101 /
18
b110010101 <
b1 ?
0@
b110010101 A
b110010110 B
#16816360000
0!
08
#16816365000
1!
18
b10 ?
#16816370000
0!
08
#16816375000
1!
18
b11 ?
#16816380000
0!
08
#16816385000
1!
1-
18
b0 ?
1@
#16816390000
0!
08
#16816395000
1!
0-
b110010110 /
18
b110010110 <
b1 ?
0@
b110010110 A
b110010111 B
#16816400000
0!
08
#16816405000
1!
18
b10 ?
#16816410000
0!
08
#16816415000
1!
18
b11 ?
#16816420000
0!
08
#16816425000
1!
1-
18
b0 ?
1@
#16816430000
0!
08
#16816435000
1!
0-
b110010111 /
18
b110010111 <
b1 ?
0@
b110010111 A
b110011000 B
#16816440000
0!
08
#16816445000
1!
18
b10 ?
#16816450000
0!
08
#16816455000
1!
18
b11 ?
#16816460000
0!
08
#16816465000
1!
1-
18
b0 ?
1@
#16816470000
0!
08
#16816475000
1!
0-
b110011000 /
18
b110011000 <
b1 ?
0@
b110011000 A
b110011001 B
#16816480000
0!
08
#16816485000
1!
18
b10 ?
#16816490000
0!
08
#16816495000
1!
18
b11 ?
#16816500000
0!
08
#16816505000
1!
1-
18
b0 ?
1@
#16816510000
0!
08
#16816515000
1!
0-
b110011001 /
18
b110011001 <
b1 ?
0@
b110011001 A
b110011010 B
#16816520000
0!
08
#16816525000
1!
18
b10 ?
#16816530000
0!
08
#16816535000
1!
18
b11 ?
#16816540000
0!
08
#16816545000
1!
1-
18
b0 ?
1@
#16816550000
0!
08
#16816555000
1!
0-
b110011010 /
18
b110011010 <
b1 ?
0@
b110011010 A
b110011011 B
#16816560000
0!
08
#16816565000
1!
18
b10 ?
#16816570000
0!
08
#16816575000
1!
18
b11 ?
#16816580000
0!
08
#16816585000
1!
1-
18
b0 ?
1@
#16816590000
0!
08
#16816595000
1!
0-
b110011011 /
18
b110011011 <
b1 ?
0@
b110011011 A
b110011100 B
#16816600000
0!
08
#16816605000
1!
18
b10 ?
#16816610000
0!
08
#16816615000
1!
18
b11 ?
#16816620000
0!
08
#16816625000
1!
1-
18
b0 ?
1@
#16816630000
0!
08
#16816635000
1!
0-
b110011100 /
18
b110011100 <
b1 ?
0@
b110011100 A
b110011101 B
#16816640000
0!
08
#16816645000
1!
18
b10 ?
#16816650000
0!
08
#16816655000
1!
18
b11 ?
#16816660000
0!
08
#16816665000
1!
1-
18
b0 ?
1@
#16816670000
0!
08
#16816675000
1!
0-
b110011101 /
18
b110011101 <
b1 ?
0@
b110011101 A
b110011110 B
#16816680000
0!
08
#16816685000
1!
18
b10 ?
#16816690000
0!
08
#16816695000
1!
18
b11 ?
#16816700000
0!
08
#16816705000
1!
1-
18
b0 ?
1@
#16816710000
0!
08
#16816715000
1!
0-
b110011110 /
18
b110011110 <
b1 ?
0@
b110011110 A
b110011111 B
#16816720000
0!
08
#16816725000
1!
18
b10 ?
#16816730000
0!
08
#16816735000
1!
18
b11 ?
#16816740000
0!
08
#16816745000
1!
1-
18
b0 ?
1@
#16816750000
0!
08
#16816755000
1!
0-
b110011111 /
18
b110011111 <
b1 ?
0@
b110011111 A
b110100000 B
#16816760000
0!
08
#16816765000
1!
18
b10 ?
#16816770000
0!
08
#16816775000
1!
18
b11 ?
#16816780000
0!
08
#16816785000
1!
1-
18
b0 ?
1@
#16816790000
0!
08
#16816795000
1!
0-
b110100000 /
18
b110100000 <
b1 ?
0@
b110100000 A
b110100001 B
#16816800000
0!
08
#16816805000
1!
18
b10 ?
#16816810000
0!
08
#16816815000
1!
18
b11 ?
#16816820000
0!
08
#16816825000
1!
1-
18
b0 ?
1@
#16816830000
0!
08
#16816835000
1!
0-
b110100001 /
18
b110100001 <
b1 ?
0@
b110100001 A
b110100010 B
#16816840000
0!
08
#16816845000
1!
18
b10 ?
#16816850000
0!
08
#16816855000
1!
18
b11 ?
#16816860000
0!
08
#16816865000
1!
1-
18
b0 ?
1@
#16816870000
0!
08
#16816875000
1!
0-
b110100010 /
18
b110100010 <
b1 ?
0@
b110100010 A
b110100011 B
#16816880000
0!
08
#16816885000
1!
18
b10 ?
#16816890000
0!
08
#16816895000
1!
18
b11 ?
#16816900000
0!
08
#16816905000
1!
1-
18
b0 ?
1@
#16816910000
0!
08
#16816915000
1!
0-
b110100011 /
18
b110100011 <
b1 ?
0@
b110100011 A
b110100100 B
#16816920000
0!
08
#16816925000
1!
18
b10 ?
#16816930000
0!
08
#16816935000
1!
18
b11 ?
#16816940000
0!
08
#16816945000
1!
1-
18
b0 ?
1@
#16816950000
0!
08
#16816955000
1!
0-
b110100100 /
18
b110100100 <
b1 ?
0@
b110100100 A
b110100101 B
#16816960000
0!
08
#16816965000
1!
18
b10 ?
#16816970000
0!
08
#16816975000
1!
18
b11 ?
#16816980000
0!
08
#16816985000
1!
1-
18
b0 ?
1@
#16816990000
0!
08
#16816995000
1!
0-
b110100101 /
18
b110100101 <
b1 ?
0@
b110100101 A
b110100110 B
#16817000000
0!
08
#16817005000
1!
18
b10 ?
#16817010000
0!
08
#16817015000
1!
18
b11 ?
#16817020000
0!
08
#16817025000
1!
1-
18
b0 ?
1@
#16817030000
0!
08
#16817035000
1!
0-
b110100110 /
18
b110100110 <
b1 ?
0@
b110100110 A
b110100111 B
#16817040000
0!
08
#16817045000
1!
18
b10 ?
#16817050000
0!
08
#16817055000
1!
18
b11 ?
#16817060000
0!
08
#16817065000
1!
1-
18
b0 ?
1@
#16817070000
0!
08
#16817075000
1!
0-
b110100111 /
18
b110100111 <
b1 ?
0@
b110100111 A
b110101000 B
#16817080000
0!
08
#16817085000
1!
18
b10 ?
#16817090000
0!
08
#16817095000
1!
18
b11 ?
#16817100000
0!
08
#16817105000
1!
1-
18
b0 ?
1@
#16817110000
0!
08
#16817115000
1!
0-
b110101000 /
18
b110101000 <
b1 ?
0@
b110101000 A
b110101001 B
#16817120000
0!
08
#16817125000
1!
18
b10 ?
#16817130000
0!
08
#16817135000
1!
18
b11 ?
#16817140000
0!
08
#16817145000
1!
1-
18
b0 ?
1@
#16817150000
0!
08
#16817155000
1!
0-
b110101001 /
18
b110101001 <
b1 ?
0@
b110101001 A
b110101010 B
#16817160000
0!
08
#16817165000
1!
18
b10 ?
#16817170000
0!
08
#16817175000
1!
18
b11 ?
#16817180000
0!
08
#16817185000
1!
1-
18
b0 ?
1@
#16817190000
0!
08
#16817195000
1!
0-
b110101010 /
18
b110101010 <
b1 ?
0@
b110101010 A
b110101011 B
#16817200000
0!
08
#16817205000
1!
18
b10 ?
#16817210000
0!
08
#16817215000
1!
18
b11 ?
#16817220000
0!
08
#16817225000
1!
1-
18
b0 ?
1@
#16817230000
0!
08
#16817235000
1!
0-
b110101011 /
18
b110101011 <
b1 ?
0@
b110101011 A
b110101100 B
#16817240000
0!
08
#16817245000
1!
18
b10 ?
#16817250000
0!
08
#16817255000
1!
18
b11 ?
#16817260000
0!
08
#16817265000
1!
1-
18
b0 ?
1@
#16817270000
0!
08
#16817275000
1!
0-
b110101100 /
18
b110101100 <
b1 ?
0@
b110101100 A
b110101101 B
#16817280000
0!
08
#16817285000
1!
18
b10 ?
#16817290000
0!
08
#16817295000
1!
18
b11 ?
#16817300000
0!
08
#16817305000
1!
1-
18
b0 ?
1@
#16817310000
0!
08
#16817315000
1!
0-
b110101101 /
18
b110101101 <
b1 ?
0@
b110101101 A
b110101110 B
#16817320000
0!
08
#16817325000
1!
18
b10 ?
#16817330000
0!
08
#16817335000
1!
18
b11 ?
#16817340000
0!
08
#16817345000
1!
1-
18
b0 ?
1@
#16817350000
0!
08
#16817355000
1!
0-
b110101110 /
18
b110101110 <
b1 ?
0@
b110101110 A
b110101111 B
#16817360000
0!
08
#16817365000
1!
18
b10 ?
#16817370000
0!
08
#16817375000
1!
18
b11 ?
#16817380000
0!
08
#16817385000
1!
1-
18
b0 ?
1@
#16817390000
0!
08
#16817395000
1!
0-
b110101111 /
18
b110101111 <
b1 ?
0@
b110101111 A
b110110000 B
#16817400000
0!
08
#16817405000
1!
18
b10 ?
#16817410000
0!
08
#16817415000
1!
18
b11 ?
#16817420000
0!
08
#16817425000
1!
1-
18
b0 ?
1@
#16817430000
0!
08
#16817435000
1!
0-
b110110000 /
18
b110110000 <
b1 ?
0@
b110110000 A
b110110001 B
#16817440000
0!
08
#16817445000
1!
18
b10 ?
#16817450000
0!
08
#16817455000
1!
18
b11 ?
#16817460000
0!
08
#16817465000
1!
1-
18
b0 ?
1@
#16817470000
0!
08
#16817475000
1!
0-
b110110001 /
18
b110110001 <
b1 ?
0@
b110110001 A
b110110010 B
#16817480000
0!
08
#16817485000
1!
18
b10 ?
#16817490000
0!
08
#16817495000
1!
18
b11 ?
#16817500000
0!
08
#16817505000
1!
1-
18
b0 ?
1@
#16817510000
0!
08
#16817515000
1!
0-
b110110010 /
18
b110110010 <
b1 ?
0@
b110110010 A
b110110011 B
#16817520000
0!
08
#16817525000
1!
18
b10 ?
#16817530000
0!
08
#16817535000
1!
18
b11 ?
#16817540000
0!
08
#16817545000
1!
1-
18
b0 ?
1@
#16817550000
0!
08
#16817555000
1!
0-
b110110011 /
18
b110110011 <
b1 ?
0@
b110110011 A
b110110100 B
#16817560000
0!
08
#16817565000
1!
18
b10 ?
#16817570000
0!
08
#16817575000
1!
18
b11 ?
#16817580000
0!
08
#16817585000
1!
1-
18
b0 ?
1@
#16817590000
0!
08
#16817595000
1!
0-
b110110100 /
18
b110110100 <
b1 ?
0@
b110110100 A
b110110101 B
#16817600000
0!
08
#16817605000
1!
18
b10 ?
#16817610000
0!
08
#16817615000
1!
18
b11 ?
#16817620000
0!
08
#16817625000
1!
1-
18
b0 ?
1@
#16817630000
0!
08
#16817635000
1!
0-
b110110101 /
18
b110110101 <
b1 ?
0@
b110110101 A
b110110110 B
#16817640000
0!
08
#16817645000
1!
18
b10 ?
#16817650000
0!
08
#16817655000
1!
18
b11 ?
#16817660000
0!
08
#16817665000
1!
1-
18
b0 ?
1@
#16817670000
0!
08
#16817675000
1!
0-
b110110110 /
18
b110110110 <
b1 ?
0@
b110110110 A
b110110111 B
#16817680000
0!
08
#16817685000
1!
18
b10 ?
#16817690000
0!
08
#16817695000
1!
18
b11 ?
#16817700000
0!
08
#16817705000
1!
1-
18
b0 ?
1@
#16817710000
0!
08
#16817715000
1!
0-
b110110111 /
18
b110110111 <
b1 ?
0@
b110110111 A
b110111000 B
#16817720000
0!
08
#16817725000
1!
18
b10 ?
#16817730000
0!
08
#16817735000
1!
18
b11 ?
#16817740000
0!
08
#16817745000
1!
1-
18
b0 ?
1@
#16817750000
0!
08
#16817755000
1!
0-
b110111000 /
18
b110111000 <
b1 ?
0@
b110111000 A
b110111001 B
#16817760000
0!
08
#16817765000
1!
18
b10 ?
#16817770000
0!
08
#16817775000
1!
18
b11 ?
#16817780000
0!
08
#16817785000
1!
1-
18
b0 ?
1@
#16817790000
0!
08
#16817795000
1!
0-
b110111001 /
18
b110111001 <
b1 ?
0@
b110111001 A
b110111010 B
#16817800000
0!
08
#16817805000
1!
18
b10 ?
#16817810000
0!
08
#16817815000
1!
18
b11 ?
#16817820000
0!
08
#16817825000
1!
1-
18
b0 ?
1@
#16817830000
0!
08
#16817835000
1!
0-
b110111010 /
18
b110111010 <
b1 ?
0@
b110111010 A
b110111011 B
#16817840000
0!
08
#16817845000
1!
18
b10 ?
#16817850000
0!
08
#16817855000
1!
18
b11 ?
#16817860000
0!
08
#16817865000
1!
1-
18
b0 ?
1@
#16817870000
0!
08
#16817875000
1!
0-
b110111011 /
18
b110111011 <
b1 ?
0@
b110111011 A
b110111100 B
#16817880000
0!
08
#16817885000
1!
18
b10 ?
#16817890000
0!
08
#16817895000
1!
18
b11 ?
#16817900000
0!
08
#16817905000
1!
1-
18
b0 ?
1@
#16817910000
0!
08
#16817915000
1!
0-
b110111100 /
18
b110111100 <
b1 ?
0@
b110111100 A
b110111101 B
#16817920000
0!
08
#16817925000
1!
18
b10 ?
#16817930000
0!
08
#16817935000
1!
18
b11 ?
#16817940000
0!
08
#16817945000
1!
1-
18
b0 ?
1@
#16817950000
0!
08
#16817955000
1!
0-
b110111101 /
18
b110111101 <
b1 ?
0@
b110111101 A
b110111110 B
#16817960000
0!
08
#16817965000
1!
18
b10 ?
#16817970000
0!
08
#16817975000
1!
18
b11 ?
#16817980000
0!
08
#16817985000
1!
1-
18
b0 ?
1@
#16817990000
0!
08
#16817995000
1!
0-
b110111110 /
18
b110111110 <
b1 ?
0@
b110111110 A
b110111111 B
#16818000000
0!
08
#16818005000
1!
18
b10 ?
#16818010000
0!
08
#16818015000
1!
18
b11 ?
#16818020000
0!
08
#16818025000
1!
1-
18
b0 ?
1@
#16818030000
0!
08
#16818035000
1!
0-
b110111111 /
18
b110111111 <
b1 ?
0@
b110111111 A
b111000000 B
#16818040000
0!
08
#16818045000
1!
18
b10 ?
#16818050000
0!
08
#16818055000
1!
18
b11 ?
#16818060000
0!
08
#16818065000
1!
1-
18
b0 ?
1@
#16818070000
0!
08
#16818075000
1!
0-
b111000000 /
18
b111000000 <
b1 ?
0@
b111000000 A
b111000001 B
#16818080000
0!
08
#16818085000
1!
18
b10 ?
#16818090000
0!
08
#16818095000
1!
18
b11 ?
#16818100000
0!
08
#16818105000
1!
1-
18
b0 ?
1@
#16818110000
0!
08
#16818115000
1!
0-
b111000001 /
18
b111000001 <
b1 ?
0@
b111000001 A
b111000010 B
#16818120000
0!
08
#16818125000
1!
18
b10 ?
#16818130000
0!
08
#16818135000
1!
18
b11 ?
#16818140000
0!
08
#16818145000
1!
1-
18
b0 ?
1@
#16818150000
0!
08
#16818155000
1!
0-
b111000010 /
18
b111000010 <
b1 ?
0@
b111000010 A
b111000011 B
#16818160000
0!
08
#16818165000
1!
18
b10 ?
#16818170000
0!
08
#16818175000
1!
18
b11 ?
#16818180000
0!
08
#16818185000
1!
1-
18
b0 ?
1@
#16818190000
0!
08
#16818195000
1!
0-
b111000011 /
18
b111000011 <
b1 ?
0@
b111000011 A
b111000100 B
#16818200000
0!
08
#16818205000
1!
18
b10 ?
#16818210000
0!
08
#16818215000
1!
18
b11 ?
#16818220000
0!
08
#16818225000
1!
1-
18
b0 ?
1@
#16818230000
0!
08
#16818235000
1!
0-
b111000100 /
18
b111000100 <
b1 ?
0@
b111000100 A
b111000101 B
#16818240000
0!
08
#16818245000
1!
18
b10 ?
#16818250000
0!
08
#16818255000
1!
18
b11 ?
#16818260000
0!
08
#16818265000
1!
1-
18
b0 ?
1@
#16818270000
0!
08
#16818275000
1!
0-
b111000101 /
18
b111000101 <
b1 ?
0@
b111000101 A
b111000110 B
#16818280000
0!
08
#16818285000
1!
18
b10 ?
#16818290000
0!
08
#16818295000
1!
18
b11 ?
#16818300000
0!
08
#16818305000
1!
1-
18
b0 ?
1@
#16818310000
0!
08
#16818315000
1!
0-
b111000110 /
18
b111000110 <
b1 ?
0@
b111000110 A
b111000111 B
#16818320000
0!
08
#16818325000
1!
18
b10 ?
#16818330000
0!
08
#16818335000
1!
18
b11 ?
#16818340000
0!
08
#16818345000
1!
1-
18
b0 ?
1@
#16818350000
0!
08
#16818355000
1!
0-
b111000111 /
18
b111000111 <
b1 ?
0@
b111000111 A
b111001000 B
#16818360000
0!
08
#16818365000
1!
18
b10 ?
#16818370000
0!
08
#16818375000
1!
18
b11 ?
#16818380000
0!
08
#16818385000
1!
1-
18
b0 ?
1@
#16818390000
0!
08
#16818395000
1!
0-
b111001000 /
18
b111001000 <
b1 ?
0@
b111001000 A
b111001001 B
#16818400000
0!
08
#16818405000
1!
18
b10 ?
#16818410000
0!
08
#16818415000
1!
18
b11 ?
#16818420000
0!
08
#16818425000
1!
1-
18
b0 ?
1@
#16818430000
0!
08
#16818435000
1!
0-
b111001001 /
18
b111001001 <
b1 ?
0@
b111001001 A
b111001010 B
#16818440000
0!
08
#16818445000
1!
18
b10 ?
#16818450000
0!
08
#16818455000
1!
18
b11 ?
#16818460000
0!
08
#16818465000
1!
1-
18
b0 ?
1@
#16818470000
0!
08
#16818475000
1!
0-
b111001010 /
18
b111001010 <
b1 ?
0@
b111001010 A
b111001011 B
#16818480000
0!
08
#16818485000
1!
18
b10 ?
#16818490000
0!
08
#16818495000
1!
18
b11 ?
#16818500000
0!
08
#16818505000
1!
1-
18
b0 ?
1@
#16818510000
0!
08
#16818515000
1!
0-
b111001011 /
18
b111001011 <
b1 ?
0@
b111001011 A
b111001100 B
#16818520000
0!
08
#16818525000
1!
18
b10 ?
#16818530000
0!
08
#16818535000
1!
18
b11 ?
#16818540000
0!
08
#16818545000
1!
1-
18
b0 ?
1@
#16818550000
0!
08
#16818555000
1!
0-
b111001100 /
18
b111001100 <
b1 ?
0@
b111001100 A
b111001101 B
#16818560000
0!
08
#16818565000
1!
18
b10 ?
#16818570000
0!
08
#16818575000
1!
18
b11 ?
#16818580000
0!
08
#16818585000
1!
1-
18
b0 ?
1@
#16818590000
0!
08
#16818595000
1!
0-
b111001101 /
18
b111001101 <
b1 ?
0@
b111001101 A
b111001110 B
#16818600000
0!
08
#16818605000
1!
18
b10 ?
#16818610000
0!
08
#16818615000
1!
18
b11 ?
#16818620000
0!
08
#16818625000
1!
1-
18
b0 ?
1@
#16818630000
0!
08
#16818635000
1!
0-
b111001110 /
18
b111001110 <
b1 ?
0@
b111001110 A
b111001111 B
#16818640000
0!
08
#16818645000
1!
18
b10 ?
#16818650000
0!
08
#16818655000
1!
18
b11 ?
#16818660000
0!
08
#16818665000
1!
1-
18
b0 ?
1@
#16818670000
0!
08
#16818675000
1!
0-
b111001111 /
18
b111001111 <
b1 ?
0@
b111001111 A
b111010000 B
#16818680000
0!
08
#16818685000
1!
18
b10 ?
#16818690000
0!
08
#16818695000
1!
18
b11 ?
#16818700000
0!
08
#16818705000
1!
1-
18
b0 ?
1@
#16818710000
0!
08
#16818715000
1!
0-
b111010000 /
18
b111010000 <
b1 ?
0@
b111010000 A
b111010001 B
#16818720000
0!
08
#16818725000
1!
18
b10 ?
#16818730000
0!
08
#16818735000
1!
18
b11 ?
#16818740000
0!
08
#16818745000
1!
1-
18
b0 ?
1@
#16818750000
0!
08
#16818755000
1!
0-
b111010001 /
18
b111010001 <
b1 ?
0@
b111010001 A
b111010010 B
#16818760000
0!
08
#16818765000
1!
18
b10 ?
#16818770000
0!
08
#16818775000
1!
18
b11 ?
#16818780000
0!
08
#16818785000
1!
1-
18
b0 ?
1@
#16818790000
0!
08
#16818795000
1!
0-
b111010010 /
18
b111010010 <
b1 ?
0@
b111010010 A
b111010011 B
#16818800000
0!
08
#16818805000
1!
18
b10 ?
#16818810000
0!
08
#16818815000
1!
18
b11 ?
#16818820000
0!
08
#16818825000
1!
1-
18
b0 ?
1@
#16818830000
0!
08
#16818835000
1!
0-
b111010011 /
18
b111010011 <
b1 ?
0@
b111010011 A
b111010100 B
#16818840000
0!
08
#16818845000
1!
18
b10 ?
#16818850000
0!
08
#16818855000
1!
18
b11 ?
#16818860000
0!
08
#16818865000
1!
1-
18
b0 ?
1@
#16818870000
0!
08
#16818875000
1!
0-
b111010100 /
18
b111010100 <
b1 ?
0@
b111010100 A
b111010101 B
#16818880000
0!
08
#16818885000
1!
18
b10 ?
#16818890000
0!
08
#16818895000
1!
18
b11 ?
#16818900000
0!
08
#16818905000
1!
1-
18
b0 ?
1@
#16818910000
0!
08
#16818915000
1!
0-
b111010101 /
18
b111010101 <
b1 ?
0@
b111010101 A
b111010110 B
#16818920000
0!
08
#16818925000
1!
18
b10 ?
#16818930000
0!
08
#16818935000
1!
18
b11 ?
#16818940000
0!
08
#16818945000
1!
1-
18
b0 ?
1@
#16818950000
0!
08
#16818955000
1!
0-
b111010110 /
18
b111010110 <
b1 ?
0@
b111010110 A
b111010111 B
#16818960000
0!
08
#16818965000
1!
18
b10 ?
#16818970000
0!
08
#16818975000
1!
18
b11 ?
#16818980000
0!
08
#16818985000
1!
1-
18
b0 ?
1@
#16818990000
0!
08
#16818995000
1!
0-
b111010111 /
18
b111010111 <
b1 ?
0@
b111010111 A
b111011000 B
#16819000000
0!
08
#16819005000
1!
18
b10 ?
#16819010000
0!
08
#16819015000
1!
18
b11 ?
#16819020000
0!
08
#16819025000
1!
1-
18
b0 ?
1@
#16819030000
0!
08
#16819035000
1!
0-
b111011000 /
18
b111011000 <
b1 ?
0@
b111011000 A
b111011001 B
#16819040000
0!
08
#16819045000
1!
18
b10 ?
#16819050000
0!
08
#16819055000
1!
18
b11 ?
#16819060000
0!
08
#16819065000
1!
1-
18
b0 ?
1@
#16819070000
0!
08
#16819075000
1!
0-
b111011001 /
18
b111011001 <
b1 ?
0@
b111011001 A
b111011010 B
#16819080000
0!
08
#16819085000
1!
18
b10 ?
#16819090000
0!
08
#16819095000
1!
18
b11 ?
#16819100000
0!
08
#16819105000
1!
1-
18
b0 ?
1@
#16819110000
0!
08
#16819115000
1!
0-
b111011010 /
18
b111011010 <
b1 ?
0@
b111011010 A
b111011011 B
#16819120000
0!
08
#16819125000
1!
18
b10 ?
#16819130000
0!
08
#16819135000
1!
18
b11 ?
#16819140000
0!
08
#16819145000
1!
1-
18
b0 ?
1@
#16819150000
0!
08
#16819155000
1!
0-
b111011011 /
18
b111011011 <
b1 ?
0@
b111011011 A
b111011100 B
#16819160000
0!
08
#16819165000
1!
18
b10 ?
#16819170000
0!
08
#16819175000
1!
18
b11 ?
#16819180000
0!
08
#16819185000
1!
1-
18
b0 ?
1@
#16819190000
0!
08
#16819195000
1!
0-
b111011100 /
18
b111011100 <
b1 ?
0@
b111011100 A
b111011101 B
#16819200000
0!
08
#16819205000
1!
18
b10 ?
#16819210000
0!
08
#16819215000
1!
18
b11 ?
#16819220000
0!
08
#16819225000
1!
1-
18
b0 ?
1@
#16819230000
0!
08
#16819235000
1!
0-
b111011101 /
18
b111011101 <
b1 ?
0@
b111011101 A
b111011110 B
#16819240000
0!
08
#16819245000
1!
18
b10 ?
#16819250000
0!
08
#16819255000
1!
18
b11 ?
#16819260000
0!
08
#16819265000
1!
1-
18
b0 ?
1@
#16819270000
0!
08
#16819275000
1!
0-
b111011110 /
18
b111011110 <
b1 ?
0@
b111011110 A
b111011111 B
#16819280000
0!
08
#16819285000
1!
18
b10 ?
#16819290000
0!
08
#16819295000
1!
18
b11 ?
#16819300000
0!
08
#16819305000
1!
1-
18
b0 ?
1@
#16819310000
0!
08
#16819315000
1!
0-
b111011111 /
18
b111011111 <
b1 ?
0@
b111011111 A
b111100000 B
#16819320000
0!
08
#16819325000
1!
18
b10 ?
#16819330000
0!
08
#16819335000
1!
18
b11 ?
#16819340000
0!
08
#16819345000
1!
1-
18
b0 ?
1@
#16819350000
0!
08
#16819355000
1!
b10 &
b0 '
b1111 )
0-
b111100000 /
18
b111100000 <
b1111 >
b1 ?
0@
b111100000 A
b111100001 B
#16819360000
0!
08
#16819365000
1!
18
b10 ?
#16819370000
0!
08
#16819375000
1!
18
b11 ?
#16819380000
0!
08
#16819385000
1!
1-
18
b0 ?
1@
#16819390000
0!
08
#16819395000
1!
0-
b111100001 /
18
b111100001 <
b1 ?
0@
b111100001 A
b111100010 B
#16819400000
0!
08
#16819405000
1!
18
b10 ?
#16819410000
0!
08
#16819415000
1!
18
b11 ?
#16819420000
0!
08
#16819425000
1!
1-
18
b0 ?
1@
#16819430000
0!
08
#16819435000
1!
0-
b111100010 /
18
b111100010 <
b1 ?
0@
b111100010 A
b111100011 B
#16819440000
0!
08
#16819445000
1!
18
b10 ?
#16819450000
0!
08
#16819455000
1!
18
b11 ?
#16819460000
0!
08
#16819465000
1!
1-
18
b0 ?
1@
#16819470000
0!
08
#16819475000
1!
0-
b111100011 /
18
b111100011 <
b1 ?
0@
b111100011 A
b111100100 B
#16819480000
0!
08
#16819485000
1!
18
b10 ?
#16819490000
0!
08
#16819495000
1!
18
b11 ?
#16819500000
0!
08
#16819505000
1!
1-
18
b0 ?
1@
#16819510000
0!
08
#16819515000
1!
0-
b111100100 /
18
b111100100 <
b1 ?
0@
b111100100 A
b111100101 B
#16819520000
0!
08
#16819525000
1!
18
b10 ?
#16819530000
0!
08
#16819535000
1!
18
b11 ?
#16819540000
0!
08
#16819545000
1!
1-
18
b0 ?
1@
#16819550000
0!
08
#16819555000
1!
0-
b111100101 /
18
b111100101 <
b1 ?
0@
b111100101 A
b111100110 B
#16819560000
0!
08
#16819565000
1!
18
b10 ?
#16819570000
0!
08
#16819575000
1!
18
b11 ?
#16819580000
0!
08
#16819585000
1!
1-
18
b0 ?
1@
#16819590000
0!
08
#16819595000
1!
0-
b111100110 /
18
b111100110 <
b1 ?
0@
b111100110 A
b111100111 B
#16819600000
0!
08
#16819605000
1!
18
b10 ?
#16819610000
0!
08
#16819615000
1!
18
b11 ?
#16819620000
0!
08
#16819625000
1!
1-
18
b0 ?
1@
#16819630000
0!
08
#16819635000
1!
0-
b111100111 /
18
b111100111 <
b1 ?
0@
b111100111 A
b111101000 B
#16819640000
0!
08
#16819645000
1!
18
b10 ?
#16819650000
0!
08
#16819655000
1!
18
b11 ?
#16819660000
0!
08
#16819665000
1!
1-
18
b0 ?
1@
#16819670000
0!
08
#16819675000
1!
0-
b111101000 /
18
b111101000 <
b1 ?
0@
b111101000 A
b111101001 B
#16819680000
0!
08
#16819685000
1!
18
b10 ?
#16819690000
0!
08
#16819695000
1!
18
b11 ?
#16819700000
0!
08
#16819705000
1!
1-
18
b0 ?
1@
#16819710000
0!
08
#16819715000
1!
0-
b111101001 /
18
b111101001 <
b1 ?
0@
b111101001 A
b111101010 B
#16819720000
0!
08
#16819725000
1!
18
b10 ?
#16819730000
0!
08
#16819735000
1!
18
b11 ?
#16819740000
0!
08
#16819745000
1!
1-
18
b0 ?
1@
#16819750000
0!
08
#16819755000
1!
0-
b111101010 /
18
b111101010 <
b1 ?
0@
b111101010 A
b111101011 B
#16819760000
0!
08
#16819765000
1!
18
b10 ?
#16819770000
0!
08
#16819775000
1!
18
b11 ?
#16819780000
0!
08
#16819785000
1!
1-
18
b0 ?
1@
#16819790000
0!
08
#16819795000
1!
0-
b111101011 /
18
b111101011 <
b1 ?
0@
b111101011 A
b111101100 B
#16819800000
0!
08
#16819805000
1!
18
b10 ?
#16819810000
0!
08
#16819815000
1!
18
b11 ?
#16819820000
0!
08
#16819825000
1!
1-
18
b0 ?
1@
#16819830000
0!
08
#16819835000
1!
0-
b111101100 /
18
b111101100 <
b1 ?
0@
b111101100 A
b111101101 B
#16819840000
0!
08
#16819845000
1!
18
b10 ?
#16819850000
0!
08
#16819855000
1!
18
b11 ?
#16819860000
0!
08
#16819865000
1!
1-
18
b0 ?
1@
#16819870000
0!
08
#16819875000
1!
0-
b111101101 /
18
b111101101 <
b1 ?
0@
b111101101 A
b111101110 B
#16819880000
0!
08
#16819885000
1!
18
b10 ?
#16819890000
0!
08
#16819895000
1!
18
b11 ?
#16819900000
0!
08
#16819905000
1!
1-
18
b0 ?
1@
#16819910000
0!
08
#16819915000
1!
0-
b111101110 /
18
b111101110 <
b1 ?
0@
b111101110 A
b111101111 B
#16819920000
0!
08
#16819925000
1!
18
b10 ?
#16819930000
0!
08
#16819935000
1!
18
b11 ?
#16819940000
0!
08
#16819945000
1!
1-
18
b0 ?
1@
#16819950000
0!
08
#16819955000
1!
0-
b111101111 /
18
b111101111 <
b1 ?
0@
b111101111 A
b111110000 B
#16819960000
0!
08
#16819965000
1!
18
b10 ?
#16819970000
0!
08
#16819975000
1!
18
b11 ?
#16819980000
0!
08
#16819985000
1!
1-
18
b0 ?
1@
#16819990000
0!
08
#16819995000
1!
0-
b111110000 /
18
b111110000 <
b1 ?
0@
b111110000 A
b111110001 B
#16820000000
0!
08
#16820005000
1!
18
b10 ?
#16820010000
0!
08
#16820015000
1!
18
b11 ?
#16820020000
0!
08
#16820025000
1!
1-
18
b0 ?
1@
#16820030000
0!
08
#16820035000
1!
0-
b111110001 /
18
b111110001 <
b1 ?
0@
b111110001 A
b111110010 B
#16820040000
0!
08
#16820045000
1!
18
b10 ?
#16820050000
0!
08
#16820055000
1!
18
b11 ?
#16820060000
0!
08
#16820065000
1!
1-
18
b0 ?
1@
#16820070000
0!
08
#16820075000
1!
0-
b111110010 /
18
b111110010 <
b1 ?
0@
b111110010 A
b111110011 B
#16820080000
0!
08
#16820085000
1!
18
b10 ?
#16820090000
0!
08
#16820095000
1!
18
b11 ?
#16820100000
0!
08
#16820105000
1!
1-
18
b0 ?
1@
#16820110000
0!
08
#16820115000
1!
0-
b111110011 /
18
b111110011 <
b1 ?
0@
b111110011 A
b111110100 B
#16820120000
0!
08
#16820125000
1!
18
b10 ?
#16820130000
0!
08
#16820135000
1!
18
b11 ?
#16820140000
0!
08
#16820145000
1!
1-
18
b0 ?
1@
#16820150000
0!
08
#16820155000
1!
0-
b111110100 /
18
b111110100 <
b1 ?
0@
b111110100 A
b111110101 B
#16820160000
0!
08
#16820165000
1!
18
b10 ?
#16820170000
0!
08
#16820175000
1!
18
b11 ?
#16820180000
0!
08
#16820185000
1!
1-
18
b0 ?
1@
#16820190000
0!
08
#16820195000
1!
0-
b111110101 /
18
b111110101 <
b1 ?
0@
b111110101 A
b111110110 B
#16820200000
0!
08
#16820205000
1!
18
b10 ?
#16820210000
0!
08
#16820215000
1!
18
b11 ?
#16820220000
0!
08
#16820225000
1!
1-
18
b0 ?
1@
#16820230000
0!
08
#16820235000
1!
0-
b111110110 /
18
b111110110 <
b1 ?
0@
b111110110 A
b111110111 B
#16820240000
0!
08
#16820245000
1!
18
b10 ?
#16820250000
0!
08
#16820255000
1!
18
b11 ?
#16820260000
0!
08
#16820265000
1!
1-
18
b0 ?
1@
#16820270000
0!
08
#16820275000
1!
0-
b111110111 /
18
b111110111 <
b1 ?
0@
b111110111 A
b111111000 B
#16820280000
0!
08
#16820285000
1!
18
b10 ?
#16820290000
0!
08
#16820295000
1!
18
b11 ?
#16820300000
0!
08
#16820305000
1!
1-
18
b0 ?
1@
#16820310000
0!
08
#16820315000
1!
0-
b111111000 /
18
b111111000 <
b1 ?
0@
b111111000 A
b111111001 B
#16820320000
0!
08
#16820325000
1!
18
b10 ?
#16820330000
0!
08
#16820335000
1!
18
b11 ?
#16820340000
0!
08
#16820345000
1!
1-
18
b0 ?
1@
#16820350000
0!
08
#16820355000
1!
0-
b111111001 /
18
b111111001 <
b1 ?
0@
b111111001 A
b111111010 B
#16820360000
0!
08
#16820365000
1!
18
b10 ?
#16820370000
0!
08
#16820375000
1!
18
b11 ?
#16820380000
0!
08
#16820385000
1!
1-
18
b0 ?
1@
#16820390000
0!
08
#16820395000
1!
0-
b111111010 /
18
b111111010 <
b1 ?
0@
b111111010 A
b111111011 B
#16820400000
0!
08
#16820405000
1!
18
b10 ?
#16820410000
0!
08
#16820415000
1!
18
b11 ?
#16820420000
0!
08
#16820425000
1!
1-
18
b0 ?
1@
#16820430000
0!
08
#16820435000
1!
0-
b111111011 /
18
b111111011 <
b1 ?
0@
b111111011 A
b111111100 B
#16820440000
0!
08
#16820445000
1!
18
b10 ?
#16820450000
0!
08
#16820455000
1!
18
b11 ?
#16820460000
0!
08
#16820465000
1!
1-
18
b0 ?
1@
#16820470000
0!
08
#16820475000
1!
0-
b111111100 /
18
b111111100 <
b1 ?
0@
b111111100 A
b111111101 B
#16820480000
0!
08
#16820485000
1!
18
b10 ?
#16820490000
0!
08
#16820495000
1!
18
b11 ?
#16820500000
0!
08
#16820505000
1!
1-
18
b0 ?
1@
#16820510000
0!
08
#16820515000
1!
0-
b111111101 /
18
b111111101 <
b1 ?
0@
b111111101 A
b111111110 B
#16820520000
0!
08
#16820525000
1!
18
b10 ?
#16820530000
0!
08
#16820535000
1!
18
b11 ?
#16820540000
0!
08
#16820545000
1!
1-
18
b0 ?
1@
#16820550000
0!
08
#16820555000
1!
0-
b111111110 /
18
b111111110 <
b1 ?
0@
b111111110 A
b111111111 B
#16820560000
0!
08
#16820565000
1!
18
b10 ?
#16820570000
0!
08
#16820575000
1!
18
b11 ?
#16820580000
0!
08
#16820585000
1!
1-
18
b0 ?
1@
#16820590000
0!
08
#16820595000
1!
0-
b111111111 /
18
b111111111 <
b1 ?
0@
b111111111 A
b1000000000 B
#16820600000
0!
08
#16820605000
1!
18
b10 ?
#16820610000
0!
08
#16820615000
1!
18
b11 ?
#16820620000
0!
08
#16820625000
1!
1-
18
b0 ?
1@
#16820630000
0!
08
#16820635000
1!
0-
b1000000000 /
18
b1000000000 <
b1 ?
0@
b1000000000 A
b1000000001 B
#16820640000
0!
08
#16820645000
1!
18
b10 ?
#16820650000
0!
08
#16820655000
1!
18
b11 ?
#16820660000
0!
08
#16820665000
1!
1-
18
b0 ?
1@
#16820670000
0!
08
#16820675000
1!
0-
b1000000001 /
18
b1000000001 <
b1 ?
0@
b1000000001 A
b1000000010 B
#16820680000
0!
08
#16820685000
1!
18
b10 ?
#16820690000
0!
08
#16820695000
1!
18
b11 ?
#16820700000
0!
08
#16820705000
1!
1-
18
b0 ?
1@
#16820710000
0!
08
#16820715000
1!
0-
b1000000010 /
18
b1000000010 <
b1 ?
0@
b1000000010 A
b1000000011 B
#16820720000
0!
08
#16820725000
1!
18
b10 ?
#16820730000
0!
08
#16820735000
1!
18
b11 ?
#16820740000
0!
08
#16820745000
1!
1-
18
b0 ?
1@
#16820750000
0!
08
#16820755000
1!
0-
b1000000011 /
18
b1000000011 <
b1 ?
0@
b1000000011 A
b1000000100 B
#16820760000
0!
08
#16820765000
1!
18
b10 ?
#16820770000
0!
08
#16820775000
1!
18
b11 ?
#16820780000
0!
08
#16820785000
1!
1-
18
b0 ?
1@
#16820790000
0!
08
#16820795000
1!
0-
b1000000100 /
18
b1000000100 <
b1 ?
0@
b1000000100 A
b1000000101 B
#16820800000
0!
08
#16820805000
1!
18
b10 ?
#16820810000
0!
08
#16820815000
1!
18
b11 ?
#16820820000
0!
08
#16820825000
1!
1-
18
b0 ?
1@
#16820830000
0!
08
#16820835000
1!
0-
b1000000101 /
18
b1000000101 <
b1 ?
0@
b1000000101 A
b1000000110 B
#16820840000
0!
08
#16820845000
1!
18
b10 ?
#16820850000
0!
08
#16820855000
1!
18
b11 ?
#16820860000
0!
08
#16820865000
1!
1-
18
b0 ?
1@
#16820870000
0!
08
#16820875000
1!
0-
b1000000110 /
18
b1000000110 <
b1 ?
0@
b1000000110 A
b1000000111 B
#16820880000
0!
08
#16820885000
1!
18
b10 ?
#16820890000
0!
08
#16820895000
1!
18
b11 ?
#16820900000
0!
08
#16820905000
1!
1-
18
b0 ?
1@
#16820910000
0!
08
#16820915000
1!
0-
b1000000111 /
18
b1000000111 <
b1 ?
0@
b1000000111 A
b1000001000 B
#16820920000
0!
08
#16820925000
1!
18
b10 ?
#16820930000
0!
08
#16820935000
1!
18
b11 ?
#16820940000
0!
08
#16820945000
1!
1-
18
b0 ?
1@
#16820950000
0!
08
#16820955000
1!
0-
b1000001000 /
18
b1000001000 <
b1 ?
0@
b1000001000 A
b1000001001 B
#16820960000
0!
08
#16820965000
1!
18
b10 ?
#16820970000
0!
08
#16820975000
1!
18
b11 ?
#16820980000
0!
08
#16820985000
1!
1-
18
b0 ?
1@
#16820990000
0!
08
#16820995000
1!
0-
b1000001001 /
18
b1000001001 <
b1 ?
0@
b1000001001 A
b1000001010 B
#16821000000
0!
08
#16821005000
1!
18
b10 ?
#16821010000
0!
08
#16821015000
1!
18
b11 ?
#16821020000
0!
08
#16821025000
1!
1-
18
b0 ?
1@
#16821030000
0!
08
#16821035000
1!
0-
b1000001010 /
18
b1000001010 <
b1 ?
0@
b1000001010 A
b1000001011 B
#16821040000
0!
08
#16821045000
1!
18
b10 ?
#16821050000
0!
08
#16821055000
1!
18
b11 ?
#16821060000
0!
08
#16821065000
1!
1-
18
b0 ?
1@
#16821070000
0!
08
#16821075000
1!
0-
b1000001011 /
18
b1000001011 <
b1 ?
0@
b1000001011 A
b1000001100 B
#16821080000
0!
08
#16821085000
1!
18
b10 ?
#16821090000
0!
08
#16821095000
1!
18
b11 ?
#16821100000
0!
08
#16821105000
1!
1-
18
b0 ?
1@
#16821110000
0!
08
#16821115000
1!
0-
b1000001100 /
18
b1000001100 <
b1 ?
0@
b1000001100 A
b1000001101 B
#16821120000
0!
08
#16821125000
1!
18
b10 ?
#16821130000
0!
08
#16821135000
1!
18
b11 ?
#16821140000
0!
08
#16821145000
1!
1-
18
b0 ?
1@
#16821150000
0!
08
#16821155000
1!
0-
b1000001101 /
18
b1000001101 <
b1 ?
0@
b1000001101 A
b1000001110 B
#16821160000
0!
08
#16821165000
1!
18
b10 ?
#16821170000
0!
08
#16821175000
1!
18
b11 ?
#16821180000
0!
08
#16821185000
1!
1-
18
b0 ?
1@
#16821190000
0!
08
#16821195000
1!
0-
b1000001110 /
18
b1000001110 <
b1 ?
0@
b1000001110 A
b1000001111 B
#16821200000
0!
08
#16821205000
1!
18
b10 ?
#16821210000
0!
08
#16821215000
1!
18
b11 ?
#16821220000
0!
08
#16821225000
1!
1-
18
b0 ?
1@
#16821230000
0!
08
#16821235000
1!
0-
b1000001111 /
18
b1000001111 <
b1 ?
0@
b1000001111 A
b1000010000 B
#16821240000
0!
08
#16821245000
1!
18
b10 ?
#16821250000
0!
08
#16821255000
1!
18
b11 ?
#16821260000
0!
08
#16821265000
1!
1-
18
b0 ?
1@
#16821270000
0!
08
#16821275000
1!
0-
b1000010000 /
18
b1000010000 <
b1 ?
0@
b1000010000 A
b1000010001 B
#16821280000
0!
08
#16821285000
1!
18
b10 ?
#16821290000
0!
08
#16821295000
1!
18
b11 ?
#16821300000
0!
08
#16821305000
1!
1-
18
b0 ?
1@
#16821310000
0!
08
#16821315000
1!
0-
b1000010001 /
18
b1000010001 <
b1 ?
0@
b1000010001 A
b1000010010 B
#16821320000
0!
08
#16821325000
1!
18
b10 ?
#16821330000
0!
08
#16821335000
1!
18
b11 ?
#16821340000
0!
08
#16821345000
1!
1-
18
b0 ?
1@
#16821350000
0!
08
#16821355000
1!
0-
b1000010010 /
18
b1000010010 <
b1 ?
0@
b1000010010 A
b1000010011 B
#16821360000
0!
08
#16821365000
1!
18
b10 ?
#16821370000
0!
08
#16821375000
1!
18
b11 ?
#16821380000
0!
08
#16821385000
1!
1-
18
b0 ?
1@
#16821390000
0!
08
#16821395000
1!
0-
b1000010011 /
18
b1000010011 <
b1 ?
0@
b1000010011 A
b1000010100 B
#16821400000
0!
08
#16821405000
1!
18
b10 ?
#16821410000
0!
08
#16821415000
1!
18
b11 ?
#16821420000
0!
08
#16821425000
1!
1-
18
b0 ?
1@
#16821430000
0!
08
#16821435000
1!
0-
b1000010100 /
18
b1000010100 <
b1 ?
0@
b1000010100 A
b1000010101 B
#16821440000
0!
08
#16821445000
1!
18
b10 ?
#16821450000
0!
08
#16821455000
1!
18
b11 ?
#16821460000
0!
08
#16821465000
1!
1-
18
b0 ?
1@
#16821470000
0!
08
#16821475000
1!
0-
b1000010101 /
18
b1000010101 <
b1 ?
0@
b1000010101 A
b1000010110 B
#16821480000
0!
08
#16821485000
1!
18
b10 ?
#16821490000
0!
08
#16821495000
1!
18
b11 ?
#16821500000
0!
08
#16821505000
1!
1-
18
b0 ?
1@
#16821510000
0!
08
#16821515000
1!
0-
b1000010110 /
18
b1000010110 <
b1 ?
0@
b1000010110 A
b1000010111 B
#16821520000
0!
08
#16821525000
1!
18
b10 ?
#16821530000
0!
08
#16821535000
1!
18
b11 ?
#16821540000
0!
08
#16821545000
1!
1-
18
b0 ?
1@
#16821550000
0!
08
#16821555000
1!
0-
b1000010111 /
18
b1000010111 <
b1 ?
0@
b1000010111 A
b1000011000 B
#16821560000
0!
08
#16821565000
1!
18
b10 ?
#16821570000
0!
08
#16821575000
1!
18
b11 ?
#16821580000
0!
08
#16821585000
1!
1-
18
b0 ?
1@
#16821590000
0!
08
#16821595000
1!
0-
b1000011000 /
18
b1000011000 <
b1 ?
0@
b1000011000 A
b1000011001 B
#16821600000
0!
08
#16821605000
1!
18
b10 ?
#16821610000
0!
08
#16821615000
1!
18
b11 ?
#16821620000
0!
08
#16821625000
1!
1-
18
b0 ?
1@
#16821630000
0!
08
#16821635000
1!
0-
b1000011001 /
18
b1000011001 <
b1 ?
0@
b1000011001 A
b1000011010 B
#16821640000
0!
08
#16821645000
1!
18
b10 ?
#16821650000
0!
08
#16821655000
1!
18
b11 ?
#16821660000
0!
08
#16821665000
1!
1-
18
b0 ?
1@
#16821670000
0!
08
#16821675000
1!
0-
b1000011010 /
18
b1000011010 <
b1 ?
0@
b1000011010 A
b1000011011 B
#16821680000
0!
08
#16821685000
1!
18
b10 ?
#16821690000
0!
08
#16821695000
1!
18
b11 ?
#16821700000
0!
08
#16821705000
1!
1-
18
b0 ?
1@
#16821710000
0!
08
#16821715000
1!
0-
b1000011011 /
18
b1000011011 <
b1 ?
0@
b1000011011 A
b1000011100 B
#16821720000
0!
08
#16821725000
1!
18
b10 ?
#16821730000
0!
08
#16821735000
1!
18
b11 ?
#16821740000
0!
08
#16821745000
1!
1-
18
b0 ?
1@
#16821750000
0!
08
#16821755000
1!
0-
b1000011100 /
18
b1000011100 <
b1 ?
0@
b1000011100 A
b1000011101 B
#16821760000
0!
08
#16821765000
1!
18
b10 ?
#16821770000
0!
08
#16821775000
1!
18
b11 ?
#16821780000
0!
08
#16821785000
1!
1-
18
b0 ?
1@
#16821790000
0!
08
#16821795000
1!
0-
b1000011101 /
18
b1000011101 <
b1 ?
0@
b1000011101 A
b1000011110 B
#16821800000
0!
08
#16821805000
1!
18
b10 ?
#16821810000
0!
08
#16821815000
1!
18
b11 ?
#16821820000
0!
08
#16821825000
1!
1-
18
b0 ?
1@
#16821830000
0!
08
#16821835000
1!
0-
b1000011110 /
18
b1000011110 <
b1 ?
0@
b1000011110 A
b1000011111 B
#16821840000
0!
08
#16821845000
1!
18
b10 ?
#16821850000
0!
08
#16821855000
1!
18
b11 ?
#16821860000
0!
08
#16821865000
1!
1-
18
b0 ?
1@
#16821870000
0!
08
#16821875000
1!
0-
b1000011111 /
18
b1000011111 <
b1 ?
0@
b1000011111 A
b1000100000 B
#16821880000
0!
08
#16821885000
1!
18
b10 ?
#16821890000
0!
08
#16821895000
1!
18
b11 ?
#16821900000
0!
08
#16821905000
1!
1-
18
b0 ?
1@
#16821910000
0!
08
#16821915000
1!
0-
b1000100000 /
18
b1000100000 <
b1 ?
0@
b1000100000 A
b1000100001 B
#16821920000
0!
08
#16821925000
1!
18
b10 ?
#16821930000
0!
08
#16821935000
1!
18
b11 ?
#16821940000
0!
08
#16821945000
1!
1-
18
b0 ?
1@
#16821950000
0!
08
#16821955000
1!
0-
b1000100001 /
18
b1000100001 <
b1 ?
0@
b1000100001 A
b1000100010 B
#16821960000
0!
08
#16821965000
1!
18
b10 ?
#16821970000
0!
08
#16821975000
1!
18
b11 ?
#16821980000
0!
08
#16821985000
1!
1-
18
b0 ?
1@
#16821990000
0!
08
#16821995000
1!
0-
b1000100010 /
18
b1000100010 <
b1 ?
0@
b1000100010 A
b1000100011 B
#16822000000
0!
08
#16822005000
1!
18
b10 ?
#16822010000
0!
08
#16822015000
1!
18
b11 ?
#16822020000
0!
08
#16822025000
1!
1-
18
b0 ?
1@
#16822030000
0!
08
#16822035000
1!
0-
b1000100011 /
18
b1000100011 <
b1 ?
0@
b1000100011 A
b1000100100 B
#16822040000
0!
08
#16822045000
1!
18
b10 ?
#16822050000
0!
08
#16822055000
1!
18
b11 ?
#16822060000
0!
08
#16822065000
1!
1-
18
b0 ?
1@
#16822070000
0!
08
#16822075000
1!
0-
b1000100100 /
18
b1000100100 <
b1 ?
0@
b1000100100 A
b1000100101 B
#16822080000
0!
08
#16822085000
1!
18
b10 ?
#16822090000
0!
08
#16822095000
1!
18
b11 ?
#16822100000
0!
08
#16822105000
1!
1-
18
b0 ?
1@
#16822110000
0!
08
#16822115000
1!
0-
b1000100101 /
18
b1000100101 <
b1 ?
0@
b1000100101 A
b1000100110 B
#16822120000
0!
08
#16822125000
1!
18
b10 ?
#16822130000
0!
08
#16822135000
1!
18
b11 ?
#16822140000
0!
08
#16822145000
1!
1-
18
b0 ?
1@
#16822150000
0!
08
#16822155000
1!
0-
b1000100110 /
18
b1000100110 <
b1 ?
0@
b1000100110 A
b1000100111 B
#16822160000
0!
08
#16822165000
1!
18
b10 ?
#16822170000
0!
08
#16822175000
1!
18
b11 ?
#16822180000
0!
08
#16822185000
1!
1-
18
b0 ?
1@
#16822190000
0!
08
#16822195000
1!
0-
b1000100111 /
18
b1000100111 <
b1 ?
0@
b1000100111 A
b1000101000 B
#16822200000
0!
08
#16822205000
1!
18
b10 ?
#16822210000
0!
08
#16822215000
1!
18
b11 ?
#16822220000
0!
08
#16822225000
1!
1-
18
b0 ?
1@
#16822230000
0!
08
#16822235000
1!
0-
b1000101000 /
18
b1000101000 <
b1 ?
0@
b1000101000 A
b1000101001 B
#16822240000
0!
08
#16822245000
1!
18
b10 ?
#16822250000
0!
08
#16822255000
1!
18
b11 ?
#16822260000
0!
08
#16822265000
1!
1-
18
b0 ?
1@
#16822270000
0!
08
#16822275000
1!
0-
b1000101001 /
18
b1000101001 <
b1 ?
0@
b1000101001 A
b1000101010 B
#16822280000
0!
08
#16822285000
1!
18
b10 ?
#16822290000
0!
08
#16822295000
1!
18
b11 ?
#16822300000
0!
08
#16822305000
1!
1-
18
b0 ?
1@
#16822310000
0!
08
#16822315000
1!
0-
b1000101010 /
18
b1000101010 <
b1 ?
0@
b1000101010 A
b1000101011 B
#16822320000
0!
08
#16822325000
1!
18
b10 ?
#16822330000
0!
08
#16822335000
1!
18
b11 ?
#16822340000
0!
08
#16822345000
1!
1-
18
b0 ?
1@
#16822350000
0!
08
#16822355000
1!
0-
b1000101011 /
18
b1000101011 <
b1 ?
0@
b1000101011 A
b1000101100 B
#16822360000
0!
08
#16822365000
1!
18
b10 ?
#16822370000
0!
08
#16822375000
1!
18
b11 ?
#16822380000
0!
08
#16822385000
1!
1-
18
b0 ?
1@
#16822390000
0!
08
#16822395000
1!
0-
b1000101100 /
18
b1000101100 <
b1 ?
0@
b1000101100 A
b1000101101 B
#16822400000
0!
08
#16822405000
1!
18
b10 ?
#16822410000
0!
08
#16822415000
1!
18
b11 ?
#16822420000
0!
08
#16822425000
1!
1-
18
b0 ?
1@
#16822430000
0!
08
#16822435000
1!
0-
b1000101101 /
18
b1000101101 <
b1 ?
0@
b1000101101 A
b1000101110 B
#16822440000
0!
08
#16822445000
1!
18
b10 ?
#16822450000
0!
08
#16822455000
1!
18
b11 ?
#16822460000
0!
08
#16822465000
1!
1-
18
b0 ?
1@
#16822470000
0!
08
#16822475000
1!
0-
b1000101110 /
18
b1000101110 <
b1 ?
0@
b1000101110 A
b1000101111 B
#16822480000
0!
08
#16822485000
1!
18
b10 ?
#16822490000
0!
08
#16822495000
1!
18
b11 ?
#16822500000
0!
08
#16822505000
1!
1-
18
b0 ?
1@
#16822510000
0!
08
#16822515000
1!
0-
b1000101111 /
18
b1000101111 <
b1 ?
0@
b1000101111 A
b1000110000 B
#16822520000
0!
08
#16822525000
1!
18
b10 ?
#16822530000
0!
08
#16822535000
1!
18
b11 ?
#16822540000
0!
08
#16822545000
1!
1-
18
b0 ?
1@
#16822550000
0!
08
#16822555000
1!
b0 )
0-
b1000110000 /
18
b1000110000 <
b0 >
b1 ?
0@
b1000110000 A
b1000110001 B
#16822560000
0!
08
#16822565000
1!
18
b10 ?
#16822570000
0!
08
#16822575000
1!
18
b11 ?
#16822580000
0!
08
#16822585000
1!
1-
18
b0 ?
1@
#16822590000
0!
08
#16822595000
1!
0-
b1000110001 /
18
b1000110001 <
b1 ?
0@
b1000110001 A
b1000110010 B
#16822600000
0!
08
#16822605000
1!
18
b10 ?
#16822610000
0!
08
#16822615000
1!
18
b11 ?
#16822620000
0!
08
#16822625000
1!
1-
18
b0 ?
1@
#16822630000
0!
08
#16822635000
1!
0-
b1000110010 /
18
b1000110010 <
b1 ?
0@
b1000110010 A
b1000110011 B
#16822640000
0!
08
#16822645000
1!
18
b10 ?
#16822650000
0!
08
#16822655000
1!
18
b11 ?
#16822660000
0!
08
#16822665000
1!
1-
18
b0 ?
1@
#16822670000
0!
08
#16822675000
1!
0-
b1000110011 /
18
b1000110011 <
b1 ?
0@
b1000110011 A
b1000110100 B
#16822680000
0!
08
#16822685000
1!
18
b10 ?
#16822690000
0!
08
#16822695000
1!
18
b11 ?
#16822700000
0!
08
#16822705000
1!
1-
18
b0 ?
1@
#16822710000
0!
08
#16822715000
1!
0-
b1000110100 /
18
b1000110100 <
b1 ?
0@
b1000110100 A
b1000110101 B
#16822720000
0!
08
#16822725000
1!
18
b10 ?
#16822730000
0!
08
#16822735000
1!
18
b11 ?
#16822740000
0!
08
#16822745000
1!
1-
18
b0 ?
1@
#16822750000
0!
08
#16822755000
1!
0-
b1000110101 /
18
b1000110101 <
b1 ?
0@
b1000110101 A
b1000110110 B
#16822760000
0!
08
#16822765000
1!
18
b10 ?
#16822770000
0!
08
#16822775000
1!
18
b11 ?
#16822780000
0!
08
#16822785000
1!
1-
18
b0 ?
1@
#16822790000
0!
08
#16822795000
1!
0-
b1000110110 /
18
b1000110110 <
b1 ?
0@
b1000110110 A
b1000110111 B
#16822800000
0!
08
#16822805000
1!
18
b10 ?
#16822810000
0!
08
#16822815000
1!
18
b11 ?
#16822820000
0!
08
#16822825000
1!
1-
18
b0 ?
1@
#16822830000
0!
08
#16822835000
1!
0-
b1000110111 /
18
b1000110111 <
b1 ?
0@
b1000110111 A
b1000111000 B
#16822840000
0!
08
#16822845000
1!
18
b10 ?
#16822850000
0!
08
#16822855000
1!
18
b11 ?
#16822860000
0!
08
#16822865000
1!
1-
18
b0 ?
1@
#16822870000
0!
08
#16822875000
1!
0-
b1000111000 /
18
b1000111000 <
b1 ?
0@
b1000111000 A
b1000111001 B
#16822880000
0!
08
#16822885000
1!
18
b10 ?
#16822890000
0!
08
#16822895000
1!
18
b11 ?
#16822900000
0!
08
#16822905000
1!
1-
18
b0 ?
1@
#16822910000
0!
08
#16822915000
1!
0-
b1000111001 /
18
b1000111001 <
b1 ?
0@
b1000111001 A
b1000111010 B
#16822920000
0!
08
#16822925000
1!
18
b10 ?
#16822930000
0!
08
#16822935000
1!
18
b11 ?
#16822940000
0!
08
#16822945000
1!
1-
18
b0 ?
1@
#16822950000
0!
08
#16822955000
1!
0-
b1000111010 /
18
b1000111010 <
b1 ?
0@
b1000111010 A
b1000111011 B
#16822960000
0!
08
#16822965000
1!
18
b10 ?
#16822970000
0!
08
#16822975000
1!
18
b11 ?
#16822980000
0!
08
#16822985000
1!
1-
18
b0 ?
1@
#16822990000
0!
08
#16822995000
1!
0-
b1000111011 /
18
b1000111011 <
b1 ?
0@
b1000111011 A
b1000111100 B
#16823000000
0!
08
#16823005000
1!
18
b10 ?
#16823010000
0!
08
#16823015000
1!
18
b11 ?
#16823020000
0!
08
#16823025000
1!
1-
18
b0 ?
1@
#16823030000
0!
08
#16823035000
1!
0-
b1000111100 /
18
b1000111100 <
b1 ?
0@
b1000111100 A
b1000111101 B
#16823040000
0!
08
#16823045000
1!
18
b10 ?
#16823050000
0!
08
#16823055000
1!
18
b11 ?
#16823060000
0!
08
#16823065000
1!
1-
18
b0 ?
1@
#16823070000
0!
08
#16823075000
1!
0-
b1000111101 /
18
b1000111101 <
b1 ?
0@
b1000111101 A
b1000111110 B
#16823080000
0!
08
#16823085000
1!
18
b10 ?
#16823090000
0!
08
#16823095000
1!
18
b11 ?
#16823100000
0!
08
#16823105000
1!
1-
18
b0 ?
1@
#16823110000
0!
08
#16823115000
1!
0-
b1000111110 /
18
b1000111110 <
b1 ?
0@
b1000111110 A
b1000111111 B
#16823120000
0!
08
#16823125000
1!
18
b10 ?
#16823130000
0!
08
#16823135000
1!
18
b11 ?
#16823140000
0!
08
#16823145000
1!
1-
18
b0 ?
1@
#16823150000
0!
08
#16823155000
1!
0-
b1000111111 /
18
b1000111111 <
b1 ?
0@
b1000111111 A
b1001000000 B
#16823160000
0!
08
#16823165000
1!
18
b10 ?
#16823170000
0!
08
#16823175000
1!
18
b11 ?
#16823180000
0!
08
#16823185000
1!
1-
18
b0 ?
1@
#16823190000
0!
08
#16823195000
1!
0-
b1001000000 /
18
b1001000000 <
b1 ?
0@
b1001000000 A
b1001000001 B
#16823200000
0!
08
#16823205000
1!
18
b10 ?
#16823210000
0!
08
#16823215000
1!
18
b11 ?
#16823220000
0!
08
#16823225000
1!
1-
18
b0 ?
1@
#16823230000
0!
08
#16823235000
1!
0-
b1001000001 /
18
b1001000001 <
b1 ?
0@
b1001000001 A
b1001000010 B
#16823240000
0!
08
#16823245000
1!
18
b10 ?
#16823250000
0!
08
#16823255000
1!
18
b11 ?
#16823260000
0!
08
#16823265000
1!
1-
18
b0 ?
1@
#16823270000
0!
08
#16823275000
1!
0-
b1001000010 /
18
b1001000010 <
b1 ?
0@
b1001000010 A
b1001000011 B
#16823280000
0!
08
#16823285000
1!
18
b10 ?
#16823290000
0!
08
#16823295000
1!
18
b11 ?
#16823300000
0!
08
#16823305000
1!
1-
18
b0 ?
1@
#16823310000
0!
08
#16823315000
1!
0-
b1001000011 /
18
b1001000011 <
b1 ?
0@
b1001000011 A
b1001000100 B
#16823320000
0!
08
#16823325000
1!
18
b10 ?
#16823330000
0!
08
#16823335000
1!
18
b11 ?
#16823340000
0!
08
#16823345000
1!
1-
18
b0 ?
1@
#16823350000
0!
08
#16823355000
1!
0-
b1001000100 /
18
b1001000100 <
b1 ?
0@
b1001000100 A
b1001000101 B
#16823360000
0!
08
#16823365000
1!
18
b10 ?
#16823370000
0!
08
#16823375000
1!
18
b11 ?
#16823380000
0!
08
#16823385000
1!
1-
18
b0 ?
1@
#16823390000
0!
08
#16823395000
1!
0-
b1001000101 /
18
b1001000101 <
b1 ?
0@
b1001000101 A
b1001000110 B
#16823400000
0!
08
#16823405000
1!
18
b10 ?
#16823410000
0!
08
#16823415000
1!
18
b11 ?
#16823420000
0!
08
#16823425000
1!
1-
18
b0 ?
1@
#16823430000
0!
08
#16823435000
1!
0-
b1001000110 /
18
b1001000110 <
b1 ?
0@
b1001000110 A
b1001000111 B
#16823440000
0!
08
#16823445000
1!
18
b10 ?
#16823450000
0!
08
#16823455000
1!
18
b11 ?
#16823460000
0!
08
#16823465000
1!
1-
18
b0 ?
1@
#16823470000
0!
08
#16823475000
1!
0-
b1001000111 /
18
b1001000111 <
b1 ?
0@
b1001000111 A
b1001001000 B
#16823480000
0!
08
#16823485000
1!
18
b10 ?
#16823490000
0!
08
#16823495000
1!
18
b11 ?
#16823500000
0!
08
#16823505000
1!
1-
18
b0 ?
1@
#16823510000
0!
08
#16823515000
1!
0-
b1001001000 /
18
b1001001000 <
b1 ?
0@
b1001001000 A
b1001001001 B
#16823520000
0!
08
#16823525000
1!
18
b10 ?
#16823530000
0!
08
#16823535000
1!
18
b11 ?
#16823540000
0!
08
#16823545000
1!
1-
18
b0 ?
1@
#16823550000
0!
08
#16823555000
1!
0-
b1001001001 /
18
b1001001001 <
b1 ?
0@
b1001001001 A
b1001001010 B
#16823560000
0!
08
#16823565000
1!
18
b10 ?
#16823570000
0!
08
#16823575000
1!
18
b11 ?
#16823580000
0!
08
#16823585000
1!
1-
18
b0 ?
1@
#16823590000
0!
08
#16823595000
1!
0-
b1001001010 /
18
b1001001010 <
b1 ?
0@
b1001001010 A
b1001001011 B
#16823600000
0!
08
#16823605000
1!
18
b10 ?
#16823610000
0!
08
#16823615000
1!
18
b11 ?
#16823620000
0!
08
#16823625000
1!
1-
18
b0 ?
1@
#16823630000
0!
08
#16823635000
1!
0-
b1001001011 /
18
b1001001011 <
b1 ?
0@
b1001001011 A
b1001001100 B
#16823640000
0!
08
#16823645000
1!
18
b10 ?
#16823650000
0!
08
#16823655000
1!
18
b11 ?
#16823660000
0!
08
#16823665000
1!
1-
18
b0 ?
1@
#16823670000
0!
08
#16823675000
1!
0-
b1001001100 /
18
b1001001100 <
b1 ?
0@
b1001001100 A
b1001001101 B
#16823680000
0!
08
#16823685000
1!
18
b10 ?
#16823690000
0!
08
#16823695000
1!
18
b11 ?
#16823700000
0!
08
#16823705000
1!
1-
18
b0 ?
1@
#16823710000
0!
08
#16823715000
1!
0-
b1001001101 /
18
b1001001101 <
b1 ?
0@
b1001001101 A
b1001001110 B
#16823720000
0!
08
#16823725000
1!
18
b10 ?
#16823730000
0!
08
#16823735000
1!
18
b11 ?
#16823740000
0!
08
#16823745000
1!
1-
18
b0 ?
1@
#16823750000
0!
08
#16823755000
1!
0-
b1001001110 /
18
b1001001110 <
b1 ?
0@
b1001001110 A
b1001001111 B
#16823760000
0!
08
#16823765000
1!
18
b10 ?
#16823770000
0!
08
#16823775000
1!
18
b11 ?
#16823780000
0!
08
#16823785000
1!
1-
18
b0 ?
1@
#16823790000
0!
08
#16823795000
1!
0-
b1001001111 /
18
b1001001111 <
b1 ?
0@
b1001001111 A
b1001010000 B
#16823800000
0!
08
#16823805000
1!
18
b10 ?
#16823810000
0!
08
#16823815000
1!
18
b11 ?
#16823820000
0!
08
#16823825000
1!
1-
18
b0 ?
1@
#16823830000
0!
08
#16823835000
1!
0-
b1001010000 /
18
b1001010000 <
b1 ?
0@
b1001010000 A
b1001010001 B
#16823840000
0!
08
#16823845000
1!
18
b10 ?
#16823850000
0!
08
#16823855000
1!
18
b11 ?
#16823860000
0!
08
#16823865000
1!
1-
18
b0 ?
1@
#16823870000
0!
08
#16823875000
1!
0-
b1001010001 /
18
b1001010001 <
b1 ?
0@
b1001010001 A
b1001010010 B
#16823880000
0!
08
#16823885000
1!
18
b10 ?
#16823890000
0!
08
#16823895000
1!
18
b11 ?
#16823900000
0!
08
#16823905000
1!
1-
18
b0 ?
1@
#16823910000
0!
08
#16823915000
1!
0-
b1001010010 /
18
b1001010010 <
b1 ?
0@
b1001010010 A
b1001010011 B
#16823920000
0!
08
#16823925000
1!
18
b10 ?
#16823930000
0!
08
#16823935000
1!
18
b11 ?
#16823940000
0!
08
#16823945000
1!
1-
18
b0 ?
1@
#16823950000
0!
08
#16823955000
1!
0-
b1001010011 /
18
b1001010011 <
b1 ?
0@
b1001010011 A
b1001010100 B
#16823960000
0!
08
#16823965000
1!
18
b10 ?
#16823970000
0!
08
#16823975000
1!
18
b11 ?
#16823980000
0!
08
#16823985000
1!
1-
18
b0 ?
1@
#16823990000
0!
08
#16823995000
1!
0-
b1001010100 /
18
b1001010100 <
b1 ?
0@
b1001010100 A
b1001010101 B
#16824000000
0!
08
#16824005000
1!
18
b10 ?
#16824010000
0!
08
#16824015000
1!
18
b11 ?
#16824020000
0!
08
#16824025000
1!
1-
18
b0 ?
1@
#16824030000
0!
08
#16824035000
1!
0-
b1001010101 /
18
b1001010101 <
b1 ?
0@
b1001010101 A
b1001010110 B
#16824040000
0!
08
#16824045000
1!
18
b10 ?
#16824050000
0!
08
#16824055000
1!
18
b11 ?
#16824060000
0!
08
#16824065000
1!
1-
18
b0 ?
1@
#16824070000
0!
08
#16824075000
1!
0-
b1001010110 /
18
b1001010110 <
b1 ?
0@
b1001010110 A
b1001010111 B
#16824080000
0!
08
#16824085000
1!
18
b10 ?
#16824090000
0!
08
#16824095000
1!
18
b11 ?
#16824100000
0!
08
#16824105000
1!
1-
18
b0 ?
1@
#16824110000
0!
08
#16824115000
1!
0-
b1001010111 /
18
b1001010111 <
b1 ?
0@
b1001010111 A
b1001011000 B
#16824120000
0!
08
#16824125000
1!
18
b10 ?
#16824130000
0!
08
#16824135000
1!
18
b11 ?
#16824140000
0!
08
#16824145000
1!
1-
18
b0 ?
1@
#16824150000
0!
08
#16824155000
1!
0-
b1001011000 /
18
b1001011000 <
b1 ?
0@
b1001011000 A
b1001011001 B
#16824160000
0!
08
#16824165000
1!
18
b10 ?
#16824170000
0!
08
#16824175000
1!
18
b11 ?
#16824180000
0!
08
#16824185000
1!
1-
18
b0 ?
1@
#16824190000
0!
08
#16824195000
1!
0-
b1001011001 /
18
b1001011001 <
b1 ?
0@
b1001011001 A
b1001011010 B
#16824200000
0!
08
#16824205000
1!
18
b10 ?
#16824210000
0!
08
#16824215000
1!
18
b11 ?
#16824220000
0!
08
#16824225000
1!
1-
18
b0 ?
1@
#16824230000
0!
08
#16824235000
1!
0-
b1001011010 /
18
b1001011010 <
b1 ?
0@
b1001011010 A
b1001011011 B
#16824240000
0!
08
#16824245000
1!
18
b10 ?
#16824250000
0!
08
#16824255000
1!
18
b11 ?
#16824260000
0!
08
#16824265000
1!
1-
18
b0 ?
1@
#16824270000
0!
08
#16824275000
1!
0-
b1001011011 /
18
b1001011011 <
b1 ?
0@
b1001011011 A
b1001011100 B
#16824280000
0!
08
#16824285000
1!
18
b10 ?
#16824290000
0!
08
#16824295000
1!
18
b11 ?
#16824300000
0!
08
#16824305000
1!
1-
18
b0 ?
1@
#16824310000
0!
08
#16824315000
1!
0-
b1001011100 /
18
b1001011100 <
b1 ?
0@
b1001011100 A
b1001011101 B
#16824320000
0!
08
#16824325000
1!
18
b10 ?
#16824330000
0!
08
#16824335000
1!
18
b11 ?
#16824340000
0!
08
#16824345000
1!
1-
18
b0 ?
1@
#16824350000
0!
08
#16824355000
1!
0-
b1001011101 /
18
b1001011101 <
b1 ?
0@
b1001011101 A
b1001011110 B
#16824360000
0!
08
#16824365000
1!
18
b10 ?
#16824370000
0!
08
#16824375000
1!
18
b11 ?
#16824380000
0!
08
#16824385000
1!
1-
18
b0 ?
1@
#16824390000
0!
08
#16824395000
1!
0-
b1001011110 /
18
b1001011110 <
b1 ?
0@
b1001011110 A
b1001011111 B
#16824400000
0!
08
#16824405000
1!
18
b10 ?
#16824410000
0!
08
#16824415000
1!
18
b11 ?
#16824420000
0!
08
#16824425000
1!
1-
18
b0 ?
1@
#16824430000
0!
08
#16824435000
1!
0-
b1001011111 /
18
b1001011111 <
b1 ?
0@
b1001011111 A
b1001100000 B
#16824440000
0!
08
#16824445000
1!
18
b10 ?
#16824450000
0!
08
#16824455000
1!
18
b11 ?
#16824460000
0!
08
#16824465000
1!
1-
18
b0 ?
1@
#16824470000
0!
08
#16824475000
1!
0-
b1001100000 /
18
b1001100000 <
b1 ?
0@
b1001100000 A
b1001100001 B
#16824480000
0!
08
#16824485000
1!
18
b10 ?
#16824490000
0!
08
#16824495000
1!
18
b11 ?
#16824500000
0!
08
#16824505000
1!
1-
18
b0 ?
1@
#16824510000
0!
08
#16824515000
1!
0-
b1001100001 /
18
b1001100001 <
b1 ?
0@
b1001100001 A
b1001100010 B
#16824520000
0!
08
#16824525000
1!
18
b10 ?
#16824530000
0!
08
#16824535000
1!
18
b11 ?
#16824540000
0!
08
#16824545000
1!
1-
18
b0 ?
1@
#16824550000
0!
08
#16824555000
1!
0-
b1001100010 /
18
b1001100010 <
b1 ?
0@
b1001100010 A
b1001100011 B
#16824560000
0!
08
#16824565000
1!
18
b10 ?
#16824570000
0!
08
#16824575000
1!
18
b11 ?
#16824580000
0!
08
#16824585000
1!
1-
18
b0 ?
1@
#16824590000
0!
08
#16824595000
1!
0-
b1001100011 /
18
b1001100011 <
b1 ?
0@
b1001100011 A
b1001100100 B
#16824600000
0!
08
#16824605000
1!
18
b10 ?
#16824610000
0!
08
#16824615000
1!
18
b11 ?
#16824620000
0!
08
#16824625000
1!
1-
18
b0 ?
1@
#16824630000
0!
08
#16824635000
1!
0-
b1001100100 /
18
b1001100100 <
b1 ?
0@
b1001100100 A
b1001100101 B
#16824640000
0!
08
#16824645000
1!
18
b10 ?
#16824650000
0!
08
#16824655000
1!
18
b11 ?
#16824660000
0!
08
#16824665000
1!
1-
18
b0 ?
1@
#16824670000
0!
08
#16824675000
1!
0-
b1001100101 /
18
b1001100101 <
b1 ?
0@
b1001100101 A
b1001100110 B
#16824680000
0!
08
#16824685000
1!
18
b10 ?
#16824690000
0!
08
#16824695000
1!
18
b11 ?
#16824700000
0!
08
#16824705000
1!
1-
18
b0 ?
1@
#16824710000
0!
08
#16824715000
1!
0-
b1001100110 /
18
b1001100110 <
b1 ?
0@
b1001100110 A
b1001100111 B
#16824720000
0!
08
#16824725000
1!
18
b10 ?
#16824730000
0!
08
#16824735000
1!
18
b11 ?
#16824740000
0!
08
#16824745000
1!
1-
18
b0 ?
1@
#16824750000
0!
08
#16824755000
1!
0-
b1001100111 /
18
b1001100111 <
b1 ?
0@
b1001100111 A
b1001101000 B
#16824760000
0!
08
#16824765000
1!
18
b10 ?
#16824770000
0!
08
#16824775000
1!
18
b11 ?
#16824780000
0!
08
#16824785000
1!
1-
18
b0 ?
1@
#16824790000
0!
08
#16824795000
1!
0-
b1001101000 /
18
b1001101000 <
b1 ?
0@
b1001101000 A
b1001101001 B
#16824800000
0!
08
#16824805000
1!
18
b10 ?
#16824810000
0!
08
#16824815000
1!
18
b11 ?
#16824820000
0!
08
#16824825000
1!
1-
18
b0 ?
1@
#16824830000
0!
08
#16824835000
1!
0-
b1001101001 /
18
b1001101001 <
b1 ?
0@
b1001101001 A
b1001101010 B
#16824840000
0!
08
#16824845000
1!
18
b10 ?
#16824850000
0!
08
#16824855000
1!
18
b11 ?
#16824860000
0!
08
#16824865000
1!
1-
18
b0 ?
1@
#16824870000
0!
08
#16824875000
1!
0-
b1001101010 /
18
b1001101010 <
b1 ?
0@
b1001101010 A
b1001101011 B
#16824880000
0!
08
#16824885000
1!
18
b10 ?
#16824890000
0!
08
#16824895000
1!
18
b11 ?
#16824900000
0!
08
#16824905000
1!
1-
18
b0 ?
1@
#16824910000
0!
08
#16824915000
1!
0-
b1001101011 /
18
b1001101011 <
b1 ?
0@
b1001101011 A
b1001101100 B
#16824920000
0!
08
#16824925000
1!
18
b10 ?
#16824930000
0!
08
#16824935000
1!
18
b11 ?
#16824940000
0!
08
#16824945000
1!
1-
18
b0 ?
1@
#16824950000
0!
08
#16824955000
1!
0-
b1001101100 /
18
b1001101100 <
b1 ?
0@
b1001101100 A
b1001101101 B
#16824960000
0!
08
#16824965000
1!
18
b10 ?
#16824970000
0!
08
#16824975000
1!
18
b11 ?
#16824980000
0!
08
#16824985000
1!
1-
18
b0 ?
1@
#16824990000
0!
08
#16824995000
1!
0-
b1001101101 /
18
b1001101101 <
b1 ?
0@
b1001101101 A
b1001101110 B
#16825000000
0!
08
#16825005000
1!
18
b10 ?
#16825010000
0!
08
#16825015000
1!
18
b11 ?
#16825020000
0!
08
#16825025000
1!
1-
18
b0 ?
1@
#16825030000
0!
08
#16825035000
1!
0-
b1001101110 /
18
b1001101110 <
b1 ?
0@
b1001101110 A
b1001101111 B
#16825040000
0!
08
#16825045000
1!
18
b10 ?
#16825050000
0!
08
#16825055000
1!
18
b11 ?
#16825060000
0!
08
#16825065000
1!
1-
18
b0 ?
1@
#16825070000
0!
08
#16825075000
1!
0-
b1001101111 /
18
b1001101111 <
b1 ?
0@
b1001101111 A
b1001110000 B
#16825080000
0!
08
#16825085000
1!
18
b10 ?
#16825090000
0!
08
#16825095000
1!
18
b11 ?
#16825100000
0!
08
#16825105000
1!
1-
18
b0 ?
1@
#16825110000
0!
08
#16825115000
1!
0-
b1001110000 /
18
b1001110000 <
b1 ?
0@
b1001110000 A
b1001110001 B
#16825120000
0!
08
#16825125000
1!
18
b10 ?
#16825130000
0!
08
#16825135000
1!
18
b11 ?
#16825140000
0!
08
#16825145000
1!
1-
18
b0 ?
1@
#16825150000
0!
08
#16825155000
1!
0-
b1001110001 /
18
b1001110001 <
b1 ?
0@
b1001110001 A
b1001110010 B
#16825160000
0!
08
#16825165000
1!
18
b10 ?
#16825170000
0!
08
#16825175000
1!
18
b11 ?
#16825180000
0!
08
#16825185000
1!
1-
18
b0 ?
1@
#16825190000
0!
08
#16825195000
1!
0-
b1001110010 /
18
b1001110010 <
b1 ?
0@
b1001110010 A
b1001110011 B
#16825200000
0!
08
#16825205000
1!
18
b10 ?
#16825210000
0!
08
#16825215000
1!
18
b11 ?
#16825220000
0!
08
#16825225000
1!
1-
18
b0 ?
1@
#16825230000
0!
08
#16825235000
1!
0-
b1001110011 /
18
b1001110011 <
b1 ?
0@
b1001110011 A
b1001110100 B
#16825240000
0!
08
#16825245000
1!
18
b10 ?
#16825250000
0!
08
#16825255000
1!
18
b11 ?
#16825260000
0!
08
#16825265000
1!
1-
18
b0 ?
1@
#16825270000
0!
08
#16825275000
1!
0-
b1001110100 /
18
b1001110100 <
b1 ?
0@
b1001110100 A
b1001110101 B
#16825280000
0!
08
#16825285000
1!
18
b10 ?
#16825290000
0!
08
#16825295000
1!
18
b11 ?
#16825300000
0!
08
#16825305000
1!
1-
18
b0 ?
1@
#16825310000
0!
08
#16825315000
1!
0-
b1001110101 /
18
b1001110101 <
b1 ?
0@
b1001110101 A
b1001110110 B
#16825320000
0!
08
#16825325000
1!
18
b10 ?
#16825330000
0!
08
#16825335000
1!
18
b11 ?
#16825340000
0!
08
#16825345000
1!
1-
18
b0 ?
1@
#16825350000
0!
08
#16825355000
1!
0-
b1001110110 /
18
b1001110110 <
b1 ?
0@
b1001110110 A
b1001110111 B
#16825360000
0!
08
#16825365000
1!
18
b10 ?
#16825370000
0!
08
#16825375000
1!
18
b11 ?
#16825380000
0!
08
#16825385000
1!
1-
18
b0 ?
1@
#16825390000
0!
08
#16825395000
1!
0-
b1001110111 /
18
b1001110111 <
b1 ?
0@
b1001110111 A
b1001111000 B
#16825400000
0!
08
#16825405000
1!
18
b10 ?
#16825410000
0!
08
#16825415000
1!
18
b11 ?
#16825420000
0!
08
#16825425000
1!
1-
18
b0 ?
1@
#16825430000
0!
08
#16825435000
1!
0-
b1001111000 /
18
b1001111000 <
b1 ?
0@
b1001111000 A
b1001111001 B
#16825440000
0!
08
#16825445000
1!
18
b10 ?
#16825450000
0!
08
#16825455000
1!
18
b11 ?
#16825460000
0!
08
#16825465000
1!
1-
18
b0 ?
1@
#16825470000
0!
08
#16825475000
1!
0-
b1001111001 /
18
b1001111001 <
b1 ?
0@
b1001111001 A
b1001111010 B
#16825480000
0!
08
#16825485000
1!
18
b10 ?
#16825490000
0!
08
#16825495000
1!
18
b11 ?
#16825500000
0!
08
#16825505000
1!
1-
18
b0 ?
1@
#16825510000
0!
08
#16825515000
1!
0-
b1001111010 /
18
b1001111010 <
b1 ?
0@
b1001111010 A
b1001111011 B
#16825520000
0!
08
#16825525000
1!
18
b10 ?
#16825530000
0!
08
#16825535000
1!
18
b11 ?
#16825540000
0!
08
#16825545000
1!
1-
18
b0 ?
1@
#16825550000
0!
08
#16825555000
1!
0-
b1001111011 /
18
b1001111011 <
b1 ?
0@
b1001111011 A
b1001111100 B
#16825560000
0!
08
#16825565000
1!
18
b10 ?
#16825570000
0!
08
#16825575000
1!
18
b11 ?
#16825580000
0!
08
#16825585000
1!
1-
18
b0 ?
1@
#16825590000
0!
08
#16825595000
1!
0-
b1001111100 /
18
b1001111100 <
b1 ?
0@
b1001111100 A
b1001111101 B
#16825600000
0!
08
#16825605000
1!
18
b10 ?
#16825610000
0!
08
#16825615000
1!
18
b11 ?
#16825620000
0!
08
#16825625000
1!
1-
18
b0 ?
1@
#16825630000
0!
08
#16825635000
1!
0-
b1001111101 /
18
b1001111101 <
b1 ?
0@
b1001111101 A
b1001111110 B
#16825640000
0!
08
#16825645000
1!
18
b10 ?
#16825650000
0!
08
#16825655000
1!
18
b11 ?
#16825660000
0!
08
#16825665000
1!
1-
18
b0 ?
1@
#16825670000
0!
08
#16825675000
1!
0-
b1001111110 /
18
b1001111110 <
b1 ?
0@
b1001111110 A
b1001111111 B
#16825680000
0!
08
#16825685000
1!
18
b10 ?
#16825690000
0!
08
#16825695000
1!
18
b11 ?
#16825700000
0!
08
#16825705000
1!
1-
18
b0 ?
1@
#16825710000
0!
08
#16825715000
1!
0-
b1001111111 /
18
b1001111111 <
b1 ?
0@
b1001111111 A
b1010000000 B
#16825720000
0!
08
#16825725000
1!
18
b10 ?
#16825730000
0!
08
#16825735000
1!
18
b11 ?
#16825740000
0!
08
#16825745000
1!
1-
18
b0 ?
1@
#16825750000
0!
08
#16825755000
1!
b0 &
0-
0.
b1010000000 /
18
0;
b1010000000 <
b1 ?
0@
b1010000000 A
b1010000001 B
#16825760000
0!
08
#16825765000
1!
18
b10 ?
#16825770000
0!
08
#16825775000
1!
18
b11 ?
#16825780000
0!
08
#16825785000
1!
1-
18
b0 ?
1@
#16825790000
0!
08
#16825795000
1!
0-
b1010000001 /
18
b1010000001 <
b1 ?
0@
b1010000001 A
b1010000010 B
#16825800000
0!
08
#16825805000
1!
18
b10 ?
#16825810000
0!
08
#16825815000
1!
18
b11 ?
#16825820000
0!
08
#16825825000
1!
1-
18
b0 ?
1@
#16825830000
0!
08
#16825835000
1!
0-
b1010000010 /
18
b1010000010 <
b1 ?
0@
b1010000010 A
b1010000011 B
#16825840000
0!
08
#16825845000
1!
18
b10 ?
#16825850000
0!
08
#16825855000
1!
18
b11 ?
#16825860000
0!
08
#16825865000
1!
1-
18
b0 ?
1@
#16825870000
0!
08
#16825875000
1!
0-
b1010000011 /
18
b1010000011 <
b1 ?
0@
b1010000011 A
b1010000100 B
#16825880000
0!
08
#16825885000
1!
18
b10 ?
#16825890000
0!
08
#16825895000
1!
18
b11 ?
#16825900000
0!
08
#16825905000
1!
1-
18
b0 ?
1@
#16825910000
0!
08
#16825915000
1!
0-
b1010000100 /
18
b1010000100 <
b1 ?
0@
b1010000100 A
b1010000101 B
#16825920000
0!
08
#16825925000
1!
18
b10 ?
#16825930000
0!
08
#16825935000
1!
18
b11 ?
#16825940000
0!
08
#16825945000
1!
1-
18
b0 ?
1@
#16825950000
0!
08
#16825955000
1!
0-
b1010000101 /
18
b1010000101 <
b1 ?
0@
b1010000101 A
b1010000110 B
#16825960000
0!
08
#16825965000
1!
18
b10 ?
#16825970000
0!
08
#16825975000
1!
18
b11 ?
#16825980000
0!
08
#16825985000
1!
1-
18
b0 ?
1@
#16825990000
0!
08
#16825995000
1!
0-
b1010000110 /
18
b1010000110 <
b1 ?
0@
b1010000110 A
b1010000111 B
#16826000000
0!
08
#16826005000
1!
18
b10 ?
#16826010000
0!
08
#16826015000
1!
18
b11 ?
#16826020000
0!
08
#16826025000
1!
1-
18
b0 ?
1@
#16826030000
0!
08
#16826035000
1!
0-
b1010000111 /
18
b1010000111 <
b1 ?
0@
b1010000111 A
b1010001000 B
#16826040000
0!
08
#16826045000
1!
18
b10 ?
#16826050000
0!
08
#16826055000
1!
18
b11 ?
#16826060000
0!
08
#16826065000
1!
1-
18
b0 ?
1@
#16826070000
0!
08
#16826075000
1!
0-
b1010001000 /
18
b1010001000 <
b1 ?
0@
b1010001000 A
b1010001001 B
#16826080000
0!
08
#16826085000
1!
18
b10 ?
#16826090000
0!
08
#16826095000
1!
18
b11 ?
#16826100000
0!
08
#16826105000
1!
1-
18
b0 ?
1@
#16826110000
0!
08
#16826115000
1!
0-
b1010001001 /
18
b1010001001 <
b1 ?
0@
b1010001001 A
b1010001010 B
#16826120000
0!
08
#16826125000
1!
18
b10 ?
#16826130000
0!
08
#16826135000
1!
18
b11 ?
#16826140000
0!
08
#16826145000
1!
1-
18
b0 ?
1@
#16826150000
0!
08
#16826155000
1!
0-
b1010001010 /
18
b1010001010 <
b1 ?
0@
b1010001010 A
b1010001011 B
#16826160000
0!
08
#16826165000
1!
18
b10 ?
#16826170000
0!
08
#16826175000
1!
18
b11 ?
#16826180000
0!
08
#16826185000
1!
1-
18
b0 ?
1@
#16826190000
0!
08
#16826195000
1!
0-
b1010001011 /
18
b1010001011 <
b1 ?
0@
b1010001011 A
b1010001100 B
#16826200000
0!
08
#16826205000
1!
18
b10 ?
#16826210000
0!
08
#16826215000
1!
18
b11 ?
#16826220000
0!
08
#16826225000
1!
1-
18
b0 ?
1@
#16826230000
0!
08
#16826235000
1!
0-
b1010001100 /
18
b1010001100 <
b1 ?
0@
b1010001100 A
b1010001101 B
#16826240000
0!
08
#16826245000
1!
18
b10 ?
#16826250000
0!
08
#16826255000
1!
18
b11 ?
#16826260000
0!
08
#16826265000
1!
1-
18
b0 ?
1@
#16826270000
0!
08
#16826275000
1!
0-
b1010001101 /
18
b1010001101 <
b1 ?
0@
b1010001101 A
b1010001110 B
#16826280000
0!
08
#16826285000
1!
18
b10 ?
#16826290000
0!
08
#16826295000
1!
18
b11 ?
#16826300000
0!
08
#16826305000
1!
1-
18
b0 ?
1@
#16826310000
0!
08
#16826315000
1!
0-
b1010001110 /
18
b1010001110 <
b1 ?
0@
b1010001110 A
b1010001111 B
#16826320000
0!
08
#16826325000
1!
18
b10 ?
#16826330000
0!
08
#16826335000
1!
18
b11 ?
#16826340000
0!
08
#16826345000
1!
1-
18
b0 ?
1@
#16826350000
0!
08
#16826355000
1!
0-
b1010001111 /
18
b1010001111 <
b1 ?
0@
b1010001111 A
b1010010000 B
#16826360000
0!
08
#16826365000
1!
18
b10 ?
#16826370000
0!
08
#16826375000
1!
18
b11 ?
#16826380000
0!
08
#16826385000
1!
1-
18
b0 ?
1@
#16826390000
0!
08
#16826395000
1!
0$
0-
b1010010000 /
18
b1010010000 <
b1 ?
0@
b1010010000 A
b1010010001 B
0E
#16826400000
0!
08
#16826405000
1!
18
b10 ?
#16826410000
0!
08
#16826415000
1!
18
b11 ?
#16826420000
0!
08
#16826425000
1!
1-
18
b0 ?
1@
#16826430000
0!
08
#16826435000
1!
0-
b1010010001 /
18
b1010010001 <
b1 ?
0@
b1010010001 A
b1010010010 B
#16826440000
0!
08
#16826445000
1!
18
b10 ?
#16826450000
0!
08
#16826455000
1!
18
b11 ?
#16826460000
0!
08
#16826465000
1!
1-
18
b0 ?
1@
#16826470000
0!
08
#16826475000
1!
0-
b1010010010 /
18
b1010010010 <
b1 ?
0@
b1010010010 A
b1010010011 B
#16826480000
0!
08
#16826485000
1!
18
b10 ?
#16826490000
0!
08
#16826495000
1!
18
b11 ?
#16826500000
0!
08
#16826505000
1!
1-
18
b0 ?
1@
#16826510000
0!
08
#16826515000
1!
0-
b1010010011 /
18
b1010010011 <
b1 ?
0@
b1010010011 A
b1010010100 B
#16826520000
0!
08
#16826525000
1!
18
b10 ?
#16826530000
0!
08
#16826535000
1!
18
b11 ?
#16826540000
0!
08
#16826545000
1!
1-
18
b0 ?
1@
#16826550000
0!
08
#16826555000
1!
0-
b1010010100 /
18
b1010010100 <
b1 ?
0@
b1010010100 A
b1010010101 B
#16826560000
0!
08
#16826565000
1!
18
b10 ?
#16826570000
0!
08
#16826575000
1!
18
b11 ?
#16826580000
0!
08
#16826585000
1!
1-
18
b0 ?
1@
#16826590000
0!
08
#16826595000
1!
0-
b1010010101 /
18
b1010010101 <
b1 ?
0@
b1010010101 A
b1010010110 B
#16826600000
0!
08
#16826605000
1!
18
b10 ?
#16826610000
0!
08
#16826615000
1!
18
b11 ?
#16826620000
0!
08
#16826625000
1!
1-
18
b0 ?
1@
#16826630000
0!
08
#16826635000
1!
0-
b1010010110 /
18
b1010010110 <
b1 ?
0@
b1010010110 A
b1010010111 B
#16826640000
0!
08
#16826645000
1!
18
b10 ?
#16826650000
0!
08
#16826655000
1!
18
b11 ?
#16826660000
0!
08
#16826665000
1!
1-
18
b0 ?
1@
#16826670000
0!
08
#16826675000
1!
0-
b1010010111 /
18
b1010010111 <
b1 ?
0@
b1010010111 A
b1010011000 B
#16826680000
0!
08
#16826685000
1!
18
b10 ?
#16826690000
0!
08
#16826695000
1!
18
b11 ?
#16826700000
0!
08
#16826705000
1!
1-
18
b0 ?
1@
#16826710000
0!
08
#16826715000
1!
0-
b1010011000 /
18
b1010011000 <
b1 ?
0@
b1010011000 A
b1010011001 B
#16826720000
0!
08
#16826725000
1!
18
b10 ?
#16826730000
0!
08
#16826735000
1!
18
b11 ?
#16826740000
0!
08
#16826745000
1!
1-
18
b0 ?
1@
#16826750000
0!
08
#16826755000
1!
0-
b1010011001 /
18
b1010011001 <
b1 ?
0@
b1010011001 A
b1010011010 B
#16826760000
0!
08
#16826765000
1!
18
b10 ?
#16826770000
0!
08
#16826775000
1!
18
b11 ?
#16826780000
0!
08
#16826785000
1!
1-
18
b0 ?
1@
#16826790000
0!
08
#16826795000
1!
0-
b1010011010 /
18
b1010011010 <
b1 ?
0@
b1010011010 A
b1010011011 B
#16826800000
0!
08
#16826805000
1!
18
b10 ?
#16826810000
0!
08
#16826815000
1!
18
b11 ?
#16826820000
0!
08
#16826825000
1!
1-
18
b0 ?
1@
#16826830000
0!
08
#16826835000
1!
0-
b1010011011 /
18
b1010011011 <
b1 ?
0@
b1010011011 A
b1010011100 B
#16826840000
0!
08
#16826845000
1!
18
b10 ?
#16826850000
0!
08
#16826855000
1!
18
b11 ?
#16826860000
0!
08
#16826865000
1!
1-
18
b0 ?
1@
#16826870000
0!
08
#16826875000
1!
0-
b1010011100 /
18
b1010011100 <
b1 ?
0@
b1010011100 A
b1010011101 B
#16826880000
0!
08
#16826885000
1!
18
b10 ?
#16826890000
0!
08
#16826895000
1!
18
b11 ?
#16826900000
0!
08
#16826905000
1!
1-
18
b0 ?
1@
#16826910000
0!
08
#16826915000
1!
0-
b1010011101 /
18
b1010011101 <
b1 ?
0@
b1010011101 A
b1010011110 B
#16826920000
0!
08
#16826925000
1!
18
b10 ?
#16826930000
0!
08
#16826935000
1!
18
b11 ?
#16826940000
0!
08
#16826945000
1!
1-
18
b0 ?
1@
#16826950000
0!
08
#16826955000
1!
0-
b1010011110 /
18
b1010011110 <
b1 ?
0@
b1010011110 A
b1010011111 B
#16826960000
0!
08
#16826965000
1!
18
b10 ?
#16826970000
0!
08
#16826975000
1!
18
b11 ?
#16826980000
0!
08
#16826985000
1!
1-
18
b0 ?
1@
#16826990000
0!
08
#16826995000
1!
0-
b1010011111 /
18
b1010011111 <
b1 ?
0@
b1010011111 A
b1010100000 B
#16827000000
0!
08
#16827005000
1!
18
b10 ?
#16827010000
0!
08
#16827015000
1!
18
b11 ?
#16827020000
0!
08
#16827025000
1!
1-
18
b0 ?
1@
#16827030000
0!
08
#16827035000
1!
0-
b1010100000 /
18
b1010100000 <
b1 ?
0@
b1010100000 A
b1010100001 B
#16827040000
0!
08
#16827045000
1!
18
b10 ?
#16827050000
0!
08
#16827055000
1!
18
b11 ?
#16827060000
0!
08
#16827065000
1!
1-
18
b0 ?
1@
#16827070000
0!
08
#16827075000
1!
0-
b1010100001 /
18
b1010100001 <
b1 ?
0@
b1010100001 A
b1010100010 B
#16827080000
0!
08
#16827085000
1!
18
b10 ?
#16827090000
0!
08
#16827095000
1!
18
b11 ?
#16827100000
0!
08
#16827105000
1!
1-
18
b0 ?
1@
#16827110000
0!
08
#16827115000
1!
0-
b1010100010 /
18
b1010100010 <
b1 ?
0@
b1010100010 A
b1010100011 B
#16827120000
0!
08
#16827125000
1!
18
b10 ?
#16827130000
0!
08
#16827135000
1!
18
b11 ?
#16827140000
0!
08
#16827145000
1!
1-
18
b0 ?
1@
#16827150000
0!
08
#16827155000
1!
0-
b1010100011 /
18
b1010100011 <
b1 ?
0@
b1010100011 A
b1010100100 B
#16827160000
0!
08
#16827165000
1!
18
b10 ?
#16827170000
0!
08
#16827175000
1!
18
b11 ?
#16827180000
0!
08
#16827185000
1!
1-
18
b0 ?
1@
#16827190000
0!
08
#16827195000
1!
0-
b1010100100 /
18
b1010100100 <
b1 ?
0@
b1010100100 A
b1010100101 B
#16827200000
0!
08
#16827205000
1!
18
b10 ?
#16827210000
0!
08
#16827215000
1!
18
b11 ?
#16827220000
0!
08
#16827225000
1!
1-
18
b0 ?
1@
#16827230000
0!
08
#16827235000
1!
0-
b1010100101 /
18
b1010100101 <
b1 ?
0@
b1010100101 A
b1010100110 B
#16827240000
0!
08
#16827245000
1!
18
b10 ?
#16827250000
0!
08
#16827255000
1!
18
b11 ?
#16827260000
0!
08
#16827265000
1!
1-
18
b0 ?
1@
#16827270000
0!
08
#16827275000
1!
0-
b1010100110 /
18
b1010100110 <
b1 ?
0@
b1010100110 A
b1010100111 B
#16827280000
0!
08
#16827285000
1!
18
b10 ?
#16827290000
0!
08
#16827295000
1!
18
b11 ?
#16827300000
0!
08
#16827305000
1!
1-
18
b0 ?
1@
#16827310000
0!
08
#16827315000
1!
0-
b1010100111 /
18
b1010100111 <
b1 ?
0@
b1010100111 A
b1010101000 B
#16827320000
0!
08
#16827325000
1!
18
b10 ?
#16827330000
0!
08
#16827335000
1!
18
b11 ?
#16827340000
0!
08
#16827345000
1!
1-
18
b0 ?
1@
#16827350000
0!
08
#16827355000
1!
0-
b1010101000 /
18
b1010101000 <
b1 ?
0@
b1010101000 A
b1010101001 B
#16827360000
0!
08
#16827365000
1!
18
b10 ?
#16827370000
0!
08
#16827375000
1!
18
b11 ?
#16827380000
0!
08
#16827385000
1!
1-
18
b0 ?
1@
#16827390000
0!
08
#16827395000
1!
0-
b1010101001 /
18
b1010101001 <
b1 ?
0@
b1010101001 A
b1010101010 B
#16827400000
0!
08
#16827405000
1!
18
b10 ?
#16827410000
0!
08
#16827415000
1!
18
b11 ?
#16827420000
0!
08
#16827425000
1!
1-
18
b0 ?
1@
#16827430000
0!
08
#16827435000
1!
0-
b1010101010 /
18
b1010101010 <
b1 ?
0@
b1010101010 A
b1010101011 B
#16827440000
0!
08
#16827445000
1!
18
b10 ?
#16827450000
0!
08
#16827455000
1!
18
b11 ?
#16827460000
0!
08
#16827465000
1!
1-
18
b0 ?
1@
#16827470000
0!
08
#16827475000
1!
0-
b1010101011 /
18
b1010101011 <
b1 ?
0@
b1010101011 A
b1010101100 B
#16827480000
0!
08
#16827485000
1!
18
b10 ?
#16827490000
0!
08
#16827495000
1!
18
b11 ?
#16827500000
0!
08
#16827505000
1!
1-
18
b0 ?
1@
#16827510000
0!
08
#16827515000
1!
0-
b1010101100 /
18
b1010101100 <
b1 ?
0@
b1010101100 A
b1010101101 B
#16827520000
0!
08
#16827525000
1!
18
b10 ?
#16827530000
0!
08
#16827535000
1!
18
b11 ?
#16827540000
0!
08
#16827545000
1!
1-
18
b0 ?
1@
#16827550000
0!
08
#16827555000
1!
0-
b1010101101 /
18
b1010101101 <
b1 ?
0@
b1010101101 A
b1010101110 B
#16827560000
0!
08
#16827565000
1!
18
b10 ?
#16827570000
0!
08
#16827575000
1!
18
b11 ?
#16827580000
0!
08
#16827585000
1!
1-
18
b0 ?
1@
#16827590000
0!
08
#16827595000
1!
0-
b1010101110 /
18
b1010101110 <
b1 ?
0@
b1010101110 A
b1010101111 B
#16827600000
0!
08
#16827605000
1!
18
b10 ?
#16827610000
0!
08
#16827615000
1!
18
b11 ?
#16827620000
0!
08
#16827625000
1!
1-
18
b0 ?
1@
#16827630000
0!
08
#16827635000
1!
0-
b1010101111 /
18
b1010101111 <
b1 ?
0@
b1010101111 A
b1010110000 B
#16827640000
0!
08
#16827645000
1!
18
b10 ?
#16827650000
0!
08
#16827655000
1!
18
b11 ?
#16827660000
0!
08
#16827665000
1!
1-
18
b0 ?
1@
#16827670000
0!
08
#16827675000
1!
0-
b1010110000 /
18
b1010110000 <
b1 ?
0@
b1010110000 A
b1010110001 B
#16827680000
0!
08
#16827685000
1!
18
b10 ?
#16827690000
0!
08
#16827695000
1!
18
b11 ?
#16827700000
0!
08
#16827705000
1!
1-
18
b0 ?
1@
#16827710000
0!
08
#16827715000
1!
0-
b1010110001 /
18
b1010110001 <
b1 ?
0@
b1010110001 A
b1010110010 B
#16827720000
0!
08
#16827725000
1!
18
b10 ?
#16827730000
0!
08
#16827735000
1!
18
b11 ?
#16827740000
0!
08
#16827745000
1!
1-
18
b0 ?
1@
#16827750000
0!
08
#16827755000
1!
0-
b1010110010 /
18
b1010110010 <
b1 ?
0@
b1010110010 A
b1010110011 B
#16827760000
0!
08
#16827765000
1!
18
b10 ?
#16827770000
0!
08
#16827775000
1!
18
b11 ?
#16827780000
0!
08
#16827785000
1!
1-
18
b0 ?
1@
#16827790000
0!
08
#16827795000
1!
0-
b1010110011 /
18
b1010110011 <
b1 ?
0@
b1010110011 A
b1010110100 B
#16827800000
0!
08
#16827805000
1!
18
b10 ?
#16827810000
0!
08
#16827815000
1!
18
b11 ?
#16827820000
0!
08
#16827825000
1!
1-
18
b0 ?
1@
#16827830000
0!
08
#16827835000
1!
0-
b1010110100 /
18
b1010110100 <
b1 ?
0@
b1010110100 A
b1010110101 B
#16827840000
0!
08
#16827845000
1!
18
b10 ?
#16827850000
0!
08
#16827855000
1!
18
b11 ?
#16827860000
0!
08
#16827865000
1!
1-
18
b0 ?
1@
#16827870000
0!
08
#16827875000
1!
0-
b1010110101 /
18
b1010110101 <
b1 ?
0@
b1010110101 A
b1010110110 B
#16827880000
0!
08
#16827885000
1!
18
b10 ?
#16827890000
0!
08
#16827895000
1!
18
b11 ?
#16827900000
0!
08
#16827905000
1!
1-
18
b0 ?
1@
#16827910000
0!
08
#16827915000
1!
0-
b1010110110 /
18
b1010110110 <
b1 ?
0@
b1010110110 A
b1010110111 B
#16827920000
0!
08
#16827925000
1!
18
b10 ?
#16827930000
0!
08
#16827935000
1!
18
b11 ?
#16827940000
0!
08
#16827945000
1!
1-
18
b0 ?
1@
#16827950000
0!
08
#16827955000
1!
0-
b1010110111 /
18
b1010110111 <
b1 ?
0@
b1010110111 A
b1010111000 B
#16827960000
0!
08
#16827965000
1!
18
b10 ?
#16827970000
0!
08
#16827975000
1!
18
b11 ?
#16827980000
0!
08
#16827985000
1!
1-
18
b0 ?
1@
#16827990000
0!
08
#16827995000
1!
0-
b1010111000 /
18
b1010111000 <
b1 ?
0@
b1010111000 A
b1010111001 B
#16828000000
0!
08
#16828005000
1!
18
b10 ?
#16828010000
0!
08
#16828015000
1!
18
b11 ?
#16828020000
0!
08
#16828025000
1!
1-
18
b0 ?
1@
#16828030000
0!
08
#16828035000
1!
0-
b1010111001 /
18
b1010111001 <
b1 ?
0@
b1010111001 A
b1010111010 B
#16828040000
0!
08
#16828045000
1!
18
b10 ?
#16828050000
0!
08
#16828055000
1!
18
b11 ?
#16828060000
0!
08
#16828065000
1!
1-
18
b0 ?
1@
#16828070000
0!
08
#16828075000
1!
0-
b1010111010 /
18
b1010111010 <
b1 ?
0@
b1010111010 A
b1010111011 B
#16828080000
0!
08
#16828085000
1!
18
b10 ?
#16828090000
0!
08
#16828095000
1!
18
b11 ?
#16828100000
0!
08
#16828105000
1!
1-
18
b0 ?
1@
#16828110000
0!
08
#16828115000
1!
0-
b1010111011 /
18
b1010111011 <
b1 ?
0@
b1010111011 A
b1010111100 B
#16828120000
0!
08
#16828125000
1!
18
b10 ?
#16828130000
0!
08
#16828135000
1!
18
b11 ?
#16828140000
0!
08
#16828145000
1!
1-
18
b0 ?
1@
#16828150000
0!
08
#16828155000
1!
0-
b1010111100 /
18
b1010111100 <
b1 ?
0@
b1010111100 A
b1010111101 B
#16828160000
0!
08
#16828165000
1!
18
b10 ?
#16828170000
0!
08
#16828175000
1!
18
b11 ?
#16828180000
0!
08
#16828185000
1!
1-
18
b0 ?
1@
#16828190000
0!
08
#16828195000
1!
0-
b1010111101 /
18
b1010111101 <
b1 ?
0@
b1010111101 A
b1010111110 B
#16828200000
0!
08
#16828205000
1!
18
b10 ?
#16828210000
0!
08
#16828215000
1!
18
b11 ?
#16828220000
0!
08
#16828225000
1!
1-
18
b0 ?
1@
#16828230000
0!
08
#16828235000
1!
0-
b1010111110 /
18
b1010111110 <
b1 ?
0@
b1010111110 A
b1010111111 B
#16828240000
0!
08
#16828245000
1!
18
b10 ?
#16828250000
0!
08
#16828255000
1!
18
b11 ?
#16828260000
0!
08
#16828265000
1!
1-
18
b0 ?
1@
#16828270000
0!
08
#16828275000
1!
0-
b1010111111 /
18
b1010111111 <
b1 ?
0@
b1010111111 A
b1011000000 B
#16828280000
0!
08
#16828285000
1!
18
b10 ?
#16828290000
0!
08
#16828295000
1!
18
b11 ?
#16828300000
0!
08
#16828305000
1!
1-
18
b0 ?
1@
#16828310000
0!
08
#16828315000
1!
0-
b1011000000 /
18
b1011000000 <
b1 ?
0@
b1011000000 A
b1011000001 B
#16828320000
0!
08
#16828325000
1!
18
b10 ?
#16828330000
0!
08
#16828335000
1!
18
b11 ?
#16828340000
0!
08
#16828345000
1!
1-
18
b0 ?
1@
#16828350000
0!
08
#16828355000
1!
0-
b1011000001 /
18
b1011000001 <
b1 ?
0@
b1011000001 A
b1011000010 B
#16828360000
0!
08
#16828365000
1!
18
b10 ?
#16828370000
0!
08
#16828375000
1!
18
b11 ?
#16828380000
0!
08
#16828385000
1!
1-
18
b0 ?
1@
#16828390000
0!
08
#16828395000
1!
0-
b1011000010 /
18
b1011000010 <
b1 ?
0@
b1011000010 A
b1011000011 B
#16828400000
0!
08
#16828405000
1!
18
b10 ?
#16828410000
0!
08
#16828415000
1!
18
b11 ?
#16828420000
0!
08
#16828425000
1!
1-
18
b0 ?
1@
#16828430000
0!
08
#16828435000
1!
0-
b1011000011 /
18
b1011000011 <
b1 ?
0@
b1011000011 A
b1011000100 B
#16828440000
0!
08
#16828445000
1!
18
b10 ?
#16828450000
0!
08
#16828455000
1!
18
b11 ?
#16828460000
0!
08
#16828465000
1!
1-
18
b0 ?
1@
#16828470000
0!
08
#16828475000
1!
0-
b1011000100 /
18
b1011000100 <
b1 ?
0@
b1011000100 A
b1011000101 B
#16828480000
0!
08
#16828485000
1!
18
b10 ?
#16828490000
0!
08
#16828495000
1!
18
b11 ?
#16828500000
0!
08
#16828505000
1!
1-
18
b0 ?
1@
#16828510000
0!
08
#16828515000
1!
0-
b1011000101 /
18
b1011000101 <
b1 ?
0@
b1011000101 A
b1011000110 B
#16828520000
0!
08
#16828525000
1!
18
b10 ?
#16828530000
0!
08
#16828535000
1!
18
b11 ?
#16828540000
0!
08
#16828545000
1!
1-
18
b0 ?
1@
#16828550000
0!
08
#16828555000
1!
0-
b1011000110 /
18
b1011000110 <
b1 ?
0@
b1011000110 A
b1011000111 B
#16828560000
0!
08
#16828565000
1!
18
b10 ?
#16828570000
0!
08
#16828575000
1!
18
b11 ?
#16828580000
0!
08
#16828585000
1!
1-
18
b0 ?
1@
#16828590000
0!
08
#16828595000
1!
0-
b1011000111 /
18
b1011000111 <
b1 ?
0@
b1011000111 A
b1011001000 B
#16828600000
0!
08
#16828605000
1!
18
b10 ?
#16828610000
0!
08
#16828615000
1!
18
b11 ?
#16828620000
0!
08
#16828625000
1!
1-
18
b0 ?
1@
#16828630000
0!
08
#16828635000
1!
0-
b1011001000 /
18
b1011001000 <
b1 ?
0@
b1011001000 A
b1011001001 B
#16828640000
0!
08
#16828645000
1!
18
b10 ?
#16828650000
0!
08
#16828655000
1!
18
b11 ?
#16828660000
0!
08
#16828665000
1!
1-
18
b0 ?
1@
#16828670000
0!
08
#16828675000
1!
0-
b1011001001 /
18
b1011001001 <
b1 ?
0@
b1011001001 A
b1011001010 B
#16828680000
0!
08
#16828685000
1!
18
b10 ?
#16828690000
0!
08
#16828695000
1!
18
b11 ?
#16828700000
0!
08
#16828705000
1!
1-
18
b0 ?
1@
#16828710000
0!
08
#16828715000
1!
0-
b1011001010 /
18
b1011001010 <
b1 ?
0@
b1011001010 A
b1011001011 B
#16828720000
0!
08
#16828725000
1!
18
b10 ?
#16828730000
0!
08
#16828735000
1!
18
b11 ?
#16828740000
0!
08
#16828745000
1!
1-
18
b0 ?
1@
#16828750000
0!
08
#16828755000
1!
0-
b1011001011 /
18
b1011001011 <
b1 ?
0@
b1011001011 A
b1011001100 B
#16828760000
0!
08
#16828765000
1!
18
b10 ?
#16828770000
0!
08
#16828775000
1!
18
b11 ?
#16828780000
0!
08
#16828785000
1!
1-
18
b0 ?
1@
#16828790000
0!
08
#16828795000
1!
0-
b1011001100 /
18
b1011001100 <
b1 ?
0@
b1011001100 A
b1011001101 B
#16828800000
0!
08
#16828805000
1!
18
b10 ?
#16828810000
0!
08
#16828815000
1!
18
b11 ?
#16828820000
0!
08
#16828825000
1!
1-
18
b0 ?
1@
#16828830000
0!
08
#16828835000
1!
0-
b1011001101 /
18
b1011001101 <
b1 ?
0@
b1011001101 A
b1011001110 B
#16828840000
0!
08
#16828845000
1!
18
b10 ?
#16828850000
0!
08
#16828855000
1!
18
b11 ?
#16828860000
0!
08
#16828865000
1!
1-
18
b0 ?
1@
#16828870000
0!
08
#16828875000
1!
0-
b1011001110 /
18
b1011001110 <
b1 ?
0@
b1011001110 A
b1011001111 B
#16828880000
0!
08
#16828885000
1!
18
b10 ?
#16828890000
0!
08
#16828895000
1!
18
b11 ?
#16828900000
0!
08
#16828905000
1!
1-
18
b0 ?
1@
#16828910000
0!
08
#16828915000
1!
0-
b1011001111 /
18
b1011001111 <
b1 ?
0@
b1011001111 A
b1011010000 B
#16828920000
0!
08
#16828925000
1!
18
b10 ?
#16828930000
0!
08
#16828935000
1!
18
b11 ?
#16828940000
0!
08
#16828945000
1!
1-
18
b0 ?
1@
#16828950000
0!
08
#16828955000
1!
0-
b1011010000 /
18
b1011010000 <
b1 ?
0@
b1011010000 A
b1011010001 B
#16828960000
0!
08
#16828965000
1!
18
b10 ?
#16828970000
0!
08
#16828975000
1!
18
b11 ?
#16828980000
0!
08
#16828985000
1!
1-
18
b0 ?
1@
#16828990000
0!
08
#16828995000
1!
0-
b1011010001 /
18
b1011010001 <
b1 ?
0@
b1011010001 A
b1011010010 B
#16829000000
0!
08
#16829005000
1!
18
b10 ?
#16829010000
0!
08
#16829015000
1!
18
b11 ?
#16829020000
0!
08
#16829025000
1!
1-
18
b0 ?
1@
#16829030000
0!
08
#16829035000
1!
0-
b1011010010 /
18
b1011010010 <
b1 ?
0@
b1011010010 A
b1011010011 B
#16829040000
0!
08
#16829045000
1!
18
b10 ?
#16829050000
0!
08
#16829055000
1!
18
b11 ?
#16829060000
0!
08
#16829065000
1!
1-
18
b0 ?
1@
#16829070000
0!
08
#16829075000
1!
0-
b1011010011 /
18
b1011010011 <
b1 ?
0@
b1011010011 A
b1011010100 B
#16829080000
0!
08
#16829085000
1!
18
b10 ?
#16829090000
0!
08
#16829095000
1!
18
b11 ?
#16829100000
0!
08
#16829105000
1!
1-
18
b0 ?
1@
#16829110000
0!
08
#16829115000
1!
0-
b1011010100 /
18
b1011010100 <
b1 ?
0@
b1011010100 A
b1011010101 B
#16829120000
0!
08
#16829125000
1!
18
b10 ?
#16829130000
0!
08
#16829135000
1!
18
b11 ?
#16829140000
0!
08
#16829145000
1!
1-
18
b0 ?
1@
#16829150000
0!
08
#16829155000
1!
0-
b1011010101 /
18
b1011010101 <
b1 ?
0@
b1011010101 A
b1011010110 B
#16829160000
0!
08
#16829165000
1!
18
b10 ?
#16829170000
0!
08
#16829175000
1!
18
b11 ?
#16829180000
0!
08
#16829185000
1!
1-
18
b0 ?
1@
#16829190000
0!
08
#16829195000
1!
0-
b1011010110 /
18
b1011010110 <
b1 ?
0@
b1011010110 A
b1011010111 B
#16829200000
0!
08
#16829205000
1!
18
b10 ?
#16829210000
0!
08
#16829215000
1!
18
b11 ?
#16829220000
0!
08
#16829225000
1!
1-
18
b0 ?
1@
#16829230000
0!
08
#16829235000
1!
0-
b1011010111 /
18
b1011010111 <
b1 ?
0@
b1011010111 A
b1011011000 B
#16829240000
0!
08
#16829245000
1!
18
b10 ?
#16829250000
0!
08
#16829255000
1!
18
b11 ?
#16829260000
0!
08
#16829265000
1!
1-
18
b0 ?
1@
#16829270000
0!
08
#16829275000
1!
0-
b1011011000 /
18
b1011011000 <
b1 ?
0@
b1011011000 A
b1011011001 B
#16829280000
0!
08
#16829285000
1!
18
b10 ?
#16829290000
0!
08
#16829295000
1!
18
b11 ?
#16829300000
0!
08
#16829305000
1!
1-
18
b0 ?
1@
#16829310000
0!
08
#16829315000
1!
0-
b1011011001 /
18
b1011011001 <
b1 ?
0@
b1011011001 A
b1011011010 B
#16829320000
0!
08
#16829325000
1!
18
b10 ?
#16829330000
0!
08
#16829335000
1!
18
b11 ?
#16829340000
0!
08
#16829345000
1!
1-
18
b0 ?
1@
#16829350000
0!
08
#16829355000
1!
0-
b1011011010 /
18
b1011011010 <
b1 ?
0@
b1011011010 A
b1011011011 B
#16829360000
0!
08
#16829365000
1!
18
b10 ?
#16829370000
0!
08
#16829375000
1!
18
b11 ?
#16829380000
0!
08
#16829385000
1!
1-
18
b0 ?
1@
#16829390000
0!
08
#16829395000
1!
0-
b1011011011 /
18
b1011011011 <
b1 ?
0@
b1011011011 A
b1011011100 B
#16829400000
0!
08
#16829405000
1!
18
b10 ?
#16829410000
0!
08
#16829415000
1!
18
b11 ?
#16829420000
0!
08
#16829425000
1!
1-
18
b0 ?
1@
#16829430000
0!
08
#16829435000
1!
0-
b1011011100 /
18
b1011011100 <
b1 ?
0@
b1011011100 A
b1011011101 B
#16829440000
0!
08
#16829445000
1!
18
b10 ?
#16829450000
0!
08
#16829455000
1!
18
b11 ?
#16829460000
0!
08
#16829465000
1!
1-
18
b0 ?
1@
#16829470000
0!
08
#16829475000
1!
0-
b1011011101 /
18
b1011011101 <
b1 ?
0@
b1011011101 A
b1011011110 B
#16829480000
0!
08
#16829485000
1!
18
b10 ?
#16829490000
0!
08
#16829495000
1!
18
b11 ?
#16829500000
0!
08
#16829505000
1!
1-
18
b0 ?
1@
#16829510000
0!
08
#16829515000
1!
0-
b1011011110 /
18
b1011011110 <
b1 ?
0@
b1011011110 A
b1011011111 B
#16829520000
0!
08
#16829525000
1!
18
b10 ?
#16829530000
0!
08
#16829535000
1!
18
b11 ?
#16829540000
0!
08
#16829545000
1!
1-
18
b0 ?
1@
#16829550000
0!
08
#16829555000
1!
0-
b1011011111 /
18
b1011011111 <
b1 ?
0@
b1011011111 A
b1011100000 B
#16829560000
0!
08
#16829565000
1!
18
b10 ?
#16829570000
0!
08
#16829575000
1!
18
b11 ?
#16829580000
0!
08
#16829585000
1!
1-
18
b0 ?
1@
#16829590000
0!
08
#16829595000
1!
0-
b1011100000 /
18
b1011100000 <
b1 ?
0@
b1011100000 A
b1011100001 B
#16829600000
0!
08
#16829605000
1!
18
b10 ?
#16829610000
0!
08
#16829615000
1!
18
b11 ?
#16829620000
0!
08
#16829625000
1!
1-
18
b0 ?
1@
#16829630000
0!
08
#16829635000
1!
0-
b1011100001 /
18
b1011100001 <
b1 ?
0@
b1011100001 A
b1011100010 B
#16829640000
0!
08
#16829645000
1!
18
b10 ?
#16829650000
0!
08
#16829655000
1!
18
b11 ?
#16829660000
0!
08
#16829665000
1!
1-
18
b0 ?
1@
#16829670000
0!
08
#16829675000
1!
0-
b1011100010 /
18
b1011100010 <
b1 ?
0@
b1011100010 A
b1011100011 B
#16829680000
0!
08
#16829685000
1!
18
b10 ?
#16829690000
0!
08
#16829695000
1!
18
b11 ?
#16829700000
0!
08
#16829705000
1!
1-
18
b0 ?
1@
#16829710000
0!
08
#16829715000
1!
0-
b1011100011 /
18
b1011100011 <
b1 ?
0@
b1011100011 A
b1011100100 B
#16829720000
0!
08
#16829725000
1!
18
b10 ?
#16829730000
0!
08
#16829735000
1!
18
b11 ?
#16829740000
0!
08
#16829745000
1!
1-
18
b0 ?
1@
#16829750000
0!
08
#16829755000
1!
0-
b1011100100 /
18
b1011100100 <
b1 ?
0@
b1011100100 A
b1011100101 B
#16829760000
0!
08
#16829765000
1!
18
b10 ?
#16829770000
0!
08
#16829775000
1!
18
b11 ?
#16829780000
0!
08
#16829785000
1!
1-
18
b0 ?
1@
#16829790000
0!
08
#16829795000
1!
0-
b1011100101 /
18
b1011100101 <
b1 ?
0@
b1011100101 A
b1011100110 B
#16829800000
0!
08
#16829805000
1!
18
b10 ?
#16829810000
0!
08
#16829815000
1!
18
b11 ?
#16829820000
0!
08
#16829825000
1!
1-
18
b0 ?
1@
#16829830000
0!
08
#16829835000
1!
0-
b1011100110 /
18
b1011100110 <
b1 ?
0@
b1011100110 A
b1011100111 B
#16829840000
0!
08
#16829845000
1!
18
b10 ?
#16829850000
0!
08
#16829855000
1!
18
b11 ?
#16829860000
0!
08
#16829865000
1!
1-
18
b0 ?
1@
#16829870000
0!
08
#16829875000
1!
0-
b1011100111 /
18
b1011100111 <
b1 ?
0@
b1011100111 A
b1011101000 B
#16829880000
0!
08
#16829885000
1!
18
b10 ?
#16829890000
0!
08
#16829895000
1!
18
b11 ?
#16829900000
0!
08
#16829905000
1!
1-
18
b0 ?
1@
#16829910000
0!
08
#16829915000
1!
0-
b1011101000 /
18
b1011101000 <
b1 ?
0@
b1011101000 A
b1011101001 B
#16829920000
0!
08
#16829925000
1!
18
b10 ?
#16829930000
0!
08
#16829935000
1!
18
b11 ?
#16829940000
0!
08
#16829945000
1!
1-
18
b0 ?
1@
#16829950000
0!
08
#16829955000
1!
0-
b1011101001 /
18
b1011101001 <
b1 ?
0@
b1011101001 A
b1011101010 B
#16829960000
0!
08
#16829965000
1!
18
b10 ?
#16829970000
0!
08
#16829975000
1!
18
b11 ?
#16829980000
0!
08
#16829985000
1!
1-
18
b0 ?
1@
#16829990000
0!
08
#16829995000
1!
0-
b1011101010 /
18
b1011101010 <
b1 ?
0@
b1011101010 A
b1011101011 B
#16830000000
0!
08
#16830005000
1!
18
b10 ?
#16830010000
0!
08
#16830015000
1!
18
b11 ?
#16830020000
0!
08
#16830025000
1!
1-
18
b0 ?
1@
#16830030000
0!
08
#16830035000
1!
0-
b1011101011 /
18
b1011101011 <
b1 ?
0@
b1011101011 A
b1011101100 B
#16830040000
0!
08
#16830045000
1!
18
b10 ?
#16830050000
0!
08
#16830055000
1!
18
b11 ?
#16830060000
0!
08
#16830065000
1!
1-
18
b0 ?
1@
#16830070000
0!
08
#16830075000
1!
0-
b1011101100 /
18
b1011101100 <
b1 ?
0@
b1011101100 A
b1011101101 B
#16830080000
0!
08
#16830085000
1!
18
b10 ?
#16830090000
0!
08
#16830095000
1!
18
b11 ?
#16830100000
0!
08
#16830105000
1!
1-
18
b0 ?
1@
#16830110000
0!
08
#16830115000
1!
0-
b1011101101 /
18
b1011101101 <
b1 ?
0@
b1011101101 A
b1011101110 B
#16830120000
0!
08
#16830125000
1!
18
b10 ?
#16830130000
0!
08
#16830135000
1!
18
b11 ?
#16830140000
0!
08
#16830145000
1!
1-
18
b0 ?
1@
#16830150000
0!
08
#16830155000
1!
0-
b1011101110 /
18
b1011101110 <
b1 ?
0@
b1011101110 A
b1011101111 B
#16830160000
0!
08
#16830165000
1!
18
b10 ?
#16830170000
0!
08
#16830175000
1!
18
b11 ?
#16830180000
0!
08
#16830185000
1!
1-
18
b0 ?
1@
#16830190000
0!
08
#16830195000
1!
0-
b1011101111 /
18
b1011101111 <
b1 ?
0@
b1011101111 A
b1011110000 B
#16830200000
0!
08
#16830205000
1!
18
b10 ?
#16830210000
0!
08
#16830215000
1!
18
b11 ?
#16830220000
0!
08
#16830225000
1!
1-
18
b0 ?
1@
#16830230000
0!
08
#16830235000
1!
1$
0-
b1011110000 /
18
b1011110000 <
b1 ?
0@
b1011110000 A
b1011110001 B
1E
#16830240000
0!
08
#16830245000
1!
18
b10 ?
#16830250000
0!
08
#16830255000
1!
18
b11 ?
#16830260000
0!
08
#16830265000
1!
1-
18
b0 ?
1@
#16830270000
0!
08
#16830275000
1!
0-
b1011110001 /
18
b1011110001 <
b1 ?
0@
b1011110001 A
b1011110010 B
#16830280000
0!
08
#16830285000
1!
18
b10 ?
#16830290000
0!
08
#16830295000
1!
18
b11 ?
#16830300000
0!
08
#16830305000
1!
1-
18
b0 ?
1@
#16830310000
0!
08
#16830315000
1!
0-
b1011110010 /
18
b1011110010 <
b1 ?
0@
b1011110010 A
b1011110011 B
#16830320000
0!
08
#16830325000
1!
18
b10 ?
#16830330000
0!
08
#16830335000
1!
18
b11 ?
#16830340000
0!
08
#16830345000
1!
1-
18
b0 ?
1@
#16830350000
0!
08
#16830355000
1!
0-
b1011110011 /
18
b1011110011 <
b1 ?
0@
b1011110011 A
b1011110100 B
#16830360000
0!
08
#16830365000
1!
18
b10 ?
#16830370000
0!
08
#16830375000
1!
18
b11 ?
#16830380000
0!
08
#16830385000
1!
1-
18
b0 ?
1@
#16830390000
0!
08
#16830395000
1!
0-
b1011110100 /
18
b1011110100 <
b1 ?
0@
b1011110100 A
b1011110101 B
#16830400000
0!
08
#16830405000
1!
18
b10 ?
#16830410000
0!
08
#16830415000
1!
18
b11 ?
#16830420000
0!
08
#16830425000
1!
1-
18
b0 ?
1@
#16830430000
0!
08
#16830435000
1!
0-
b1011110101 /
18
b1011110101 <
b1 ?
0@
b1011110101 A
b1011110110 B
#16830440000
0!
08
#16830445000
1!
18
b10 ?
#16830450000
0!
08
#16830455000
1!
18
b11 ?
#16830460000
0!
08
#16830465000
1!
1-
18
b0 ?
1@
#16830470000
0!
08
#16830475000
1!
0-
b1011110110 /
18
b1011110110 <
b1 ?
0@
b1011110110 A
b1011110111 B
#16830480000
0!
08
#16830485000
1!
18
b10 ?
#16830490000
0!
08
#16830495000
1!
18
b11 ?
#16830500000
0!
08
#16830505000
1!
1-
18
b0 ?
1@
#16830510000
0!
08
#16830515000
1!
0-
b1011110111 /
18
b1011110111 <
b1 ?
0@
b1011110111 A
b1011111000 B
#16830520000
0!
08
#16830525000
1!
18
b10 ?
#16830530000
0!
08
#16830535000
1!
18
b11 ?
#16830540000
0!
08
#16830545000
1!
1-
18
b0 ?
1@
#16830550000
0!
08
#16830555000
1!
0-
b1011111000 /
18
b1011111000 <
b1 ?
0@
b1011111000 A
b1011111001 B
#16830560000
0!
08
#16830565000
1!
18
b10 ?
#16830570000
0!
08
#16830575000
1!
18
b11 ?
#16830580000
0!
08
#16830585000
1!
1-
18
b0 ?
1@
#16830590000
0!
08
#16830595000
1!
0-
b1011111001 /
18
b1011111001 <
b1 ?
0@
b1011111001 A
b1011111010 B
#16830600000
0!
08
#16830605000
1!
18
b10 ?
#16830610000
0!
08
#16830615000
1!
18
b11 ?
#16830620000
0!
08
#16830625000
1!
1-
18
b0 ?
1@
#16830630000
0!
08
#16830635000
1!
0-
b1011111010 /
18
b1011111010 <
b1 ?
0@
b1011111010 A
b1011111011 B
#16830640000
0!
08
#16830645000
1!
18
b10 ?
#16830650000
0!
08
#16830655000
1!
18
b11 ?
#16830660000
0!
08
#16830665000
1!
1-
18
b0 ?
1@
#16830670000
0!
08
#16830675000
1!
0-
b1011111011 /
18
b1011111011 <
b1 ?
0@
b1011111011 A
b1011111100 B
#16830680000
0!
08
#16830685000
1!
18
b10 ?
#16830690000
0!
08
#16830695000
1!
18
b11 ?
#16830700000
0!
08
#16830705000
1!
1-
18
b0 ?
1@
#16830710000
0!
08
#16830715000
1!
0-
b1011111100 /
18
b1011111100 <
b1 ?
0@
b1011111100 A
b1011111101 B
#16830720000
0!
08
#16830725000
1!
18
b10 ?
#16830730000
0!
08
#16830735000
1!
18
b11 ?
#16830740000
0!
08
#16830745000
1!
1-
18
b0 ?
1@
#16830750000
0!
08
#16830755000
1!
0-
b1011111101 /
18
b1011111101 <
b1 ?
0@
b1011111101 A
b1011111110 B
#16830760000
0!
08
#16830765000
1!
18
b10 ?
#16830770000
0!
08
#16830775000
1!
18
b11 ?
#16830780000
0!
08
#16830785000
1!
1-
18
b0 ?
1@
#16830790000
0!
08
#16830795000
1!
0-
b1011111110 /
18
b1011111110 <
b1 ?
0@
b1011111110 A
b1011111111 B
#16830800000
0!
08
#16830805000
1!
18
b10 ?
#16830810000
0!
08
#16830815000
1!
18
b11 ?
#16830820000
0!
08
#16830825000
1!
1-
18
b0 ?
1@
#16830830000
0!
08
#16830835000
1!
0-
b1011111111 /
18
b1011111111 <
b1 ?
0@
b1011111111 A
b1100000000 B
#16830840000
0!
08
#16830845000
1!
18
b10 ?
#16830850000
0!
08
#16830855000
1!
18
b11 ?
#16830860000
0!
08
#16830865000
1!
1-
18
b0 ?
1@
#16830870000
0!
08
#16830875000
1!
0-
b1100000000 /
18
b1100000000 <
b1 ?
0@
b1100000000 A
b1100000001 B
#16830880000
0!
08
#16830885000
1!
18
b10 ?
#16830890000
0!
08
#16830895000
1!
18
b11 ?
#16830900000
0!
08
#16830905000
1!
1-
18
b0 ?
1@
#16830910000
0!
08
#16830915000
1!
0-
b1100000001 /
18
b1100000001 <
b1 ?
0@
b1100000001 A
b1100000010 B
#16830920000
0!
08
#16830925000
1!
18
b10 ?
#16830930000
0!
08
#16830935000
1!
18
b11 ?
#16830940000
0!
08
#16830945000
1!
1-
18
b0 ?
1@
#16830950000
0!
08
#16830955000
1!
0-
b1100000010 /
18
b1100000010 <
b1 ?
0@
b1100000010 A
b1100000011 B
#16830960000
0!
08
#16830965000
1!
18
b10 ?
#16830970000
0!
08
#16830975000
1!
18
b11 ?
#16830980000
0!
08
#16830985000
1!
1-
18
b0 ?
1@
#16830990000
0!
08
#16830995000
1!
0-
b1100000011 /
18
b1100000011 <
b1 ?
0@
b1100000011 A
b1100000100 B
#16831000000
0!
08
#16831005000
1!
18
b10 ?
#16831010000
0!
08
#16831015000
1!
18
b11 ?
#16831020000
0!
08
#16831025000
1!
1-
18
b0 ?
1@
#16831030000
0!
08
#16831035000
1!
0-
b1100000100 /
18
b1100000100 <
b1 ?
0@
b1100000100 A
b1100000101 B
#16831040000
0!
08
#16831045000
1!
18
b10 ?
#16831050000
0!
08
#16831055000
1!
18
b11 ?
#16831060000
0!
08
#16831065000
1!
1-
18
b0 ?
1@
#16831070000
0!
08
#16831075000
1!
0-
b1100000101 /
18
b1100000101 <
b1 ?
0@
b1100000101 A
b1100000110 B
#16831080000
0!
08
#16831085000
1!
18
b10 ?
#16831090000
0!
08
#16831095000
1!
18
b11 ?
#16831100000
0!
08
#16831105000
1!
1-
18
b0 ?
1@
#16831110000
0!
08
#16831115000
1!
0-
b1100000110 /
18
b1100000110 <
b1 ?
0@
b1100000110 A
b1100000111 B
#16831120000
0!
08
#16831125000
1!
18
b10 ?
#16831130000
0!
08
#16831135000
1!
18
b11 ?
#16831140000
0!
08
#16831145000
1!
1-
18
b0 ?
1@
#16831150000
0!
08
#16831155000
1!
0-
b1100000111 /
18
b1100000111 <
b1 ?
0@
b1100000111 A
b1100001000 B
#16831160000
0!
08
#16831165000
1!
18
b10 ?
#16831170000
0!
08
#16831175000
1!
18
b11 ?
#16831180000
0!
08
#16831185000
1!
1-
18
b0 ?
1@
#16831190000
0!
08
#16831195000
1!
0-
b1100001000 /
18
b1100001000 <
b1 ?
0@
b1100001000 A
b1100001001 B
#16831200000
0!
08
#16831205000
1!
18
b10 ?
#16831210000
0!
08
#16831215000
1!
18
b11 ?
#16831220000
0!
08
#16831225000
1!
1-
18
b0 ?
1@
#16831230000
0!
08
#16831235000
1!
0-
b1100001001 /
18
b1100001001 <
b1 ?
0@
b1100001001 A
b1100001010 B
#16831240000
0!
08
#16831245000
1!
18
b10 ?
#16831250000
0!
08
#16831255000
1!
18
b11 ?
#16831260000
0!
08
#16831265000
1!
1-
18
b0 ?
1@
#16831270000
0!
08
#16831275000
1!
0-
b1100001010 /
18
b1100001010 <
b1 ?
0@
b1100001010 A
b1100001011 B
#16831280000
0!
08
#16831285000
1!
18
b10 ?
#16831290000
0!
08
#16831295000
1!
18
b11 ?
#16831300000
0!
08
#16831305000
1!
1-
18
b0 ?
1@
#16831310000
0!
08
#16831315000
1!
0-
b1100001011 /
18
b1100001011 <
b1 ?
0@
b1100001011 A
b1100001100 B
#16831320000
0!
08
#16831325000
1!
18
b10 ?
#16831330000
0!
08
#16831335000
1!
18
b11 ?
#16831340000
0!
08
#16831345000
1!
1-
18
b0 ?
1@
#16831350000
0!
08
#16831355000
1!
0-
b1100001100 /
18
b1100001100 <
b1 ?
0@
b1100001100 A
b1100001101 B
#16831360000
0!
08
#16831365000
1!
18
b10 ?
#16831370000
0!
08
#16831375000
1!
18
b11 ?
#16831380000
0!
08
#16831385000
1!
1-
18
b0 ?
1@
#16831390000
0!
08
#16831395000
1!
0-
b1100001101 /
18
b1100001101 <
b1 ?
0@
b1100001101 A
b1100001110 B
#16831400000
0!
08
#16831405000
1!
18
b10 ?
#16831410000
0!
08
#16831415000
1!
18
b11 ?
#16831420000
0!
08
#16831425000
1!
1-
18
b0 ?
1@
#16831430000
0!
08
#16831435000
1!
0-
b1100001110 /
18
b1100001110 <
b1 ?
0@
b1100001110 A
b1100001111 B
#16831440000
0!
08
#16831445000
1!
18
b10 ?
#16831450000
0!
08
#16831455000
1!
18
b11 ?
#16831460000
0!
08
#16831465000
1!
1-
18
b0 ?
1@
#16831470000
0!
08
#16831475000
1!
0-
b1100001111 /
18
b1100001111 <
b1 ?
0@
b1100001111 A
b1100010000 B
#16831480000
0!
08
#16831485000
1!
18
b10 ?
#16831490000
0!
08
#16831495000
1!
18
b11 ?
#16831500000
0!
08
#16831505000
1!
1-
18
b0 ?
1@
#16831510000
0!
08
#16831515000
1!
0-
b1100010000 /
18
b1100010000 <
b1 ?
0@
b1100010000 A
b1100010001 B
#16831520000
0!
08
#16831525000
1!
18
b10 ?
#16831530000
0!
08
#16831535000
1!
18
b11 ?
#16831540000
0!
08
#16831545000
1!
1-
18
b0 ?
1@
#16831550000
0!
08
#16831555000
1!
0-
b1100010001 /
18
b1100010001 <
b1 ?
0@
b1100010001 A
b1100010010 B
#16831560000
0!
08
#16831565000
1!
18
b10 ?
#16831570000
0!
08
#16831575000
1!
18
b11 ?
#16831580000
0!
08
#16831585000
1!
1-
18
b0 ?
1@
#16831590000
0!
08
#16831595000
1!
0-
b1100010010 /
18
b1100010010 <
b1 ?
0@
b1100010010 A
b1100010011 B
#16831600000
0!
08
#16831605000
1!
18
b10 ?
#16831610000
0!
08
#16831615000
1!
18
b11 ?
#16831620000
0!
08
#16831625000
1!
1-
18
b0 ?
1@
#16831630000
0!
08
#16831635000
1!
0-
b1100010011 /
18
b1100010011 <
b1 ?
0@
b1100010011 A
b1100010100 B
#16831640000
0!
08
#16831645000
1!
18
b10 ?
#16831650000
0!
08
#16831655000
1!
18
b11 ?
#16831660000
0!
08
#16831665000
1!
1-
18
b0 ?
1@
#16831670000
0!
08
#16831675000
1!
0-
b1100010100 /
18
b1100010100 <
b1 ?
0@
b1100010100 A
b1100010101 B
#16831680000
0!
08
#16831685000
1!
18
b10 ?
#16831690000
0!
08
#16831695000
1!
18
b11 ?
#16831700000
0!
08
#16831705000
1!
1-
18
b0 ?
1@
#16831710000
0!
08
#16831715000
1!
0-
b1100010101 /
18
b1100010101 <
b1 ?
0@
b1100010101 A
b1100010110 B
#16831720000
0!
08
#16831725000
1!
18
b10 ?
#16831730000
0!
08
#16831735000
1!
18
b11 ?
#16831740000
0!
08
#16831745000
1!
1-
18
b0 ?
1@
#16831750000
0!
08
#16831755000
1!
0-
b1100010110 /
18
b1100010110 <
b1 ?
0@
b1100010110 A
b1100010111 B
#16831760000
0!
08
#16831765000
1!
18
b10 ?
#16831770000
0!
08
#16831775000
1!
18
b11 ?
#16831780000
0!
08
#16831785000
1!
1-
18
b0 ?
1@
#16831790000
0!
08
#16831795000
1!
0-
b1100010111 /
18
b1100010111 <
b1 ?
0@
b1100010111 A
b1100011000 B
#16831800000
0!
08
#16831805000
1!
18
b10 ?
#16831810000
0!
08
#16831815000
1!
18
b11 ?
#16831820000
0!
08
#16831825000
1!
1-
18
b0 ?
1@
#16831830000
0!
08
#16831835000
1!
0-
b1100011000 /
18
b1100011000 <
b1 ?
0@
b1100011000 A
b1100011001 B
#16831840000
0!
08
#16831845000
1!
18
b10 ?
#16831850000
0!
08
#16831855000
1!
18
b11 ?
#16831860000
0!
08
#16831865000
1!
1-
18
b0 ?
1@
#16831870000
0!
08
#16831875000
1!
0-
b1100011001 /
18
b1100011001 <
b1 ?
0@
b1100011001 A
b1100011010 B
#16831880000
0!
08
#16831885000
1!
18
b10 ?
#16831890000
0!
08
#16831895000
1!
18
b11 ?
#16831900000
0!
08
#16831905000
1!
1-
18
b0 ?
1@
#16831910000
0!
08
#16831915000
1!
0-
b1100011010 /
18
b1100011010 <
b1 ?
0@
b1100011010 A
b1100011011 B
#16831920000
0!
08
#16831925000
1!
18
b10 ?
#16831930000
0!
08
#16831935000
1!
18
b11 ?
#16831940000
0!
08
#16831945000
1!
1-
18
b0 ?
1@
#16831950000
0!
08
#16831955000
1!
0-
b1100011011 /
18
b1100011011 <
b1 ?
0@
b1100011011 A
b1100011100 B
#16831960000
0!
08
#16831965000
1!
18
b10 ?
#16831970000
0!
08
#16831975000
1!
18
b11 ?
#16831980000
0!
08
#16831985000
1!
1-
18
b0 ?
1@
#16831990000
0!
08
#16831995000
1!
0-
b1100011100 /
18
b1100011100 <
b1 ?
0@
b1100011100 A
b1100011101 B
#16832000000
0!
08
#16832005000
1!
18
b10 ?
#16832010000
0!
08
#16832015000
1!
18
b11 ?
#16832020000
0!
08
#16832025000
1!
1-
18
b0 ?
1@
#16832030000
0!
08
#16832035000
1!
0-
b1100011101 /
18
b1100011101 <
b1 ?
0@
b1100011101 A
b1100011110 B
#16832040000
0!
08
#16832045000
1!
18
b10 ?
#16832050000
0!
08
#16832055000
1!
18
b11 ?
#16832060000
0!
08
#16832065000
1!
1-
18
b0 ?
1@
#16832070000
0!
08
#16832075000
1!
0-
b1100011110 /
18
b1100011110 <
b1 ?
0@
b1100011110 A
b1100011111 B
#16832080000
0!
08
#16832085000
1!
18
b10 ?
#16832090000
0!
08
#16832095000
1!
18
b11 ?
#16832100000
0!
08
#16832105000
1!
1-
18
b0 ?
1@
#16832110000
0!
08
#16832115000
1!
0-
b1100011111 /
18
b1100011111 <
b1 ?
0@
b1100011111 A
b0 B
b1 D
#16832120000
0!
08
#16832125000
1!
18
b10 ?
#16832130000
0!
08
#16832135000
1!
18
b11 ?
#16832140000
0!
08
#16832145000
1!
1-
18
b0 ?
1@
#16832150000
0!
08
#16832155000
1!
b110 &
b1111 '
b1111 (
b1111 )
0-
1.
b0 /
b1 0
18
1;
b0 <
b1 =
b111111111111 >
b1 ?
0@
b0 A
b1 B
b1 C
#16832160000
0!
08
#16832165000
1!
18
b10 ?
#16832170000
0!
08
#16832175000
1!
18
b11 ?
#16832180000
0!
08
#16832185000
1!
1-
18
b0 ?
1@
#16832190000
0!
08
#16832195000
1!
06
18
$dumpoff
x$
x%
bx &
bx '
bx (
bx )
x-
x.
bx /
bx 0
x8
x9
bx :
x;
bx <
bx =
x@
xE
xF
x!
x"
bx #
bx *
bx +
bx ,
x1
bx 2
bx 3
bx 4
x5
x6
x7
bx >
bx ?
bx A
bx B
bx C
bx D
bx G
bx H
bx I
$end
