TRACE::2026-06-11.15:01:51::SCWPlatform::Trying to open the hw design at D:/vivado_pj/servo_motor_ip_pj/workspace/servo_wrapper/hw/servo_wrapper.xsa
TRACE::2026-06-11.15:01:51::SCWPlatform::DSA given D:/vivado_pj/servo_motor_ip_pj/workspace/servo_wrapper/hw/servo_wrapper.xsa
TRACE::2026-06-11.15:01:51::SCWPlatform::DSA absoulate path D:/vivado_pj/servo_motor_ip_pj/workspace/servo_wrapper/hw/servo_wrapper.xsa
TRACE::2026-06-11.15:01:51::SCWPlatform::DSA directory D:/vivado_pj/servo_motor_ip_pj/workspace/servo_wrapper/hw
TRACE::2026-06-11.15:01:51::SCWPlatform:: Platform Path D:/vivado_pj/servo_motor_ip_pj/workspace/servo_wrapper/hw/servo_wrapper.xsa
TRACE::2026-06-11.15:01:51::SCWPlatform:: Unique name xilinx:basys3::0.0
TRACE::2026-06-11.15:01:51::SCWPlatform::Do not have an existing db opened. 
TRACE::2026-06-11.15:01:51::SCWPlatform::Opened new HwDB with name servo_wrapper_0
TRACE::2026-06-11.15:01:51::SCWWriter::formatted JSON is {
	"platformName":	"servo_wrapper",
	"sprVersion":	"2.0",
	"mode":	"gui",
	"dsaType":	"Fixed",
	"platformDesc":	"servo_wrapper",
	"platHandOff":	"D:/vivado_pj/servo_motor_ip_pj/servo_wrapper.xsa",
	"platIntHandOff":	"<platformDir>/hw/servo_wrapper.xsa",
	"deviceType":	"FPGA",
	"platIsPrebuiltAutogen":	"false",
	"platIsNoBootBsp":	"false",
	"hasFsblMakeHasChanges":	"false",
	"hasPmufwMakeHasChanges":	"false",
	"platPreBuiltFlag":	false,
	"platformSamplesDir":	""
}
TRACE::2026-06-11.15:01:51::SCWWriter::formatted JSON is {
	"platformName":	"servo_wrapper",
	"sprVersion":	"2.0",
	"mode":	"gui",
	"dsaType":	"Fixed",
	"platformDesc":	"servo_wrapper",
	"platHandOff":	"D:/vivado_pj/servo_motor_ip_pj/servo_wrapper.xsa",
	"platIntHandOff":	"<platformDir>/hw/servo_wrapper.xsa",
	"deviceType":	"FPGA",
	"platIsPrebuiltAutogen":	"false",
	"platIsNoBootBsp":	"false",
	"hasFsblMakeHasChanges":	"false",
	"hasPmufwMakeHasChanges":	"false",
	"platPreBuiltFlag":	false,
	"platformSamplesDir":	"",
	"platActiveSys":	"servo_wrapper",
	"systems":	[{
			"systemName":	"servo_wrapper",
			"systemDesc":	"servo_wrapper",
			"sysIsBootAutoGen":	"true",
			"systemDispName":	"servo_wrapper"
		}]
}
TRACE::2026-06-11.15:01:51::SCWPlatform::Boot application domains not present, creating them
TRACE::2026-06-11.15:01:51::SCWPlatform::Pure FPGA device, no boot application will be created.
TRACE::2026-06-11.15:01:51::SCWWriter::formatted JSON is {
	"platformName":	"servo_wrapper",
	"sprVersion":	"2.0",
	"mode":	"gui",
	"dsaType":	"Fixed",
	"platformDesc":	"servo_wrapper",
	"platHandOff":	"D:/vivado_pj/servo_motor_ip_pj/servo_wrapper.xsa",
	"platIntHandOff":	"<platformDir>/hw/servo_wrapper.xsa",
	"deviceType":	"FPGA",
	"platIsPrebuiltAutogen":	"false",
	"platIsNoBootBsp":	"false",
	"hasFsblMakeHasChanges":	"false",
	"hasPmufwMakeHasChanges":	"false",
	"platPreBuiltFlag":	false,
	"platformSamplesDir":	"",
	"platActiveSys":	"servo_wrapper",
	"systems":	[{
			"systemName":	"servo_wrapper",
			"systemDesc":	"servo_wrapper",
			"sysIsBootAutoGen":	"true",
			"systemDispName":	"servo_wrapper"
		}]
}
TRACE::2026-06-11.15:01:51::SCWWriter::formatted JSON is {
	"platformName":	"servo_wrapper",
	"sprVersion":	"2.0",
	"mode":	"gui",
	"dsaType":	"Fixed",
	"platformDesc":	"servo_wrapper",
	"platHandOff":	"D:/vivado_pj/servo_motor_ip_pj/servo_wrapper.xsa",
	"platIntHandOff":	"<platformDir>/hw/servo_wrapper.xsa",
	"deviceType":	"FPGA",
	"platIsPrebuiltAutogen":	"false",
	"platIsNoBootBsp":	"false",
	"hasFsblMakeHasChanges":	"false",
	"hasPmufwMakeHasChanges":	"false",
	"platPreBuiltFlag":	false,
	"platformSamplesDir":	"",
	"platActiveSys":	"servo_wrapper",
	"systems":	[{
			"systemName":	"servo_wrapper",
			"systemDesc":	"servo_wrapper",
			"sysIsBootAutoGen":	"true",
			"systemDispName":	"servo_wrapper"
		}]
}
TRACE::2026-06-11.15:01:51::SCWPlatform::Trying to open the hw design at D:/vivado_pj/servo_motor_ip_pj/workspace/servo_wrapper/hw/servo_wrapper.xsa
TRACE::2026-06-11.15:01:51::SCWPlatform::DSA given D:/vivado_pj/servo_motor_ip_pj/workspace/servo_wrapper/hw/servo_wrapper.xsa
TRACE::2026-06-11.15:01:51::SCWPlatform::DSA absoulate path D:/vivado_pj/servo_motor_ip_pj/workspace/servo_wrapper/hw/servo_wrapper.xsa
TRACE::2026-06-11.15:01:51::SCWPlatform::DSA directory D:/vivado_pj/servo_motor_ip_pj/workspace/servo_wrapper/hw
TRACE::2026-06-11.15:01:51::SCWPlatform:: Platform Path D:/vivado_pj/servo_motor_ip_pj/workspace/servo_wrapper/hw/servo_wrapper.xsa
TRACE::2026-06-11.15:01:51::SCWPlatform:: Unique name xilinx:basys3::0.0
TRACE::2026-06-11.15:01:51::SCWPlatform::Trying to set the existing hwdb with name servo_wrapper_0
TRACE::2026-06-11.15:01:51::SCWPlatform::Opened existing hwdb servo_wrapper_0
TRACE::2026-06-11.15:01:51::SCWPlatform::Found the Hw Db part of the input DSA
TRACE::2026-06-11.15:01:51::SCWPlatform::Trying to open the hw design at D:/vivado_pj/servo_motor_ip_pj/workspace/servo_wrapper/hw/servo_wrapper.xsa
TRACE::2026-06-11.15:01:51::SCWPlatform::DSA given D:/vivado_pj/servo_motor_ip_pj/workspace/servo_wrapper/hw/servo_wrapper.xsa
TRACE::2026-06-11.15:01:51::SCWPlatform::DSA absoulate path D:/vivado_pj/servo_motor_ip_pj/workspace/servo_wrapper/hw/servo_wrapper.xsa
TRACE::2026-06-11.15:01:51::SCWPlatform::DSA directory D:/vivado_pj/servo_motor_ip_pj/workspace/servo_wrapper/hw
TRACE::2026-06-11.15:01:51::SCWPlatform:: Platform Path D:/vivado_pj/servo_motor_ip_pj/workspace/servo_wrapper/hw/servo_wrapper.xsa
TRACE::2026-06-11.15:01:51::SCWPlatform:: Unique name xilinx:basys3::0.0
TRACE::2026-06-11.15:01:51::SCWPlatform::Trying to set the existing hwdb with name servo_wrapper_0
TRACE::2026-06-11.15:01:51::SCWPlatform::Opened existing hwdb servo_wrapper_0
TRACE::2026-06-11.15:01:51::SCWPlatform::Found the Hw Db part of the input DSA
TRACE::2026-06-11.15:01:51::SCWDomain::checking for install qemu data   : 
TRACE::2026-06-11.15:01:51::SCWPlatform::Trying to open the hw design at D:/vivado_pj/servo_motor_ip_pj/workspace/servo_wrapper/hw/servo_wrapper.xsa
TRACE::2026-06-11.15:01:51::SCWPlatform::DSA given D:/vivado_pj/servo_motor_ip_pj/workspace/servo_wrapper/hw/servo_wrapper.xsa
TRACE::2026-06-11.15:01:51::SCWPlatform::DSA absoulate path D:/vivado_pj/servo_motor_ip_pj/workspace/servo_wrapper/hw/servo_wrapper.xsa
TRACE::2026-06-11.15:01:51::SCWPlatform::DSA directory D:/vivado_pj/servo_motor_ip_pj/workspace/servo_wrapper/hw
TRACE::2026-06-11.15:01:51::SCWPlatform:: Platform Path D:/vivado_pj/servo_motor_ip_pj/workspace/servo_wrapper/hw/servo_wrapper.xsa
TRACE::2026-06-11.15:01:51::SCWPlatform:: Unique name xilinx:basys3::0.0
TRACE::2026-06-11.15:01:51::SCWPlatform::Trying to set the existing hwdb with name servo_wrapper_0
TRACE::2026-06-11.15:01:51::SCWPlatform::Opened existing hwdb servo_wrapper_0
TRACE::2026-06-11.15:01:51::SCWPlatform::Found the Hw Db part of the input DSA
TRACE::2026-06-11.15:01:51::SCWPlatform::Trying to open the hw design at D:/vivado_pj/servo_motor_ip_pj/workspace/servo_wrapper/hw/servo_wrapper.xsa
TRACE::2026-06-11.15:01:51::SCWPlatform::DSA given D:/vivado_pj/servo_motor_ip_pj/workspace/servo_wrapper/hw/servo_wrapper.xsa
TRACE::2026-06-11.15:01:51::SCWPlatform::DSA absoulate path D:/vivado_pj/servo_motor_ip_pj/workspace/servo_wrapper/hw/servo_wrapper.xsa
TRACE::2026-06-11.15:01:51::SCWPlatform::DSA directory D:/vivado_pj/servo_motor_ip_pj/workspace/servo_wrapper/hw
TRACE::2026-06-11.15:01:51::SCWPlatform:: Platform Path D:/vivado_pj/servo_motor_ip_pj/workspace/servo_wrapper/hw/servo_wrapper.xsa
TRACE::2026-06-11.15:01:51::SCWPlatform:: Unique name xilinx:basys3::0.0
TRACE::2026-06-11.15:01:51::SCWPlatform::Trying to set the existing hwdb with name servo_wrapper_0
TRACE::2026-06-11.15:01:51::SCWPlatform::Opened existing hwdb servo_wrapper_0
TRACE::2026-06-11.15:01:51::SCWPlatform::Found the Hw Db part of the input DSA
TRACE::2026-06-11.15:01:51::SCWPlatform::Trying to open the hw design at D:/vivado_pj/servo_motor_ip_pj/workspace/servo_wrapper/hw/servo_wrapper.xsa
TRACE::2026-06-11.15:01:51::SCWPlatform::DSA given D:/vivado_pj/servo_motor_ip_pj/workspace/servo_wrapper/hw/servo_wrapper.xsa
TRACE::2026-06-11.15:01:51::SCWPlatform::DSA absoulate path D:/vivado_pj/servo_motor_ip_pj/workspace/servo_wrapper/hw/servo_wrapper.xsa
TRACE::2026-06-11.15:01:51::SCWPlatform::DSA directory D:/vivado_pj/servo_motor_ip_pj/workspace/servo_wrapper/hw
TRACE::2026-06-11.15:01:51::SCWPlatform:: Platform Path D:/vivado_pj/servo_motor_ip_pj/workspace/servo_wrapper/hw/servo_wrapper.xsa
TRACE::2026-06-11.15:01:51::SCWPlatform:: Unique name xilinx:basys3::0.0
TRACE::2026-06-11.15:01:51::SCWPlatform::Trying to set the existing hwdb with name servo_wrapper_0
TRACE::2026-06-11.15:01:51::SCWPlatform::Opened existing hwdb servo_wrapper_0
TRACE::2026-06-11.15:01:51::SCWPlatform::Found the Hw Db part of the input DSA
TRACE::2026-06-11.15:01:51::SCWMssOS::Checking the sw design at  D:/vivado_pj/servo_motor_ip_pj/workspace/servo_wrapper/microblaze_0/standalone_microblaze_0/bsp/system.mss
TRACE::2026-06-11.15:01:51::SCWMssOS::DEBUG:  swdes dump  
TRACE::2026-06-11.15:01:51::SCWMssOS::No sw design opened at  D:/vivado_pj/servo_motor_ip_pj/workspace/servo_wrapper/microblaze_0/standalone_microblaze_0/bsp/system.mss
TRACE::2026-06-11.15:01:51::SCWMssOS::mss does not exists at D:/vivado_pj/servo_motor_ip_pj/workspace/servo_wrapper/microblaze_0/standalone_microblaze_0/bsp/system.mss
TRACE::2026-06-11.15:01:51::SCWMssOS::Creating sw design at  D:/vivado_pj/servo_motor_ip_pj/workspace/servo_wrapper/microblaze_0/standalone_microblaze_0/bsp/system.mss
TRACE::2026-06-11.15:01:51::SCWMssOS::Adding the swdes entry, created swdb D:/vivado_pj/servo_motor_ip_pj/workspace/servo_wrapper/microblaze_0/standalone_microblaze_0/bsp/system.mss with des name D:/vivado_pj/servo_motor_ip_pj/workspace/servo_wrapper/microblaze_0/standalone_microblaze_0/bsp/system.mss
TRACE::2026-06-11.15:01:51::SCWMssOS::updating the scw layer changes to swdes at   D:/vivado_pj/servo_motor_ip_pj/workspace/servo_wrapper/microblaze_0/standalone_microblaze_0/bsp/system.mss
TRACE::2026-06-11.15:01:51::SCWMssOS::Writing mss at D:/vivado_pj/servo_motor_ip_pj/workspace/servo_wrapper/microblaze_0/standalone_microblaze_0/bsp/system.mss
TRACE::2026-06-11.15:01:51::SCWMssOS::Completed writing the mss file at D:/vivado_pj/servo_motor_ip_pj/workspace/servo_wrapper/microblaze_0/standalone_microblaze_0/bsp
TRACE::2026-06-11.15:01:51::SCWMssOS::Picking up changes from newly written mss file into SCW Layer. 
TRACE::2026-06-11.15:01:51::SCWMssOS::Updated the changes from newly written mss file into SCW Layer. 
TRACE::2026-06-11.15:01:51::SCWMssOS::Completed writing the mss file at D:/vivado_pj/servo_motor_ip_pj/workspace/servo_wrapper/microblaze_0/standalone_microblaze_0/bsp
TRACE::2026-06-11.15:01:51::SCWMssOS::Forcing BSP Sources regeneration.
TRACE::2026-06-11.15:01:53::SCWMssOS::Saving the mss changes D:/vivado_pj/servo_motor_ip_pj/workspace/servo_wrapper/microblaze_0/standalone_microblaze_0/bsp/system.mss
TRACE::2026-06-11.15:01:53::SCWMssOS::Adding the swdes entry, mss present, able to open swdb D:/vivado_pj/servo_motor_ip_pj/workspace/servo_wrapper/microblaze_0/standalone_microblaze_0/bsp/system.mss with des name system
TRACE::2026-06-11.15:01:53::SCWMssOS::Writing the mss file completed D:/vivado_pj/servo_motor_ip_pj/workspace/servo_wrapper/microblaze_0/standalone_microblaze_0/bsp/system.mss
TRACE::2026-06-11.15:01:53::SCWMssOS::Commit changes completed.
TRACE::2026-06-11.15:01:53::SCWPlatform::Trying to open the hw design at D:/vivado_pj/servo_motor_ip_pj/workspace/servo_wrapper/hw/servo_wrapper.xsa
TRACE::2026-06-11.15:01:53::SCWPlatform::DSA given D:/vivado_pj/servo_motor_ip_pj/workspace/servo_wrapper/hw/servo_wrapper.xsa
TRACE::2026-06-11.15:01:53::SCWPlatform::DSA absoulate path D:/vivado_pj/servo_motor_ip_pj/workspace/servo_wrapper/hw/servo_wrapper.xsa
TRACE::2026-06-11.15:01:53::SCWPlatform::DSA directory D:/vivado_pj/servo_motor_ip_pj/workspace/servo_wrapper/hw
TRACE::2026-06-11.15:01:53::SCWPlatform:: Platform Path D:/vivado_pj/servo_motor_ip_pj/workspace/servo_wrapper/hw/servo_wrapper.xsa
TRACE::2026-06-11.15:01:53::SCWPlatform:: Unique name xilinx:basys3::0.0
TRACE::2026-06-11.15:01:53::SCWPlatform::Trying to set the existing hwdb with name servo_wrapper_0
TRACE::2026-06-11.15:01:53::SCWPlatform::Opened existing hwdb servo_wrapper_0
TRACE::2026-06-11.15:01:53::SCWPlatform::Found the Hw Db part of the input DSA
TRACE::2026-06-11.15:01:53::SCWMssOS::Checking the sw design at  D:/vivado_pj/servo_motor_ip_pj/workspace/servo_wrapper/microblaze_0/standalone_microblaze_0/bsp/system.mss
TRACE::2026-06-11.15:01:53::SCWMssOS::DEBUG:  swdes dump  D:/vivado_pj/servo_motor_ip_pj/workspace/servo_wrapper/microblaze_0/standalone_microblaze_0/bsp/system.mss|system||

TRACE::2026-06-11.15:01:53::SCWMssOS::Sw design exists and opened at  D:/vivado_pj/servo_motor_ip_pj/workspace/servo_wrapper/microblaze_0/standalone_microblaze_0/bsp/system.mss
TRACE::2026-06-11.15:01:53::SCWPlatform::Trying to open the hw design at D:/vivado_pj/servo_motor_ip_pj/workspace/servo_wrapper/hw/servo_wrapper.xsa
TRACE::2026-06-11.15:01:53::SCWPlatform::DSA given D:/vivado_pj/servo_motor_ip_pj/workspace/servo_wrapper/hw/servo_wrapper.xsa
TRACE::2026-06-11.15:01:53::SCWPlatform::DSA absoulate path D:/vivado_pj/servo_motor_ip_pj/workspace/servo_wrapper/hw/servo_wrapper.xsa
TRACE::2026-06-11.15:01:53::SCWPlatform::DSA directory D:/vivado_pj/servo_motor_ip_pj/workspace/servo_wrapper/hw
TRACE::2026-06-11.15:01:53::SCWPlatform:: Platform Path D:/vivado_pj/servo_motor_ip_pj/workspace/servo_wrapper/hw/servo_wrapper.xsa
TRACE::2026-06-11.15:01:53::SCWPlatform:: Unique name xilinx:basys3::0.0
TRACE::2026-06-11.15:01:53::SCWPlatform::Trying to set the existing hwdb with name servo_wrapper_0
TRACE::2026-06-11.15:01:53::SCWPlatform::Opened existing hwdb servo_wrapper_0
TRACE::2026-06-11.15:01:53::SCWPlatform::Found the Hw Db part of the input DSA
TRACE::2026-06-11.15:01:53::SCWMssOS::Checking the sw design at  D:/vivado_pj/servo_motor_ip_pj/workspace/servo_wrapper/microblaze_0/standalone_microblaze_0/bsp/system.mss
TRACE::2026-06-11.15:01:53::SCWMssOS::DEBUG:  swdes dump  D:/vivado_pj/servo_motor_ip_pj/workspace/servo_wrapper/microblaze_0/standalone_microblaze_0/bsp/system.mss|system||

TRACE::2026-06-11.15:01:53::SCWMssOS::Sw design exists and opened at  D:/vivado_pj/servo_motor_ip_pj/workspace/servo_wrapper/microblaze_0/standalone_microblaze_0/bsp/system.mss
TRACE::2026-06-11.15:01:53::SCWPlatform::Trying to open the hw design at D:/vivado_pj/servo_motor_ip_pj/workspace/servo_wrapper/hw/servo_wrapper.xsa
TRACE::2026-06-11.15:01:53::SCWPlatform::DSA given D:/vivado_pj/servo_motor_ip_pj/workspace/servo_wrapper/hw/servo_wrapper.xsa
TRACE::2026-06-11.15:01:53::SCWPlatform::DSA absoulate path D:/vivado_pj/servo_motor_ip_pj/workspace/servo_wrapper/hw/servo_wrapper.xsa
TRACE::2026-06-11.15:01:53::SCWPlatform::DSA directory D:/vivado_pj/servo_motor_ip_pj/workspace/servo_wrapper/hw
TRACE::2026-06-11.15:01:53::SCWPlatform:: Platform Path D:/vivado_pj/servo_motor_ip_pj/workspace/servo_wrapper/hw/servo_wrapper.xsa
TRACE::2026-06-11.15:01:53::SCWPlatform:: Unique name xilinx:basys3::0.0
TRACE::2026-06-11.15:01:53::SCWPlatform::Trying to set the existing hwdb with name servo_wrapper_0
TRACE::2026-06-11.15:01:53::SCWPlatform::Opened existing hwdb servo_wrapper_0
TRACE::2026-06-11.15:01:53::SCWPlatform::Found the Hw Db part of the input DSA
TRACE::2026-06-11.15:01:53::SCWMssOS::Checking the sw design at  D:/vivado_pj/servo_motor_ip_pj/workspace/servo_wrapper/microblaze_0/standalone_microblaze_0/bsp/system.mss
TRACE::2026-06-11.15:01:53::SCWMssOS::DEBUG:  swdes dump  D:/vivado_pj/servo_motor_ip_pj/workspace/servo_wrapper/microblaze_0/standalone_microblaze_0/bsp/system.mss|system||

TRACE::2026-06-11.15:01:53::SCWMssOS::Sw design exists and opened at  D:/vivado_pj/servo_motor_ip_pj/workspace/servo_wrapper/microblaze_0/standalone_microblaze_0/bsp/system.mss
TRACE::2026-06-11.15:01:53::SCWWriter::formatted JSON is {
	"platformName":	"servo_wrapper",
	"sprVersion":	"2.0",
	"mode":	"gui",
	"dsaType":	"Fixed",
	"platformDesc":	"servo_wrapper",
	"platHandOff":	"D:/vivado_pj/servo_motor_ip_pj/servo_wrapper.xsa",
	"platIntHandOff":	"<platformDir>/hw/servo_wrapper.xsa",
	"deviceType":	"FPGA",
	"platIsPrebuiltAutogen":	"false",
	"platIsNoBootBsp":	"false",
	"hasFsblMakeHasChanges":	"false",
	"hasPmufwMakeHasChanges":	"false",
	"platPreBuiltFlag":	false,
	"platformSamplesDir":	"",
	"platActiveSys":	"servo_wrapper",
	"systems":	[{
			"systemName":	"servo_wrapper",
			"systemDesc":	"servo_wrapper",
			"sysIsBootAutoGen":	"true",
			"systemDispName":	"servo_wrapper",
			"sysActiveDom":	"standalone_microblaze_0",
			"sysDefaultDom":	"standalone_microblaze_0",
			"domains":	[{
					"domainName":	"standalone_microblaze_0",
					"domainDispName":	"standalone_microblaze_0",
					"domainDesc":	"standalone_microblaze_0",
					"processors":	"microblaze_0",
					"os":	"standalone",
					"sdxOs":	"standalone",
					"debugEnable":	"False",
					"domRuntimes":	["cpp"],
					"swRepo":	"",
					"mssOsVer":	"8.1",
					"mssFile":	"",
					"md5Digest":	"8655cd928e5087cbb216b5791aa99bac",
					"compatibleApp":	"hello_world",
					"domType":	"mssDomain",
					"arch":	"32-bit",
					"appSettings":	{
						"appCompilerFlags":	"",
						"appLinkerFlags":	""
					},
					"addedLibs":	[],
					"libOptions":	{
						"libsContainingOptions":	[]
					},
					"prebuiltLibs":	{
						"prebuiltIncPath":	[],
						"prebuiltLibPath":	[]
					},
					"isolation":	{
					}
				}]
		}]
}
LOG::2026-06-11.15:01:53::SCWPlatform::Started generating the artifacts platform servo_wrapper
TRACE::2026-06-11.15:01:53::SCWPlatform::Sanity checking of platform is completed
LOG::2026-06-11.15:01:53::SCWPlatform::Started generating the artifacts for system configuration servo_wrapper
LOG::2026-06-11.15:01:53::SCWSystem::Checking the domain standalone_microblaze_0
LOG::2026-06-11.15:01:53::SCWSystem::Not a boot domain 
LOG::2026-06-11.15:01:53::SCWSystem::Started Processing the domain standalone_microblaze_0
TRACE::2026-06-11.15:01:53::SCWDomain::Generating domain artifcats
TRACE::2026-06-11.15:01:53::SCWMssOS::Generating standalone artifcats
TRACE::2026-06-11.15:01:53::SCWMssOS:: Copying the user libraries. 
TRACE::2026-06-11.15:01:53::SCWPlatform::Trying to open the hw design at D:/vivado_pj/servo_motor_ip_pj/workspace/servo_wrapper/hw/servo_wrapper.xsa
TRACE::2026-06-11.15:01:53::SCWPlatform::DSA given D:/vivado_pj/servo_motor_ip_pj/workspace/servo_wrapper/hw/servo_wrapper.xsa
TRACE::2026-06-11.15:01:53::SCWPlatform::DSA absoulate path D:/vivado_pj/servo_motor_ip_pj/workspace/servo_wrapper/hw/servo_wrapper.xsa
TRACE::2026-06-11.15:01:53::SCWPlatform::DSA directory D:/vivado_pj/servo_motor_ip_pj/workspace/servo_wrapper/hw
TRACE::2026-06-11.15:01:53::SCWPlatform:: Platform Path D:/vivado_pj/servo_motor_ip_pj/workspace/servo_wrapper/hw/servo_wrapper.xsa
TRACE::2026-06-11.15:01:53::SCWPlatform:: Unique name xilinx:basys3::0.0
TRACE::2026-06-11.15:01:53::SCWPlatform::Trying to set the existing hwdb with name servo_wrapper_0
TRACE::2026-06-11.15:01:53::SCWPlatform::Opened existing hwdb servo_wrapper_0
TRACE::2026-06-11.15:01:53::SCWPlatform::Found the Hw Db part of the input DSA
TRACE::2026-06-11.15:01:53::SCWMssOS::Checking the sw design at  D:/vivado_pj/servo_motor_ip_pj/workspace/servo_wrapper/microblaze_0/standalone_microblaze_0/bsp/system.mss
TRACE::2026-06-11.15:01:53::SCWMssOS::DEBUG:  swdes dump  D:/vivado_pj/servo_motor_ip_pj/workspace/servo_wrapper/microblaze_0/standalone_microblaze_0/bsp/system.mss|system||

TRACE::2026-06-11.15:01:53::SCWMssOS::Sw design exists and opened at  D:/vivado_pj/servo_motor_ip_pj/workspace/servo_wrapper/microblaze_0/standalone_microblaze_0/bsp/system.mss
TRACE::2026-06-11.15:01:53::SCWMssOS::Completed writing the mss file at D:/vivado_pj/servo_motor_ip_pj/workspace/servo_wrapper/microblaze_0/standalone_microblaze_0/bsp
TRACE::2026-06-11.15:01:53::SCWMssOS::Mss edits present, copying mssfile into export location D:/vivado_pj/servo_motor_ip_pj/workspace/servo_wrapper/microblaze_0/standalone_microblaze_0/bsp/system.mss
TRACE::2026-06-11.15:01:53::SCWMssOS::bsp generated is upto date with the mss file. Skipping bsp generation.
TRACE::2026-06-11.15:01:53::SCWMssOS::BSP is already built. skipping the bsp build ... 
TRACE::2026-06-11.15:01:53::SCWDomain::Skipping the build for domain :  standalone_microblaze_0
TRACE::2026-06-11.15:01:53::SCWMssOS::skipping the bsp build ... 
TRACE::2026-06-11.15:01:53::SCWMssOS::Copying to export directory.
TRACE::2026-06-11.15:01:53::SCWMssOS:: Checking if to create the Supporting Applications
TRACE::2026-06-11.15:01:53::SCWMssOS:: No Linux domain exists, trying to generate FSBL 
LOG::2026-06-11.15:01:53::SCWSystem::Completed Processing the domain standalone_microblaze_0
LOG::2026-06-11.15:01:53::SCWSystem::Completed Processing the sysconfig servo_wrapper
LOG::2026-06-11.15:01:53::SCWPlatform::Completed generating the artifacts for system configuration servo_wrapper
TRACE::2026-06-11.15:01:53::SCWPlatform::Started preparing the platform 
TRACE::2026-06-11.15:01:53::SCWSystem::Writing the bif file for system config servo_wrapper
TRACE::2026-06-11.15:01:53::SCWSystem::dir created 
TRACE::2026-06-11.15:01:53::SCWSystem::Writing the bif 
TRACE::2026-06-11.15:01:53::SCWPlatform::Started writing the spfm file 
TRACE::2026-06-11.15:01:53::SCWPlatform::Started writing the xpfm file 
TRACE::2026-06-11.15:01:53::SCWPlatform::Completed generating the platform
TRACE::2026-06-11.15:01:53::SCWMssOS::Saving the mss changes D:/vivado_pj/servo_motor_ip_pj/workspace/servo_wrapper/microblaze_0/standalone_microblaze_0/bsp/system.mss
TRACE::2026-06-11.15:01:53::SCWMssOS::Found a swdesign opened with the mssfile.
TRACE::2026-06-11.15:01:53::SCWMssOS::Completed writemss as part of save.
TRACE::2026-06-11.15:01:53::SCWMssOS::Commit changes completed.
TRACE::2026-06-11.15:01:53::SCWPlatform::Trying to open the hw design at D:/vivado_pj/servo_motor_ip_pj/workspace/servo_wrapper/hw/servo_wrapper.xsa
TRACE::2026-06-11.15:01:53::SCWPlatform::DSA given D:/vivado_pj/servo_motor_ip_pj/workspace/servo_wrapper/hw/servo_wrapper.xsa
TRACE::2026-06-11.15:01:53::SCWPlatform::DSA absoulate path D:/vivado_pj/servo_motor_ip_pj/workspace/servo_wrapper/hw/servo_wrapper.xsa
TRACE::2026-06-11.15:01:53::SCWPlatform::DSA directory D:/vivado_pj/servo_motor_ip_pj/workspace/servo_wrapper/hw
TRACE::2026-06-11.15:01:53::SCWPlatform:: Platform Path D:/vivado_pj/servo_motor_ip_pj/workspace/servo_wrapper/hw/servo_wrapper.xsa
TRACE::2026-06-11.15:01:53::SCWPlatform:: Unique name xilinx:basys3::0.0
TRACE::2026-06-11.15:01:53::SCWPlatform::Trying to set the existing hwdb with name servo_wrapper_0
TRACE::2026-06-11.15:01:53::SCWPlatform::Opened existing hwdb servo_wrapper_0
TRACE::2026-06-11.15:01:53::SCWPlatform::Found the Hw Db part of the input DSA
TRACE::2026-06-11.15:01:53::SCWMssOS::Checking the sw design at  D:/vivado_pj/servo_motor_ip_pj/workspace/servo_wrapper/microblaze_0/standalone_microblaze_0/bsp/system.mss
TRACE::2026-06-11.15:01:53::SCWMssOS::DEBUG:  swdes dump  D:/vivado_pj/servo_motor_ip_pj/workspace/servo_wrapper/microblaze_0/standalone_microblaze_0/bsp/system.mss|system||

TRACE::2026-06-11.15:01:53::SCWMssOS::Sw design exists and opened at  D:/vivado_pj/servo_motor_ip_pj/workspace/servo_wrapper/microblaze_0/standalone_microblaze_0/bsp/system.mss
TRACE::2026-06-11.15:01:53::SCWPlatform::Trying to open the hw design at D:/vivado_pj/servo_motor_ip_pj/workspace/servo_wrapper/hw/servo_wrapper.xsa
TRACE::2026-06-11.15:01:53::SCWPlatform::DSA given D:/vivado_pj/servo_motor_ip_pj/workspace/servo_wrapper/hw/servo_wrapper.xsa
TRACE::2026-06-11.15:01:53::SCWPlatform::DSA absoulate path D:/vivado_pj/servo_motor_ip_pj/workspace/servo_wrapper/hw/servo_wrapper.xsa
TRACE::2026-06-11.15:01:53::SCWPlatform::DSA directory D:/vivado_pj/servo_motor_ip_pj/workspace/servo_wrapper/hw
TRACE::2026-06-11.15:01:53::SCWPlatform:: Platform Path D:/vivado_pj/servo_motor_ip_pj/workspace/servo_wrapper/hw/servo_wrapper.xsa
TRACE::2026-06-11.15:01:53::SCWPlatform:: Unique name xilinx:basys3::0.0
TRACE::2026-06-11.15:01:53::SCWPlatform::Trying to set the existing hwdb with name servo_wrapper_0
TRACE::2026-06-11.15:01:53::SCWPlatform::Opened existing hwdb servo_wrapper_0
TRACE::2026-06-11.15:01:53::SCWPlatform::Found the Hw Db part of the input DSA
TRACE::2026-06-11.15:01:53::SCWMssOS::Checking the sw design at  D:/vivado_pj/servo_motor_ip_pj/workspace/servo_wrapper/microblaze_0/standalone_microblaze_0/bsp/system.mss
TRACE::2026-06-11.15:01:53::SCWMssOS::DEBUG:  swdes dump  D:/vivado_pj/servo_motor_ip_pj/workspace/servo_wrapper/microblaze_0/standalone_microblaze_0/bsp/system.mss|system||

TRACE::2026-06-11.15:01:53::SCWMssOS::Sw design exists and opened at  D:/vivado_pj/servo_motor_ip_pj/workspace/servo_wrapper/microblaze_0/standalone_microblaze_0/bsp/system.mss
TRACE::2026-06-11.15:01:53::SCWPlatform::Trying to open the hw design at D:/vivado_pj/servo_motor_ip_pj/workspace/servo_wrapper/hw/servo_wrapper.xsa
TRACE::2026-06-11.15:01:53::SCWPlatform::DSA given D:/vivado_pj/servo_motor_ip_pj/workspace/servo_wrapper/hw/servo_wrapper.xsa
TRACE::2026-06-11.15:01:53::SCWPlatform::DSA absoulate path D:/vivado_pj/servo_motor_ip_pj/workspace/servo_wrapper/hw/servo_wrapper.xsa
TRACE::2026-06-11.15:01:53::SCWPlatform::DSA directory D:/vivado_pj/servo_motor_ip_pj/workspace/servo_wrapper/hw
TRACE::2026-06-11.15:01:53::SCWPlatform:: Platform Path D:/vivado_pj/servo_motor_ip_pj/workspace/servo_wrapper/hw/servo_wrapper.xsa
TRACE::2026-06-11.15:01:53::SCWPlatform:: Unique name xilinx:basys3::0.0
TRACE::2026-06-11.15:01:53::SCWPlatform::Trying to set the existing hwdb with name servo_wrapper_0
TRACE::2026-06-11.15:01:53::SCWPlatform::Opened existing hwdb servo_wrapper_0
TRACE::2026-06-11.15:01:53::SCWPlatform::Found the Hw Db part of the input DSA
TRACE::2026-06-11.15:01:53::SCWMssOS::Checking the sw design at  D:/vivado_pj/servo_motor_ip_pj/workspace/servo_wrapper/microblaze_0/standalone_microblaze_0/bsp/system.mss
TRACE::2026-06-11.15:01:53::SCWMssOS::DEBUG:  swdes dump  D:/vivado_pj/servo_motor_ip_pj/workspace/servo_wrapper/microblaze_0/standalone_microblaze_0/bsp/system.mss|system||

TRACE::2026-06-11.15:01:53::SCWMssOS::Sw design exists and opened at  D:/vivado_pj/servo_motor_ip_pj/workspace/servo_wrapper/microblaze_0/standalone_microblaze_0/bsp/system.mss
TRACE::2026-06-11.15:01:53::SCWWriter::formatted JSON is {
	"platformName":	"servo_wrapper",
	"sprVersion":	"2.0",
	"mode":	"gui",
	"dsaType":	"Fixed",
	"platformDesc":	"servo_wrapper",
	"platHandOff":	"D:/vivado_pj/servo_motor_ip_pj/servo_wrapper.xsa",
	"platIntHandOff":	"<platformDir>/hw/servo_wrapper.xsa",
	"deviceType":	"FPGA",
	"platIsPrebuiltAutogen":	"false",
	"platIsNoBootBsp":	"false",
	"hasFsblMakeHasChanges":	"false",
	"hasPmufwMakeHasChanges":	"false",
	"platPreBuiltFlag":	false,
	"platformSamplesDir":	"",
	"platActiveSys":	"servo_wrapper",
	"systems":	[{
			"systemName":	"servo_wrapper",
			"systemDesc":	"servo_wrapper",
			"sysIsBootAutoGen":	"true",
			"systemDispName":	"servo_wrapper",
			"sysActiveDom":	"standalone_microblaze_0",
			"sysDefaultDom":	"standalone_microblaze_0",
			"domains":	[{
					"domainName":	"standalone_microblaze_0",
					"domainDispName":	"standalone_microblaze_0",
					"domainDesc":	"standalone_microblaze_0",
					"processors":	"microblaze_0",
					"os":	"standalone",
					"sdxOs":	"standalone",
					"debugEnable":	"False",
					"domRuntimes":	["cpp"],
					"swRepo":	"",
					"mssOsVer":	"8.1",
					"mssFile":	"",
					"md5Digest":	"8655cd928e5087cbb216b5791aa99bac",
					"compatibleApp":	"hello_world",
					"domType":	"mssDomain",
					"arch":	"32-bit",
					"appSettings":	{
						"appCompilerFlags":	"",
						"appLinkerFlags":	""
					},
					"addedLibs":	[],
					"libOptions":	{
						"libsContainingOptions":	[]
					},
					"prebuiltLibs":	{
						"prebuiltIncPath":	[],
						"prebuiltLibPath":	[]
					},
					"isolation":	{
					}
				}]
		}]
}
KEYINFO::2026-06-11.15:01:53::SCWPlatform::updated the xpfm file.
TRACE::2026-06-11.15:01:54::SCWPlatform::Trying to open the hw design at D:/vivado_pj/servo_motor_ip_pj/workspace/servo_wrapper/hw/servo_wrapper.xsa
TRACE::2026-06-11.15:01:54::SCWPlatform::DSA given D:/vivado_pj/servo_motor_ip_pj/workspace/servo_wrapper/hw/servo_wrapper.xsa
TRACE::2026-06-11.15:01:54::SCWPlatform::DSA absoulate path D:/vivado_pj/servo_motor_ip_pj/workspace/servo_wrapper/hw/servo_wrapper.xsa
TRACE::2026-06-11.15:01:54::SCWPlatform::DSA directory D:/vivado_pj/servo_motor_ip_pj/workspace/servo_wrapper/hw
TRACE::2026-06-11.15:01:54::SCWPlatform:: Platform Path D:/vivado_pj/servo_motor_ip_pj/workspace/servo_wrapper/hw/servo_wrapper.xsa
TRACE::2026-06-11.15:01:54::SCWPlatform:: Unique name xilinx:basys3::0.0
TRACE::2026-06-11.15:01:54::SCWPlatform::Trying to set the existing hwdb with name servo_wrapper_0
TRACE::2026-06-11.15:01:54::SCWPlatform::Opened existing hwdb servo_wrapper_0
TRACE::2026-06-11.15:01:54::SCWPlatform::Found the Hw Db part of the input DSA
TRACE::2026-06-11.15:01:54::SCWMssOS::Checking the sw design at  D:/vivado_pj/servo_motor_ip_pj/workspace/servo_wrapper/microblaze_0/standalone_microblaze_0/bsp/system.mss
TRACE::2026-06-11.15:01:54::SCWMssOS::DEBUG:  swdes dump  D:/vivado_pj/servo_motor_ip_pj/workspace/servo_wrapper/microblaze_0/standalone_microblaze_0/bsp/system.mss|system||

TRACE::2026-06-11.15:01:54::SCWMssOS::Sw design exists and opened at  D:/vivado_pj/servo_motor_ip_pj/workspace/servo_wrapper/microblaze_0/standalone_microblaze_0/bsp/system.mss
TRACE::2026-06-11.15:01:54::SCWMssOS::Saving the mss changes D:/vivado_pj/servo_motor_ip_pj/workspace/servo_wrapper/microblaze_0/standalone_microblaze_0/bsp/system.mss
TRACE::2026-06-11.15:01:54::SCWMssOS::Found a swdesign opened with the mssfile.
TRACE::2026-06-11.15:01:54::SCWMssOS::Completed writemss as part of save.
TRACE::2026-06-11.15:01:54::SCWMssOS::Commit changes completed.
TRACE::2026-06-11.15:01:54::SCWPlatform::Trying to open the hw design at D:/vivado_pj/servo_motor_ip_pj/workspace/servo_wrapper/hw/servo_wrapper.xsa
TRACE::2026-06-11.15:01:54::SCWPlatform::DSA given D:/vivado_pj/servo_motor_ip_pj/workspace/servo_wrapper/hw/servo_wrapper.xsa
TRACE::2026-06-11.15:01:54::SCWPlatform::DSA absoulate path D:/vivado_pj/servo_motor_ip_pj/workspace/servo_wrapper/hw/servo_wrapper.xsa
TRACE::2026-06-11.15:01:54::SCWPlatform::DSA directory D:/vivado_pj/servo_motor_ip_pj/workspace/servo_wrapper/hw
TRACE::2026-06-11.15:01:54::SCWPlatform:: Platform Path D:/vivado_pj/servo_motor_ip_pj/workspace/servo_wrapper/hw/servo_wrapper.xsa
TRACE::2026-06-11.15:01:54::SCWPlatform:: Unique name xilinx:basys3::0.0
TRACE::2026-06-11.15:01:54::SCWPlatform::Trying to set the existing hwdb with name servo_wrapper_0
TRACE::2026-06-11.15:01:54::SCWPlatform::Opened existing hwdb servo_wrapper_0
TRACE::2026-06-11.15:01:54::SCWPlatform::Found the Hw Db part of the input DSA
TRACE::2026-06-11.15:01:54::SCWMssOS::Checking the sw design at  D:/vivado_pj/servo_motor_ip_pj/workspace/servo_wrapper/microblaze_0/standalone_microblaze_0/bsp/system.mss
TRACE::2026-06-11.15:01:54::SCWMssOS::DEBUG:  swdes dump  D:/vivado_pj/servo_motor_ip_pj/workspace/servo_wrapper/microblaze_0/standalone_microblaze_0/bsp/system.mss|system||

TRACE::2026-06-11.15:01:54::SCWMssOS::Sw design exists and opened at  D:/vivado_pj/servo_motor_ip_pj/workspace/servo_wrapper/microblaze_0/standalone_microblaze_0/bsp/system.mss
TRACE::2026-06-11.15:01:54::SCWPlatform::Trying to open the hw design at D:/vivado_pj/servo_motor_ip_pj/workspace/servo_wrapper/hw/servo_wrapper.xsa
TRACE::2026-06-11.15:01:54::SCWPlatform::DSA given D:/vivado_pj/servo_motor_ip_pj/workspace/servo_wrapper/hw/servo_wrapper.xsa
TRACE::2026-06-11.15:01:54::SCWPlatform::DSA absoulate path D:/vivado_pj/servo_motor_ip_pj/workspace/servo_wrapper/hw/servo_wrapper.xsa
TRACE::2026-06-11.15:01:54::SCWPlatform::DSA directory D:/vivado_pj/servo_motor_ip_pj/workspace/servo_wrapper/hw
TRACE::2026-06-11.15:01:54::SCWPlatform:: Platform Path D:/vivado_pj/servo_motor_ip_pj/workspace/servo_wrapper/hw/servo_wrapper.xsa
TRACE::2026-06-11.15:01:54::SCWPlatform:: Unique name xilinx:basys3::0.0
TRACE::2026-06-11.15:01:54::SCWPlatform::Trying to set the existing hwdb with name servo_wrapper_0
TRACE::2026-06-11.15:01:54::SCWPlatform::Opened existing hwdb servo_wrapper_0
TRACE::2026-06-11.15:01:54::SCWPlatform::Found the Hw Db part of the input DSA
TRACE::2026-06-11.15:01:54::SCWMssOS::Checking the sw design at  D:/vivado_pj/servo_motor_ip_pj/workspace/servo_wrapper/microblaze_0/standalone_microblaze_0/bsp/system.mss
TRACE::2026-06-11.15:01:54::SCWMssOS::DEBUG:  swdes dump  D:/vivado_pj/servo_motor_ip_pj/workspace/servo_wrapper/microblaze_0/standalone_microblaze_0/bsp/system.mss|system||

TRACE::2026-06-11.15:01:54::SCWMssOS::Sw design exists and opened at  D:/vivado_pj/servo_motor_ip_pj/workspace/servo_wrapper/microblaze_0/standalone_microblaze_0/bsp/system.mss
TRACE::2026-06-11.15:01:54::SCWPlatform::Trying to open the hw design at D:/vivado_pj/servo_motor_ip_pj/workspace/servo_wrapper/hw/servo_wrapper.xsa
TRACE::2026-06-11.15:01:54::SCWPlatform::DSA given D:/vivado_pj/servo_motor_ip_pj/workspace/servo_wrapper/hw/servo_wrapper.xsa
TRACE::2026-06-11.15:01:54::SCWPlatform::DSA absoulate path D:/vivado_pj/servo_motor_ip_pj/workspace/servo_wrapper/hw/servo_wrapper.xsa
TRACE::2026-06-11.15:01:54::SCWPlatform::DSA directory D:/vivado_pj/servo_motor_ip_pj/workspace/servo_wrapper/hw
TRACE::2026-06-11.15:01:54::SCWPlatform:: Platform Path D:/vivado_pj/servo_motor_ip_pj/workspace/servo_wrapper/hw/servo_wrapper.xsa
TRACE::2026-06-11.15:01:54::SCWPlatform:: Unique name xilinx:basys3::0.0
TRACE::2026-06-11.15:01:54::SCWPlatform::Trying to set the existing hwdb with name servo_wrapper_0
TRACE::2026-06-11.15:01:54::SCWPlatform::Opened existing hwdb servo_wrapper_0
TRACE::2026-06-11.15:01:54::SCWPlatform::Found the Hw Db part of the input DSA
TRACE::2026-06-11.15:01:54::SCWMssOS::Checking the sw design at  D:/vivado_pj/servo_motor_ip_pj/workspace/servo_wrapper/microblaze_0/standalone_microblaze_0/bsp/system.mss
TRACE::2026-06-11.15:01:54::SCWMssOS::DEBUG:  swdes dump  D:/vivado_pj/servo_motor_ip_pj/workspace/servo_wrapper/microblaze_0/standalone_microblaze_0/bsp/system.mss|system||

TRACE::2026-06-11.15:01:54::SCWMssOS::Sw design exists and opened at  D:/vivado_pj/servo_motor_ip_pj/workspace/servo_wrapper/microblaze_0/standalone_microblaze_0/bsp/system.mss
TRACE::2026-06-11.15:01:54::SCWWriter::formatted JSON is {
	"platformName":	"servo_wrapper",
	"sprVersion":	"2.0",
	"mode":	"gui",
	"dsaType":	"Fixed",
	"platformDesc":	"servo_wrapper",
	"platHandOff":	"D:/vivado_pj/servo_motor_ip_pj/servo_wrapper.xsa",
	"platIntHandOff":	"<platformDir>/hw/servo_wrapper.xsa",
	"deviceType":	"FPGA",
	"platIsPrebuiltAutogen":	"false",
	"platIsNoBootBsp":	"false",
	"hasFsblMakeHasChanges":	"false",
	"hasPmufwMakeHasChanges":	"false",
	"platPreBuiltFlag":	false,
	"platformSamplesDir":	"",
	"platActiveSys":	"servo_wrapper",
	"systems":	[{
			"systemName":	"servo_wrapper",
			"systemDesc":	"servo_wrapper",
			"sysIsBootAutoGen":	"true",
			"systemDispName":	"servo_wrapper",
			"sysActiveDom":	"standalone_microblaze_0",
			"sysDefaultDom":	"standalone_microblaze_0",
			"domains":	[{
					"domainName":	"standalone_microblaze_0",
					"domainDispName":	"standalone_microblaze_0",
					"domainDesc":	"standalone_microblaze_0",
					"processors":	"microblaze_0",
					"os":	"standalone",
					"sdxOs":	"standalone",
					"debugEnable":	"False",
					"domRuntimes":	["cpp"],
					"swRepo":	"",
					"mssOsVer":	"8.1",
					"mssFile":	"",
					"md5Digest":	"8655cd928e5087cbb216b5791aa99bac",
					"compatibleApp":	"hello_world",
					"domType":	"mssDomain",
					"arch":	"32-bit",
					"appSettings":	{
						"appCompilerFlags":	"",
						"appLinkerFlags":	""
					},
					"addedLibs":	[],
					"libOptions":	{
						"libsContainingOptions":	[]
					},
					"prebuiltLibs":	{
						"prebuiltIncPath":	[],
						"prebuiltLibPath":	[]
					},
					"isolation":	{
					}
				}]
		}]
}
TRACE::2026-06-11.15:01:54::SCWPlatform::Trying to open the hw design at D:/vivado_pj/servo_motor_ip_pj/workspace/servo_wrapper/hw/servo_wrapper.xsa
TRACE::2026-06-11.15:01:54::SCWPlatform::DSA given D:/vivado_pj/servo_motor_ip_pj/workspace/servo_wrapper/hw/servo_wrapper.xsa
TRACE::2026-06-11.15:01:54::SCWPlatform::DSA absoulate path D:/vivado_pj/servo_motor_ip_pj/workspace/servo_wrapper/hw/servo_wrapper.xsa
TRACE::2026-06-11.15:01:54::SCWPlatform::DSA directory D:/vivado_pj/servo_motor_ip_pj/workspace/servo_wrapper/hw
TRACE::2026-06-11.15:01:54::SCWPlatform:: Platform Path D:/vivado_pj/servo_motor_ip_pj/workspace/servo_wrapper/hw/servo_wrapper.xsa
TRACE::2026-06-11.15:01:54::SCWPlatform:: Unique name xilinx:basys3::0.0
TRACE::2026-06-11.15:01:54::SCWPlatform::Trying to set the existing hwdb with name servo_wrapper_0
TRACE::2026-06-11.15:01:54::SCWPlatform::Opened existing hwdb servo_wrapper_0
TRACE::2026-06-11.15:01:54::SCWPlatform::Found the Hw Db part of the input DSA
TRACE::2026-06-11.15:01:54::SCWMssOS::Checking the sw design at  D:/vivado_pj/servo_motor_ip_pj/workspace/servo_wrapper/microblaze_0/standalone_microblaze_0/bsp/system.mss
TRACE::2026-06-11.15:01:54::SCWMssOS::DEBUG:  swdes dump  D:/vivado_pj/servo_motor_ip_pj/workspace/servo_wrapper/microblaze_0/standalone_microblaze_0/bsp/system.mss|system||

TRACE::2026-06-11.15:01:54::SCWMssOS::Sw design exists and opened at  D:/vivado_pj/servo_motor_ip_pj/workspace/servo_wrapper/microblaze_0/standalone_microblaze_0/bsp/system.mss
TRACE::2026-06-11.15:01:54::SCWPlatform::Trying to open the hw design at D:/vivado_pj/servo_motor_ip_pj/workspace/servo_wrapper/hw/servo_wrapper.xsa
TRACE::2026-06-11.15:01:54::SCWPlatform::DSA given D:/vivado_pj/servo_motor_ip_pj/workspace/servo_wrapper/hw/servo_wrapper.xsa
TRACE::2026-06-11.15:01:54::SCWPlatform::DSA absoulate path D:/vivado_pj/servo_motor_ip_pj/workspace/servo_wrapper/hw/servo_wrapper.xsa
TRACE::2026-06-11.15:01:54::SCWPlatform::DSA directory D:/vivado_pj/servo_motor_ip_pj/workspace/servo_wrapper/hw
TRACE::2026-06-11.15:01:54::SCWPlatform:: Platform Path D:/vivado_pj/servo_motor_ip_pj/workspace/servo_wrapper/hw/servo_wrapper.xsa
TRACE::2026-06-11.15:01:54::SCWPlatform:: Unique name xilinx:basys3::0.0
TRACE::2026-06-11.15:01:54::SCWPlatform::Trying to set the existing hwdb with name servo_wrapper_0
TRACE::2026-06-11.15:01:54::SCWPlatform::Opened existing hwdb servo_wrapper_0
TRACE::2026-06-11.15:01:54::SCWPlatform::Found the Hw Db part of the input DSA
TRACE::2026-06-11.15:01:54::SCWMssOS::Checking the sw design at  D:/vivado_pj/servo_motor_ip_pj/workspace/servo_wrapper/microblaze_0/standalone_microblaze_0/bsp/system.mss
TRACE::2026-06-11.15:01:54::SCWMssOS::DEBUG:  swdes dump  D:/vivado_pj/servo_motor_ip_pj/workspace/servo_wrapper/microblaze_0/standalone_microblaze_0/bsp/system.mss|system||

TRACE::2026-06-11.15:01:54::SCWMssOS::Sw design exists and opened at  D:/vivado_pj/servo_motor_ip_pj/workspace/servo_wrapper/microblaze_0/standalone_microblaze_0/bsp/system.mss
TRACE::2026-06-11.15:01:54::SCWMssOS::Saving the mss changes D:/vivado_pj/servo_motor_ip_pj/workspace/servo_wrapper/microblaze_0/standalone_microblaze_0/bsp/system.mss
TRACE::2026-06-11.15:01:54::SCWMssOS::Found a swdesign opened with the mssfile.
TRACE::2026-06-11.15:01:54::SCWMssOS::Completed writemss as part of save.
TRACE::2026-06-11.15:01:54::SCWMssOS::Commit changes completed.
TRACE::2026-06-11.15:01:54::SCWPlatform::Trying to open the hw design at D:/vivado_pj/servo_motor_ip_pj/workspace/servo_wrapper/hw/servo_wrapper.xsa
TRACE::2026-06-11.15:01:54::SCWPlatform::DSA given D:/vivado_pj/servo_motor_ip_pj/workspace/servo_wrapper/hw/servo_wrapper.xsa
TRACE::2026-06-11.15:01:54::SCWPlatform::DSA absoulate path D:/vivado_pj/servo_motor_ip_pj/workspace/servo_wrapper/hw/servo_wrapper.xsa
TRACE::2026-06-11.15:01:54::SCWPlatform::DSA directory D:/vivado_pj/servo_motor_ip_pj/workspace/servo_wrapper/hw
TRACE::2026-06-11.15:01:54::SCWPlatform:: Platform Path D:/vivado_pj/servo_motor_ip_pj/workspace/servo_wrapper/hw/servo_wrapper.xsa
TRACE::2026-06-11.15:01:54::SCWPlatform:: Unique name xilinx:basys3::0.0
TRACE::2026-06-11.15:01:54::SCWPlatform::Trying to set the existing hwdb with name servo_wrapper_0
TRACE::2026-06-11.15:01:54::SCWPlatform::Opened existing hwdb servo_wrapper_0
TRACE::2026-06-11.15:01:54::SCWPlatform::Found the Hw Db part of the input DSA
TRACE::2026-06-11.15:01:54::SCWMssOS::Checking the sw design at  D:/vivado_pj/servo_motor_ip_pj/workspace/servo_wrapper/microblaze_0/standalone_microblaze_0/bsp/system.mss
TRACE::2026-06-11.15:01:54::SCWMssOS::DEBUG:  swdes dump  D:/vivado_pj/servo_motor_ip_pj/workspace/servo_wrapper/microblaze_0/standalone_microblaze_0/bsp/system.mss|system||

TRACE::2026-06-11.15:01:54::SCWMssOS::Sw design exists and opened at  D:/vivado_pj/servo_motor_ip_pj/workspace/servo_wrapper/microblaze_0/standalone_microblaze_0/bsp/system.mss
TRACE::2026-06-11.15:01:54::SCWPlatform::Trying to open the hw design at D:/vivado_pj/servo_motor_ip_pj/workspace/servo_wrapper/hw/servo_wrapper.xsa
TRACE::2026-06-11.15:01:54::SCWPlatform::DSA given D:/vivado_pj/servo_motor_ip_pj/workspace/servo_wrapper/hw/servo_wrapper.xsa
TRACE::2026-06-11.15:01:54::SCWPlatform::DSA absoulate path D:/vivado_pj/servo_motor_ip_pj/workspace/servo_wrapper/hw/servo_wrapper.xsa
TRACE::2026-06-11.15:01:54::SCWPlatform::DSA directory D:/vivado_pj/servo_motor_ip_pj/workspace/servo_wrapper/hw
TRACE::2026-06-11.15:01:54::SCWPlatform:: Platform Path D:/vivado_pj/servo_motor_ip_pj/workspace/servo_wrapper/hw/servo_wrapper.xsa
TRACE::2026-06-11.15:01:54::SCWPlatform:: Unique name xilinx:basys3::0.0
TRACE::2026-06-11.15:01:54::SCWPlatform::Trying to set the existing hwdb with name servo_wrapper_0
TRACE::2026-06-11.15:01:54::SCWPlatform::Opened existing hwdb servo_wrapper_0
TRACE::2026-06-11.15:01:54::SCWPlatform::Found the Hw Db part of the input DSA
TRACE::2026-06-11.15:01:54::SCWMssOS::Checking the sw design at  D:/vivado_pj/servo_motor_ip_pj/workspace/servo_wrapper/microblaze_0/standalone_microblaze_0/bsp/system.mss
TRACE::2026-06-11.15:01:54::SCWMssOS::DEBUG:  swdes dump  D:/vivado_pj/servo_motor_ip_pj/workspace/servo_wrapper/microblaze_0/standalone_microblaze_0/bsp/system.mss|system||

TRACE::2026-06-11.15:01:54::SCWMssOS::Sw design exists and opened at  D:/vivado_pj/servo_motor_ip_pj/workspace/servo_wrapper/microblaze_0/standalone_microblaze_0/bsp/system.mss
TRACE::2026-06-11.15:01:54::SCWPlatform::Trying to open the hw design at D:/vivado_pj/servo_motor_ip_pj/workspace/servo_wrapper/hw/servo_wrapper.xsa
TRACE::2026-06-11.15:01:54::SCWPlatform::DSA given D:/vivado_pj/servo_motor_ip_pj/workspace/servo_wrapper/hw/servo_wrapper.xsa
TRACE::2026-06-11.15:01:54::SCWPlatform::DSA absoulate path D:/vivado_pj/servo_motor_ip_pj/workspace/servo_wrapper/hw/servo_wrapper.xsa
TRACE::2026-06-11.15:01:54::SCWPlatform::DSA directory D:/vivado_pj/servo_motor_ip_pj/workspace/servo_wrapper/hw
TRACE::2026-06-11.15:01:54::SCWPlatform:: Platform Path D:/vivado_pj/servo_motor_ip_pj/workspace/servo_wrapper/hw/servo_wrapper.xsa
TRACE::2026-06-11.15:01:54::SCWPlatform:: Unique name xilinx:basys3::0.0
TRACE::2026-06-11.15:01:54::SCWPlatform::Trying to set the existing hwdb with name servo_wrapper_0
TRACE::2026-06-11.15:01:54::SCWPlatform::Opened existing hwdb servo_wrapper_0
TRACE::2026-06-11.15:01:54::SCWPlatform::Found the Hw Db part of the input DSA
TRACE::2026-06-11.15:01:54::SCWMssOS::Checking the sw design at  D:/vivado_pj/servo_motor_ip_pj/workspace/servo_wrapper/microblaze_0/standalone_microblaze_0/bsp/system.mss
TRACE::2026-06-11.15:01:54::SCWMssOS::DEBUG:  swdes dump  D:/vivado_pj/servo_motor_ip_pj/workspace/servo_wrapper/microblaze_0/standalone_microblaze_0/bsp/system.mss|system||

TRACE::2026-06-11.15:01:54::SCWMssOS::Sw design exists and opened at  D:/vivado_pj/servo_motor_ip_pj/workspace/servo_wrapper/microblaze_0/standalone_microblaze_0/bsp/system.mss
TRACE::2026-06-11.15:01:54::SCWWriter::formatted JSON is {
	"platformName":	"servo_wrapper",
	"sprVersion":	"2.0",
	"mode":	"gui",
	"dsaType":	"Fixed",
	"platformDesc":	"servo_wrapper",
	"platHandOff":	"D:/vivado_pj/servo_motor_ip_pj/servo_wrapper.xsa",
	"platIntHandOff":	"<platformDir>/hw/servo_wrapper.xsa",
	"deviceType":	"FPGA",
	"platIsPrebuiltAutogen":	"false",
	"platIsNoBootBsp":	"false",
	"hasFsblMakeHasChanges":	"false",
	"hasPmufwMakeHasChanges":	"false",
	"platPreBuiltFlag":	false,
	"platformSamplesDir":	"",
	"platActiveSys":	"servo_wrapper",
	"systems":	[{
			"systemName":	"servo_wrapper",
			"systemDesc":	"servo_wrapper",
			"sysIsBootAutoGen":	"true",
			"systemDispName":	"servo_wrapper",
			"sysActiveDom":	"standalone_microblaze_0",
			"sysDefaultDom":	"standalone_microblaze_0",
			"domains":	[{
					"domainName":	"standalone_microblaze_0",
					"domainDispName":	"standalone_microblaze_0",
					"domainDesc":	"standalone_microblaze_0",
					"processors":	"microblaze_0",
					"os":	"standalone",
					"sdxOs":	"standalone",
					"debugEnable":	"False",
					"domRuntimes":	["cpp"],
					"swRepo":	"",
					"mssOsVer":	"8.1",
					"mssFile":	"",
					"md5Digest":	"8655cd928e5087cbb216b5791aa99bac",
					"compatibleApp":	"hello_world",
					"domType":	"mssDomain",
					"arch":	"32-bit",
					"appSettings":	{
						"appCompilerFlags":	"",
						"appLinkerFlags":	""
					},
					"addedLibs":	[],
					"libOptions":	{
						"libsContainingOptions":	[]
					},
					"prebuiltLibs":	{
						"prebuiltIncPath":	[],
						"prebuiltLibPath":	[]
					},
					"isolation":	{
					}
				}]
		}]
}
LOG::2026-06-11.15:01:54::SCWPlatform::Started generating the artifacts platform servo_wrapper
TRACE::2026-06-11.15:01:54::SCWPlatform::Sanity checking of platform is completed
LOG::2026-06-11.15:01:54::SCWPlatform::Started generating the artifacts for system configuration servo_wrapper
LOG::2026-06-11.15:01:54::SCWSystem::Started Processing the domain standalone_microblaze_0
TRACE::2026-06-11.15:01:54::SCWDomain::Generating domain artifcats
TRACE::2026-06-11.15:01:54::SCWMssOS::Generating standalone artifcats
TRACE::2026-06-11.15:01:54::SCWMssOS:: Copying the user libraries. 
TRACE::2026-06-11.15:01:54::SCWPlatform::Trying to open the hw design at D:/vivado_pj/servo_motor_ip_pj/workspace/servo_wrapper/hw/servo_wrapper.xsa
TRACE::2026-06-11.15:01:54::SCWPlatform::DSA given D:/vivado_pj/servo_motor_ip_pj/workspace/servo_wrapper/hw/servo_wrapper.xsa
TRACE::2026-06-11.15:01:54::SCWPlatform::DSA absoulate path D:/vivado_pj/servo_motor_ip_pj/workspace/servo_wrapper/hw/servo_wrapper.xsa
TRACE::2026-06-11.15:01:54::SCWPlatform::DSA directory D:/vivado_pj/servo_motor_ip_pj/workspace/servo_wrapper/hw
TRACE::2026-06-11.15:01:54::SCWPlatform:: Platform Path D:/vivado_pj/servo_motor_ip_pj/workspace/servo_wrapper/hw/servo_wrapper.xsa
TRACE::2026-06-11.15:01:54::SCWPlatform:: Unique name xilinx:basys3::0.0
TRACE::2026-06-11.15:01:54::SCWPlatform::Trying to set the existing hwdb with name servo_wrapper_0
TRACE::2026-06-11.15:01:54::SCWPlatform::Opened existing hwdb servo_wrapper_0
TRACE::2026-06-11.15:01:54::SCWPlatform::Found the Hw Db part of the input DSA
TRACE::2026-06-11.15:01:54::SCWMssOS::Checking the sw design at  D:/vivado_pj/servo_motor_ip_pj/workspace/servo_wrapper/microblaze_0/standalone_microblaze_0/bsp/system.mss
TRACE::2026-06-11.15:01:54::SCWMssOS::DEBUG:  swdes dump  D:/vivado_pj/servo_motor_ip_pj/workspace/servo_wrapper/microblaze_0/standalone_microblaze_0/bsp/system.mss|system||

TRACE::2026-06-11.15:01:54::SCWMssOS::Sw design exists and opened at  D:/vivado_pj/servo_motor_ip_pj/workspace/servo_wrapper/microblaze_0/standalone_microblaze_0/bsp/system.mss
TRACE::2026-06-11.15:01:54::SCWMssOS::Completed writing the mss file at D:/vivado_pj/servo_motor_ip_pj/workspace/servo_wrapper/microblaze_0/standalone_microblaze_0/bsp
TRACE::2026-06-11.15:01:54::SCWMssOS::Mss edits present, copying mssfile into export location D:/vivado_pj/servo_motor_ip_pj/workspace/servo_wrapper/microblaze_0/standalone_microblaze_0/bsp/system.mss
TRACE::2026-06-11.15:01:54::SCWMssOS::bsp generated is upto date with the mss file. Skipping bsp generation.
TRACE::2026-06-11.15:01:54::SCWMssOS::BSP is already built. skipping the bsp build ... 
TRACE::2026-06-11.15:01:54::SCWDomain::Building the domain as part of full build :  standalone_microblaze_0
TRACE::2026-06-11.15:01:54::SCWMssOS::skipping the bsp build ... 
TRACE::2026-06-11.15:01:54::SCWMssOS::Copying to export directory.
TRACE::2026-06-11.15:01:54::SCWMssOS:: Checking if to create the Supporting Applications
TRACE::2026-06-11.15:01:54::SCWMssOS:: No Linux domain exists, trying to generate FSBL 
LOG::2026-06-11.15:01:54::SCWSystem::Completed Processing the domain standalone_microblaze_0
LOG::2026-06-11.15:01:54::SCWSystem::Completed Processing the sysconfig servo_wrapper
LOG::2026-06-11.15:01:54::SCWPlatform::Completed generating the artifacts for system configuration servo_wrapper
TRACE::2026-06-11.15:01:54::SCWPlatform::Started preparing the platform 
TRACE::2026-06-11.15:01:54::SCWSystem::Writing the bif file for system config servo_wrapper
TRACE::2026-06-11.15:01:54::SCWSystem::dir created 
TRACE::2026-06-11.15:01:54::SCWSystem::Writing the bif 
TRACE::2026-06-11.15:01:54::SCWPlatform::Started writing the spfm file 
TRACE::2026-06-11.15:01:54::SCWPlatform::Started writing the xpfm file 
TRACE::2026-06-11.15:01:54::SCWPlatform::Completed generating the platform
TRACE::2026-06-11.15:01:54::SCWMssOS::Saving the mss changes D:/vivado_pj/servo_motor_ip_pj/workspace/servo_wrapper/microblaze_0/standalone_microblaze_0/bsp/system.mss
TRACE::2026-06-11.15:01:54::SCWMssOS::Found a swdesign opened with the mssfile.
TRACE::2026-06-11.15:01:54::SCWMssOS::Completed writemss as part of save.
TRACE::2026-06-11.15:01:54::SCWMssOS::Commit changes completed.
TRACE::2026-06-11.15:01:54::SCWPlatform::Trying to open the hw design at D:/vivado_pj/servo_motor_ip_pj/workspace/servo_wrapper/hw/servo_wrapper.xsa
TRACE::2026-06-11.15:01:54::SCWPlatform::DSA given D:/vivado_pj/servo_motor_ip_pj/workspace/servo_wrapper/hw/servo_wrapper.xsa
TRACE::2026-06-11.15:01:54::SCWPlatform::DSA absoulate path D:/vivado_pj/servo_motor_ip_pj/workspace/servo_wrapper/hw/servo_wrapper.xsa
TRACE::2026-06-11.15:01:54::SCWPlatform::DSA directory D:/vivado_pj/servo_motor_ip_pj/workspace/servo_wrapper/hw
TRACE::2026-06-11.15:01:54::SCWPlatform:: Platform Path D:/vivado_pj/servo_motor_ip_pj/workspace/servo_wrapper/hw/servo_wrapper.xsa
TRACE::2026-06-11.15:01:54::SCWPlatform:: Unique name xilinx:basys3::0.0
TRACE::2026-06-11.15:01:54::SCWPlatform::Trying to set the existing hwdb with name servo_wrapper_0
TRACE::2026-06-11.15:01:54::SCWPlatform::Opened existing hwdb servo_wrapper_0
TRACE::2026-06-11.15:01:54::SCWPlatform::Found the Hw Db part of the input DSA
TRACE::2026-06-11.15:01:54::SCWMssOS::Checking the sw design at  D:/vivado_pj/servo_motor_ip_pj/workspace/servo_wrapper/microblaze_0/standalone_microblaze_0/bsp/system.mss
TRACE::2026-06-11.15:01:54::SCWMssOS::DEBUG:  swdes dump  D:/vivado_pj/servo_motor_ip_pj/workspace/servo_wrapper/microblaze_0/standalone_microblaze_0/bsp/system.mss|system||

TRACE::2026-06-11.15:01:54::SCWMssOS::Sw design exists and opened at  D:/vivado_pj/servo_motor_ip_pj/workspace/servo_wrapper/microblaze_0/standalone_microblaze_0/bsp/system.mss
TRACE::2026-06-11.15:01:54::SCWPlatform::Trying to open the hw design at D:/vivado_pj/servo_motor_ip_pj/workspace/servo_wrapper/hw/servo_wrapper.xsa
TRACE::2026-06-11.15:01:54::SCWPlatform::DSA given D:/vivado_pj/servo_motor_ip_pj/workspace/servo_wrapper/hw/servo_wrapper.xsa
TRACE::2026-06-11.15:01:54::SCWPlatform::DSA absoulate path D:/vivado_pj/servo_motor_ip_pj/workspace/servo_wrapper/hw/servo_wrapper.xsa
TRACE::2026-06-11.15:01:54::SCWPlatform::DSA directory D:/vivado_pj/servo_motor_ip_pj/workspace/servo_wrapper/hw
TRACE::2026-06-11.15:01:54::SCWPlatform:: Platform Path D:/vivado_pj/servo_motor_ip_pj/workspace/servo_wrapper/hw/servo_wrapper.xsa
TRACE::2026-06-11.15:01:54::SCWPlatform:: Unique name xilinx:basys3::0.0
TRACE::2026-06-11.15:01:54::SCWPlatform::Trying to set the existing hwdb with name servo_wrapper_0
TRACE::2026-06-11.15:01:54::SCWPlatform::Opened existing hwdb servo_wrapper_0
TRACE::2026-06-11.15:01:54::SCWPlatform::Found the Hw Db part of the input DSA
TRACE::2026-06-11.15:01:54::SCWMssOS::Checking the sw design at  D:/vivado_pj/servo_motor_ip_pj/workspace/servo_wrapper/microblaze_0/standalone_microblaze_0/bsp/system.mss
TRACE::2026-06-11.15:01:54::SCWMssOS::DEBUG:  swdes dump  D:/vivado_pj/servo_motor_ip_pj/workspace/servo_wrapper/microblaze_0/standalone_microblaze_0/bsp/system.mss|system||

TRACE::2026-06-11.15:01:54::SCWMssOS::Sw design exists and opened at  D:/vivado_pj/servo_motor_ip_pj/workspace/servo_wrapper/microblaze_0/standalone_microblaze_0/bsp/system.mss
TRACE::2026-06-11.15:01:54::SCWPlatform::Trying to open the hw design at D:/vivado_pj/servo_motor_ip_pj/workspace/servo_wrapper/hw/servo_wrapper.xsa
TRACE::2026-06-11.15:01:54::SCWPlatform::DSA given D:/vivado_pj/servo_motor_ip_pj/workspace/servo_wrapper/hw/servo_wrapper.xsa
TRACE::2026-06-11.15:01:54::SCWPlatform::DSA absoulate path D:/vivado_pj/servo_motor_ip_pj/workspace/servo_wrapper/hw/servo_wrapper.xsa
TRACE::2026-06-11.15:01:54::SCWPlatform::DSA directory D:/vivado_pj/servo_motor_ip_pj/workspace/servo_wrapper/hw
TRACE::2026-06-11.15:01:54::SCWPlatform:: Platform Path D:/vivado_pj/servo_motor_ip_pj/workspace/servo_wrapper/hw/servo_wrapper.xsa
TRACE::2026-06-11.15:01:54::SCWPlatform:: Unique name xilinx:basys3::0.0
TRACE::2026-06-11.15:01:54::SCWPlatform::Trying to set the existing hwdb with name servo_wrapper_0
TRACE::2026-06-11.15:01:54::SCWPlatform::Opened existing hwdb servo_wrapper_0
TRACE::2026-06-11.15:01:54::SCWPlatform::Found the Hw Db part of the input DSA
TRACE::2026-06-11.15:01:54::SCWMssOS::Checking the sw design at  D:/vivado_pj/servo_motor_ip_pj/workspace/servo_wrapper/microblaze_0/standalone_microblaze_0/bsp/system.mss
TRACE::2026-06-11.15:01:54::SCWMssOS::DEBUG:  swdes dump  D:/vivado_pj/servo_motor_ip_pj/workspace/servo_wrapper/microblaze_0/standalone_microblaze_0/bsp/system.mss|system||

TRACE::2026-06-11.15:01:54::SCWMssOS::Sw design exists and opened at  D:/vivado_pj/servo_motor_ip_pj/workspace/servo_wrapper/microblaze_0/standalone_microblaze_0/bsp/system.mss
TRACE::2026-06-11.15:01:54::SCWWriter::formatted JSON is {
	"platformName":	"servo_wrapper",
	"sprVersion":	"2.0",
	"mode":	"gui",
	"dsaType":	"Fixed",
	"platformDesc":	"servo_wrapper",
	"platHandOff":	"D:/vivado_pj/servo_motor_ip_pj/servo_wrapper.xsa",
	"platIntHandOff":	"<platformDir>/hw/servo_wrapper.xsa",
	"deviceType":	"FPGA",
	"platIsPrebuiltAutogen":	"false",
	"platIsNoBootBsp":	"false",
	"hasFsblMakeHasChanges":	"false",
	"hasPmufwMakeHasChanges":	"false",
	"platPreBuiltFlag":	false,
	"platformSamplesDir":	"",
	"platActiveSys":	"servo_wrapper",
	"systems":	[{
			"systemName":	"servo_wrapper",
			"systemDesc":	"servo_wrapper",
			"sysIsBootAutoGen":	"true",
			"systemDispName":	"servo_wrapper",
			"sysActiveDom":	"standalone_microblaze_0",
			"sysDefaultDom":	"standalone_microblaze_0",
			"domains":	[{
					"domainName":	"standalone_microblaze_0",
					"domainDispName":	"standalone_microblaze_0",
					"domainDesc":	"standalone_microblaze_0",
					"processors":	"microblaze_0",
					"os":	"standalone",
					"sdxOs":	"standalone",
					"debugEnable":	"False",
					"domRuntimes":	["cpp"],
					"swRepo":	"",
					"mssOsVer":	"8.1",
					"mssFile":	"",
					"md5Digest":	"8655cd928e5087cbb216b5791aa99bac",
					"compatibleApp":	"hello_world",
					"domType":	"mssDomain",
					"arch":	"32-bit",
					"appSettings":	{
						"appCompilerFlags":	"",
						"appLinkerFlags":	""
					},
					"addedLibs":	[],
					"libOptions":	{
						"libsContainingOptions":	[]
					},
					"prebuiltLibs":	{
						"prebuiltIncPath":	[],
						"prebuiltLibPath":	[]
					},
					"isolation":	{
					}
				}]
		}]
}
KEYINFO::2026-06-11.15:01:54::SCWPlatform::updated the xpfm file.
LOG::2026-06-11.15:03:38::SCWPlatform::Started generating the artifacts platform servo_wrapper
TRACE::2026-06-11.15:03:38::SCWPlatform::Sanity checking of platform is completed
LOG::2026-06-11.15:03:38::SCWPlatform::Started generating the artifacts for system configuration servo_wrapper
LOG::2026-06-11.15:03:38::SCWSystem::Checking the domain standalone_microblaze_0
LOG::2026-06-11.15:03:38::SCWSystem::Not a boot domain 
LOG::2026-06-11.15:03:38::SCWSystem::Started Processing the domain standalone_microblaze_0
TRACE::2026-06-11.15:03:38::SCWDomain::Generating domain artifcats
TRACE::2026-06-11.15:03:38::SCWMssOS::Generating standalone artifcats
TRACE::2026-06-11.15:03:38::SCWMssOS:: Copying the user libraries. 
TRACE::2026-06-11.15:03:38::SCWPlatform::Trying to open the hw design at D:/vivado_pj/servo_motor_ip_pj/workspace/servo_wrapper/hw/servo_wrapper.xsa
TRACE::2026-06-11.15:03:38::SCWPlatform::DSA given D:/vivado_pj/servo_motor_ip_pj/workspace/servo_wrapper/hw/servo_wrapper.xsa
TRACE::2026-06-11.15:03:38::SCWPlatform::DSA absoulate path D:/vivado_pj/servo_motor_ip_pj/workspace/servo_wrapper/hw/servo_wrapper.xsa
TRACE::2026-06-11.15:03:38::SCWPlatform::DSA directory D:/vivado_pj/servo_motor_ip_pj/workspace/servo_wrapper/hw
TRACE::2026-06-11.15:03:38::SCWPlatform:: Platform Path D:/vivado_pj/servo_motor_ip_pj/workspace/servo_wrapper/hw/servo_wrapper.xsa
TRACE::2026-06-11.15:03:38::SCWPlatform:: Unique name xilinx:basys3::0.0
TRACE::2026-06-11.15:03:38::SCWPlatform::Trying to set the existing hwdb with name servo_wrapper_0
TRACE::2026-06-11.15:03:38::SCWPlatform::Opened existing hwdb servo_wrapper_0
TRACE::2026-06-11.15:03:38::SCWPlatform::Found the Hw Db part of the input DSA
TRACE::2026-06-11.15:03:38::SCWMssOS::Checking the sw design at  D:/vivado_pj/servo_motor_ip_pj/workspace/servo_wrapper/microblaze_0/standalone_microblaze_0/bsp/system.mss
TRACE::2026-06-11.15:03:38::SCWMssOS::DEBUG:  swdes dump  D:/vivado_pj/servo_motor_ip_pj/workspace/servo_wrapper/microblaze_0/standalone_microblaze_0/bsp/system.mss|system||

TRACE::2026-06-11.15:03:38::SCWMssOS::Sw design exists and opened at  D:/vivado_pj/servo_motor_ip_pj/workspace/servo_wrapper/microblaze_0/standalone_microblaze_0/bsp/system.mss
TRACE::2026-06-11.15:03:38::SCWMssOS::Completed writing the mss file at D:/vivado_pj/servo_motor_ip_pj/workspace/servo_wrapper/microblaze_0/standalone_microblaze_0/bsp
TRACE::2026-06-11.15:03:38::SCWMssOS::Mss edits present, copying mssfile into export location D:/vivado_pj/servo_motor_ip_pj/workspace/servo_wrapper/microblaze_0/standalone_microblaze_0/bsp/system.mss
TRACE::2026-06-11.15:03:38::SCWMssOS::bsp generated is upto date with the mss file. Skipping bsp generation.
TRACE::2026-06-11.15:03:38::SCWMssOS::BSP is already built. skipping the bsp build ... 
TRACE::2026-06-11.15:03:38::SCWDomain::Building the domain as part of full build :  standalone_microblaze_0
TRACE::2026-06-11.15:03:38::SCWMssOS::doing bsp build ... 
TRACE::2026-06-11.15:03:38::SCWMssOS::System Command Ran  D: & cd  D:/vivado_pj/servo_motor_ip_pj/workspace/servo_wrapper/microblaze_0/standalone_microblaze_0/bsp & make 
TRACE::2026-06-11.15:03:38::SCWMssOS::make --no-print-directory seq_libs

TRACE::2026-06-11.15:03:38::SCWMssOS::'Finished building libraries sequentially.'

TRACE::2026-06-11.15:03:39::SCWMssOS::make -j 18 --no-print-directory par_libs

TRACE::2026-06-11.15:03:39::SCWMssOS::"Running Make include in microblaze_0/libsrc/bram_v4_8/src"

TRACE::2026-06-11.15:03:39::SCWMssOS::make -C microblaze_0/libsrc/bram_v4_8/src -s include  "SHELL=CMD" "COMPILER=mb-gcc" "ASSEMBLER=mb-as" "ARCHIVER=mb-ar" "COMPILE
TRACE::2026-06-11.15:03:39::SCWMssOS::R_FLAGS=  -O2 -c -mcpu=v11.0 -mlittle-endian -mxl-soft-mul" "EXTRA_COMPILER_FLAGS=-g -ffunction-sections -fdata-sections -Wall 
TRACE::2026-06-11.15:03:39::SCWMssOS::-Wextra -fno-tree-loop-distribute-patterns"

TRACE::2026-06-11.15:03:39::SCWMssOS::"Running Make include in microblaze_0/libsrc/cpu_v2_17/src"

TRACE::2026-06-11.15:03:39::SCWMssOS::make -C microblaze_0/libsrc/cpu_v2_17/src -s include  "SHELL=CMD" "COMPILER=mb-gcc" "ASSEMBLER=mb-as" "ARCHIVER=mb-ar" "COMPILE
TRACE::2026-06-11.15:03:39::SCWMssOS::R_FLAGS=  -O2 -c -mcpu=v11.0 -mlittle-endian -mxl-soft-mul" "EXTRA_COMPILER_FLAGS=-g -ffunction-sections -fdata-sections -Wall 
TRACE::2026-06-11.15:03:39::SCWMssOS::-Wextra -fno-tree-loop-distribute-patterns"

TRACE::2026-06-11.15:03:39::SCWMssOS::"Running Make include in microblaze_0/libsrc/gpio_v4_9/src"

TRACE::2026-06-11.15:03:39::SCWMssOS::make -C microblaze_0/libsrc/gpio_v4_9/src -s include  "SHELL=CMD" "COMPILER=mb-gcc" "ASSEMBLER=mb-as" "ARCHIVER=mb-ar" "COMPILE
TRACE::2026-06-11.15:03:39::SCWMssOS::R_FLAGS=  -O2 -c -mcpu=v11.0 -mlittle-endian -mxl-soft-mul" "EXTRA_COMPILER_FLAGS=-g -ffunction-sections -fdata-sections -Wall 
TRACE::2026-06-11.15:03:39::SCWMssOS::-Wextra -fno-tree-loop-distribute-patterns"

TRACE::2026-06-11.15:03:39::SCWMssOS::"Running Make include in microblaze_0/libsrc/standalone_v8_1/src"

TRACE::2026-06-11.15:03:39::SCWMssOS::make -C microblaze_0/libsrc/standalone_v8_1/src -s include  "SHELL=CMD" "COMPILER=mb-gcc" "ASSEMBLER=mb-as" "ARCHIVER=mb-ar" "C
TRACE::2026-06-11.15:03:39::SCWMssOS::OMPILER_FLAGS=  -O2 -c -mcpu=v11.0 -mlittle-endian -mxl-soft-mul" "EXTRA_COMPILER_FLAGS=-g -ffunction-sections -fdata-sections 
TRACE::2026-06-11.15:03:39::SCWMssOS::-Wall -Wextra -fno-tree-loop-distribute-patterns"

TRACE::2026-06-11.15:03:39::SCWMssOS::"Running Make include in microblaze_0/libsrc/uartlite_v3_8/src"

TRACE::2026-06-11.15:03:39::SCWMssOS::make -C microblaze_0/libsrc/uartlite_v3_8/src -s include  "SHELL=CMD" "COMPILER=mb-gcc" "ASSEMBLER=mb-as" "ARCHIVER=mb-ar" "COM
TRACE::2026-06-11.15:03:39::SCWMssOS::PILER_FLAGS=  -O2 -c -mcpu=v11.0 -mlittle-endian -mxl-soft-mul" "EXTRA_COMPILER_FLAGS=-g -ffunction-sections -fdata-sections -W
TRACE::2026-06-11.15:03:39::SCWMssOS::all -Wextra -fno-tree-loop-distribute-patterns"

TRACE::2026-06-11.15:03:39::SCWMssOS::"Running Make libs in microblaze_0/libsrc/bram_v4_8/src"

TRACE::2026-06-11.15:03:39::SCWMssOS::make -C microblaze_0/libsrc/bram_v4_8/src -s libs  "SHELL=CMD" "COMPILER=mb-gcc" "ASSEMBLER=mb-as" "ARCHIVER=mb-ar" "COMPILER_F
TRACE::2026-06-11.15:03:39::SCWMssOS::LAGS=  -O2 -c -mcpu=v11.0 -mlittle-endian -mxl-soft-mul" "EXTRA_COMPILER_FLAGS=-g -ffunction-sections -fdata-sections -Wall -We
TRACE::2026-06-11.15:03:39::SCWMssOS::xtra -fno-tree-loop-distribute-patterns"

TRACE::2026-06-11.15:03:39::SCWMssOS::"Running Make libs in microblaze_0/libsrc/cpu_v2_17/src"

TRACE::2026-06-11.15:03:39::SCWMssOS::make -C microblaze_0/libsrc/cpu_v2_17/src -s libs  "SHELL=CMD" "COMPILER=mb-gcc" "ASSEMBLER=mb-as" "ARCHIVER=mb-ar" "COMPILER_F
TRACE::2026-06-11.15:03:39::SCWMssOS::LAGS=  -O2 -c -mcpu=v11.0 -mlittle-endian -mxl-soft-mul" "EXTRA_COMPILER_FLAGS=-g -ffunction-sections -fdata-sections -Wall -We
TRACE::2026-06-11.15:03:39::SCWMssOS::xtra -fno-tree-loop-distribute-patterns"

TRACE::2026-06-11.15:03:39::SCWMssOS::"Running Make libs in microblaze_0/libsrc/gpio_v4_9/src"

TRACE::2026-06-11.15:03:39::SCWMssOS::make -C microblaze_0/libsrc/gpio_v4_9/src -s libs  "SHELL=CMD" "COMPILER=mb-gcc" "ASSEMBLER=mb-as" "ARCHIVER=mb-ar" "COMPILER_F
TRACE::2026-06-11.15:03:39::SCWMssOS::LAGS=  -O2 -c -mcpu=v11.0 -mlittle-endian -mxl-soft-mul" "EXTRA_COMPILER_FLAGS=-g -ffunction-sections -fdata-sections -Wall -We
TRACE::2026-06-11.15:03:39::SCWMssOS::xtra -fno-tree-loop-distribute-patterns"

TRACE::2026-06-11.15:03:39::SCWMssOS::"Running Make libs in microblaze_0/libsrc/standalone_v8_1/src"

TRACE::2026-06-11.15:03:39::SCWMssOS::make -C microblaze_0/libsrc/standalone_v8_1/src -s libs  "SHELL=CMD" "COMPILER=mb-gcc" "ASSEMBLER=mb-as" "ARCHIVER=mb-ar" "COMP
TRACE::2026-06-11.15:03:39::SCWMssOS::ILER_FLAGS=  -O2 -c -mcpu=v11.0 -mlittle-endian -mxl-soft-mul" "EXTRA_COMPILER_FLAGS=-g -ffunction-sections -fdata-sections -Wa
TRACE::2026-06-11.15:03:39::SCWMssOS::ll -Wextra -fno-tree-loop-distribute-patterns"

TRACE::2026-06-11.15:03:39::SCWMssOS::"Running Make libs in microblaze_0/libsrc/uartlite_v3_8/src"

TRACE::2026-06-11.15:03:39::SCWMssOS::make -C microblaze_0/libsrc/uartlite_v3_8/src -s libs  "SHELL=CMD" "COMPILER=mb-gcc" "ASSEMBLER=mb-as" "ARCHIVER=mb-ar" "COMPIL
TRACE::2026-06-11.15:03:39::SCWMssOS::ER_FLAGS=  -O2 -c -mcpu=v11.0 -mlittle-endian -mxl-soft-mul" "EXTRA_COMPILER_FLAGS=-g -ffunction-sections -fdata-sections -Wall
TRACE::2026-06-11.15:03:39::SCWMssOS:: -Wextra -fno-tree-loop-distribute-patterns"

TRACE::2026-06-11.15:03:40::SCWMssOS::"DEBUG NON_LTO_OBJECTS is ../../../lib/microblaze_interrupt_handler.o"

TRACE::2026-06-11.15:03:40::SCWMssOS::'Finished building libraries parallelly.'

TRACE::2026-06-11.15:03:40::SCWMssOS::make --no-print-directory archive

TRACE::2026-06-11.15:03:40::SCWMssOS::mb-ar -r  microblaze_0/lib/libxil.a microblaze_0/lib/_exit.o microblaze_0/lib/errno.o microblaze_0/lib/fcntl.o microblaze_0/lib
TRACE::2026-06-11.15:03:40::SCWMssOS::/hw_exception_handler.o microblaze_0/lib/inbyte.o microblaze_0/lib/microblaze_disable_dcache.o microblaze_0/lib/microblaze_disa
TRACE::2026-06-11.15:03:40::SCWMssOS::ble_exceptions.o microblaze_0/lib/microblaze_disable_icache.o microblaze_0/lib/microblaze_disable_interrupts.o microblaze_0/lib
TRACE::2026-06-11.15:03:40::SCWMssOS::/microblaze_enable_dcache.o microblaze_0/lib/microblaze_enable_exceptions.o microblaze_0/lib/microblaze_enable_icache.o microbl
TRACE::2026-06-11.15:03:40::SCWMssOS::aze_0/lib/microblaze_enable_interrupts.o microblaze_0/lib/microblaze_exception_handler.o microblaze_0/lib/microblaze_flush_cach
TRACE::2026-06-11.15:03:40::SCWMssOS::e_ext.o microblaze_0/lib/microblaze_flush_cache_ext_range.o microblaze_0/lib/microblaze_flush_dcache.o microblaze_0/lib/microbl
TRACE::2026-06-11.15:03:40::SCWMssOS::aze_flush_dcache_range.o microblaze_0/lib/microblaze_init_dcache_range.o microblaze_0/lib/microblaze_init_icache_range.o microb
TRACE::2026-06-11.15:03:40::SCWMssOS::laze_0/lib/microblaze_interrupt_handler.o microblaze_0/lib/microblaze_interrupts_g.o microblaze_0/lib/microblaze_invalidate_cac
TRACE::2026-06-11.15:03:40::SCWMssOS::he_ext.o microblaze_0/lib/microblaze_invalidate_cache_ext_range.o microblaze_0/lib/microblaze_invalidate_dcache.o microblaze_0/
TRACE::2026-06-11.15:03:40::SCWMssOS::lib/microblaze_invalidate_dcache_range.o microblaze_0/lib/microblaze_invalidate_icache.o microblaze_0/lib/microblaze_invalidate
TRACE::2026-06-11.15:03:40::SCWMssOS::_icache_range.o microblaze_0/lib/microblaze_scrub.o microblaze_0/lib/microblaze_selftest.o microblaze_0/lib/microblaze_sleep.o 
TRACE::2026-06-11.15:03:40::SCWMssOS::microblaze_0/lib/microblaze_update_dcache.o microblaze_0/lib/microblaze_update_icache.o microblaze_0/lib/outbyte.o microblaze_0
TRACE::2026-06-11.15:03:40::SCWMssOS::/lib/print.o microblaze_0/lib/pvr.o microblaze_0/lib/xbram.o microblaze_0/lib/xbram_g.o microblaze_0/lib/xbram_intr.o microblaz
TRACE::2026-06-11.15:03:40::SCWMssOS::e_0/lib/xbram_selftest.o microblaze_0/lib/xbram_sinit.o microblaze_0/lib/xgpio.o microblaze_0/lib/xgpio_extra.o microblaze_0/li
TRACE::2026-06-11.15:03:40::SCWMssOS::b/xgpio_g.o microblaze_0/lib/xgpio_intr.o microblaze_0/lib/xgpio_selftest.o microblaze_0/lib/xgpio_sinit.o microblaze_0/lib/xil
TRACE::2026-06-11.15:03:40::SCWMssOS::_assert.o microblaze_0/lib/xil_cache.o microblaze_0/lib/xil_clocking.o microblaze_0/lib/xil_exception.o microblaze_0/lib/xil_me
TRACE::2026-06-11.15:03:40::SCWMssOS::m.o microblaze_0/lib/xil_misc_psreset_api.o microblaze_0/lib/xil_printf.o microblaze_0/lib/xil_sleepcommon.o microblaze_0/lib/x
TRACE::2026-06-11.15:03:40::SCWMssOS::il_testcache.o microblaze_0/lib/xil_testio.o microblaze_0/lib/xil_testmem.o microblaze_0/lib/xil_util.o microblaze_0/lib/xinter
TRACE::2026-06-11.15:03:40::SCWMssOS::rupt_wrap.o microblaze_0/lib/xio.o microblaze_0/lib/xplatform_info.o microblaze_0/lib/xuartlite.o microblaze_0/lib/xuartlite_g.
TRACE::2026-06-11.15:03:40::SCWMssOS::o microblaze_0/lib/xuartlite_intr.o microblaze_0/lib/xuartlite_l.o microblaze_0/lib/xuartlite_selftest.o microblaze_0/lib/xuart
TRACE::2026-06-11.15:03:40::SCWMssOS::lite_sinit.o microblaze_0/lib/xuartlite_stats.o

TRACE::2026-06-11.15:03:40::SCWMssOS::'Finished building libraries'

TRACE::2026-06-11.15:03:40::SCWMssOS::Copying to export directory.
TRACE::2026-06-11.15:03:40::SCWMssOS:: Checking if to create the Supporting Applications
TRACE::2026-06-11.15:03:40::SCWMssOS:: No Linux domain exists, trying to generate FSBL 
LOG::2026-06-11.15:03:40::SCWSystem::Completed Processing the domain standalone_microblaze_0
LOG::2026-06-11.15:03:40::SCWSystem::Completed Processing the sysconfig servo_wrapper
LOG::2026-06-11.15:03:40::SCWPlatform::Completed generating the artifacts for system configuration servo_wrapper
TRACE::2026-06-11.15:03:40::SCWPlatform::Started preparing the platform 
TRACE::2026-06-11.15:03:40::SCWSystem::Writing the bif file for system config servo_wrapper
TRACE::2026-06-11.15:03:40::SCWSystem::dir created 
TRACE::2026-06-11.15:03:40::SCWSystem::Writing the bif 
TRACE::2026-06-11.15:03:40::SCWPlatform::Started writing the spfm file 
TRACE::2026-06-11.15:03:40::SCWPlatform::Started writing the xpfm file 
TRACE::2026-06-11.15:03:40::SCWPlatform::Completed generating the platform
TRACE::2026-06-11.15:03:40::SCWMssOS::Saving the mss changes D:/vivado_pj/servo_motor_ip_pj/workspace/servo_wrapper/microblaze_0/standalone_microblaze_0/bsp/system.mss
TRACE::2026-06-11.15:03:40::SCWMssOS::Found a swdesign opened with the mssfile.
TRACE::2026-06-11.15:03:40::SCWMssOS::Completed writemss as part of save.
TRACE::2026-06-11.15:03:40::SCWMssOS::Commit changes completed.
TRACE::2026-06-11.15:03:40::SCWPlatform::Trying to open the hw design at D:/vivado_pj/servo_motor_ip_pj/workspace/servo_wrapper/hw/servo_wrapper.xsa
TRACE::2026-06-11.15:03:40::SCWPlatform::DSA given D:/vivado_pj/servo_motor_ip_pj/workspace/servo_wrapper/hw/servo_wrapper.xsa
TRACE::2026-06-11.15:03:40::SCWPlatform::DSA absoulate path D:/vivado_pj/servo_motor_ip_pj/workspace/servo_wrapper/hw/servo_wrapper.xsa
TRACE::2026-06-11.15:03:40::SCWPlatform::DSA directory D:/vivado_pj/servo_motor_ip_pj/workspace/servo_wrapper/hw
TRACE::2026-06-11.15:03:40::SCWPlatform:: Platform Path D:/vivado_pj/servo_motor_ip_pj/workspace/servo_wrapper/hw/servo_wrapper.xsa
TRACE::2026-06-11.15:03:40::SCWPlatform:: Unique name xilinx:basys3::0.0
TRACE::2026-06-11.15:03:40::SCWPlatform::Trying to set the existing hwdb with name servo_wrapper_0
TRACE::2026-06-11.15:03:40::SCWPlatform::Opened existing hwdb servo_wrapper_0
TRACE::2026-06-11.15:03:40::SCWPlatform::Found the Hw Db part of the input DSA
TRACE::2026-06-11.15:03:40::SCWMssOS::Checking the sw design at  D:/vivado_pj/servo_motor_ip_pj/workspace/servo_wrapper/microblaze_0/standalone_microblaze_0/bsp/system.mss
TRACE::2026-06-11.15:03:40::SCWMssOS::DEBUG:  swdes dump  D:/vivado_pj/servo_motor_ip_pj/workspace/servo_wrapper/microblaze_0/standalone_microblaze_0/bsp/system.mss|system||

TRACE::2026-06-11.15:03:40::SCWMssOS::Sw design exists and opened at  D:/vivado_pj/servo_motor_ip_pj/workspace/servo_wrapper/microblaze_0/standalone_microblaze_0/bsp/system.mss
TRACE::2026-06-11.15:03:40::SCWPlatform::Trying to open the hw design at D:/vivado_pj/servo_motor_ip_pj/workspace/servo_wrapper/hw/servo_wrapper.xsa
TRACE::2026-06-11.15:03:40::SCWPlatform::DSA given D:/vivado_pj/servo_motor_ip_pj/workspace/servo_wrapper/hw/servo_wrapper.xsa
TRACE::2026-06-11.15:03:40::SCWPlatform::DSA absoulate path D:/vivado_pj/servo_motor_ip_pj/workspace/servo_wrapper/hw/servo_wrapper.xsa
TRACE::2026-06-11.15:03:40::SCWPlatform::DSA directory D:/vivado_pj/servo_motor_ip_pj/workspace/servo_wrapper/hw
TRACE::2026-06-11.15:03:40::SCWPlatform:: Platform Path D:/vivado_pj/servo_motor_ip_pj/workspace/servo_wrapper/hw/servo_wrapper.xsa
TRACE::2026-06-11.15:03:40::SCWPlatform:: Unique name xilinx:basys3::0.0
TRACE::2026-06-11.15:03:40::SCWPlatform::Trying to set the existing hwdb with name servo_wrapper_0
TRACE::2026-06-11.15:03:40::SCWPlatform::Opened existing hwdb servo_wrapper_0
TRACE::2026-06-11.15:03:40::SCWPlatform::Found the Hw Db part of the input DSA
TRACE::2026-06-11.15:03:40::SCWMssOS::Checking the sw design at  D:/vivado_pj/servo_motor_ip_pj/workspace/servo_wrapper/microblaze_0/standalone_microblaze_0/bsp/system.mss
TRACE::2026-06-11.15:03:40::SCWMssOS::DEBUG:  swdes dump  D:/vivado_pj/servo_motor_ip_pj/workspace/servo_wrapper/microblaze_0/standalone_microblaze_0/bsp/system.mss|system||

TRACE::2026-06-11.15:03:40::SCWMssOS::Sw design exists and opened at  D:/vivado_pj/servo_motor_ip_pj/workspace/servo_wrapper/microblaze_0/standalone_microblaze_0/bsp/system.mss
TRACE::2026-06-11.15:03:40::SCWPlatform::Trying to open the hw design at D:/vivado_pj/servo_motor_ip_pj/workspace/servo_wrapper/hw/servo_wrapper.xsa
TRACE::2026-06-11.15:03:40::SCWPlatform::DSA given D:/vivado_pj/servo_motor_ip_pj/workspace/servo_wrapper/hw/servo_wrapper.xsa
TRACE::2026-06-11.15:03:40::SCWPlatform::DSA absoulate path D:/vivado_pj/servo_motor_ip_pj/workspace/servo_wrapper/hw/servo_wrapper.xsa
TRACE::2026-06-11.15:03:40::SCWPlatform::DSA directory D:/vivado_pj/servo_motor_ip_pj/workspace/servo_wrapper/hw
TRACE::2026-06-11.15:03:40::SCWPlatform:: Platform Path D:/vivado_pj/servo_motor_ip_pj/workspace/servo_wrapper/hw/servo_wrapper.xsa
TRACE::2026-06-11.15:03:40::SCWPlatform:: Unique name xilinx:basys3::0.0
TRACE::2026-06-11.15:03:40::SCWPlatform::Trying to set the existing hwdb with name servo_wrapper_0
TRACE::2026-06-11.15:03:40::SCWPlatform::Opened existing hwdb servo_wrapper_0
TRACE::2026-06-11.15:03:40::SCWPlatform::Found the Hw Db part of the input DSA
TRACE::2026-06-11.15:03:40::SCWMssOS::Checking the sw design at  D:/vivado_pj/servo_motor_ip_pj/workspace/servo_wrapper/microblaze_0/standalone_microblaze_0/bsp/system.mss
TRACE::2026-06-11.15:03:40::SCWMssOS::DEBUG:  swdes dump  D:/vivado_pj/servo_motor_ip_pj/workspace/servo_wrapper/microblaze_0/standalone_microblaze_0/bsp/system.mss|system||

TRACE::2026-06-11.15:03:40::SCWMssOS::Sw design exists and opened at  D:/vivado_pj/servo_motor_ip_pj/workspace/servo_wrapper/microblaze_0/standalone_microblaze_0/bsp/system.mss
TRACE::2026-06-11.15:03:40::SCWWriter::formatted JSON is {
	"platformName":	"servo_wrapper",
	"sprVersion":	"2.0",
	"mode":	"gui",
	"dsaType":	"Fixed",
	"platformDesc":	"servo_wrapper",
	"platHandOff":	"D:/vivado_pj/servo_motor_ip_pj/servo_wrapper.xsa",
	"platIntHandOff":	"<platformDir>/hw/servo_wrapper.xsa",
	"deviceType":	"FPGA",
	"platIsPrebuiltAutogen":	"false",
	"platIsNoBootBsp":	"false",
	"hasFsblMakeHasChanges":	"false",
	"hasPmufwMakeHasChanges":	"false",
	"platPreBuiltFlag":	false,
	"platformSamplesDir":	"",
	"platActiveSys":	"servo_wrapper",
	"systems":	[{
			"systemName":	"servo_wrapper",
			"systemDesc":	"servo_wrapper",
			"sysIsBootAutoGen":	"true",
			"systemDispName":	"servo_wrapper",
			"sysActiveDom":	"standalone_microblaze_0",
			"sysDefaultDom":	"standalone_microblaze_0",
			"domains":	[{
					"domainName":	"standalone_microblaze_0",
					"domainDispName":	"standalone_microblaze_0",
					"domainDesc":	"standalone_microblaze_0",
					"processors":	"microblaze_0",
					"os":	"standalone",
					"sdxOs":	"standalone",
					"debugEnable":	"False",
					"domRuntimes":	["cpp"],
					"swRepo":	"",
					"mssOsVer":	"8.1",
					"mssFile":	"",
					"md5Digest":	"8655cd928e5087cbb216b5791aa99bac",
					"compatibleApp":	"hello_world",
					"domType":	"mssDomain",
					"arch":	"32-bit",
					"appSettings":	{
						"appCompilerFlags":	"",
						"appLinkerFlags":	""
					},
					"addedLibs":	[],
					"libOptions":	{
						"libsContainingOptions":	[]
					},
					"prebuiltLibs":	{
						"prebuiltIncPath":	[],
						"prebuiltLibPath":	[]
					},
					"isolation":	{
					}
				}]
		}]
}
KEYINFO::2026-06-11.15:03:40::SCWPlatform::updated the xpfm file.
TRACE::2026-06-11.15:03:41::SCWPlatform::Trying to open the hw design at D:/vivado_pj/servo_motor_ip_pj/workspace/servo_wrapper/hw/servo_wrapper.xsa
TRACE::2026-06-11.15:03:41::SCWPlatform::DSA given D:/vivado_pj/servo_motor_ip_pj/workspace/servo_wrapper/hw/servo_wrapper.xsa
TRACE::2026-06-11.15:03:41::SCWPlatform::DSA absoulate path D:/vivado_pj/servo_motor_ip_pj/workspace/servo_wrapper/hw/servo_wrapper.xsa
TRACE::2026-06-11.15:03:41::SCWPlatform::DSA directory D:/vivado_pj/servo_motor_ip_pj/workspace/servo_wrapper/hw
TRACE::2026-06-11.15:03:41::SCWPlatform:: Platform Path D:/vivado_pj/servo_motor_ip_pj/workspace/servo_wrapper/hw/servo_wrapper.xsa
TRACE::2026-06-11.15:03:41::SCWPlatform:: Unique name xilinx:basys3::0.0
TRACE::2026-06-11.15:03:41::SCWPlatform::Trying to set the existing hwdb with name servo_wrapper_0
TRACE::2026-06-11.15:03:41::SCWPlatform::Opened existing hwdb servo_wrapper_0
TRACE::2026-06-11.15:03:41::SCWPlatform::Found the Hw Db part of the input DSA
TRACE::2026-06-11.15:03:41::SCWMssOS::Checking the sw design at  D:/vivado_pj/servo_motor_ip_pj/workspace/servo_wrapper/microblaze_0/standalone_microblaze_0/bsp/system.mss
TRACE::2026-06-11.15:03:41::SCWMssOS::DEBUG:  swdes dump  D:/vivado_pj/servo_motor_ip_pj/workspace/servo_wrapper/microblaze_0/standalone_microblaze_0/bsp/system.mss|system||

TRACE::2026-06-11.15:03:41::SCWMssOS::Sw design exists and opened at  D:/vivado_pj/servo_motor_ip_pj/workspace/servo_wrapper/microblaze_0/standalone_microblaze_0/bsp/system.mss
TRACE::2026-06-11.15:05:33::SCWMssOS::cleaning the bsp 
TRACE::2026-06-11.15:05:33::SCWMssOS::System Command Ran  D: & cd  D:/vivado_pj/servo_motor_ip_pj/workspace/servo_wrapper/microblaze_0/standalone_microblaze_0/bsp & make clean 
TRACE::2026-06-11.15:05:33::SCWMssOS::make -C microblaze_0/libsrc/bram_v4_8/src -s clean 

TRACE::2026-06-11.15:05:33::SCWMssOS::make -C microblaze_0/libsrc/cpu_v2_17/src -s clean 

TRACE::2026-06-11.15:05:33::SCWMssOS::make -C microblaze_0/libsrc/gpio_v4_9/src -s clean 

TRACE::2026-06-11.15:05:33::SCWMssOS::make -C microblaze_0/libsrc/standalone_v8_1/src -s clean 

TRACE::2026-06-11.15:05:33::SCWMssOS::make -C microblaze_0/libsrc/uartlite_v3_8/src -s clean 

TRACE::2026-06-11.15:05:34::SCWMssOS::rm -f microblaze_0/lib/libxil.a

LOG::2026-06-11.15:05:59::SCWPlatform::Started generating the artifacts platform servo_wrapper
TRACE::2026-06-11.15:05:59::SCWPlatform::Sanity checking of platform is completed
LOG::2026-06-11.15:05:59::SCWPlatform::Started generating the artifacts for system configuration servo_wrapper
LOG::2026-06-11.15:05:59::SCWSystem::Checking the domain standalone_microblaze_0
LOG::2026-06-11.15:05:59::SCWSystem::Not a boot domain 
LOG::2026-06-11.15:05:59::SCWSystem::Started Processing the domain standalone_microblaze_0
TRACE::2026-06-11.15:05:59::SCWDomain::Generating domain artifcats
TRACE::2026-06-11.15:05:59::SCWMssOS::Generating standalone artifcats
TRACE::2026-06-11.15:05:59::SCWMssOS:: Copying the user libraries. 
TRACE::2026-06-11.15:05:59::SCWPlatform::Trying to open the hw design at D:/vivado_pj/servo_motor_ip_pj/workspace/servo_wrapper/hw/servo_wrapper.xsa
TRACE::2026-06-11.15:05:59::SCWPlatform::DSA given D:/vivado_pj/servo_motor_ip_pj/workspace/servo_wrapper/hw/servo_wrapper.xsa
TRACE::2026-06-11.15:05:59::SCWPlatform::DSA absoulate path D:/vivado_pj/servo_motor_ip_pj/workspace/servo_wrapper/hw/servo_wrapper.xsa
TRACE::2026-06-11.15:05:59::SCWPlatform::DSA directory D:/vivado_pj/servo_motor_ip_pj/workspace/servo_wrapper/hw
TRACE::2026-06-11.15:05:59::SCWPlatform:: Platform Path D:/vivado_pj/servo_motor_ip_pj/workspace/servo_wrapper/hw/servo_wrapper.xsa
TRACE::2026-06-11.15:05:59::SCWPlatform:: Unique name xilinx:basys3::0.0
TRACE::2026-06-11.15:05:59::SCWPlatform::Trying to set the existing hwdb with name servo_wrapper_0
TRACE::2026-06-11.15:05:59::SCWPlatform::Opened existing hwdb servo_wrapper_0
TRACE::2026-06-11.15:05:59::SCWPlatform::Found the Hw Db part of the input DSA
TRACE::2026-06-11.15:05:59::SCWMssOS::Checking the sw design at  D:/vivado_pj/servo_motor_ip_pj/workspace/servo_wrapper/microblaze_0/standalone_microblaze_0/bsp/system.mss
TRACE::2026-06-11.15:05:59::SCWMssOS::DEBUG:  swdes dump  D:/vivado_pj/servo_motor_ip_pj/workspace/servo_wrapper/microblaze_0/standalone_microblaze_0/bsp/system.mss|system||

TRACE::2026-06-11.15:05:59::SCWMssOS::Sw design exists and opened at  D:/vivado_pj/servo_motor_ip_pj/workspace/servo_wrapper/microblaze_0/standalone_microblaze_0/bsp/system.mss
TRACE::2026-06-11.15:05:59::SCWMssOS::Completed writing the mss file at D:/vivado_pj/servo_motor_ip_pj/workspace/servo_wrapper/microblaze_0/standalone_microblaze_0/bsp
TRACE::2026-06-11.15:05:59::SCWMssOS::Mss edits present, copying mssfile into export location D:/vivado_pj/servo_motor_ip_pj/workspace/servo_wrapper/microblaze_0/standalone_microblaze_0/bsp/system.mss
TRACE::2026-06-11.15:05:59::SCWMssOS::bsp generated is upto date with the mss file. Skipping bsp generation.
TRACE::2026-06-11.15:05:59::SCWMssOS::BSP is already built. skipping the bsp build ... 
TRACE::2026-06-11.15:05:59::SCWDomain::Building the domain as part of full build :  standalone_microblaze_0
TRACE::2026-06-11.15:05:59::SCWMssOS::doing bsp build ... 
TRACE::2026-06-11.15:05:59::SCWMssOS::System Command Ran  D: & cd  D:/vivado_pj/servo_motor_ip_pj/workspace/servo_wrapper/microblaze_0/standalone_microblaze_0/bsp & make 
TRACE::2026-06-11.15:05:59::SCWMssOS::make --no-print-directory seq_libs

TRACE::2026-06-11.15:05:59::SCWMssOS::'Finished building libraries sequentially.'

TRACE::2026-06-11.15:05:59::SCWMssOS::make -j 18 --no-print-directory par_libs

TRACE::2026-06-11.15:05:59::SCWMssOS::"Running Make include in microblaze_0/libsrc/bram_v4_8/src"

TRACE::2026-06-11.15:05:59::SCWMssOS::make -C microblaze_0/libsrc/bram_v4_8/src -s include  "SHELL=CMD" "COMPILER=mb-gcc" "ASSEMBLER=mb-as" "ARCHIVER=mb-ar" "COMPILE
TRACE::2026-06-11.15:05:59::SCWMssOS::R_FLAGS=  -O2 -c -mcpu=v11.0 -mlittle-endian -mxl-soft-mul" "EXTRA_COMPILER_FLAGS=-g -ffunction-sections -fdata-sections -Wall 
TRACE::2026-06-11.15:05:59::SCWMssOS::-Wextra -fno-tree-loop-distribute-patterns"

TRACE::2026-06-11.15:05:59::SCWMssOS::"Running Make include in microblaze_0/libsrc/cpu_v2_17/src"

TRACE::2026-06-11.15:05:59::SCWMssOS::make -C microblaze_0/libsrc/cpu_v2_17/src -s include  "SHELL=CMD" "COMPILER=mb-gcc" "ASSEMBLER=mb-as" "ARCHIVER=mb-ar" "COMPILE
TRACE::2026-06-11.15:05:59::SCWMssOS::R_FLAGS=  -O2 -c -mcpu=v11.0 -mlittle-endian -mxl-soft-mul" "EXTRA_COMPILER_FLAGS=-g -ffunction-sections -fdata-sections -Wall 
TRACE::2026-06-11.15:05:59::SCWMssOS::-Wextra -fno-tree-loop-distribute-patterns"

TRACE::2026-06-11.15:05:59::SCWMssOS::"Running Make include in microblaze_0/libsrc/gpio_v4_9/src"

TRACE::2026-06-11.15:05:59::SCWMssOS::make -C microblaze_0/libsrc/gpio_v4_9/src -s include  "SHELL=CMD" "COMPILER=mb-gcc" "ASSEMBLER=mb-as" "ARCHIVER=mb-ar" "COMPILE
TRACE::2026-06-11.15:05:59::SCWMssOS::R_FLAGS=  -O2 -c -mcpu=v11.0 -mlittle-endian -mxl-soft-mul" "EXTRA_COMPILER_FLAGS=-g -ffunction-sections -fdata-sections -Wall 
TRACE::2026-06-11.15:05:59::SCWMssOS::-Wextra -fno-tree-loop-distribute-patterns"

TRACE::2026-06-11.15:05:59::SCWMssOS::"Running Make include in microblaze_0/libsrc/standalone_v8_1/src"

TRACE::2026-06-11.15:05:59::SCWMssOS::make -C microblaze_0/libsrc/standalone_v8_1/src -s include  "SHELL=CMD" "COMPILER=mb-gcc" "ASSEMBLER=mb-as" "ARCHIVER=mb-ar" "C
TRACE::2026-06-11.15:05:59::SCWMssOS::OMPILER_FLAGS=  -O2 -c -mcpu=v11.0 -mlittle-endian -mxl-soft-mul" "EXTRA_COMPILER_FLAGS=-g -ffunction-sections -fdata-sections 
TRACE::2026-06-11.15:05:59::SCWMssOS::-Wall -Wextra -fno-tree-loop-distribute-patterns"

TRACE::2026-06-11.15:05:59::SCWMssOS::"Running Make include in microblaze_0/libsrc/uartlite_v3_8/src"

TRACE::2026-06-11.15:05:59::SCWMssOS::make -C microblaze_0/libsrc/uartlite_v3_8/src -s include  "SHELL=CMD" "COMPILER=mb-gcc" "ASSEMBLER=mb-as" "ARCHIVER=mb-ar" "COM
TRACE::2026-06-11.15:05:59::SCWMssOS::PILER_FLAGS=  -O2 -c -mcpu=v11.0 -mlittle-endian -mxl-soft-mul" "EXTRA_COMPILER_FLAGS=-g -ffunction-sections -fdata-sections -W
TRACE::2026-06-11.15:05:59::SCWMssOS::all -Wextra -fno-tree-loop-distribute-patterns"

TRACE::2026-06-11.15:05:59::SCWMssOS::"Running Make libs in microblaze_0/libsrc/bram_v4_8/src"

TRACE::2026-06-11.15:05:59::SCWMssOS::make -C microblaze_0/libsrc/bram_v4_8/src -s libs  "SHELL=CMD" "COMPILER=mb-gcc" "ASSEMBLER=mb-as" "ARCHIVER=mb-ar" "COMPILER_F
TRACE::2026-06-11.15:05:59::SCWMssOS::LAGS=  -O2 -c -mcpu=v11.0 -mlittle-endian -mxl-soft-mul" "EXTRA_COMPILER_FLAGS=-g -ffunction-sections -fdata-sections -Wall -We
TRACE::2026-06-11.15:05:59::SCWMssOS::xtra -fno-tree-loop-distribute-patterns"

TRACE::2026-06-11.15:05:59::SCWMssOS::"Running Make libs in microblaze_0/libsrc/cpu_v2_17/src"

TRACE::2026-06-11.15:05:59::SCWMssOS::make -C microblaze_0/libsrc/cpu_v2_17/src -s libs  "SHELL=CMD" "COMPILER=mb-gcc" "ASSEMBLER=mb-as" "ARCHIVER=mb-ar" "COMPILER_F
TRACE::2026-06-11.15:05:59::SCWMssOS::LAGS=  -O2 -c -mcpu=v11.0 -mlittle-endian -mxl-soft-mul" "EXTRA_COMPILER_FLAGS=-g -ffunction-sections -fdata-sections -Wall -We
TRACE::2026-06-11.15:05:59::SCWMssOS::xtra -fno-tree-loop-distribute-patterns"

TRACE::2026-06-11.15:05:59::SCWMssOS::"Running Make libs in microblaze_0/libsrc/gpio_v4_9/src"

TRACE::2026-06-11.15:05:59::SCWMssOS::make -C microblaze_0/libsrc/gpio_v4_9/src -s libs  "SHELL=CMD" "COMPILER=mb-gcc" "ASSEMBLER=mb-as" "ARCHIVER=mb-ar" "COMPILER_F
TRACE::2026-06-11.15:05:59::SCWMssOS::LAGS=  -O2 -c -mcpu=v11.0 -mlittle-endian -mxl-soft-mul" "EXTRA_COMPILER_FLAGS=-g -ffunction-sections -fdata-sections -Wall -We
TRACE::2026-06-11.15:05:59::SCWMssOS::xtra -fno-tree-loop-distribute-patterns"

TRACE::2026-06-11.15:05:59::SCWMssOS::"Running Make libs in microblaze_0/libsrc/standalone_v8_1/src"

TRACE::2026-06-11.15:05:59::SCWMssOS::make -C microblaze_0/libsrc/standalone_v8_1/src -s libs  "SHELL=CMD" "COMPILER=mb-gcc" "ASSEMBLER=mb-as" "ARCHIVER=mb-ar" "COMP
TRACE::2026-06-11.15:05:59::SCWMssOS::ILER_FLAGS=  -O2 -c -mcpu=v11.0 -mlittle-endian -mxl-soft-mul" "EXTRA_COMPILER_FLAGS=-g -ffunction-sections -fdata-sections -Wa
TRACE::2026-06-11.15:05:59::SCWMssOS::ll -Wextra -fno-tree-loop-distribute-patterns"

TRACE::2026-06-11.15:05:59::SCWMssOS::"Running Make libs in microblaze_0/libsrc/uartlite_v3_8/src"

TRACE::2026-06-11.15:05:59::SCWMssOS::make -C microblaze_0/libsrc/uartlite_v3_8/src -s libs  "SHELL=CMD" "COMPILER=mb-gcc" "ASSEMBLER=mb-as" "ARCHIVER=mb-ar" "COMPIL
TRACE::2026-06-11.15:05:59::SCWMssOS::ER_FLAGS=  -O2 -c -mcpu=v11.0 -mlittle-endian -mxl-soft-mul" "EXTRA_COMPILER_FLAGS=-g -ffunction-sections -fdata-sections -Wall
TRACE::2026-06-11.15:05:59::SCWMssOS:: -Wextra -fno-tree-loop-distribute-patterns"

TRACE::2026-06-11.15:05:59::SCWMssOS::"DEBUG NON_LTO_OBJECTS is ../../../lib/microblaze_interrupt_handler.o"

TRACE::2026-06-11.15:05:59::SCWMssOS::'Finished building libraries parallelly.'

TRACE::2026-06-11.15:05:59::SCWMssOS::make --no-print-directory archive

TRACE::2026-06-11.15:05:59::SCWMssOS::mb-ar -r  microblaze_0/lib/libxil.a microblaze_0/lib/_exit.o microblaze_0/lib/errno.o microblaze_0/lib/fcntl.o microblaze_0/lib
TRACE::2026-06-11.15:05:59::SCWMssOS::/hw_exception_handler.o microblaze_0/lib/inbyte.o microblaze_0/lib/microblaze_disable_dcache.o microblaze_0/lib/microblaze_disa
TRACE::2026-06-11.15:05:59::SCWMssOS::ble_exceptions.o microblaze_0/lib/microblaze_disable_icache.o microblaze_0/lib/microblaze_disable_interrupts.o microblaze_0/lib
TRACE::2026-06-11.15:05:59::SCWMssOS::/microblaze_enable_dcache.o microblaze_0/lib/microblaze_enable_exceptions.o microblaze_0/lib/microblaze_enable_icache.o microbl
TRACE::2026-06-11.15:05:59::SCWMssOS::aze_0/lib/microblaze_enable_interrupts.o microblaze_0/lib/microblaze_exception_handler.o microblaze_0/lib/microblaze_flush_cach
TRACE::2026-06-11.15:05:59::SCWMssOS::e_ext.o microblaze_0/lib/microblaze_flush_cache_ext_range.o microblaze_0/lib/microblaze_flush_dcache.o microblaze_0/lib/microbl
TRACE::2026-06-11.15:05:59::SCWMssOS::aze_flush_dcache_range.o microblaze_0/lib/microblaze_init_dcache_range.o microblaze_0/lib/microblaze_init_icache_range.o microb
TRACE::2026-06-11.15:05:59::SCWMssOS::laze_0/lib/microblaze_interrupt_handler.o microblaze_0/lib/microblaze_interrupts_g.o microblaze_0/lib/microblaze_invalidate_cac
TRACE::2026-06-11.15:05:59::SCWMssOS::he_ext.o microblaze_0/lib/microblaze_invalidate_cache_ext_range.o microblaze_0/lib/microblaze_invalidate_dcache.o microblaze_0/
TRACE::2026-06-11.15:05:59::SCWMssOS::lib/microblaze_invalidate_dcache_range.o microblaze_0/lib/microblaze_invalidate_icache.o microblaze_0/lib/microblaze_invalidate
TRACE::2026-06-11.15:05:59::SCWMssOS::_icache_range.o microblaze_0/lib/microblaze_scrub.o microblaze_0/lib/microblaze_selftest.o microblaze_0/lib/microblaze_sleep.o 
TRACE::2026-06-11.15:05:59::SCWMssOS::microblaze_0/lib/microblaze_update_dcache.o microblaze_0/lib/microblaze_update_icache.o microblaze_0/lib/outbyte.o microblaze_0
TRACE::2026-06-11.15:05:59::SCWMssOS::/lib/print.o microblaze_0/lib/pvr.o microblaze_0/lib/xbram.o microblaze_0/lib/xbram_g.o microblaze_0/lib/xbram_intr.o microblaz
TRACE::2026-06-11.15:05:59::SCWMssOS::e_0/lib/xbram_selftest.o microblaze_0/lib/xbram_sinit.o microblaze_0/lib/xgpio.o microblaze_0/lib/xgpio_extra.o microblaze_0/li
TRACE::2026-06-11.15:05:59::SCWMssOS::b/xgpio_g.o microblaze_0/lib/xgpio_intr.o microblaze_0/lib/xgpio_selftest.o microblaze_0/lib/xgpio_sinit.o microblaze_0/lib/xil
TRACE::2026-06-11.15:05:59::SCWMssOS::_assert.o microblaze_0/lib/xil_cache.o microblaze_0/lib/xil_clocking.o microblaze_0/lib/xil_exception.o microblaze_0/lib/xil_me
TRACE::2026-06-11.15:05:59::SCWMssOS::m.o microblaze_0/lib/xil_misc_psreset_api.o microblaze_0/lib/xil_printf.o microblaze_0/lib/xil_sleepcommon.o microblaze_0/lib/x
TRACE::2026-06-11.15:05:59::SCWMssOS::il_testcache.o microblaze_0/lib/xil_testio.o microblaze_0/lib/xil_testmem.o microblaze_0/lib/xil_util.o microblaze_0/lib/xinter
TRACE::2026-06-11.15:05:59::SCWMssOS::rupt_wrap.o microblaze_0/lib/xio.o microblaze_0/lib/xplatform_info.o microblaze_0/lib/xuartlite.o microblaze_0/lib/xuartlite_g.
TRACE::2026-06-11.15:05:59::SCWMssOS::o microblaze_0/lib/xuartlite_intr.o microblaze_0/lib/xuartlite_l.o microblaze_0/lib/xuartlite_selftest.o microblaze_0/lib/xuart
TRACE::2026-06-11.15:05:59::SCWMssOS::lite_sinit.o microblaze_0/lib/xuartlite_stats.o

TRACE::2026-06-11.15:06:00::SCWMssOS::'Finished building libraries'

TRACE::2026-06-11.15:06:00::SCWMssOS::Copying to export directory.
TRACE::2026-06-11.15:06:00::SCWMssOS:: Checking if to create the Supporting Applications
TRACE::2026-06-11.15:06:00::SCWMssOS:: No Linux domain exists, trying to generate FSBL 
LOG::2026-06-11.15:06:00::SCWSystem::Completed Processing the domain standalone_microblaze_0
LOG::2026-06-11.15:06:00::SCWSystem::Completed Processing the sysconfig servo_wrapper
LOG::2026-06-11.15:06:00::SCWPlatform::Completed generating the artifacts for system configuration servo_wrapper
TRACE::2026-06-11.15:06:00::SCWPlatform::Started preparing the platform 
TRACE::2026-06-11.15:06:00::SCWSystem::Writing the bif file for system config servo_wrapper
TRACE::2026-06-11.15:06:00::SCWSystem::dir created 
TRACE::2026-06-11.15:06:00::SCWSystem::Writing the bif 
TRACE::2026-06-11.15:06:00::SCWPlatform::Started writing the spfm file 
TRACE::2026-06-11.15:06:00::SCWPlatform::Started writing the xpfm file 
TRACE::2026-06-11.15:06:00::SCWPlatform::Completed generating the platform
TRACE::2026-06-11.15:06:00::SCWMssOS::Saving the mss changes D:/vivado_pj/servo_motor_ip_pj/workspace/servo_wrapper/microblaze_0/standalone_microblaze_0/bsp/system.mss
TRACE::2026-06-11.15:06:00::SCWMssOS::Found a swdesign opened with the mssfile.
TRACE::2026-06-11.15:06:00::SCWMssOS::Completed writemss as part of save.
TRACE::2026-06-11.15:06:00::SCWMssOS::Commit changes completed.
TRACE::2026-06-11.15:06:00::SCWPlatform::Trying to open the hw design at D:/vivado_pj/servo_motor_ip_pj/workspace/servo_wrapper/hw/servo_wrapper.xsa
TRACE::2026-06-11.15:06:00::SCWPlatform::DSA given D:/vivado_pj/servo_motor_ip_pj/workspace/servo_wrapper/hw/servo_wrapper.xsa
TRACE::2026-06-11.15:06:00::SCWPlatform::DSA absoulate path D:/vivado_pj/servo_motor_ip_pj/workspace/servo_wrapper/hw/servo_wrapper.xsa
TRACE::2026-06-11.15:06:00::SCWPlatform::DSA directory D:/vivado_pj/servo_motor_ip_pj/workspace/servo_wrapper/hw
TRACE::2026-06-11.15:06:00::SCWPlatform:: Platform Path D:/vivado_pj/servo_motor_ip_pj/workspace/servo_wrapper/hw/servo_wrapper.xsa
TRACE::2026-06-11.15:06:00::SCWPlatform:: Unique name xilinx:basys3::0.0
TRACE::2026-06-11.15:06:00::SCWPlatform::Trying to set the existing hwdb with name servo_wrapper_0
TRACE::2026-06-11.15:06:00::SCWPlatform::Opened existing hwdb servo_wrapper_0
TRACE::2026-06-11.15:06:00::SCWPlatform::Found the Hw Db part of the input DSA
TRACE::2026-06-11.15:06:00::SCWMssOS::Checking the sw design at  D:/vivado_pj/servo_motor_ip_pj/workspace/servo_wrapper/microblaze_0/standalone_microblaze_0/bsp/system.mss
TRACE::2026-06-11.15:06:00::SCWMssOS::DEBUG:  swdes dump  D:/vivado_pj/servo_motor_ip_pj/workspace/servo_wrapper/microblaze_0/standalone_microblaze_0/bsp/system.mss|system||

TRACE::2026-06-11.15:06:00::SCWMssOS::Sw design exists and opened at  D:/vivado_pj/servo_motor_ip_pj/workspace/servo_wrapper/microblaze_0/standalone_microblaze_0/bsp/system.mss
TRACE::2026-06-11.15:06:00::SCWPlatform::Trying to open the hw design at D:/vivado_pj/servo_motor_ip_pj/workspace/servo_wrapper/hw/servo_wrapper.xsa
TRACE::2026-06-11.15:06:00::SCWPlatform::DSA given D:/vivado_pj/servo_motor_ip_pj/workspace/servo_wrapper/hw/servo_wrapper.xsa
TRACE::2026-06-11.15:06:00::SCWPlatform::DSA absoulate path D:/vivado_pj/servo_motor_ip_pj/workspace/servo_wrapper/hw/servo_wrapper.xsa
TRACE::2026-06-11.15:06:00::SCWPlatform::DSA directory D:/vivado_pj/servo_motor_ip_pj/workspace/servo_wrapper/hw
TRACE::2026-06-11.15:06:00::SCWPlatform:: Platform Path D:/vivado_pj/servo_motor_ip_pj/workspace/servo_wrapper/hw/servo_wrapper.xsa
TRACE::2026-06-11.15:06:00::SCWPlatform:: Unique name xilinx:basys3::0.0
TRACE::2026-06-11.15:06:00::SCWPlatform::Trying to set the existing hwdb with name servo_wrapper_0
TRACE::2026-06-11.15:06:00::SCWPlatform::Opened existing hwdb servo_wrapper_0
TRACE::2026-06-11.15:06:00::SCWPlatform::Found the Hw Db part of the input DSA
TRACE::2026-06-11.15:06:00::SCWMssOS::Checking the sw design at  D:/vivado_pj/servo_motor_ip_pj/workspace/servo_wrapper/microblaze_0/standalone_microblaze_0/bsp/system.mss
TRACE::2026-06-11.15:06:00::SCWMssOS::DEBUG:  swdes dump  D:/vivado_pj/servo_motor_ip_pj/workspace/servo_wrapper/microblaze_0/standalone_microblaze_0/bsp/system.mss|system||

TRACE::2026-06-11.15:06:00::SCWMssOS::Sw design exists and opened at  D:/vivado_pj/servo_motor_ip_pj/workspace/servo_wrapper/microblaze_0/standalone_microblaze_0/bsp/system.mss
TRACE::2026-06-11.15:06:00::SCWPlatform::Trying to open the hw design at D:/vivado_pj/servo_motor_ip_pj/workspace/servo_wrapper/hw/servo_wrapper.xsa
TRACE::2026-06-11.15:06:00::SCWPlatform::DSA given D:/vivado_pj/servo_motor_ip_pj/workspace/servo_wrapper/hw/servo_wrapper.xsa
TRACE::2026-06-11.15:06:00::SCWPlatform::DSA absoulate path D:/vivado_pj/servo_motor_ip_pj/workspace/servo_wrapper/hw/servo_wrapper.xsa
TRACE::2026-06-11.15:06:00::SCWPlatform::DSA directory D:/vivado_pj/servo_motor_ip_pj/workspace/servo_wrapper/hw
TRACE::2026-06-11.15:06:00::SCWPlatform:: Platform Path D:/vivado_pj/servo_motor_ip_pj/workspace/servo_wrapper/hw/servo_wrapper.xsa
TRACE::2026-06-11.15:06:00::SCWPlatform:: Unique name xilinx:basys3::0.0
TRACE::2026-06-11.15:06:00::SCWPlatform::Trying to set the existing hwdb with name servo_wrapper_0
TRACE::2026-06-11.15:06:00::SCWPlatform::Opened existing hwdb servo_wrapper_0
TRACE::2026-06-11.15:06:00::SCWPlatform::Found the Hw Db part of the input DSA
TRACE::2026-06-11.15:06:00::SCWMssOS::Checking the sw design at  D:/vivado_pj/servo_motor_ip_pj/workspace/servo_wrapper/microblaze_0/standalone_microblaze_0/bsp/system.mss
TRACE::2026-06-11.15:06:00::SCWMssOS::DEBUG:  swdes dump  D:/vivado_pj/servo_motor_ip_pj/workspace/servo_wrapper/microblaze_0/standalone_microblaze_0/bsp/system.mss|system||

TRACE::2026-06-11.15:06:00::SCWMssOS::Sw design exists and opened at  D:/vivado_pj/servo_motor_ip_pj/workspace/servo_wrapper/microblaze_0/standalone_microblaze_0/bsp/system.mss
TRACE::2026-06-11.15:06:00::SCWWriter::formatted JSON is {
	"platformName":	"servo_wrapper",
	"sprVersion":	"2.0",
	"mode":	"gui",
	"dsaType":	"Fixed",
	"platformDesc":	"servo_wrapper",
	"platHandOff":	"D:/vivado_pj/servo_motor_ip_pj/servo_wrapper.xsa",
	"platIntHandOff":	"<platformDir>/hw/servo_wrapper.xsa",
	"deviceType":	"FPGA",
	"platIsPrebuiltAutogen":	"false",
	"platIsNoBootBsp":	"false",
	"hasFsblMakeHasChanges":	"false",
	"hasPmufwMakeHasChanges":	"false",
	"platPreBuiltFlag":	false,
	"platformSamplesDir":	"",
	"platActiveSys":	"servo_wrapper",
	"systems":	[{
			"systemName":	"servo_wrapper",
			"systemDesc":	"servo_wrapper",
			"sysIsBootAutoGen":	"true",
			"systemDispName":	"servo_wrapper",
			"sysActiveDom":	"standalone_microblaze_0",
			"sysDefaultDom":	"standalone_microblaze_0",
			"domains":	[{
					"domainName":	"standalone_microblaze_0",
					"domainDispName":	"standalone_microblaze_0",
					"domainDesc":	"standalone_microblaze_0",
					"processors":	"microblaze_0",
					"os":	"standalone",
					"sdxOs":	"standalone",
					"debugEnable":	"False",
					"domRuntimes":	["cpp"],
					"swRepo":	"",
					"mssOsVer":	"8.1",
					"mssFile":	"",
					"md5Digest":	"8655cd928e5087cbb216b5791aa99bac",
					"compatibleApp":	"hello_world",
					"domType":	"mssDomain",
					"arch":	"32-bit",
					"appSettings":	{
						"appCompilerFlags":	"",
						"appLinkerFlags":	""
					},
					"addedLibs":	[],
					"libOptions":	{
						"libsContainingOptions":	[]
					},
					"prebuiltLibs":	{
						"prebuiltIncPath":	[],
						"prebuiltLibPath":	[]
					},
					"isolation":	{
					}
				}]
		}]
}
KEYINFO::2026-06-11.15:06:00::SCWPlatform::updated the xpfm file.
TRACE::2026-06-11.15:06:01::SCWPlatform::Trying to open the hw design at D:/vivado_pj/servo_motor_ip_pj/workspace/servo_wrapper/hw/servo_wrapper.xsa
TRACE::2026-06-11.15:06:01::SCWPlatform::DSA given D:/vivado_pj/servo_motor_ip_pj/workspace/servo_wrapper/hw/servo_wrapper.xsa
TRACE::2026-06-11.15:06:01::SCWPlatform::DSA absoulate path D:/vivado_pj/servo_motor_ip_pj/workspace/servo_wrapper/hw/servo_wrapper.xsa
TRACE::2026-06-11.15:06:01::SCWPlatform::DSA directory D:/vivado_pj/servo_motor_ip_pj/workspace/servo_wrapper/hw
TRACE::2026-06-11.15:06:01::SCWPlatform:: Platform Path D:/vivado_pj/servo_motor_ip_pj/workspace/servo_wrapper/hw/servo_wrapper.xsa
TRACE::2026-06-11.15:06:01::SCWPlatform:: Unique name xilinx:basys3::0.0
TRACE::2026-06-11.15:06:01::SCWPlatform::Trying to set the existing hwdb with name servo_wrapper_0
TRACE::2026-06-11.15:06:01::SCWPlatform::Opened existing hwdb servo_wrapper_0
TRACE::2026-06-11.15:06:01::SCWPlatform::Found the Hw Db part of the input DSA
TRACE::2026-06-11.15:06:01::SCWMssOS::Checking the sw design at  D:/vivado_pj/servo_motor_ip_pj/workspace/servo_wrapper/microblaze_0/standalone_microblaze_0/bsp/system.mss
TRACE::2026-06-11.15:06:01::SCWMssOS::DEBUG:  swdes dump  D:/vivado_pj/servo_motor_ip_pj/workspace/servo_wrapper/microblaze_0/standalone_microblaze_0/bsp/system.mss|system||

TRACE::2026-06-11.15:06:01::SCWMssOS::Sw design exists and opened at  D:/vivado_pj/servo_motor_ip_pj/workspace/servo_wrapper/microblaze_0/standalone_microblaze_0/bsp/system.mss
TRACE::2026-06-11.15:28:31::SCWPlatform::Clearing the existing platform
TRACE::2026-06-11.15:28:31::SCWSystem::Clearing the existing sysconfig
TRACE::2026-06-11.15:28:31::SCWMssOS::Removing the swdes entry for  D:/vivado_pj/servo_motor_ip_pj/workspace/servo_wrapper/microblaze_0/standalone_microblaze_0/bsp/system.mss
TRACE::2026-06-11.15:28:31::SCWSystem::Clearing the domains completed.
TRACE::2026-06-11.15:28:31::SCWPlatform::Clearing the opened hw db.
TRACE::2026-06-11.15:28:31::SCWPlatform::DSA given D:/vivado_pj/servo_motor_ip_pj/workspace/servo_wrapper/hw/servo_wrapper.xsa
TRACE::2026-06-11.15:28:31::SCWPlatform::DSA absoulate path D:/vivado_pj/servo_motor_ip_pj/workspace/servo_wrapper/hw/servo_wrapper.xsa
TRACE::2026-06-11.15:28:31::SCWPlatform:: Platform location is D:/vivado_pj/servo_motor_ip_pj/workspace/servo_wrapper/hw
TRACE::2026-06-11.15:28:31::SCWPlatform:: Platform Path D:/vivado_pj/servo_motor_ip_pj/workspace/servo_wrapper/hw/servo_wrapper.xsa
TRACE::2026-06-11.15:28:31::SCWPlatform:: Unique name xilinx:basys3::0.0
TRACE::2026-06-11.15:28:31::SCWPlatform::Removing the HwDB with name D:/vivado_pj/servo_motor_ip_pj/workspace/servo_wrapper/hw/servo_wrapper.xsa
TRACE::2026-06-11.15:28:31::SCWPlatform::Trying to open the hw design at D:/vivado_pj/servo_motor_ip_pj/workspace/servo_wrapper/hw/servo_wrapper.xsa
TRACE::2026-06-11.15:28:31::SCWPlatform::DSA given D:/vivado_pj/servo_motor_ip_pj/workspace/servo_wrapper/hw/servo_wrapper.xsa
TRACE::2026-06-11.15:28:31::SCWPlatform::DSA absoulate path D:/vivado_pj/servo_motor_ip_pj/workspace/servo_wrapper/hw/servo_wrapper.xsa
TRACE::2026-06-11.15:28:31::SCWPlatform::DSA directory D:/vivado_pj/servo_motor_ip_pj/workspace/servo_wrapper/hw
TRACE::2026-06-11.15:28:31::SCWPlatform:: Platform Path D:/vivado_pj/servo_motor_ip_pj/workspace/servo_wrapper/hw/servo_wrapper.xsa
TRACE::2026-06-11.15:28:31::SCWPlatform:: Unique name xilinx:basys3::0.0
TRACE::2026-06-11.15:28:31::SCWPlatform::Do not have an existing db opened. 
TRACE::2026-06-11.15:28:31::SCWPlatform::Opened new HwDB with name servo_wrapper_2
TRACE::2026-06-11.15:28:31::SCWReader::Active system found as  servo_wrapper
TRACE::2026-06-11.15:28:31::SCWReader::Handling sysconfig servo_wrapper
TRACE::2026-06-11.15:28:31::SCWDomain::checking for install qemu data   : 
TRACE::2026-06-11.15:28:31::SCWPlatform::Trying to open the hw design at D:/vivado_pj/servo_motor_ip_pj/workspace/servo_wrapper/hw/servo_wrapper.xsa
TRACE::2026-06-11.15:28:31::SCWPlatform::DSA given D:/vivado_pj/servo_motor_ip_pj/workspace/servo_wrapper/hw/servo_wrapper.xsa
TRACE::2026-06-11.15:28:31::SCWPlatform::DSA absoulate path D:/vivado_pj/servo_motor_ip_pj/workspace/servo_wrapper/hw/servo_wrapper.xsa
TRACE::2026-06-11.15:28:31::SCWPlatform::DSA directory D:/vivado_pj/servo_motor_ip_pj/workspace/servo_wrapper/hw
TRACE::2026-06-11.15:28:31::SCWPlatform:: Platform Path D:/vivado_pj/servo_motor_ip_pj/workspace/servo_wrapper/hw/servo_wrapper.xsa
TRACE::2026-06-11.15:28:31::SCWPlatform:: Unique name xilinx:basys3::0.0
TRACE::2026-06-11.15:28:31::SCWPlatform::Trying to set the existing hwdb with name servo_wrapper_2
TRACE::2026-06-11.15:28:31::SCWPlatform::Opened existing hwdb servo_wrapper_2
TRACE::2026-06-11.15:28:31::SCWPlatform::Found the Hw Db part of the input DSA
TRACE::2026-06-11.15:28:31::SCWPlatform::Trying to open the hw design at D:/vivado_pj/servo_motor_ip_pj/workspace/servo_wrapper/hw/servo_wrapper.xsa
TRACE::2026-06-11.15:28:31::SCWPlatform::DSA given D:/vivado_pj/servo_motor_ip_pj/workspace/servo_wrapper/hw/servo_wrapper.xsa
TRACE::2026-06-11.15:28:31::SCWPlatform::DSA absoulate path D:/vivado_pj/servo_motor_ip_pj/workspace/servo_wrapper/hw/servo_wrapper.xsa
TRACE::2026-06-11.15:28:31::SCWPlatform::DSA directory D:/vivado_pj/servo_motor_ip_pj/workspace/servo_wrapper/hw
TRACE::2026-06-11.15:28:31::SCWPlatform:: Platform Path D:/vivado_pj/servo_motor_ip_pj/workspace/servo_wrapper/hw/servo_wrapper.xsa
TRACE::2026-06-11.15:28:31::SCWPlatform:: Unique name xilinx:basys3::0.0
TRACE::2026-06-11.15:28:31::SCWPlatform::Trying to set the existing hwdb with name servo_wrapper_2
TRACE::2026-06-11.15:28:31::SCWPlatform::Opened existing hwdb servo_wrapper_2
TRACE::2026-06-11.15:28:31::SCWPlatform::Found the Hw Db part of the input DSA
TRACE::2026-06-11.15:28:31::SCWPlatform::Trying to open the hw design at D:/vivado_pj/servo_motor_ip_pj/workspace/servo_wrapper/hw/servo_wrapper.xsa
TRACE::2026-06-11.15:28:31::SCWPlatform::DSA given D:/vivado_pj/servo_motor_ip_pj/workspace/servo_wrapper/hw/servo_wrapper.xsa
TRACE::2026-06-11.15:28:31::SCWPlatform::DSA absoulate path D:/vivado_pj/servo_motor_ip_pj/workspace/servo_wrapper/hw/servo_wrapper.xsa
TRACE::2026-06-11.15:28:31::SCWPlatform::DSA directory D:/vivado_pj/servo_motor_ip_pj/workspace/servo_wrapper/hw
TRACE::2026-06-11.15:28:31::SCWPlatform:: Platform Path D:/vivado_pj/servo_motor_ip_pj/workspace/servo_wrapper/hw/servo_wrapper.xsa
TRACE::2026-06-11.15:28:31::SCWPlatform:: Unique name xilinx:basys3::0.0
TRACE::2026-06-11.15:28:31::SCWPlatform::Trying to set the existing hwdb with name servo_wrapper_2
TRACE::2026-06-11.15:28:31::SCWPlatform::Opened existing hwdb servo_wrapper_2
TRACE::2026-06-11.15:28:31::SCWPlatform::Found the Hw Db part of the input DSA
TRACE::2026-06-11.15:28:31::SCWPlatform::Trying to open the hw design at D:/vivado_pj/servo_motor_ip_pj/workspace/servo_wrapper/hw/servo_wrapper.xsa
TRACE::2026-06-11.15:28:31::SCWPlatform::DSA given D:/vivado_pj/servo_motor_ip_pj/workspace/servo_wrapper/hw/servo_wrapper.xsa
TRACE::2026-06-11.15:28:31::SCWPlatform::DSA absoulate path D:/vivado_pj/servo_motor_ip_pj/workspace/servo_wrapper/hw/servo_wrapper.xsa
TRACE::2026-06-11.15:28:31::SCWPlatform::DSA directory D:/vivado_pj/servo_motor_ip_pj/workspace/servo_wrapper/hw
TRACE::2026-06-11.15:28:31::SCWPlatform:: Platform Path D:/vivado_pj/servo_motor_ip_pj/workspace/servo_wrapper/hw/servo_wrapper.xsa
TRACE::2026-06-11.15:28:31::SCWPlatform:: Unique name xilinx:basys3::0.0
TRACE::2026-06-11.15:28:31::SCWPlatform::Trying to set the existing hwdb with name servo_wrapper_2
TRACE::2026-06-11.15:28:31::SCWPlatform::Opened existing hwdb servo_wrapper_2
TRACE::2026-06-11.15:28:31::SCWPlatform::Found the Hw Db part of the input DSA
TRACE::2026-06-11.15:28:31::SCWMssOS::Checking the sw design at  D:/vivado_pj/servo_motor_ip_pj/workspace/servo_wrapper/microblaze_0/standalone_microblaze_0/bsp/system.mss
TRACE::2026-06-11.15:28:31::SCWMssOS::DEBUG:  swdes dump  
TRACE::2026-06-11.15:28:31::SCWMssOS::No sw design opened at  D:/vivado_pj/servo_motor_ip_pj/workspace/servo_wrapper/microblaze_0/standalone_microblaze_0/bsp/system.mss
TRACE::2026-06-11.15:28:31::SCWMssOS::mss exists loading the mss file  D:/vivado_pj/servo_motor_ip_pj/workspace/servo_wrapper/microblaze_0/standalone_microblaze_0/bsp/system.mss
TRACE::2026-06-11.15:28:31::SCWMssOS::Opened the sw design from mss  D:/vivado_pj/servo_motor_ip_pj/workspace/servo_wrapper/microblaze_0/standalone_microblaze_0/bsp/system.mss
TRACE::2026-06-11.15:28:31::SCWMssOS::Adding the swdes entry D:/vivado_pj/servo_motor_ip_pj/workspace/servo_wrapper/microblaze_0/standalone_microblaze_0/bsp/system.mss with des name system
TRACE::2026-06-11.15:28:31::SCWMssOS::updating the scw layer about changes
TRACE::2026-06-11.15:28:31::SCWMssOS::Opened the sw design.  D:/vivado_pj/servo_motor_ip_pj/workspace/servo_wrapper/microblaze_0/standalone_microblaze_0/bsp/system.mss
TRACE::2026-06-11.15:28:31::SCWMssOS::Saving the mss changes D:/vivado_pj/servo_motor_ip_pj/workspace/servo_wrapper/microblaze_0/standalone_microblaze_0/bsp/system.mss
TRACE::2026-06-11.15:28:31::SCWMssOS::Found a swdesign opened with the mssfile.
TRACE::2026-06-11.15:28:31::SCWMssOS::Completed writemss as part of save.
TRACE::2026-06-11.15:28:31::SCWMssOS::Commit changes completed.
TRACE::2026-06-11.15:28:31::SCWReader::Adding prebuilt librarypaths as   
TRACE::2026-06-11.15:28:31::SCWReader::Adding prebuilt incpaths  as   
TRACE::2026-06-11.15:28:31::SCWPlatform::Trying to open the hw design at D:/vivado_pj/servo_motor_ip_pj/workspace/servo_wrapper/hw/servo_wrapper.xsa
TRACE::2026-06-11.15:28:31::SCWPlatform::DSA given D:/vivado_pj/servo_motor_ip_pj/workspace/servo_wrapper/hw/servo_wrapper.xsa
TRACE::2026-06-11.15:28:31::SCWPlatform::DSA absoulate path D:/vivado_pj/servo_motor_ip_pj/workspace/servo_wrapper/hw/servo_wrapper.xsa
TRACE::2026-06-11.15:28:31::SCWPlatform::DSA directory D:/vivado_pj/servo_motor_ip_pj/workspace/servo_wrapper/hw
TRACE::2026-06-11.15:28:31::SCWPlatform:: Platform Path D:/vivado_pj/servo_motor_ip_pj/workspace/servo_wrapper/hw/servo_wrapper.xsa
TRACE::2026-06-11.15:28:31::SCWPlatform:: Unique name xilinx:basys3::0.0
TRACE::2026-06-11.15:28:31::SCWPlatform::Trying to set the existing hwdb with name servo_wrapper_2
TRACE::2026-06-11.15:28:31::SCWPlatform::Opened existing hwdb servo_wrapper_2
TRACE::2026-06-11.15:28:31::SCWPlatform::Found the Hw Db part of the input DSA
TRACE::2026-06-11.15:28:31::SCWMssOS::Checking the sw design at  D:/vivado_pj/servo_motor_ip_pj/workspace/servo_wrapper/microblaze_0/standalone_microblaze_0/bsp/system.mss
TRACE::2026-06-11.15:28:31::SCWMssOS::DEBUG:  swdes dump  D:/vivado_pj/servo_motor_ip_pj/workspace/servo_wrapper/microblaze_0/standalone_microblaze_0/bsp/system.mss|system||

TRACE::2026-06-11.15:28:31::SCWMssOS::Sw design exists and opened at  D:/vivado_pj/servo_motor_ip_pj/workspace/servo_wrapper/microblaze_0/standalone_microblaze_0/bsp/system.mss
TRACE::2026-06-11.15:28:31::SCWReader::No isolation master present  
TRACE::2026-06-11.15:28:39::SCWPlatform::DSA given D:/vivado_pj/servo_motor_ip_pj/workspace/servo_wrapper/tempdsa/servo_wrapper2.xsa
TRACE::2026-06-11.15:28:39::SCWPlatform::DSA absoulate path D:/vivado_pj/servo_motor_ip_pj/workspace/servo_wrapper/tempdsa/servo_wrapper2.xsa
TRACE::2026-06-11.15:28:39::SCWPlatform:: Platform location is D:/vivado_pj/servo_motor_ip_pj/workspace/servo_wrapper/tempdsa
TRACE::2026-06-11.15:28:39::SCWPlatform:: Platform Path D:/vivado_pj/servo_motor_ip_pj/workspace/servo_wrapper/tempdsa/servo_wrapper2.xsa
TRACE::2026-06-11.15:28:39::SCWPlatform:: Unique name xilinx:basys3::0.0
TRACE::2026-06-11.15:28:39::SCWPlatform::Found the Hw Db part of the input DSA
TRACE::2026-06-11.15:28:39::SCWMssOS::Doing hw sync for the mss in domain: standalone_microblaze_0
TRACE::2026-06-11.15:28:39::SCWPlatform::Trying to open the hw design at D:/vivado_pj/servo_motor_ip_pj/workspace/servo_wrapper/hw/servo_wrapper.xsa
TRACE::2026-06-11.15:28:39::SCWPlatform::DSA given D:/vivado_pj/servo_motor_ip_pj/workspace/servo_wrapper/hw/servo_wrapper.xsa
TRACE::2026-06-11.15:28:39::SCWPlatform::DSA absoulate path D:/vivado_pj/servo_motor_ip_pj/workspace/servo_wrapper/hw/servo_wrapper.xsa
TRACE::2026-06-11.15:28:39::SCWPlatform::DSA directory D:/vivado_pj/servo_motor_ip_pj/workspace/servo_wrapper/hw
TRACE::2026-06-11.15:28:39::SCWPlatform:: Platform Path D:/vivado_pj/servo_motor_ip_pj/workspace/servo_wrapper/hw/servo_wrapper.xsa
TRACE::2026-06-11.15:28:39::SCWPlatform:: Unique name xilinx:basys3::0.0
TRACE::2026-06-11.15:28:39::SCWPlatform::Trying to set the existing hwdb with name servo_wrapper_2
TRACE::2026-06-11.15:28:39::SCWPlatform::Opened existing hwdb servo_wrapper_2
TRACE::2026-06-11.15:28:39::SCWPlatform::Found the Hw Db part of the input DSA
TRACE::2026-06-11.15:28:39::SCWPlatform::Trying to open the hw design at D:/vivado_pj/servo_motor_ip_pj/workspace/servo_wrapper/hw/servo_wrapper.xsa
TRACE::2026-06-11.15:28:39::SCWPlatform::DSA given D:/vivado_pj/servo_motor_ip_pj/workspace/servo_wrapper/hw/servo_wrapper.xsa
TRACE::2026-06-11.15:28:39::SCWPlatform::DSA absoulate path D:/vivado_pj/servo_motor_ip_pj/workspace/servo_wrapper/hw/servo_wrapper.xsa
TRACE::2026-06-11.15:28:39::SCWPlatform::DSA directory D:/vivado_pj/servo_motor_ip_pj/workspace/servo_wrapper/hw
TRACE::2026-06-11.15:28:39::SCWPlatform:: Platform Path D:/vivado_pj/servo_motor_ip_pj/workspace/servo_wrapper/hw/servo_wrapper.xsa
TRACE::2026-06-11.15:28:39::SCWPlatform:: Unique name xilinx:basys3::0.0
TRACE::2026-06-11.15:28:39::SCWPlatform::Trying to set the existing hwdb with name servo_wrapper_2
TRACE::2026-06-11.15:28:39::SCWPlatform::Opened existing hwdb servo_wrapper_2
TRACE::2026-06-11.15:28:39::SCWPlatform::Found the Hw Db part of the input DSA
TRACE::2026-06-11.15:28:39::SCWMssOS::Checking the sw design at  D:/vivado_pj/servo_motor_ip_pj/workspace/servo_wrapper/microblaze_0/standalone_microblaze_0/bsp/system.mss
TRACE::2026-06-11.15:28:39::SCWMssOS::DEBUG:  swdes dump  D:/vivado_pj/servo_motor_ip_pj/workspace/servo_wrapper/microblaze_0/standalone_microblaze_0/bsp/system.mss|system||

TRACE::2026-06-11.15:28:39::SCWMssOS::Sw design exists and opened at  D:/vivado_pj/servo_motor_ip_pj/workspace/servo_wrapper/microblaze_0/standalone_microblaze_0/bsp/system.mss
TRACE::2026-06-11.15:28:39::SCWPlatform::Trying to open the hw design at D:/vivado_pj/servo_motor_ip_pj/workspace/servo_wrapper/tempdsa/servo_wrapper2.xsa
TRACE::2026-06-11.15:28:39::SCWPlatform::DSA given D:/vivado_pj/servo_motor_ip_pj/workspace/servo_wrapper/tempdsa/servo_wrapper2.xsa
TRACE::2026-06-11.15:28:39::SCWPlatform::DSA absoulate path D:/vivado_pj/servo_motor_ip_pj/workspace/servo_wrapper/tempdsa/servo_wrapper2.xsa
TRACE::2026-06-11.15:28:39::SCWPlatform::DSA directory D:/vivado_pj/servo_motor_ip_pj/workspace/servo_wrapper/tempdsa
TRACE::2026-06-11.15:28:39::SCWPlatform:: Platform Path D:/vivado_pj/servo_motor_ip_pj/workspace/servo_wrapper/tempdsa/servo_wrapper2.xsa
TRACE::2026-06-11.15:28:39::SCWPlatform:: Unique name xilinx:basys3::0.0
TRACE::2026-06-11.15:28:39::SCWPlatform::update - Opened existing hwdb servo_wrapper_3
TRACE::2026-06-11.15:28:39::SCWPlatform::Found the Hw Db part of the input DSA
TRACE::2026-06-11.15:28:39::SCWMssOS::Saving the mss changes D:/vivado_pj/servo_motor_ip_pj/workspace/servo_wrapper/microblaze_0/standalone_microblaze_0/bsp/system.mss
TRACE::2026-06-11.15:28:39::SCWMssOS::Found a swdesign opened with the mssfile.
TRACE::2026-06-11.15:28:39::SCWMssOS::Completed writemss as part of save.
TRACE::2026-06-11.15:28:39::SCWMssOS::Commit changes completed.
TRACE::2026-06-11.15:28:39::SCWMssOS::Completed hw sync for the mss in domain: standalone_microblaze_0
TRACE::2026-06-11.15:28:39::SCWMssOS::Removing the swdes entry for  D:/vivado_pj/servo_motor_ip_pj/workspace/servo_wrapper/microblaze_0/standalone_microblaze_0/bsp/system.mss
TRACE::2026-06-11.15:28:39::SCWPlatform::Trying to open the hw design at D:/vivado_pj/servo_motor_ip_pj/workspace/servo_wrapper/hw/servo_wrapper2.xsa
TRACE::2026-06-11.15:28:39::SCWPlatform::DSA given D:/vivado_pj/servo_motor_ip_pj/workspace/servo_wrapper/hw/servo_wrapper2.xsa
TRACE::2026-06-11.15:28:39::SCWPlatform::DSA absoulate path D:/vivado_pj/servo_motor_ip_pj/workspace/servo_wrapper/hw/servo_wrapper2.xsa
TRACE::2026-06-11.15:28:39::SCWPlatform::DSA directory D:/vivado_pj/servo_motor_ip_pj/workspace/servo_wrapper/hw
TRACE::2026-06-11.15:28:39::SCWPlatform:: Platform Path D:/vivado_pj/servo_motor_ip_pj/workspace/servo_wrapper/hw/servo_wrapper2.xsa
TRACE::2026-06-11.15:28:39::SCWPlatform:: Unique name xilinx:basys3::0.0
TRACE::2026-06-11.15:28:39::SCWPlatform::Do not have an existing db opened. 
TRACE::2026-06-11.15:28:39::SCWPlatform::Opened new HwDB with name servo_wrapper_4
TRACE::2026-06-11.15:28:39::SCWMssOS::Saving the mss changes D:/vivado_pj/servo_motor_ip_pj/workspace/servo_wrapper/microblaze_0/standalone_microblaze_0/bsp/system.mss
TRACE::2026-06-11.15:28:39::SCWMssOS::Adding the swdes entry, mss present, able to open swdb D:/vivado_pj/servo_motor_ip_pj/workspace/servo_wrapper/microblaze_0/standalone_microblaze_0/bsp/system.mss with des name system
TRACE::2026-06-11.15:28:39::SCWMssOS::Writing the mss file completed D:/vivado_pj/servo_motor_ip_pj/workspace/servo_wrapper/microblaze_0/standalone_microblaze_0/bsp/system.mss
TRACE::2026-06-11.15:28:39::SCWMssOS::Commit changes completed.
TRACE::2026-06-11.15:28:39::SCWPlatform::Trying to open the hw design at D:/vivado_pj/servo_motor_ip_pj/workspace/servo_wrapper/hw/servo_wrapper2.xsa
TRACE::2026-06-11.15:28:39::SCWPlatform::DSA given D:/vivado_pj/servo_motor_ip_pj/workspace/servo_wrapper/hw/servo_wrapper2.xsa
TRACE::2026-06-11.15:28:39::SCWPlatform::DSA absoulate path D:/vivado_pj/servo_motor_ip_pj/workspace/servo_wrapper/hw/servo_wrapper2.xsa
TRACE::2026-06-11.15:28:39::SCWPlatform::DSA directory D:/vivado_pj/servo_motor_ip_pj/workspace/servo_wrapper/hw
TRACE::2026-06-11.15:28:39::SCWPlatform:: Platform Path D:/vivado_pj/servo_motor_ip_pj/workspace/servo_wrapper/hw/servo_wrapper2.xsa
TRACE::2026-06-11.15:28:39::SCWPlatform:: Unique name xilinx:basys3::0.0
TRACE::2026-06-11.15:28:39::SCWPlatform::Trying to set the existing hwdb with name servo_wrapper_4
TRACE::2026-06-11.15:28:39::SCWPlatform::Opened existing hwdb servo_wrapper_4
TRACE::2026-06-11.15:28:39::SCWPlatform::Found the Hw Db part of the input DSA
TRACE::2026-06-11.15:28:39::SCWMssOS::Checking the sw design at  D:/vivado_pj/servo_motor_ip_pj/workspace/servo_wrapper/microblaze_0/standalone_microblaze_0/bsp/system.mss
TRACE::2026-06-11.15:28:39::SCWMssOS::DEBUG:  swdes dump  D:/vivado_pj/servo_motor_ip_pj/workspace/servo_wrapper/microblaze_0/standalone_microblaze_0/bsp/system.mss|system||

TRACE::2026-06-11.15:28:39::SCWMssOS::Sw design exists and opened at  D:/vivado_pj/servo_motor_ip_pj/workspace/servo_wrapper/microblaze_0/standalone_microblaze_0/bsp/system.mss
TRACE::2026-06-11.15:28:39::SCWWriter::formatted JSON is {
	"platformName":	"servo_wrapper",
	"sprVersion":	"2.0",
	"mode":	"gui",
	"dsaType":	"Fixed",
	"platformDesc":	"servo_wrapper",
	"platHandOff":	"D:/vivado_pj/servo_motor_ip_pj/servo_wrapper2.xsa",
	"platIntHandOff":	"<platformDir>/hw/servo_wrapper2.xsa",
	"deviceType":	"FPGA",
	"platIsPrebuiltAutogen":	"false",
	"platIsNoBootBsp":	"false",
	"hasFsblMakeHasChanges":	"false",
	"hasPmufwMakeHasChanges":	"false",
	"platPreBuiltFlag":	false,
	"platformSamplesDir":	"",
	"platActiveSys":	"servo_wrapper",
	"systems":	[{
			"systemName":	"servo_wrapper",
			"systemDesc":	"servo_wrapper",
			"sysIsBootAutoGen":	"true",
			"systemDispName":	"servo_wrapper",
			"sysActiveDom":	"standalone_microblaze_0",
			"sysDefaultDom":	"standalone_microblaze_0",
			"domains":	[{
					"domainName":	"standalone_microblaze_0",
					"domainDispName":	"standalone_microblaze_0",
					"domainDesc":	"standalone_microblaze_0",
					"processors":	"microblaze_0",
					"os":	"standalone",
					"sdxOs":	"standalone",
					"debugEnable":	"False",
					"domRuntimes":	["cpp"],
					"swRepo":	"",
					"mssOsVer":	"8.1",
					"mssFile":	"",
					"md5Digest":	"8655cd928e5087cbb216b5791aa99bac1",
					"compatibleApp":	"",
					"domType":	"mssDomain",
					"arch":	"32-bit",
					"appSettings":	{
						"appCompilerFlags":	"",
						"appLinkerFlags":	""
					},
					"addedLibs":	[],
					"libOptions":	{
						"libsContainingOptions":	[]
					},
					"prebuiltLibs":	{
						"prebuiltIncPath":	[],
						"prebuiltLibPath":	[]
					},
					"isolation":	{
					}
				}]
		}]
}
LOG::2026-06-11.15:29:02::SCWPlatform::Started generating the artifacts platform servo_wrapper
TRACE::2026-06-11.15:29:02::SCWPlatform::Sanity checking of platform is completed
LOG::2026-06-11.15:29:02::SCWPlatform::Started generating the artifacts for system configuration servo_wrapper
LOG::2026-06-11.15:29:02::SCWSystem::Checking the domain standalone_microblaze_0
LOG::2026-06-11.15:29:02::SCWSystem::Not a boot domain 
LOG::2026-06-11.15:29:02::SCWSystem::Started Processing the domain standalone_microblaze_0
TRACE::2026-06-11.15:29:02::SCWDomain::Generating domain artifcats
TRACE::2026-06-11.15:29:02::SCWMssOS::Generating standalone artifcats
TRACE::2026-06-11.15:29:02::SCWMssOS:: Copying the user libraries. 
TRACE::2026-06-11.15:29:02::SCWPlatform::Trying to open the hw design at D:/vivado_pj/servo_motor_ip_pj/workspace/servo_wrapper/hw/servo_wrapper2.xsa
TRACE::2026-06-11.15:29:02::SCWPlatform::DSA given D:/vivado_pj/servo_motor_ip_pj/workspace/servo_wrapper/hw/servo_wrapper2.xsa
TRACE::2026-06-11.15:29:02::SCWPlatform::DSA absoulate path D:/vivado_pj/servo_motor_ip_pj/workspace/servo_wrapper/hw/servo_wrapper2.xsa
TRACE::2026-06-11.15:29:02::SCWPlatform::DSA directory D:/vivado_pj/servo_motor_ip_pj/workspace/servo_wrapper/hw
TRACE::2026-06-11.15:29:02::SCWPlatform:: Platform Path D:/vivado_pj/servo_motor_ip_pj/workspace/servo_wrapper/hw/servo_wrapper2.xsa
TRACE::2026-06-11.15:29:02::SCWPlatform:: Unique name xilinx:basys3::0.0
TRACE::2026-06-11.15:29:02::SCWPlatform::Trying to set the existing hwdb with name servo_wrapper_4
TRACE::2026-06-11.15:29:02::SCWPlatform::Opened existing hwdb servo_wrapper_4
TRACE::2026-06-11.15:29:02::SCWPlatform::Found the Hw Db part of the input DSA
TRACE::2026-06-11.15:29:02::SCWMssOS::Checking the sw design at  D:/vivado_pj/servo_motor_ip_pj/workspace/servo_wrapper/microblaze_0/standalone_microblaze_0/bsp/system.mss
TRACE::2026-06-11.15:29:02::SCWMssOS::DEBUG:  swdes dump  D:/vivado_pj/servo_motor_ip_pj/workspace/servo_wrapper/microblaze_0/standalone_microblaze_0/bsp/system.mss|system||

TRACE::2026-06-11.15:29:02::SCWMssOS::Sw design exists and opened at  D:/vivado_pj/servo_motor_ip_pj/workspace/servo_wrapper/microblaze_0/standalone_microblaze_0/bsp/system.mss
TRACE::2026-06-11.15:29:02::SCWMssOS::Completed writing the mss file at D:/vivado_pj/servo_motor_ip_pj/workspace/servo_wrapper/microblaze_0/standalone_microblaze_0/bsp
TRACE::2026-06-11.15:29:02::SCWMssOS::Mss edits present, copying mssfile into export location D:/vivado_pj/servo_motor_ip_pj/workspace/servo_wrapper/microblaze_0/standalone_microblaze_0/bsp/system.mss
TRACE::2026-06-11.15:29:02::SCWMssOS::bsp generated is stale removing and regenerating. 
TRACE::2026-06-11.15:29:02::SCWMssOS::doing bsp build ... 
TRACE::2026-06-11.15:29:02::SCWMssOS::System Command Ran  D: & cd  D:/vivado_pj/servo_motor_ip_pj/workspace/servo_wrapper/microblaze_0/standalone_microblaze_0/bsp & make 
TRACE::2026-06-11.15:29:02::SCWMssOS::make --no-print-directory seq_libs

TRACE::2026-06-11.15:29:02::SCWMssOS::'Finished building libraries sequentially.'

TRACE::2026-06-11.15:29:02::SCWMssOS::make -j 18 --no-print-directory par_libs

TRACE::2026-06-11.15:29:03::SCWMssOS::"Running Make include in microblaze_0/libsrc/bram_v4_8/src"

TRACE::2026-06-11.15:29:03::SCWMssOS::make -C microblaze_0/libsrc/bram_v4_8/src -s include  "SHELL=CMD" "COMPILER=mb-gcc" "ASSEMBLER=mb-as" "ARCHIVER=mb-ar" "COMPILE
TRACE::2026-06-11.15:29:03::SCWMssOS::R_FLAGS=  -O2 -c -mcpu=v11.0 -mlittle-endian -mxl-soft-mul" "EXTRA_COMPILER_FLAGS=-g -ffunction-sections -fdata-sections -Wall 
TRACE::2026-06-11.15:29:03::SCWMssOS::-Wextra -fno-tree-loop-distribute-patterns"

TRACE::2026-06-11.15:29:03::SCWMssOS::"Running Make include in microblaze_0/libsrc/cpu_v2_17/src"

TRACE::2026-06-11.15:29:03::SCWMssOS::make -C microblaze_0/libsrc/cpu_v2_17/src -s include  "SHELL=CMD" "COMPILER=mb-gcc" "ASSEMBLER=mb-as" "ARCHIVER=mb-ar" "COMPILE
TRACE::2026-06-11.15:29:03::SCWMssOS::R_FLAGS=  -O2 -c -mcpu=v11.0 -mlittle-endian -mxl-soft-mul" "EXTRA_COMPILER_FLAGS=-g -ffunction-sections -fdata-sections -Wall 
TRACE::2026-06-11.15:29:03::SCWMssOS::-Wextra -fno-tree-loop-distribute-patterns"

TRACE::2026-06-11.15:29:03::SCWMssOS::"Running Make include in microblaze_0/libsrc/gpio_v4_9/src"

TRACE::2026-06-11.15:29:03::SCWMssOS::make -C microblaze_0/libsrc/gpio_v4_9/src -s include  "SHELL=CMD" "COMPILER=mb-gcc" "ASSEMBLER=mb-as" "ARCHIVER=mb-ar" "COMPILE
TRACE::2026-06-11.15:29:03::SCWMssOS::R_FLAGS=  -O2 -c -mcpu=v11.0 -mlittle-endian -mxl-soft-mul" "EXTRA_COMPILER_FLAGS=-g -ffunction-sections -fdata-sections -Wall 
TRACE::2026-06-11.15:29:03::SCWMssOS::-Wextra -fno-tree-loop-distribute-patterns"

TRACE::2026-06-11.15:29:03::SCWMssOS::"Running Make include in microblaze_0/libsrc/standalone_v8_1/src"

TRACE::2026-06-11.15:29:03::SCWMssOS::make -C microblaze_0/libsrc/standalone_v8_1/src -s include  "SHELL=CMD" "COMPILER=mb-gcc" "ASSEMBLER=mb-as" "ARCHIVER=mb-ar" "C
TRACE::2026-06-11.15:29:03::SCWMssOS::OMPILER_FLAGS=  -O2 -c -mcpu=v11.0 -mlittle-endian -mxl-soft-mul" "EXTRA_COMPILER_FLAGS=-g -ffunction-sections -fdata-sections 
TRACE::2026-06-11.15:29:03::SCWMssOS::-Wall -Wextra -fno-tree-loop-distribute-patterns"

TRACE::2026-06-11.15:29:03::SCWMssOS::"Running Make include in microblaze_0/libsrc/uartlite_v3_8/src"

TRACE::2026-06-11.15:29:03::SCWMssOS::make -C microblaze_0/libsrc/uartlite_v3_8/src -s include  "SHELL=CMD" "COMPILER=mb-gcc" "ASSEMBLER=mb-as" "ARCHIVER=mb-ar" "COM
TRACE::2026-06-11.15:29:03::SCWMssOS::PILER_FLAGS=  -O2 -c -mcpu=v11.0 -mlittle-endian -mxl-soft-mul" "EXTRA_COMPILER_FLAGS=-g -ffunction-sections -fdata-sections -W
TRACE::2026-06-11.15:29:03::SCWMssOS::all -Wextra -fno-tree-loop-distribute-patterns"

TRACE::2026-06-11.15:29:03::SCWMssOS::"Running Make libs in microblaze_0/libsrc/bram_v4_8/src"

TRACE::2026-06-11.15:29:03::SCWMssOS::make -C microblaze_0/libsrc/bram_v4_8/src -s libs  "SHELL=CMD" "COMPILER=mb-gcc" "ASSEMBLER=mb-as" "ARCHIVER=mb-ar" "COMPILER_F
TRACE::2026-06-11.15:29:03::SCWMssOS::LAGS=  -O2 -c -mcpu=v11.0 -mlittle-endian -mxl-soft-mul" "EXTRA_COMPILER_FLAGS=-g -ffunction-sections -fdata-sections -Wall -We
TRACE::2026-06-11.15:29:03::SCWMssOS::xtra -fno-tree-loop-distribute-patterns"

TRACE::2026-06-11.15:29:03::SCWMssOS::"Running Make libs in microblaze_0/libsrc/cpu_v2_17/src"

TRACE::2026-06-11.15:29:03::SCWMssOS::make -C microblaze_0/libsrc/cpu_v2_17/src -s libs  "SHELL=CMD" "COMPILER=mb-gcc" "ASSEMBLER=mb-as" "ARCHIVER=mb-ar" "COMPILER_F
TRACE::2026-06-11.15:29:03::SCWMssOS::LAGS=  -O2 -c -mcpu=v11.0 -mlittle-endian -mxl-soft-mul" "EXTRA_COMPILER_FLAGS=-g -ffunction-sections -fdata-sections -Wall -We
TRACE::2026-06-11.15:29:03::SCWMssOS::xtra -fno-tree-loop-distribute-patterns"

TRACE::2026-06-11.15:29:03::SCWMssOS::"Running Make libs in microblaze_0/libsrc/gpio_v4_9/src"

TRACE::2026-06-11.15:29:03::SCWMssOS::make -C microblaze_0/libsrc/gpio_v4_9/src -s libs  "SHELL=CMD" "COMPILER=mb-gcc" "ASSEMBLER=mb-as" "ARCHIVER=mb-ar" "COMPILER_F
TRACE::2026-06-11.15:29:03::SCWMssOS::LAGS=  -O2 -c -mcpu=v11.0 -mlittle-endian -mxl-soft-mul" "EXTRA_COMPILER_FLAGS=-g -ffunction-sections -fdata-sections -Wall -We
TRACE::2026-06-11.15:29:03::SCWMssOS::xtra -fno-tree-loop-distribute-patterns"

TRACE::2026-06-11.15:29:03::SCWMssOS::"Running Make libs in microblaze_0/libsrc/standalone_v8_1/src"

TRACE::2026-06-11.15:29:03::SCWMssOS::make -C microblaze_0/libsrc/standalone_v8_1/src -s libs  "SHELL=CMD" "COMPILER=mb-gcc" "ASSEMBLER=mb-as" "ARCHIVER=mb-ar" "COMP
TRACE::2026-06-11.15:29:03::SCWMssOS::ILER_FLAGS=  -O2 -c -mcpu=v11.0 -mlittle-endian -mxl-soft-mul" "EXTRA_COMPILER_FLAGS=-g -ffunction-sections -fdata-sections -Wa
TRACE::2026-06-11.15:29:03::SCWMssOS::ll -Wextra -fno-tree-loop-distribute-patterns"

TRACE::2026-06-11.15:29:03::SCWMssOS::"Running Make libs in microblaze_0/libsrc/uartlite_v3_8/src"

TRACE::2026-06-11.15:29:03::SCWMssOS::make -C microblaze_0/libsrc/uartlite_v3_8/src -s libs  "SHELL=CMD" "COMPILER=mb-gcc" "ASSEMBLER=mb-as" "ARCHIVER=mb-ar" "COMPIL
TRACE::2026-06-11.15:29:03::SCWMssOS::ER_FLAGS=  -O2 -c -mcpu=v11.0 -mlittle-endian -mxl-soft-mul" "EXTRA_COMPILER_FLAGS=-g -ffunction-sections -fdata-sections -Wall
TRACE::2026-06-11.15:29:03::SCWMssOS:: -Wextra -fno-tree-loop-distribute-patterns"

TRACE::2026-06-11.15:29:03::SCWMssOS::"DEBUG NON_LTO_OBJECTS is ../../../lib/microblaze_interrupt_handler.o"

TRACE::2026-06-11.15:29:04::SCWMssOS::'Finished building libraries parallelly.'

TRACE::2026-06-11.15:29:04::SCWMssOS::make --no-print-directory archive

TRACE::2026-06-11.15:29:04::SCWMssOS::mb-ar -r  microblaze_0/lib/libxil.a microblaze_0/lib/_exit.o microblaze_0/lib/errno.o microblaze_0/lib/fcntl.o microblaze_0/lib
TRACE::2026-06-11.15:29:04::SCWMssOS::/hw_exception_handler.o microblaze_0/lib/inbyte.o microblaze_0/lib/microblaze_disable_dcache.o microblaze_0/lib/microblaze_disa
TRACE::2026-06-11.15:29:04::SCWMssOS::ble_exceptions.o microblaze_0/lib/microblaze_disable_icache.o microblaze_0/lib/microblaze_disable_interrupts.o microblaze_0/lib
TRACE::2026-06-11.15:29:04::SCWMssOS::/microblaze_enable_dcache.o microblaze_0/lib/microblaze_enable_exceptions.o microblaze_0/lib/microblaze_enable_icache.o microbl
TRACE::2026-06-11.15:29:04::SCWMssOS::aze_0/lib/microblaze_enable_interrupts.o microblaze_0/lib/microblaze_exception_handler.o microblaze_0/lib/microblaze_flush_cach
TRACE::2026-06-11.15:29:04::SCWMssOS::e_ext.o microblaze_0/lib/microblaze_flush_cache_ext_range.o microblaze_0/lib/microblaze_flush_dcache.o microblaze_0/lib/microbl
TRACE::2026-06-11.15:29:04::SCWMssOS::aze_flush_dcache_range.o microblaze_0/lib/microblaze_init_dcache_range.o microblaze_0/lib/microblaze_init_icache_range.o microb
TRACE::2026-06-11.15:29:04::SCWMssOS::laze_0/lib/microblaze_interrupt_handler.o microblaze_0/lib/microblaze_interrupts_g.o microblaze_0/lib/microblaze_invalidate_cac
TRACE::2026-06-11.15:29:04::SCWMssOS::he_ext.o microblaze_0/lib/microblaze_invalidate_cache_ext_range.o microblaze_0/lib/microblaze_invalidate_dcache.o microblaze_0/
TRACE::2026-06-11.15:29:04::SCWMssOS::lib/microblaze_invalidate_dcache_range.o microblaze_0/lib/microblaze_invalidate_icache.o microblaze_0/lib/microblaze_invalidate
TRACE::2026-06-11.15:29:04::SCWMssOS::_icache_range.o microblaze_0/lib/microblaze_scrub.o microblaze_0/lib/microblaze_selftest.o microblaze_0/lib/microblaze_sleep.o 
TRACE::2026-06-11.15:29:04::SCWMssOS::microblaze_0/lib/microblaze_update_dcache.o microblaze_0/lib/microblaze_update_icache.o microblaze_0/lib/outbyte.o microblaze_0
TRACE::2026-06-11.15:29:04::SCWMssOS::/lib/print.o microblaze_0/lib/pvr.o microblaze_0/lib/xbram.o microblaze_0/lib/xbram_g.o microblaze_0/lib/xbram_intr.o microblaz
TRACE::2026-06-11.15:29:04::SCWMssOS::e_0/lib/xbram_selftest.o microblaze_0/lib/xbram_sinit.o microblaze_0/lib/xgpio.o microblaze_0/lib/xgpio_extra.o microblaze_0/li
TRACE::2026-06-11.15:29:04::SCWMssOS::b/xgpio_g.o microblaze_0/lib/xgpio_intr.o microblaze_0/lib/xgpio_selftest.o microblaze_0/lib/xgpio_sinit.o microblaze_0/lib/xil
TRACE::2026-06-11.15:29:04::SCWMssOS::_assert.o microblaze_0/lib/xil_cache.o microblaze_0/lib/xil_clocking.o microblaze_0/lib/xil_exception.o microblaze_0/lib/xil_me
TRACE::2026-06-11.15:29:04::SCWMssOS::m.o microblaze_0/lib/xil_misc_psreset_api.o microblaze_0/lib/xil_printf.o microblaze_0/lib/xil_sleepcommon.o microblaze_0/lib/x
TRACE::2026-06-11.15:29:04::SCWMssOS::il_testcache.o microblaze_0/lib/xil_testio.o microblaze_0/lib/xil_testmem.o microblaze_0/lib/xil_util.o microblaze_0/lib/xinter
TRACE::2026-06-11.15:29:04::SCWMssOS::rupt_wrap.o microblaze_0/lib/xio.o microblaze_0/lib/xplatform_info.o microblaze_0/lib/xuartlite.o microblaze_0/lib/xuartlite_g.
TRACE::2026-06-11.15:29:04::SCWMssOS::o microblaze_0/lib/xuartlite_intr.o microblaze_0/lib/xuartlite_l.o microblaze_0/lib/xuartlite_selftest.o microblaze_0/lib/xuart
TRACE::2026-06-11.15:29:04::SCWMssOS::lite_sinit.o microblaze_0/lib/xuartlite_stats.o

TRACE::2026-06-11.15:29:04::SCWMssOS::'Finished building libraries'

TRACE::2026-06-11.15:29:04::SCWMssOS:: Checking if to create the Supporting Applications
TRACE::2026-06-11.15:29:04::SCWMssOS:: No Linux domain exists, trying to generate FSBL 
LOG::2026-06-11.15:29:04::SCWSystem::Completed Processing the domain standalone_microblaze_0
LOG::2026-06-11.15:29:04::SCWSystem::Completed Processing the sysconfig servo_wrapper
LOG::2026-06-11.15:29:04::SCWPlatform::Completed generating the artifacts for system configuration servo_wrapper
TRACE::2026-06-11.15:29:04::SCWPlatform::Started preparing the platform 
TRACE::2026-06-11.15:29:04::SCWSystem::Writing the bif file for system config servo_wrapper
TRACE::2026-06-11.15:29:04::SCWSystem::dir created 
TRACE::2026-06-11.15:29:04::SCWSystem::Writing the bif 
TRACE::2026-06-11.15:29:04::SCWPlatform::Started writing the spfm file 
TRACE::2026-06-11.15:29:04::SCWPlatform::Started writing the xpfm file 
TRACE::2026-06-11.15:29:04::SCWPlatform::Completed generating the platform
TRACE::2026-06-11.15:29:04::SCWMssOS::Saving the mss changes D:/vivado_pj/servo_motor_ip_pj/workspace/servo_wrapper/microblaze_0/standalone_microblaze_0/bsp/system.mss
TRACE::2026-06-11.15:29:04::SCWMssOS::Adding the swdes entry, mss present, able to open swdb D:/vivado_pj/servo_motor_ip_pj/workspace/servo_wrapper/microblaze_0/standalone_microblaze_0/bsp/system.mss with des name system
TRACE::2026-06-11.15:29:04::SCWMssOS::Writing the mss file completed D:/vivado_pj/servo_motor_ip_pj/workspace/servo_wrapper/microblaze_0/standalone_microblaze_0/bsp/system.mss
TRACE::2026-06-11.15:29:04::SCWMssOS::Commit changes completed.
TRACE::2026-06-11.15:29:04::SCWPlatform::Trying to open the hw design at D:/vivado_pj/servo_motor_ip_pj/workspace/servo_wrapper/hw/servo_wrapper2.xsa
TRACE::2026-06-11.15:29:04::SCWPlatform::DSA given D:/vivado_pj/servo_motor_ip_pj/workspace/servo_wrapper/hw/servo_wrapper2.xsa
TRACE::2026-06-11.15:29:04::SCWPlatform::DSA absoulate path D:/vivado_pj/servo_motor_ip_pj/workspace/servo_wrapper/hw/servo_wrapper2.xsa
TRACE::2026-06-11.15:29:04::SCWPlatform::DSA directory D:/vivado_pj/servo_motor_ip_pj/workspace/servo_wrapper/hw
TRACE::2026-06-11.15:29:04::SCWPlatform:: Platform Path D:/vivado_pj/servo_motor_ip_pj/workspace/servo_wrapper/hw/servo_wrapper2.xsa
TRACE::2026-06-11.15:29:04::SCWPlatform:: Unique name xilinx:basys3::0.0
TRACE::2026-06-11.15:29:04::SCWPlatform::Trying to set the existing hwdb with name servo_wrapper_4
TRACE::2026-06-11.15:29:04::SCWPlatform::Opened existing hwdb servo_wrapper_4
TRACE::2026-06-11.15:29:04::SCWPlatform::Found the Hw Db part of the input DSA
TRACE::2026-06-11.15:29:04::SCWMssOS::Checking the sw design at  D:/vivado_pj/servo_motor_ip_pj/workspace/servo_wrapper/microblaze_0/standalone_microblaze_0/bsp/system.mss
TRACE::2026-06-11.15:29:04::SCWMssOS::DEBUG:  swdes dump  D:/vivado_pj/servo_motor_ip_pj/workspace/servo_wrapper/microblaze_0/standalone_microblaze_0/bsp/system.mss|system||

TRACE::2026-06-11.15:29:04::SCWMssOS::Sw design exists and opened at  D:/vivado_pj/servo_motor_ip_pj/workspace/servo_wrapper/microblaze_0/standalone_microblaze_0/bsp/system.mss
TRACE::2026-06-11.15:29:04::SCWWriter::formatted JSON is {
	"platformName":	"servo_wrapper",
	"sprVersion":	"2.0",
	"mode":	"gui",
	"dsaType":	"Fixed",
	"platformDesc":	"servo_wrapper",
	"platHandOff":	"D:/vivado_pj/servo_motor_ip_pj/servo_wrapper2.xsa",
	"platIntHandOff":	"<platformDir>/hw/servo_wrapper2.xsa",
	"deviceType":	"FPGA",
	"platIsPrebuiltAutogen":	"false",
	"platIsNoBootBsp":	"false",
	"hasFsblMakeHasChanges":	"false",
	"hasPmufwMakeHasChanges":	"false",
	"platPreBuiltFlag":	false,
	"platformSamplesDir":	"",
	"platActiveSys":	"servo_wrapper",
	"systems":	[{
			"systemName":	"servo_wrapper",
			"systemDesc":	"servo_wrapper",
			"sysIsBootAutoGen":	"true",
			"systemDispName":	"servo_wrapper",
			"sysActiveDom":	"standalone_microblaze_0",
			"sysDefaultDom":	"standalone_microblaze_0",
			"domains":	[{
					"domainName":	"standalone_microblaze_0",
					"domainDispName":	"standalone_microblaze_0",
					"domainDesc":	"standalone_microblaze_0",
					"processors":	"microblaze_0",
					"os":	"standalone",
					"sdxOs":	"standalone",
					"debugEnable":	"False",
					"domRuntimes":	["cpp"],
					"swRepo":	"",
					"mssOsVer":	"8.1",
					"mssFile":	"",
					"md5Digest":	"8655cd928e5087cbb216b5791aa99bac",
					"compatibleApp":	"",
					"domType":	"mssDomain",
					"arch":	"32-bit",
					"appSettings":	{
						"appCompilerFlags":	"",
						"appLinkerFlags":	""
					},
					"addedLibs":	[],
					"libOptions":	{
						"libsContainingOptions":	[]
					},
					"prebuiltLibs":	{
						"prebuiltIncPath":	[],
						"prebuiltLibPath":	[]
					},
					"isolation":	{
					}
				}]
		}]
}
KEYINFO::2026-06-11.15:29:04::SCWPlatform::updated the xpfm file.
TRACE::2026-06-11.15:29:04::SCWPlatform::Trying to open the hw design at D:/vivado_pj/servo_motor_ip_pj/workspace/servo_wrapper/hw/servo_wrapper2.xsa
TRACE::2026-06-11.15:29:04::SCWPlatform::DSA given D:/vivado_pj/servo_motor_ip_pj/workspace/servo_wrapper/hw/servo_wrapper2.xsa
TRACE::2026-06-11.15:29:04::SCWPlatform::DSA absoulate path D:/vivado_pj/servo_motor_ip_pj/workspace/servo_wrapper/hw/servo_wrapper2.xsa
TRACE::2026-06-11.15:29:04::SCWPlatform::DSA directory D:/vivado_pj/servo_motor_ip_pj/workspace/servo_wrapper/hw
TRACE::2026-06-11.15:29:04::SCWPlatform:: Platform Path D:/vivado_pj/servo_motor_ip_pj/workspace/servo_wrapper/hw/servo_wrapper2.xsa
TRACE::2026-06-11.15:29:04::SCWPlatform:: Unique name xilinx:basys3::0.0
TRACE::2026-06-11.15:29:04::SCWPlatform::Trying to set the existing hwdb with name servo_wrapper_4
TRACE::2026-06-11.15:29:04::SCWPlatform::Opened existing hwdb servo_wrapper_4
TRACE::2026-06-11.15:29:04::SCWPlatform::Found the Hw Db part of the input DSA
TRACE::2026-06-11.15:29:04::SCWMssOS::Checking the sw design at  D:/vivado_pj/servo_motor_ip_pj/workspace/servo_wrapper/microblaze_0/standalone_microblaze_0/bsp/system.mss
TRACE::2026-06-11.15:29:04::SCWMssOS::DEBUG:  swdes dump  D:/vivado_pj/servo_motor_ip_pj/workspace/servo_wrapper/microblaze_0/standalone_microblaze_0/bsp/system.mss|system||

TRACE::2026-06-11.15:29:04::SCWMssOS::Sw design exists and opened at  D:/vivado_pj/servo_motor_ip_pj/workspace/servo_wrapper/microblaze_0/standalone_microblaze_0/bsp/system.mss
TRACE::2026-06-11.15:43:13::SCWPlatform::Clearing the existing platform
TRACE::2026-06-11.15:43:13::SCWSystem::Clearing the existing sysconfig
TRACE::2026-06-11.15:43:13::SCWMssOS::Removing the swdes entry for  D:/vivado_pj/servo_motor_ip_pj/workspace/servo_wrapper/microblaze_0/standalone_microblaze_0/bsp/system.mss
TRACE::2026-06-11.15:43:13::SCWSystem::Clearing the domains completed.
TRACE::2026-06-11.15:43:13::SCWPlatform::Clearing the opened hw db.
TRACE::2026-06-11.15:43:13::SCWPlatform::DSA given D:/vivado_pj/servo_motor_ip_pj/workspace/servo_wrapper/hw/servo_wrapper2.xsa
TRACE::2026-06-11.15:43:13::SCWPlatform::DSA absoulate path D:/vivado_pj/servo_motor_ip_pj/workspace/servo_wrapper/hw/servo_wrapper2.xsa
TRACE::2026-06-11.15:43:13::SCWPlatform:: Platform location is D:/vivado_pj/servo_motor_ip_pj/workspace/servo_wrapper/hw
TRACE::2026-06-11.15:43:13::SCWPlatform:: Platform Path D:/vivado_pj/servo_motor_ip_pj/workspace/servo_wrapper/hw/servo_wrapper2.xsa
TRACE::2026-06-11.15:43:13::SCWPlatform:: Unique name xilinx:basys3::0.0
TRACE::2026-06-11.15:43:13::SCWPlatform::Removing the HwDB with name D:/vivado_pj/servo_motor_ip_pj/workspace/servo_wrapper/hw/servo_wrapper2.xsa
TRACE::2026-06-11.15:43:13::SCWPlatform::Trying to open the hw design at D:/vivado_pj/servo_motor_ip_pj/workspace/servo_wrapper/hw/servo_wrapper2.xsa
TRACE::2026-06-11.15:43:13::SCWPlatform::DSA given D:/vivado_pj/servo_motor_ip_pj/workspace/servo_wrapper/hw/servo_wrapper2.xsa
TRACE::2026-06-11.15:43:13::SCWPlatform::DSA absoulate path D:/vivado_pj/servo_motor_ip_pj/workspace/servo_wrapper/hw/servo_wrapper2.xsa
TRACE::2026-06-11.15:43:13::SCWPlatform::DSA directory D:/vivado_pj/servo_motor_ip_pj/workspace/servo_wrapper/hw
TRACE::2026-06-11.15:43:13::SCWPlatform:: Platform Path D:/vivado_pj/servo_motor_ip_pj/workspace/servo_wrapper/hw/servo_wrapper2.xsa
TRACE::2026-06-11.15:43:13::SCWPlatform:: Unique name xilinx:basys3::0.0
TRACE::2026-06-11.15:43:13::SCWPlatform::Do not have an existing db opened. 
TRACE::2026-06-11.15:43:13::SCWPlatform::Opened new HwDB with name servo_wrapper_6
TRACE::2026-06-11.15:43:13::SCWReader::Active system found as  servo_wrapper
TRACE::2026-06-11.15:43:13::SCWReader::Handling sysconfig servo_wrapper
TRACE::2026-06-11.15:43:13::SCWDomain::checking for install qemu data   : 
TRACE::2026-06-11.15:43:13::SCWPlatform::Trying to open the hw design at D:/vivado_pj/servo_motor_ip_pj/workspace/servo_wrapper/hw/servo_wrapper2.xsa
TRACE::2026-06-11.15:43:13::SCWPlatform::DSA given D:/vivado_pj/servo_motor_ip_pj/workspace/servo_wrapper/hw/servo_wrapper2.xsa
TRACE::2026-06-11.15:43:13::SCWPlatform::DSA absoulate path D:/vivado_pj/servo_motor_ip_pj/workspace/servo_wrapper/hw/servo_wrapper2.xsa
TRACE::2026-06-11.15:43:13::SCWPlatform::DSA directory D:/vivado_pj/servo_motor_ip_pj/workspace/servo_wrapper/hw
TRACE::2026-06-11.15:43:13::SCWPlatform:: Platform Path D:/vivado_pj/servo_motor_ip_pj/workspace/servo_wrapper/hw/servo_wrapper2.xsa
TRACE::2026-06-11.15:43:13::SCWPlatform:: Unique name xilinx:basys3::0.0
TRACE::2026-06-11.15:43:13::SCWPlatform::Trying to set the existing hwdb with name servo_wrapper_6
TRACE::2026-06-11.15:43:13::SCWPlatform::Opened existing hwdb servo_wrapper_6
TRACE::2026-06-11.15:43:13::SCWPlatform::Found the Hw Db part of the input DSA
TRACE::2026-06-11.15:43:13::SCWPlatform::Trying to open the hw design at D:/vivado_pj/servo_motor_ip_pj/workspace/servo_wrapper/hw/servo_wrapper2.xsa
TRACE::2026-06-11.15:43:13::SCWPlatform::DSA given D:/vivado_pj/servo_motor_ip_pj/workspace/servo_wrapper/hw/servo_wrapper2.xsa
TRACE::2026-06-11.15:43:13::SCWPlatform::DSA absoulate path D:/vivado_pj/servo_motor_ip_pj/workspace/servo_wrapper/hw/servo_wrapper2.xsa
TRACE::2026-06-11.15:43:13::SCWPlatform::DSA directory D:/vivado_pj/servo_motor_ip_pj/workspace/servo_wrapper/hw
TRACE::2026-06-11.15:43:13::SCWPlatform:: Platform Path D:/vivado_pj/servo_motor_ip_pj/workspace/servo_wrapper/hw/servo_wrapper2.xsa
TRACE::2026-06-11.15:43:13::SCWPlatform:: Unique name xilinx:basys3::0.0
TRACE::2026-06-11.15:43:13::SCWPlatform::Trying to set the existing hwdb with name servo_wrapper_6
TRACE::2026-06-11.15:43:13::SCWPlatform::Opened existing hwdb servo_wrapper_6
TRACE::2026-06-11.15:43:13::SCWPlatform::Found the Hw Db part of the input DSA
TRACE::2026-06-11.15:43:13::SCWPlatform::Trying to open the hw design at D:/vivado_pj/servo_motor_ip_pj/workspace/servo_wrapper/hw/servo_wrapper2.xsa
TRACE::2026-06-11.15:43:13::SCWPlatform::DSA given D:/vivado_pj/servo_motor_ip_pj/workspace/servo_wrapper/hw/servo_wrapper2.xsa
TRACE::2026-06-11.15:43:13::SCWPlatform::DSA absoulate path D:/vivado_pj/servo_motor_ip_pj/workspace/servo_wrapper/hw/servo_wrapper2.xsa
TRACE::2026-06-11.15:43:13::SCWPlatform::DSA directory D:/vivado_pj/servo_motor_ip_pj/workspace/servo_wrapper/hw
TRACE::2026-06-11.15:43:13::SCWPlatform:: Platform Path D:/vivado_pj/servo_motor_ip_pj/workspace/servo_wrapper/hw/servo_wrapper2.xsa
TRACE::2026-06-11.15:43:13::SCWPlatform:: Unique name xilinx:basys3::0.0
TRACE::2026-06-11.15:43:13::SCWPlatform::Trying to set the existing hwdb with name servo_wrapper_6
TRACE::2026-06-11.15:43:13::SCWPlatform::Opened existing hwdb servo_wrapper_6
TRACE::2026-06-11.15:43:13::SCWPlatform::Found the Hw Db part of the input DSA
TRACE::2026-06-11.15:43:13::SCWPlatform::Trying to open the hw design at D:/vivado_pj/servo_motor_ip_pj/workspace/servo_wrapper/hw/servo_wrapper2.xsa
TRACE::2026-06-11.15:43:13::SCWPlatform::DSA given D:/vivado_pj/servo_motor_ip_pj/workspace/servo_wrapper/hw/servo_wrapper2.xsa
TRACE::2026-06-11.15:43:13::SCWPlatform::DSA absoulate path D:/vivado_pj/servo_motor_ip_pj/workspace/servo_wrapper/hw/servo_wrapper2.xsa
TRACE::2026-06-11.15:43:13::SCWPlatform::DSA directory D:/vivado_pj/servo_motor_ip_pj/workspace/servo_wrapper/hw
TRACE::2026-06-11.15:43:13::SCWPlatform:: Platform Path D:/vivado_pj/servo_motor_ip_pj/workspace/servo_wrapper/hw/servo_wrapper2.xsa
TRACE::2026-06-11.15:43:13::SCWPlatform:: Unique name xilinx:basys3::0.0
TRACE::2026-06-11.15:43:13::SCWPlatform::Trying to set the existing hwdb with name servo_wrapper_6
TRACE::2026-06-11.15:43:13::SCWPlatform::Opened existing hwdb servo_wrapper_6
TRACE::2026-06-11.15:43:13::SCWPlatform::Found the Hw Db part of the input DSA
TRACE::2026-06-11.15:43:13::SCWMssOS::Checking the sw design at  D:/vivado_pj/servo_motor_ip_pj/workspace/servo_wrapper/microblaze_0/standalone_microblaze_0/bsp/system.mss
TRACE::2026-06-11.15:43:13::SCWMssOS::DEBUG:  swdes dump  
TRACE::2026-06-11.15:43:13::SCWMssOS::No sw design opened at  D:/vivado_pj/servo_motor_ip_pj/workspace/servo_wrapper/microblaze_0/standalone_microblaze_0/bsp/system.mss
TRACE::2026-06-11.15:43:13::SCWMssOS::mss exists loading the mss file  D:/vivado_pj/servo_motor_ip_pj/workspace/servo_wrapper/microblaze_0/standalone_microblaze_0/bsp/system.mss
TRACE::2026-06-11.15:43:13::SCWMssOS::Opened the sw design from mss  D:/vivado_pj/servo_motor_ip_pj/workspace/servo_wrapper/microblaze_0/standalone_microblaze_0/bsp/system.mss
TRACE::2026-06-11.15:43:13::SCWMssOS::Adding the swdes entry D:/vivado_pj/servo_motor_ip_pj/workspace/servo_wrapper/microblaze_0/standalone_microblaze_0/bsp/system.mss with des name system
TRACE::2026-06-11.15:43:13::SCWMssOS::updating the scw layer about changes
TRACE::2026-06-11.15:43:13::SCWMssOS::Opened the sw design.  D:/vivado_pj/servo_motor_ip_pj/workspace/servo_wrapper/microblaze_0/standalone_microblaze_0/bsp/system.mss
TRACE::2026-06-11.15:43:13::SCWMssOS::Saving the mss changes D:/vivado_pj/servo_motor_ip_pj/workspace/servo_wrapper/microblaze_0/standalone_microblaze_0/bsp/system.mss
TRACE::2026-06-11.15:43:13::SCWMssOS::Found a swdesign opened with the mssfile.
TRACE::2026-06-11.15:43:13::SCWMssOS::Completed writemss as part of save.
TRACE::2026-06-11.15:43:13::SCWMssOS::Commit changes completed.
TRACE::2026-06-11.15:43:13::SCWReader::Adding prebuilt librarypaths as   
TRACE::2026-06-11.15:43:13::SCWReader::Adding prebuilt incpaths  as   
TRACE::2026-06-11.15:43:13::SCWPlatform::Trying to open the hw design at D:/vivado_pj/servo_motor_ip_pj/workspace/servo_wrapper/hw/servo_wrapper2.xsa
TRACE::2026-06-11.15:43:13::SCWPlatform::DSA given D:/vivado_pj/servo_motor_ip_pj/workspace/servo_wrapper/hw/servo_wrapper2.xsa
TRACE::2026-06-11.15:43:13::SCWPlatform::DSA absoulate path D:/vivado_pj/servo_motor_ip_pj/workspace/servo_wrapper/hw/servo_wrapper2.xsa
TRACE::2026-06-11.15:43:13::SCWPlatform::DSA directory D:/vivado_pj/servo_motor_ip_pj/workspace/servo_wrapper/hw
TRACE::2026-06-11.15:43:13::SCWPlatform:: Platform Path D:/vivado_pj/servo_motor_ip_pj/workspace/servo_wrapper/hw/servo_wrapper2.xsa
TRACE::2026-06-11.15:43:13::SCWPlatform:: Unique name xilinx:basys3::0.0
TRACE::2026-06-11.15:43:13::SCWPlatform::Trying to set the existing hwdb with name servo_wrapper_6
TRACE::2026-06-11.15:43:13::SCWPlatform::Opened existing hwdb servo_wrapper_6
TRACE::2026-06-11.15:43:13::SCWPlatform::Found the Hw Db part of the input DSA
TRACE::2026-06-11.15:43:13::SCWMssOS::Checking the sw design at  D:/vivado_pj/servo_motor_ip_pj/workspace/servo_wrapper/microblaze_0/standalone_microblaze_0/bsp/system.mss
TRACE::2026-06-11.15:43:13::SCWMssOS::DEBUG:  swdes dump  D:/vivado_pj/servo_motor_ip_pj/workspace/servo_wrapper/microblaze_0/standalone_microblaze_0/bsp/system.mss|system||

TRACE::2026-06-11.15:43:13::SCWMssOS::Sw design exists and opened at  D:/vivado_pj/servo_motor_ip_pj/workspace/servo_wrapper/microblaze_0/standalone_microblaze_0/bsp/system.mss
TRACE::2026-06-11.15:43:13::SCWReader::No isolation master present  
TRACE::2026-06-11.15:43:17::SCWPlatform::DSA given D:/vivado_pj/servo_motor_ip_pj/workspace/servo_wrapper/tempdsa/servo_wrapper3.xsa
TRACE::2026-06-11.15:43:17::SCWPlatform::DSA absoulate path D:/vivado_pj/servo_motor_ip_pj/workspace/servo_wrapper/tempdsa/servo_wrapper3.xsa
TRACE::2026-06-11.15:43:17::SCWPlatform:: Platform location is D:/vivado_pj/servo_motor_ip_pj/workspace/servo_wrapper/tempdsa
TRACE::2026-06-11.15:43:17::SCWPlatform:: Platform Path D:/vivado_pj/servo_motor_ip_pj/workspace/servo_wrapper/tempdsa/servo_wrapper3.xsa
TRACE::2026-06-11.15:43:17::SCWPlatform:: Unique name xilinx:basys3::0.0
TRACE::2026-06-11.15:43:17::SCWPlatform::Found the Hw Db part of the input DSA
TRACE::2026-06-11.15:43:17::SCWMssOS::Doing hw sync for the mss in domain: standalone_microblaze_0
TRACE::2026-06-11.15:43:17::SCWPlatform::Trying to open the hw design at D:/vivado_pj/servo_motor_ip_pj/workspace/servo_wrapper/hw/servo_wrapper2.xsa
TRACE::2026-06-11.15:43:17::SCWPlatform::DSA given D:/vivado_pj/servo_motor_ip_pj/workspace/servo_wrapper/hw/servo_wrapper2.xsa
TRACE::2026-06-11.15:43:17::SCWPlatform::DSA absoulate path D:/vivado_pj/servo_motor_ip_pj/workspace/servo_wrapper/hw/servo_wrapper2.xsa
TRACE::2026-06-11.15:43:17::SCWPlatform::DSA directory D:/vivado_pj/servo_motor_ip_pj/workspace/servo_wrapper/hw
TRACE::2026-06-11.15:43:17::SCWPlatform:: Platform Path D:/vivado_pj/servo_motor_ip_pj/workspace/servo_wrapper/hw/servo_wrapper2.xsa
TRACE::2026-06-11.15:43:17::SCWPlatform:: Unique name xilinx:basys3::0.0
TRACE::2026-06-11.15:43:17::SCWPlatform::Trying to set the existing hwdb with name servo_wrapper_6
TRACE::2026-06-11.15:43:17::SCWPlatform::Opened existing hwdb servo_wrapper_6
TRACE::2026-06-11.15:43:17::SCWPlatform::Found the Hw Db part of the input DSA
TRACE::2026-06-11.15:43:17::SCWPlatform::Trying to open the hw design at D:/vivado_pj/servo_motor_ip_pj/workspace/servo_wrapper/hw/servo_wrapper2.xsa
TRACE::2026-06-11.15:43:17::SCWPlatform::DSA given D:/vivado_pj/servo_motor_ip_pj/workspace/servo_wrapper/hw/servo_wrapper2.xsa
TRACE::2026-06-11.15:43:17::SCWPlatform::DSA absoulate path D:/vivado_pj/servo_motor_ip_pj/workspace/servo_wrapper/hw/servo_wrapper2.xsa
TRACE::2026-06-11.15:43:17::SCWPlatform::DSA directory D:/vivado_pj/servo_motor_ip_pj/workspace/servo_wrapper/hw
TRACE::2026-06-11.15:43:17::SCWPlatform:: Platform Path D:/vivado_pj/servo_motor_ip_pj/workspace/servo_wrapper/hw/servo_wrapper2.xsa
TRACE::2026-06-11.15:43:17::SCWPlatform:: Unique name xilinx:basys3::0.0
TRACE::2026-06-11.15:43:17::SCWPlatform::Trying to set the existing hwdb with name servo_wrapper_6
TRACE::2026-06-11.15:43:17::SCWPlatform::Opened existing hwdb servo_wrapper_6
TRACE::2026-06-11.15:43:17::SCWPlatform::Found the Hw Db part of the input DSA
TRACE::2026-06-11.15:43:17::SCWMssOS::Checking the sw design at  D:/vivado_pj/servo_motor_ip_pj/workspace/servo_wrapper/microblaze_0/standalone_microblaze_0/bsp/system.mss
TRACE::2026-06-11.15:43:17::SCWMssOS::DEBUG:  swdes dump  D:/vivado_pj/servo_motor_ip_pj/workspace/servo_wrapper/microblaze_0/standalone_microblaze_0/bsp/system.mss|system||

TRACE::2026-06-11.15:43:17::SCWMssOS::Sw design exists and opened at  D:/vivado_pj/servo_motor_ip_pj/workspace/servo_wrapper/microblaze_0/standalone_microblaze_0/bsp/system.mss
TRACE::2026-06-11.15:43:17::SCWPlatform::Trying to open the hw design at D:/vivado_pj/servo_motor_ip_pj/workspace/servo_wrapper/tempdsa/servo_wrapper3.xsa
TRACE::2026-06-11.15:43:17::SCWPlatform::DSA given D:/vivado_pj/servo_motor_ip_pj/workspace/servo_wrapper/tempdsa/servo_wrapper3.xsa
TRACE::2026-06-11.15:43:17::SCWPlatform::DSA absoulate path D:/vivado_pj/servo_motor_ip_pj/workspace/servo_wrapper/tempdsa/servo_wrapper3.xsa
TRACE::2026-06-11.15:43:17::SCWPlatform::DSA directory D:/vivado_pj/servo_motor_ip_pj/workspace/servo_wrapper/tempdsa
TRACE::2026-06-11.15:43:17::SCWPlatform:: Platform Path D:/vivado_pj/servo_motor_ip_pj/workspace/servo_wrapper/tempdsa/servo_wrapper3.xsa
TRACE::2026-06-11.15:43:17::SCWPlatform:: Unique name xilinx:basys3::0.0
TRACE::2026-06-11.15:43:17::SCWPlatform::update - Opened existing hwdb servo_wrapper_7
TRACE::2026-06-11.15:43:17::SCWPlatform::Found the Hw Db part of the input DSA
TRACE::2026-06-11.15:43:17::SCWMssOS::Saving the mss changes D:/vivado_pj/servo_motor_ip_pj/workspace/servo_wrapper/microblaze_0/standalone_microblaze_0/bsp/system.mss
TRACE::2026-06-11.15:43:17::SCWMssOS::Found a swdesign opened with the mssfile.
TRACE::2026-06-11.15:43:17::SCWMssOS::Completed writemss as part of save.
TRACE::2026-06-11.15:43:17::SCWMssOS::Commit changes completed.
TRACE::2026-06-11.15:43:17::SCWMssOS::Completed hw sync for the mss in domain: standalone_microblaze_0
TRACE::2026-06-11.15:43:17::SCWMssOS::Removing the swdes entry for  D:/vivado_pj/servo_motor_ip_pj/workspace/servo_wrapper/microblaze_0/standalone_microblaze_0/bsp/system.mss
TRACE::2026-06-11.15:43:17::SCWPlatform::Trying to open the hw design at D:/vivado_pj/servo_motor_ip_pj/workspace/servo_wrapper/hw/servo_wrapper3.xsa
TRACE::2026-06-11.15:43:17::SCWPlatform::DSA given D:/vivado_pj/servo_motor_ip_pj/workspace/servo_wrapper/hw/servo_wrapper3.xsa
TRACE::2026-06-11.15:43:17::SCWPlatform::DSA absoulate path D:/vivado_pj/servo_motor_ip_pj/workspace/servo_wrapper/hw/servo_wrapper3.xsa
TRACE::2026-06-11.15:43:17::SCWPlatform::DSA directory D:/vivado_pj/servo_motor_ip_pj/workspace/servo_wrapper/hw
TRACE::2026-06-11.15:43:17::SCWPlatform:: Platform Path D:/vivado_pj/servo_motor_ip_pj/workspace/servo_wrapper/hw/servo_wrapper3.xsa
TRACE::2026-06-11.15:43:17::SCWPlatform:: Unique name xilinx:basys3::0.0
TRACE::2026-06-11.15:43:17::SCWPlatform::Do not have an existing db opened. 
TRACE::2026-06-11.15:43:18::SCWPlatform::Opened new HwDB with name servo_wrapper_8
TRACE::2026-06-11.15:43:18::SCWMssOS::Saving the mss changes D:/vivado_pj/servo_motor_ip_pj/workspace/servo_wrapper/microblaze_0/standalone_microblaze_0/bsp/system.mss
TRACE::2026-06-11.15:43:18::SCWMssOS::Adding the swdes entry, mss present, able to open swdb D:/vivado_pj/servo_motor_ip_pj/workspace/servo_wrapper/microblaze_0/standalone_microblaze_0/bsp/system.mss with des name system
TRACE::2026-06-11.15:43:18::SCWMssOS::Writing the mss file completed D:/vivado_pj/servo_motor_ip_pj/workspace/servo_wrapper/microblaze_0/standalone_microblaze_0/bsp/system.mss
TRACE::2026-06-11.15:43:18::SCWMssOS::Commit changes completed.
TRACE::2026-06-11.15:43:18::SCWPlatform::Trying to open the hw design at D:/vivado_pj/servo_motor_ip_pj/workspace/servo_wrapper/hw/servo_wrapper3.xsa
TRACE::2026-06-11.15:43:18::SCWPlatform::DSA given D:/vivado_pj/servo_motor_ip_pj/workspace/servo_wrapper/hw/servo_wrapper3.xsa
TRACE::2026-06-11.15:43:18::SCWPlatform::DSA absoulate path D:/vivado_pj/servo_motor_ip_pj/workspace/servo_wrapper/hw/servo_wrapper3.xsa
TRACE::2026-06-11.15:43:18::SCWPlatform::DSA directory D:/vivado_pj/servo_motor_ip_pj/workspace/servo_wrapper/hw
TRACE::2026-06-11.15:43:18::SCWPlatform:: Platform Path D:/vivado_pj/servo_motor_ip_pj/workspace/servo_wrapper/hw/servo_wrapper3.xsa
TRACE::2026-06-11.15:43:18::SCWPlatform:: Unique name xilinx:basys3::0.0
TRACE::2026-06-11.15:43:18::SCWPlatform::Trying to set the existing hwdb with name servo_wrapper_8
TRACE::2026-06-11.15:43:18::SCWPlatform::Opened existing hwdb servo_wrapper_8
TRACE::2026-06-11.15:43:18::SCWPlatform::Found the Hw Db part of the input DSA
TRACE::2026-06-11.15:43:18::SCWMssOS::Checking the sw design at  D:/vivado_pj/servo_motor_ip_pj/workspace/servo_wrapper/microblaze_0/standalone_microblaze_0/bsp/system.mss
TRACE::2026-06-11.15:43:18::SCWMssOS::DEBUG:  swdes dump  D:/vivado_pj/servo_motor_ip_pj/workspace/servo_wrapper/microblaze_0/standalone_microblaze_0/bsp/system.mss|system||

TRACE::2026-06-11.15:43:18::SCWMssOS::Sw design exists and opened at  D:/vivado_pj/servo_motor_ip_pj/workspace/servo_wrapper/microblaze_0/standalone_microblaze_0/bsp/system.mss
TRACE::2026-06-11.15:43:18::SCWWriter::formatted JSON is {
	"platformName":	"servo_wrapper",
	"sprVersion":	"2.0",
	"mode":	"gui",
	"dsaType":	"Fixed",
	"platformDesc":	"servo_wrapper",
	"platHandOff":	"D:/vivado_pj/servo_motor_ip_pj/servo_wrapper3.xsa",
	"platIntHandOff":	"<platformDir>/hw/servo_wrapper3.xsa",
	"deviceType":	"FPGA",
	"platIsPrebuiltAutogen":	"false",
	"platIsNoBootBsp":	"false",
	"hasFsblMakeHasChanges":	"false",
	"hasPmufwMakeHasChanges":	"false",
	"platPreBuiltFlag":	false,
	"platformSamplesDir":	"",
	"platActiveSys":	"servo_wrapper",
	"systems":	[{
			"systemName":	"servo_wrapper",
			"systemDesc":	"servo_wrapper",
			"sysIsBootAutoGen":	"true",
			"systemDispName":	"servo_wrapper",
			"sysActiveDom":	"standalone_microblaze_0",
			"sysDefaultDom":	"standalone_microblaze_0",
			"domains":	[{
					"domainName":	"standalone_microblaze_0",
					"domainDispName":	"standalone_microblaze_0",
					"domainDesc":	"standalone_microblaze_0",
					"processors":	"microblaze_0",
					"os":	"standalone",
					"sdxOs":	"standalone",
					"debugEnable":	"False",
					"domRuntimes":	["cpp"],
					"swRepo":	"",
					"mssOsVer":	"8.1",
					"mssFile":	"",
					"md5Digest":	"8655cd928e5087cbb216b5791aa99bac1",
					"compatibleApp":	"",
					"domType":	"mssDomain",
					"arch":	"32-bit",
					"appSettings":	{
						"appCompilerFlags":	"",
						"appLinkerFlags":	""
					},
					"addedLibs":	[],
					"libOptions":	{
						"libsContainingOptions":	[]
					},
					"prebuiltLibs":	{
						"prebuiltIncPath":	[],
						"prebuiltLibPath":	[]
					},
					"isolation":	{
					}
				}]
		}]
}
TRACE::2026-06-11.15:43:28::SCWMssOS::cleaning the bsp 
TRACE::2026-06-11.15:43:28::SCWMssOS::System Command Ran  D: & cd  D:/vivado_pj/servo_motor_ip_pj/workspace/servo_wrapper/microblaze_0/standalone_microblaze_0/bsp & make clean 
TRACE::2026-06-11.15:43:28::SCWMssOS::make -C microblaze_0/libsrc/bram_v4_8/src -s clean 

TRACE::2026-06-11.15:43:28::SCWMssOS::make -C microblaze_0/libsrc/cpu_v2_17/src -s clean 

TRACE::2026-06-11.15:43:28::SCWMssOS::make -C microblaze_0/libsrc/gpio_v4_9/src -s clean 

TRACE::2026-06-11.15:43:28::SCWMssOS::make -C microblaze_0/libsrc/standalone_v8_1/src -s clean 

TRACE::2026-06-11.15:43:28::SCWMssOS::make -C microblaze_0/libsrc/uartlite_v3_8/src -s clean 

TRACE::2026-06-11.15:43:28::SCWMssOS::rm -f microblaze_0/lib/libxil.a

LOG::2026-06-11.15:43:34::SCWPlatform::Started generating the artifacts platform servo_wrapper
TRACE::2026-06-11.15:43:34::SCWPlatform::Sanity checking of platform is completed
LOG::2026-06-11.15:43:34::SCWPlatform::Started generating the artifacts for system configuration servo_wrapper
LOG::2026-06-11.15:43:34::SCWSystem::Checking the domain standalone_microblaze_0
LOG::2026-06-11.15:43:34::SCWSystem::Not a boot domain 
LOG::2026-06-11.15:43:34::SCWSystem::Started Processing the domain standalone_microblaze_0
TRACE::2026-06-11.15:43:34::SCWDomain::Generating domain artifcats
TRACE::2026-06-11.15:43:34::SCWMssOS::Generating standalone artifcats
TRACE::2026-06-11.15:43:34::SCWMssOS:: Copying the user libraries. 
TRACE::2026-06-11.15:43:34::SCWPlatform::Trying to open the hw design at D:/vivado_pj/servo_motor_ip_pj/workspace/servo_wrapper/hw/servo_wrapper3.xsa
TRACE::2026-06-11.15:43:34::SCWPlatform::DSA given D:/vivado_pj/servo_motor_ip_pj/workspace/servo_wrapper/hw/servo_wrapper3.xsa
TRACE::2026-06-11.15:43:34::SCWPlatform::DSA absoulate path D:/vivado_pj/servo_motor_ip_pj/workspace/servo_wrapper/hw/servo_wrapper3.xsa
TRACE::2026-06-11.15:43:34::SCWPlatform::DSA directory D:/vivado_pj/servo_motor_ip_pj/workspace/servo_wrapper/hw
TRACE::2026-06-11.15:43:34::SCWPlatform:: Platform Path D:/vivado_pj/servo_motor_ip_pj/workspace/servo_wrapper/hw/servo_wrapper3.xsa
TRACE::2026-06-11.15:43:34::SCWPlatform:: Unique name xilinx:basys3::0.0
TRACE::2026-06-11.15:43:34::SCWPlatform::Trying to set the existing hwdb with name servo_wrapper_8
TRACE::2026-06-11.15:43:34::SCWPlatform::Opened existing hwdb servo_wrapper_8
TRACE::2026-06-11.15:43:34::SCWPlatform::Found the Hw Db part of the input DSA
TRACE::2026-06-11.15:43:34::SCWMssOS::Checking the sw design at  D:/vivado_pj/servo_motor_ip_pj/workspace/servo_wrapper/microblaze_0/standalone_microblaze_0/bsp/system.mss
TRACE::2026-06-11.15:43:34::SCWMssOS::DEBUG:  swdes dump  D:/vivado_pj/servo_motor_ip_pj/workspace/servo_wrapper/microblaze_0/standalone_microblaze_0/bsp/system.mss|system||

TRACE::2026-06-11.15:43:34::SCWMssOS::Sw design exists and opened at  D:/vivado_pj/servo_motor_ip_pj/workspace/servo_wrapper/microblaze_0/standalone_microblaze_0/bsp/system.mss
TRACE::2026-06-11.15:43:34::SCWMssOS::Completed writing the mss file at D:/vivado_pj/servo_motor_ip_pj/workspace/servo_wrapper/microblaze_0/standalone_microblaze_0/bsp
TRACE::2026-06-11.15:43:34::SCWMssOS::Mss edits present, copying mssfile into export location D:/vivado_pj/servo_motor_ip_pj/workspace/servo_wrapper/microblaze_0/standalone_microblaze_0/bsp/system.mss
TRACE::2026-06-11.15:43:34::SCWMssOS::bsp generated is stale removing and regenerating. 
TRACE::2026-06-11.15:43:35::SCWMssOS::doing bsp build ... 
TRACE::2026-06-11.15:43:35::SCWMssOS::System Command Ran  D: & cd  D:/vivado_pj/servo_motor_ip_pj/workspace/servo_wrapper/microblaze_0/standalone_microblaze_0/bsp & make 
TRACE::2026-06-11.15:43:35::SCWMssOS::make --no-print-directory seq_libs

TRACE::2026-06-11.15:43:35::SCWMssOS::'Finished building libraries sequentially.'

TRACE::2026-06-11.15:43:35::SCWMssOS::make -j 18 --no-print-directory par_libs

TRACE::2026-06-11.15:43:35::SCWMssOS::"Running Make include in microblaze_0/libsrc/bram_v4_8/src"

TRACE::2026-06-11.15:43:35::SCWMssOS::make -C microblaze_0/libsrc/bram_v4_8/src -s include  "SHELL=CMD" "COMPILER=mb-gcc" "ASSEMBLER=mb-as" "ARCHIVER=mb-ar" "COMPILE
TRACE::2026-06-11.15:43:35::SCWMssOS::R_FLAGS=  -O2 -c -mcpu=v11.0 -mlittle-endian -mxl-soft-mul" "EXTRA_COMPILER_FLAGS=-g -ffunction-sections -fdata-sections -Wall 
TRACE::2026-06-11.15:43:35::SCWMssOS::-Wextra -fno-tree-loop-distribute-patterns"

TRACE::2026-06-11.15:43:35::SCWMssOS::"Running Make include in microblaze_0/libsrc/cpu_v2_17/src"

TRACE::2026-06-11.15:43:35::SCWMssOS::make -C microblaze_0/libsrc/cpu_v2_17/src -s include  "SHELL=CMD" "COMPILER=mb-gcc" "ASSEMBLER=mb-as" "ARCHIVER=mb-ar" "COMPILE
TRACE::2026-06-11.15:43:35::SCWMssOS::R_FLAGS=  -O2 -c -mcpu=v11.0 -mlittle-endian -mxl-soft-mul" "EXTRA_COMPILER_FLAGS=-g -ffunction-sections -fdata-sections -Wall 
TRACE::2026-06-11.15:43:35::SCWMssOS::-Wextra -fno-tree-loop-distribute-patterns"

TRACE::2026-06-11.15:43:35::SCWMssOS::"Running Make include in microblaze_0/libsrc/gpio_v4_9/src"

TRACE::2026-06-11.15:43:35::SCWMssOS::make -C microblaze_0/libsrc/gpio_v4_9/src -s include  "SHELL=CMD" "COMPILER=mb-gcc" "ASSEMBLER=mb-as" "ARCHIVER=mb-ar" "COMPILE
TRACE::2026-06-11.15:43:35::SCWMssOS::R_FLAGS=  -O2 -c -mcpu=v11.0 -mlittle-endian -mxl-soft-mul" "EXTRA_COMPILER_FLAGS=-g -ffunction-sections -fdata-sections -Wall 
TRACE::2026-06-11.15:43:35::SCWMssOS::-Wextra -fno-tree-loop-distribute-patterns"

TRACE::2026-06-11.15:43:35::SCWMssOS::"Running Make include in microblaze_0/libsrc/standalone_v8_1/src"

TRACE::2026-06-11.15:43:35::SCWMssOS::make -C microblaze_0/libsrc/standalone_v8_1/src -s include  "SHELL=CMD" "COMPILER=mb-gcc" "ASSEMBLER=mb-as" "ARCHIVER=mb-ar" "C
TRACE::2026-06-11.15:43:35::SCWMssOS::OMPILER_FLAGS=  -O2 -c -mcpu=v11.0 -mlittle-endian -mxl-soft-mul" "EXTRA_COMPILER_FLAGS=-g -ffunction-sections -fdata-sections 
TRACE::2026-06-11.15:43:35::SCWMssOS::-Wall -Wextra -fno-tree-loop-distribute-patterns"

TRACE::2026-06-11.15:43:35::SCWMssOS::"Running Make include in microblaze_0/libsrc/uartlite_v3_8/src"

TRACE::2026-06-11.15:43:35::SCWMssOS::make -C microblaze_0/libsrc/uartlite_v3_8/src -s include  "SHELL=CMD" "COMPILER=mb-gcc" "ASSEMBLER=mb-as" "ARCHIVER=mb-ar" "COM
TRACE::2026-06-11.15:43:35::SCWMssOS::PILER_FLAGS=  -O2 -c -mcpu=v11.0 -mlittle-endian -mxl-soft-mul" "EXTRA_COMPILER_FLAGS=-g -ffunction-sections -fdata-sections -W
TRACE::2026-06-11.15:43:35::SCWMssOS::all -Wextra -fno-tree-loop-distribute-patterns"

TRACE::2026-06-11.15:43:35::SCWMssOS::"Running Make libs in microblaze_0/libsrc/bram_v4_8/src"

TRACE::2026-06-11.15:43:35::SCWMssOS::make -C microblaze_0/libsrc/bram_v4_8/src -s libs  "SHELL=CMD" "COMPILER=mb-gcc" "ASSEMBLER=mb-as" "ARCHIVER=mb-ar" "COMPILER_F
TRACE::2026-06-11.15:43:35::SCWMssOS::LAGS=  -O2 -c -mcpu=v11.0 -mlittle-endian -mxl-soft-mul" "EXTRA_COMPILER_FLAGS=-g -ffunction-sections -fdata-sections -Wall -We
TRACE::2026-06-11.15:43:35::SCWMssOS::xtra -fno-tree-loop-distribute-patterns"

TRACE::2026-06-11.15:43:35::SCWMssOS::"Running Make libs in microblaze_0/libsrc/cpu_v2_17/src"

TRACE::2026-06-11.15:43:35::SCWMssOS::make -C microblaze_0/libsrc/cpu_v2_17/src -s libs  "SHELL=CMD" "COMPILER=mb-gcc" "ASSEMBLER=mb-as" "ARCHIVER=mb-ar" "COMPILER_F
TRACE::2026-06-11.15:43:35::SCWMssOS::LAGS=  -O2 -c -mcpu=v11.0 -mlittle-endian -mxl-soft-mul" "EXTRA_COMPILER_FLAGS=-g -ffunction-sections -fdata-sections -Wall -We
TRACE::2026-06-11.15:43:35::SCWMssOS::xtra -fno-tree-loop-distribute-patterns"

TRACE::2026-06-11.15:43:35::SCWMssOS::"Running Make libs in microblaze_0/libsrc/gpio_v4_9/src"

TRACE::2026-06-11.15:43:35::SCWMssOS::make -C microblaze_0/libsrc/gpio_v4_9/src -s libs  "SHELL=CMD" "COMPILER=mb-gcc" "ASSEMBLER=mb-as" "ARCHIVER=mb-ar" "COMPILER_F
TRACE::2026-06-11.15:43:35::SCWMssOS::LAGS=  -O2 -c -mcpu=v11.0 -mlittle-endian -mxl-soft-mul" "EXTRA_COMPILER_FLAGS=-g -ffunction-sections -fdata-sections -Wall -We
TRACE::2026-06-11.15:43:35::SCWMssOS::xtra -fno-tree-loop-distribute-patterns"

TRACE::2026-06-11.15:43:35::SCWMssOS::"Running Make libs in microblaze_0/libsrc/standalone_v8_1/src"

TRACE::2026-06-11.15:43:35::SCWMssOS::make -C microblaze_0/libsrc/standalone_v8_1/src -s libs  "SHELL=CMD" "COMPILER=mb-gcc" "ASSEMBLER=mb-as" "ARCHIVER=mb-ar" "COMP
TRACE::2026-06-11.15:43:35::SCWMssOS::ILER_FLAGS=  -O2 -c -mcpu=v11.0 -mlittle-endian -mxl-soft-mul" "EXTRA_COMPILER_FLAGS=-g -ffunction-sections -fdata-sections -Wa
TRACE::2026-06-11.15:43:35::SCWMssOS::ll -Wextra -fno-tree-loop-distribute-patterns"

TRACE::2026-06-11.15:43:35::SCWMssOS::"Running Make libs in microblaze_0/libsrc/uartlite_v3_8/src"

TRACE::2026-06-11.15:43:35::SCWMssOS::make -C microblaze_0/libsrc/uartlite_v3_8/src -s libs  "SHELL=CMD" "COMPILER=mb-gcc" "ASSEMBLER=mb-as" "ARCHIVER=mb-ar" "COMPIL
TRACE::2026-06-11.15:43:35::SCWMssOS::ER_FLAGS=  -O2 -c -mcpu=v11.0 -mlittle-endian -mxl-soft-mul" "EXTRA_COMPILER_FLAGS=-g -ffunction-sections -fdata-sections -Wall
TRACE::2026-06-11.15:43:35::SCWMssOS:: -Wextra -fno-tree-loop-distribute-patterns"

TRACE::2026-06-11.15:43:36::SCWMssOS::"DEBUG NON_LTO_OBJECTS is ../../../lib/microblaze_interrupt_handler.o"

TRACE::2026-06-11.15:43:36::SCWMssOS::'Finished building libraries parallelly.'

TRACE::2026-06-11.15:43:36::SCWMssOS::make --no-print-directory archive

TRACE::2026-06-11.15:43:36::SCWMssOS::mb-ar -r  microblaze_0/lib/libxil.a microblaze_0/lib/_exit.o microblaze_0/lib/errno.o microblaze_0/lib/fcntl.o microblaze_0/lib
TRACE::2026-06-11.15:43:36::SCWMssOS::/hw_exception_handler.o microblaze_0/lib/inbyte.o microblaze_0/lib/microblaze_disable_dcache.o microblaze_0/lib/microblaze_disa
TRACE::2026-06-11.15:43:36::SCWMssOS::ble_exceptions.o microblaze_0/lib/microblaze_disable_icache.o microblaze_0/lib/microblaze_disable_interrupts.o microblaze_0/lib
TRACE::2026-06-11.15:43:36::SCWMssOS::/microblaze_enable_dcache.o microblaze_0/lib/microblaze_enable_exceptions.o microblaze_0/lib/microblaze_enable_icache.o microbl
TRACE::2026-06-11.15:43:36::SCWMssOS::aze_0/lib/microblaze_enable_interrupts.o microblaze_0/lib/microblaze_exception_handler.o microblaze_0/lib/microblaze_flush_cach
TRACE::2026-06-11.15:43:36::SCWMssOS::e_ext.o microblaze_0/lib/microblaze_flush_cache_ext_range.o microblaze_0/lib/microblaze_flush_dcache.o microblaze_0/lib/microbl
TRACE::2026-06-11.15:43:36::SCWMssOS::aze_flush_dcache_range.o microblaze_0/lib/microblaze_init_dcache_range.o microblaze_0/lib/microblaze_init_icache_range.o microb
TRACE::2026-06-11.15:43:36::SCWMssOS::laze_0/lib/microblaze_interrupt_handler.o microblaze_0/lib/microblaze_interrupts_g.o microblaze_0/lib/microblaze_invalidate_cac
TRACE::2026-06-11.15:43:36::SCWMssOS::he_ext.o microblaze_0/lib/microblaze_invalidate_cache_ext_range.o microblaze_0/lib/microblaze_invalidate_dcache.o microblaze_0/
TRACE::2026-06-11.15:43:36::SCWMssOS::lib/microblaze_invalidate_dcache_range.o microblaze_0/lib/microblaze_invalidate_icache.o microblaze_0/lib/microblaze_invalidate
TRACE::2026-06-11.15:43:36::SCWMssOS::_icache_range.o microblaze_0/lib/microblaze_scrub.o microblaze_0/lib/microblaze_selftest.o microblaze_0/lib/microblaze_sleep.o 
TRACE::2026-06-11.15:43:36::SCWMssOS::microblaze_0/lib/microblaze_update_dcache.o microblaze_0/lib/microblaze_update_icache.o microblaze_0/lib/outbyte.o microblaze_0
TRACE::2026-06-11.15:43:36::SCWMssOS::/lib/print.o microblaze_0/lib/pvr.o microblaze_0/lib/xbram.o microblaze_0/lib/xbram_g.o microblaze_0/lib/xbram_intr.o microblaz
TRACE::2026-06-11.15:43:36::SCWMssOS::e_0/lib/xbram_selftest.o microblaze_0/lib/xbram_sinit.o microblaze_0/lib/xgpio.o microblaze_0/lib/xgpio_extra.o microblaze_0/li
TRACE::2026-06-11.15:43:36::SCWMssOS::b/xgpio_g.o microblaze_0/lib/xgpio_intr.o microblaze_0/lib/xgpio_selftest.o microblaze_0/lib/xgpio_sinit.o microblaze_0/lib/xil
TRACE::2026-06-11.15:43:36::SCWMssOS::_assert.o microblaze_0/lib/xil_cache.o microblaze_0/lib/xil_clocking.o microblaze_0/lib/xil_exception.o microblaze_0/lib/xil_me
TRACE::2026-06-11.15:43:36::SCWMssOS::m.o microblaze_0/lib/xil_misc_psreset_api.o microblaze_0/lib/xil_printf.o microblaze_0/lib/xil_sleepcommon.o microblaze_0/lib/x
TRACE::2026-06-11.15:43:36::SCWMssOS::il_testcache.o microblaze_0/lib/xil_testio.o microblaze_0/lib/xil_testmem.o microblaze_0/lib/xil_util.o microblaze_0/lib/xinter
TRACE::2026-06-11.15:43:36::SCWMssOS::rupt_wrap.o microblaze_0/lib/xio.o microblaze_0/lib/xplatform_info.o microblaze_0/lib/xuartlite.o microblaze_0/lib/xuartlite_g.
TRACE::2026-06-11.15:43:36::SCWMssOS::o microblaze_0/lib/xuartlite_intr.o microblaze_0/lib/xuartlite_l.o microblaze_0/lib/xuartlite_selftest.o microblaze_0/lib/xuart
TRACE::2026-06-11.15:43:36::SCWMssOS::lite_sinit.o microblaze_0/lib/xuartlite_stats.o

TRACE::2026-06-11.15:43:36::SCWMssOS::'Finished building libraries'

TRACE::2026-06-11.15:43:36::SCWMssOS:: Checking if to create the Supporting Applications
TRACE::2026-06-11.15:43:36::SCWMssOS:: No Linux domain exists, trying to generate FSBL 
LOG::2026-06-11.15:43:36::SCWSystem::Completed Processing the domain standalone_microblaze_0
LOG::2026-06-11.15:43:36::SCWSystem::Completed Processing the sysconfig servo_wrapper
LOG::2026-06-11.15:43:36::SCWPlatform::Completed generating the artifacts for system configuration servo_wrapper
TRACE::2026-06-11.15:43:36::SCWPlatform::Started preparing the platform 
TRACE::2026-06-11.15:43:36::SCWSystem::Writing the bif file for system config servo_wrapper
TRACE::2026-06-11.15:43:36::SCWSystem::dir created 
TRACE::2026-06-11.15:43:36::SCWSystem::Writing the bif 
TRACE::2026-06-11.15:43:36::SCWPlatform::Started writing the spfm file 
TRACE::2026-06-11.15:43:36::SCWPlatform::Started writing the xpfm file 
TRACE::2026-06-11.15:43:36::SCWPlatform::Completed generating the platform
TRACE::2026-06-11.15:43:36::SCWMssOS::Saving the mss changes D:/vivado_pj/servo_motor_ip_pj/workspace/servo_wrapper/microblaze_0/standalone_microblaze_0/bsp/system.mss
TRACE::2026-06-11.15:43:36::SCWMssOS::Adding the swdes entry, mss present, able to open swdb D:/vivado_pj/servo_motor_ip_pj/workspace/servo_wrapper/microblaze_0/standalone_microblaze_0/bsp/system.mss with des name system
TRACE::2026-06-11.15:43:36::SCWMssOS::Writing the mss file completed D:/vivado_pj/servo_motor_ip_pj/workspace/servo_wrapper/microblaze_0/standalone_microblaze_0/bsp/system.mss
TRACE::2026-06-11.15:43:36::SCWMssOS::Commit changes completed.
TRACE::2026-06-11.15:43:36::SCWPlatform::Trying to open the hw design at D:/vivado_pj/servo_motor_ip_pj/workspace/servo_wrapper/hw/servo_wrapper3.xsa
TRACE::2026-06-11.15:43:36::SCWPlatform::DSA given D:/vivado_pj/servo_motor_ip_pj/workspace/servo_wrapper/hw/servo_wrapper3.xsa
TRACE::2026-06-11.15:43:36::SCWPlatform::DSA absoulate path D:/vivado_pj/servo_motor_ip_pj/workspace/servo_wrapper/hw/servo_wrapper3.xsa
TRACE::2026-06-11.15:43:36::SCWPlatform::DSA directory D:/vivado_pj/servo_motor_ip_pj/workspace/servo_wrapper/hw
TRACE::2026-06-11.15:43:36::SCWPlatform:: Platform Path D:/vivado_pj/servo_motor_ip_pj/workspace/servo_wrapper/hw/servo_wrapper3.xsa
TRACE::2026-06-11.15:43:36::SCWPlatform:: Unique name xilinx:basys3::0.0
TRACE::2026-06-11.15:43:36::SCWPlatform::Trying to set the existing hwdb with name servo_wrapper_8
TRACE::2026-06-11.15:43:36::SCWPlatform::Opened existing hwdb servo_wrapper_8
TRACE::2026-06-11.15:43:36::SCWPlatform::Found the Hw Db part of the input DSA
TRACE::2026-06-11.15:43:36::SCWMssOS::Checking the sw design at  D:/vivado_pj/servo_motor_ip_pj/workspace/servo_wrapper/microblaze_0/standalone_microblaze_0/bsp/system.mss
TRACE::2026-06-11.15:43:36::SCWMssOS::DEBUG:  swdes dump  D:/vivado_pj/servo_motor_ip_pj/workspace/servo_wrapper/microblaze_0/standalone_microblaze_0/bsp/system.mss|system||

TRACE::2026-06-11.15:43:36::SCWMssOS::Sw design exists and opened at  D:/vivado_pj/servo_motor_ip_pj/workspace/servo_wrapper/microblaze_0/standalone_microblaze_0/bsp/system.mss
TRACE::2026-06-11.15:43:36::SCWWriter::formatted JSON is {
	"platformName":	"servo_wrapper",
	"sprVersion":	"2.0",
	"mode":	"gui",
	"dsaType":	"Fixed",
	"platformDesc":	"servo_wrapper",
	"platHandOff":	"D:/vivado_pj/servo_motor_ip_pj/servo_wrapper3.xsa",
	"platIntHandOff":	"<platformDir>/hw/servo_wrapper3.xsa",
	"deviceType":	"FPGA",
	"platIsPrebuiltAutogen":	"false",
	"platIsNoBootBsp":	"false",
	"hasFsblMakeHasChanges":	"false",
	"hasPmufwMakeHasChanges":	"false",
	"platPreBuiltFlag":	false,
	"platformSamplesDir":	"",
	"platActiveSys":	"servo_wrapper",
	"systems":	[{
			"systemName":	"servo_wrapper",
			"systemDesc":	"servo_wrapper",
			"sysIsBootAutoGen":	"true",
			"systemDispName":	"servo_wrapper",
			"sysActiveDom":	"standalone_microblaze_0",
			"sysDefaultDom":	"standalone_microblaze_0",
			"domains":	[{
					"domainName":	"standalone_microblaze_0",
					"domainDispName":	"standalone_microblaze_0",
					"domainDesc":	"standalone_microblaze_0",
					"processors":	"microblaze_0",
					"os":	"standalone",
					"sdxOs":	"standalone",
					"debugEnable":	"False",
					"domRuntimes":	["cpp"],
					"swRepo":	"",
					"mssOsVer":	"8.1",
					"mssFile":	"",
					"md5Digest":	"8655cd928e5087cbb216b5791aa99bac",
					"compatibleApp":	"",
					"domType":	"mssDomain",
					"arch":	"32-bit",
					"appSettings":	{
						"appCompilerFlags":	"",
						"appLinkerFlags":	""
					},
					"addedLibs":	[],
					"libOptions":	{
						"libsContainingOptions":	[]
					},
					"prebuiltLibs":	{
						"prebuiltIncPath":	[],
						"prebuiltLibPath":	[]
					},
					"isolation":	{
					}
				}]
		}]
}
KEYINFO::2026-06-11.15:43:36::SCWPlatform::updated the xpfm file.
TRACE::2026-06-11.15:43:37::SCWPlatform::Trying to open the hw design at D:/vivado_pj/servo_motor_ip_pj/workspace/servo_wrapper/hw/servo_wrapper3.xsa
TRACE::2026-06-11.15:43:37::SCWPlatform::DSA given D:/vivado_pj/servo_motor_ip_pj/workspace/servo_wrapper/hw/servo_wrapper3.xsa
TRACE::2026-06-11.15:43:37::SCWPlatform::DSA absoulate path D:/vivado_pj/servo_motor_ip_pj/workspace/servo_wrapper/hw/servo_wrapper3.xsa
TRACE::2026-06-11.15:43:37::SCWPlatform::DSA directory D:/vivado_pj/servo_motor_ip_pj/workspace/servo_wrapper/hw
TRACE::2026-06-11.15:43:37::SCWPlatform:: Platform Path D:/vivado_pj/servo_motor_ip_pj/workspace/servo_wrapper/hw/servo_wrapper3.xsa
TRACE::2026-06-11.15:43:37::SCWPlatform:: Unique name xilinx:basys3::0.0
TRACE::2026-06-11.15:43:37::SCWPlatform::Trying to set the existing hwdb with name servo_wrapper_8
TRACE::2026-06-11.15:43:37::SCWPlatform::Opened existing hwdb servo_wrapper_8
TRACE::2026-06-11.15:43:37::SCWPlatform::Found the Hw Db part of the input DSA
TRACE::2026-06-11.15:43:37::SCWMssOS::Checking the sw design at  D:/vivado_pj/servo_motor_ip_pj/workspace/servo_wrapper/microblaze_0/standalone_microblaze_0/bsp/system.mss
TRACE::2026-06-11.15:43:37::SCWMssOS::DEBUG:  swdes dump  D:/vivado_pj/servo_motor_ip_pj/workspace/servo_wrapper/microblaze_0/standalone_microblaze_0/bsp/system.mss|system||

TRACE::2026-06-11.15:43:37::SCWMssOS::Sw design exists and opened at  D:/vivado_pj/servo_motor_ip_pj/workspace/servo_wrapper/microblaze_0/standalone_microblaze_0/bsp/system.mss
TRACE::2026-06-11.15:53:46::SCWPlatform::Clearing the existing platform
TRACE::2026-06-11.15:53:46::SCWSystem::Clearing the existing sysconfig
TRACE::2026-06-11.15:53:46::SCWMssOS::Removing the swdes entry for  D:/vivado_pj/servo_motor_ip_pj/workspace/servo_wrapper/microblaze_0/standalone_microblaze_0/bsp/system.mss
TRACE::2026-06-11.15:53:46::SCWSystem::Clearing the domains completed.
TRACE::2026-06-11.15:53:46::SCWPlatform::Clearing the opened hw db.
TRACE::2026-06-11.15:53:46::SCWPlatform::DSA given D:/vivado_pj/servo_motor_ip_pj/workspace/servo_wrapper/hw/servo_wrapper3.xsa
TRACE::2026-06-11.15:53:46::SCWPlatform::DSA absoulate path D:/vivado_pj/servo_motor_ip_pj/workspace/servo_wrapper/hw/servo_wrapper3.xsa
TRACE::2026-06-11.15:53:46::SCWPlatform:: Platform location is D:/vivado_pj/servo_motor_ip_pj/workspace/servo_wrapper/hw
TRACE::2026-06-11.15:53:46::SCWPlatform:: Platform Path D:/vivado_pj/servo_motor_ip_pj/workspace/servo_wrapper/hw/servo_wrapper3.xsa
TRACE::2026-06-11.15:53:46::SCWPlatform:: Unique name xilinx:basys3::0.0
TRACE::2026-06-11.15:53:46::SCWPlatform::Removing the HwDB with name D:/vivado_pj/servo_motor_ip_pj/workspace/servo_wrapper/hw/servo_wrapper3.xsa
TRACE::2026-06-11.15:53:46::SCWPlatform::Trying to open the hw design at D:/vivado_pj/servo_motor_ip_pj/workspace/servo_wrapper/hw/servo_wrapper3.xsa
TRACE::2026-06-11.15:53:46::SCWPlatform::DSA given D:/vivado_pj/servo_motor_ip_pj/workspace/servo_wrapper/hw/servo_wrapper3.xsa
TRACE::2026-06-11.15:53:46::SCWPlatform::DSA absoulate path D:/vivado_pj/servo_motor_ip_pj/workspace/servo_wrapper/hw/servo_wrapper3.xsa
TRACE::2026-06-11.15:53:46::SCWPlatform::DSA directory D:/vivado_pj/servo_motor_ip_pj/workspace/servo_wrapper/hw
TRACE::2026-06-11.15:53:46::SCWPlatform:: Platform Path D:/vivado_pj/servo_motor_ip_pj/workspace/servo_wrapper/hw/servo_wrapper3.xsa
TRACE::2026-06-11.15:53:46::SCWPlatform:: Unique name xilinx:basys3::0.0
TRACE::2026-06-11.15:53:46::SCWPlatform::Do not have an existing db opened. 
TRACE::2026-06-11.15:53:46::SCWPlatform::Opened new HwDB with name servo_wrapper_10
TRACE::2026-06-11.15:53:46::SCWReader::Active system found as  servo_wrapper
TRACE::2026-06-11.15:53:46::SCWReader::Handling sysconfig servo_wrapper
TRACE::2026-06-11.15:53:46::SCWDomain::checking for install qemu data   : 
TRACE::2026-06-11.15:53:46::SCWPlatform::Trying to open the hw design at D:/vivado_pj/servo_motor_ip_pj/workspace/servo_wrapper/hw/servo_wrapper3.xsa
TRACE::2026-06-11.15:53:46::SCWPlatform::DSA given D:/vivado_pj/servo_motor_ip_pj/workspace/servo_wrapper/hw/servo_wrapper3.xsa
TRACE::2026-06-11.15:53:46::SCWPlatform::DSA absoulate path D:/vivado_pj/servo_motor_ip_pj/workspace/servo_wrapper/hw/servo_wrapper3.xsa
TRACE::2026-06-11.15:53:46::SCWPlatform::DSA directory D:/vivado_pj/servo_motor_ip_pj/workspace/servo_wrapper/hw
TRACE::2026-06-11.15:53:46::SCWPlatform:: Platform Path D:/vivado_pj/servo_motor_ip_pj/workspace/servo_wrapper/hw/servo_wrapper3.xsa
TRACE::2026-06-11.15:53:46::SCWPlatform:: Unique name xilinx:basys3::0.0
TRACE::2026-06-11.15:53:46::SCWPlatform::Trying to set the existing hwdb with name servo_wrapper_10
TRACE::2026-06-11.15:53:46::SCWPlatform::Opened existing hwdb servo_wrapper_10
TRACE::2026-06-11.15:53:46::SCWPlatform::Found the Hw Db part of the input DSA
TRACE::2026-06-11.15:53:46::SCWPlatform::Trying to open the hw design at D:/vivado_pj/servo_motor_ip_pj/workspace/servo_wrapper/hw/servo_wrapper3.xsa
TRACE::2026-06-11.15:53:46::SCWPlatform::DSA given D:/vivado_pj/servo_motor_ip_pj/workspace/servo_wrapper/hw/servo_wrapper3.xsa
TRACE::2026-06-11.15:53:46::SCWPlatform::DSA absoulate path D:/vivado_pj/servo_motor_ip_pj/workspace/servo_wrapper/hw/servo_wrapper3.xsa
TRACE::2026-06-11.15:53:46::SCWPlatform::DSA directory D:/vivado_pj/servo_motor_ip_pj/workspace/servo_wrapper/hw
TRACE::2026-06-11.15:53:46::SCWPlatform:: Platform Path D:/vivado_pj/servo_motor_ip_pj/workspace/servo_wrapper/hw/servo_wrapper3.xsa
TRACE::2026-06-11.15:53:46::SCWPlatform:: Unique name xilinx:basys3::0.0
TRACE::2026-06-11.15:53:46::SCWPlatform::Trying to set the existing hwdb with name servo_wrapper_10
TRACE::2026-06-11.15:53:46::SCWPlatform::Opened existing hwdb servo_wrapper_10
TRACE::2026-06-11.15:53:46::SCWPlatform::Found the Hw Db part of the input DSA
TRACE::2026-06-11.15:53:46::SCWPlatform::Trying to open the hw design at D:/vivado_pj/servo_motor_ip_pj/workspace/servo_wrapper/hw/servo_wrapper3.xsa
TRACE::2026-06-11.15:53:46::SCWPlatform::DSA given D:/vivado_pj/servo_motor_ip_pj/workspace/servo_wrapper/hw/servo_wrapper3.xsa
TRACE::2026-06-11.15:53:46::SCWPlatform::DSA absoulate path D:/vivado_pj/servo_motor_ip_pj/workspace/servo_wrapper/hw/servo_wrapper3.xsa
TRACE::2026-06-11.15:53:46::SCWPlatform::DSA directory D:/vivado_pj/servo_motor_ip_pj/workspace/servo_wrapper/hw
TRACE::2026-06-11.15:53:46::SCWPlatform:: Platform Path D:/vivado_pj/servo_motor_ip_pj/workspace/servo_wrapper/hw/servo_wrapper3.xsa
TRACE::2026-06-11.15:53:46::SCWPlatform:: Unique name xilinx:basys3::0.0
TRACE::2026-06-11.15:53:46::SCWPlatform::Trying to set the existing hwdb with name servo_wrapper_10
TRACE::2026-06-11.15:53:46::SCWPlatform::Opened existing hwdb servo_wrapper_10
TRACE::2026-06-11.15:53:46::SCWPlatform::Found the Hw Db part of the input DSA
TRACE::2026-06-11.15:53:46::SCWPlatform::Trying to open the hw design at D:/vivado_pj/servo_motor_ip_pj/workspace/servo_wrapper/hw/servo_wrapper3.xsa
TRACE::2026-06-11.15:53:46::SCWPlatform::DSA given D:/vivado_pj/servo_motor_ip_pj/workspace/servo_wrapper/hw/servo_wrapper3.xsa
TRACE::2026-06-11.15:53:46::SCWPlatform::DSA absoulate path D:/vivado_pj/servo_motor_ip_pj/workspace/servo_wrapper/hw/servo_wrapper3.xsa
TRACE::2026-06-11.15:53:46::SCWPlatform::DSA directory D:/vivado_pj/servo_motor_ip_pj/workspace/servo_wrapper/hw
TRACE::2026-06-11.15:53:46::SCWPlatform:: Platform Path D:/vivado_pj/servo_motor_ip_pj/workspace/servo_wrapper/hw/servo_wrapper3.xsa
TRACE::2026-06-11.15:53:46::SCWPlatform:: Unique name xilinx:basys3::0.0
TRACE::2026-06-11.15:53:46::SCWPlatform::Trying to set the existing hwdb with name servo_wrapper_10
TRACE::2026-06-11.15:53:46::SCWPlatform::Opened existing hwdb servo_wrapper_10
TRACE::2026-06-11.15:53:46::SCWPlatform::Found the Hw Db part of the input DSA
TRACE::2026-06-11.15:53:46::SCWMssOS::Checking the sw design at  D:/vivado_pj/servo_motor_ip_pj/workspace/servo_wrapper/microblaze_0/standalone_microblaze_0/bsp/system.mss
TRACE::2026-06-11.15:53:46::SCWMssOS::DEBUG:  swdes dump  
TRACE::2026-06-11.15:53:46::SCWMssOS::No sw design opened at  D:/vivado_pj/servo_motor_ip_pj/workspace/servo_wrapper/microblaze_0/standalone_microblaze_0/bsp/system.mss
TRACE::2026-06-11.15:53:46::SCWMssOS::mss exists loading the mss file  D:/vivado_pj/servo_motor_ip_pj/workspace/servo_wrapper/microblaze_0/standalone_microblaze_0/bsp/system.mss
TRACE::2026-06-11.15:53:46::SCWMssOS::Opened the sw design from mss  D:/vivado_pj/servo_motor_ip_pj/workspace/servo_wrapper/microblaze_0/standalone_microblaze_0/bsp/system.mss
TRACE::2026-06-11.15:53:46::SCWMssOS::Adding the swdes entry D:/vivado_pj/servo_motor_ip_pj/workspace/servo_wrapper/microblaze_0/standalone_microblaze_0/bsp/system.mss with des name system
TRACE::2026-06-11.15:53:46::SCWMssOS::updating the scw layer about changes
TRACE::2026-06-11.15:53:46::SCWMssOS::Opened the sw design.  D:/vivado_pj/servo_motor_ip_pj/workspace/servo_wrapper/microblaze_0/standalone_microblaze_0/bsp/system.mss
TRACE::2026-06-11.15:53:46::SCWMssOS::Saving the mss changes D:/vivado_pj/servo_motor_ip_pj/workspace/servo_wrapper/microblaze_0/standalone_microblaze_0/bsp/system.mss
TRACE::2026-06-11.15:53:46::SCWMssOS::Found a swdesign opened with the mssfile.
TRACE::2026-06-11.15:53:46::SCWMssOS::Completed writemss as part of save.
TRACE::2026-06-11.15:53:46::SCWMssOS::Commit changes completed.
TRACE::2026-06-11.15:53:46::SCWReader::Adding prebuilt librarypaths as   
TRACE::2026-06-11.15:53:46::SCWReader::Adding prebuilt incpaths  as   
TRACE::2026-06-11.15:53:46::SCWPlatform::Trying to open the hw design at D:/vivado_pj/servo_motor_ip_pj/workspace/servo_wrapper/hw/servo_wrapper3.xsa
TRACE::2026-06-11.15:53:46::SCWPlatform::DSA given D:/vivado_pj/servo_motor_ip_pj/workspace/servo_wrapper/hw/servo_wrapper3.xsa
TRACE::2026-06-11.15:53:46::SCWPlatform::DSA absoulate path D:/vivado_pj/servo_motor_ip_pj/workspace/servo_wrapper/hw/servo_wrapper3.xsa
TRACE::2026-06-11.15:53:46::SCWPlatform::DSA directory D:/vivado_pj/servo_motor_ip_pj/workspace/servo_wrapper/hw
TRACE::2026-06-11.15:53:46::SCWPlatform:: Platform Path D:/vivado_pj/servo_motor_ip_pj/workspace/servo_wrapper/hw/servo_wrapper3.xsa
TRACE::2026-06-11.15:53:46::SCWPlatform:: Unique name xilinx:basys3::0.0
TRACE::2026-06-11.15:53:46::SCWPlatform::Trying to set the existing hwdb with name servo_wrapper_10
TRACE::2026-06-11.15:53:46::SCWPlatform::Opened existing hwdb servo_wrapper_10
TRACE::2026-06-11.15:53:46::SCWPlatform::Found the Hw Db part of the input DSA
TRACE::2026-06-11.15:53:46::SCWMssOS::Checking the sw design at  D:/vivado_pj/servo_motor_ip_pj/workspace/servo_wrapper/microblaze_0/standalone_microblaze_0/bsp/system.mss
TRACE::2026-06-11.15:53:46::SCWMssOS::DEBUG:  swdes dump  D:/vivado_pj/servo_motor_ip_pj/workspace/servo_wrapper/microblaze_0/standalone_microblaze_0/bsp/system.mss|system||

TRACE::2026-06-11.15:53:46::SCWMssOS::Sw design exists and opened at  D:/vivado_pj/servo_motor_ip_pj/workspace/servo_wrapper/microblaze_0/standalone_microblaze_0/bsp/system.mss
TRACE::2026-06-11.15:53:46::SCWReader::No isolation master present  
TRACE::2026-06-11.15:53:50::SCWPlatform::DSA given D:/vivado_pj/servo_motor_ip_pj/workspace/servo_wrapper/tempdsa/servo_wrapper4.xsa
TRACE::2026-06-11.15:53:50::SCWPlatform::DSA absoulate path D:/vivado_pj/servo_motor_ip_pj/workspace/servo_wrapper/tempdsa/servo_wrapper4.xsa
TRACE::2026-06-11.15:53:50::SCWPlatform:: Platform location is D:/vivado_pj/servo_motor_ip_pj/workspace/servo_wrapper/tempdsa
TRACE::2026-06-11.15:53:50::SCWPlatform:: Platform Path D:/vivado_pj/servo_motor_ip_pj/workspace/servo_wrapper/tempdsa/servo_wrapper4.xsa
TRACE::2026-06-11.15:53:50::SCWPlatform:: Unique name xilinx:basys3::0.0
TRACE::2026-06-11.15:53:50::SCWPlatform::Found the Hw Db part of the input DSA
TRACE::2026-06-11.15:53:50::SCWMssOS::Doing hw sync for the mss in domain: standalone_microblaze_0
TRACE::2026-06-11.15:53:50::SCWPlatform::Trying to open the hw design at D:/vivado_pj/servo_motor_ip_pj/workspace/servo_wrapper/hw/servo_wrapper3.xsa
TRACE::2026-06-11.15:53:50::SCWPlatform::DSA given D:/vivado_pj/servo_motor_ip_pj/workspace/servo_wrapper/hw/servo_wrapper3.xsa
TRACE::2026-06-11.15:53:50::SCWPlatform::DSA absoulate path D:/vivado_pj/servo_motor_ip_pj/workspace/servo_wrapper/hw/servo_wrapper3.xsa
TRACE::2026-06-11.15:53:50::SCWPlatform::DSA directory D:/vivado_pj/servo_motor_ip_pj/workspace/servo_wrapper/hw
TRACE::2026-06-11.15:53:50::SCWPlatform:: Platform Path D:/vivado_pj/servo_motor_ip_pj/workspace/servo_wrapper/hw/servo_wrapper3.xsa
TRACE::2026-06-11.15:53:50::SCWPlatform:: Unique name xilinx:basys3::0.0
TRACE::2026-06-11.15:53:50::SCWPlatform::Trying to set the existing hwdb with name servo_wrapper_10
TRACE::2026-06-11.15:53:50::SCWPlatform::Opened existing hwdb servo_wrapper_10
TRACE::2026-06-11.15:53:50::SCWPlatform::Found the Hw Db part of the input DSA
TRACE::2026-06-11.15:53:50::SCWPlatform::Trying to open the hw design at D:/vivado_pj/servo_motor_ip_pj/workspace/servo_wrapper/hw/servo_wrapper3.xsa
TRACE::2026-06-11.15:53:50::SCWPlatform::DSA given D:/vivado_pj/servo_motor_ip_pj/workspace/servo_wrapper/hw/servo_wrapper3.xsa
TRACE::2026-06-11.15:53:50::SCWPlatform::DSA absoulate path D:/vivado_pj/servo_motor_ip_pj/workspace/servo_wrapper/hw/servo_wrapper3.xsa
TRACE::2026-06-11.15:53:50::SCWPlatform::DSA directory D:/vivado_pj/servo_motor_ip_pj/workspace/servo_wrapper/hw
TRACE::2026-06-11.15:53:50::SCWPlatform:: Platform Path D:/vivado_pj/servo_motor_ip_pj/workspace/servo_wrapper/hw/servo_wrapper3.xsa
TRACE::2026-06-11.15:53:50::SCWPlatform:: Unique name xilinx:basys3::0.0
TRACE::2026-06-11.15:53:50::SCWPlatform::Trying to set the existing hwdb with name servo_wrapper_10
TRACE::2026-06-11.15:53:50::SCWPlatform::Opened existing hwdb servo_wrapper_10
TRACE::2026-06-11.15:53:50::SCWPlatform::Found the Hw Db part of the input DSA
TRACE::2026-06-11.15:53:50::SCWMssOS::Checking the sw design at  D:/vivado_pj/servo_motor_ip_pj/workspace/servo_wrapper/microblaze_0/standalone_microblaze_0/bsp/system.mss
TRACE::2026-06-11.15:53:50::SCWMssOS::DEBUG:  swdes dump  D:/vivado_pj/servo_motor_ip_pj/workspace/servo_wrapper/microblaze_0/standalone_microblaze_0/bsp/system.mss|system||

TRACE::2026-06-11.15:53:50::SCWMssOS::Sw design exists and opened at  D:/vivado_pj/servo_motor_ip_pj/workspace/servo_wrapper/microblaze_0/standalone_microblaze_0/bsp/system.mss
TRACE::2026-06-11.15:53:50::SCWPlatform::Trying to open the hw design at D:/vivado_pj/servo_motor_ip_pj/workspace/servo_wrapper/tempdsa/servo_wrapper4.xsa
TRACE::2026-06-11.15:53:50::SCWPlatform::DSA given D:/vivado_pj/servo_motor_ip_pj/workspace/servo_wrapper/tempdsa/servo_wrapper4.xsa
TRACE::2026-06-11.15:53:50::SCWPlatform::DSA absoulate path D:/vivado_pj/servo_motor_ip_pj/workspace/servo_wrapper/tempdsa/servo_wrapper4.xsa
TRACE::2026-06-11.15:53:50::SCWPlatform::DSA directory D:/vivado_pj/servo_motor_ip_pj/workspace/servo_wrapper/tempdsa
TRACE::2026-06-11.15:53:50::SCWPlatform:: Platform Path D:/vivado_pj/servo_motor_ip_pj/workspace/servo_wrapper/tempdsa/servo_wrapper4.xsa
TRACE::2026-06-11.15:53:50::SCWPlatform:: Unique name xilinx:basys3::0.0
TRACE::2026-06-11.15:53:50::SCWPlatform::update - Opened existing hwdb servo_wrapper_11
TRACE::2026-06-11.15:53:50::SCWPlatform::Found the Hw Db part of the input DSA
TRACE::2026-06-11.15:53:50::SCWMssOS::Saving the mss changes D:/vivado_pj/servo_motor_ip_pj/workspace/servo_wrapper/microblaze_0/standalone_microblaze_0/bsp/system.mss
TRACE::2026-06-11.15:53:50::SCWMssOS::Found a swdesign opened with the mssfile.
TRACE::2026-06-11.15:53:50::SCWMssOS::Completed writemss as part of save.
TRACE::2026-06-11.15:53:50::SCWMssOS::Commit changes completed.
TRACE::2026-06-11.15:53:50::SCWMssOS::Completed hw sync for the mss in domain: standalone_microblaze_0
TRACE::2026-06-11.15:53:50::SCWMssOS::Removing the swdes entry for  D:/vivado_pj/servo_motor_ip_pj/workspace/servo_wrapper/microblaze_0/standalone_microblaze_0/bsp/system.mss
TRACE::2026-06-11.15:53:50::SCWPlatform::Trying to open the hw design at D:/vivado_pj/servo_motor_ip_pj/workspace/servo_wrapper/hw/servo_wrapper4.xsa
TRACE::2026-06-11.15:53:50::SCWPlatform::DSA given D:/vivado_pj/servo_motor_ip_pj/workspace/servo_wrapper/hw/servo_wrapper4.xsa
TRACE::2026-06-11.15:53:50::SCWPlatform::DSA absoulate path D:/vivado_pj/servo_motor_ip_pj/workspace/servo_wrapper/hw/servo_wrapper4.xsa
TRACE::2026-06-11.15:53:50::SCWPlatform::DSA directory D:/vivado_pj/servo_motor_ip_pj/workspace/servo_wrapper/hw
TRACE::2026-06-11.15:53:50::SCWPlatform:: Platform Path D:/vivado_pj/servo_motor_ip_pj/workspace/servo_wrapper/hw/servo_wrapper4.xsa
TRACE::2026-06-11.15:53:50::SCWPlatform:: Unique name xilinx:basys3::0.0
TRACE::2026-06-11.15:53:50::SCWPlatform::Do not have an existing db opened. 
TRACE::2026-06-11.15:53:50::SCWPlatform::Opened new HwDB with name servo_wrapper_12
TRACE::2026-06-11.15:53:50::SCWMssOS::Saving the mss changes D:/vivado_pj/servo_motor_ip_pj/workspace/servo_wrapper/microblaze_0/standalone_microblaze_0/bsp/system.mss
TRACE::2026-06-11.15:53:50::SCWMssOS::Adding the swdes entry, mss present, able to open swdb D:/vivado_pj/servo_motor_ip_pj/workspace/servo_wrapper/microblaze_0/standalone_microblaze_0/bsp/system.mss with des name system
TRACE::2026-06-11.15:53:50::SCWMssOS::Writing the mss file completed D:/vivado_pj/servo_motor_ip_pj/workspace/servo_wrapper/microblaze_0/standalone_microblaze_0/bsp/system.mss
TRACE::2026-06-11.15:53:50::SCWMssOS::Commit changes completed.
TRACE::2026-06-11.15:53:50::SCWPlatform::Trying to open the hw design at D:/vivado_pj/servo_motor_ip_pj/workspace/servo_wrapper/hw/servo_wrapper4.xsa
TRACE::2026-06-11.15:53:50::SCWPlatform::DSA given D:/vivado_pj/servo_motor_ip_pj/workspace/servo_wrapper/hw/servo_wrapper4.xsa
TRACE::2026-06-11.15:53:50::SCWPlatform::DSA absoulate path D:/vivado_pj/servo_motor_ip_pj/workspace/servo_wrapper/hw/servo_wrapper4.xsa
TRACE::2026-06-11.15:53:50::SCWPlatform::DSA directory D:/vivado_pj/servo_motor_ip_pj/workspace/servo_wrapper/hw
TRACE::2026-06-11.15:53:50::SCWPlatform:: Platform Path D:/vivado_pj/servo_motor_ip_pj/workspace/servo_wrapper/hw/servo_wrapper4.xsa
TRACE::2026-06-11.15:53:50::SCWPlatform:: Unique name xilinx:basys3::0.0
TRACE::2026-06-11.15:53:50::SCWPlatform::Trying to set the existing hwdb with name servo_wrapper_12
TRACE::2026-06-11.15:53:50::SCWPlatform::Opened existing hwdb servo_wrapper_12
TRACE::2026-06-11.15:53:50::SCWPlatform::Found the Hw Db part of the input DSA
TRACE::2026-06-11.15:53:50::SCWMssOS::Checking the sw design at  D:/vivado_pj/servo_motor_ip_pj/workspace/servo_wrapper/microblaze_0/standalone_microblaze_0/bsp/system.mss
TRACE::2026-06-11.15:53:50::SCWMssOS::DEBUG:  swdes dump  D:/vivado_pj/servo_motor_ip_pj/workspace/servo_wrapper/microblaze_0/standalone_microblaze_0/bsp/system.mss|system||

TRACE::2026-06-11.15:53:50::SCWMssOS::Sw design exists and opened at  D:/vivado_pj/servo_motor_ip_pj/workspace/servo_wrapper/microblaze_0/standalone_microblaze_0/bsp/system.mss
TRACE::2026-06-11.15:53:50::SCWWriter::formatted JSON is {
	"platformName":	"servo_wrapper",
	"sprVersion":	"2.0",
	"mode":	"gui",
	"dsaType":	"Fixed",
	"platformDesc":	"servo_wrapper",
	"platHandOff":	"D:/vivado_pj/servo_motor_ip_pj/servo_wrapper4.xsa",
	"platIntHandOff":	"<platformDir>/hw/servo_wrapper4.xsa",
	"deviceType":	"FPGA",
	"platIsPrebuiltAutogen":	"false",
	"platIsNoBootBsp":	"false",
	"hasFsblMakeHasChanges":	"false",
	"hasPmufwMakeHasChanges":	"false",
	"platPreBuiltFlag":	false,
	"platformSamplesDir":	"",
	"platActiveSys":	"servo_wrapper",
	"systems":	[{
			"systemName":	"servo_wrapper",
			"systemDesc":	"servo_wrapper",
			"sysIsBootAutoGen":	"true",
			"systemDispName":	"servo_wrapper",
			"sysActiveDom":	"standalone_microblaze_0",
			"sysDefaultDom":	"standalone_microblaze_0",
			"domains":	[{
					"domainName":	"standalone_microblaze_0",
					"domainDispName":	"standalone_microblaze_0",
					"domainDesc":	"standalone_microblaze_0",
					"processors":	"microblaze_0",
					"os":	"standalone",
					"sdxOs":	"standalone",
					"debugEnable":	"False",
					"domRuntimes":	["cpp"],
					"swRepo":	"",
					"mssOsVer":	"8.1",
					"mssFile":	"",
					"md5Digest":	"8655cd928e5087cbb216b5791aa99bac1",
					"compatibleApp":	"",
					"domType":	"mssDomain",
					"arch":	"32-bit",
					"appSettings":	{
						"appCompilerFlags":	"",
						"appLinkerFlags":	""
					},
					"addedLibs":	[],
					"libOptions":	{
						"libsContainingOptions":	[]
					},
					"prebuiltLibs":	{
						"prebuiltIncPath":	[],
						"prebuiltLibPath":	[]
					},
					"isolation":	{
					}
				}]
		}]
}
LOG::2026-06-11.15:53:57::SCWPlatform::Started generating the artifacts platform servo_wrapper
TRACE::2026-06-11.15:53:57::SCWPlatform::Sanity checking of platform is completed
LOG::2026-06-11.15:53:57::SCWPlatform::Started generating the artifacts for system configuration servo_wrapper
LOG::2026-06-11.15:53:57::SCWSystem::Checking the domain standalone_microblaze_0
LOG::2026-06-11.15:53:57::SCWSystem::Not a boot domain 
LOG::2026-06-11.15:53:57::SCWSystem::Started Processing the domain standalone_microblaze_0
TRACE::2026-06-11.15:53:57::SCWDomain::Generating domain artifcats
TRACE::2026-06-11.15:53:57::SCWMssOS::Generating standalone artifcats
TRACE::2026-06-11.15:53:57::SCWMssOS:: Copying the user libraries. 
TRACE::2026-06-11.15:53:57::SCWPlatform::Trying to open the hw design at D:/vivado_pj/servo_motor_ip_pj/workspace/servo_wrapper/hw/servo_wrapper4.xsa
TRACE::2026-06-11.15:53:57::SCWPlatform::DSA given D:/vivado_pj/servo_motor_ip_pj/workspace/servo_wrapper/hw/servo_wrapper4.xsa
TRACE::2026-06-11.15:53:57::SCWPlatform::DSA absoulate path D:/vivado_pj/servo_motor_ip_pj/workspace/servo_wrapper/hw/servo_wrapper4.xsa
TRACE::2026-06-11.15:53:57::SCWPlatform::DSA directory D:/vivado_pj/servo_motor_ip_pj/workspace/servo_wrapper/hw
TRACE::2026-06-11.15:53:57::SCWPlatform:: Platform Path D:/vivado_pj/servo_motor_ip_pj/workspace/servo_wrapper/hw/servo_wrapper4.xsa
TRACE::2026-06-11.15:53:57::SCWPlatform:: Unique name xilinx:basys3::0.0
TRACE::2026-06-11.15:53:57::SCWPlatform::Trying to set the existing hwdb with name servo_wrapper_12
TRACE::2026-06-11.15:53:57::SCWPlatform::Opened existing hwdb servo_wrapper_12
TRACE::2026-06-11.15:53:57::SCWPlatform::Found the Hw Db part of the input DSA
TRACE::2026-06-11.15:53:57::SCWMssOS::Checking the sw design at  D:/vivado_pj/servo_motor_ip_pj/workspace/servo_wrapper/microblaze_0/standalone_microblaze_0/bsp/system.mss
TRACE::2026-06-11.15:53:57::SCWMssOS::DEBUG:  swdes dump  D:/vivado_pj/servo_motor_ip_pj/workspace/servo_wrapper/microblaze_0/standalone_microblaze_0/bsp/system.mss|system||

TRACE::2026-06-11.15:53:57::SCWMssOS::Sw design exists and opened at  D:/vivado_pj/servo_motor_ip_pj/workspace/servo_wrapper/microblaze_0/standalone_microblaze_0/bsp/system.mss
TRACE::2026-06-11.15:53:57::SCWMssOS::Completed writing the mss file at D:/vivado_pj/servo_motor_ip_pj/workspace/servo_wrapper/microblaze_0/standalone_microblaze_0/bsp
TRACE::2026-06-11.15:53:57::SCWMssOS::Mss edits present, copying mssfile into export location D:/vivado_pj/servo_motor_ip_pj/workspace/servo_wrapper/microblaze_0/standalone_microblaze_0/bsp/system.mss
TRACE::2026-06-11.15:53:57::SCWMssOS::bsp generated is stale removing and regenerating. 
TRACE::2026-06-11.15:53:58::SCWMssOS::doing bsp build ... 
TRACE::2026-06-11.15:53:58::SCWMssOS::System Command Ran  D: & cd  D:/vivado_pj/servo_motor_ip_pj/workspace/servo_wrapper/microblaze_0/standalone_microblaze_0/bsp & make 
TRACE::2026-06-11.15:53:58::SCWMssOS::make --no-print-directory seq_libs

TRACE::2026-06-11.15:53:58::SCWMssOS::'Finished building libraries sequentially.'

TRACE::2026-06-11.15:53:58::SCWMssOS::make -j 18 --no-print-directory par_libs

TRACE::2026-06-11.15:53:58::SCWMssOS::"Running Make include in microblaze_0/libsrc/bram_v4_8/src"

TRACE::2026-06-11.15:53:58::SCWMssOS::make -C microblaze_0/libsrc/bram_v4_8/src -s include  "SHELL=CMD" "COMPILER=mb-gcc" "ASSEMBLER=mb-as" "ARCHIVER=mb-ar" "COMPILE
TRACE::2026-06-11.15:53:58::SCWMssOS::R_FLAGS=  -O2 -c -mcpu=v11.0 -mlittle-endian -mxl-soft-mul" "EXTRA_COMPILER_FLAGS=-g -ffunction-sections -fdata-sections -Wall 
TRACE::2026-06-11.15:53:58::SCWMssOS::-Wextra -fno-tree-loop-distribute-patterns"

TRACE::2026-06-11.15:53:58::SCWMssOS::"Running Make include in microblaze_0/libsrc/cpu_v2_17/src"

TRACE::2026-06-11.15:53:58::SCWMssOS::make -C microblaze_0/libsrc/cpu_v2_17/src -s include  "SHELL=CMD" "COMPILER=mb-gcc" "ASSEMBLER=mb-as" "ARCHIVER=mb-ar" "COMPILE
TRACE::2026-06-11.15:53:58::SCWMssOS::R_FLAGS=  -O2 -c -mcpu=v11.0 -mlittle-endian -mxl-soft-mul" "EXTRA_COMPILER_FLAGS=-g -ffunction-sections -fdata-sections -Wall 
TRACE::2026-06-11.15:53:58::SCWMssOS::-Wextra -fno-tree-loop-distribute-patterns"

TRACE::2026-06-11.15:53:58::SCWMssOS::"Running Make include in microblaze_0/libsrc/gpio_v4_9/src"

TRACE::2026-06-11.15:53:58::SCWMssOS::make -C microblaze_0/libsrc/gpio_v4_9/src -s include  "SHELL=CMD" "COMPILER=mb-gcc" "ASSEMBLER=mb-as" "ARCHIVER=mb-ar" "COMPILE
TRACE::2026-06-11.15:53:58::SCWMssOS::R_FLAGS=  -O2 -c -mcpu=v11.0 -mlittle-endian -mxl-soft-mul" "EXTRA_COMPILER_FLAGS=-g -ffunction-sections -fdata-sections -Wall 
TRACE::2026-06-11.15:53:58::SCWMssOS::-Wextra -fno-tree-loop-distribute-patterns"

TRACE::2026-06-11.15:53:58::SCWMssOS::"Running Make include in microblaze_0/libsrc/standalone_v8_1/src"

TRACE::2026-06-11.15:53:58::SCWMssOS::make -C microblaze_0/libsrc/standalone_v8_1/src -s include  "SHELL=CMD" "COMPILER=mb-gcc" "ASSEMBLER=mb-as" "ARCHIVER=mb-ar" "C
TRACE::2026-06-11.15:53:58::SCWMssOS::OMPILER_FLAGS=  -O2 -c -mcpu=v11.0 -mlittle-endian -mxl-soft-mul" "EXTRA_COMPILER_FLAGS=-g -ffunction-sections -fdata-sections 
TRACE::2026-06-11.15:53:58::SCWMssOS::-Wall -Wextra -fno-tree-loop-distribute-patterns"

TRACE::2026-06-11.15:53:58::SCWMssOS::"Running Make include in microblaze_0/libsrc/uartlite_v3_8/src"

TRACE::2026-06-11.15:53:58::SCWMssOS::make -C microblaze_0/libsrc/uartlite_v3_8/src -s include  "SHELL=CMD" "COMPILER=mb-gcc" "ASSEMBLER=mb-as" "ARCHIVER=mb-ar" "COM
TRACE::2026-06-11.15:53:58::SCWMssOS::PILER_FLAGS=  -O2 -c -mcpu=v11.0 -mlittle-endian -mxl-soft-mul" "EXTRA_COMPILER_FLAGS=-g -ffunction-sections -fdata-sections -W
TRACE::2026-06-11.15:53:58::SCWMssOS::all -Wextra -fno-tree-loop-distribute-patterns"

TRACE::2026-06-11.15:53:58::SCWMssOS::"Running Make libs in microblaze_0/libsrc/bram_v4_8/src"

TRACE::2026-06-11.15:53:58::SCWMssOS::make -C microblaze_0/libsrc/bram_v4_8/src -s libs  "SHELL=CMD" "COMPILER=mb-gcc" "ASSEMBLER=mb-as" "ARCHIVER=mb-ar" "COMPILER_F
TRACE::2026-06-11.15:53:58::SCWMssOS::LAGS=  -O2 -c -mcpu=v11.0 -mlittle-endian -mxl-soft-mul" "EXTRA_COMPILER_FLAGS=-g -ffunction-sections -fdata-sections -Wall -We
TRACE::2026-06-11.15:53:58::SCWMssOS::xtra -fno-tree-loop-distribute-patterns"

TRACE::2026-06-11.15:53:58::SCWMssOS::"Running Make libs in microblaze_0/libsrc/cpu_v2_17/src"

TRACE::2026-06-11.15:53:58::SCWMssOS::make -C microblaze_0/libsrc/cpu_v2_17/src -s libs  "SHELL=CMD" "COMPILER=mb-gcc" "ASSEMBLER=mb-as" "ARCHIVER=mb-ar" "COMPILER_F
TRACE::2026-06-11.15:53:58::SCWMssOS::LAGS=  -O2 -c -mcpu=v11.0 -mlittle-endian -mxl-soft-mul" "EXTRA_COMPILER_FLAGS=-g -ffunction-sections -fdata-sections -Wall -We
TRACE::2026-06-11.15:53:58::SCWMssOS::xtra -fno-tree-loop-distribute-patterns"

TRACE::2026-06-11.15:53:58::SCWMssOS::"Running Make libs in microblaze_0/libsrc/gpio_v4_9/src"

TRACE::2026-06-11.15:53:58::SCWMssOS::make -C microblaze_0/libsrc/gpio_v4_9/src -s libs  "SHELL=CMD" "COMPILER=mb-gcc" "ASSEMBLER=mb-as" "ARCHIVER=mb-ar" "COMPILER_F
TRACE::2026-06-11.15:53:58::SCWMssOS::LAGS=  -O2 -c -mcpu=v11.0 -mlittle-endian -mxl-soft-mul" "EXTRA_COMPILER_FLAGS=-g -ffunction-sections -fdata-sections -Wall -We
TRACE::2026-06-11.15:53:58::SCWMssOS::xtra -fno-tree-loop-distribute-patterns"

TRACE::2026-06-11.15:53:58::SCWMssOS::"Running Make libs in microblaze_0/libsrc/standalone_v8_1/src"

TRACE::2026-06-11.15:53:58::SCWMssOS::make -C microblaze_0/libsrc/standalone_v8_1/src -s libs  "SHELL=CMD" "COMPILER=mb-gcc" "ASSEMBLER=mb-as" "ARCHIVER=mb-ar" "COMP
TRACE::2026-06-11.15:53:58::SCWMssOS::ILER_FLAGS=  -O2 -c -mcpu=v11.0 -mlittle-endian -mxl-soft-mul" "EXTRA_COMPILER_FLAGS=-g -ffunction-sections -fdata-sections -Wa
TRACE::2026-06-11.15:53:58::SCWMssOS::ll -Wextra -fno-tree-loop-distribute-patterns"

TRACE::2026-06-11.15:53:58::SCWMssOS::"Running Make libs in microblaze_0/libsrc/uartlite_v3_8/src"

TRACE::2026-06-11.15:53:58::SCWMssOS::make -C microblaze_0/libsrc/uartlite_v3_8/src -s libs  "SHELL=CMD" "COMPILER=mb-gcc" "ASSEMBLER=mb-as" "ARCHIVER=mb-ar" "COMPIL
TRACE::2026-06-11.15:53:58::SCWMssOS::ER_FLAGS=  -O2 -c -mcpu=v11.0 -mlittle-endian -mxl-soft-mul" "EXTRA_COMPILER_FLAGS=-g -ffunction-sections -fdata-sections -Wall
TRACE::2026-06-11.15:53:58::SCWMssOS:: -Wextra -fno-tree-loop-distribute-patterns"

TRACE::2026-06-11.15:53:59::SCWMssOS::"DEBUG NON_LTO_OBJECTS is ../../../lib/microblaze_interrupt_handler.o"

TRACE::2026-06-11.15:53:59::SCWMssOS::'Finished building libraries parallelly.'

TRACE::2026-06-11.15:53:59::SCWMssOS::make --no-print-directory archive

TRACE::2026-06-11.15:53:59::SCWMssOS::mb-ar -r  microblaze_0/lib/libxil.a microblaze_0/lib/_exit.o microblaze_0/lib/errno.o microblaze_0/lib/fcntl.o microblaze_0/lib
TRACE::2026-06-11.15:53:59::SCWMssOS::/hw_exception_handler.o microblaze_0/lib/inbyte.o microblaze_0/lib/microblaze_disable_dcache.o microblaze_0/lib/microblaze_disa
TRACE::2026-06-11.15:53:59::SCWMssOS::ble_exceptions.o microblaze_0/lib/microblaze_disable_icache.o microblaze_0/lib/microblaze_disable_interrupts.o microblaze_0/lib
TRACE::2026-06-11.15:53:59::SCWMssOS::/microblaze_enable_dcache.o microblaze_0/lib/microblaze_enable_exceptions.o microblaze_0/lib/microblaze_enable_icache.o microbl
TRACE::2026-06-11.15:53:59::SCWMssOS::aze_0/lib/microblaze_enable_interrupts.o microblaze_0/lib/microblaze_exception_handler.o microblaze_0/lib/microblaze_flush_cach
TRACE::2026-06-11.15:53:59::SCWMssOS::e_ext.o microblaze_0/lib/microblaze_flush_cache_ext_range.o microblaze_0/lib/microblaze_flush_dcache.o microblaze_0/lib/microbl
TRACE::2026-06-11.15:53:59::SCWMssOS::aze_flush_dcache_range.o microblaze_0/lib/microblaze_init_dcache_range.o microblaze_0/lib/microblaze_init_icache_range.o microb
TRACE::2026-06-11.15:53:59::SCWMssOS::laze_0/lib/microblaze_interrupt_handler.o microblaze_0/lib/microblaze_interrupts_g.o microblaze_0/lib/microblaze_invalidate_cac
TRACE::2026-06-11.15:53:59::SCWMssOS::he_ext.o microblaze_0/lib/microblaze_invalidate_cache_ext_range.o microblaze_0/lib/microblaze_invalidate_dcache.o microblaze_0/
TRACE::2026-06-11.15:53:59::SCWMssOS::lib/microblaze_invalidate_dcache_range.o microblaze_0/lib/microblaze_invalidate_icache.o microblaze_0/lib/microblaze_invalidate
TRACE::2026-06-11.15:53:59::SCWMssOS::_icache_range.o microblaze_0/lib/microblaze_scrub.o microblaze_0/lib/microblaze_selftest.o microblaze_0/lib/microblaze_sleep.o 
TRACE::2026-06-11.15:53:59::SCWMssOS::microblaze_0/lib/microblaze_update_dcache.o microblaze_0/lib/microblaze_update_icache.o microblaze_0/lib/outbyte.o microblaze_0
TRACE::2026-06-11.15:53:59::SCWMssOS::/lib/print.o microblaze_0/lib/pvr.o microblaze_0/lib/xbram.o microblaze_0/lib/xbram_g.o microblaze_0/lib/xbram_intr.o microblaz
TRACE::2026-06-11.15:53:59::SCWMssOS::e_0/lib/xbram_selftest.o microblaze_0/lib/xbram_sinit.o microblaze_0/lib/xgpio.o microblaze_0/lib/xgpio_extra.o microblaze_0/li
TRACE::2026-06-11.15:53:59::SCWMssOS::b/xgpio_g.o microblaze_0/lib/xgpio_intr.o microblaze_0/lib/xgpio_selftest.o microblaze_0/lib/xgpio_sinit.o microblaze_0/lib/xil
TRACE::2026-06-11.15:53:59::SCWMssOS::_assert.o microblaze_0/lib/xil_cache.o microblaze_0/lib/xil_clocking.o microblaze_0/lib/xil_exception.o microblaze_0/lib/xil_me
TRACE::2026-06-11.15:53:59::SCWMssOS::m.o microblaze_0/lib/xil_misc_psreset_api.o microblaze_0/lib/xil_printf.o microblaze_0/lib/xil_sleepcommon.o microblaze_0/lib/x
TRACE::2026-06-11.15:53:59::SCWMssOS::il_testcache.o microblaze_0/lib/xil_testio.o microblaze_0/lib/xil_testmem.o microblaze_0/lib/xil_util.o microblaze_0/lib/xinter
TRACE::2026-06-11.15:53:59::SCWMssOS::rupt_wrap.o microblaze_0/lib/xio.o microblaze_0/lib/xplatform_info.o microblaze_0/lib/xuartlite.o microblaze_0/lib/xuartlite_g.
TRACE::2026-06-11.15:53:59::SCWMssOS::o microblaze_0/lib/xuartlite_intr.o microblaze_0/lib/xuartlite_l.o microblaze_0/lib/xuartlite_selftest.o microblaze_0/lib/xuart
TRACE::2026-06-11.15:53:59::SCWMssOS::lite_sinit.o microblaze_0/lib/xuartlite_stats.o

TRACE::2026-06-11.15:53:59::SCWMssOS::'Finished building libraries'

TRACE::2026-06-11.15:53:59::SCWMssOS:: Checking if to create the Supporting Applications
TRACE::2026-06-11.15:53:59::SCWMssOS:: No Linux domain exists, trying to generate FSBL 
LOG::2026-06-11.15:53:59::SCWSystem::Completed Processing the domain standalone_microblaze_0
LOG::2026-06-11.15:53:59::SCWSystem::Completed Processing the sysconfig servo_wrapper
LOG::2026-06-11.15:53:59::SCWPlatform::Completed generating the artifacts for system configuration servo_wrapper
TRACE::2026-06-11.15:53:59::SCWPlatform::Started preparing the platform 
TRACE::2026-06-11.15:53:59::SCWSystem::Writing the bif file for system config servo_wrapper
TRACE::2026-06-11.15:53:59::SCWSystem::dir created 
TRACE::2026-06-11.15:53:59::SCWSystem::Writing the bif 
TRACE::2026-06-11.15:53:59::SCWPlatform::Started writing the spfm file 
TRACE::2026-06-11.15:53:59::SCWPlatform::Started writing the xpfm file 
TRACE::2026-06-11.15:53:59::SCWPlatform::Completed generating the platform
TRACE::2026-06-11.15:53:59::SCWMssOS::Saving the mss changes D:/vivado_pj/servo_motor_ip_pj/workspace/servo_wrapper/microblaze_0/standalone_microblaze_0/bsp/system.mss
TRACE::2026-06-11.15:53:59::SCWMssOS::Adding the swdes entry, mss present, able to open swdb D:/vivado_pj/servo_motor_ip_pj/workspace/servo_wrapper/microblaze_0/standalone_microblaze_0/bsp/system.mss with des name system
TRACE::2026-06-11.15:53:59::SCWMssOS::Writing the mss file completed D:/vivado_pj/servo_motor_ip_pj/workspace/servo_wrapper/microblaze_0/standalone_microblaze_0/bsp/system.mss
TRACE::2026-06-11.15:53:59::SCWMssOS::Commit changes completed.
TRACE::2026-06-11.15:53:59::SCWPlatform::Trying to open the hw design at D:/vivado_pj/servo_motor_ip_pj/workspace/servo_wrapper/hw/servo_wrapper4.xsa
TRACE::2026-06-11.15:53:59::SCWPlatform::DSA given D:/vivado_pj/servo_motor_ip_pj/workspace/servo_wrapper/hw/servo_wrapper4.xsa
TRACE::2026-06-11.15:53:59::SCWPlatform::DSA absoulate path D:/vivado_pj/servo_motor_ip_pj/workspace/servo_wrapper/hw/servo_wrapper4.xsa
TRACE::2026-06-11.15:53:59::SCWPlatform::DSA directory D:/vivado_pj/servo_motor_ip_pj/workspace/servo_wrapper/hw
TRACE::2026-06-11.15:53:59::SCWPlatform:: Platform Path D:/vivado_pj/servo_motor_ip_pj/workspace/servo_wrapper/hw/servo_wrapper4.xsa
TRACE::2026-06-11.15:53:59::SCWPlatform:: Unique name xilinx:basys3::0.0
TRACE::2026-06-11.15:53:59::SCWPlatform::Trying to set the existing hwdb with name servo_wrapper_12
TRACE::2026-06-11.15:53:59::SCWPlatform::Opened existing hwdb servo_wrapper_12
TRACE::2026-06-11.15:53:59::SCWPlatform::Found the Hw Db part of the input DSA
TRACE::2026-06-11.15:53:59::SCWMssOS::Checking the sw design at  D:/vivado_pj/servo_motor_ip_pj/workspace/servo_wrapper/microblaze_0/standalone_microblaze_0/bsp/system.mss
TRACE::2026-06-11.15:53:59::SCWMssOS::DEBUG:  swdes dump  D:/vivado_pj/servo_motor_ip_pj/workspace/servo_wrapper/microblaze_0/standalone_microblaze_0/bsp/system.mss|system||

TRACE::2026-06-11.15:53:59::SCWMssOS::Sw design exists and opened at  D:/vivado_pj/servo_motor_ip_pj/workspace/servo_wrapper/microblaze_0/standalone_microblaze_0/bsp/system.mss
TRACE::2026-06-11.15:53:59::SCWWriter::formatted JSON is {
	"platformName":	"servo_wrapper",
	"sprVersion":	"2.0",
	"mode":	"gui",
	"dsaType":	"Fixed",
	"platformDesc":	"servo_wrapper",
	"platHandOff":	"D:/vivado_pj/servo_motor_ip_pj/servo_wrapper4.xsa",
	"platIntHandOff":	"<platformDir>/hw/servo_wrapper4.xsa",
	"deviceType":	"FPGA",
	"platIsPrebuiltAutogen":	"false",
	"platIsNoBootBsp":	"false",
	"hasFsblMakeHasChanges":	"false",
	"hasPmufwMakeHasChanges":	"false",
	"platPreBuiltFlag":	false,
	"platformSamplesDir":	"",
	"platActiveSys":	"servo_wrapper",
	"systems":	[{
			"systemName":	"servo_wrapper",
			"systemDesc":	"servo_wrapper",
			"sysIsBootAutoGen":	"true",
			"systemDispName":	"servo_wrapper",
			"sysActiveDom":	"standalone_microblaze_0",
			"sysDefaultDom":	"standalone_microblaze_0",
			"domains":	[{
					"domainName":	"standalone_microblaze_0",
					"domainDispName":	"standalone_microblaze_0",
					"domainDesc":	"standalone_microblaze_0",
					"processors":	"microblaze_0",
					"os":	"standalone",
					"sdxOs":	"standalone",
					"debugEnable":	"False",
					"domRuntimes":	["cpp"],
					"swRepo":	"",
					"mssOsVer":	"8.1",
					"mssFile":	"",
					"md5Digest":	"8655cd928e5087cbb216b5791aa99bac",
					"compatibleApp":	"",
					"domType":	"mssDomain",
					"arch":	"32-bit",
					"appSettings":	{
						"appCompilerFlags":	"",
						"appLinkerFlags":	""
					},
					"addedLibs":	[],
					"libOptions":	{
						"libsContainingOptions":	[]
					},
					"prebuiltLibs":	{
						"prebuiltIncPath":	[],
						"prebuiltLibPath":	[]
					},
					"isolation":	{
					}
				}]
		}]
}
KEYINFO::2026-06-11.15:53:59::SCWPlatform::updated the xpfm file.
TRACE::2026-06-11.15:54:00::SCWPlatform::Trying to open the hw design at D:/vivado_pj/servo_motor_ip_pj/workspace/servo_wrapper/hw/servo_wrapper4.xsa
TRACE::2026-06-11.15:54:00::SCWPlatform::DSA given D:/vivado_pj/servo_motor_ip_pj/workspace/servo_wrapper/hw/servo_wrapper4.xsa
TRACE::2026-06-11.15:54:00::SCWPlatform::DSA absoulate path D:/vivado_pj/servo_motor_ip_pj/workspace/servo_wrapper/hw/servo_wrapper4.xsa
TRACE::2026-06-11.15:54:00::SCWPlatform::DSA directory D:/vivado_pj/servo_motor_ip_pj/workspace/servo_wrapper/hw
TRACE::2026-06-11.15:54:00::SCWPlatform:: Platform Path D:/vivado_pj/servo_motor_ip_pj/workspace/servo_wrapper/hw/servo_wrapper4.xsa
TRACE::2026-06-11.15:54:00::SCWPlatform:: Unique name xilinx:basys3::0.0
TRACE::2026-06-11.15:54:00::SCWPlatform::Trying to set the existing hwdb with name servo_wrapper_12
TRACE::2026-06-11.15:54:00::SCWPlatform::Opened existing hwdb servo_wrapper_12
TRACE::2026-06-11.15:54:00::SCWPlatform::Found the Hw Db part of the input DSA
TRACE::2026-06-11.15:54:00::SCWMssOS::Checking the sw design at  D:/vivado_pj/servo_motor_ip_pj/workspace/servo_wrapper/microblaze_0/standalone_microblaze_0/bsp/system.mss
TRACE::2026-06-11.15:54:00::SCWMssOS::DEBUG:  swdes dump  D:/vivado_pj/servo_motor_ip_pj/workspace/servo_wrapper/microblaze_0/standalone_microblaze_0/bsp/system.mss|system||

TRACE::2026-06-11.15:54:00::SCWMssOS::Sw design exists and opened at  D:/vivado_pj/servo_motor_ip_pj/workspace/servo_wrapper/microblaze_0/standalone_microblaze_0/bsp/system.mss
TRACE::2026-06-11.16:28:21::SCWPlatform::Trying to open the hw design at D:/vivado_pj/servo_motor_ip_pj/workspace/servo_wrapper/hw/servo_wrapper4.xsa
TRACE::2026-06-11.16:28:21::SCWPlatform::DSA given D:/vivado_pj/servo_motor_ip_pj/workspace/servo_wrapper/hw/servo_wrapper4.xsa
TRACE::2026-06-11.16:28:21::SCWPlatform::DSA absoulate path D:/vivado_pj/servo_motor_ip_pj/workspace/servo_wrapper/hw/servo_wrapper4.xsa
TRACE::2026-06-11.16:28:21::SCWPlatform::DSA directory D:/vivado_pj/servo_motor_ip_pj/workspace/servo_wrapper/hw
TRACE::2026-06-11.16:28:21::SCWPlatform:: Platform Path D:/vivado_pj/servo_motor_ip_pj/workspace/servo_wrapper/hw/servo_wrapper4.xsa
TRACE::2026-06-11.16:28:21::SCWPlatform:: Unique name xilinx:basys3::0.0
TRACE::2026-06-11.16:28:21::SCWPlatform::Do not have an existing db opened. 
TRACE::2026-06-11.16:28:21::SCWPlatform::Opened new HwDB with name servo_wrapper
TRACE::2026-06-11.16:28:21::SCWReader::Active system found as  servo_wrapper
TRACE::2026-06-11.16:28:21::SCWReader::Handling sysconfig servo_wrapper
TRACE::2026-06-11.16:28:21::SCWDomain::checking for install qemu data   : 
TRACE::2026-06-11.16:28:21::SCWPlatform::Trying to open the hw design at D:/vivado_pj/servo_motor_ip_pj/workspace/servo_wrapper/hw/servo_wrapper4.xsa
TRACE::2026-06-11.16:28:21::SCWPlatform::DSA given D:/vivado_pj/servo_motor_ip_pj/workspace/servo_wrapper/hw/servo_wrapper4.xsa
TRACE::2026-06-11.16:28:21::SCWPlatform::DSA absoulate path D:/vivado_pj/servo_motor_ip_pj/workspace/servo_wrapper/hw/servo_wrapper4.xsa
TRACE::2026-06-11.16:28:21::SCWPlatform::DSA directory D:/vivado_pj/servo_motor_ip_pj/workspace/servo_wrapper/hw
TRACE::2026-06-11.16:28:21::SCWPlatform:: Platform Path D:/vivado_pj/servo_motor_ip_pj/workspace/servo_wrapper/hw/servo_wrapper4.xsa
TRACE::2026-06-11.16:28:21::SCWPlatform:: Unique name xilinx:basys3::0.0
TRACE::2026-06-11.16:28:21::SCWPlatform::Trying to set the existing hwdb with name servo_wrapper
TRACE::2026-06-11.16:28:21::SCWPlatform::Opened existing hwdb servo_wrapper
TRACE::2026-06-11.16:28:21::SCWPlatform::Found the Hw Db part of the input DSA
TRACE::2026-06-11.16:28:21::SCWPlatform::Trying to open the hw design at D:/vivado_pj/servo_motor_ip_pj/workspace/servo_wrapper/hw/servo_wrapper4.xsa
TRACE::2026-06-11.16:28:21::SCWPlatform::DSA given D:/vivado_pj/servo_motor_ip_pj/workspace/servo_wrapper/hw/servo_wrapper4.xsa
TRACE::2026-06-11.16:28:21::SCWPlatform::DSA absoulate path D:/vivado_pj/servo_motor_ip_pj/workspace/servo_wrapper/hw/servo_wrapper4.xsa
TRACE::2026-06-11.16:28:21::SCWPlatform::DSA directory D:/vivado_pj/servo_motor_ip_pj/workspace/servo_wrapper/hw
TRACE::2026-06-11.16:28:21::SCWPlatform:: Platform Path D:/vivado_pj/servo_motor_ip_pj/workspace/servo_wrapper/hw/servo_wrapper4.xsa
TRACE::2026-06-11.16:28:21::SCWPlatform:: Unique name xilinx:basys3::0.0
TRACE::2026-06-11.16:28:21::SCWPlatform::Trying to set the existing hwdb with name servo_wrapper
TRACE::2026-06-11.16:28:21::SCWPlatform::Opened existing hwdb servo_wrapper
TRACE::2026-06-11.16:28:21::SCWPlatform::Found the Hw Db part of the input DSA
TRACE::2026-06-11.16:28:21::SCWPlatform::Trying to open the hw design at D:/vivado_pj/servo_motor_ip_pj/workspace/servo_wrapper/hw/servo_wrapper4.xsa
TRACE::2026-06-11.16:28:21::SCWPlatform::DSA given D:/vivado_pj/servo_motor_ip_pj/workspace/servo_wrapper/hw/servo_wrapper4.xsa
TRACE::2026-06-11.16:28:21::SCWPlatform::DSA absoulate path D:/vivado_pj/servo_motor_ip_pj/workspace/servo_wrapper/hw/servo_wrapper4.xsa
TRACE::2026-06-11.16:28:21::SCWPlatform::DSA directory D:/vivado_pj/servo_motor_ip_pj/workspace/servo_wrapper/hw
TRACE::2026-06-11.16:28:21::SCWPlatform:: Platform Path D:/vivado_pj/servo_motor_ip_pj/workspace/servo_wrapper/hw/servo_wrapper4.xsa
TRACE::2026-06-11.16:28:21::SCWPlatform:: Unique name xilinx:basys3::0.0
TRACE::2026-06-11.16:28:21::SCWPlatform::Trying to set the existing hwdb with name servo_wrapper
TRACE::2026-06-11.16:28:21::SCWPlatform::Opened existing hwdb servo_wrapper
TRACE::2026-06-11.16:28:21::SCWPlatform::Found the Hw Db part of the input DSA
TRACE::2026-06-11.16:28:21::SCWPlatform::Trying to open the hw design at D:/vivado_pj/servo_motor_ip_pj/workspace/servo_wrapper/hw/servo_wrapper4.xsa
TRACE::2026-06-11.16:28:21::SCWPlatform::DSA given D:/vivado_pj/servo_motor_ip_pj/workspace/servo_wrapper/hw/servo_wrapper4.xsa
TRACE::2026-06-11.16:28:21::SCWPlatform::DSA absoulate path D:/vivado_pj/servo_motor_ip_pj/workspace/servo_wrapper/hw/servo_wrapper4.xsa
TRACE::2026-06-11.16:28:21::SCWPlatform::DSA directory D:/vivado_pj/servo_motor_ip_pj/workspace/servo_wrapper/hw
TRACE::2026-06-11.16:28:21::SCWPlatform:: Platform Path D:/vivado_pj/servo_motor_ip_pj/workspace/servo_wrapper/hw/servo_wrapper4.xsa
TRACE::2026-06-11.16:28:21::SCWPlatform:: Unique name xilinx:basys3::0.0
TRACE::2026-06-11.16:28:21::SCWPlatform::Trying to set the existing hwdb with name servo_wrapper
TRACE::2026-06-11.16:28:21::SCWPlatform::Opened existing hwdb servo_wrapper
TRACE::2026-06-11.16:28:21::SCWPlatform::Found the Hw Db part of the input DSA
TRACE::2026-06-11.16:28:21::SCWMssOS::Checking the sw design at  D:/vivado_pj/servo_motor_ip_pj/workspace/servo_wrapper/microblaze_0/standalone_microblaze_0/bsp/system.mss
TRACE::2026-06-11.16:28:21::SCWMssOS::DEBUG:  swdes dump  
TRACE::2026-06-11.16:28:21::SCWMssOS::No sw design opened at  D:/vivado_pj/servo_motor_ip_pj/workspace/servo_wrapper/microblaze_0/standalone_microblaze_0/bsp/system.mss
TRACE::2026-06-11.16:28:21::SCWMssOS::mss exists loading the mss file  D:/vivado_pj/servo_motor_ip_pj/workspace/servo_wrapper/microblaze_0/standalone_microblaze_0/bsp/system.mss
TRACE::2026-06-11.16:28:21::SCWMssOS::Opened the sw design from mss  D:/vivado_pj/servo_motor_ip_pj/workspace/servo_wrapper/microblaze_0/standalone_microblaze_0/bsp/system.mss
TRACE::2026-06-11.16:28:21::SCWMssOS::Adding the swdes entry D:/vivado_pj/servo_motor_ip_pj/workspace/servo_wrapper/microblaze_0/standalone_microblaze_0/bsp/system.mss with des name system
TRACE::2026-06-11.16:28:21::SCWMssOS::updating the scw layer about changes
TRACE::2026-06-11.16:28:21::SCWMssOS::Opened the sw design.  D:/vivado_pj/servo_motor_ip_pj/workspace/servo_wrapper/microblaze_0/standalone_microblaze_0/bsp/system.mss
TRACE::2026-06-11.16:28:21::SCWMssOS::Saving the mss changes D:/vivado_pj/servo_motor_ip_pj/workspace/servo_wrapper/microblaze_0/standalone_microblaze_0/bsp/system.mss
TRACE::2026-06-11.16:28:21::SCWMssOS::Found a swdesign opened with the mssfile.
TRACE::2026-06-11.16:28:21::SCWMssOS::Completed writemss as part of save.
TRACE::2026-06-11.16:28:21::SCWMssOS::Commit changes completed.
TRACE::2026-06-11.16:28:21::SCWReader::Adding prebuilt librarypaths as   
TRACE::2026-06-11.16:28:21::SCWReader::Adding prebuilt incpaths  as   
TRACE::2026-06-11.16:28:21::SCWPlatform::Trying to open the hw design at D:/vivado_pj/servo_motor_ip_pj/workspace/servo_wrapper/hw/servo_wrapper4.xsa
TRACE::2026-06-11.16:28:21::SCWPlatform::DSA given D:/vivado_pj/servo_motor_ip_pj/workspace/servo_wrapper/hw/servo_wrapper4.xsa
TRACE::2026-06-11.16:28:21::SCWPlatform::DSA absoulate path D:/vivado_pj/servo_motor_ip_pj/workspace/servo_wrapper/hw/servo_wrapper4.xsa
TRACE::2026-06-11.16:28:21::SCWPlatform::DSA directory D:/vivado_pj/servo_motor_ip_pj/workspace/servo_wrapper/hw
TRACE::2026-06-11.16:28:21::SCWPlatform:: Platform Path D:/vivado_pj/servo_motor_ip_pj/workspace/servo_wrapper/hw/servo_wrapper4.xsa
TRACE::2026-06-11.16:28:21::SCWPlatform:: Unique name xilinx:basys3::0.0
TRACE::2026-06-11.16:28:21::SCWPlatform::Trying to set the existing hwdb with name servo_wrapper
TRACE::2026-06-11.16:28:21::SCWPlatform::Opened existing hwdb servo_wrapper
TRACE::2026-06-11.16:28:21::SCWPlatform::Found the Hw Db part of the input DSA
TRACE::2026-06-11.16:28:21::SCWMssOS::Checking the sw design at  D:/vivado_pj/servo_motor_ip_pj/workspace/servo_wrapper/microblaze_0/standalone_microblaze_0/bsp/system.mss
TRACE::2026-06-11.16:28:21::SCWMssOS::DEBUG:  swdes dump  D:/vivado_pj/servo_motor_ip_pj/workspace/servo_wrapper/microblaze_0/standalone_microblaze_0/bsp/system.mss|system||

TRACE::2026-06-11.16:28:21::SCWMssOS::Sw design exists and opened at  D:/vivado_pj/servo_motor_ip_pj/workspace/servo_wrapper/microblaze_0/standalone_microblaze_0/bsp/system.mss
TRACE::2026-06-11.16:28:21::SCWReader::No isolation master present  
TRACE::2026-06-11.16:28:26::SCWPlatform::DSA given D:/vivado_pj/servo_motor_ip_pj/workspace/servo_wrapper/tempdsa/servo_wrapper6.xsa
TRACE::2026-06-11.16:28:26::SCWPlatform::DSA absoulate path D:/vivado_pj/servo_motor_ip_pj/workspace/servo_wrapper/tempdsa/servo_wrapper6.xsa
TRACE::2026-06-11.16:28:26::SCWPlatform:: Platform location is D:/vivado_pj/servo_motor_ip_pj/workspace/servo_wrapper/tempdsa
TRACE::2026-06-11.16:28:26::SCWPlatform:: Platform Path D:/vivado_pj/servo_motor_ip_pj/workspace/servo_wrapper/tempdsa/servo_wrapper6.xsa
TRACE::2026-06-11.16:28:26::SCWPlatform:: Unique name xilinx:basys3::0.0
TRACE::2026-06-11.16:28:26::SCWPlatform::Found the Hw Db part of the input DSA
TRACE::2026-06-11.16:28:26::SCWMssOS::Doing hw sync for the mss in domain: standalone_microblaze_0
TRACE::2026-06-11.16:28:26::SCWPlatform::Trying to open the hw design at D:/vivado_pj/servo_motor_ip_pj/workspace/servo_wrapper/hw/servo_wrapper4.xsa
TRACE::2026-06-11.16:28:26::SCWPlatform::DSA given D:/vivado_pj/servo_motor_ip_pj/workspace/servo_wrapper/hw/servo_wrapper4.xsa
TRACE::2026-06-11.16:28:26::SCWPlatform::DSA absoulate path D:/vivado_pj/servo_motor_ip_pj/workspace/servo_wrapper/hw/servo_wrapper4.xsa
TRACE::2026-06-11.16:28:26::SCWPlatform::DSA directory D:/vivado_pj/servo_motor_ip_pj/workspace/servo_wrapper/hw
TRACE::2026-06-11.16:28:26::SCWPlatform:: Platform Path D:/vivado_pj/servo_motor_ip_pj/workspace/servo_wrapper/hw/servo_wrapper4.xsa
TRACE::2026-06-11.16:28:26::SCWPlatform:: Unique name xilinx:basys3::0.0
TRACE::2026-06-11.16:28:26::SCWPlatform::Trying to set the existing hwdb with name servo_wrapper
TRACE::2026-06-11.16:28:26::SCWPlatform::Opened existing hwdb servo_wrapper
TRACE::2026-06-11.16:28:26::SCWPlatform::Found the Hw Db part of the input DSA
TRACE::2026-06-11.16:28:26::SCWPlatform::Trying to open the hw design at D:/vivado_pj/servo_motor_ip_pj/workspace/servo_wrapper/hw/servo_wrapper4.xsa
TRACE::2026-06-11.16:28:26::SCWPlatform::DSA given D:/vivado_pj/servo_motor_ip_pj/workspace/servo_wrapper/hw/servo_wrapper4.xsa
TRACE::2026-06-11.16:28:26::SCWPlatform::DSA absoulate path D:/vivado_pj/servo_motor_ip_pj/workspace/servo_wrapper/hw/servo_wrapper4.xsa
TRACE::2026-06-11.16:28:26::SCWPlatform::DSA directory D:/vivado_pj/servo_motor_ip_pj/workspace/servo_wrapper/hw
TRACE::2026-06-11.16:28:26::SCWPlatform:: Platform Path D:/vivado_pj/servo_motor_ip_pj/workspace/servo_wrapper/hw/servo_wrapper4.xsa
TRACE::2026-06-11.16:28:26::SCWPlatform:: Unique name xilinx:basys3::0.0
TRACE::2026-06-11.16:28:26::SCWPlatform::Trying to set the existing hwdb with name servo_wrapper
TRACE::2026-06-11.16:28:26::SCWPlatform::Opened existing hwdb servo_wrapper
TRACE::2026-06-11.16:28:26::SCWPlatform::Found the Hw Db part of the input DSA
TRACE::2026-06-11.16:28:26::SCWMssOS::Checking the sw design at  D:/vivado_pj/servo_motor_ip_pj/workspace/servo_wrapper/microblaze_0/standalone_microblaze_0/bsp/system.mss
TRACE::2026-06-11.16:28:26::SCWMssOS::DEBUG:  swdes dump  D:/vivado_pj/servo_motor_ip_pj/workspace/servo_wrapper/microblaze_0/standalone_microblaze_0/bsp/system.mss|system||

TRACE::2026-06-11.16:28:26::SCWMssOS::Sw design exists and opened at  D:/vivado_pj/servo_motor_ip_pj/workspace/servo_wrapper/microblaze_0/standalone_microblaze_0/bsp/system.mss
TRACE::2026-06-11.16:28:26::SCWPlatform::Trying to open the hw design at D:/vivado_pj/servo_motor_ip_pj/workspace/servo_wrapper/tempdsa/servo_wrapper6.xsa
TRACE::2026-06-11.16:28:26::SCWPlatform::DSA given D:/vivado_pj/servo_motor_ip_pj/workspace/servo_wrapper/tempdsa/servo_wrapper6.xsa
TRACE::2026-06-11.16:28:26::SCWPlatform::DSA absoulate path D:/vivado_pj/servo_motor_ip_pj/workspace/servo_wrapper/tempdsa/servo_wrapper6.xsa
TRACE::2026-06-11.16:28:26::SCWPlatform::DSA directory D:/vivado_pj/servo_motor_ip_pj/workspace/servo_wrapper/tempdsa
TRACE::2026-06-11.16:28:26::SCWPlatform:: Platform Path D:/vivado_pj/servo_motor_ip_pj/workspace/servo_wrapper/tempdsa/servo_wrapper6.xsa
TRACE::2026-06-11.16:28:26::SCWPlatform:: Unique name xilinx:basys3::0.0
TRACE::2026-06-11.16:28:26::SCWPlatform::update - Opened existing hwdb servo_wrapper_0
TRACE::2026-06-11.16:28:26::SCWPlatform::Found the Hw Db part of the input DSA
TRACE::2026-06-11.16:28:26::SCWMssOS::Saving the mss changes D:/vivado_pj/servo_motor_ip_pj/workspace/servo_wrapper/microblaze_0/standalone_microblaze_0/bsp/system.mss
TRACE::2026-06-11.16:28:26::SCWMssOS::Found a swdesign opened with the mssfile.
TRACE::2026-06-11.16:28:26::SCWMssOS::Completed writemss as part of save.
TRACE::2026-06-11.16:28:26::SCWMssOS::Commit changes completed.
TRACE::2026-06-11.16:28:26::SCWMssOS::Completed hw sync for the mss in domain: standalone_microblaze_0
TRACE::2026-06-11.16:28:26::SCWMssOS::Removing the swdes entry for  D:/vivado_pj/servo_motor_ip_pj/workspace/servo_wrapper/microblaze_0/standalone_microblaze_0/bsp/system.mss
TRACE::2026-06-11.16:28:26::SCWPlatform::Trying to open the hw design at D:/vivado_pj/servo_motor_ip_pj/workspace/servo_wrapper/hw/servo_wrapper6.xsa
TRACE::2026-06-11.16:28:26::SCWPlatform::DSA given D:/vivado_pj/servo_motor_ip_pj/workspace/servo_wrapper/hw/servo_wrapper6.xsa
TRACE::2026-06-11.16:28:26::SCWPlatform::DSA absoulate path D:/vivado_pj/servo_motor_ip_pj/workspace/servo_wrapper/hw/servo_wrapper6.xsa
TRACE::2026-06-11.16:28:26::SCWPlatform::DSA directory D:/vivado_pj/servo_motor_ip_pj/workspace/servo_wrapper/hw
TRACE::2026-06-11.16:28:26::SCWPlatform:: Platform Path D:/vivado_pj/servo_motor_ip_pj/workspace/servo_wrapper/hw/servo_wrapper6.xsa
TRACE::2026-06-11.16:28:26::SCWPlatform:: Unique name xilinx:basys3::0.0
TRACE::2026-06-11.16:28:26::SCWPlatform::Do not have an existing db opened. 
TRACE::2026-06-11.16:28:26::SCWPlatform::Opened new HwDB with name servo_wrapper_1
TRACE::2026-06-11.16:28:26::SCWMssOS::Saving the mss changes D:/vivado_pj/servo_motor_ip_pj/workspace/servo_wrapper/microblaze_0/standalone_microblaze_0/bsp/system.mss
TRACE::2026-06-11.16:28:26::SCWMssOS::Adding the swdes entry, mss present, able to open swdb D:/vivado_pj/servo_motor_ip_pj/workspace/servo_wrapper/microblaze_0/standalone_microblaze_0/bsp/system.mss with des name system
TRACE::2026-06-11.16:28:26::SCWMssOS::Writing the mss file completed D:/vivado_pj/servo_motor_ip_pj/workspace/servo_wrapper/microblaze_0/standalone_microblaze_0/bsp/system.mss
TRACE::2026-06-11.16:28:26::SCWMssOS::Commit changes completed.
TRACE::2026-06-11.16:28:26::SCWPlatform::Trying to open the hw design at D:/vivado_pj/servo_motor_ip_pj/workspace/servo_wrapper/hw/servo_wrapper6.xsa
TRACE::2026-06-11.16:28:26::SCWPlatform::DSA given D:/vivado_pj/servo_motor_ip_pj/workspace/servo_wrapper/hw/servo_wrapper6.xsa
TRACE::2026-06-11.16:28:26::SCWPlatform::DSA absoulate path D:/vivado_pj/servo_motor_ip_pj/workspace/servo_wrapper/hw/servo_wrapper6.xsa
TRACE::2026-06-11.16:28:26::SCWPlatform::DSA directory D:/vivado_pj/servo_motor_ip_pj/workspace/servo_wrapper/hw
TRACE::2026-06-11.16:28:26::SCWPlatform:: Platform Path D:/vivado_pj/servo_motor_ip_pj/workspace/servo_wrapper/hw/servo_wrapper6.xsa
TRACE::2026-06-11.16:28:26::SCWPlatform:: Unique name xilinx:basys3::0.0
TRACE::2026-06-11.16:28:26::SCWPlatform::Trying to set the existing hwdb with name servo_wrapper_1
TRACE::2026-06-11.16:28:26::SCWPlatform::Opened existing hwdb servo_wrapper_1
TRACE::2026-06-11.16:28:26::SCWPlatform::Found the Hw Db part of the input DSA
TRACE::2026-06-11.16:28:26::SCWMssOS::Checking the sw design at  D:/vivado_pj/servo_motor_ip_pj/workspace/servo_wrapper/microblaze_0/standalone_microblaze_0/bsp/system.mss
TRACE::2026-06-11.16:28:26::SCWMssOS::DEBUG:  swdes dump  D:/vivado_pj/servo_motor_ip_pj/workspace/servo_wrapper/microblaze_0/standalone_microblaze_0/bsp/system.mss|system||

TRACE::2026-06-11.16:28:26::SCWMssOS::Sw design exists and opened at  D:/vivado_pj/servo_motor_ip_pj/workspace/servo_wrapper/microblaze_0/standalone_microblaze_0/bsp/system.mss
TRACE::2026-06-11.16:28:26::SCWWriter::formatted JSON is {
	"platformName":	"servo_wrapper",
	"sprVersion":	"2.0",
	"mode":	"gui",
	"dsaType":	"Fixed",
	"platformDesc":	"servo_wrapper",
	"platHandOff":	"D:/vivado_pj/servo_motor_ip_pj/servo_wrapper6.xsa",
	"platIntHandOff":	"<platformDir>/hw/servo_wrapper6.xsa",
	"deviceType":	"FPGA",
	"platIsPrebuiltAutogen":	"false",
	"platIsNoBootBsp":	"false",
	"hasFsblMakeHasChanges":	"false",
	"hasPmufwMakeHasChanges":	"false",
	"platPreBuiltFlag":	false,
	"platformSamplesDir":	"",
	"platActiveSys":	"servo_wrapper",
	"systems":	[{
			"systemName":	"servo_wrapper",
			"systemDesc":	"servo_wrapper",
			"sysIsBootAutoGen":	"true",
			"systemDispName":	"servo_wrapper",
			"sysActiveDom":	"standalone_microblaze_0",
			"sysDefaultDom":	"standalone_microblaze_0",
			"domains":	[{
					"domainName":	"standalone_microblaze_0",
					"domainDispName":	"standalone_microblaze_0",
					"domainDesc":	"standalone_microblaze_0",
					"processors":	"microblaze_0",
					"os":	"standalone",
					"sdxOs":	"standalone",
					"debugEnable":	"False",
					"domRuntimes":	["cpp"],
					"swRepo":	"",
					"mssOsVer":	"8.1",
					"mssFile":	"",
					"md5Digest":	"8655cd928e5087cbb216b5791aa99bac1",
					"compatibleApp":	"",
					"domType":	"mssDomain",
					"arch":	"32-bit",
					"appSettings":	{
						"appCompilerFlags":	"",
						"appLinkerFlags":	""
					},
					"addedLibs":	[],
					"libOptions":	{
						"libsContainingOptions":	[]
					},
					"prebuiltLibs":	{
						"prebuiltIncPath":	[],
						"prebuiltLibPath":	[]
					},
					"isolation":	{
					}
				}]
		}]
}
LOG::2026-06-11.16:28:32::SCWPlatform::Started generating the artifacts platform servo_wrapper
TRACE::2026-06-11.16:28:32::SCWPlatform::Sanity checking of platform is completed
LOG::2026-06-11.16:28:32::SCWPlatform::Started generating the artifacts for system configuration servo_wrapper
LOG::2026-06-11.16:28:32::SCWSystem::Checking the domain standalone_microblaze_0
LOG::2026-06-11.16:28:32::SCWSystem::Not a boot domain 
LOG::2026-06-11.16:28:32::SCWSystem::Started Processing the domain standalone_microblaze_0
TRACE::2026-06-11.16:28:32::SCWDomain::Generating domain artifcats
TRACE::2026-06-11.16:28:32::SCWMssOS::Generating standalone artifcats
TRACE::2026-06-11.16:28:32::SCWMssOS:: Copying the user libraries. 
TRACE::2026-06-11.16:28:32::SCWPlatform::Trying to open the hw design at D:/vivado_pj/servo_motor_ip_pj/workspace/servo_wrapper/hw/servo_wrapper6.xsa
TRACE::2026-06-11.16:28:32::SCWPlatform::DSA given D:/vivado_pj/servo_motor_ip_pj/workspace/servo_wrapper/hw/servo_wrapper6.xsa
TRACE::2026-06-11.16:28:32::SCWPlatform::DSA absoulate path D:/vivado_pj/servo_motor_ip_pj/workspace/servo_wrapper/hw/servo_wrapper6.xsa
TRACE::2026-06-11.16:28:32::SCWPlatform::DSA directory D:/vivado_pj/servo_motor_ip_pj/workspace/servo_wrapper/hw
TRACE::2026-06-11.16:28:32::SCWPlatform:: Platform Path D:/vivado_pj/servo_motor_ip_pj/workspace/servo_wrapper/hw/servo_wrapper6.xsa
TRACE::2026-06-11.16:28:32::SCWPlatform:: Unique name xilinx:basys3::0.0
TRACE::2026-06-11.16:28:32::SCWPlatform::Trying to set the existing hwdb with name servo_wrapper_1
TRACE::2026-06-11.16:28:32::SCWPlatform::Opened existing hwdb servo_wrapper_1
TRACE::2026-06-11.16:28:32::SCWPlatform::Found the Hw Db part of the input DSA
TRACE::2026-06-11.16:28:32::SCWMssOS::Checking the sw design at  D:/vivado_pj/servo_motor_ip_pj/workspace/servo_wrapper/microblaze_0/standalone_microblaze_0/bsp/system.mss
TRACE::2026-06-11.16:28:32::SCWMssOS::DEBUG:  swdes dump  D:/vivado_pj/servo_motor_ip_pj/workspace/servo_wrapper/microblaze_0/standalone_microblaze_0/bsp/system.mss|system||

TRACE::2026-06-11.16:28:32::SCWMssOS::Sw design exists and opened at  D:/vivado_pj/servo_motor_ip_pj/workspace/servo_wrapper/microblaze_0/standalone_microblaze_0/bsp/system.mss
TRACE::2026-06-11.16:28:32::SCWMssOS::Completed writing the mss file at D:/vivado_pj/servo_motor_ip_pj/workspace/servo_wrapper/microblaze_0/standalone_microblaze_0/bsp
TRACE::2026-06-11.16:28:32::SCWMssOS::Mss edits present, copying mssfile into export location D:/vivado_pj/servo_motor_ip_pj/workspace/servo_wrapper/microblaze_0/standalone_microblaze_0/bsp/system.mss
TRACE::2026-06-11.16:28:32::SCWMssOS::bsp generated is stale removing and regenerating. 
TRACE::2026-06-11.16:28:33::SCWMssOS::doing bsp build ... 
TRACE::2026-06-11.16:28:33::SCWMssOS::System Command Ran  D: & cd  D:/vivado_pj/servo_motor_ip_pj/workspace/servo_wrapper/microblaze_0/standalone_microblaze_0/bsp & make 
TRACE::2026-06-11.16:28:33::SCWMssOS::make --no-print-directory seq_libs

TRACE::2026-06-11.16:28:33::SCWMssOS::'Finished building libraries sequentially.'

TRACE::2026-06-11.16:28:33::SCWMssOS::make -j 18 --no-print-directory par_libs

TRACE::2026-06-11.16:28:33::SCWMssOS::"Running Make include in microblaze_0/libsrc/bram_v4_8/src"

TRACE::2026-06-11.16:28:33::SCWMssOS::make -C microblaze_0/libsrc/bram_v4_8/src -s include  "SHELL=CMD" "COMPILER=mb-gcc" "ASSEMBLER=mb-as" "ARCHIVER=mb-ar" "COMPILE
TRACE::2026-06-11.16:28:33::SCWMssOS::R_FLAGS=  -O2 -c -mcpu=v11.0 -mlittle-endian -mxl-soft-mul" "EXTRA_COMPILER_FLAGS=-g -ffunction-sections -fdata-sections -Wall 
TRACE::2026-06-11.16:28:33::SCWMssOS::-Wextra -fno-tree-loop-distribute-patterns"

TRACE::2026-06-11.16:28:33::SCWMssOS::"Running Make include in microblaze_0/libsrc/cpu_v2_17/src"

TRACE::2026-06-11.16:28:33::SCWMssOS::make -C microblaze_0/libsrc/cpu_v2_17/src -s include  "SHELL=CMD" "COMPILER=mb-gcc" "ASSEMBLER=mb-as" "ARCHIVER=mb-ar" "COMPILE
TRACE::2026-06-11.16:28:33::SCWMssOS::R_FLAGS=  -O2 -c -mcpu=v11.0 -mlittle-endian -mxl-soft-mul" "EXTRA_COMPILER_FLAGS=-g -ffunction-sections -fdata-sections -Wall 
TRACE::2026-06-11.16:28:33::SCWMssOS::-Wextra -fno-tree-loop-distribute-patterns"

TRACE::2026-06-11.16:28:33::SCWMssOS::"Running Make include in microblaze_0/libsrc/gpio_v4_9/src"

TRACE::2026-06-11.16:28:33::SCWMssOS::make -C microblaze_0/libsrc/gpio_v4_9/src -s include  "SHELL=CMD" "COMPILER=mb-gcc" "ASSEMBLER=mb-as" "ARCHIVER=mb-ar" "COMPILE
TRACE::2026-06-11.16:28:33::SCWMssOS::R_FLAGS=  -O2 -c -mcpu=v11.0 -mlittle-endian -mxl-soft-mul" "EXTRA_COMPILER_FLAGS=-g -ffunction-sections -fdata-sections -Wall 
TRACE::2026-06-11.16:28:33::SCWMssOS::-Wextra -fno-tree-loop-distribute-patterns"

TRACE::2026-06-11.16:28:33::SCWMssOS::"Running Make include in microblaze_0/libsrc/standalone_v8_1/src"

TRACE::2026-06-11.16:28:33::SCWMssOS::make -C microblaze_0/libsrc/standalone_v8_1/src -s include  "SHELL=CMD" "COMPILER=mb-gcc" "ASSEMBLER=mb-as" "ARCHIVER=mb-ar" "C
TRACE::2026-06-11.16:28:33::SCWMssOS::OMPILER_FLAGS=  -O2 -c -mcpu=v11.0 -mlittle-endian -mxl-soft-mul" "EXTRA_COMPILER_FLAGS=-g -ffunction-sections -fdata-sections 
TRACE::2026-06-11.16:28:33::SCWMssOS::-Wall -Wextra -fno-tree-loop-distribute-patterns"

TRACE::2026-06-11.16:28:33::SCWMssOS::"Running Make include in microblaze_0/libsrc/uartlite_v3_8/src"

TRACE::2026-06-11.16:28:33::SCWMssOS::make -C microblaze_0/libsrc/uartlite_v3_8/src -s include  "SHELL=CMD" "COMPILER=mb-gcc" "ASSEMBLER=mb-as" "ARCHIVER=mb-ar" "COM
TRACE::2026-06-11.16:28:33::SCWMssOS::PILER_FLAGS=  -O2 -c -mcpu=v11.0 -mlittle-endian -mxl-soft-mul" "EXTRA_COMPILER_FLAGS=-g -ffunction-sections -fdata-sections -W
TRACE::2026-06-11.16:28:33::SCWMssOS::all -Wextra -fno-tree-loop-distribute-patterns"

TRACE::2026-06-11.16:28:33::SCWMssOS::"Running Make libs in microblaze_0/libsrc/bram_v4_8/src"

TRACE::2026-06-11.16:28:33::SCWMssOS::make -C microblaze_0/libsrc/bram_v4_8/src -s libs  "SHELL=CMD" "COMPILER=mb-gcc" "ASSEMBLER=mb-as" "ARCHIVER=mb-ar" "COMPILER_F
TRACE::2026-06-11.16:28:33::SCWMssOS::LAGS=  -O2 -c -mcpu=v11.0 -mlittle-endian -mxl-soft-mul" "EXTRA_COMPILER_FLAGS=-g -ffunction-sections -fdata-sections -Wall -We
TRACE::2026-06-11.16:28:33::SCWMssOS::xtra -fno-tree-loop-distribute-patterns"

TRACE::2026-06-11.16:28:33::SCWMssOS::"Running Make libs in microblaze_0/libsrc/cpu_v2_17/src"

TRACE::2026-06-11.16:28:33::SCWMssOS::make -C microblaze_0/libsrc/cpu_v2_17/src -s libs  "SHELL=CMD" "COMPILER=mb-gcc" "ASSEMBLER=mb-as" "ARCHIVER=mb-ar" "COMPILER_F
TRACE::2026-06-11.16:28:33::SCWMssOS::LAGS=  -O2 -c -mcpu=v11.0 -mlittle-endian -mxl-soft-mul" "EXTRA_COMPILER_FLAGS=-g -ffunction-sections -fdata-sections -Wall -We
TRACE::2026-06-11.16:28:33::SCWMssOS::xtra -fno-tree-loop-distribute-patterns"

TRACE::2026-06-11.16:28:33::SCWMssOS::"Running Make libs in microblaze_0/libsrc/gpio_v4_9/src"

TRACE::2026-06-11.16:28:33::SCWMssOS::make -C microblaze_0/libsrc/gpio_v4_9/src -s libs  "SHELL=CMD" "COMPILER=mb-gcc" "ASSEMBLER=mb-as" "ARCHIVER=mb-ar" "COMPILER_F
TRACE::2026-06-11.16:28:33::SCWMssOS::LAGS=  -O2 -c -mcpu=v11.0 -mlittle-endian -mxl-soft-mul" "EXTRA_COMPILER_FLAGS=-g -ffunction-sections -fdata-sections -Wall -We
TRACE::2026-06-11.16:28:33::SCWMssOS::xtra -fno-tree-loop-distribute-patterns"

TRACE::2026-06-11.16:28:33::SCWMssOS::"Running Make libs in microblaze_0/libsrc/standalone_v8_1/src"

TRACE::2026-06-11.16:28:33::SCWMssOS::make -C microblaze_0/libsrc/standalone_v8_1/src -s libs  "SHELL=CMD" "COMPILER=mb-gcc" "ASSEMBLER=mb-as" "ARCHIVER=mb-ar" "COMP
TRACE::2026-06-11.16:28:33::SCWMssOS::ILER_FLAGS=  -O2 -c -mcpu=v11.0 -mlittle-endian -mxl-soft-mul" "EXTRA_COMPILER_FLAGS=-g -ffunction-sections -fdata-sections -Wa
TRACE::2026-06-11.16:28:33::SCWMssOS::ll -Wextra -fno-tree-loop-distribute-patterns"

TRACE::2026-06-11.16:28:33::SCWMssOS::"Running Make libs in microblaze_0/libsrc/uartlite_v3_8/src"

TRACE::2026-06-11.16:28:33::SCWMssOS::make -C microblaze_0/libsrc/uartlite_v3_8/src -s libs  "SHELL=CMD" "COMPILER=mb-gcc" "ASSEMBLER=mb-as" "ARCHIVER=mb-ar" "COMPIL
TRACE::2026-06-11.16:28:33::SCWMssOS::ER_FLAGS=  -O2 -c -mcpu=v11.0 -mlittle-endian -mxl-soft-mul" "EXTRA_COMPILER_FLAGS=-g -ffunction-sections -fdata-sections -Wall
TRACE::2026-06-11.16:28:33::SCWMssOS:: -Wextra -fno-tree-loop-distribute-patterns"

TRACE::2026-06-11.16:28:34::SCWMssOS::"DEBUG NON_LTO_OBJECTS is ../../../lib/microblaze_interrupt_handler.o"

TRACE::2026-06-11.16:28:34::SCWMssOS::'Finished building libraries parallelly.'

TRACE::2026-06-11.16:28:34::SCWMssOS::make --no-print-directory archive

TRACE::2026-06-11.16:28:34::SCWMssOS::mb-ar -r  microblaze_0/lib/libxil.a microblaze_0/lib/_exit.o microblaze_0/lib/errno.o microblaze_0/lib/fcntl.o microblaze_0/lib
TRACE::2026-06-11.16:28:34::SCWMssOS::/hw_exception_handler.o microblaze_0/lib/inbyte.o microblaze_0/lib/microblaze_disable_dcache.o microblaze_0/lib/microblaze_disa
TRACE::2026-06-11.16:28:34::SCWMssOS::ble_exceptions.o microblaze_0/lib/microblaze_disable_icache.o microblaze_0/lib/microblaze_disable_interrupts.o microblaze_0/lib
TRACE::2026-06-11.16:28:34::SCWMssOS::/microblaze_enable_dcache.o microblaze_0/lib/microblaze_enable_exceptions.o microblaze_0/lib/microblaze_enable_icache.o microbl
TRACE::2026-06-11.16:28:34::SCWMssOS::aze_0/lib/microblaze_enable_interrupts.o microblaze_0/lib/microblaze_exception_handler.o microblaze_0/lib/microblaze_flush_cach
TRACE::2026-06-11.16:28:34::SCWMssOS::e_ext.o microblaze_0/lib/microblaze_flush_cache_ext_range.o microblaze_0/lib/microblaze_flush_dcache.o microblaze_0/lib/microbl
TRACE::2026-06-11.16:28:34::SCWMssOS::aze_flush_dcache_range.o microblaze_0/lib/microblaze_init_dcache_range.o microblaze_0/lib/microblaze_init_icache_range.o microb
TRACE::2026-06-11.16:28:34::SCWMssOS::laze_0/lib/microblaze_interrupt_handler.o microblaze_0/lib/microblaze_interrupts_g.o microblaze_0/lib/microblaze_invalidate_cac
TRACE::2026-06-11.16:28:34::SCWMssOS::he_ext.o microblaze_0/lib/microblaze_invalidate_cache_ext_range.o microblaze_0/lib/microblaze_invalidate_dcache.o microblaze_0/
TRACE::2026-06-11.16:28:34::SCWMssOS::lib/microblaze_invalidate_dcache_range.o microblaze_0/lib/microblaze_invalidate_icache.o microblaze_0/lib/microblaze_invalidate
TRACE::2026-06-11.16:28:34::SCWMssOS::_icache_range.o microblaze_0/lib/microblaze_scrub.o microblaze_0/lib/microblaze_selftest.o microblaze_0/lib/microblaze_sleep.o 
TRACE::2026-06-11.16:28:34::SCWMssOS::microblaze_0/lib/microblaze_update_dcache.o microblaze_0/lib/microblaze_update_icache.o microblaze_0/lib/outbyte.o microblaze_0
TRACE::2026-06-11.16:28:34::SCWMssOS::/lib/print.o microblaze_0/lib/pvr.o microblaze_0/lib/xbram.o microblaze_0/lib/xbram_g.o microblaze_0/lib/xbram_intr.o microblaz
TRACE::2026-06-11.16:28:34::SCWMssOS::e_0/lib/xbram_selftest.o microblaze_0/lib/xbram_sinit.o microblaze_0/lib/xgpio.o microblaze_0/lib/xgpio_extra.o microblaze_0/li
TRACE::2026-06-11.16:28:34::SCWMssOS::b/xgpio_g.o microblaze_0/lib/xgpio_intr.o microblaze_0/lib/xgpio_selftest.o microblaze_0/lib/xgpio_sinit.o microblaze_0/lib/xil
TRACE::2026-06-11.16:28:34::SCWMssOS::_assert.o microblaze_0/lib/xil_cache.o microblaze_0/lib/xil_clocking.o microblaze_0/lib/xil_exception.o microblaze_0/lib/xil_me
TRACE::2026-06-11.16:28:34::SCWMssOS::m.o microblaze_0/lib/xil_misc_psreset_api.o microblaze_0/lib/xil_printf.o microblaze_0/lib/xil_sleepcommon.o microblaze_0/lib/x
TRACE::2026-06-11.16:28:34::SCWMssOS::il_testcache.o microblaze_0/lib/xil_testio.o microblaze_0/lib/xil_testmem.o microblaze_0/lib/xil_util.o microblaze_0/lib/xinter
TRACE::2026-06-11.16:28:34::SCWMssOS::rupt_wrap.o microblaze_0/lib/xio.o microblaze_0/lib/xplatform_info.o microblaze_0/lib/xuartlite.o microblaze_0/lib/xuartlite_g.
TRACE::2026-06-11.16:28:34::SCWMssOS::o microblaze_0/lib/xuartlite_intr.o microblaze_0/lib/xuartlite_l.o microblaze_0/lib/xuartlite_selftest.o microblaze_0/lib/xuart
TRACE::2026-06-11.16:28:34::SCWMssOS::lite_sinit.o microblaze_0/lib/xuartlite_stats.o

TRACE::2026-06-11.16:28:34::SCWMssOS::'Finished building libraries'

TRACE::2026-06-11.16:28:34::SCWMssOS:: Checking if to create the Supporting Applications
TRACE::2026-06-11.16:28:34::SCWMssOS:: No Linux domain exists, trying to generate FSBL 
LOG::2026-06-11.16:28:34::SCWSystem::Completed Processing the domain standalone_microblaze_0
LOG::2026-06-11.16:28:34::SCWSystem::Completed Processing the sysconfig servo_wrapper
LOG::2026-06-11.16:28:34::SCWPlatform::Completed generating the artifacts for system configuration servo_wrapper
TRACE::2026-06-11.16:28:34::SCWPlatform::Started preparing the platform 
TRACE::2026-06-11.16:28:34::SCWSystem::Writing the bif file for system config servo_wrapper
TRACE::2026-06-11.16:28:34::SCWSystem::dir created 
TRACE::2026-06-11.16:28:34::SCWSystem::Writing the bif 
TRACE::2026-06-11.16:28:34::SCWPlatform::Started writing the spfm file 
TRACE::2026-06-11.16:28:34::SCWPlatform::Started writing the xpfm file 
TRACE::2026-06-11.16:28:34::SCWPlatform::Completed generating the platform
TRACE::2026-06-11.16:28:34::SCWMssOS::Saving the mss changes D:/vivado_pj/servo_motor_ip_pj/workspace/servo_wrapper/microblaze_0/standalone_microblaze_0/bsp/system.mss
TRACE::2026-06-11.16:28:34::SCWMssOS::Adding the swdes entry, mss present, able to open swdb D:/vivado_pj/servo_motor_ip_pj/workspace/servo_wrapper/microblaze_0/standalone_microblaze_0/bsp/system.mss with des name system
TRACE::2026-06-11.16:28:34::SCWMssOS::Writing the mss file completed D:/vivado_pj/servo_motor_ip_pj/workspace/servo_wrapper/microblaze_0/standalone_microblaze_0/bsp/system.mss
TRACE::2026-06-11.16:28:34::SCWMssOS::Commit changes completed.
TRACE::2026-06-11.16:28:34::SCWPlatform::Trying to open the hw design at D:/vivado_pj/servo_motor_ip_pj/workspace/servo_wrapper/hw/servo_wrapper6.xsa
TRACE::2026-06-11.16:28:34::SCWPlatform::DSA given D:/vivado_pj/servo_motor_ip_pj/workspace/servo_wrapper/hw/servo_wrapper6.xsa
TRACE::2026-06-11.16:28:34::SCWPlatform::DSA absoulate path D:/vivado_pj/servo_motor_ip_pj/workspace/servo_wrapper/hw/servo_wrapper6.xsa
TRACE::2026-06-11.16:28:34::SCWPlatform::DSA directory D:/vivado_pj/servo_motor_ip_pj/workspace/servo_wrapper/hw
TRACE::2026-06-11.16:28:34::SCWPlatform:: Platform Path D:/vivado_pj/servo_motor_ip_pj/workspace/servo_wrapper/hw/servo_wrapper6.xsa
TRACE::2026-06-11.16:28:34::SCWPlatform:: Unique name xilinx:basys3::0.0
TRACE::2026-06-11.16:28:34::SCWPlatform::Trying to set the existing hwdb with name servo_wrapper_1
TRACE::2026-06-11.16:28:34::SCWPlatform::Opened existing hwdb servo_wrapper_1
TRACE::2026-06-11.16:28:34::SCWPlatform::Found the Hw Db part of the input DSA
TRACE::2026-06-11.16:28:34::SCWMssOS::Checking the sw design at  D:/vivado_pj/servo_motor_ip_pj/workspace/servo_wrapper/microblaze_0/standalone_microblaze_0/bsp/system.mss
TRACE::2026-06-11.16:28:34::SCWMssOS::DEBUG:  swdes dump  D:/vivado_pj/servo_motor_ip_pj/workspace/servo_wrapper/microblaze_0/standalone_microblaze_0/bsp/system.mss|system||

TRACE::2026-06-11.16:28:34::SCWMssOS::Sw design exists and opened at  D:/vivado_pj/servo_motor_ip_pj/workspace/servo_wrapper/microblaze_0/standalone_microblaze_0/bsp/system.mss
TRACE::2026-06-11.16:28:34::SCWWriter::formatted JSON is {
	"platformName":	"servo_wrapper",
	"sprVersion":	"2.0",
	"mode":	"gui",
	"dsaType":	"Fixed",
	"platformDesc":	"servo_wrapper",
	"platHandOff":	"D:/vivado_pj/servo_motor_ip_pj/servo_wrapper6.xsa",
	"platIntHandOff":	"<platformDir>/hw/servo_wrapper6.xsa",
	"deviceType":	"FPGA",
	"platIsPrebuiltAutogen":	"false",
	"platIsNoBootBsp":	"false",
	"hasFsblMakeHasChanges":	"false",
	"hasPmufwMakeHasChanges":	"false",
	"platPreBuiltFlag":	false,
	"platformSamplesDir":	"",
	"platActiveSys":	"servo_wrapper",
	"systems":	[{
			"systemName":	"servo_wrapper",
			"systemDesc":	"servo_wrapper",
			"sysIsBootAutoGen":	"true",
			"systemDispName":	"servo_wrapper",
			"sysActiveDom":	"standalone_microblaze_0",
			"sysDefaultDom":	"standalone_microblaze_0",
			"domains":	[{
					"domainName":	"standalone_microblaze_0",
					"domainDispName":	"standalone_microblaze_0",
					"domainDesc":	"standalone_microblaze_0",
					"processors":	"microblaze_0",
					"os":	"standalone",
					"sdxOs":	"standalone",
					"debugEnable":	"False",
					"domRuntimes":	["cpp"],
					"swRepo":	"",
					"mssOsVer":	"8.1",
					"mssFile":	"",
					"md5Digest":	"8655cd928e5087cbb216b5791aa99bac",
					"compatibleApp":	"",
					"domType":	"mssDomain",
					"arch":	"32-bit",
					"appSettings":	{
						"appCompilerFlags":	"",
						"appLinkerFlags":	""
					},
					"addedLibs":	[],
					"libOptions":	{
						"libsContainingOptions":	[]
					},
					"prebuiltLibs":	{
						"prebuiltIncPath":	[],
						"prebuiltLibPath":	[]
					},
					"isolation":	{
					}
				}]
		}]
}
KEYINFO::2026-06-11.16:28:34::SCWPlatform::updated the xpfm file.
TRACE::2026-06-11.16:28:35::SCWPlatform::Trying to open the hw design at D:/vivado_pj/servo_motor_ip_pj/workspace/servo_wrapper/hw/servo_wrapper6.xsa
TRACE::2026-06-11.16:28:35::SCWPlatform::DSA given D:/vivado_pj/servo_motor_ip_pj/workspace/servo_wrapper/hw/servo_wrapper6.xsa
TRACE::2026-06-11.16:28:35::SCWPlatform::DSA absoulate path D:/vivado_pj/servo_motor_ip_pj/workspace/servo_wrapper/hw/servo_wrapper6.xsa
TRACE::2026-06-11.16:28:35::SCWPlatform::DSA directory D:/vivado_pj/servo_motor_ip_pj/workspace/servo_wrapper/hw
TRACE::2026-06-11.16:28:35::SCWPlatform:: Platform Path D:/vivado_pj/servo_motor_ip_pj/workspace/servo_wrapper/hw/servo_wrapper6.xsa
TRACE::2026-06-11.16:28:35::SCWPlatform:: Unique name xilinx:basys3::0.0
TRACE::2026-06-11.16:28:35::SCWPlatform::Trying to set the existing hwdb with name servo_wrapper_1
TRACE::2026-06-11.16:28:35::SCWPlatform::Opened existing hwdb servo_wrapper_1
TRACE::2026-06-11.16:28:35::SCWPlatform::Found the Hw Db part of the input DSA
TRACE::2026-06-11.16:28:35::SCWMssOS::Checking the sw design at  D:/vivado_pj/servo_motor_ip_pj/workspace/servo_wrapper/microblaze_0/standalone_microblaze_0/bsp/system.mss
TRACE::2026-06-11.16:28:35::SCWMssOS::DEBUG:  swdes dump  D:/vivado_pj/servo_motor_ip_pj/workspace/servo_wrapper/microblaze_0/standalone_microblaze_0/bsp/system.mss|system||

TRACE::2026-06-11.16:28:35::SCWMssOS::Sw design exists and opened at  D:/vivado_pj/servo_motor_ip_pj/workspace/servo_wrapper/microblaze_0/standalone_microblaze_0/bsp/system.mss
TRACE::2026-06-11.17:06:02::SCWPlatform::Trying to open the hw design at D:/vivado_pj/servo_motor_ip_pj/workspace/servo_wrapper/hw/servo_wrapper6.xsa
TRACE::2026-06-11.17:06:02::SCWPlatform::DSA given D:/vivado_pj/servo_motor_ip_pj/workspace/servo_wrapper/hw/servo_wrapper6.xsa
TRACE::2026-06-11.17:06:02::SCWPlatform::DSA absoulate path D:/vivado_pj/servo_motor_ip_pj/workspace/servo_wrapper/hw/servo_wrapper6.xsa
TRACE::2026-06-11.17:06:02::SCWPlatform::DSA directory D:/vivado_pj/servo_motor_ip_pj/workspace/servo_wrapper/hw
TRACE::2026-06-11.17:06:02::SCWPlatform:: Platform Path D:/vivado_pj/servo_motor_ip_pj/workspace/servo_wrapper/hw/servo_wrapper6.xsa
TRACE::2026-06-11.17:06:02::SCWPlatform:: Unique name xilinx:basys3::0.0
TRACE::2026-06-11.17:06:02::SCWPlatform::Do not have an existing db opened. 
TRACE::2026-06-11.17:06:02::SCWPlatform::Opened new HwDB with name servo_wrapper
TRACE::2026-06-11.17:06:02::SCWReader::Active system found as  servo_wrapper
TRACE::2026-06-11.17:06:02::SCWReader::Handling sysconfig servo_wrapper
TRACE::2026-06-11.17:06:02::SCWDomain::checking for install qemu data   : 
TRACE::2026-06-11.17:06:02::SCWPlatform::Trying to open the hw design at D:/vivado_pj/servo_motor_ip_pj/workspace/servo_wrapper/hw/servo_wrapper6.xsa
TRACE::2026-06-11.17:06:02::SCWPlatform::DSA given D:/vivado_pj/servo_motor_ip_pj/workspace/servo_wrapper/hw/servo_wrapper6.xsa
TRACE::2026-06-11.17:06:02::SCWPlatform::DSA absoulate path D:/vivado_pj/servo_motor_ip_pj/workspace/servo_wrapper/hw/servo_wrapper6.xsa
TRACE::2026-06-11.17:06:02::SCWPlatform::DSA directory D:/vivado_pj/servo_motor_ip_pj/workspace/servo_wrapper/hw
TRACE::2026-06-11.17:06:02::SCWPlatform:: Platform Path D:/vivado_pj/servo_motor_ip_pj/workspace/servo_wrapper/hw/servo_wrapper6.xsa
TRACE::2026-06-11.17:06:02::SCWPlatform:: Unique name xilinx:basys3::0.0
TRACE::2026-06-11.17:06:02::SCWPlatform::Trying to set the existing hwdb with name servo_wrapper
TRACE::2026-06-11.17:06:02::SCWPlatform::Opened existing hwdb servo_wrapper
TRACE::2026-06-11.17:06:02::SCWPlatform::Found the Hw Db part of the input DSA
TRACE::2026-06-11.17:06:02::SCWPlatform::Trying to open the hw design at D:/vivado_pj/servo_motor_ip_pj/workspace/servo_wrapper/hw/servo_wrapper6.xsa
TRACE::2026-06-11.17:06:02::SCWPlatform::DSA given D:/vivado_pj/servo_motor_ip_pj/workspace/servo_wrapper/hw/servo_wrapper6.xsa
TRACE::2026-06-11.17:06:02::SCWPlatform::DSA absoulate path D:/vivado_pj/servo_motor_ip_pj/workspace/servo_wrapper/hw/servo_wrapper6.xsa
TRACE::2026-06-11.17:06:02::SCWPlatform::DSA directory D:/vivado_pj/servo_motor_ip_pj/workspace/servo_wrapper/hw
TRACE::2026-06-11.17:06:02::SCWPlatform:: Platform Path D:/vivado_pj/servo_motor_ip_pj/workspace/servo_wrapper/hw/servo_wrapper6.xsa
TRACE::2026-06-11.17:06:02::SCWPlatform:: Unique name xilinx:basys3::0.0
TRACE::2026-06-11.17:06:02::SCWPlatform::Trying to set the existing hwdb with name servo_wrapper
TRACE::2026-06-11.17:06:02::SCWPlatform::Opened existing hwdb servo_wrapper
TRACE::2026-06-11.17:06:02::SCWPlatform::Found the Hw Db part of the input DSA
TRACE::2026-06-11.17:06:02::SCWPlatform::Trying to open the hw design at D:/vivado_pj/servo_motor_ip_pj/workspace/servo_wrapper/hw/servo_wrapper6.xsa
TRACE::2026-06-11.17:06:02::SCWPlatform::DSA given D:/vivado_pj/servo_motor_ip_pj/workspace/servo_wrapper/hw/servo_wrapper6.xsa
TRACE::2026-06-11.17:06:02::SCWPlatform::DSA absoulate path D:/vivado_pj/servo_motor_ip_pj/workspace/servo_wrapper/hw/servo_wrapper6.xsa
TRACE::2026-06-11.17:06:02::SCWPlatform::DSA directory D:/vivado_pj/servo_motor_ip_pj/workspace/servo_wrapper/hw
TRACE::2026-06-11.17:06:02::SCWPlatform:: Platform Path D:/vivado_pj/servo_motor_ip_pj/workspace/servo_wrapper/hw/servo_wrapper6.xsa
TRACE::2026-06-11.17:06:02::SCWPlatform:: Unique name xilinx:basys3::0.0
TRACE::2026-06-11.17:06:02::SCWPlatform::Trying to set the existing hwdb with name servo_wrapper
TRACE::2026-06-11.17:06:02::SCWPlatform::Opened existing hwdb servo_wrapper
TRACE::2026-06-11.17:06:02::SCWPlatform::Found the Hw Db part of the input DSA
TRACE::2026-06-11.17:06:03::SCWPlatform::Trying to open the hw design at D:/vivado_pj/servo_motor_ip_pj/workspace/servo_wrapper/hw/servo_wrapper6.xsa
TRACE::2026-06-11.17:06:03::SCWPlatform::DSA given D:/vivado_pj/servo_motor_ip_pj/workspace/servo_wrapper/hw/servo_wrapper6.xsa
TRACE::2026-06-11.17:06:03::SCWPlatform::DSA absoulate path D:/vivado_pj/servo_motor_ip_pj/workspace/servo_wrapper/hw/servo_wrapper6.xsa
TRACE::2026-06-11.17:06:03::SCWPlatform::DSA directory D:/vivado_pj/servo_motor_ip_pj/workspace/servo_wrapper/hw
TRACE::2026-06-11.17:06:03::SCWPlatform:: Platform Path D:/vivado_pj/servo_motor_ip_pj/workspace/servo_wrapper/hw/servo_wrapper6.xsa
TRACE::2026-06-11.17:06:03::SCWPlatform:: Unique name xilinx:basys3::0.0
TRACE::2026-06-11.17:06:03::SCWPlatform::Trying to set the existing hwdb with name servo_wrapper
TRACE::2026-06-11.17:06:03::SCWPlatform::Opened existing hwdb servo_wrapper
TRACE::2026-06-11.17:06:03::SCWPlatform::Found the Hw Db part of the input DSA
TRACE::2026-06-11.17:06:03::SCWMssOS::Checking the sw design at  D:/vivado_pj/servo_motor_ip_pj/workspace/servo_wrapper/microblaze_0/standalone_microblaze_0/bsp/system.mss
TRACE::2026-06-11.17:06:03::SCWMssOS::DEBUG:  swdes dump  
TRACE::2026-06-11.17:06:03::SCWMssOS::No sw design opened at  D:/vivado_pj/servo_motor_ip_pj/workspace/servo_wrapper/microblaze_0/standalone_microblaze_0/bsp/system.mss
TRACE::2026-06-11.17:06:03::SCWMssOS::mss exists loading the mss file  D:/vivado_pj/servo_motor_ip_pj/workspace/servo_wrapper/microblaze_0/standalone_microblaze_0/bsp/system.mss
TRACE::2026-06-11.17:06:03::SCWMssOS::Opened the sw design from mss  D:/vivado_pj/servo_motor_ip_pj/workspace/servo_wrapper/microblaze_0/standalone_microblaze_0/bsp/system.mss
TRACE::2026-06-11.17:06:03::SCWMssOS::Adding the swdes entry D:/vivado_pj/servo_motor_ip_pj/workspace/servo_wrapper/microblaze_0/standalone_microblaze_0/bsp/system.mss with des name system
TRACE::2026-06-11.17:06:03::SCWMssOS::updating the scw layer about changes
TRACE::2026-06-11.17:06:03::SCWMssOS::Opened the sw design.  D:/vivado_pj/servo_motor_ip_pj/workspace/servo_wrapper/microblaze_0/standalone_microblaze_0/bsp/system.mss
TRACE::2026-06-11.17:06:03::SCWMssOS::Saving the mss changes D:/vivado_pj/servo_motor_ip_pj/workspace/servo_wrapper/microblaze_0/standalone_microblaze_0/bsp/system.mss
TRACE::2026-06-11.17:06:03::SCWMssOS::Found a swdesign opened with the mssfile.
TRACE::2026-06-11.17:06:03::SCWMssOS::Completed writemss as part of save.
TRACE::2026-06-11.17:06:03::SCWMssOS::Commit changes completed.
TRACE::2026-06-11.17:06:03::SCWReader::Adding prebuilt librarypaths as   
TRACE::2026-06-11.17:06:03::SCWReader::Adding prebuilt incpaths  as   
TRACE::2026-06-11.17:06:03::SCWPlatform::Trying to open the hw design at D:/vivado_pj/servo_motor_ip_pj/workspace/servo_wrapper/hw/servo_wrapper6.xsa
TRACE::2026-06-11.17:06:03::SCWPlatform::DSA given D:/vivado_pj/servo_motor_ip_pj/workspace/servo_wrapper/hw/servo_wrapper6.xsa
TRACE::2026-06-11.17:06:03::SCWPlatform::DSA absoulate path D:/vivado_pj/servo_motor_ip_pj/workspace/servo_wrapper/hw/servo_wrapper6.xsa
TRACE::2026-06-11.17:06:03::SCWPlatform::DSA directory D:/vivado_pj/servo_motor_ip_pj/workspace/servo_wrapper/hw
TRACE::2026-06-11.17:06:03::SCWPlatform:: Platform Path D:/vivado_pj/servo_motor_ip_pj/workspace/servo_wrapper/hw/servo_wrapper6.xsa
TRACE::2026-06-11.17:06:03::SCWPlatform:: Unique name xilinx:basys3::0.0
TRACE::2026-06-11.17:06:03::SCWPlatform::Trying to set the existing hwdb with name servo_wrapper
TRACE::2026-06-11.17:06:03::SCWPlatform::Opened existing hwdb servo_wrapper
TRACE::2026-06-11.17:06:03::SCWPlatform::Found the Hw Db part of the input DSA
TRACE::2026-06-11.17:06:03::SCWMssOS::Checking the sw design at  D:/vivado_pj/servo_motor_ip_pj/workspace/servo_wrapper/microblaze_0/standalone_microblaze_0/bsp/system.mss
TRACE::2026-06-11.17:06:03::SCWMssOS::DEBUG:  swdes dump  D:/vivado_pj/servo_motor_ip_pj/workspace/servo_wrapper/microblaze_0/standalone_microblaze_0/bsp/system.mss|system||

TRACE::2026-06-11.17:06:03::SCWMssOS::Sw design exists and opened at  D:/vivado_pj/servo_motor_ip_pj/workspace/servo_wrapper/microblaze_0/standalone_microblaze_0/bsp/system.mss
TRACE::2026-06-11.17:06:03::SCWReader::No isolation master present  
TRACE::2026-06-11.17:06:09::SCWPlatform::DSA given D:/vivado_pj/servo_motor_ip_pj/workspace/servo_wrapper/tempdsa/servo_wrapper7.xsa
TRACE::2026-06-11.17:06:09::SCWPlatform::DSA absoulate path D:/vivado_pj/servo_motor_ip_pj/workspace/servo_wrapper/tempdsa/servo_wrapper7.xsa
TRACE::2026-06-11.17:06:09::SCWPlatform:: Platform location is D:/vivado_pj/servo_motor_ip_pj/workspace/servo_wrapper/tempdsa
TRACE::2026-06-11.17:06:09::SCWPlatform:: Platform Path D:/vivado_pj/servo_motor_ip_pj/workspace/servo_wrapper/tempdsa/servo_wrapper7.xsa
TRACE::2026-06-11.17:06:09::SCWPlatform:: Unique name xilinx:basys3::0.0
TRACE::2026-06-11.17:06:09::SCWPlatform::Found the Hw Db part of the input DSA
TRACE::2026-06-11.17:06:09::SCWMssOS::Doing hw sync for the mss in domain: standalone_microblaze_0
TRACE::2026-06-11.17:06:09::SCWPlatform::Trying to open the hw design at D:/vivado_pj/servo_motor_ip_pj/workspace/servo_wrapper/hw/servo_wrapper6.xsa
TRACE::2026-06-11.17:06:09::SCWPlatform::DSA given D:/vivado_pj/servo_motor_ip_pj/workspace/servo_wrapper/hw/servo_wrapper6.xsa
TRACE::2026-06-11.17:06:09::SCWPlatform::DSA absoulate path D:/vivado_pj/servo_motor_ip_pj/workspace/servo_wrapper/hw/servo_wrapper6.xsa
TRACE::2026-06-11.17:06:09::SCWPlatform::DSA directory D:/vivado_pj/servo_motor_ip_pj/workspace/servo_wrapper/hw
TRACE::2026-06-11.17:06:09::SCWPlatform:: Platform Path D:/vivado_pj/servo_motor_ip_pj/workspace/servo_wrapper/hw/servo_wrapper6.xsa
TRACE::2026-06-11.17:06:09::SCWPlatform:: Unique name xilinx:basys3::0.0
TRACE::2026-06-11.17:06:09::SCWPlatform::Trying to set the existing hwdb with name servo_wrapper
TRACE::2026-06-11.17:06:09::SCWPlatform::Opened existing hwdb servo_wrapper
TRACE::2026-06-11.17:06:09::SCWPlatform::Found the Hw Db part of the input DSA
TRACE::2026-06-11.17:06:09::SCWPlatform::Trying to open the hw design at D:/vivado_pj/servo_motor_ip_pj/workspace/servo_wrapper/hw/servo_wrapper6.xsa
TRACE::2026-06-11.17:06:09::SCWPlatform::DSA given D:/vivado_pj/servo_motor_ip_pj/workspace/servo_wrapper/hw/servo_wrapper6.xsa
TRACE::2026-06-11.17:06:09::SCWPlatform::DSA absoulate path D:/vivado_pj/servo_motor_ip_pj/workspace/servo_wrapper/hw/servo_wrapper6.xsa
TRACE::2026-06-11.17:06:09::SCWPlatform::DSA directory D:/vivado_pj/servo_motor_ip_pj/workspace/servo_wrapper/hw
TRACE::2026-06-11.17:06:09::SCWPlatform:: Platform Path D:/vivado_pj/servo_motor_ip_pj/workspace/servo_wrapper/hw/servo_wrapper6.xsa
TRACE::2026-06-11.17:06:09::SCWPlatform:: Unique name xilinx:basys3::0.0
TRACE::2026-06-11.17:06:09::SCWPlatform::Trying to set the existing hwdb with name servo_wrapper
TRACE::2026-06-11.17:06:09::SCWPlatform::Opened existing hwdb servo_wrapper
TRACE::2026-06-11.17:06:09::SCWPlatform::Found the Hw Db part of the input DSA
TRACE::2026-06-11.17:06:09::SCWMssOS::Checking the sw design at  D:/vivado_pj/servo_motor_ip_pj/workspace/servo_wrapper/microblaze_0/standalone_microblaze_0/bsp/system.mss
TRACE::2026-06-11.17:06:09::SCWMssOS::DEBUG:  swdes dump  D:/vivado_pj/servo_motor_ip_pj/workspace/servo_wrapper/microblaze_0/standalone_microblaze_0/bsp/system.mss|system||

TRACE::2026-06-11.17:06:09::SCWMssOS::Sw design exists and opened at  D:/vivado_pj/servo_motor_ip_pj/workspace/servo_wrapper/microblaze_0/standalone_microblaze_0/bsp/system.mss
TRACE::2026-06-11.17:06:09::SCWPlatform::Trying to open the hw design at D:/vivado_pj/servo_motor_ip_pj/workspace/servo_wrapper/tempdsa/servo_wrapper7.xsa
TRACE::2026-06-11.17:06:09::SCWPlatform::DSA given D:/vivado_pj/servo_motor_ip_pj/workspace/servo_wrapper/tempdsa/servo_wrapper7.xsa
TRACE::2026-06-11.17:06:09::SCWPlatform::DSA absoulate path D:/vivado_pj/servo_motor_ip_pj/workspace/servo_wrapper/tempdsa/servo_wrapper7.xsa
TRACE::2026-06-11.17:06:09::SCWPlatform::DSA directory D:/vivado_pj/servo_motor_ip_pj/workspace/servo_wrapper/tempdsa
TRACE::2026-06-11.17:06:09::SCWPlatform:: Platform Path D:/vivado_pj/servo_motor_ip_pj/workspace/servo_wrapper/tempdsa/servo_wrapper7.xsa
TRACE::2026-06-11.17:06:09::SCWPlatform:: Unique name xilinx:basys3::0.0
TRACE::2026-06-11.17:06:09::SCWPlatform::update - Opened existing hwdb servo_wrapper_0
TRACE::2026-06-11.17:06:09::SCWPlatform::Found the Hw Db part of the input DSA
TRACE::2026-06-11.17:06:09::SCWMssOS::Saving the mss changes D:/vivado_pj/servo_motor_ip_pj/workspace/servo_wrapper/microblaze_0/standalone_microblaze_0/bsp/system.mss
TRACE::2026-06-11.17:06:09::SCWMssOS::Found a swdesign opened with the mssfile.
TRACE::2026-06-11.17:06:09::SCWMssOS::Completed writemss as part of save.
TRACE::2026-06-11.17:06:09::SCWMssOS::Commit changes completed.
TRACE::2026-06-11.17:06:09::SCWMssOS::Completed hw sync for the mss in domain: standalone_microblaze_0
TRACE::2026-06-11.17:06:09::SCWMssOS::Removing the swdes entry for  D:/vivado_pj/servo_motor_ip_pj/workspace/servo_wrapper/microblaze_0/standalone_microblaze_0/bsp/system.mss
TRACE::2026-06-11.17:06:09::SCWPlatform::Trying to open the hw design at D:/vivado_pj/servo_motor_ip_pj/workspace/servo_wrapper/hw/servo_wrapper7.xsa
TRACE::2026-06-11.17:06:09::SCWPlatform::DSA given D:/vivado_pj/servo_motor_ip_pj/workspace/servo_wrapper/hw/servo_wrapper7.xsa
TRACE::2026-06-11.17:06:09::SCWPlatform::DSA absoulate path D:/vivado_pj/servo_motor_ip_pj/workspace/servo_wrapper/hw/servo_wrapper7.xsa
TRACE::2026-06-11.17:06:09::SCWPlatform::DSA directory D:/vivado_pj/servo_motor_ip_pj/workspace/servo_wrapper/hw
TRACE::2026-06-11.17:06:09::SCWPlatform:: Platform Path D:/vivado_pj/servo_motor_ip_pj/workspace/servo_wrapper/hw/servo_wrapper7.xsa
TRACE::2026-06-11.17:06:09::SCWPlatform:: Unique name xilinx:basys3::0.0
TRACE::2026-06-11.17:06:09::SCWPlatform::Do not have an existing db opened. 
TRACE::2026-06-11.17:06:09::SCWPlatform::Opened new HwDB with name servo_wrapper_1
TRACE::2026-06-11.17:06:09::SCWMssOS::Saving the mss changes D:/vivado_pj/servo_motor_ip_pj/workspace/servo_wrapper/microblaze_0/standalone_microblaze_0/bsp/system.mss
TRACE::2026-06-11.17:06:09::SCWMssOS::Adding the swdes entry, mss present, able to open swdb D:/vivado_pj/servo_motor_ip_pj/workspace/servo_wrapper/microblaze_0/standalone_microblaze_0/bsp/system.mss with des name system
TRACE::2026-06-11.17:06:09::SCWMssOS::Writing the mss file completed D:/vivado_pj/servo_motor_ip_pj/workspace/servo_wrapper/microblaze_0/standalone_microblaze_0/bsp/system.mss
TRACE::2026-06-11.17:06:09::SCWMssOS::Commit changes completed.
TRACE::2026-06-11.17:06:09::SCWPlatform::Trying to open the hw design at D:/vivado_pj/servo_motor_ip_pj/workspace/servo_wrapper/hw/servo_wrapper7.xsa
TRACE::2026-06-11.17:06:09::SCWPlatform::DSA given D:/vivado_pj/servo_motor_ip_pj/workspace/servo_wrapper/hw/servo_wrapper7.xsa
TRACE::2026-06-11.17:06:09::SCWPlatform::DSA absoulate path D:/vivado_pj/servo_motor_ip_pj/workspace/servo_wrapper/hw/servo_wrapper7.xsa
TRACE::2026-06-11.17:06:09::SCWPlatform::DSA directory D:/vivado_pj/servo_motor_ip_pj/workspace/servo_wrapper/hw
TRACE::2026-06-11.17:06:09::SCWPlatform:: Platform Path D:/vivado_pj/servo_motor_ip_pj/workspace/servo_wrapper/hw/servo_wrapper7.xsa
TRACE::2026-06-11.17:06:09::SCWPlatform:: Unique name xilinx:basys3::0.0
TRACE::2026-06-11.17:06:09::SCWPlatform::Trying to set the existing hwdb with name servo_wrapper_1
TRACE::2026-06-11.17:06:09::SCWPlatform::Opened existing hwdb servo_wrapper_1
TRACE::2026-06-11.17:06:09::SCWPlatform::Found the Hw Db part of the input DSA
TRACE::2026-06-11.17:06:09::SCWMssOS::Checking the sw design at  D:/vivado_pj/servo_motor_ip_pj/workspace/servo_wrapper/microblaze_0/standalone_microblaze_0/bsp/system.mss
TRACE::2026-06-11.17:06:09::SCWMssOS::DEBUG:  swdes dump  D:/vivado_pj/servo_motor_ip_pj/workspace/servo_wrapper/microblaze_0/standalone_microblaze_0/bsp/system.mss|system||

TRACE::2026-06-11.17:06:09::SCWMssOS::Sw design exists and opened at  D:/vivado_pj/servo_motor_ip_pj/workspace/servo_wrapper/microblaze_0/standalone_microblaze_0/bsp/system.mss
TRACE::2026-06-11.17:06:09::SCWWriter::formatted JSON is {
	"platformName":	"servo_wrapper",
	"sprVersion":	"2.0",
	"mode":	"gui",
	"dsaType":	"Fixed",
	"platformDesc":	"servo_wrapper",
	"platHandOff":	"D:/vivado_pj/servo_motor_ip_pj/servo_wrapper7.xsa",
	"platIntHandOff":	"<platformDir>/hw/servo_wrapper7.xsa",
	"deviceType":	"FPGA",
	"platIsPrebuiltAutogen":	"false",
	"platIsNoBootBsp":	"false",
	"hasFsblMakeHasChanges":	"false",
	"hasPmufwMakeHasChanges":	"false",
	"platPreBuiltFlag":	false,
	"platformSamplesDir":	"",
	"platActiveSys":	"servo_wrapper",
	"systems":	[{
			"systemName":	"servo_wrapper",
			"systemDesc":	"servo_wrapper",
			"sysIsBootAutoGen":	"true",
			"systemDispName":	"servo_wrapper",
			"sysActiveDom":	"standalone_microblaze_0",
			"sysDefaultDom":	"standalone_microblaze_0",
			"domains":	[{
					"domainName":	"standalone_microblaze_0",
					"domainDispName":	"standalone_microblaze_0",
					"domainDesc":	"standalone_microblaze_0",
					"processors":	"microblaze_0",
					"os":	"standalone",
					"sdxOs":	"standalone",
					"debugEnable":	"False",
					"domRuntimes":	["cpp"],
					"swRepo":	"",
					"mssOsVer":	"8.1",
					"mssFile":	"",
					"md5Digest":	"8655cd928e5087cbb216b5791aa99bac1",
					"compatibleApp":	"",
					"domType":	"mssDomain",
					"arch":	"32-bit",
					"appSettings":	{
						"appCompilerFlags":	"",
						"appLinkerFlags":	""
					},
					"addedLibs":	[],
					"libOptions":	{
						"libsContainingOptions":	[]
					},
					"prebuiltLibs":	{
						"prebuiltIncPath":	[],
						"prebuiltLibPath":	[]
					},
					"isolation":	{
					}
				}]
		}]
}
LOG::2026-06-11.17:06:16::SCWPlatform::Started generating the artifacts platform servo_wrapper
TRACE::2026-06-11.17:06:16::SCWPlatform::Sanity checking of platform is completed
LOG::2026-06-11.17:06:16::SCWPlatform::Started generating the artifacts for system configuration servo_wrapper
LOG::2026-06-11.17:06:16::SCWSystem::Checking the domain standalone_microblaze_0
LOG::2026-06-11.17:06:16::SCWSystem::Not a boot domain 
LOG::2026-06-11.17:06:16::SCWSystem::Started Processing the domain standalone_microblaze_0
TRACE::2026-06-11.17:06:16::SCWDomain::Generating domain artifcats
TRACE::2026-06-11.17:06:16::SCWMssOS::Generating standalone artifcats
TRACE::2026-06-11.17:06:16::SCWMssOS:: Copying the user libraries. 
TRACE::2026-06-11.17:06:16::SCWPlatform::Trying to open the hw design at D:/vivado_pj/servo_motor_ip_pj/workspace/servo_wrapper/hw/servo_wrapper7.xsa
TRACE::2026-06-11.17:06:16::SCWPlatform::DSA given D:/vivado_pj/servo_motor_ip_pj/workspace/servo_wrapper/hw/servo_wrapper7.xsa
TRACE::2026-06-11.17:06:16::SCWPlatform::DSA absoulate path D:/vivado_pj/servo_motor_ip_pj/workspace/servo_wrapper/hw/servo_wrapper7.xsa
TRACE::2026-06-11.17:06:16::SCWPlatform::DSA directory D:/vivado_pj/servo_motor_ip_pj/workspace/servo_wrapper/hw
TRACE::2026-06-11.17:06:16::SCWPlatform:: Platform Path D:/vivado_pj/servo_motor_ip_pj/workspace/servo_wrapper/hw/servo_wrapper7.xsa
TRACE::2026-06-11.17:06:16::SCWPlatform:: Unique name xilinx:basys3::0.0
TRACE::2026-06-11.17:06:16::SCWPlatform::Trying to set the existing hwdb with name servo_wrapper_1
TRACE::2026-06-11.17:06:16::SCWPlatform::Opened existing hwdb servo_wrapper_1
TRACE::2026-06-11.17:06:16::SCWPlatform::Found the Hw Db part of the input DSA
TRACE::2026-06-11.17:06:16::SCWMssOS::Checking the sw design at  D:/vivado_pj/servo_motor_ip_pj/workspace/servo_wrapper/microblaze_0/standalone_microblaze_0/bsp/system.mss
TRACE::2026-06-11.17:06:16::SCWMssOS::DEBUG:  swdes dump  D:/vivado_pj/servo_motor_ip_pj/workspace/servo_wrapper/microblaze_0/standalone_microblaze_0/bsp/system.mss|system||

TRACE::2026-06-11.17:06:16::SCWMssOS::Sw design exists and opened at  D:/vivado_pj/servo_motor_ip_pj/workspace/servo_wrapper/microblaze_0/standalone_microblaze_0/bsp/system.mss
TRACE::2026-06-11.17:06:16::SCWMssOS::Completed writing the mss file at D:/vivado_pj/servo_motor_ip_pj/workspace/servo_wrapper/microblaze_0/standalone_microblaze_0/bsp
TRACE::2026-06-11.17:06:16::SCWMssOS::Mss edits present, copying mssfile into export location D:/vivado_pj/servo_motor_ip_pj/workspace/servo_wrapper/microblaze_0/standalone_microblaze_0/bsp/system.mss
TRACE::2026-06-11.17:06:16::SCWMssOS::bsp generated is stale removing and regenerating. 
TRACE::2026-06-11.17:06:17::SCWMssOS::doing bsp build ... 
TRACE::2026-06-11.17:06:17::SCWMssOS::System Command Ran  D: & cd  D:/vivado_pj/servo_motor_ip_pj/workspace/servo_wrapper/microblaze_0/standalone_microblaze_0/bsp & make 
TRACE::2026-06-11.17:06:18::SCWMssOS::make --no-print-directory seq_libs

TRACE::2026-06-11.17:06:18::SCWMssOS::'Finished building libraries sequentially.'

TRACE::2026-06-11.17:06:18::SCWMssOS::make -j 18 --no-print-directory par_libs

TRACE::2026-06-11.17:06:18::SCWMssOS::"Running Make include in microblaze_0/libsrc/bram_v4_8/src"

TRACE::2026-06-11.17:06:18::SCWMssOS::make -C microblaze_0/libsrc/bram_v4_8/src -s include  "SHELL=CMD" "COMPILER=mb-gcc" "ASSEMBLER=mb-as" "ARCHIVER=mb-ar" "COMPILE
TRACE::2026-06-11.17:06:18::SCWMssOS::R_FLAGS=  -O2 -c -mcpu=v11.0 -mlittle-endian -mxl-soft-mul" "EXTRA_COMPILER_FLAGS=-g -ffunction-sections -fdata-sections -Wall 
TRACE::2026-06-11.17:06:18::SCWMssOS::-Wextra -fno-tree-loop-distribute-patterns"

TRACE::2026-06-11.17:06:18::SCWMssOS::"Running Make include in microblaze_0/libsrc/cpu_v2_17/src"

TRACE::2026-06-11.17:06:18::SCWMssOS::make -C microblaze_0/libsrc/cpu_v2_17/src -s include  "SHELL=CMD" "COMPILER=mb-gcc" "ASSEMBLER=mb-as" "ARCHIVER=mb-ar" "COMPILE
TRACE::2026-06-11.17:06:18::SCWMssOS::R_FLAGS=  -O2 -c -mcpu=v11.0 -mlittle-endian -mxl-soft-mul" "EXTRA_COMPILER_FLAGS=-g -ffunction-sections -fdata-sections -Wall 
TRACE::2026-06-11.17:06:18::SCWMssOS::-Wextra -fno-tree-loop-distribute-patterns"

TRACE::2026-06-11.17:06:18::SCWMssOS::"Running Make include in microblaze_0/libsrc/gpio_v4_9/src"

TRACE::2026-06-11.17:06:18::SCWMssOS::make -C microblaze_0/libsrc/gpio_v4_9/src -s include  "SHELL=CMD" "COMPILER=mb-gcc" "ASSEMBLER=mb-as" "ARCHIVER=mb-ar" "COMPILE
TRACE::2026-06-11.17:06:18::SCWMssOS::R_FLAGS=  -O2 -c -mcpu=v11.0 -mlittle-endian -mxl-soft-mul" "EXTRA_COMPILER_FLAGS=-g -ffunction-sections -fdata-sections -Wall 
TRACE::2026-06-11.17:06:18::SCWMssOS::-Wextra -fno-tree-loop-distribute-patterns"

TRACE::2026-06-11.17:06:18::SCWMssOS::"Running Make include in microblaze_0/libsrc/standalone_v8_1/src"

TRACE::2026-06-11.17:06:18::SCWMssOS::make -C microblaze_0/libsrc/standalone_v8_1/src -s include  "SHELL=CMD" "COMPILER=mb-gcc" "ASSEMBLER=mb-as" "ARCHIVER=mb-ar" "C
TRACE::2026-06-11.17:06:18::SCWMssOS::OMPILER_FLAGS=  -O2 -c -mcpu=v11.0 -mlittle-endian -mxl-soft-mul" "EXTRA_COMPILER_FLAGS=-g -ffunction-sections -fdata-sections 
TRACE::2026-06-11.17:06:18::SCWMssOS::-Wall -Wextra -fno-tree-loop-distribute-patterns"

TRACE::2026-06-11.17:06:18::SCWMssOS::"Running Make include in microblaze_0/libsrc/uartlite_v3_8/src"

TRACE::2026-06-11.17:06:18::SCWMssOS::make -C microblaze_0/libsrc/uartlite_v3_8/src -s include  "SHELL=CMD" "COMPILER=mb-gcc" "ASSEMBLER=mb-as" "ARCHIVER=mb-ar" "COM
TRACE::2026-06-11.17:06:18::SCWMssOS::PILER_FLAGS=  -O2 -c -mcpu=v11.0 -mlittle-endian -mxl-soft-mul" "EXTRA_COMPILER_FLAGS=-g -ffunction-sections -fdata-sections -W
TRACE::2026-06-11.17:06:18::SCWMssOS::all -Wextra -fno-tree-loop-distribute-patterns"

TRACE::2026-06-11.17:06:18::SCWMssOS::"Running Make libs in microblaze_0/libsrc/bram_v4_8/src"

TRACE::2026-06-11.17:06:18::SCWMssOS::make -C microblaze_0/libsrc/bram_v4_8/src -s libs  "SHELL=CMD" "COMPILER=mb-gcc" "ASSEMBLER=mb-as" "ARCHIVER=mb-ar" "COMPILER_F
TRACE::2026-06-11.17:06:18::SCWMssOS::LAGS=  -O2 -c -mcpu=v11.0 -mlittle-endian -mxl-soft-mul" "EXTRA_COMPILER_FLAGS=-g -ffunction-sections -fdata-sections -Wall -We
TRACE::2026-06-11.17:06:18::SCWMssOS::xtra -fno-tree-loop-distribute-patterns"

TRACE::2026-06-11.17:06:18::SCWMssOS::"Running Make libs in microblaze_0/libsrc/cpu_v2_17/src"

TRACE::2026-06-11.17:06:18::SCWMssOS::make -C microblaze_0/libsrc/cpu_v2_17/src -s libs  "SHELL=CMD" "COMPILER=mb-gcc" "ASSEMBLER=mb-as" "ARCHIVER=mb-ar" "COMPILER_F
TRACE::2026-06-11.17:06:18::SCWMssOS::LAGS=  -O2 -c -mcpu=v11.0 -mlittle-endian -mxl-soft-mul" "EXTRA_COMPILER_FLAGS=-g -ffunction-sections -fdata-sections -Wall -We
TRACE::2026-06-11.17:06:18::SCWMssOS::xtra -fno-tree-loop-distribute-patterns"

TRACE::2026-06-11.17:06:18::SCWMssOS::"Running Make libs in microblaze_0/libsrc/gpio_v4_9/src"

TRACE::2026-06-11.17:06:18::SCWMssOS::make -C microblaze_0/libsrc/gpio_v4_9/src -s libs  "SHELL=CMD" "COMPILER=mb-gcc" "ASSEMBLER=mb-as" "ARCHIVER=mb-ar" "COMPILER_F
TRACE::2026-06-11.17:06:18::SCWMssOS::LAGS=  -O2 -c -mcpu=v11.0 -mlittle-endian -mxl-soft-mul" "EXTRA_COMPILER_FLAGS=-g -ffunction-sections -fdata-sections -Wall -We
TRACE::2026-06-11.17:06:18::SCWMssOS::xtra -fno-tree-loop-distribute-patterns"

TRACE::2026-06-11.17:06:18::SCWMssOS::"Running Make libs in microblaze_0/libsrc/standalone_v8_1/src"

TRACE::2026-06-11.17:06:18::SCWMssOS::make -C microblaze_0/libsrc/standalone_v8_1/src -s libs  "SHELL=CMD" "COMPILER=mb-gcc" "ASSEMBLER=mb-as" "ARCHIVER=mb-ar" "COMP
TRACE::2026-06-11.17:06:18::SCWMssOS::ILER_FLAGS=  -O2 -c -mcpu=v11.0 -mlittle-endian -mxl-soft-mul" "EXTRA_COMPILER_FLAGS=-g -ffunction-sections -fdata-sections -Wa
TRACE::2026-06-11.17:06:18::SCWMssOS::ll -Wextra -fno-tree-loop-distribute-patterns"

TRACE::2026-06-11.17:06:18::SCWMssOS::"Running Make libs in microblaze_0/libsrc/uartlite_v3_8/src"

TRACE::2026-06-11.17:06:18::SCWMssOS::make -C microblaze_0/libsrc/uartlite_v3_8/src -s libs  "SHELL=CMD" "COMPILER=mb-gcc" "ASSEMBLER=mb-as" "ARCHIVER=mb-ar" "COMPIL
TRACE::2026-06-11.17:06:18::SCWMssOS::ER_FLAGS=  -O2 -c -mcpu=v11.0 -mlittle-endian -mxl-soft-mul" "EXTRA_COMPILER_FLAGS=-g -ffunction-sections -fdata-sections -Wall
TRACE::2026-06-11.17:06:18::SCWMssOS:: -Wextra -fno-tree-loop-distribute-patterns"

TRACE::2026-06-11.17:06:20::SCWMssOS::"DEBUG NON_LTO_OBJECTS is ../../../lib/microblaze_interrupt_handler.o"

TRACE::2026-06-11.17:06:20::SCWMssOS::'Finished building libraries parallelly.'

TRACE::2026-06-11.17:06:20::SCWMssOS::make --no-print-directory archive

TRACE::2026-06-11.17:06:20::SCWMssOS::mb-ar -r  microblaze_0/lib/libxil.a microblaze_0/lib/_exit.o microblaze_0/lib/errno.o microblaze_0/lib/fcntl.o microblaze_0/lib
TRACE::2026-06-11.17:06:20::SCWMssOS::/hw_exception_handler.o microblaze_0/lib/inbyte.o microblaze_0/lib/microblaze_disable_dcache.o microblaze_0/lib/microblaze_disa
TRACE::2026-06-11.17:06:20::SCWMssOS::ble_exceptions.o microblaze_0/lib/microblaze_disable_icache.o microblaze_0/lib/microblaze_disable_interrupts.o microblaze_0/lib
TRACE::2026-06-11.17:06:20::SCWMssOS::/microblaze_enable_dcache.o microblaze_0/lib/microblaze_enable_exceptions.o microblaze_0/lib/microblaze_enable_icache.o microbl
TRACE::2026-06-11.17:06:20::SCWMssOS::aze_0/lib/microblaze_enable_interrupts.o microblaze_0/lib/microblaze_exception_handler.o microblaze_0/lib/microblaze_flush_cach
TRACE::2026-06-11.17:06:20::SCWMssOS::e_ext.o microblaze_0/lib/microblaze_flush_cache_ext_range.o microblaze_0/lib/microblaze_flush_dcache.o microblaze_0/lib/microbl
TRACE::2026-06-11.17:06:20::SCWMssOS::aze_flush_dcache_range.o microblaze_0/lib/microblaze_init_dcache_range.o microblaze_0/lib/microblaze_init_icache_range.o microb
TRACE::2026-06-11.17:06:20::SCWMssOS::laze_0/lib/microblaze_interrupt_handler.o microblaze_0/lib/microblaze_interrupts_g.o microblaze_0/lib/microblaze_invalidate_cac
TRACE::2026-06-11.17:06:20::SCWMssOS::he_ext.o microblaze_0/lib/microblaze_invalidate_cache_ext_range.o microblaze_0/lib/microblaze_invalidate_dcache.o microblaze_0/
TRACE::2026-06-11.17:06:20::SCWMssOS::lib/microblaze_invalidate_dcache_range.o microblaze_0/lib/microblaze_invalidate_icache.o microblaze_0/lib/microblaze_invalidate
TRACE::2026-06-11.17:06:20::SCWMssOS::_icache_range.o microblaze_0/lib/microblaze_scrub.o microblaze_0/lib/microblaze_selftest.o microblaze_0/lib/microblaze_sleep.o 
TRACE::2026-06-11.17:06:20::SCWMssOS::microblaze_0/lib/microblaze_update_dcache.o microblaze_0/lib/microblaze_update_icache.o microblaze_0/lib/outbyte.o microblaze_0
TRACE::2026-06-11.17:06:20::SCWMssOS::/lib/print.o microblaze_0/lib/pvr.o microblaze_0/lib/xbram.o microblaze_0/lib/xbram_g.o microblaze_0/lib/xbram_intr.o microblaz
TRACE::2026-06-11.17:06:20::SCWMssOS::e_0/lib/xbram_selftest.o microblaze_0/lib/xbram_sinit.o microblaze_0/lib/xgpio.o microblaze_0/lib/xgpio_extra.o microblaze_0/li
TRACE::2026-06-11.17:06:20::SCWMssOS::b/xgpio_g.o microblaze_0/lib/xgpio_intr.o microblaze_0/lib/xgpio_selftest.o microblaze_0/lib/xgpio_sinit.o microblaze_0/lib/xil
TRACE::2026-06-11.17:06:20::SCWMssOS::_assert.o microblaze_0/lib/xil_cache.o microblaze_0/lib/xil_clocking.o microblaze_0/lib/xil_exception.o microblaze_0/lib/xil_me
TRACE::2026-06-11.17:06:20::SCWMssOS::m.o microblaze_0/lib/xil_misc_psreset_api.o microblaze_0/lib/xil_printf.o microblaze_0/lib/xil_sleepcommon.o microblaze_0/lib/x
TRACE::2026-06-11.17:06:20::SCWMssOS::il_testcache.o microblaze_0/lib/xil_testio.o microblaze_0/lib/xil_testmem.o microblaze_0/lib/xil_util.o microblaze_0/lib/xinter
TRACE::2026-06-11.17:06:20::SCWMssOS::rupt_wrap.o microblaze_0/lib/xio.o microblaze_0/lib/xplatform_info.o microblaze_0/lib/xuartlite.o microblaze_0/lib/xuartlite_g.
TRACE::2026-06-11.17:06:20::SCWMssOS::o microblaze_0/lib/xuartlite_intr.o microblaze_0/lib/xuartlite_l.o microblaze_0/lib/xuartlite_selftest.o microblaze_0/lib/xuart
TRACE::2026-06-11.17:06:20::SCWMssOS::lite_sinit.o microblaze_0/lib/xuartlite_stats.o

TRACE::2026-06-11.17:06:20::SCWMssOS::'Finished building libraries'

TRACE::2026-06-11.17:06:20::SCWMssOS:: Checking if to create the Supporting Applications
TRACE::2026-06-11.17:06:20::SCWMssOS:: No Linux domain exists, trying to generate FSBL 
LOG::2026-06-11.17:06:20::SCWSystem::Completed Processing the domain standalone_microblaze_0
LOG::2026-06-11.17:06:20::SCWSystem::Completed Processing the sysconfig servo_wrapper
LOG::2026-06-11.17:06:20::SCWPlatform::Completed generating the artifacts for system configuration servo_wrapper
TRACE::2026-06-11.17:06:20::SCWPlatform::Started preparing the platform 
TRACE::2026-06-11.17:06:20::SCWSystem::Writing the bif file for system config servo_wrapper
TRACE::2026-06-11.17:06:20::SCWSystem::dir created 
TRACE::2026-06-11.17:06:20::SCWSystem::Writing the bif 
TRACE::2026-06-11.17:06:20::SCWPlatform::Started writing the spfm file 
TRACE::2026-06-11.17:06:20::SCWPlatform::Started writing the xpfm file 
TRACE::2026-06-11.17:06:20::SCWPlatform::Completed generating the platform
TRACE::2026-06-11.17:06:20::SCWMssOS::Saving the mss changes D:/vivado_pj/servo_motor_ip_pj/workspace/servo_wrapper/microblaze_0/standalone_microblaze_0/bsp/system.mss
TRACE::2026-06-11.17:06:20::SCWMssOS::Adding the swdes entry, mss present, able to open swdb D:/vivado_pj/servo_motor_ip_pj/workspace/servo_wrapper/microblaze_0/standalone_microblaze_0/bsp/system.mss with des name system
TRACE::2026-06-11.17:06:20::SCWMssOS::Writing the mss file completed D:/vivado_pj/servo_motor_ip_pj/workspace/servo_wrapper/microblaze_0/standalone_microblaze_0/bsp/system.mss
TRACE::2026-06-11.17:06:20::SCWMssOS::Commit changes completed.
TRACE::2026-06-11.17:06:20::SCWPlatform::Trying to open the hw design at D:/vivado_pj/servo_motor_ip_pj/workspace/servo_wrapper/hw/servo_wrapper7.xsa
TRACE::2026-06-11.17:06:20::SCWPlatform::DSA given D:/vivado_pj/servo_motor_ip_pj/workspace/servo_wrapper/hw/servo_wrapper7.xsa
TRACE::2026-06-11.17:06:20::SCWPlatform::DSA absoulate path D:/vivado_pj/servo_motor_ip_pj/workspace/servo_wrapper/hw/servo_wrapper7.xsa
TRACE::2026-06-11.17:06:20::SCWPlatform::DSA directory D:/vivado_pj/servo_motor_ip_pj/workspace/servo_wrapper/hw
TRACE::2026-06-11.17:06:20::SCWPlatform:: Platform Path D:/vivado_pj/servo_motor_ip_pj/workspace/servo_wrapper/hw/servo_wrapper7.xsa
TRACE::2026-06-11.17:06:20::SCWPlatform:: Unique name xilinx:basys3::0.0
TRACE::2026-06-11.17:06:20::SCWPlatform::Trying to set the existing hwdb with name servo_wrapper_1
TRACE::2026-06-11.17:06:20::SCWPlatform::Opened existing hwdb servo_wrapper_1
TRACE::2026-06-11.17:06:20::SCWPlatform::Found the Hw Db part of the input DSA
TRACE::2026-06-11.17:06:20::SCWMssOS::Checking the sw design at  D:/vivado_pj/servo_motor_ip_pj/workspace/servo_wrapper/microblaze_0/standalone_microblaze_0/bsp/system.mss
TRACE::2026-06-11.17:06:20::SCWMssOS::DEBUG:  swdes dump  D:/vivado_pj/servo_motor_ip_pj/workspace/servo_wrapper/microblaze_0/standalone_microblaze_0/bsp/system.mss|system||

TRACE::2026-06-11.17:06:20::SCWMssOS::Sw design exists and opened at  D:/vivado_pj/servo_motor_ip_pj/workspace/servo_wrapper/microblaze_0/standalone_microblaze_0/bsp/system.mss
TRACE::2026-06-11.17:06:20::SCWWriter::formatted JSON is {
	"platformName":	"servo_wrapper",
	"sprVersion":	"2.0",
	"mode":	"gui",
	"dsaType":	"Fixed",
	"platformDesc":	"servo_wrapper",
	"platHandOff":	"D:/vivado_pj/servo_motor_ip_pj/servo_wrapper7.xsa",
	"platIntHandOff":	"<platformDir>/hw/servo_wrapper7.xsa",
	"deviceType":	"FPGA",
	"platIsPrebuiltAutogen":	"false",
	"platIsNoBootBsp":	"false",
	"hasFsblMakeHasChanges":	"false",
	"hasPmufwMakeHasChanges":	"false",
	"platPreBuiltFlag":	false,
	"platformSamplesDir":	"",
	"platActiveSys":	"servo_wrapper",
	"systems":	[{
			"systemName":	"servo_wrapper",
			"systemDesc":	"servo_wrapper",
			"sysIsBootAutoGen":	"true",
			"systemDispName":	"servo_wrapper",
			"sysActiveDom":	"standalone_microblaze_0",
			"sysDefaultDom":	"standalone_microblaze_0",
			"domains":	[{
					"domainName":	"standalone_microblaze_0",
					"domainDispName":	"standalone_microblaze_0",
					"domainDesc":	"standalone_microblaze_0",
					"processors":	"microblaze_0",
					"os":	"standalone",
					"sdxOs":	"standalone",
					"debugEnable":	"False",
					"domRuntimes":	["cpp"],
					"swRepo":	"",
					"mssOsVer":	"8.1",
					"mssFile":	"",
					"md5Digest":	"8655cd928e5087cbb216b5791aa99bac",
					"compatibleApp":	"",
					"domType":	"mssDomain",
					"arch":	"32-bit",
					"appSettings":	{
						"appCompilerFlags":	"",
						"appLinkerFlags":	""
					},
					"addedLibs":	[],
					"libOptions":	{
						"libsContainingOptions":	[]
					},
					"prebuiltLibs":	{
						"prebuiltIncPath":	[],
						"prebuiltLibPath":	[]
					},
					"isolation":	{
					}
				}]
		}]
}
KEYINFO::2026-06-11.17:06:20::SCWPlatform::updated the xpfm file.
TRACE::2026-06-11.17:06:21::SCWPlatform::Trying to open the hw design at D:/vivado_pj/servo_motor_ip_pj/workspace/servo_wrapper/hw/servo_wrapper7.xsa
TRACE::2026-06-11.17:06:21::SCWPlatform::DSA given D:/vivado_pj/servo_motor_ip_pj/workspace/servo_wrapper/hw/servo_wrapper7.xsa
TRACE::2026-06-11.17:06:21::SCWPlatform::DSA absoulate path D:/vivado_pj/servo_motor_ip_pj/workspace/servo_wrapper/hw/servo_wrapper7.xsa
TRACE::2026-06-11.17:06:21::SCWPlatform::DSA directory D:/vivado_pj/servo_motor_ip_pj/workspace/servo_wrapper/hw
TRACE::2026-06-11.17:06:21::SCWPlatform:: Platform Path D:/vivado_pj/servo_motor_ip_pj/workspace/servo_wrapper/hw/servo_wrapper7.xsa
TRACE::2026-06-11.17:06:21::SCWPlatform:: Unique name xilinx:basys3::0.0
TRACE::2026-06-11.17:06:21::SCWPlatform::Trying to set the existing hwdb with name servo_wrapper_1
TRACE::2026-06-11.17:06:21::SCWPlatform::Opened existing hwdb servo_wrapper_1
TRACE::2026-06-11.17:06:21::SCWPlatform::Found the Hw Db part of the input DSA
TRACE::2026-06-11.17:06:21::SCWMssOS::Checking the sw design at  D:/vivado_pj/servo_motor_ip_pj/workspace/servo_wrapper/microblaze_0/standalone_microblaze_0/bsp/system.mss
TRACE::2026-06-11.17:06:21::SCWMssOS::DEBUG:  swdes dump  D:/vivado_pj/servo_motor_ip_pj/workspace/servo_wrapper/microblaze_0/standalone_microblaze_0/bsp/system.mss|system||

TRACE::2026-06-11.17:06:21::SCWMssOS::Sw design exists and opened at  D:/vivado_pj/servo_motor_ip_pj/workspace/servo_wrapper/microblaze_0/standalone_microblaze_0/bsp/system.mss
