TRACE::2026-06-03.22:13:17::SCWPlatform::Trying to open the hw design at D:/vivado_pj/userMap2023/userMapTop/hw/userMapTop.xsa
TRACE::2026-06-03.22:13:17::SCWPlatform::DSA given D:/vivado_pj/userMap2023/userMapTop/hw/userMapTop.xsa
TRACE::2026-06-03.22:13:17::SCWPlatform::DSA absoulate path D:/vivado_pj/userMap2023/userMapTop/hw/userMapTop.xsa
TRACE::2026-06-03.22:13:17::SCWPlatform::DSA directory D:/vivado_pj/userMap2023/userMapTop/hw
TRACE::2026-06-03.22:13:17::SCWPlatform:: Platform Path D:/vivado_pj/userMap2023/userMapTop/hw/userMapTop.xsa
TRACE::2026-06-03.22:13:17::SCWPlatform:: Unique name xilinx:basys3::0.0
TRACE::2026-06-03.22:13:17::SCWPlatform::Do not have an existing db opened. 
TRACE::2026-06-03.22:13:18::SCWPlatform::Opened new HwDB with name userMapTop_0
TRACE::2026-06-03.22:13:18::SCWWriter::formatted JSON is {
	"platformName":	"userMapTop",
	"sprVersion":	"2.0",
	"mode":	"gui",
	"dsaType":	"Fixed",
	"platformDesc":	"userMapTop",
	"platHandOff":	"D:/vivado_pj/userMap/userMapTop.xsa",
	"platIntHandOff":	"<platformDir>/hw/userMapTop.xsa",
	"deviceType":	"FPGA",
	"platIsPrebuiltAutogen":	"false",
	"platIsNoBootBsp":	"false",
	"hasFsblMakeHasChanges":	"false",
	"hasPmufwMakeHasChanges":	"false",
	"platPreBuiltFlag":	false,
	"platformSamplesDir":	""
}
TRACE::2026-06-03.22:13:18::SCWWriter::formatted JSON is {
	"platformName":	"userMapTop",
	"sprVersion":	"2.0",
	"mode":	"gui",
	"dsaType":	"Fixed",
	"platformDesc":	"userMapTop",
	"platHandOff":	"D:/vivado_pj/userMap/userMapTop.xsa",
	"platIntHandOff":	"<platformDir>/hw/userMapTop.xsa",
	"deviceType":	"FPGA",
	"platIsPrebuiltAutogen":	"false",
	"platIsNoBootBsp":	"false",
	"hasFsblMakeHasChanges":	"false",
	"hasPmufwMakeHasChanges":	"false",
	"platPreBuiltFlag":	false,
	"platformSamplesDir":	"",
	"platActiveSys":	"userMapTop",
	"systems":	[{
			"systemName":	"userMapTop",
			"systemDesc":	"userMapTop",
			"sysIsBootAutoGen":	"true",
			"systemDispName":	"userMapTop"
		}]
}
TRACE::2026-06-03.22:13:18::SCWPlatform::Boot application domains not present, creating them
TRACE::2026-06-03.22:13:18::SCWPlatform::Pure FPGA device, no boot application will be created.
TRACE::2026-06-03.22:13:18::SCWWriter::formatted JSON is {
	"platformName":	"userMapTop",
	"sprVersion":	"2.0",
	"mode":	"gui",
	"dsaType":	"Fixed",
	"platformDesc":	"userMapTop",
	"platHandOff":	"D:/vivado_pj/userMap/userMapTop.xsa",
	"platIntHandOff":	"<platformDir>/hw/userMapTop.xsa",
	"deviceType":	"FPGA",
	"platIsPrebuiltAutogen":	"false",
	"platIsNoBootBsp":	"false",
	"hasFsblMakeHasChanges":	"false",
	"hasPmufwMakeHasChanges":	"false",
	"platPreBuiltFlag":	false,
	"platformSamplesDir":	"",
	"platActiveSys":	"userMapTop",
	"systems":	[{
			"systemName":	"userMapTop",
			"systemDesc":	"userMapTop",
			"sysIsBootAutoGen":	"true",
			"systemDispName":	"userMapTop"
		}]
}
TRACE::2026-06-03.22:13:18::SCWWriter::formatted JSON is {
	"platformName":	"userMapTop",
	"sprVersion":	"2.0",
	"mode":	"gui",
	"dsaType":	"Fixed",
	"platformDesc":	"userMapTop",
	"platHandOff":	"D:/vivado_pj/userMap/userMapTop.xsa",
	"platIntHandOff":	"<platformDir>/hw/userMapTop.xsa",
	"deviceType":	"FPGA",
	"platIsPrebuiltAutogen":	"false",
	"platIsNoBootBsp":	"false",
	"hasFsblMakeHasChanges":	"false",
	"hasPmufwMakeHasChanges":	"false",
	"platPreBuiltFlag":	false,
	"platformSamplesDir":	"",
	"platActiveSys":	"userMapTop",
	"systems":	[{
			"systemName":	"userMapTop",
			"systemDesc":	"userMapTop",
			"sysIsBootAutoGen":	"true",
			"systemDispName":	"userMapTop"
		}]
}
TRACE::2026-06-03.22:13:18::SCWPlatform::Trying to open the hw design at D:/vivado_pj/userMap2023/userMapTop/hw/userMapTop.xsa
TRACE::2026-06-03.22:13:18::SCWPlatform::DSA given D:/vivado_pj/userMap2023/userMapTop/hw/userMapTop.xsa
TRACE::2026-06-03.22:13:18::SCWPlatform::DSA absoulate path D:/vivado_pj/userMap2023/userMapTop/hw/userMapTop.xsa
TRACE::2026-06-03.22:13:18::SCWPlatform::DSA directory D:/vivado_pj/userMap2023/userMapTop/hw
TRACE::2026-06-03.22:13:18::SCWPlatform:: Platform Path D:/vivado_pj/userMap2023/userMapTop/hw/userMapTop.xsa
TRACE::2026-06-03.22:13:18::SCWPlatform:: Unique name xilinx:basys3::0.0
TRACE::2026-06-03.22:13:18::SCWPlatform::Trying to set the existing hwdb with name userMapTop_0
TRACE::2026-06-03.22:13:18::SCWPlatform::Opened existing hwdb userMapTop_0
TRACE::2026-06-03.22:13:18::SCWPlatform::Found the Hw Db part of the input DSA
TRACE::2026-06-03.22:13:18::SCWPlatform::Trying to open the hw design at D:/vivado_pj/userMap2023/userMapTop/hw/userMapTop.xsa
TRACE::2026-06-03.22:13:18::SCWPlatform::DSA given D:/vivado_pj/userMap2023/userMapTop/hw/userMapTop.xsa
TRACE::2026-06-03.22:13:18::SCWPlatform::DSA absoulate path D:/vivado_pj/userMap2023/userMapTop/hw/userMapTop.xsa
TRACE::2026-06-03.22:13:18::SCWPlatform::DSA directory D:/vivado_pj/userMap2023/userMapTop/hw
TRACE::2026-06-03.22:13:18::SCWPlatform:: Platform Path D:/vivado_pj/userMap2023/userMapTop/hw/userMapTop.xsa
TRACE::2026-06-03.22:13:18::SCWPlatform:: Unique name xilinx:basys3::0.0
TRACE::2026-06-03.22:13:18::SCWPlatform::Trying to set the existing hwdb with name userMapTop_0
TRACE::2026-06-03.22:13:18::SCWPlatform::Opened existing hwdb userMapTop_0
TRACE::2026-06-03.22:13:18::SCWPlatform::Found the Hw Db part of the input DSA
TRACE::2026-06-03.22:13:18::SCWDomain::checking for install qemu data   : 
TRACE::2026-06-03.22:13:18::SCWPlatform::Trying to open the hw design at D:/vivado_pj/userMap2023/userMapTop/hw/userMapTop.xsa
TRACE::2026-06-03.22:13:18::SCWPlatform::DSA given D:/vivado_pj/userMap2023/userMapTop/hw/userMapTop.xsa
TRACE::2026-06-03.22:13:18::SCWPlatform::DSA absoulate path D:/vivado_pj/userMap2023/userMapTop/hw/userMapTop.xsa
TRACE::2026-06-03.22:13:18::SCWPlatform::DSA directory D:/vivado_pj/userMap2023/userMapTop/hw
TRACE::2026-06-03.22:13:18::SCWPlatform:: Platform Path D:/vivado_pj/userMap2023/userMapTop/hw/userMapTop.xsa
TRACE::2026-06-03.22:13:18::SCWPlatform:: Unique name xilinx:basys3::0.0
TRACE::2026-06-03.22:13:18::SCWPlatform::Trying to set the existing hwdb with name userMapTop_0
TRACE::2026-06-03.22:13:18::SCWPlatform::Opened existing hwdb userMapTop_0
TRACE::2026-06-03.22:13:18::SCWPlatform::Found the Hw Db part of the input DSA
TRACE::2026-06-03.22:13:18::SCWPlatform::Trying to open the hw design at D:/vivado_pj/userMap2023/userMapTop/hw/userMapTop.xsa
TRACE::2026-06-03.22:13:18::SCWPlatform::DSA given D:/vivado_pj/userMap2023/userMapTop/hw/userMapTop.xsa
TRACE::2026-06-03.22:13:18::SCWPlatform::DSA absoulate path D:/vivado_pj/userMap2023/userMapTop/hw/userMapTop.xsa
TRACE::2026-06-03.22:13:18::SCWPlatform::DSA directory D:/vivado_pj/userMap2023/userMapTop/hw
TRACE::2026-06-03.22:13:18::SCWPlatform:: Platform Path D:/vivado_pj/userMap2023/userMapTop/hw/userMapTop.xsa
TRACE::2026-06-03.22:13:18::SCWPlatform:: Unique name xilinx:basys3::0.0
TRACE::2026-06-03.22:13:18::SCWPlatform::Trying to set the existing hwdb with name userMapTop_0
TRACE::2026-06-03.22:13:18::SCWPlatform::Opened existing hwdb userMapTop_0
TRACE::2026-06-03.22:13:18::SCWPlatform::Found the Hw Db part of the input DSA
TRACE::2026-06-03.22:13:18::SCWPlatform::Trying to open the hw design at D:/vivado_pj/userMap2023/userMapTop/hw/userMapTop.xsa
TRACE::2026-06-03.22:13:18::SCWPlatform::DSA given D:/vivado_pj/userMap2023/userMapTop/hw/userMapTop.xsa
TRACE::2026-06-03.22:13:18::SCWPlatform::DSA absoulate path D:/vivado_pj/userMap2023/userMapTop/hw/userMapTop.xsa
TRACE::2026-06-03.22:13:18::SCWPlatform::DSA directory D:/vivado_pj/userMap2023/userMapTop/hw
TRACE::2026-06-03.22:13:18::SCWPlatform:: Platform Path D:/vivado_pj/userMap2023/userMapTop/hw/userMapTop.xsa
TRACE::2026-06-03.22:13:18::SCWPlatform:: Unique name xilinx:basys3::0.0
TRACE::2026-06-03.22:13:18::SCWPlatform::Trying to set the existing hwdb with name userMapTop_0
TRACE::2026-06-03.22:13:18::SCWPlatform::Opened existing hwdb userMapTop_0
TRACE::2026-06-03.22:13:18::SCWPlatform::Found the Hw Db part of the input DSA
TRACE::2026-06-03.22:13:18::SCWMssOS::Checking the sw design at  D:/vivado_pj/userMap2023/userMapTop/microblaze_0/standalone_microblaze_0/bsp/system.mss
TRACE::2026-06-03.22:13:18::SCWMssOS::DEBUG:  swdes dump  
TRACE::2026-06-03.22:13:18::SCWMssOS::No sw design opened at  D:/vivado_pj/userMap2023/userMapTop/microblaze_0/standalone_microblaze_0/bsp/system.mss
TRACE::2026-06-03.22:13:18::SCWMssOS::mss does not exists at D:/vivado_pj/userMap2023/userMapTop/microblaze_0/standalone_microblaze_0/bsp/system.mss
TRACE::2026-06-03.22:13:18::SCWMssOS::Creating sw design at  D:/vivado_pj/userMap2023/userMapTop/microblaze_0/standalone_microblaze_0/bsp/system.mss
TRACE::2026-06-03.22:13:18::SCWMssOS::Adding the swdes entry, created swdb D:/vivado_pj/userMap2023/userMapTop/microblaze_0/standalone_microblaze_0/bsp/system.mss with des name D:/vivado_pj/userMap2023/userMapTop/microblaze_0/standalone_microblaze_0/bsp/system.mss
TRACE::2026-06-03.22:13:18::SCWMssOS::updating the scw layer changes to swdes at   D:/vivado_pj/userMap2023/userMapTop/microblaze_0/standalone_microblaze_0/bsp/system.mss
TRACE::2026-06-03.22:13:18::SCWMssOS::Writing mss at D:/vivado_pj/userMap2023/userMapTop/microblaze_0/standalone_microblaze_0/bsp/system.mss
TRACE::2026-06-03.22:13:18::SCWMssOS::Completed writing the mss file at D:/vivado_pj/userMap2023/userMapTop/microblaze_0/standalone_microblaze_0/bsp
TRACE::2026-06-03.22:13:18::SCWMssOS::Picking up changes from newly written mss file into SCW Layer. 
TRACE::2026-06-03.22:13:18::SCWMssOS::Updated the changes from newly written mss file into SCW Layer. 
TRACE::2026-06-03.22:13:18::SCWMssOS::Completed writing the mss file at D:/vivado_pj/userMap2023/userMapTop/microblaze_0/standalone_microblaze_0/bsp
TRACE::2026-06-03.22:13:18::SCWMssOS::Forcing BSP Sources regeneration.
TRACE::2026-06-03.22:13:20::SCWMssOS::Saving the mss changes D:/vivado_pj/userMap2023/userMapTop/microblaze_0/standalone_microblaze_0/bsp/system.mss
TRACE::2026-06-03.22:13:20::SCWMssOS::Adding the swdes entry, mss present, able to open swdb D:/vivado_pj/userMap2023/userMapTop/microblaze_0/standalone_microblaze_0/bsp/system.mss with des name system
TRACE::2026-06-03.22:13:20::SCWMssOS::Writing the mss file completed D:/vivado_pj/userMap2023/userMapTop/microblaze_0/standalone_microblaze_0/bsp/system.mss
TRACE::2026-06-03.22:13:20::SCWMssOS::Commit changes completed.
TRACE::2026-06-03.22:13:20::SCWPlatform::Trying to open the hw design at D:/vivado_pj/userMap2023/userMapTop/hw/userMapTop.xsa
TRACE::2026-06-03.22:13:20::SCWPlatform::DSA given D:/vivado_pj/userMap2023/userMapTop/hw/userMapTop.xsa
TRACE::2026-06-03.22:13:20::SCWPlatform::DSA absoulate path D:/vivado_pj/userMap2023/userMapTop/hw/userMapTop.xsa
TRACE::2026-06-03.22:13:20::SCWPlatform::DSA directory D:/vivado_pj/userMap2023/userMapTop/hw
TRACE::2026-06-03.22:13:20::SCWPlatform:: Platform Path D:/vivado_pj/userMap2023/userMapTop/hw/userMapTop.xsa
TRACE::2026-06-03.22:13:20::SCWPlatform:: Unique name xilinx:basys3::0.0
TRACE::2026-06-03.22:13:20::SCWPlatform::Trying to set the existing hwdb with name userMapTop_0
TRACE::2026-06-03.22:13:20::SCWPlatform::Opened existing hwdb userMapTop_0
TRACE::2026-06-03.22:13:20::SCWPlatform::Found the Hw Db part of the input DSA
TRACE::2026-06-03.22:13:20::SCWMssOS::Checking the sw design at  D:/vivado_pj/userMap2023/userMapTop/microblaze_0/standalone_microblaze_0/bsp/system.mss
TRACE::2026-06-03.22:13:20::SCWMssOS::DEBUG:  swdes dump  D:/vivado_pj/userMap2023/userMapTop/microblaze_0/standalone_microblaze_0/bsp/system.mss|system||

TRACE::2026-06-03.22:13:20::SCWMssOS::Sw design exists and opened at  D:/vivado_pj/userMap2023/userMapTop/microblaze_0/standalone_microblaze_0/bsp/system.mss
TRACE::2026-06-03.22:13:20::SCWPlatform::Trying to open the hw design at D:/vivado_pj/userMap2023/userMapTop/hw/userMapTop.xsa
TRACE::2026-06-03.22:13:20::SCWPlatform::DSA given D:/vivado_pj/userMap2023/userMapTop/hw/userMapTop.xsa
TRACE::2026-06-03.22:13:20::SCWPlatform::DSA absoulate path D:/vivado_pj/userMap2023/userMapTop/hw/userMapTop.xsa
TRACE::2026-06-03.22:13:20::SCWPlatform::DSA directory D:/vivado_pj/userMap2023/userMapTop/hw
TRACE::2026-06-03.22:13:20::SCWPlatform:: Platform Path D:/vivado_pj/userMap2023/userMapTop/hw/userMapTop.xsa
TRACE::2026-06-03.22:13:20::SCWPlatform:: Unique name xilinx:basys3::0.0
TRACE::2026-06-03.22:13:20::SCWPlatform::Trying to set the existing hwdb with name userMapTop_0
TRACE::2026-06-03.22:13:20::SCWPlatform::Opened existing hwdb userMapTop_0
TRACE::2026-06-03.22:13:20::SCWPlatform::Found the Hw Db part of the input DSA
TRACE::2026-06-03.22:13:20::SCWMssOS::Checking the sw design at  D:/vivado_pj/userMap2023/userMapTop/microblaze_0/standalone_microblaze_0/bsp/system.mss
TRACE::2026-06-03.22:13:20::SCWMssOS::DEBUG:  swdes dump  D:/vivado_pj/userMap2023/userMapTop/microblaze_0/standalone_microblaze_0/bsp/system.mss|system||

TRACE::2026-06-03.22:13:20::SCWMssOS::Sw design exists and opened at  D:/vivado_pj/userMap2023/userMapTop/microblaze_0/standalone_microblaze_0/bsp/system.mss
TRACE::2026-06-03.22:13:20::SCWPlatform::Trying to open the hw design at D:/vivado_pj/userMap2023/userMapTop/hw/userMapTop.xsa
TRACE::2026-06-03.22:13:20::SCWPlatform::DSA given D:/vivado_pj/userMap2023/userMapTop/hw/userMapTop.xsa
TRACE::2026-06-03.22:13:20::SCWPlatform::DSA absoulate path D:/vivado_pj/userMap2023/userMapTop/hw/userMapTop.xsa
TRACE::2026-06-03.22:13:20::SCWPlatform::DSA directory D:/vivado_pj/userMap2023/userMapTop/hw
TRACE::2026-06-03.22:13:20::SCWPlatform:: Platform Path D:/vivado_pj/userMap2023/userMapTop/hw/userMapTop.xsa
TRACE::2026-06-03.22:13:20::SCWPlatform:: Unique name xilinx:basys3::0.0
TRACE::2026-06-03.22:13:20::SCWPlatform::Trying to set the existing hwdb with name userMapTop_0
TRACE::2026-06-03.22:13:20::SCWPlatform::Opened existing hwdb userMapTop_0
TRACE::2026-06-03.22:13:20::SCWPlatform::Found the Hw Db part of the input DSA
TRACE::2026-06-03.22:13:20::SCWMssOS::Checking the sw design at  D:/vivado_pj/userMap2023/userMapTop/microblaze_0/standalone_microblaze_0/bsp/system.mss
TRACE::2026-06-03.22:13:20::SCWMssOS::DEBUG:  swdes dump  D:/vivado_pj/userMap2023/userMapTop/microblaze_0/standalone_microblaze_0/bsp/system.mss|system||

TRACE::2026-06-03.22:13:20::SCWMssOS::Sw design exists and opened at  D:/vivado_pj/userMap2023/userMapTop/microblaze_0/standalone_microblaze_0/bsp/system.mss
TRACE::2026-06-03.22:13:20::SCWWriter::formatted JSON is {
	"platformName":	"userMapTop",
	"sprVersion":	"2.0",
	"mode":	"gui",
	"dsaType":	"Fixed",
	"platformDesc":	"userMapTop",
	"platHandOff":	"D:/vivado_pj/userMap/userMapTop.xsa",
	"platIntHandOff":	"<platformDir>/hw/userMapTop.xsa",
	"deviceType":	"FPGA",
	"platIsPrebuiltAutogen":	"false",
	"platIsNoBootBsp":	"false",
	"hasFsblMakeHasChanges":	"false",
	"hasPmufwMakeHasChanges":	"false",
	"platPreBuiltFlag":	false,
	"platformSamplesDir":	"",
	"platActiveSys":	"userMapTop",
	"systems":	[{
			"systemName":	"userMapTop",
			"systemDesc":	"userMapTop",
			"sysIsBootAutoGen":	"true",
			"systemDispName":	"userMapTop",
			"sysActiveDom":	"standalone_microblaze_0",
			"sysDefaultDom":	"standalone_microblaze_0",
			"domains":	[{
					"domainName":	"standalone_microblaze_0",
					"domainDispName":	"standalone_microblaze_0",
					"domainDesc":	"standalone_microblaze_0",
					"processors":	"microblaze_0",
					"os":	"standalone",
					"sdxOs":	"standalone",
					"debugEnable":	"False",
					"domRuntimes":	["cpp"],
					"swRepo":	"",
					"mssOsVer":	"8.1",
					"mssFile":	"",
					"md5Digest":	"2387726c7969e4016a1fc62dc46e34ae",
					"compatibleApp":	"hello_world",
					"domType":	"mssDomain",
					"arch":	"32-bit",
					"appSettings":	{
						"appCompilerFlags":	"",
						"appLinkerFlags":	""
					},
					"addedLibs":	[],
					"libOptions":	{
						"libsContainingOptions":	[]
					},
					"prebuiltLibs":	{
						"prebuiltIncPath":	[],
						"prebuiltLibPath":	[]
					},
					"isolation":	{
					}
				}]
		}]
}
LOG::2026-06-03.22:13:20::SCWPlatform::Started generating the artifacts platform userMapTop
TRACE::2026-06-03.22:13:20::SCWPlatform::Sanity checking of platform is completed
LOG::2026-06-03.22:13:20::SCWPlatform::Started generating the artifacts for system configuration userMapTop
LOG::2026-06-03.22:13:20::SCWSystem::Checking the domain standalone_microblaze_0
LOG::2026-06-03.22:13:20::SCWSystem::Not a boot domain 
LOG::2026-06-03.22:13:20::SCWSystem::Started Processing the domain standalone_microblaze_0
TRACE::2026-06-03.22:13:20::SCWDomain::Generating domain artifcats
TRACE::2026-06-03.22:13:20::SCWMssOS::Generating standalone artifcats
TRACE::2026-06-03.22:13:20::SCWMssOS:: Copying the user libraries. 
TRACE::2026-06-03.22:13:20::SCWPlatform::Trying to open the hw design at D:/vivado_pj/userMap2023/userMapTop/hw/userMapTop.xsa
TRACE::2026-06-03.22:13:20::SCWPlatform::DSA given D:/vivado_pj/userMap2023/userMapTop/hw/userMapTop.xsa
TRACE::2026-06-03.22:13:20::SCWPlatform::DSA absoulate path D:/vivado_pj/userMap2023/userMapTop/hw/userMapTop.xsa
TRACE::2026-06-03.22:13:20::SCWPlatform::DSA directory D:/vivado_pj/userMap2023/userMapTop/hw
TRACE::2026-06-03.22:13:20::SCWPlatform:: Platform Path D:/vivado_pj/userMap2023/userMapTop/hw/userMapTop.xsa
TRACE::2026-06-03.22:13:20::SCWPlatform:: Unique name xilinx:basys3::0.0
TRACE::2026-06-03.22:13:20::SCWPlatform::Trying to set the existing hwdb with name userMapTop_0
TRACE::2026-06-03.22:13:20::SCWPlatform::Opened existing hwdb userMapTop_0
TRACE::2026-06-03.22:13:20::SCWPlatform::Found the Hw Db part of the input DSA
TRACE::2026-06-03.22:13:20::SCWMssOS::Checking the sw design at  D:/vivado_pj/userMap2023/userMapTop/microblaze_0/standalone_microblaze_0/bsp/system.mss
TRACE::2026-06-03.22:13:20::SCWMssOS::DEBUG:  swdes dump  D:/vivado_pj/userMap2023/userMapTop/microblaze_0/standalone_microblaze_0/bsp/system.mss|system||

TRACE::2026-06-03.22:13:20::SCWMssOS::Sw design exists and opened at  D:/vivado_pj/userMap2023/userMapTop/microblaze_0/standalone_microblaze_0/bsp/system.mss
TRACE::2026-06-03.22:13:20::SCWMssOS::Completed writing the mss file at D:/vivado_pj/userMap2023/userMapTop/microblaze_0/standalone_microblaze_0/bsp
TRACE::2026-06-03.22:13:20::SCWMssOS::Mss edits present, copying mssfile into export location D:/vivado_pj/userMap2023/userMapTop/microblaze_0/standalone_microblaze_0/bsp/system.mss
TRACE::2026-06-03.22:13:20::SCWMssOS::bsp generated is upto date with the mss file. Skipping bsp generation.
TRACE::2026-06-03.22:13:20::SCWMssOS::BSP is already built. skipping the bsp build ... 
TRACE::2026-06-03.22:13:20::SCWDomain::Skipping the build for domain :  standalone_microblaze_0
TRACE::2026-06-03.22:13:20::SCWMssOS::skipping the bsp build ... 
TRACE::2026-06-03.22:13:20::SCWMssOS::Copying to export directory.
TRACE::2026-06-03.22:13:20::SCWMssOS:: Checking if to create the Supporting Applications
TRACE::2026-06-03.22:13:20::SCWMssOS:: No Linux domain exists, trying to generate FSBL 
LOG::2026-06-03.22:13:20::SCWSystem::Completed Processing the domain standalone_microblaze_0
LOG::2026-06-03.22:13:20::SCWSystem::Completed Processing the sysconfig userMapTop
LOG::2026-06-03.22:13:20::SCWPlatform::Completed generating the artifacts for system configuration userMapTop
TRACE::2026-06-03.22:13:20::SCWPlatform::Started preparing the platform 
TRACE::2026-06-03.22:13:20::SCWSystem::Writing the bif file for system config userMapTop
TRACE::2026-06-03.22:13:20::SCWSystem::dir created 
TRACE::2026-06-03.22:13:20::SCWSystem::Writing the bif 
TRACE::2026-06-03.22:13:20::SCWPlatform::Started writing the spfm file 
TRACE::2026-06-03.22:13:20::SCWPlatform::Started writing the xpfm file 
TRACE::2026-06-03.22:13:20::SCWPlatform::Completed generating the platform
TRACE::2026-06-03.22:13:20::SCWMssOS::Saving the mss changes D:/vivado_pj/userMap2023/userMapTop/microblaze_0/standalone_microblaze_0/bsp/system.mss
TRACE::2026-06-03.22:13:20::SCWMssOS::Found a swdesign opened with the mssfile.
TRACE::2026-06-03.22:13:20::SCWMssOS::Completed writemss as part of save.
TRACE::2026-06-03.22:13:20::SCWMssOS::Commit changes completed.
TRACE::2026-06-03.22:13:20::SCWPlatform::Trying to open the hw design at D:/vivado_pj/userMap2023/userMapTop/hw/userMapTop.xsa
TRACE::2026-06-03.22:13:20::SCWPlatform::DSA given D:/vivado_pj/userMap2023/userMapTop/hw/userMapTop.xsa
TRACE::2026-06-03.22:13:20::SCWPlatform::DSA absoulate path D:/vivado_pj/userMap2023/userMapTop/hw/userMapTop.xsa
TRACE::2026-06-03.22:13:20::SCWPlatform::DSA directory D:/vivado_pj/userMap2023/userMapTop/hw
TRACE::2026-06-03.22:13:20::SCWPlatform:: Platform Path D:/vivado_pj/userMap2023/userMapTop/hw/userMapTop.xsa
TRACE::2026-06-03.22:13:20::SCWPlatform:: Unique name xilinx:basys3::0.0
TRACE::2026-06-03.22:13:20::SCWPlatform::Trying to set the existing hwdb with name userMapTop_0
TRACE::2026-06-03.22:13:20::SCWPlatform::Opened existing hwdb userMapTop_0
TRACE::2026-06-03.22:13:20::SCWPlatform::Found the Hw Db part of the input DSA
TRACE::2026-06-03.22:13:20::SCWMssOS::Checking the sw design at  D:/vivado_pj/userMap2023/userMapTop/microblaze_0/standalone_microblaze_0/bsp/system.mss
TRACE::2026-06-03.22:13:20::SCWMssOS::DEBUG:  swdes dump  D:/vivado_pj/userMap2023/userMapTop/microblaze_0/standalone_microblaze_0/bsp/system.mss|system||

TRACE::2026-06-03.22:13:20::SCWMssOS::Sw design exists and opened at  D:/vivado_pj/userMap2023/userMapTop/microblaze_0/standalone_microblaze_0/bsp/system.mss
TRACE::2026-06-03.22:13:20::SCWPlatform::Trying to open the hw design at D:/vivado_pj/userMap2023/userMapTop/hw/userMapTop.xsa
TRACE::2026-06-03.22:13:20::SCWPlatform::DSA given D:/vivado_pj/userMap2023/userMapTop/hw/userMapTop.xsa
TRACE::2026-06-03.22:13:20::SCWPlatform::DSA absoulate path D:/vivado_pj/userMap2023/userMapTop/hw/userMapTop.xsa
TRACE::2026-06-03.22:13:20::SCWPlatform::DSA directory D:/vivado_pj/userMap2023/userMapTop/hw
TRACE::2026-06-03.22:13:20::SCWPlatform:: Platform Path D:/vivado_pj/userMap2023/userMapTop/hw/userMapTop.xsa
TRACE::2026-06-03.22:13:20::SCWPlatform:: Unique name xilinx:basys3::0.0
TRACE::2026-06-03.22:13:20::SCWPlatform::Trying to set the existing hwdb with name userMapTop_0
TRACE::2026-06-03.22:13:20::SCWPlatform::Opened existing hwdb userMapTop_0
TRACE::2026-06-03.22:13:20::SCWPlatform::Found the Hw Db part of the input DSA
TRACE::2026-06-03.22:13:20::SCWMssOS::Checking the sw design at  D:/vivado_pj/userMap2023/userMapTop/microblaze_0/standalone_microblaze_0/bsp/system.mss
TRACE::2026-06-03.22:13:20::SCWMssOS::DEBUG:  swdes dump  D:/vivado_pj/userMap2023/userMapTop/microblaze_0/standalone_microblaze_0/bsp/system.mss|system||

TRACE::2026-06-03.22:13:20::SCWMssOS::Sw design exists and opened at  D:/vivado_pj/userMap2023/userMapTop/microblaze_0/standalone_microblaze_0/bsp/system.mss
TRACE::2026-06-03.22:13:20::SCWPlatform::Trying to open the hw design at D:/vivado_pj/userMap2023/userMapTop/hw/userMapTop.xsa
TRACE::2026-06-03.22:13:20::SCWPlatform::DSA given D:/vivado_pj/userMap2023/userMapTop/hw/userMapTop.xsa
TRACE::2026-06-03.22:13:20::SCWPlatform::DSA absoulate path D:/vivado_pj/userMap2023/userMapTop/hw/userMapTop.xsa
TRACE::2026-06-03.22:13:20::SCWPlatform::DSA directory D:/vivado_pj/userMap2023/userMapTop/hw
TRACE::2026-06-03.22:13:20::SCWPlatform:: Platform Path D:/vivado_pj/userMap2023/userMapTop/hw/userMapTop.xsa
TRACE::2026-06-03.22:13:20::SCWPlatform:: Unique name xilinx:basys3::0.0
TRACE::2026-06-03.22:13:20::SCWPlatform::Trying to set the existing hwdb with name userMapTop_0
TRACE::2026-06-03.22:13:20::SCWPlatform::Opened existing hwdb userMapTop_0
TRACE::2026-06-03.22:13:20::SCWPlatform::Found the Hw Db part of the input DSA
TRACE::2026-06-03.22:13:20::SCWMssOS::Checking the sw design at  D:/vivado_pj/userMap2023/userMapTop/microblaze_0/standalone_microblaze_0/bsp/system.mss
TRACE::2026-06-03.22:13:20::SCWMssOS::DEBUG:  swdes dump  D:/vivado_pj/userMap2023/userMapTop/microblaze_0/standalone_microblaze_0/bsp/system.mss|system||

TRACE::2026-06-03.22:13:20::SCWMssOS::Sw design exists and opened at  D:/vivado_pj/userMap2023/userMapTop/microblaze_0/standalone_microblaze_0/bsp/system.mss
TRACE::2026-06-03.22:13:20::SCWWriter::formatted JSON is {
	"platformName":	"userMapTop",
	"sprVersion":	"2.0",
	"mode":	"gui",
	"dsaType":	"Fixed",
	"platformDesc":	"userMapTop",
	"platHandOff":	"D:/vivado_pj/userMap/userMapTop.xsa",
	"platIntHandOff":	"<platformDir>/hw/userMapTop.xsa",
	"deviceType":	"FPGA",
	"platIsPrebuiltAutogen":	"false",
	"platIsNoBootBsp":	"false",
	"hasFsblMakeHasChanges":	"false",
	"hasPmufwMakeHasChanges":	"false",
	"platPreBuiltFlag":	false,
	"platformSamplesDir":	"",
	"platActiveSys":	"userMapTop",
	"systems":	[{
			"systemName":	"userMapTop",
			"systemDesc":	"userMapTop",
			"sysIsBootAutoGen":	"true",
			"systemDispName":	"userMapTop",
			"sysActiveDom":	"standalone_microblaze_0",
			"sysDefaultDom":	"standalone_microblaze_0",
			"domains":	[{
					"domainName":	"standalone_microblaze_0",
					"domainDispName":	"standalone_microblaze_0",
					"domainDesc":	"standalone_microblaze_0",
					"processors":	"microblaze_0",
					"os":	"standalone",
					"sdxOs":	"standalone",
					"debugEnable":	"False",
					"domRuntimes":	["cpp"],
					"swRepo":	"",
					"mssOsVer":	"8.1",
					"mssFile":	"",
					"md5Digest":	"2387726c7969e4016a1fc62dc46e34ae",
					"compatibleApp":	"hello_world",
					"domType":	"mssDomain",
					"arch":	"32-bit",
					"appSettings":	{
						"appCompilerFlags":	"",
						"appLinkerFlags":	""
					},
					"addedLibs":	[],
					"libOptions":	{
						"libsContainingOptions":	[]
					},
					"prebuiltLibs":	{
						"prebuiltIncPath":	[],
						"prebuiltLibPath":	[]
					},
					"isolation":	{
					}
				}]
		}]
}
KEYINFO::2026-06-03.22:13:20::SCWPlatform::updated the xpfm file.
TRACE::2026-06-03.22:13:21::SCWPlatform::Trying to open the hw design at D:/vivado_pj/userMap2023/userMapTop/hw/userMapTop.xsa
TRACE::2026-06-03.22:13:21::SCWPlatform::DSA given D:/vivado_pj/userMap2023/userMapTop/hw/userMapTop.xsa
TRACE::2026-06-03.22:13:21::SCWPlatform::DSA absoulate path D:/vivado_pj/userMap2023/userMapTop/hw/userMapTop.xsa
TRACE::2026-06-03.22:13:21::SCWPlatform::DSA directory D:/vivado_pj/userMap2023/userMapTop/hw
TRACE::2026-06-03.22:13:21::SCWPlatform:: Platform Path D:/vivado_pj/userMap2023/userMapTop/hw/userMapTop.xsa
TRACE::2026-06-03.22:13:21::SCWPlatform:: Unique name xilinx:basys3::0.0
TRACE::2026-06-03.22:13:21::SCWPlatform::Trying to set the existing hwdb with name userMapTop_0
TRACE::2026-06-03.22:13:21::SCWPlatform::Opened existing hwdb userMapTop_0
TRACE::2026-06-03.22:13:21::SCWPlatform::Found the Hw Db part of the input DSA
TRACE::2026-06-03.22:13:21::SCWMssOS::Checking the sw design at  D:/vivado_pj/userMap2023/userMapTop/microblaze_0/standalone_microblaze_0/bsp/system.mss
TRACE::2026-06-03.22:13:21::SCWMssOS::DEBUG:  swdes dump  D:/vivado_pj/userMap2023/userMapTop/microblaze_0/standalone_microblaze_0/bsp/system.mss|system||

TRACE::2026-06-03.22:13:21::SCWMssOS::Sw design exists and opened at  D:/vivado_pj/userMap2023/userMapTop/microblaze_0/standalone_microblaze_0/bsp/system.mss
TRACE::2026-06-03.22:13:21::SCWMssOS::Saving the mss changes D:/vivado_pj/userMap2023/userMapTop/microblaze_0/standalone_microblaze_0/bsp/system.mss
TRACE::2026-06-03.22:13:21::SCWMssOS::Found a swdesign opened with the mssfile.
TRACE::2026-06-03.22:13:21::SCWMssOS::Completed writemss as part of save.
TRACE::2026-06-03.22:13:21::SCWMssOS::Commit changes completed.
TRACE::2026-06-03.22:13:21::SCWPlatform::Trying to open the hw design at D:/vivado_pj/userMap2023/userMapTop/hw/userMapTop.xsa
TRACE::2026-06-03.22:13:21::SCWPlatform::DSA given D:/vivado_pj/userMap2023/userMapTop/hw/userMapTop.xsa
TRACE::2026-06-03.22:13:21::SCWPlatform::DSA absoulate path D:/vivado_pj/userMap2023/userMapTop/hw/userMapTop.xsa
TRACE::2026-06-03.22:13:21::SCWPlatform::DSA directory D:/vivado_pj/userMap2023/userMapTop/hw
TRACE::2026-06-03.22:13:21::SCWPlatform:: Platform Path D:/vivado_pj/userMap2023/userMapTop/hw/userMapTop.xsa
TRACE::2026-06-03.22:13:21::SCWPlatform:: Unique name xilinx:basys3::0.0
TRACE::2026-06-03.22:13:21::SCWPlatform::Trying to set the existing hwdb with name userMapTop_0
TRACE::2026-06-03.22:13:21::SCWPlatform::Opened existing hwdb userMapTop_0
TRACE::2026-06-03.22:13:21::SCWPlatform::Found the Hw Db part of the input DSA
TRACE::2026-06-03.22:13:21::SCWMssOS::Checking the sw design at  D:/vivado_pj/userMap2023/userMapTop/microblaze_0/standalone_microblaze_0/bsp/system.mss
TRACE::2026-06-03.22:13:21::SCWMssOS::DEBUG:  swdes dump  D:/vivado_pj/userMap2023/userMapTop/microblaze_0/standalone_microblaze_0/bsp/system.mss|system||

TRACE::2026-06-03.22:13:21::SCWMssOS::Sw design exists and opened at  D:/vivado_pj/userMap2023/userMapTop/microblaze_0/standalone_microblaze_0/bsp/system.mss
TRACE::2026-06-03.22:13:21::SCWPlatform::Trying to open the hw design at D:/vivado_pj/userMap2023/userMapTop/hw/userMapTop.xsa
TRACE::2026-06-03.22:13:21::SCWPlatform::DSA given D:/vivado_pj/userMap2023/userMapTop/hw/userMapTop.xsa
TRACE::2026-06-03.22:13:21::SCWPlatform::DSA absoulate path D:/vivado_pj/userMap2023/userMapTop/hw/userMapTop.xsa
TRACE::2026-06-03.22:13:21::SCWPlatform::DSA directory D:/vivado_pj/userMap2023/userMapTop/hw
TRACE::2026-06-03.22:13:21::SCWPlatform:: Platform Path D:/vivado_pj/userMap2023/userMapTop/hw/userMapTop.xsa
TRACE::2026-06-03.22:13:21::SCWPlatform:: Unique name xilinx:basys3::0.0
TRACE::2026-06-03.22:13:21::SCWPlatform::Trying to set the existing hwdb with name userMapTop_0
TRACE::2026-06-03.22:13:21::SCWPlatform::Opened existing hwdb userMapTop_0
TRACE::2026-06-03.22:13:21::SCWPlatform::Found the Hw Db part of the input DSA
TRACE::2026-06-03.22:13:21::SCWMssOS::Checking the sw design at  D:/vivado_pj/userMap2023/userMapTop/microblaze_0/standalone_microblaze_0/bsp/system.mss
TRACE::2026-06-03.22:13:21::SCWMssOS::DEBUG:  swdes dump  D:/vivado_pj/userMap2023/userMapTop/microblaze_0/standalone_microblaze_0/bsp/system.mss|system||

TRACE::2026-06-03.22:13:21::SCWMssOS::Sw design exists and opened at  D:/vivado_pj/userMap2023/userMapTop/microblaze_0/standalone_microblaze_0/bsp/system.mss
TRACE::2026-06-03.22:13:21::SCWPlatform::Trying to open the hw design at D:/vivado_pj/userMap2023/userMapTop/hw/userMapTop.xsa
TRACE::2026-06-03.22:13:21::SCWPlatform::DSA given D:/vivado_pj/userMap2023/userMapTop/hw/userMapTop.xsa
TRACE::2026-06-03.22:13:21::SCWPlatform::DSA absoulate path D:/vivado_pj/userMap2023/userMapTop/hw/userMapTop.xsa
TRACE::2026-06-03.22:13:21::SCWPlatform::DSA directory D:/vivado_pj/userMap2023/userMapTop/hw
TRACE::2026-06-03.22:13:21::SCWPlatform:: Platform Path D:/vivado_pj/userMap2023/userMapTop/hw/userMapTop.xsa
TRACE::2026-06-03.22:13:21::SCWPlatform:: Unique name xilinx:basys3::0.0
TRACE::2026-06-03.22:13:21::SCWPlatform::Trying to set the existing hwdb with name userMapTop_0
TRACE::2026-06-03.22:13:21::SCWPlatform::Opened existing hwdb userMapTop_0
TRACE::2026-06-03.22:13:21::SCWPlatform::Found the Hw Db part of the input DSA
TRACE::2026-06-03.22:13:21::SCWMssOS::Checking the sw design at  D:/vivado_pj/userMap2023/userMapTop/microblaze_0/standalone_microblaze_0/bsp/system.mss
TRACE::2026-06-03.22:13:21::SCWMssOS::DEBUG:  swdes dump  D:/vivado_pj/userMap2023/userMapTop/microblaze_0/standalone_microblaze_0/bsp/system.mss|system||

TRACE::2026-06-03.22:13:21::SCWMssOS::Sw design exists and opened at  D:/vivado_pj/userMap2023/userMapTop/microblaze_0/standalone_microblaze_0/bsp/system.mss
TRACE::2026-06-03.22:13:21::SCWWriter::formatted JSON is {
	"platformName":	"userMapTop",
	"sprVersion":	"2.0",
	"mode":	"gui",
	"dsaType":	"Fixed",
	"platformDesc":	"userMapTop",
	"platHandOff":	"D:/vivado_pj/userMap/userMapTop.xsa",
	"platIntHandOff":	"<platformDir>/hw/userMapTop.xsa",
	"deviceType":	"FPGA",
	"platIsPrebuiltAutogen":	"false",
	"platIsNoBootBsp":	"false",
	"hasFsblMakeHasChanges":	"false",
	"hasPmufwMakeHasChanges":	"false",
	"platPreBuiltFlag":	false,
	"platformSamplesDir":	"",
	"platActiveSys":	"userMapTop",
	"systems":	[{
			"systemName":	"userMapTop",
			"systemDesc":	"userMapTop",
			"sysIsBootAutoGen":	"true",
			"systemDispName":	"userMapTop",
			"sysActiveDom":	"standalone_microblaze_0",
			"sysDefaultDom":	"standalone_microblaze_0",
			"domains":	[{
					"domainName":	"standalone_microblaze_0",
					"domainDispName":	"standalone_microblaze_0",
					"domainDesc":	"standalone_microblaze_0",
					"processors":	"microblaze_0",
					"os":	"standalone",
					"sdxOs":	"standalone",
					"debugEnable":	"False",
					"domRuntimes":	["cpp"],
					"swRepo":	"",
					"mssOsVer":	"8.1",
					"mssFile":	"",
					"md5Digest":	"2387726c7969e4016a1fc62dc46e34ae",
					"compatibleApp":	"hello_world",
					"domType":	"mssDomain",
					"arch":	"32-bit",
					"appSettings":	{
						"appCompilerFlags":	"",
						"appLinkerFlags":	""
					},
					"addedLibs":	[],
					"libOptions":	{
						"libsContainingOptions":	[]
					},
					"prebuiltLibs":	{
						"prebuiltIncPath":	[],
						"prebuiltLibPath":	[]
					},
					"isolation":	{
					}
				}]
		}]
}
TRACE::2026-06-03.22:13:21::SCWPlatform::Trying to open the hw design at D:/vivado_pj/userMap2023/userMapTop/hw/userMapTop.xsa
TRACE::2026-06-03.22:13:21::SCWPlatform::DSA given D:/vivado_pj/userMap2023/userMapTop/hw/userMapTop.xsa
TRACE::2026-06-03.22:13:21::SCWPlatform::DSA absoulate path D:/vivado_pj/userMap2023/userMapTop/hw/userMapTop.xsa
TRACE::2026-06-03.22:13:21::SCWPlatform::DSA directory D:/vivado_pj/userMap2023/userMapTop/hw
TRACE::2026-06-03.22:13:21::SCWPlatform:: Platform Path D:/vivado_pj/userMap2023/userMapTop/hw/userMapTop.xsa
TRACE::2026-06-03.22:13:21::SCWPlatform:: Unique name xilinx:basys3::0.0
TRACE::2026-06-03.22:13:21::SCWPlatform::Trying to set the existing hwdb with name userMapTop_0
TRACE::2026-06-03.22:13:21::SCWPlatform::Opened existing hwdb userMapTop_0
TRACE::2026-06-03.22:13:21::SCWPlatform::Found the Hw Db part of the input DSA
TRACE::2026-06-03.22:13:21::SCWMssOS::Checking the sw design at  D:/vivado_pj/userMap2023/userMapTop/microblaze_0/standalone_microblaze_0/bsp/system.mss
TRACE::2026-06-03.22:13:21::SCWMssOS::DEBUG:  swdes dump  D:/vivado_pj/userMap2023/userMapTop/microblaze_0/standalone_microblaze_0/bsp/system.mss|system||

TRACE::2026-06-03.22:13:21::SCWMssOS::Sw design exists and opened at  D:/vivado_pj/userMap2023/userMapTop/microblaze_0/standalone_microblaze_0/bsp/system.mss
TRACE::2026-06-03.22:13:21::SCWPlatform::Trying to open the hw design at D:/vivado_pj/userMap2023/userMapTop/hw/userMapTop.xsa
TRACE::2026-06-03.22:13:21::SCWPlatform::DSA given D:/vivado_pj/userMap2023/userMapTop/hw/userMapTop.xsa
TRACE::2026-06-03.22:13:21::SCWPlatform::DSA absoulate path D:/vivado_pj/userMap2023/userMapTop/hw/userMapTop.xsa
TRACE::2026-06-03.22:13:21::SCWPlatform::DSA directory D:/vivado_pj/userMap2023/userMapTop/hw
TRACE::2026-06-03.22:13:21::SCWPlatform:: Platform Path D:/vivado_pj/userMap2023/userMapTop/hw/userMapTop.xsa
TRACE::2026-06-03.22:13:21::SCWPlatform:: Unique name xilinx:basys3::0.0
TRACE::2026-06-03.22:13:21::SCWPlatform::Trying to set the existing hwdb with name userMapTop_0
TRACE::2026-06-03.22:13:21::SCWPlatform::Opened existing hwdb userMapTop_0
TRACE::2026-06-03.22:13:21::SCWPlatform::Found the Hw Db part of the input DSA
TRACE::2026-06-03.22:13:21::SCWMssOS::Checking the sw design at  D:/vivado_pj/userMap2023/userMapTop/microblaze_0/standalone_microblaze_0/bsp/system.mss
TRACE::2026-06-03.22:13:21::SCWMssOS::DEBUG:  swdes dump  D:/vivado_pj/userMap2023/userMapTop/microblaze_0/standalone_microblaze_0/bsp/system.mss|system||

TRACE::2026-06-03.22:13:21::SCWMssOS::Sw design exists and opened at  D:/vivado_pj/userMap2023/userMapTop/microblaze_0/standalone_microblaze_0/bsp/system.mss
TRACE::2026-06-03.22:13:21::SCWMssOS::Saving the mss changes D:/vivado_pj/userMap2023/userMapTop/microblaze_0/standalone_microblaze_0/bsp/system.mss
TRACE::2026-06-03.22:13:21::SCWMssOS::Found a swdesign opened with the mssfile.
TRACE::2026-06-03.22:13:21::SCWMssOS::Completed writemss as part of save.
TRACE::2026-06-03.22:13:21::SCWMssOS::Commit changes completed.
TRACE::2026-06-03.22:13:21::SCWPlatform::Trying to open the hw design at D:/vivado_pj/userMap2023/userMapTop/hw/userMapTop.xsa
TRACE::2026-06-03.22:13:21::SCWPlatform::DSA given D:/vivado_pj/userMap2023/userMapTop/hw/userMapTop.xsa
TRACE::2026-06-03.22:13:21::SCWPlatform::DSA absoulate path D:/vivado_pj/userMap2023/userMapTop/hw/userMapTop.xsa
TRACE::2026-06-03.22:13:21::SCWPlatform::DSA directory D:/vivado_pj/userMap2023/userMapTop/hw
TRACE::2026-06-03.22:13:21::SCWPlatform:: Platform Path D:/vivado_pj/userMap2023/userMapTop/hw/userMapTop.xsa
TRACE::2026-06-03.22:13:21::SCWPlatform:: Unique name xilinx:basys3::0.0
TRACE::2026-06-03.22:13:21::SCWPlatform::Trying to set the existing hwdb with name userMapTop_0
TRACE::2026-06-03.22:13:21::SCWPlatform::Opened existing hwdb userMapTop_0
TRACE::2026-06-03.22:13:21::SCWPlatform::Found the Hw Db part of the input DSA
TRACE::2026-06-03.22:13:21::SCWMssOS::Checking the sw design at  D:/vivado_pj/userMap2023/userMapTop/microblaze_0/standalone_microblaze_0/bsp/system.mss
TRACE::2026-06-03.22:13:21::SCWMssOS::DEBUG:  swdes dump  D:/vivado_pj/userMap2023/userMapTop/microblaze_0/standalone_microblaze_0/bsp/system.mss|system||

TRACE::2026-06-03.22:13:21::SCWMssOS::Sw design exists and opened at  D:/vivado_pj/userMap2023/userMapTop/microblaze_0/standalone_microblaze_0/bsp/system.mss
TRACE::2026-06-03.22:13:21::SCWPlatform::Trying to open the hw design at D:/vivado_pj/userMap2023/userMapTop/hw/userMapTop.xsa
TRACE::2026-06-03.22:13:21::SCWPlatform::DSA given D:/vivado_pj/userMap2023/userMapTop/hw/userMapTop.xsa
TRACE::2026-06-03.22:13:21::SCWPlatform::DSA absoulate path D:/vivado_pj/userMap2023/userMapTop/hw/userMapTop.xsa
TRACE::2026-06-03.22:13:21::SCWPlatform::DSA directory D:/vivado_pj/userMap2023/userMapTop/hw
TRACE::2026-06-03.22:13:21::SCWPlatform:: Platform Path D:/vivado_pj/userMap2023/userMapTop/hw/userMapTop.xsa
TRACE::2026-06-03.22:13:21::SCWPlatform:: Unique name xilinx:basys3::0.0
TRACE::2026-06-03.22:13:21::SCWPlatform::Trying to set the existing hwdb with name userMapTop_0
TRACE::2026-06-03.22:13:21::SCWPlatform::Opened existing hwdb userMapTop_0
TRACE::2026-06-03.22:13:21::SCWPlatform::Found the Hw Db part of the input DSA
TRACE::2026-06-03.22:13:21::SCWMssOS::Checking the sw design at  D:/vivado_pj/userMap2023/userMapTop/microblaze_0/standalone_microblaze_0/bsp/system.mss
TRACE::2026-06-03.22:13:21::SCWMssOS::DEBUG:  swdes dump  D:/vivado_pj/userMap2023/userMapTop/microblaze_0/standalone_microblaze_0/bsp/system.mss|system||

TRACE::2026-06-03.22:13:21::SCWMssOS::Sw design exists and opened at  D:/vivado_pj/userMap2023/userMapTop/microblaze_0/standalone_microblaze_0/bsp/system.mss
TRACE::2026-06-03.22:13:21::SCWPlatform::Trying to open the hw design at D:/vivado_pj/userMap2023/userMapTop/hw/userMapTop.xsa
TRACE::2026-06-03.22:13:21::SCWPlatform::DSA given D:/vivado_pj/userMap2023/userMapTop/hw/userMapTop.xsa
TRACE::2026-06-03.22:13:21::SCWPlatform::DSA absoulate path D:/vivado_pj/userMap2023/userMapTop/hw/userMapTop.xsa
TRACE::2026-06-03.22:13:21::SCWPlatform::DSA directory D:/vivado_pj/userMap2023/userMapTop/hw
TRACE::2026-06-03.22:13:21::SCWPlatform:: Platform Path D:/vivado_pj/userMap2023/userMapTop/hw/userMapTop.xsa
TRACE::2026-06-03.22:13:21::SCWPlatform:: Unique name xilinx:basys3::0.0
TRACE::2026-06-03.22:13:21::SCWPlatform::Trying to set the existing hwdb with name userMapTop_0
TRACE::2026-06-03.22:13:21::SCWPlatform::Opened existing hwdb userMapTop_0
TRACE::2026-06-03.22:13:21::SCWPlatform::Found the Hw Db part of the input DSA
TRACE::2026-06-03.22:13:21::SCWMssOS::Checking the sw design at  D:/vivado_pj/userMap2023/userMapTop/microblaze_0/standalone_microblaze_0/bsp/system.mss
TRACE::2026-06-03.22:13:21::SCWMssOS::DEBUG:  swdes dump  D:/vivado_pj/userMap2023/userMapTop/microblaze_0/standalone_microblaze_0/bsp/system.mss|system||

TRACE::2026-06-03.22:13:21::SCWMssOS::Sw design exists and opened at  D:/vivado_pj/userMap2023/userMapTop/microblaze_0/standalone_microblaze_0/bsp/system.mss
TRACE::2026-06-03.22:13:21::SCWWriter::formatted JSON is {
	"platformName":	"userMapTop",
	"sprVersion":	"2.0",
	"mode":	"gui",
	"dsaType":	"Fixed",
	"platformDesc":	"userMapTop",
	"platHandOff":	"D:/vivado_pj/userMap/userMapTop.xsa",
	"platIntHandOff":	"<platformDir>/hw/userMapTop.xsa",
	"deviceType":	"FPGA",
	"platIsPrebuiltAutogen":	"false",
	"platIsNoBootBsp":	"false",
	"hasFsblMakeHasChanges":	"false",
	"hasPmufwMakeHasChanges":	"false",
	"platPreBuiltFlag":	false,
	"platformSamplesDir":	"",
	"platActiveSys":	"userMapTop",
	"systems":	[{
			"systemName":	"userMapTop",
			"systemDesc":	"userMapTop",
			"sysIsBootAutoGen":	"true",
			"systemDispName":	"userMapTop",
			"sysActiveDom":	"standalone_microblaze_0",
			"sysDefaultDom":	"standalone_microblaze_0",
			"domains":	[{
					"domainName":	"standalone_microblaze_0",
					"domainDispName":	"standalone_microblaze_0",
					"domainDesc":	"standalone_microblaze_0",
					"processors":	"microblaze_0",
					"os":	"standalone",
					"sdxOs":	"standalone",
					"debugEnable":	"False",
					"domRuntimes":	["cpp"],
					"swRepo":	"",
					"mssOsVer":	"8.1",
					"mssFile":	"",
					"md5Digest":	"2387726c7969e4016a1fc62dc46e34ae",
					"compatibleApp":	"hello_world",
					"domType":	"mssDomain",
					"arch":	"32-bit",
					"appSettings":	{
						"appCompilerFlags":	"",
						"appLinkerFlags":	""
					},
					"addedLibs":	[],
					"libOptions":	{
						"libsContainingOptions":	[]
					},
					"prebuiltLibs":	{
						"prebuiltIncPath":	[],
						"prebuiltLibPath":	[]
					},
					"isolation":	{
					}
				}]
		}]
}
LOG::2026-06-03.22:13:21::SCWPlatform::Started generating the artifacts platform userMapTop
TRACE::2026-06-03.22:13:21::SCWPlatform::Sanity checking of platform is completed
LOG::2026-06-03.22:13:21::SCWPlatform::Started generating the artifacts for system configuration userMapTop
LOG::2026-06-03.22:13:21::SCWSystem::Started Processing the domain standalone_microblaze_0
TRACE::2026-06-03.22:13:21::SCWDomain::Generating domain artifcats
TRACE::2026-06-03.22:13:21::SCWMssOS::Generating standalone artifcats
TRACE::2026-06-03.22:13:21::SCWMssOS:: Copying the user libraries. 
TRACE::2026-06-03.22:13:21::SCWPlatform::Trying to open the hw design at D:/vivado_pj/userMap2023/userMapTop/hw/userMapTop.xsa
TRACE::2026-06-03.22:13:21::SCWPlatform::DSA given D:/vivado_pj/userMap2023/userMapTop/hw/userMapTop.xsa
TRACE::2026-06-03.22:13:21::SCWPlatform::DSA absoulate path D:/vivado_pj/userMap2023/userMapTop/hw/userMapTop.xsa
TRACE::2026-06-03.22:13:21::SCWPlatform::DSA directory D:/vivado_pj/userMap2023/userMapTop/hw
TRACE::2026-06-03.22:13:21::SCWPlatform:: Platform Path D:/vivado_pj/userMap2023/userMapTop/hw/userMapTop.xsa
TRACE::2026-06-03.22:13:21::SCWPlatform:: Unique name xilinx:basys3::0.0
TRACE::2026-06-03.22:13:21::SCWPlatform::Trying to set the existing hwdb with name userMapTop_0
TRACE::2026-06-03.22:13:21::SCWPlatform::Opened existing hwdb userMapTop_0
TRACE::2026-06-03.22:13:21::SCWPlatform::Found the Hw Db part of the input DSA
TRACE::2026-06-03.22:13:21::SCWMssOS::Checking the sw design at  D:/vivado_pj/userMap2023/userMapTop/microblaze_0/standalone_microblaze_0/bsp/system.mss
TRACE::2026-06-03.22:13:21::SCWMssOS::DEBUG:  swdes dump  D:/vivado_pj/userMap2023/userMapTop/microblaze_0/standalone_microblaze_0/bsp/system.mss|system||

TRACE::2026-06-03.22:13:21::SCWMssOS::Sw design exists and opened at  D:/vivado_pj/userMap2023/userMapTop/microblaze_0/standalone_microblaze_0/bsp/system.mss
TRACE::2026-06-03.22:13:21::SCWMssOS::Completed writing the mss file at D:/vivado_pj/userMap2023/userMapTop/microblaze_0/standalone_microblaze_0/bsp
TRACE::2026-06-03.22:13:21::SCWMssOS::Mss edits present, copying mssfile into export location D:/vivado_pj/userMap2023/userMapTop/microblaze_0/standalone_microblaze_0/bsp/system.mss
TRACE::2026-06-03.22:13:21::SCWMssOS::bsp generated is upto date with the mss file. Skipping bsp generation.
TRACE::2026-06-03.22:13:21::SCWMssOS::BSP is already built. skipping the bsp build ... 
TRACE::2026-06-03.22:13:21::SCWDomain::Building the domain as part of full build :  standalone_microblaze_0
TRACE::2026-06-03.22:13:21::SCWMssOS::skipping the bsp build ... 
TRACE::2026-06-03.22:13:21::SCWMssOS::Copying to export directory.
TRACE::2026-06-03.22:13:21::SCWMssOS:: Checking if to create the Supporting Applications
TRACE::2026-06-03.22:13:21::SCWMssOS:: No Linux domain exists, trying to generate FSBL 
LOG::2026-06-03.22:13:21::SCWSystem::Completed Processing the domain standalone_microblaze_0
LOG::2026-06-03.22:13:21::SCWSystem::Completed Processing the sysconfig userMapTop
LOG::2026-06-03.22:13:21::SCWPlatform::Completed generating the artifacts for system configuration userMapTop
TRACE::2026-06-03.22:13:21::SCWPlatform::Started preparing the platform 
TRACE::2026-06-03.22:13:21::SCWSystem::Writing the bif file for system config userMapTop
TRACE::2026-06-03.22:13:21::SCWSystem::dir created 
TRACE::2026-06-03.22:13:21::SCWSystem::Writing the bif 
TRACE::2026-06-03.22:13:21::SCWPlatform::Started writing the spfm file 
TRACE::2026-06-03.22:13:21::SCWPlatform::Started writing the xpfm file 
TRACE::2026-06-03.22:13:21::SCWPlatform::Completed generating the platform
TRACE::2026-06-03.22:13:21::SCWMssOS::Saving the mss changes D:/vivado_pj/userMap2023/userMapTop/microblaze_0/standalone_microblaze_0/bsp/system.mss
TRACE::2026-06-03.22:13:21::SCWMssOS::Found a swdesign opened with the mssfile.
TRACE::2026-06-03.22:13:21::SCWMssOS::Completed writemss as part of save.
TRACE::2026-06-03.22:13:21::SCWMssOS::Commit changes completed.
TRACE::2026-06-03.22:13:21::SCWPlatform::Trying to open the hw design at D:/vivado_pj/userMap2023/userMapTop/hw/userMapTop.xsa
TRACE::2026-06-03.22:13:21::SCWPlatform::DSA given D:/vivado_pj/userMap2023/userMapTop/hw/userMapTop.xsa
TRACE::2026-06-03.22:13:21::SCWPlatform::DSA absoulate path D:/vivado_pj/userMap2023/userMapTop/hw/userMapTop.xsa
TRACE::2026-06-03.22:13:21::SCWPlatform::DSA directory D:/vivado_pj/userMap2023/userMapTop/hw
TRACE::2026-06-03.22:13:21::SCWPlatform:: Platform Path D:/vivado_pj/userMap2023/userMapTop/hw/userMapTop.xsa
TRACE::2026-06-03.22:13:21::SCWPlatform:: Unique name xilinx:basys3::0.0
TRACE::2026-06-03.22:13:21::SCWPlatform::Trying to set the existing hwdb with name userMapTop_0
TRACE::2026-06-03.22:13:21::SCWPlatform::Opened existing hwdb userMapTop_0
TRACE::2026-06-03.22:13:21::SCWPlatform::Found the Hw Db part of the input DSA
TRACE::2026-06-03.22:13:21::SCWMssOS::Checking the sw design at  D:/vivado_pj/userMap2023/userMapTop/microblaze_0/standalone_microblaze_0/bsp/system.mss
TRACE::2026-06-03.22:13:21::SCWMssOS::DEBUG:  swdes dump  D:/vivado_pj/userMap2023/userMapTop/microblaze_0/standalone_microblaze_0/bsp/system.mss|system||

TRACE::2026-06-03.22:13:21::SCWMssOS::Sw design exists and opened at  D:/vivado_pj/userMap2023/userMapTop/microblaze_0/standalone_microblaze_0/bsp/system.mss
TRACE::2026-06-03.22:13:21::SCWPlatform::Trying to open the hw design at D:/vivado_pj/userMap2023/userMapTop/hw/userMapTop.xsa
TRACE::2026-06-03.22:13:21::SCWPlatform::DSA given D:/vivado_pj/userMap2023/userMapTop/hw/userMapTop.xsa
TRACE::2026-06-03.22:13:21::SCWPlatform::DSA absoulate path D:/vivado_pj/userMap2023/userMapTop/hw/userMapTop.xsa
TRACE::2026-06-03.22:13:21::SCWPlatform::DSA directory D:/vivado_pj/userMap2023/userMapTop/hw
TRACE::2026-06-03.22:13:21::SCWPlatform:: Platform Path D:/vivado_pj/userMap2023/userMapTop/hw/userMapTop.xsa
TRACE::2026-06-03.22:13:21::SCWPlatform:: Unique name xilinx:basys3::0.0
TRACE::2026-06-03.22:13:21::SCWPlatform::Trying to set the existing hwdb with name userMapTop_0
TRACE::2026-06-03.22:13:21::SCWPlatform::Opened existing hwdb userMapTop_0
TRACE::2026-06-03.22:13:21::SCWPlatform::Found the Hw Db part of the input DSA
TRACE::2026-06-03.22:13:21::SCWMssOS::Checking the sw design at  D:/vivado_pj/userMap2023/userMapTop/microblaze_0/standalone_microblaze_0/bsp/system.mss
TRACE::2026-06-03.22:13:21::SCWMssOS::DEBUG:  swdes dump  D:/vivado_pj/userMap2023/userMapTop/microblaze_0/standalone_microblaze_0/bsp/system.mss|system||

TRACE::2026-06-03.22:13:21::SCWMssOS::Sw design exists and opened at  D:/vivado_pj/userMap2023/userMapTop/microblaze_0/standalone_microblaze_0/bsp/system.mss
TRACE::2026-06-03.22:13:21::SCWPlatform::Trying to open the hw design at D:/vivado_pj/userMap2023/userMapTop/hw/userMapTop.xsa
TRACE::2026-06-03.22:13:21::SCWPlatform::DSA given D:/vivado_pj/userMap2023/userMapTop/hw/userMapTop.xsa
TRACE::2026-06-03.22:13:21::SCWPlatform::DSA absoulate path D:/vivado_pj/userMap2023/userMapTop/hw/userMapTop.xsa
TRACE::2026-06-03.22:13:21::SCWPlatform::DSA directory D:/vivado_pj/userMap2023/userMapTop/hw
TRACE::2026-06-03.22:13:21::SCWPlatform:: Platform Path D:/vivado_pj/userMap2023/userMapTop/hw/userMapTop.xsa
TRACE::2026-06-03.22:13:21::SCWPlatform:: Unique name xilinx:basys3::0.0
TRACE::2026-06-03.22:13:21::SCWPlatform::Trying to set the existing hwdb with name userMapTop_0
TRACE::2026-06-03.22:13:21::SCWPlatform::Opened existing hwdb userMapTop_0
TRACE::2026-06-03.22:13:21::SCWPlatform::Found the Hw Db part of the input DSA
TRACE::2026-06-03.22:13:21::SCWMssOS::Checking the sw design at  D:/vivado_pj/userMap2023/userMapTop/microblaze_0/standalone_microblaze_0/bsp/system.mss
TRACE::2026-06-03.22:13:21::SCWMssOS::DEBUG:  swdes dump  D:/vivado_pj/userMap2023/userMapTop/microblaze_0/standalone_microblaze_0/bsp/system.mss|system||

TRACE::2026-06-03.22:13:21::SCWMssOS::Sw design exists and opened at  D:/vivado_pj/userMap2023/userMapTop/microblaze_0/standalone_microblaze_0/bsp/system.mss
TRACE::2026-06-03.22:13:21::SCWWriter::formatted JSON is {
	"platformName":	"userMapTop",
	"sprVersion":	"2.0",
	"mode":	"gui",
	"dsaType":	"Fixed",
	"platformDesc":	"userMapTop",
	"platHandOff":	"D:/vivado_pj/userMap/userMapTop.xsa",
	"platIntHandOff":	"<platformDir>/hw/userMapTop.xsa",
	"deviceType":	"FPGA",
	"platIsPrebuiltAutogen":	"false",
	"platIsNoBootBsp":	"false",
	"hasFsblMakeHasChanges":	"false",
	"hasPmufwMakeHasChanges":	"false",
	"platPreBuiltFlag":	false,
	"platformSamplesDir":	"",
	"platActiveSys":	"userMapTop",
	"systems":	[{
			"systemName":	"userMapTop",
			"systemDesc":	"userMapTop",
			"sysIsBootAutoGen":	"true",
			"systemDispName":	"userMapTop",
			"sysActiveDom":	"standalone_microblaze_0",
			"sysDefaultDom":	"standalone_microblaze_0",
			"domains":	[{
					"domainName":	"standalone_microblaze_0",
					"domainDispName":	"standalone_microblaze_0",
					"domainDesc":	"standalone_microblaze_0",
					"processors":	"microblaze_0",
					"os":	"standalone",
					"sdxOs":	"standalone",
					"debugEnable":	"False",
					"domRuntimes":	["cpp"],
					"swRepo":	"",
					"mssOsVer":	"8.1",
					"mssFile":	"",
					"md5Digest":	"2387726c7969e4016a1fc62dc46e34ae",
					"compatibleApp":	"hello_world",
					"domType":	"mssDomain",
					"arch":	"32-bit",
					"appSettings":	{
						"appCompilerFlags":	"",
						"appLinkerFlags":	""
					},
					"addedLibs":	[],
					"libOptions":	{
						"libsContainingOptions":	[]
					},
					"prebuiltLibs":	{
						"prebuiltIncPath":	[],
						"prebuiltLibPath":	[]
					},
					"isolation":	{
					}
				}]
		}]
}
KEYINFO::2026-06-03.22:13:21::SCWPlatform::updated the xpfm file.
LOG::2026-06-03.22:13:35::SCWPlatform::Started generating the artifacts platform userMapTop
TRACE::2026-06-03.22:13:35::SCWPlatform::Sanity checking of platform is completed
LOG::2026-06-03.22:13:35::SCWPlatform::Started generating the artifacts for system configuration userMapTop
LOG::2026-06-03.22:13:35::SCWSystem::Checking the domain standalone_microblaze_0
LOG::2026-06-03.22:13:35::SCWSystem::Not a boot domain 
LOG::2026-06-03.22:13:35::SCWSystem::Started Processing the domain standalone_microblaze_0
TRACE::2026-06-03.22:13:35::SCWDomain::Generating domain artifcats
TRACE::2026-06-03.22:13:35::SCWMssOS::Generating standalone artifcats
TRACE::2026-06-03.22:13:35::SCWMssOS:: Copying the user libraries. 
TRACE::2026-06-03.22:13:35::SCWPlatform::Trying to open the hw design at D:/vivado_pj/userMap2023/userMapTop/hw/userMapTop.xsa
TRACE::2026-06-03.22:13:35::SCWPlatform::DSA given D:/vivado_pj/userMap2023/userMapTop/hw/userMapTop.xsa
TRACE::2026-06-03.22:13:35::SCWPlatform::DSA absoulate path D:/vivado_pj/userMap2023/userMapTop/hw/userMapTop.xsa
TRACE::2026-06-03.22:13:35::SCWPlatform::DSA directory D:/vivado_pj/userMap2023/userMapTop/hw
TRACE::2026-06-03.22:13:35::SCWPlatform:: Platform Path D:/vivado_pj/userMap2023/userMapTop/hw/userMapTop.xsa
TRACE::2026-06-03.22:13:35::SCWPlatform:: Unique name xilinx:basys3::0.0
TRACE::2026-06-03.22:13:35::SCWPlatform::Trying to set the existing hwdb with name userMapTop_0
TRACE::2026-06-03.22:13:35::SCWPlatform::Opened existing hwdb userMapTop_0
TRACE::2026-06-03.22:13:35::SCWPlatform::Found the Hw Db part of the input DSA
TRACE::2026-06-03.22:13:35::SCWMssOS::Checking the sw design at  D:/vivado_pj/userMap2023/userMapTop/microblaze_0/standalone_microblaze_0/bsp/system.mss
TRACE::2026-06-03.22:13:35::SCWMssOS::DEBUG:  swdes dump  D:/vivado_pj/userMap2023/userMapTop/microblaze_0/standalone_microblaze_0/bsp/system.mss|system||

TRACE::2026-06-03.22:13:35::SCWMssOS::Sw design exists and opened at  D:/vivado_pj/userMap2023/userMapTop/microblaze_0/standalone_microblaze_0/bsp/system.mss
TRACE::2026-06-03.22:13:35::SCWMssOS::Completed writing the mss file at D:/vivado_pj/userMap2023/userMapTop/microblaze_0/standalone_microblaze_0/bsp
TRACE::2026-06-03.22:13:35::SCWMssOS::Mss edits present, copying mssfile into export location D:/vivado_pj/userMap2023/userMapTop/microblaze_0/standalone_microblaze_0/bsp/system.mss
TRACE::2026-06-03.22:13:35::SCWMssOS::bsp generated is upto date with the mss file. Skipping bsp generation.
TRACE::2026-06-03.22:13:35::SCWMssOS::BSP is already built. skipping the bsp build ... 
TRACE::2026-06-03.22:13:35::SCWDomain::Building the domain as part of full build :  standalone_microblaze_0
TRACE::2026-06-03.22:13:35::SCWMssOS::doing bsp build ... 
TRACE::2026-06-03.22:13:35::SCWMssOS::System Command Ran  D: & cd  D:/vivado_pj/userMap2023/userMapTop/microblaze_0/standalone_microblaze_0/bsp & make 
TRACE::2026-06-03.22:13:35::SCWMssOS::make --no-print-directory seq_libs

TRACE::2026-06-03.22:13:35::SCWMssOS::'Finished building libraries sequentially.'

TRACE::2026-06-03.22:13:35::SCWMssOS::make -j 14 --no-print-directory par_libs

TRACE::2026-06-03.22:13:35::SCWMssOS::"Running Make include in microblaze_0/libsrc/bram_v4_8/src"

TRACE::2026-06-03.22:13:35::SCWMssOS::make -C microblaze_0/libsrc/bram_v4_8/src -s include  "SHELL=CMD" "COMPILER=mb-gcc" "ASSEMBLER=mb-as" "ARCHIVER=mb-ar" "COMPILE
TRACE::2026-06-03.22:13:35::SCWMssOS::R_FLAGS=  -O2 -c -mcpu=v11.0 -mlittle-endian -mxl-soft-mul" "EXTRA_COMPILER_FLAGS=-g -ffunction-sections -fdata-sections -Wall 
TRACE::2026-06-03.22:13:35::SCWMssOS::-Wextra -fno-tree-loop-distribute-patterns"

TRACE::2026-06-03.22:13:35::SCWMssOS::"Running Make include in microblaze_0/libsrc/cpu_v2_17/src"

TRACE::2026-06-03.22:13:35::SCWMssOS::make -C microblaze_0/libsrc/cpu_v2_17/src -s include  "SHELL=CMD" "COMPILER=mb-gcc" "ASSEMBLER=mb-as" "ARCHIVER=mb-ar" "COMPILE
TRACE::2026-06-03.22:13:35::SCWMssOS::R_FLAGS=  -O2 -c -mcpu=v11.0 -mlittle-endian -mxl-soft-mul" "EXTRA_COMPILER_FLAGS=-g -ffunction-sections -fdata-sections -Wall 
TRACE::2026-06-03.22:13:35::SCWMssOS::-Wextra -fno-tree-loop-distribute-patterns"

TRACE::2026-06-03.22:13:35::SCWMssOS::"Running Make include in microblaze_0/libsrc/gpio_v4_9/src"

TRACE::2026-06-03.22:13:35::SCWMssOS::make -C microblaze_0/libsrc/gpio_v4_9/src -s include  "SHELL=CMD" "COMPILER=mb-gcc" "ASSEMBLER=mb-as" "ARCHIVER=mb-ar" "COMPILE
TRACE::2026-06-03.22:13:35::SCWMssOS::R_FLAGS=  -O2 -c -mcpu=v11.0 -mlittle-endian -mxl-soft-mul" "EXTRA_COMPILER_FLAGS=-g -ffunction-sections -fdata-sections -Wall 
TRACE::2026-06-03.22:13:35::SCWMssOS::-Wextra -fno-tree-loop-distribute-patterns"

TRACE::2026-06-03.22:13:35::SCWMssOS::"Running Make include in microblaze_0/libsrc/intc_v3_16/src"

TRACE::2026-06-03.22:13:35::SCWMssOS::make -C microblaze_0/libsrc/intc_v3_16/src -s include  "SHELL=CMD" "COMPILER=mb-gcc" "ASSEMBLER=mb-as" "ARCHIVER=mb-ar" "COMPIL
TRACE::2026-06-03.22:13:35::SCWMssOS::ER_FLAGS=  -O2 -c -mcpu=v11.0 -mlittle-endian -mxl-soft-mul" "EXTRA_COMPILER_FLAGS=-g -ffunction-sections -fdata-sections -Wall
TRACE::2026-06-03.22:13:35::SCWMssOS:: -Wextra -fno-tree-loop-distribute-patterns"

TRACE::2026-06-03.22:13:35::SCWMssOS::"Running Make include in microblaze_0/libsrc/standalone_v8_1/src"

TRACE::2026-06-03.22:13:35::SCWMssOS::make -C microblaze_0/libsrc/standalone_v8_1/src -s include  "SHELL=CMD" "COMPILER=mb-gcc" "ASSEMBLER=mb-as" "ARCHIVER=mb-ar" "C
TRACE::2026-06-03.22:13:35::SCWMssOS::OMPILER_FLAGS=  -O2 -c -mcpu=v11.0 -mlittle-endian -mxl-soft-mul" "EXTRA_COMPILER_FLAGS=-g -ffunction-sections -fdata-sections 
TRACE::2026-06-03.22:13:35::SCWMssOS::-Wall -Wextra -fno-tree-loop-distribute-patterns"

TRACE::2026-06-03.22:13:35::SCWMssOS::"Running Make include in microblaze_0/libsrc/uartlite_v3_8/src"

TRACE::2026-06-03.22:13:35::SCWMssOS::make -C microblaze_0/libsrc/uartlite_v3_8/src -s include  "SHELL=CMD" "COMPILER=mb-gcc" "ASSEMBLER=mb-as" "ARCHIVER=mb-ar" "COM
TRACE::2026-06-03.22:13:35::SCWMssOS::PILER_FLAGS=  -O2 -c -mcpu=v11.0 -mlittle-endian -mxl-soft-mul" "EXTRA_COMPILER_FLAGS=-g -ffunction-sections -fdata-sections -W
TRACE::2026-06-03.22:13:35::SCWMssOS::all -Wextra -fno-tree-loop-distribute-patterns"

TRACE::2026-06-03.22:13:36::SCWMssOS::"Running Make libs in microblaze_0/libsrc/bram_v4_8/src"

TRACE::2026-06-03.22:13:36::SCWMssOS::make -C microblaze_0/libsrc/bram_v4_8/src -s libs  "SHELL=CMD" "COMPILER=mb-gcc" "ASSEMBLER=mb-as" "ARCHIVER=mb-ar" "COMPILER_F
TRACE::2026-06-03.22:13:36::SCWMssOS::LAGS=  -O2 -c -mcpu=v11.0 -mlittle-endian -mxl-soft-mul" "EXTRA_COMPILER_FLAGS=-g -ffunction-sections -fdata-sections -Wall -We
TRACE::2026-06-03.22:13:36::SCWMssOS::xtra -fno-tree-loop-distribute-patterns"

TRACE::2026-06-03.22:13:36::SCWMssOS::"Running Make libs in microblaze_0/libsrc/cpu_v2_17/src"

TRACE::2026-06-03.22:13:36::SCWMssOS::make -C microblaze_0/libsrc/cpu_v2_17/src -s libs  "SHELL=CMD" "COMPILER=mb-gcc" "ASSEMBLER=mb-as" "ARCHIVER=mb-ar" "COMPILER_F
TRACE::2026-06-03.22:13:36::SCWMssOS::LAGS=  -O2 -c -mcpu=v11.0 -mlittle-endian -mxl-soft-mul" "EXTRA_COMPILER_FLAGS=-g -ffunction-sections -fdata-sections -Wall -We
TRACE::2026-06-03.22:13:36::SCWMssOS::xtra -fno-tree-loop-distribute-patterns"

TRACE::2026-06-03.22:13:36::SCWMssOS::"Running Make libs in microblaze_0/libsrc/gpio_v4_9/src"

TRACE::2026-06-03.22:13:36::SCWMssOS::make -C microblaze_0/libsrc/gpio_v4_9/src -s libs  "SHELL=CMD" "COMPILER=mb-gcc" "ASSEMBLER=mb-as" "ARCHIVER=mb-ar" "COMPILER_F
TRACE::2026-06-03.22:13:36::SCWMssOS::LAGS=  -O2 -c -mcpu=v11.0 -mlittle-endian -mxl-soft-mul" "EXTRA_COMPILER_FLAGS=-g -ffunction-sections -fdata-sections -Wall -We
TRACE::2026-06-03.22:13:36::SCWMssOS::xtra -fno-tree-loop-distribute-patterns"

TRACE::2026-06-03.22:13:36::SCWMssOS::"Running Make libs in microblaze_0/libsrc/intc_v3_16/src"

TRACE::2026-06-03.22:13:36::SCWMssOS::make -C microblaze_0/libsrc/intc_v3_16/src -s libs  "SHELL=CMD" "COMPILER=mb-gcc" "ASSEMBLER=mb-as" "ARCHIVER=mb-ar" "COMPILER_
TRACE::2026-06-03.22:13:36::SCWMssOS::FLAGS=  -O2 -c -mcpu=v11.0 -mlittle-endian -mxl-soft-mul" "EXTRA_COMPILER_FLAGS=-g -ffunction-sections -fdata-sections -Wall -W
TRACE::2026-06-03.22:13:36::SCWMssOS::extra -fno-tree-loop-distribute-patterns"

TRACE::2026-06-03.22:13:36::SCWMssOS::"Running Make libs in microblaze_0/libsrc/standalone_v8_1/src"

TRACE::2026-06-03.22:13:36::SCWMssOS::make -C microblaze_0/libsrc/standalone_v8_1/src -s libs  "SHELL=CMD" "COMPILER=mb-gcc" "ASSEMBLER=mb-as" "ARCHIVER=mb-ar" "COMP
TRACE::2026-06-03.22:13:36::SCWMssOS::ILER_FLAGS=  -O2 -c -mcpu=v11.0 -mlittle-endian -mxl-soft-mul" "EXTRA_COMPILER_FLAGS=-g -ffunction-sections -fdata-sections -Wa
TRACE::2026-06-03.22:13:36::SCWMssOS::ll -Wextra -fno-tree-loop-distribute-patterns"

TRACE::2026-06-03.22:13:36::SCWMssOS::"Running Make libs in microblaze_0/libsrc/uartlite_v3_8/src"

TRACE::2026-06-03.22:13:36::SCWMssOS::make -C microblaze_0/libsrc/uartlite_v3_8/src -s libs  "SHELL=CMD" "COMPILER=mb-gcc" "ASSEMBLER=mb-as" "ARCHIVER=mb-ar" "COMPIL
TRACE::2026-06-03.22:13:36::SCWMssOS::ER_FLAGS=  -O2 -c -mcpu=v11.0 -mlittle-endian -mxl-soft-mul" "EXTRA_COMPILER_FLAGS=-g -ffunction-sections -fdata-sections -Wall
TRACE::2026-06-03.22:13:36::SCWMssOS:: -Wextra -fno-tree-loop-distribute-patterns"

TRACE::2026-06-03.22:13:37::SCWMssOS::"DEBUG NON_LTO_OBJECTS is ../../../lib/microblaze_interrupt_handler.o"

TRACE::2026-06-03.22:13:38::SCWMssOS::'Finished building libraries parallelly.'

TRACE::2026-06-03.22:13:38::SCWMssOS::make --no-print-directory archive

TRACE::2026-06-03.22:13:38::SCWMssOS::mb-ar -r  microblaze_0/lib/libxil.a microblaze_0/lib/_exit.o microblaze_0/lib/errno.o microblaze_0/lib/fcntl.o microblaze_0/lib
TRACE::2026-06-03.22:13:38::SCWMssOS::/hw_exception_handler.o microblaze_0/lib/inbyte.o microblaze_0/lib/microblaze_disable_dcache.o microblaze_0/lib/microblaze_disa
TRACE::2026-06-03.22:13:38::SCWMssOS::ble_exceptions.o microblaze_0/lib/microblaze_disable_icache.o microblaze_0/lib/microblaze_disable_interrupts.o microblaze_0/lib
TRACE::2026-06-03.22:13:38::SCWMssOS::/microblaze_enable_dcache.o microblaze_0/lib/microblaze_enable_exceptions.o microblaze_0/lib/microblaze_enable_icache.o microbl
TRACE::2026-06-03.22:13:38::SCWMssOS::aze_0/lib/microblaze_enable_interrupts.o microblaze_0/lib/microblaze_exception_handler.o microblaze_0/lib/microblaze_flush_cach
TRACE::2026-06-03.22:13:38::SCWMssOS::e_ext.o microblaze_0/lib/microblaze_flush_cache_ext_range.o microblaze_0/lib/microblaze_flush_dcache.o microblaze_0/lib/microbl
TRACE::2026-06-03.22:13:38::SCWMssOS::aze_flush_dcache_range.o microblaze_0/lib/microblaze_init_dcache_range.o microblaze_0/lib/microblaze_init_icache_range.o microb
TRACE::2026-06-03.22:13:38::SCWMssOS::laze_0/lib/microblaze_interrupt_handler.o microblaze_0/lib/microblaze_interrupts_g.o microblaze_0/lib/microblaze_invalidate_cac
TRACE::2026-06-03.22:13:38::SCWMssOS::he_ext.o microblaze_0/lib/microblaze_invalidate_cache_ext_range.o microblaze_0/lib/microblaze_invalidate_dcache.o microblaze_0/
TRACE::2026-06-03.22:13:38::SCWMssOS::lib/microblaze_invalidate_dcache_range.o microblaze_0/lib/microblaze_invalidate_icache.o microblaze_0/lib/microblaze_invalidate
TRACE::2026-06-03.22:13:38::SCWMssOS::_icache_range.o microblaze_0/lib/microblaze_scrub.o microblaze_0/lib/microblaze_selftest.o microblaze_0/lib/microblaze_sleep.o 
TRACE::2026-06-03.22:13:38::SCWMssOS::microblaze_0/lib/microblaze_update_dcache.o microblaze_0/lib/microblaze_update_icache.o microblaze_0/lib/outbyte.o microblaze_0
TRACE::2026-06-03.22:13:38::SCWMssOS::/lib/print.o microblaze_0/lib/pvr.o microblaze_0/lib/xbram.o microblaze_0/lib/xbram_g.o microblaze_0/lib/xbram_intr.o microblaz
TRACE::2026-06-03.22:13:38::SCWMssOS::e_0/lib/xbram_selftest.o microblaze_0/lib/xbram_sinit.o microblaze_0/lib/xgpio.o microblaze_0/lib/xgpio_extra.o microblaze_0/li
TRACE::2026-06-03.22:13:38::SCWMssOS::b/xgpio_g.o microblaze_0/lib/xgpio_intr.o microblaze_0/lib/xgpio_selftest.o microblaze_0/lib/xgpio_sinit.o microblaze_0/lib/xil
TRACE::2026-06-03.22:13:38::SCWMssOS::_assert.o microblaze_0/lib/xil_cache.o microblaze_0/lib/xil_clocking.o microblaze_0/lib/xil_exception.o microblaze_0/lib/xil_me
TRACE::2026-06-03.22:13:38::SCWMssOS::m.o microblaze_0/lib/xil_misc_psreset_api.o microblaze_0/lib/xil_printf.o microblaze_0/lib/xil_sleepcommon.o microblaze_0/lib/x
TRACE::2026-06-03.22:13:38::SCWMssOS::il_testcache.o microblaze_0/lib/xil_testio.o microblaze_0/lib/xil_testmem.o microblaze_0/lib/xil_util.o microblaze_0/lib/xintc.
TRACE::2026-06-03.22:13:38::SCWMssOS::o microblaze_0/lib/xintc_g.o microblaze_0/lib/xintc_intr.o microblaze_0/lib/xintc_l.o microblaze_0/lib/xintc_options.o microbla
TRACE::2026-06-03.22:13:38::SCWMssOS::ze_0/lib/xintc_selftest.o microblaze_0/lib/xinterrupt_wrap.o microblaze_0/lib/xio.o microblaze_0/lib/xplatform_info.o microblaz
TRACE::2026-06-03.22:13:38::SCWMssOS::e_0/lib/xuartlite.o microblaze_0/lib/xuartlite_g.o microblaze_0/lib/xuartlite_intr.o microblaze_0/lib/xuartlite_l.o microblaze_
TRACE::2026-06-03.22:13:38::SCWMssOS::0/lib/xuartlite_selftest.o microblaze_0/lib/xuartlite_sinit.o microblaze_0/lib/xuartlite_stats.o

TRACE::2026-06-03.22:13:38::SCWMssOS::'Finished building libraries'

TRACE::2026-06-03.22:13:38::SCWMssOS::Copying to export directory.
TRACE::2026-06-03.22:13:38::SCWMssOS:: Checking if to create the Supporting Applications
TRACE::2026-06-03.22:13:38::SCWMssOS:: No Linux domain exists, trying to generate FSBL 
LOG::2026-06-03.22:13:38::SCWSystem::Completed Processing the domain standalone_microblaze_0
LOG::2026-06-03.22:13:38::SCWSystem::Completed Processing the sysconfig userMapTop
LOG::2026-06-03.22:13:38::SCWPlatform::Completed generating the artifacts for system configuration userMapTop
TRACE::2026-06-03.22:13:38::SCWPlatform::Started preparing the platform 
TRACE::2026-06-03.22:13:38::SCWSystem::Writing the bif file for system config userMapTop
TRACE::2026-06-03.22:13:38::SCWSystem::dir created 
TRACE::2026-06-03.22:13:38::SCWSystem::Writing the bif 
TRACE::2026-06-03.22:13:38::SCWPlatform::Started writing the spfm file 
TRACE::2026-06-03.22:13:38::SCWPlatform::Started writing the xpfm file 
TRACE::2026-06-03.22:13:38::SCWPlatform::Completed generating the platform
TRACE::2026-06-03.22:13:38::SCWMssOS::Saving the mss changes D:/vivado_pj/userMap2023/userMapTop/microblaze_0/standalone_microblaze_0/bsp/system.mss
TRACE::2026-06-03.22:13:38::SCWMssOS::Found a swdesign opened with the mssfile.
TRACE::2026-06-03.22:13:38::SCWMssOS::Completed writemss as part of save.
TRACE::2026-06-03.22:13:38::SCWMssOS::Commit changes completed.
TRACE::2026-06-03.22:13:38::SCWPlatform::Trying to open the hw design at D:/vivado_pj/userMap2023/userMapTop/hw/userMapTop.xsa
TRACE::2026-06-03.22:13:38::SCWPlatform::DSA given D:/vivado_pj/userMap2023/userMapTop/hw/userMapTop.xsa
TRACE::2026-06-03.22:13:38::SCWPlatform::DSA absoulate path D:/vivado_pj/userMap2023/userMapTop/hw/userMapTop.xsa
TRACE::2026-06-03.22:13:38::SCWPlatform::DSA directory D:/vivado_pj/userMap2023/userMapTop/hw
TRACE::2026-06-03.22:13:38::SCWPlatform:: Platform Path D:/vivado_pj/userMap2023/userMapTop/hw/userMapTop.xsa
TRACE::2026-06-03.22:13:38::SCWPlatform:: Unique name xilinx:basys3::0.0
TRACE::2026-06-03.22:13:38::SCWPlatform::Trying to set the existing hwdb with name userMapTop_0
TRACE::2026-06-03.22:13:38::SCWPlatform::Opened existing hwdb userMapTop_0
TRACE::2026-06-03.22:13:38::SCWPlatform::Found the Hw Db part of the input DSA
TRACE::2026-06-03.22:13:38::SCWMssOS::Checking the sw design at  D:/vivado_pj/userMap2023/userMapTop/microblaze_0/standalone_microblaze_0/bsp/system.mss
TRACE::2026-06-03.22:13:38::SCWMssOS::DEBUG:  swdes dump  D:/vivado_pj/userMap2023/userMapTop/microblaze_0/standalone_microblaze_0/bsp/system.mss|system||

TRACE::2026-06-03.22:13:38::SCWMssOS::Sw design exists and opened at  D:/vivado_pj/userMap2023/userMapTop/microblaze_0/standalone_microblaze_0/bsp/system.mss
TRACE::2026-06-03.22:13:38::SCWPlatform::Trying to open the hw design at D:/vivado_pj/userMap2023/userMapTop/hw/userMapTop.xsa
TRACE::2026-06-03.22:13:38::SCWPlatform::DSA given D:/vivado_pj/userMap2023/userMapTop/hw/userMapTop.xsa
TRACE::2026-06-03.22:13:38::SCWPlatform::DSA absoulate path D:/vivado_pj/userMap2023/userMapTop/hw/userMapTop.xsa
TRACE::2026-06-03.22:13:38::SCWPlatform::DSA directory D:/vivado_pj/userMap2023/userMapTop/hw
TRACE::2026-06-03.22:13:38::SCWPlatform:: Platform Path D:/vivado_pj/userMap2023/userMapTop/hw/userMapTop.xsa
TRACE::2026-06-03.22:13:38::SCWPlatform:: Unique name xilinx:basys3::0.0
TRACE::2026-06-03.22:13:38::SCWPlatform::Trying to set the existing hwdb with name userMapTop_0
TRACE::2026-06-03.22:13:38::SCWPlatform::Opened existing hwdb userMapTop_0
TRACE::2026-06-03.22:13:38::SCWPlatform::Found the Hw Db part of the input DSA
TRACE::2026-06-03.22:13:38::SCWMssOS::Checking the sw design at  D:/vivado_pj/userMap2023/userMapTop/microblaze_0/standalone_microblaze_0/bsp/system.mss
TRACE::2026-06-03.22:13:38::SCWMssOS::DEBUG:  swdes dump  D:/vivado_pj/userMap2023/userMapTop/microblaze_0/standalone_microblaze_0/bsp/system.mss|system||

TRACE::2026-06-03.22:13:38::SCWMssOS::Sw design exists and opened at  D:/vivado_pj/userMap2023/userMapTop/microblaze_0/standalone_microblaze_0/bsp/system.mss
TRACE::2026-06-03.22:13:38::SCWPlatform::Trying to open the hw design at D:/vivado_pj/userMap2023/userMapTop/hw/userMapTop.xsa
TRACE::2026-06-03.22:13:38::SCWPlatform::DSA given D:/vivado_pj/userMap2023/userMapTop/hw/userMapTop.xsa
TRACE::2026-06-03.22:13:38::SCWPlatform::DSA absoulate path D:/vivado_pj/userMap2023/userMapTop/hw/userMapTop.xsa
TRACE::2026-06-03.22:13:38::SCWPlatform::DSA directory D:/vivado_pj/userMap2023/userMapTop/hw
TRACE::2026-06-03.22:13:38::SCWPlatform:: Platform Path D:/vivado_pj/userMap2023/userMapTop/hw/userMapTop.xsa
TRACE::2026-06-03.22:13:38::SCWPlatform:: Unique name xilinx:basys3::0.0
TRACE::2026-06-03.22:13:38::SCWPlatform::Trying to set the existing hwdb with name userMapTop_0
TRACE::2026-06-03.22:13:38::SCWPlatform::Opened existing hwdb userMapTop_0
TRACE::2026-06-03.22:13:38::SCWPlatform::Found the Hw Db part of the input DSA
TRACE::2026-06-03.22:13:38::SCWMssOS::Checking the sw design at  D:/vivado_pj/userMap2023/userMapTop/microblaze_0/standalone_microblaze_0/bsp/system.mss
TRACE::2026-06-03.22:13:38::SCWMssOS::DEBUG:  swdes dump  D:/vivado_pj/userMap2023/userMapTop/microblaze_0/standalone_microblaze_0/bsp/system.mss|system||

TRACE::2026-06-03.22:13:38::SCWMssOS::Sw design exists and opened at  D:/vivado_pj/userMap2023/userMapTop/microblaze_0/standalone_microblaze_0/bsp/system.mss
TRACE::2026-06-03.22:13:38::SCWWriter::formatted JSON is {
	"platformName":	"userMapTop",
	"sprVersion":	"2.0",
	"mode":	"gui",
	"dsaType":	"Fixed",
	"platformDesc":	"userMapTop",
	"platHandOff":	"D:/vivado_pj/userMap/userMapTop.xsa",
	"platIntHandOff":	"<platformDir>/hw/userMapTop.xsa",
	"deviceType":	"FPGA",
	"platIsPrebuiltAutogen":	"false",
	"platIsNoBootBsp":	"false",
	"hasFsblMakeHasChanges":	"false",
	"hasPmufwMakeHasChanges":	"false",
	"platPreBuiltFlag":	false,
	"platformSamplesDir":	"",
	"platActiveSys":	"userMapTop",
	"systems":	[{
			"systemName":	"userMapTop",
			"systemDesc":	"userMapTop",
			"sysIsBootAutoGen":	"true",
			"systemDispName":	"userMapTop",
			"sysActiveDom":	"standalone_microblaze_0",
			"sysDefaultDom":	"standalone_microblaze_0",
			"domains":	[{
					"domainName":	"standalone_microblaze_0",
					"domainDispName":	"standalone_microblaze_0",
					"domainDesc":	"standalone_microblaze_0",
					"processors":	"microblaze_0",
					"os":	"standalone",
					"sdxOs":	"standalone",
					"debugEnable":	"False",
					"domRuntimes":	["cpp"],
					"swRepo":	"",
					"mssOsVer":	"8.1",
					"mssFile":	"",
					"md5Digest":	"2387726c7969e4016a1fc62dc46e34ae",
					"compatibleApp":	"hello_world",
					"domType":	"mssDomain",
					"arch":	"32-bit",
					"appSettings":	{
						"appCompilerFlags":	"",
						"appLinkerFlags":	""
					},
					"addedLibs":	[],
					"libOptions":	{
						"libsContainingOptions":	[]
					},
					"prebuiltLibs":	{
						"prebuiltIncPath":	[],
						"prebuiltLibPath":	[]
					},
					"isolation":	{
					}
				}]
		}]
}
KEYINFO::2026-06-03.22:13:38::SCWPlatform::updated the xpfm file.
TRACE::2026-06-03.22:13:39::SCWPlatform::Trying to open the hw design at D:/vivado_pj/userMap2023/userMapTop/hw/userMapTop.xsa
TRACE::2026-06-03.22:13:39::SCWPlatform::DSA given D:/vivado_pj/userMap2023/userMapTop/hw/userMapTop.xsa
TRACE::2026-06-03.22:13:39::SCWPlatform::DSA absoulate path D:/vivado_pj/userMap2023/userMapTop/hw/userMapTop.xsa
TRACE::2026-06-03.22:13:39::SCWPlatform::DSA directory D:/vivado_pj/userMap2023/userMapTop/hw
TRACE::2026-06-03.22:13:39::SCWPlatform:: Platform Path D:/vivado_pj/userMap2023/userMapTop/hw/userMapTop.xsa
TRACE::2026-06-03.22:13:39::SCWPlatform:: Unique name xilinx:basys3::0.0
TRACE::2026-06-03.22:13:39::SCWPlatform::Trying to set the existing hwdb with name userMapTop_0
TRACE::2026-06-03.22:13:39::SCWPlatform::Opened existing hwdb userMapTop_0
TRACE::2026-06-03.22:13:39::SCWPlatform::Found the Hw Db part of the input DSA
TRACE::2026-06-03.22:13:39::SCWMssOS::Checking the sw design at  D:/vivado_pj/userMap2023/userMapTop/microblaze_0/standalone_microblaze_0/bsp/system.mss
TRACE::2026-06-03.22:13:39::SCWMssOS::DEBUG:  swdes dump  D:/vivado_pj/userMap2023/userMapTop/microblaze_0/standalone_microblaze_0/bsp/system.mss|system||

TRACE::2026-06-03.22:13:39::SCWMssOS::Sw design exists and opened at  D:/vivado_pj/userMap2023/userMapTop/microblaze_0/standalone_microblaze_0/bsp/system.mss
TRACE::2026-06-03.22:31:39::SCWMssOS::cleaning the bsp 
TRACE::2026-06-03.22:31:39::SCWMssOS::System Command Ran  D: & cd  D:/vivado_pj/userMap2023/userMapTop/microblaze_0/standalone_microblaze_0/bsp & make clean 
TRACE::2026-06-03.22:31:39::SCWMssOS::make -C microblaze_0/libsrc/bram_v4_8/src -s clean 

TRACE::2026-06-03.22:31:40::SCWMssOS::make -C microblaze_0/libsrc/cpu_v2_17/src -s clean 

TRACE::2026-06-03.22:31:40::SCWMssOS::make -C microblaze_0/libsrc/gpio_v4_9/src -s clean 

TRACE::2026-06-03.22:31:40::SCWMssOS::make -C microblaze_0/libsrc/intc_v3_16/src -s clean 

TRACE::2026-06-03.22:31:40::SCWMssOS::make -C microblaze_0/libsrc/standalone_v8_1/src -s clean 

TRACE::2026-06-03.22:31:40::SCWMssOS::make -C microblaze_0/libsrc/uartlite_v3_8/src -s clean 

TRACE::2026-06-03.22:31:40::SCWMssOS::rm -f microblaze_0/lib/libxil.a

TRACE::2026-06-03.22:31:47::SCWMssOS::cleaning the bsp 
TRACE::2026-06-03.22:31:47::SCWMssOS::System Command Ran  D: & cd  D:/vivado_pj/userMap2023/userMapTop/microblaze_0/standalone_microblaze_0/bsp & make clean 
TRACE::2026-06-03.22:31:47::SCWMssOS::make -C microblaze_0/libsrc/bram_v4_8/src -s clean 

TRACE::2026-06-03.22:31:47::SCWMssOS::make -C microblaze_0/libsrc/cpu_v2_17/src -s clean 

TRACE::2026-06-03.22:31:47::SCWMssOS::make -C microblaze_0/libsrc/gpio_v4_9/src -s clean 

TRACE::2026-06-03.22:31:47::SCWMssOS::make -C microblaze_0/libsrc/intc_v3_16/src -s clean 

TRACE::2026-06-03.22:31:47::SCWMssOS::make -C microblaze_0/libsrc/standalone_v8_1/src -s clean 

TRACE::2026-06-03.22:31:47::SCWMssOS::make -C microblaze_0/libsrc/uartlite_v3_8/src -s clean 

TRACE::2026-06-03.22:31:48::SCWMssOS::rm -f microblaze_0/lib/libxil.a

LOG::2026-06-03.22:31:55::SCWPlatform::Started generating the artifacts platform userMapTop
TRACE::2026-06-03.22:31:55::SCWPlatform::Sanity checking of platform is completed
LOG::2026-06-03.22:31:55::SCWPlatform::Started generating the artifacts for system configuration userMapTop
LOG::2026-06-03.22:31:55::SCWSystem::Checking the domain standalone_microblaze_0
LOG::2026-06-03.22:31:55::SCWSystem::Not a boot domain 
LOG::2026-06-03.22:31:55::SCWSystem::Started Processing the domain standalone_microblaze_0
TRACE::2026-06-03.22:31:55::SCWDomain::Generating domain artifcats
TRACE::2026-06-03.22:31:55::SCWMssOS::Generating standalone artifcats
TRACE::2026-06-03.22:31:55::SCWMssOS:: Copying the user libraries. 
TRACE::2026-06-03.22:31:55::SCWPlatform::Trying to open the hw design at D:/vivado_pj/userMap2023/userMapTop/hw/userMapTop.xsa
TRACE::2026-06-03.22:31:55::SCWPlatform::DSA given D:/vivado_pj/userMap2023/userMapTop/hw/userMapTop.xsa
TRACE::2026-06-03.22:31:55::SCWPlatform::DSA absoulate path D:/vivado_pj/userMap2023/userMapTop/hw/userMapTop.xsa
TRACE::2026-06-03.22:31:55::SCWPlatform::DSA directory D:/vivado_pj/userMap2023/userMapTop/hw
TRACE::2026-06-03.22:31:55::SCWPlatform:: Platform Path D:/vivado_pj/userMap2023/userMapTop/hw/userMapTop.xsa
TRACE::2026-06-03.22:31:55::SCWPlatform:: Unique name xilinx:basys3::0.0
TRACE::2026-06-03.22:31:55::SCWPlatform::Trying to set the existing hwdb with name userMapTop_0
TRACE::2026-06-03.22:31:55::SCWPlatform::Opened existing hwdb userMapTop_0
TRACE::2026-06-03.22:31:55::SCWPlatform::Found the Hw Db part of the input DSA
TRACE::2026-06-03.22:31:55::SCWMssOS::Checking the sw design at  D:/vivado_pj/userMap2023/userMapTop/microblaze_0/standalone_microblaze_0/bsp/system.mss
TRACE::2026-06-03.22:31:55::SCWMssOS::DEBUG:  swdes dump  D:/vivado_pj/userMap2023/userMapTop/microblaze_0/standalone_microblaze_0/bsp/system.mss|system||

TRACE::2026-06-03.22:31:55::SCWMssOS::Sw design exists and opened at  D:/vivado_pj/userMap2023/userMapTop/microblaze_0/standalone_microblaze_0/bsp/system.mss
TRACE::2026-06-03.22:31:55::SCWMssOS::Completed writing the mss file at D:/vivado_pj/userMap2023/userMapTop/microblaze_0/standalone_microblaze_0/bsp
TRACE::2026-06-03.22:31:55::SCWMssOS::Mss edits present, copying mssfile into export location D:/vivado_pj/userMap2023/userMapTop/microblaze_0/standalone_microblaze_0/bsp/system.mss
TRACE::2026-06-03.22:31:55::SCWMssOS::bsp generated is upto date with the mss file. Skipping bsp generation.
TRACE::2026-06-03.22:31:55::SCWMssOS::BSP is already built. skipping the bsp build ... 
TRACE::2026-06-03.22:31:55::SCWDomain::Building the domain as part of full build :  standalone_microblaze_0
TRACE::2026-06-03.22:31:55::SCWMssOS::doing bsp build ... 
TRACE::2026-06-03.22:31:55::SCWMssOS::System Command Ran  D: & cd  D:/vivado_pj/userMap2023/userMapTop/microblaze_0/standalone_microblaze_0/bsp & make 
TRACE::2026-06-03.22:31:55::SCWMssOS::make --no-print-directory seq_libs

TRACE::2026-06-03.22:31:55::SCWMssOS::'Finished building libraries sequentially.'

TRACE::2026-06-03.22:31:55::SCWMssOS::make -j 14 --no-print-directory par_libs

TRACE::2026-06-03.22:31:55::SCWMssOS::"Running Make include in microblaze_0/libsrc/bram_v4_8/src"

TRACE::2026-06-03.22:31:55::SCWMssOS::make -C microblaze_0/libsrc/bram_v4_8/src -s include  "SHELL=CMD" "COMPILER=mb-gcc" "ASSEMBLER=mb-as" "ARCHIVER=mb-ar" "COMPILE
TRACE::2026-06-03.22:31:55::SCWMssOS::R_FLAGS=  -O2 -c -mcpu=v11.0 -mlittle-endian -mxl-soft-mul" "EXTRA_COMPILER_FLAGS=-g -ffunction-sections -fdata-sections -Wall 
TRACE::2026-06-03.22:31:55::SCWMssOS::-Wextra -fno-tree-loop-distribute-patterns"

TRACE::2026-06-03.22:31:55::SCWMssOS::"Running Make include in microblaze_0/libsrc/cpu_v2_17/src"

TRACE::2026-06-03.22:31:55::SCWMssOS::make -C microblaze_0/libsrc/cpu_v2_17/src -s include  "SHELL=CMD" "COMPILER=mb-gcc" "ASSEMBLER=mb-as" "ARCHIVER=mb-ar" "COMPILE
TRACE::2026-06-03.22:31:55::SCWMssOS::R_FLAGS=  -O2 -c -mcpu=v11.0 -mlittle-endian -mxl-soft-mul" "EXTRA_COMPILER_FLAGS=-g -ffunction-sections -fdata-sections -Wall 
TRACE::2026-06-03.22:31:55::SCWMssOS::-Wextra -fno-tree-loop-distribute-patterns"

TRACE::2026-06-03.22:31:55::SCWMssOS::"Running Make include in microblaze_0/libsrc/gpio_v4_9/src"

TRACE::2026-06-03.22:31:55::SCWMssOS::make -C microblaze_0/libsrc/gpio_v4_9/src -s include  "SHELL=CMD" "COMPILER=mb-gcc" "ASSEMBLER=mb-as" "ARCHIVER=mb-ar" "COMPILE
TRACE::2026-06-03.22:31:55::SCWMssOS::R_FLAGS=  -O2 -c -mcpu=v11.0 -mlittle-endian -mxl-soft-mul" "EXTRA_COMPILER_FLAGS=-g -ffunction-sections -fdata-sections -Wall 
TRACE::2026-06-03.22:31:55::SCWMssOS::-Wextra -fno-tree-loop-distribute-patterns"

TRACE::2026-06-03.22:31:55::SCWMssOS::"Running Make include in microblaze_0/libsrc/intc_v3_16/src"

TRACE::2026-06-03.22:31:55::SCWMssOS::make -C microblaze_0/libsrc/intc_v3_16/src -s include  "SHELL=CMD" "COMPILER=mb-gcc" "ASSEMBLER=mb-as" "ARCHIVER=mb-ar" "COMPIL
TRACE::2026-06-03.22:31:55::SCWMssOS::ER_FLAGS=  -O2 -c -mcpu=v11.0 -mlittle-endian -mxl-soft-mul" "EXTRA_COMPILER_FLAGS=-g -ffunction-sections -fdata-sections -Wall
TRACE::2026-06-03.22:31:55::SCWMssOS:: -Wextra -fno-tree-loop-distribute-patterns"

TRACE::2026-06-03.22:31:55::SCWMssOS::"Running Make include in microblaze_0/libsrc/standalone_v8_1/src"

TRACE::2026-06-03.22:31:55::SCWMssOS::make -C microblaze_0/libsrc/standalone_v8_1/src -s include  "SHELL=CMD" "COMPILER=mb-gcc" "ASSEMBLER=mb-as" "ARCHIVER=mb-ar" "C
TRACE::2026-06-03.22:31:55::SCWMssOS::OMPILER_FLAGS=  -O2 -c -mcpu=v11.0 -mlittle-endian -mxl-soft-mul" "EXTRA_COMPILER_FLAGS=-g -ffunction-sections -fdata-sections 
TRACE::2026-06-03.22:31:55::SCWMssOS::-Wall -Wextra -fno-tree-loop-distribute-patterns"

TRACE::2026-06-03.22:31:55::SCWMssOS::"Running Make include in microblaze_0/libsrc/uartlite_v3_8/src"

TRACE::2026-06-03.22:31:55::SCWMssOS::make -C microblaze_0/libsrc/uartlite_v3_8/src -s include  "SHELL=CMD" "COMPILER=mb-gcc" "ASSEMBLER=mb-as" "ARCHIVER=mb-ar" "COM
TRACE::2026-06-03.22:31:55::SCWMssOS::PILER_FLAGS=  -O2 -c -mcpu=v11.0 -mlittle-endian -mxl-soft-mul" "EXTRA_COMPILER_FLAGS=-g -ffunction-sections -fdata-sections -W
TRACE::2026-06-03.22:31:55::SCWMssOS::all -Wextra -fno-tree-loop-distribute-patterns"

TRACE::2026-06-03.22:31:55::SCWMssOS::"Running Make libs in microblaze_0/libsrc/bram_v4_8/src"

TRACE::2026-06-03.22:31:55::SCWMssOS::make -C microblaze_0/libsrc/bram_v4_8/src -s libs  "SHELL=CMD" "COMPILER=mb-gcc" "ASSEMBLER=mb-as" "ARCHIVER=mb-ar" "COMPILER_F
TRACE::2026-06-03.22:31:55::SCWMssOS::LAGS=  -O2 -c -mcpu=v11.0 -mlittle-endian -mxl-soft-mul" "EXTRA_COMPILER_FLAGS=-g -ffunction-sections -fdata-sections -Wall -We
TRACE::2026-06-03.22:31:55::SCWMssOS::xtra -fno-tree-loop-distribute-patterns"

TRACE::2026-06-03.22:31:55::SCWMssOS::"Running Make libs in microblaze_0/libsrc/cpu_v2_17/src"

TRACE::2026-06-03.22:31:55::SCWMssOS::make -C microblaze_0/libsrc/cpu_v2_17/src -s libs  "SHELL=CMD" "COMPILER=mb-gcc" "ASSEMBLER=mb-as" "ARCHIVER=mb-ar" "COMPILER_F
TRACE::2026-06-03.22:31:55::SCWMssOS::LAGS=  -O2 -c -mcpu=v11.0 -mlittle-endian -mxl-soft-mul" "EXTRA_COMPILER_FLAGS=-g -ffunction-sections -fdata-sections -Wall -We
TRACE::2026-06-03.22:31:55::SCWMssOS::xtra -fno-tree-loop-distribute-patterns"

TRACE::2026-06-03.22:31:55::SCWMssOS::"Running Make libs in microblaze_0/libsrc/gpio_v4_9/src"

TRACE::2026-06-03.22:31:55::SCWMssOS::make -C microblaze_0/libsrc/gpio_v4_9/src -s libs  "SHELL=CMD" "COMPILER=mb-gcc" "ASSEMBLER=mb-as" "ARCHIVER=mb-ar" "COMPILER_F
TRACE::2026-06-03.22:31:55::SCWMssOS::LAGS=  -O2 -c -mcpu=v11.0 -mlittle-endian -mxl-soft-mul" "EXTRA_COMPILER_FLAGS=-g -ffunction-sections -fdata-sections -Wall -We
TRACE::2026-06-03.22:31:55::SCWMssOS::xtra -fno-tree-loop-distribute-patterns"

TRACE::2026-06-03.22:31:55::SCWMssOS::"Running Make libs in microblaze_0/libsrc/intc_v3_16/src"

TRACE::2026-06-03.22:31:55::SCWMssOS::make -C microblaze_0/libsrc/intc_v3_16/src -s libs  "SHELL=CMD" "COMPILER=mb-gcc" "ASSEMBLER=mb-as" "ARCHIVER=mb-ar" "COMPILER_
TRACE::2026-06-03.22:31:55::SCWMssOS::FLAGS=  -O2 -c -mcpu=v11.0 -mlittle-endian -mxl-soft-mul" "EXTRA_COMPILER_FLAGS=-g -ffunction-sections -fdata-sections -Wall -W
TRACE::2026-06-03.22:31:55::SCWMssOS::extra -fno-tree-loop-distribute-patterns"

TRACE::2026-06-03.22:31:55::SCWMssOS::"Running Make libs in microblaze_0/libsrc/standalone_v8_1/src"

TRACE::2026-06-03.22:31:55::SCWMssOS::make -C microblaze_0/libsrc/standalone_v8_1/src -s libs  "SHELL=CMD" "COMPILER=mb-gcc" "ASSEMBLER=mb-as" "ARCHIVER=mb-ar" "COMP
TRACE::2026-06-03.22:31:55::SCWMssOS::ILER_FLAGS=  -O2 -c -mcpu=v11.0 -mlittle-endian -mxl-soft-mul" "EXTRA_COMPILER_FLAGS=-g -ffunction-sections -fdata-sections -Wa
TRACE::2026-06-03.22:31:55::SCWMssOS::ll -Wextra -fno-tree-loop-distribute-patterns"

TRACE::2026-06-03.22:31:55::SCWMssOS::"Running Make libs in microblaze_0/libsrc/uartlite_v3_8/src"

TRACE::2026-06-03.22:31:55::SCWMssOS::make -C microblaze_0/libsrc/uartlite_v3_8/src -s libs  "SHELL=CMD" "COMPILER=mb-gcc" "ASSEMBLER=mb-as" "ARCHIVER=mb-ar" "COMPIL
TRACE::2026-06-03.22:31:55::SCWMssOS::ER_FLAGS=  -O2 -c -mcpu=v11.0 -mlittle-endian -mxl-soft-mul" "EXTRA_COMPILER_FLAGS=-g -ffunction-sections -fdata-sections -Wall
TRACE::2026-06-03.22:31:55::SCWMssOS:: -Wextra -fno-tree-loop-distribute-patterns"

TRACE::2026-06-03.22:31:56::SCWMssOS::"DEBUG NON_LTO_OBJECTS is ../../../lib/microblaze_interrupt_handler.o"

TRACE::2026-06-03.22:31:56::SCWMssOS::'Finished building libraries parallelly.'

TRACE::2026-06-03.22:31:56::SCWMssOS::make --no-print-directory archive

TRACE::2026-06-03.22:31:56::SCWMssOS::mb-ar -r  microblaze_0/lib/libxil.a microblaze_0/lib/_exit.o microblaze_0/lib/errno.o microblaze_0/lib/fcntl.o microblaze_0/lib
TRACE::2026-06-03.22:31:56::SCWMssOS::/hw_exception_handler.o microblaze_0/lib/inbyte.o microblaze_0/lib/microblaze_disable_dcache.o microblaze_0/lib/microblaze_disa
TRACE::2026-06-03.22:31:56::SCWMssOS::ble_exceptions.o microblaze_0/lib/microblaze_disable_icache.o microblaze_0/lib/microblaze_disable_interrupts.o microblaze_0/lib
TRACE::2026-06-03.22:31:56::SCWMssOS::/microblaze_enable_dcache.o microblaze_0/lib/microblaze_enable_exceptions.o microblaze_0/lib/microblaze_enable_icache.o microbl
TRACE::2026-06-03.22:31:56::SCWMssOS::aze_0/lib/microblaze_enable_interrupts.o microblaze_0/lib/microblaze_exception_handler.o microblaze_0/lib/microblaze_flush_cach
TRACE::2026-06-03.22:31:56::SCWMssOS::e_ext.o microblaze_0/lib/microblaze_flush_cache_ext_range.o microblaze_0/lib/microblaze_flush_dcache.o microblaze_0/lib/microbl
TRACE::2026-06-03.22:31:56::SCWMssOS::aze_flush_dcache_range.o microblaze_0/lib/microblaze_init_dcache_range.o microblaze_0/lib/microblaze_init_icache_range.o microb
TRACE::2026-06-03.22:31:56::SCWMssOS::laze_0/lib/microblaze_interrupt_handler.o microblaze_0/lib/microblaze_interrupts_g.o microblaze_0/lib/microblaze_invalidate_cac
TRACE::2026-06-03.22:31:56::SCWMssOS::he_ext.o microblaze_0/lib/microblaze_invalidate_cache_ext_range.o microblaze_0/lib/microblaze_invalidate_dcache.o microblaze_0/
TRACE::2026-06-03.22:31:56::SCWMssOS::lib/microblaze_invalidate_dcache_range.o microblaze_0/lib/microblaze_invalidate_icache.o microblaze_0/lib/microblaze_invalidate
TRACE::2026-06-03.22:31:56::SCWMssOS::_icache_range.o microblaze_0/lib/microblaze_scrub.o microblaze_0/lib/microblaze_selftest.o microblaze_0/lib/microblaze_sleep.o 
TRACE::2026-06-03.22:31:56::SCWMssOS::microblaze_0/lib/microblaze_update_dcache.o microblaze_0/lib/microblaze_update_icache.o microblaze_0/lib/outbyte.o microblaze_0
TRACE::2026-06-03.22:31:56::SCWMssOS::/lib/print.o microblaze_0/lib/pvr.o microblaze_0/lib/xbram.o microblaze_0/lib/xbram_g.o microblaze_0/lib/xbram_intr.o microblaz
TRACE::2026-06-03.22:31:56::SCWMssOS::e_0/lib/xbram_selftest.o microblaze_0/lib/xbram_sinit.o microblaze_0/lib/xgpio.o microblaze_0/lib/xgpio_extra.o microblaze_0/li
TRACE::2026-06-03.22:31:56::SCWMssOS::b/xgpio_g.o microblaze_0/lib/xgpio_intr.o microblaze_0/lib/xgpio_selftest.o microblaze_0/lib/xgpio_sinit.o microblaze_0/lib/xil
TRACE::2026-06-03.22:31:56::SCWMssOS::_assert.o microblaze_0/lib/xil_cache.o microblaze_0/lib/xil_clocking.o microblaze_0/lib/xil_exception.o microblaze_0/lib/xil_me
TRACE::2026-06-03.22:31:56::SCWMssOS::m.o microblaze_0/lib/xil_misc_psreset_api.o microblaze_0/lib/xil_printf.o microblaze_0/lib/xil_sleepcommon.o microblaze_0/lib/x
TRACE::2026-06-03.22:31:56::SCWMssOS::il_testcache.o microblaze_0/lib/xil_testio.o microblaze_0/lib/xil_testmem.o microblaze_0/lib/xil_util.o microblaze_0/lib/xintc.
TRACE::2026-06-03.22:31:56::SCWMssOS::o microblaze_0/lib/xintc_g.o microblaze_0/lib/xintc_intr.o microblaze_0/lib/xintc_l.o microblaze_0/lib/xintc_options.o microbla
TRACE::2026-06-03.22:31:56::SCWMssOS::ze_0/lib/xintc_selftest.o microblaze_0/lib/xinterrupt_wrap.o microblaze_0/lib/xio.o microblaze_0/lib/xplatform_info.o microblaz
TRACE::2026-06-03.22:31:56::SCWMssOS::e_0/lib/xuartlite.o microblaze_0/lib/xuartlite_g.o microblaze_0/lib/xuartlite_intr.o microblaze_0/lib/xuartlite_l.o microblaze_
TRACE::2026-06-03.22:31:56::SCWMssOS::0/lib/xuartlite_selftest.o microblaze_0/lib/xuartlite_sinit.o microblaze_0/lib/xuartlite_stats.o

TRACE::2026-06-03.22:31:56::SCWMssOS::'Finished building libraries'

TRACE::2026-06-03.22:31:57::SCWMssOS::Copying to export directory.
TRACE::2026-06-03.22:31:57::SCWMssOS:: Checking if to create the Supporting Applications
TRACE::2026-06-03.22:31:57::SCWMssOS:: No Linux domain exists, trying to generate FSBL 
LOG::2026-06-03.22:31:57::SCWSystem::Completed Processing the domain standalone_microblaze_0
LOG::2026-06-03.22:31:57::SCWSystem::Completed Processing the sysconfig userMapTop
LOG::2026-06-03.22:31:57::SCWPlatform::Completed generating the artifacts for system configuration userMapTop
TRACE::2026-06-03.22:31:57::SCWPlatform::Started preparing the platform 
TRACE::2026-06-03.22:31:57::SCWSystem::Writing the bif file for system config userMapTop
TRACE::2026-06-03.22:31:57::SCWSystem::dir created 
TRACE::2026-06-03.22:31:57::SCWSystem::Writing the bif 
TRACE::2026-06-03.22:31:57::SCWPlatform::Started writing the spfm file 
TRACE::2026-06-03.22:31:57::SCWPlatform::Started writing the xpfm file 
TRACE::2026-06-03.22:31:57::SCWPlatform::Completed generating the platform
TRACE::2026-06-03.22:31:57::SCWMssOS::Saving the mss changes D:/vivado_pj/userMap2023/userMapTop/microblaze_0/standalone_microblaze_0/bsp/system.mss
TRACE::2026-06-03.22:31:57::SCWMssOS::Found a swdesign opened with the mssfile.
TRACE::2026-06-03.22:31:57::SCWMssOS::Completed writemss as part of save.
TRACE::2026-06-03.22:31:57::SCWMssOS::Commit changes completed.
TRACE::2026-06-03.22:31:57::SCWPlatform::Trying to open the hw design at D:/vivado_pj/userMap2023/userMapTop/hw/userMapTop.xsa
TRACE::2026-06-03.22:31:57::SCWPlatform::DSA given D:/vivado_pj/userMap2023/userMapTop/hw/userMapTop.xsa
TRACE::2026-06-03.22:31:57::SCWPlatform::DSA absoulate path D:/vivado_pj/userMap2023/userMapTop/hw/userMapTop.xsa
TRACE::2026-06-03.22:31:57::SCWPlatform::DSA directory D:/vivado_pj/userMap2023/userMapTop/hw
TRACE::2026-06-03.22:31:57::SCWPlatform:: Platform Path D:/vivado_pj/userMap2023/userMapTop/hw/userMapTop.xsa
TRACE::2026-06-03.22:31:57::SCWPlatform:: Unique name xilinx:basys3::0.0
TRACE::2026-06-03.22:31:57::SCWPlatform::Trying to set the existing hwdb with name userMapTop_0
TRACE::2026-06-03.22:31:57::SCWPlatform::Opened existing hwdb userMapTop_0
TRACE::2026-06-03.22:31:57::SCWPlatform::Found the Hw Db part of the input DSA
TRACE::2026-06-03.22:31:57::SCWMssOS::Checking the sw design at  D:/vivado_pj/userMap2023/userMapTop/microblaze_0/standalone_microblaze_0/bsp/system.mss
TRACE::2026-06-03.22:31:57::SCWMssOS::DEBUG:  swdes dump  D:/vivado_pj/userMap2023/userMapTop/microblaze_0/standalone_microblaze_0/bsp/system.mss|system||

TRACE::2026-06-03.22:31:57::SCWMssOS::Sw design exists and opened at  D:/vivado_pj/userMap2023/userMapTop/microblaze_0/standalone_microblaze_0/bsp/system.mss
TRACE::2026-06-03.22:31:57::SCWPlatform::Trying to open the hw design at D:/vivado_pj/userMap2023/userMapTop/hw/userMapTop.xsa
TRACE::2026-06-03.22:31:57::SCWPlatform::DSA given D:/vivado_pj/userMap2023/userMapTop/hw/userMapTop.xsa
TRACE::2026-06-03.22:31:57::SCWPlatform::DSA absoulate path D:/vivado_pj/userMap2023/userMapTop/hw/userMapTop.xsa
TRACE::2026-06-03.22:31:57::SCWPlatform::DSA directory D:/vivado_pj/userMap2023/userMapTop/hw
TRACE::2026-06-03.22:31:57::SCWPlatform:: Platform Path D:/vivado_pj/userMap2023/userMapTop/hw/userMapTop.xsa
TRACE::2026-06-03.22:31:57::SCWPlatform:: Unique name xilinx:basys3::0.0
TRACE::2026-06-03.22:31:57::SCWPlatform::Trying to set the existing hwdb with name userMapTop_0
TRACE::2026-06-03.22:31:57::SCWPlatform::Opened existing hwdb userMapTop_0
TRACE::2026-06-03.22:31:57::SCWPlatform::Found the Hw Db part of the input DSA
TRACE::2026-06-03.22:31:57::SCWMssOS::Checking the sw design at  D:/vivado_pj/userMap2023/userMapTop/microblaze_0/standalone_microblaze_0/bsp/system.mss
TRACE::2026-06-03.22:31:57::SCWMssOS::DEBUG:  swdes dump  D:/vivado_pj/userMap2023/userMapTop/microblaze_0/standalone_microblaze_0/bsp/system.mss|system||

TRACE::2026-06-03.22:31:57::SCWMssOS::Sw design exists and opened at  D:/vivado_pj/userMap2023/userMapTop/microblaze_0/standalone_microblaze_0/bsp/system.mss
TRACE::2026-06-03.22:31:57::SCWPlatform::Trying to open the hw design at D:/vivado_pj/userMap2023/userMapTop/hw/userMapTop.xsa
TRACE::2026-06-03.22:31:57::SCWPlatform::DSA given D:/vivado_pj/userMap2023/userMapTop/hw/userMapTop.xsa
TRACE::2026-06-03.22:31:57::SCWPlatform::DSA absoulate path D:/vivado_pj/userMap2023/userMapTop/hw/userMapTop.xsa
TRACE::2026-06-03.22:31:57::SCWPlatform::DSA directory D:/vivado_pj/userMap2023/userMapTop/hw
TRACE::2026-06-03.22:31:57::SCWPlatform:: Platform Path D:/vivado_pj/userMap2023/userMapTop/hw/userMapTop.xsa
TRACE::2026-06-03.22:31:57::SCWPlatform:: Unique name xilinx:basys3::0.0
TRACE::2026-06-03.22:31:57::SCWPlatform::Trying to set the existing hwdb with name userMapTop_0
TRACE::2026-06-03.22:31:57::SCWPlatform::Opened existing hwdb userMapTop_0
TRACE::2026-06-03.22:31:57::SCWPlatform::Found the Hw Db part of the input DSA
TRACE::2026-06-03.22:31:57::SCWMssOS::Checking the sw design at  D:/vivado_pj/userMap2023/userMapTop/microblaze_0/standalone_microblaze_0/bsp/system.mss
TRACE::2026-06-03.22:31:57::SCWMssOS::DEBUG:  swdes dump  D:/vivado_pj/userMap2023/userMapTop/microblaze_0/standalone_microblaze_0/bsp/system.mss|system||

TRACE::2026-06-03.22:31:57::SCWMssOS::Sw design exists and opened at  D:/vivado_pj/userMap2023/userMapTop/microblaze_0/standalone_microblaze_0/bsp/system.mss
TRACE::2026-06-03.22:31:57::SCWWriter::formatted JSON is {
	"platformName":	"userMapTop",
	"sprVersion":	"2.0",
	"mode":	"gui",
	"dsaType":	"Fixed",
	"platformDesc":	"userMapTop",
	"platHandOff":	"D:/vivado_pj/userMap/userMapTop.xsa",
	"platIntHandOff":	"<platformDir>/hw/userMapTop.xsa",
	"deviceType":	"FPGA",
	"platIsPrebuiltAutogen":	"false",
	"platIsNoBootBsp":	"false",
	"hasFsblMakeHasChanges":	"false",
	"hasPmufwMakeHasChanges":	"false",
	"platPreBuiltFlag":	false,
	"platformSamplesDir":	"",
	"platActiveSys":	"userMapTop",
	"systems":	[{
			"systemName":	"userMapTop",
			"systemDesc":	"userMapTop",
			"sysIsBootAutoGen":	"true",
			"systemDispName":	"userMapTop",
			"sysActiveDom":	"standalone_microblaze_0",
			"sysDefaultDom":	"standalone_microblaze_0",
			"domains":	[{
					"domainName":	"standalone_microblaze_0",
					"domainDispName":	"standalone_microblaze_0",
					"domainDesc":	"standalone_microblaze_0",
					"processors":	"microblaze_0",
					"os":	"standalone",
					"sdxOs":	"standalone",
					"debugEnable":	"False",
					"domRuntimes":	["cpp"],
					"swRepo":	"",
					"mssOsVer":	"8.1",
					"mssFile":	"",
					"md5Digest":	"2387726c7969e4016a1fc62dc46e34ae",
					"compatibleApp":	"hello_world",
					"domType":	"mssDomain",
					"arch":	"32-bit",
					"appSettings":	{
						"appCompilerFlags":	"",
						"appLinkerFlags":	""
					},
					"addedLibs":	[],
					"libOptions":	{
						"libsContainingOptions":	[]
					},
					"prebuiltLibs":	{
						"prebuiltIncPath":	[],
						"prebuiltLibPath":	[]
					},
					"isolation":	{
					}
				}]
		}]
}
KEYINFO::2026-06-03.22:31:57::SCWPlatform::updated the xpfm file.
TRACE::2026-06-03.22:31:58::SCWPlatform::Trying to open the hw design at D:/vivado_pj/userMap2023/userMapTop/hw/userMapTop.xsa
TRACE::2026-06-03.22:31:58::SCWPlatform::DSA given D:/vivado_pj/userMap2023/userMapTop/hw/userMapTop.xsa
TRACE::2026-06-03.22:31:58::SCWPlatform::DSA absoulate path D:/vivado_pj/userMap2023/userMapTop/hw/userMapTop.xsa
TRACE::2026-06-03.22:31:58::SCWPlatform::DSA directory D:/vivado_pj/userMap2023/userMapTop/hw
TRACE::2026-06-03.22:31:58::SCWPlatform:: Platform Path D:/vivado_pj/userMap2023/userMapTop/hw/userMapTop.xsa
TRACE::2026-06-03.22:31:58::SCWPlatform:: Unique name xilinx:basys3::0.0
TRACE::2026-06-03.22:31:58::SCWPlatform::Trying to set the existing hwdb with name userMapTop_0
TRACE::2026-06-03.22:31:58::SCWPlatform::Opened existing hwdb userMapTop_0
TRACE::2026-06-03.22:31:58::SCWPlatform::Found the Hw Db part of the input DSA
TRACE::2026-06-03.22:31:58::SCWMssOS::Checking the sw design at  D:/vivado_pj/userMap2023/userMapTop/microblaze_0/standalone_microblaze_0/bsp/system.mss
TRACE::2026-06-03.22:31:58::SCWMssOS::DEBUG:  swdes dump  D:/vivado_pj/userMap2023/userMapTop/microblaze_0/standalone_microblaze_0/bsp/system.mss|system||

TRACE::2026-06-03.22:31:58::SCWMssOS::Sw design exists and opened at  D:/vivado_pj/userMap2023/userMapTop/microblaze_0/standalone_microblaze_0/bsp/system.mss
TRACE::2026-06-03.22:56:17::SCWPlatform::Trying to open the hw design at D:/vivado_pj/userMap2023/userMapTop/hw/userMapTop.xsa
TRACE::2026-06-03.22:56:17::SCWPlatform::DSA given D:/vivado_pj/userMap2023/userMapTop/hw/userMapTop.xsa
TRACE::2026-06-03.22:56:17::SCWPlatform::DSA absoulate path D:/vivado_pj/userMap2023/userMapTop/hw/userMapTop.xsa
TRACE::2026-06-03.22:56:17::SCWPlatform::DSA directory D:/vivado_pj/userMap2023/userMapTop/hw
TRACE::2026-06-03.22:56:17::SCWPlatform:: Platform Path D:/vivado_pj/userMap2023/userMapTop/hw/userMapTop.xsa
TRACE::2026-06-03.22:56:17::SCWPlatform:: Unique name xilinx:basys3::0.0
TRACE::2026-06-03.22:56:17::SCWPlatform::Do not have an existing db opened. 
TRACE::2026-06-03.22:56:17::SCWPlatform::Opened new HwDB with name userMapTop_0
TRACE::2026-06-03.22:56:17::SCWReader::Active system found as  userMapTop
TRACE::2026-06-03.22:56:17::SCWReader::Handling sysconfig userMapTop
TRACE::2026-06-03.22:56:17::SCWDomain::checking for install qemu data   : 
TRACE::2026-06-03.22:56:17::SCWPlatform::Trying to open the hw design at D:/vivado_pj/userMap2023/userMapTop/hw/userMapTop.xsa
TRACE::2026-06-03.22:56:17::SCWPlatform::DSA given D:/vivado_pj/userMap2023/userMapTop/hw/userMapTop.xsa
TRACE::2026-06-03.22:56:17::SCWPlatform::DSA absoulate path D:/vivado_pj/userMap2023/userMapTop/hw/userMapTop.xsa
TRACE::2026-06-03.22:56:17::SCWPlatform::DSA directory D:/vivado_pj/userMap2023/userMapTop/hw
TRACE::2026-06-03.22:56:17::SCWPlatform:: Platform Path D:/vivado_pj/userMap2023/userMapTop/hw/userMapTop.xsa
TRACE::2026-06-03.22:56:17::SCWPlatform:: Unique name xilinx:basys3::0.0
TRACE::2026-06-03.22:56:17::SCWPlatform::Trying to set the existing hwdb with name userMapTop_0
TRACE::2026-06-03.22:56:17::SCWPlatform::Opened existing hwdb userMapTop_0
TRACE::2026-06-03.22:56:17::SCWPlatform::Found the Hw Db part of the input DSA
TRACE::2026-06-03.22:56:17::SCWPlatform::Trying to open the hw design at D:/vivado_pj/userMap2023/userMapTop/hw/userMapTop.xsa
TRACE::2026-06-03.22:56:17::SCWPlatform::DSA given D:/vivado_pj/userMap2023/userMapTop/hw/userMapTop.xsa
TRACE::2026-06-03.22:56:17::SCWPlatform::DSA absoulate path D:/vivado_pj/userMap2023/userMapTop/hw/userMapTop.xsa
TRACE::2026-06-03.22:56:17::SCWPlatform::DSA directory D:/vivado_pj/userMap2023/userMapTop/hw
TRACE::2026-06-03.22:56:17::SCWPlatform:: Platform Path D:/vivado_pj/userMap2023/userMapTop/hw/userMapTop.xsa
TRACE::2026-06-03.22:56:17::SCWPlatform:: Unique name xilinx:basys3::0.0
TRACE::2026-06-03.22:56:17::SCWPlatform::Trying to set the existing hwdb with name userMapTop_0
TRACE::2026-06-03.22:56:17::SCWPlatform::Opened existing hwdb userMapTop_0
TRACE::2026-06-03.22:56:17::SCWPlatform::Found the Hw Db part of the input DSA
TRACE::2026-06-03.22:56:17::SCWPlatform::Trying to open the hw design at D:/vivado_pj/userMap2023/userMapTop/hw/userMapTop.xsa
TRACE::2026-06-03.22:56:17::SCWPlatform::DSA given D:/vivado_pj/userMap2023/userMapTop/hw/userMapTop.xsa
TRACE::2026-06-03.22:56:17::SCWPlatform::DSA absoulate path D:/vivado_pj/userMap2023/userMapTop/hw/userMapTop.xsa
TRACE::2026-06-03.22:56:17::SCWPlatform::DSA directory D:/vivado_pj/userMap2023/userMapTop/hw
TRACE::2026-06-03.22:56:17::SCWPlatform:: Platform Path D:/vivado_pj/userMap2023/userMapTop/hw/userMapTop.xsa
TRACE::2026-06-03.22:56:17::SCWPlatform:: Unique name xilinx:basys3::0.0
TRACE::2026-06-03.22:56:17::SCWPlatform::Trying to set the existing hwdb with name userMapTop_0
TRACE::2026-06-03.22:56:17::SCWPlatform::Opened existing hwdb userMapTop_0
TRACE::2026-06-03.22:56:17::SCWPlatform::Found the Hw Db part of the input DSA
TRACE::2026-06-03.22:56:17::SCWPlatform::Trying to open the hw design at D:/vivado_pj/userMap2023/userMapTop/hw/userMapTop.xsa
TRACE::2026-06-03.22:56:17::SCWPlatform::DSA given D:/vivado_pj/userMap2023/userMapTop/hw/userMapTop.xsa
TRACE::2026-06-03.22:56:17::SCWPlatform::DSA absoulate path D:/vivado_pj/userMap2023/userMapTop/hw/userMapTop.xsa
TRACE::2026-06-03.22:56:17::SCWPlatform::DSA directory D:/vivado_pj/userMap2023/userMapTop/hw
TRACE::2026-06-03.22:56:17::SCWPlatform:: Platform Path D:/vivado_pj/userMap2023/userMapTop/hw/userMapTop.xsa
TRACE::2026-06-03.22:56:17::SCWPlatform:: Unique name xilinx:basys3::0.0
TRACE::2026-06-03.22:56:17::SCWPlatform::Trying to set the existing hwdb with name userMapTop_0
TRACE::2026-06-03.22:56:17::SCWPlatform::Opened existing hwdb userMapTop_0
TRACE::2026-06-03.22:56:17::SCWPlatform::Found the Hw Db part of the input DSA
TRACE::2026-06-03.22:56:17::SCWMssOS::Checking the sw design at  D:/vivado_pj/userMap2023/userMapTop/microblaze_0/standalone_microblaze_0/bsp/system.mss
TRACE::2026-06-03.22:56:17::SCWMssOS::DEBUG:  swdes dump  
TRACE::2026-06-03.22:56:17::SCWMssOS::No sw design opened at  D:/vivado_pj/userMap2023/userMapTop/microblaze_0/standalone_microblaze_0/bsp/system.mss
TRACE::2026-06-03.22:56:17::SCWMssOS::mss exists loading the mss file  D:/vivado_pj/userMap2023/userMapTop/microblaze_0/standalone_microblaze_0/bsp/system.mss
TRACE::2026-06-03.22:56:17::SCWMssOS::Opened the sw design from mss  D:/vivado_pj/userMap2023/userMapTop/microblaze_0/standalone_microblaze_0/bsp/system.mss
TRACE::2026-06-03.22:56:17::SCWMssOS::Adding the swdes entry D:/vivado_pj/userMap2023/userMapTop/microblaze_0/standalone_microblaze_0/bsp/system.mss with des name system
TRACE::2026-06-03.22:56:17::SCWMssOS::updating the scw layer about changes
TRACE::2026-06-03.22:56:17::SCWMssOS::Opened the sw design.  D:/vivado_pj/userMap2023/userMapTop/microblaze_0/standalone_microblaze_0/bsp/system.mss
TRACE::2026-06-03.22:56:17::SCWMssOS::Saving the mss changes D:/vivado_pj/userMap2023/userMapTop/microblaze_0/standalone_microblaze_0/bsp/system.mss
TRACE::2026-06-03.22:56:17::SCWMssOS::Found a swdesign opened with the mssfile.
TRACE::2026-06-03.22:56:17::SCWMssOS::Completed writemss as part of save.
TRACE::2026-06-03.22:56:17::SCWMssOS::Commit changes completed.
TRACE::2026-06-03.22:56:17::SCWReader::Adding prebuilt librarypaths as   
TRACE::2026-06-03.22:56:17::SCWReader::Adding prebuilt incpaths  as   
TRACE::2026-06-03.22:56:17::SCWPlatform::Trying to open the hw design at D:/vivado_pj/userMap2023/userMapTop/hw/userMapTop.xsa
TRACE::2026-06-03.22:56:17::SCWPlatform::DSA given D:/vivado_pj/userMap2023/userMapTop/hw/userMapTop.xsa
TRACE::2026-06-03.22:56:17::SCWPlatform::DSA absoulate path D:/vivado_pj/userMap2023/userMapTop/hw/userMapTop.xsa
TRACE::2026-06-03.22:56:17::SCWPlatform::DSA directory D:/vivado_pj/userMap2023/userMapTop/hw
TRACE::2026-06-03.22:56:17::SCWPlatform:: Platform Path D:/vivado_pj/userMap2023/userMapTop/hw/userMapTop.xsa
TRACE::2026-06-03.22:56:17::SCWPlatform:: Unique name xilinx:basys3::0.0
TRACE::2026-06-03.22:56:17::SCWPlatform::Trying to set the existing hwdb with name userMapTop_0
TRACE::2026-06-03.22:56:17::SCWPlatform::Opened existing hwdb userMapTop_0
TRACE::2026-06-03.22:56:17::SCWPlatform::Found the Hw Db part of the input DSA
TRACE::2026-06-03.22:56:17::SCWMssOS::Checking the sw design at  D:/vivado_pj/userMap2023/userMapTop/microblaze_0/standalone_microblaze_0/bsp/system.mss
TRACE::2026-06-03.22:56:17::SCWMssOS::DEBUG:  swdes dump  D:/vivado_pj/userMap2023/userMapTop/microblaze_0/standalone_microblaze_0/bsp/system.mss|system||

TRACE::2026-06-03.22:56:17::SCWMssOS::Sw design exists and opened at  D:/vivado_pj/userMap2023/userMapTop/microblaze_0/standalone_microblaze_0/bsp/system.mss
TRACE::2026-06-03.22:56:17::SCWReader::No isolation master present  
LOG::2026-06-03.22:56:17::SCWPlatform::Started generating the artifacts platform userMapTop
TRACE::2026-06-03.22:56:17::SCWPlatform::Sanity checking of platform is completed
LOG::2026-06-03.22:56:17::SCWPlatform::Started generating the artifacts for system configuration userMapTop
LOG::2026-06-03.22:56:17::SCWSystem::Checking the domain standalone_microblaze_0
LOG::2026-06-03.22:56:17::SCWSystem::Not a boot domain 
LOG::2026-06-03.22:56:17::SCWSystem::Started Processing the domain standalone_microblaze_0
TRACE::2026-06-03.22:56:17::SCWDomain::Generating domain artifcats
TRACE::2026-06-03.22:56:17::SCWMssOS::Generating standalone artifcats
TRACE::2026-06-03.22:56:17::SCWMssOS:: Copying the user libraries. 
TRACE::2026-06-03.22:56:17::SCWPlatform::Trying to open the hw design at D:/vivado_pj/userMap2023/userMapTop/hw/userMapTop.xsa
TRACE::2026-06-03.22:56:17::SCWPlatform::DSA given D:/vivado_pj/userMap2023/userMapTop/hw/userMapTop.xsa
TRACE::2026-06-03.22:56:17::SCWPlatform::DSA absoulate path D:/vivado_pj/userMap2023/userMapTop/hw/userMapTop.xsa
TRACE::2026-06-03.22:56:17::SCWPlatform::DSA directory D:/vivado_pj/userMap2023/userMapTop/hw
TRACE::2026-06-03.22:56:17::SCWPlatform:: Platform Path D:/vivado_pj/userMap2023/userMapTop/hw/userMapTop.xsa
TRACE::2026-06-03.22:56:17::SCWPlatform:: Unique name xilinx:basys3::0.0
TRACE::2026-06-03.22:56:17::SCWPlatform::Trying to set the existing hwdb with name userMapTop_0
TRACE::2026-06-03.22:56:17::SCWPlatform::Opened existing hwdb userMapTop_0
TRACE::2026-06-03.22:56:17::SCWPlatform::Found the Hw Db part of the input DSA
TRACE::2026-06-03.22:56:17::SCWMssOS::Checking the sw design at  D:/vivado_pj/userMap2023/userMapTop/microblaze_0/standalone_microblaze_0/bsp/system.mss
TRACE::2026-06-03.22:56:17::SCWMssOS::DEBUG:  swdes dump  D:/vivado_pj/userMap2023/userMapTop/microblaze_0/standalone_microblaze_0/bsp/system.mss|system||

TRACE::2026-06-03.22:56:17::SCWMssOS::Sw design exists and opened at  D:/vivado_pj/userMap2023/userMapTop/microblaze_0/standalone_microblaze_0/bsp/system.mss
TRACE::2026-06-03.22:56:17::SCWMssOS::Completed writing the mss file at D:/vivado_pj/userMap2023/userMapTop/microblaze_0/standalone_microblaze_0/bsp
TRACE::2026-06-03.22:56:17::SCWMssOS::Mss edits present, copying mssfile into export location D:/vivado_pj/userMap2023/userMapTop/microblaze_0/standalone_microblaze_0/bsp/system.mss
TRACE::2026-06-03.22:56:17::SCWMssOS::bsp generated is upto date with the mss file. Skipping bsp generation.
TRACE::2026-06-03.22:56:17::SCWMssOS::BSP is already built. skipping the bsp build ... 
TRACE::2026-06-03.22:56:17::SCWDomain::Building the domain as part of full build :  standalone_microblaze_0
TRACE::2026-06-03.22:56:17::SCWMssOS::doing bsp build ... 
TRACE::2026-06-03.22:56:17::SCWMssOS::System Command Ran  D: & cd  D:/vivado_pj/userMap2023/userMapTop/microblaze_0/standalone_microblaze_0/bsp & make 
TRACE::2026-06-03.22:56:17::SCWMssOS::make --no-print-directory seq_libs

TRACE::2026-06-03.22:56:18::SCWMssOS::'Finished building libraries sequentially.'

TRACE::2026-06-03.22:56:18::SCWMssOS::make -j 14 --no-print-directory par_libs

TRACE::2026-06-03.22:56:18::SCWMssOS::"Running Make include in microblaze_0/libsrc/bram_v4_8/src"

TRACE::2026-06-03.22:56:18::SCWMssOS::make -C microblaze_0/libsrc/bram_v4_8/src -s include  "SHELL=CMD" "COMPILER=mb-gcc" "ASSEMBLER=mb-as" "ARCHIVER=mb-ar" "COMPILE
TRACE::2026-06-03.22:56:18::SCWMssOS::R_FLAGS=  -O2 -c -mcpu=v11.0 -mlittle-endian -mxl-soft-mul" "EXTRA_COMPILER_FLAGS=-g -ffunction-sections -fdata-sections -Wall 
TRACE::2026-06-03.22:56:18::SCWMssOS::-Wextra -fno-tree-loop-distribute-patterns"

TRACE::2026-06-03.22:56:18::SCWMssOS::"Running Make include in microblaze_0/libsrc/cpu_v2_17/src"

TRACE::2026-06-03.22:56:18::SCWMssOS::make -C microblaze_0/libsrc/cpu_v2_17/src -s include  "SHELL=CMD" "COMPILER=mb-gcc" "ASSEMBLER=mb-as" "ARCHIVER=mb-ar" "COMPILE
TRACE::2026-06-03.22:56:18::SCWMssOS::R_FLAGS=  -O2 -c -mcpu=v11.0 -mlittle-endian -mxl-soft-mul" "EXTRA_COMPILER_FLAGS=-g -ffunction-sections -fdata-sections -Wall 
TRACE::2026-06-03.22:56:18::SCWMssOS::-Wextra -fno-tree-loop-distribute-patterns"

TRACE::2026-06-03.22:56:18::SCWMssOS::"Running Make include in microblaze_0/libsrc/gpio_v4_9/src"

TRACE::2026-06-03.22:56:18::SCWMssOS::make -C microblaze_0/libsrc/gpio_v4_9/src -s include  "SHELL=CMD" "COMPILER=mb-gcc" "ASSEMBLER=mb-as" "ARCHIVER=mb-ar" "COMPILE
TRACE::2026-06-03.22:56:18::SCWMssOS::R_FLAGS=  -O2 -c -mcpu=v11.0 -mlittle-endian -mxl-soft-mul" "EXTRA_COMPILER_FLAGS=-g -ffunction-sections -fdata-sections -Wall 
TRACE::2026-06-03.22:56:18::SCWMssOS::-Wextra -fno-tree-loop-distribute-patterns"

TRACE::2026-06-03.22:56:18::SCWMssOS::"Running Make include in microblaze_0/libsrc/intc_v3_16/src"

TRACE::2026-06-03.22:56:18::SCWMssOS::make -C microblaze_0/libsrc/intc_v3_16/src -s include  "SHELL=CMD" "COMPILER=mb-gcc" "ASSEMBLER=mb-as" "ARCHIVER=mb-ar" "COMPIL
TRACE::2026-06-03.22:56:18::SCWMssOS::ER_FLAGS=  -O2 -c -mcpu=v11.0 -mlittle-endian -mxl-soft-mul" "EXTRA_COMPILER_FLAGS=-g -ffunction-sections -fdata-sections -Wall
TRACE::2026-06-03.22:56:18::SCWMssOS:: -Wextra -fno-tree-loop-distribute-patterns"

TRACE::2026-06-03.22:56:18::SCWMssOS::"Running Make include in microblaze_0/libsrc/standalone_v8_1/src"

TRACE::2026-06-03.22:56:18::SCWMssOS::make -C microblaze_0/libsrc/standalone_v8_1/src -s include  "SHELL=CMD" "COMPILER=mb-gcc" "ASSEMBLER=mb-as" "ARCHIVER=mb-ar" "C
TRACE::2026-06-03.22:56:18::SCWMssOS::OMPILER_FLAGS=  -O2 -c -mcpu=v11.0 -mlittle-endian -mxl-soft-mul" "EXTRA_COMPILER_FLAGS=-g -ffunction-sections -fdata-sections 
TRACE::2026-06-03.22:56:18::SCWMssOS::-Wall -Wextra -fno-tree-loop-distribute-patterns"

TRACE::2026-06-03.22:56:18::SCWMssOS::"Running Make include in microblaze_0/libsrc/uartlite_v3_8/src"

TRACE::2026-06-03.22:56:18::SCWMssOS::make -C microblaze_0/libsrc/uartlite_v3_8/src -s include  "SHELL=CMD" "COMPILER=mb-gcc" "ASSEMBLER=mb-as" "ARCHIVER=mb-ar" "COM
TRACE::2026-06-03.22:56:18::SCWMssOS::PILER_FLAGS=  -O2 -c -mcpu=v11.0 -mlittle-endian -mxl-soft-mul" "EXTRA_COMPILER_FLAGS=-g -ffunction-sections -fdata-sections -W
TRACE::2026-06-03.22:56:18::SCWMssOS::all -Wextra -fno-tree-loop-distribute-patterns"

TRACE::2026-06-03.22:56:18::SCWMssOS::"Running Make libs in microblaze_0/libsrc/bram_v4_8/src"

TRACE::2026-06-03.22:56:18::SCWMssOS::make -C microblaze_0/libsrc/bram_v4_8/src -s libs  "SHELL=CMD" "COMPILER=mb-gcc" "ASSEMBLER=mb-as" "ARCHIVER=mb-ar" "COMPILER_F
TRACE::2026-06-03.22:56:18::SCWMssOS::LAGS=  -O2 -c -mcpu=v11.0 -mlittle-endian -mxl-soft-mul" "EXTRA_COMPILER_FLAGS=-g -ffunction-sections -fdata-sections -Wall -We
TRACE::2026-06-03.22:56:18::SCWMssOS::xtra -fno-tree-loop-distribute-patterns"

TRACE::2026-06-03.22:56:18::SCWMssOS::"Running Make libs in microblaze_0/libsrc/cpu_v2_17/src"

TRACE::2026-06-03.22:56:18::SCWMssOS::make -C microblaze_0/libsrc/cpu_v2_17/src -s libs  "SHELL=CMD" "COMPILER=mb-gcc" "ASSEMBLER=mb-as" "ARCHIVER=mb-ar" "COMPILER_F
TRACE::2026-06-03.22:56:18::SCWMssOS::LAGS=  -O2 -c -mcpu=v11.0 -mlittle-endian -mxl-soft-mul" "EXTRA_COMPILER_FLAGS=-g -ffunction-sections -fdata-sections -Wall -We
TRACE::2026-06-03.22:56:18::SCWMssOS::xtra -fno-tree-loop-distribute-patterns"

TRACE::2026-06-03.22:56:18::SCWMssOS::"Running Make libs in microblaze_0/libsrc/gpio_v4_9/src"

TRACE::2026-06-03.22:56:18::SCWMssOS::make -C microblaze_0/libsrc/gpio_v4_9/src -s libs  "SHELL=CMD" "COMPILER=mb-gcc" "ASSEMBLER=mb-as" "ARCHIVER=mb-ar" "COMPILER_F
TRACE::2026-06-03.22:56:18::SCWMssOS::LAGS=  -O2 -c -mcpu=v11.0 -mlittle-endian -mxl-soft-mul" "EXTRA_COMPILER_FLAGS=-g -ffunction-sections -fdata-sections -Wall -We
TRACE::2026-06-03.22:56:18::SCWMssOS::xtra -fno-tree-loop-distribute-patterns"

TRACE::2026-06-03.22:56:18::SCWMssOS::"Running Make libs in microblaze_0/libsrc/intc_v3_16/src"

TRACE::2026-06-03.22:56:18::SCWMssOS::make -C microblaze_0/libsrc/intc_v3_16/src -s libs  "SHELL=CMD" "COMPILER=mb-gcc" "ASSEMBLER=mb-as" "ARCHIVER=mb-ar" "COMPILER_
TRACE::2026-06-03.22:56:18::SCWMssOS::FLAGS=  -O2 -c -mcpu=v11.0 -mlittle-endian -mxl-soft-mul" "EXTRA_COMPILER_FLAGS=-g -ffunction-sections -fdata-sections -Wall -W
TRACE::2026-06-03.22:56:18::SCWMssOS::extra -fno-tree-loop-distribute-patterns"

TRACE::2026-06-03.22:56:18::SCWMssOS::"Running Make libs in microblaze_0/libsrc/standalone_v8_1/src"

TRACE::2026-06-03.22:56:18::SCWMssOS::make -C microblaze_0/libsrc/standalone_v8_1/src -s libs  "SHELL=CMD" "COMPILER=mb-gcc" "ASSEMBLER=mb-as" "ARCHIVER=mb-ar" "COMP
TRACE::2026-06-03.22:56:18::SCWMssOS::ILER_FLAGS=  -O2 -c -mcpu=v11.0 -mlittle-endian -mxl-soft-mul" "EXTRA_COMPILER_FLAGS=-g -ffunction-sections -fdata-sections -Wa
TRACE::2026-06-03.22:56:18::SCWMssOS::ll -Wextra -fno-tree-loop-distribute-patterns"

TRACE::2026-06-03.22:56:18::SCWMssOS::"Running Make libs in microblaze_0/libsrc/uartlite_v3_8/src"

TRACE::2026-06-03.22:56:18::SCWMssOS::make -C microblaze_0/libsrc/uartlite_v3_8/src -s libs  "SHELL=CMD" "COMPILER=mb-gcc" "ASSEMBLER=mb-as" "ARCHIVER=mb-ar" "COMPIL
TRACE::2026-06-03.22:56:18::SCWMssOS::ER_FLAGS=  -O2 -c -mcpu=v11.0 -mlittle-endian -mxl-soft-mul" "EXTRA_COMPILER_FLAGS=-g -ffunction-sections -fdata-sections -Wall
TRACE::2026-06-03.22:56:18::SCWMssOS:: -Wextra -fno-tree-loop-distribute-patterns"

TRACE::2026-06-03.22:56:18::SCWMssOS::'Finished building libraries parallelly.'

TRACE::2026-06-03.22:56:18::SCWMssOS::make --no-print-directory archive

TRACE::2026-06-03.22:56:18::SCWMssOS::mb-ar -r  microblaze_0/lib/libxil.a microblaze_0/lib/_exit.o microblaze_0/lib/errno.o microblaze_0/lib/fcntl.o microblaze_0/lib
TRACE::2026-06-03.22:56:18::SCWMssOS::/hw_exception_handler.o microblaze_0/lib/inbyte.o microblaze_0/lib/microblaze_disable_dcache.o microblaze_0/lib/microblaze_disa
TRACE::2026-06-03.22:56:18::SCWMssOS::ble_exceptions.o microblaze_0/lib/microblaze_disable_icache.o microblaze_0/lib/microblaze_disable_interrupts.o microblaze_0/lib
TRACE::2026-06-03.22:56:18::SCWMssOS::/microblaze_enable_dcache.o microblaze_0/lib/microblaze_enable_exceptions.o microblaze_0/lib/microblaze_enable_icache.o microbl
TRACE::2026-06-03.22:56:18::SCWMssOS::aze_0/lib/microblaze_enable_interrupts.o microblaze_0/lib/microblaze_exception_handler.o microblaze_0/lib/microblaze_flush_cach
TRACE::2026-06-03.22:56:18::SCWMssOS::e_ext.o microblaze_0/lib/microblaze_flush_cache_ext_range.o microblaze_0/lib/microblaze_flush_dcache.o microblaze_0/lib/microbl
TRACE::2026-06-03.22:56:18::SCWMssOS::aze_flush_dcache_range.o microblaze_0/lib/microblaze_init_dcache_range.o microblaze_0/lib/microblaze_init_icache_range.o microb
TRACE::2026-06-03.22:56:18::SCWMssOS::laze_0/lib/microblaze_interrupt_handler.o microblaze_0/lib/microblaze_interrupts_g.o microblaze_0/lib/microblaze_invalidate_cac
TRACE::2026-06-03.22:56:18::SCWMssOS::he_ext.o microblaze_0/lib/microblaze_invalidate_cache_ext_range.o microblaze_0/lib/microblaze_invalidate_dcache.o microblaze_0/
TRACE::2026-06-03.22:56:18::SCWMssOS::lib/microblaze_invalidate_dcache_range.o microblaze_0/lib/microblaze_invalidate_icache.o microblaze_0/lib/microblaze_invalidate
TRACE::2026-06-03.22:56:18::SCWMssOS::_icache_range.o microblaze_0/lib/microblaze_scrub.o microblaze_0/lib/microblaze_selftest.o microblaze_0/lib/microblaze_sleep.o 
TRACE::2026-06-03.22:56:18::SCWMssOS::microblaze_0/lib/microblaze_update_dcache.o microblaze_0/lib/microblaze_update_icache.o microblaze_0/lib/outbyte.o microblaze_0
TRACE::2026-06-03.22:56:18::SCWMssOS::/lib/print.o microblaze_0/lib/pvr.o microblaze_0/lib/xbram.o microblaze_0/lib/xbram_g.o microblaze_0/lib/xbram_intr.o microblaz
TRACE::2026-06-03.22:56:18::SCWMssOS::e_0/lib/xbram_selftest.o microblaze_0/lib/xbram_sinit.o microblaze_0/lib/xgpio.o microblaze_0/lib/xgpio_extra.o microblaze_0/li
TRACE::2026-06-03.22:56:18::SCWMssOS::b/xgpio_g.o microblaze_0/lib/xgpio_intr.o microblaze_0/lib/xgpio_selftest.o microblaze_0/lib/xgpio_sinit.o microblaze_0/lib/xil
TRACE::2026-06-03.22:56:18::SCWMssOS::_assert.o microblaze_0/lib/xil_cache.o microblaze_0/lib/xil_clocking.o microblaze_0/lib/xil_exception.o microblaze_0/lib/xil_me
TRACE::2026-06-03.22:56:18::SCWMssOS::m.o microblaze_0/lib/xil_misc_psreset_api.o microblaze_0/lib/xil_printf.o microblaze_0/lib/xil_sleepcommon.o microblaze_0/lib/x
TRACE::2026-06-03.22:56:18::SCWMssOS::il_testcache.o microblaze_0/lib/xil_testio.o microblaze_0/lib/xil_testmem.o microblaze_0/lib/xil_util.o microblaze_0/lib/xintc.
TRACE::2026-06-03.22:56:18::SCWMssOS::o microblaze_0/lib/xintc_g.o microblaze_0/lib/xintc_intr.o microblaze_0/lib/xintc_l.o microblaze_0/lib/xintc_options.o microbla
TRACE::2026-06-03.22:56:18::SCWMssOS::ze_0/lib/xintc_selftest.o microblaze_0/lib/xinterrupt_wrap.o microblaze_0/lib/xio.o microblaze_0/lib/xplatform_info.o microblaz
TRACE::2026-06-03.22:56:18::SCWMssOS::e_0/lib/xuartlite.o microblaze_0/lib/xuartlite_g.o microblaze_0/lib/xuartlite_intr.o microblaze_0/lib/xuartlite_l.o microblaze_
TRACE::2026-06-03.22:56:18::SCWMssOS::0/lib/xuartlite_selftest.o microblaze_0/lib/xuartlite_sinit.o microblaze_0/lib/xuartlite_stats.o

TRACE::2026-06-03.22:56:19::SCWMssOS::'Finished building libraries'

TRACE::2026-06-03.22:56:19::SCWMssOS::Copying to export directory.
TRACE::2026-06-03.22:56:19::SCWMssOS:: Checking if to create the Supporting Applications
TRACE::2026-06-03.22:56:19::SCWMssOS:: No Linux domain exists, trying to generate FSBL 
LOG::2026-06-03.22:56:19::SCWSystem::Completed Processing the domain standalone_microblaze_0
LOG::2026-06-03.22:56:19::SCWSystem::Completed Processing the sysconfig userMapTop
LOG::2026-06-03.22:56:19::SCWPlatform::Completed generating the artifacts for system configuration userMapTop
TRACE::2026-06-03.22:56:19::SCWPlatform::Started preparing the platform 
TRACE::2026-06-03.22:56:19::SCWSystem::Writing the bif file for system config userMapTop
TRACE::2026-06-03.22:56:19::SCWSystem::dir created 
TRACE::2026-06-03.22:56:19::SCWSystem::Writing the bif 
TRACE::2026-06-03.22:56:19::SCWPlatform::Started writing the spfm file 
TRACE::2026-06-03.22:56:19::SCWPlatform::Started writing the xpfm file 
TRACE::2026-06-03.22:56:19::SCWPlatform::Completed generating the platform
TRACE::2026-06-03.22:56:19::SCWMssOS::Saving the mss changes D:/vivado_pj/userMap2023/userMapTop/microblaze_0/standalone_microblaze_0/bsp/system.mss
TRACE::2026-06-03.22:56:19::SCWMssOS::Found a swdesign opened with the mssfile.
TRACE::2026-06-03.22:56:19::SCWMssOS::Completed writemss as part of save.
TRACE::2026-06-03.22:56:19::SCWMssOS::Commit changes completed.
TRACE::2026-06-03.22:56:19::SCWPlatform::Trying to open the hw design at D:/vivado_pj/userMap2023/userMapTop/hw/userMapTop.xsa
TRACE::2026-06-03.22:56:19::SCWPlatform::DSA given D:/vivado_pj/userMap2023/userMapTop/hw/userMapTop.xsa
TRACE::2026-06-03.22:56:19::SCWPlatform::DSA absoulate path D:/vivado_pj/userMap2023/userMapTop/hw/userMapTop.xsa
TRACE::2026-06-03.22:56:19::SCWPlatform::DSA directory D:/vivado_pj/userMap2023/userMapTop/hw
TRACE::2026-06-03.22:56:19::SCWPlatform:: Platform Path D:/vivado_pj/userMap2023/userMapTop/hw/userMapTop.xsa
TRACE::2026-06-03.22:56:19::SCWPlatform:: Unique name xilinx:basys3::0.0
TRACE::2026-06-03.22:56:19::SCWPlatform::Trying to set the existing hwdb with name userMapTop_0
TRACE::2026-06-03.22:56:19::SCWPlatform::Opened existing hwdb userMapTop_0
TRACE::2026-06-03.22:56:19::SCWPlatform::Found the Hw Db part of the input DSA
TRACE::2026-06-03.22:56:19::SCWMssOS::Checking the sw design at  D:/vivado_pj/userMap2023/userMapTop/microblaze_0/standalone_microblaze_0/bsp/system.mss
TRACE::2026-06-03.22:56:19::SCWMssOS::DEBUG:  swdes dump  D:/vivado_pj/userMap2023/userMapTop/microblaze_0/standalone_microblaze_0/bsp/system.mss|system||

TRACE::2026-06-03.22:56:19::SCWMssOS::Sw design exists and opened at  D:/vivado_pj/userMap2023/userMapTop/microblaze_0/standalone_microblaze_0/bsp/system.mss
TRACE::2026-06-03.22:56:19::SCWWriter::formatted JSON is {
	"platformName":	"userMapTop",
	"sprVersion":	"2.0",
	"mode":	"gui",
	"dsaType":	"Fixed",
	"platformDesc":	"userMapTop",
	"platHandOff":	"D:/vivado_pj/userMap/userMapTop.xsa",
	"platIntHandOff":	"<platformDir>/hw/userMapTop.xsa",
	"deviceType":	"FPGA",
	"platIsPrebuiltAutogen":	"false",
	"platIsNoBootBsp":	"false",
	"hasFsblMakeHasChanges":	"false",
	"hasPmufwMakeHasChanges":	"false",
	"platPreBuiltFlag":	false,
	"platformSamplesDir":	"",
	"platActiveSys":	"userMapTop",
	"systems":	[{
			"systemName":	"userMapTop",
			"systemDesc":	"userMapTop",
			"sysIsBootAutoGen":	"true",
			"systemDispName":	"userMapTop",
			"sysActiveDom":	"standalone_microblaze_0",
			"sysDefaultDom":	"standalone_microblaze_0",
			"domains":	[{
					"domainName":	"standalone_microblaze_0",
					"domainDispName":	"standalone_microblaze_0",
					"domainDesc":	"standalone_microblaze_0",
					"processors":	"microblaze_0",
					"os":	"standalone",
					"sdxOs":	"standalone",
					"debugEnable":	"False",
					"domRuntimes":	["cpp"],
					"swRepo":	"",
					"mssOsVer":	"8.1",
					"mssFile":	"",
					"md5Digest":	"2387726c7969e4016a1fc62dc46e34ae",
					"compatibleApp":	"",
					"domType":	"mssDomain",
					"arch":	"32-bit",
					"appSettings":	{
						"appCompilerFlags":	"",
						"appLinkerFlags":	""
					},
					"addedLibs":	[],
					"libOptions":	{
						"libsContainingOptions":	[]
					},
					"prebuiltLibs":	{
						"prebuiltIncPath":	[],
						"prebuiltLibPath":	[]
					},
					"isolation":	{
					}
				}]
		}]
}
KEYINFO::2026-06-03.22:56:19::SCWPlatform::updated the xpfm file.
TRACE::2026-06-03.22:56:20::SCWPlatform::Trying to open the hw design at D:/vivado_pj/userMap2023/userMapTop/hw/userMapTop.xsa
TRACE::2026-06-03.22:56:20::SCWPlatform::DSA given D:/vivado_pj/userMap2023/userMapTop/hw/userMapTop.xsa
TRACE::2026-06-03.22:56:20::SCWPlatform::DSA absoulate path D:/vivado_pj/userMap2023/userMapTop/hw/userMapTop.xsa
TRACE::2026-06-03.22:56:20::SCWPlatform::DSA directory D:/vivado_pj/userMap2023/userMapTop/hw
TRACE::2026-06-03.22:56:20::SCWPlatform:: Platform Path D:/vivado_pj/userMap2023/userMapTop/hw/userMapTop.xsa
TRACE::2026-06-03.22:56:20::SCWPlatform:: Unique name xilinx:basys3::0.0
TRACE::2026-06-03.22:56:20::SCWPlatform::Trying to set the existing hwdb with name userMapTop_0
TRACE::2026-06-03.22:56:20::SCWPlatform::Opened existing hwdb userMapTop_0
TRACE::2026-06-03.22:56:20::SCWPlatform::Found the Hw Db part of the input DSA
TRACE::2026-06-03.22:56:20::SCWMssOS::Checking the sw design at  D:/vivado_pj/userMap2023/userMapTop/microblaze_0/standalone_microblaze_0/bsp/system.mss
TRACE::2026-06-03.22:56:20::SCWMssOS::DEBUG:  swdes dump  D:/vivado_pj/userMap2023/userMapTop/microblaze_0/standalone_microblaze_0/bsp/system.mss|system||

TRACE::2026-06-03.22:56:20::SCWMssOS::Sw design exists and opened at  D:/vivado_pj/userMap2023/userMapTop/microblaze_0/standalone_microblaze_0/bsp/system.mss
TRACE::2026-06-03.23:21:09::SCWPlatform::Clearing the existing platform
TRACE::2026-06-03.23:21:09::SCWSystem::Clearing the existing sysconfig
TRACE::2026-06-03.23:21:09::SCWMssOS::Removing the swdes entry for  D:/vivado_pj/userMap2023/userMapTop/microblaze_0/standalone_microblaze_0/bsp/system.mss
TRACE::2026-06-03.23:21:09::SCWSystem::Clearing the domains completed.
TRACE::2026-06-03.23:21:09::SCWPlatform::Clearing the opened hw db.
TRACE::2026-06-03.23:21:09::SCWPlatform::DSA given D:/vivado_pj/userMap2023/userMapTop/hw/userMapTop.xsa
TRACE::2026-06-03.23:21:09::SCWPlatform::DSA absoulate path D:/vivado_pj/userMap2023/userMapTop/hw/userMapTop.xsa
TRACE::2026-06-03.23:21:09::SCWPlatform:: Platform location is D:/vivado_pj/userMap2023/userMapTop/hw
TRACE::2026-06-03.23:21:09::SCWPlatform:: Platform Path D:/vivado_pj/userMap2023/userMapTop/hw/userMapTop.xsa
TRACE::2026-06-03.23:21:09::SCWPlatform:: Unique name xilinx:basys3::0.0
TRACE::2026-06-03.23:21:09::SCWPlatform::Removing the HwDB with name D:/vivado_pj/userMap2023/userMapTop/hw/userMapTop.xsa
TRACE::2026-06-03.23:21:09::SCWPlatform::Trying to open the hw design at D:/vivado_pj/userMap2023/userMapTop/hw/userMapTop.xsa
TRACE::2026-06-03.23:21:09::SCWPlatform::DSA given D:/vivado_pj/userMap2023/userMapTop/hw/userMapTop.xsa
TRACE::2026-06-03.23:21:09::SCWPlatform::DSA absoulate path D:/vivado_pj/userMap2023/userMapTop/hw/userMapTop.xsa
TRACE::2026-06-03.23:21:09::SCWPlatform::DSA directory D:/vivado_pj/userMap2023/userMapTop/hw
TRACE::2026-06-03.23:21:09::SCWPlatform:: Platform Path D:/vivado_pj/userMap2023/userMapTop/hw/userMapTop.xsa
TRACE::2026-06-03.23:21:09::SCWPlatform:: Unique name xilinx:basys3::0.0
TRACE::2026-06-03.23:21:09::SCWPlatform::Do not have an existing db opened. 
TRACE::2026-06-03.23:21:09::SCWPlatform::Opened new HwDB with name userMapTop_1
TRACE::2026-06-03.23:21:09::SCWReader::Active system found as  userMapTop
TRACE::2026-06-03.23:21:09::SCWReader::Handling sysconfig userMapTop
TRACE::2026-06-03.23:21:09::SCWDomain::checking for install qemu data   : 
TRACE::2026-06-03.23:21:09::SCWPlatform::Trying to open the hw design at D:/vivado_pj/userMap2023/userMapTop/hw/userMapTop.xsa
TRACE::2026-06-03.23:21:09::SCWPlatform::DSA given D:/vivado_pj/userMap2023/userMapTop/hw/userMapTop.xsa
TRACE::2026-06-03.23:21:09::SCWPlatform::DSA absoulate path D:/vivado_pj/userMap2023/userMapTop/hw/userMapTop.xsa
TRACE::2026-06-03.23:21:09::SCWPlatform::DSA directory D:/vivado_pj/userMap2023/userMapTop/hw
TRACE::2026-06-03.23:21:09::SCWPlatform:: Platform Path D:/vivado_pj/userMap2023/userMapTop/hw/userMapTop.xsa
TRACE::2026-06-03.23:21:09::SCWPlatform:: Unique name xilinx:basys3::0.0
TRACE::2026-06-03.23:21:09::SCWPlatform::Trying to set the existing hwdb with name userMapTop_1
TRACE::2026-06-03.23:21:09::SCWPlatform::Opened existing hwdb userMapTop_1
TRACE::2026-06-03.23:21:09::SCWPlatform::Found the Hw Db part of the input DSA
TRACE::2026-06-03.23:21:09::SCWPlatform::Trying to open the hw design at D:/vivado_pj/userMap2023/userMapTop/hw/userMapTop.xsa
TRACE::2026-06-03.23:21:09::SCWPlatform::DSA given D:/vivado_pj/userMap2023/userMapTop/hw/userMapTop.xsa
TRACE::2026-06-03.23:21:09::SCWPlatform::DSA absoulate path D:/vivado_pj/userMap2023/userMapTop/hw/userMapTop.xsa
TRACE::2026-06-03.23:21:09::SCWPlatform::DSA directory D:/vivado_pj/userMap2023/userMapTop/hw
TRACE::2026-06-03.23:21:09::SCWPlatform:: Platform Path D:/vivado_pj/userMap2023/userMapTop/hw/userMapTop.xsa
TRACE::2026-06-03.23:21:09::SCWPlatform:: Unique name xilinx:basys3::0.0
TRACE::2026-06-03.23:21:09::SCWPlatform::Trying to set the existing hwdb with name userMapTop_1
TRACE::2026-06-03.23:21:09::SCWPlatform::Opened existing hwdb userMapTop_1
TRACE::2026-06-03.23:21:09::SCWPlatform::Found the Hw Db part of the input DSA
TRACE::2026-06-03.23:21:09::SCWPlatform::Trying to open the hw design at D:/vivado_pj/userMap2023/userMapTop/hw/userMapTop.xsa
TRACE::2026-06-03.23:21:09::SCWPlatform::DSA given D:/vivado_pj/userMap2023/userMapTop/hw/userMapTop.xsa
TRACE::2026-06-03.23:21:09::SCWPlatform::DSA absoulate path D:/vivado_pj/userMap2023/userMapTop/hw/userMapTop.xsa
TRACE::2026-06-03.23:21:09::SCWPlatform::DSA directory D:/vivado_pj/userMap2023/userMapTop/hw
TRACE::2026-06-03.23:21:09::SCWPlatform:: Platform Path D:/vivado_pj/userMap2023/userMapTop/hw/userMapTop.xsa
TRACE::2026-06-03.23:21:09::SCWPlatform:: Unique name xilinx:basys3::0.0
TRACE::2026-06-03.23:21:09::SCWPlatform::Trying to set the existing hwdb with name userMapTop_1
TRACE::2026-06-03.23:21:09::SCWPlatform::Opened existing hwdb userMapTop_1
TRACE::2026-06-03.23:21:09::SCWPlatform::Found the Hw Db part of the input DSA
TRACE::2026-06-03.23:21:09::SCWPlatform::Trying to open the hw design at D:/vivado_pj/userMap2023/userMapTop/hw/userMapTop.xsa
TRACE::2026-06-03.23:21:09::SCWPlatform::DSA given D:/vivado_pj/userMap2023/userMapTop/hw/userMapTop.xsa
TRACE::2026-06-03.23:21:09::SCWPlatform::DSA absoulate path D:/vivado_pj/userMap2023/userMapTop/hw/userMapTop.xsa
TRACE::2026-06-03.23:21:09::SCWPlatform::DSA directory D:/vivado_pj/userMap2023/userMapTop/hw
TRACE::2026-06-03.23:21:09::SCWPlatform:: Platform Path D:/vivado_pj/userMap2023/userMapTop/hw/userMapTop.xsa
TRACE::2026-06-03.23:21:09::SCWPlatform:: Unique name xilinx:basys3::0.0
TRACE::2026-06-03.23:21:09::SCWPlatform::Trying to set the existing hwdb with name userMapTop_1
TRACE::2026-06-03.23:21:09::SCWPlatform::Opened existing hwdb userMapTop_1
TRACE::2026-06-03.23:21:09::SCWPlatform::Found the Hw Db part of the input DSA
TRACE::2026-06-03.23:21:09::SCWMssOS::Checking the sw design at  D:/vivado_pj/userMap2023/userMapTop/microblaze_0/standalone_microblaze_0/bsp/system.mss
TRACE::2026-06-03.23:21:09::SCWMssOS::DEBUG:  swdes dump  
TRACE::2026-06-03.23:21:09::SCWMssOS::No sw design opened at  D:/vivado_pj/userMap2023/userMapTop/microblaze_0/standalone_microblaze_0/bsp/system.mss
TRACE::2026-06-03.23:21:09::SCWMssOS::mss exists loading the mss file  D:/vivado_pj/userMap2023/userMapTop/microblaze_0/standalone_microblaze_0/bsp/system.mss
TRACE::2026-06-03.23:21:09::SCWMssOS::Opened the sw design from mss  D:/vivado_pj/userMap2023/userMapTop/microblaze_0/standalone_microblaze_0/bsp/system.mss
TRACE::2026-06-03.23:21:09::SCWMssOS::Adding the swdes entry D:/vivado_pj/userMap2023/userMapTop/microblaze_0/standalone_microblaze_0/bsp/system.mss with des name system
TRACE::2026-06-03.23:21:09::SCWMssOS::updating the scw layer about changes
TRACE::2026-06-03.23:21:09::SCWMssOS::Opened the sw design.  D:/vivado_pj/userMap2023/userMapTop/microblaze_0/standalone_microblaze_0/bsp/system.mss
TRACE::2026-06-03.23:21:09::SCWMssOS::Saving the mss changes D:/vivado_pj/userMap2023/userMapTop/microblaze_0/standalone_microblaze_0/bsp/system.mss
TRACE::2026-06-03.23:21:09::SCWMssOS::Found a swdesign opened with the mssfile.
TRACE::2026-06-03.23:21:09::SCWMssOS::Completed writemss as part of save.
TRACE::2026-06-03.23:21:09::SCWMssOS::Commit changes completed.
TRACE::2026-06-03.23:21:09::SCWReader::Adding prebuilt librarypaths as   
TRACE::2026-06-03.23:21:09::SCWReader::Adding prebuilt incpaths  as   
TRACE::2026-06-03.23:21:09::SCWPlatform::Trying to open the hw design at D:/vivado_pj/userMap2023/userMapTop/hw/userMapTop.xsa
TRACE::2026-06-03.23:21:09::SCWPlatform::DSA given D:/vivado_pj/userMap2023/userMapTop/hw/userMapTop.xsa
TRACE::2026-06-03.23:21:09::SCWPlatform::DSA absoulate path D:/vivado_pj/userMap2023/userMapTop/hw/userMapTop.xsa
TRACE::2026-06-03.23:21:09::SCWPlatform::DSA directory D:/vivado_pj/userMap2023/userMapTop/hw
TRACE::2026-06-03.23:21:09::SCWPlatform:: Platform Path D:/vivado_pj/userMap2023/userMapTop/hw/userMapTop.xsa
TRACE::2026-06-03.23:21:09::SCWPlatform:: Unique name xilinx:basys3::0.0
TRACE::2026-06-03.23:21:09::SCWPlatform::Trying to set the existing hwdb with name userMapTop_1
TRACE::2026-06-03.23:21:09::SCWPlatform::Opened existing hwdb userMapTop_1
TRACE::2026-06-03.23:21:09::SCWPlatform::Found the Hw Db part of the input DSA
TRACE::2026-06-03.23:21:09::SCWMssOS::Checking the sw design at  D:/vivado_pj/userMap2023/userMapTop/microblaze_0/standalone_microblaze_0/bsp/system.mss
TRACE::2026-06-03.23:21:09::SCWMssOS::DEBUG:  swdes dump  D:/vivado_pj/userMap2023/userMapTop/microblaze_0/standalone_microblaze_0/bsp/system.mss|system||

TRACE::2026-06-03.23:21:09::SCWMssOS::Sw design exists and opened at  D:/vivado_pj/userMap2023/userMapTop/microblaze_0/standalone_microblaze_0/bsp/system.mss
TRACE::2026-06-03.23:21:09::SCWReader::No isolation master present  
TRACE::2026-06-03.23:21:34::SCWPlatform::Clearing the existing platform
TRACE::2026-06-03.23:21:34::SCWSystem::Clearing the existing sysconfig
TRACE::2026-06-03.23:21:34::SCWMssOS::Removing the swdes entry for  D:/vivado_pj/userMap2023/userMapTop/microblaze_0/standalone_microblaze_0/bsp/system.mss
TRACE::2026-06-03.23:21:34::SCWSystem::Clearing the domains completed.
TRACE::2026-06-03.23:21:34::SCWPlatform::Clearing the opened hw db.
TRACE::2026-06-03.23:21:34::SCWPlatform::DSA given D:/vivado_pj/userMap2023/userMapTop/hw/userMapTop.xsa
TRACE::2026-06-03.23:21:34::SCWPlatform::DSA absoulate path D:/vivado_pj/userMap2023/userMapTop/hw/userMapTop.xsa
TRACE::2026-06-03.23:21:34::SCWPlatform:: Platform location is D:/vivado_pj/userMap2023/userMapTop/hw
TRACE::2026-06-03.23:21:34::SCWPlatform:: Platform Path D:/vivado_pj/userMap2023/userMapTop/hw/userMapTop.xsa
TRACE::2026-06-03.23:21:34::SCWPlatform:: Unique name xilinx:basys3::0.0
TRACE::2026-06-03.23:21:34::SCWPlatform::Removing the HwDB with name D:/vivado_pj/userMap2023/userMapTop/hw/userMapTop.xsa
TRACE::2026-06-03.23:21:34::SCWPlatform::Trying to open the hw design at D:/vivado_pj/userMap2023/userMapTop/hw/userMapTop.xsa
TRACE::2026-06-03.23:21:34::SCWPlatform::DSA given D:/vivado_pj/userMap2023/userMapTop/hw/userMapTop.xsa
TRACE::2026-06-03.23:21:34::SCWPlatform::DSA absoulate path D:/vivado_pj/userMap2023/userMapTop/hw/userMapTop.xsa
TRACE::2026-06-03.23:21:34::SCWPlatform::DSA directory D:/vivado_pj/userMap2023/userMapTop/hw
TRACE::2026-06-03.23:21:34::SCWPlatform:: Platform Path D:/vivado_pj/userMap2023/userMapTop/hw/userMapTop.xsa
TRACE::2026-06-03.23:21:34::SCWPlatform:: Unique name xilinx:basys3::0.0
TRACE::2026-06-03.23:21:34::SCWPlatform::Do not have an existing db opened. 
TRACE::2026-06-03.23:21:35::SCWPlatform::Opened new HwDB with name userMapTop_2
TRACE::2026-06-03.23:21:35::SCWReader::Active system found as  userMapTop
TRACE::2026-06-03.23:21:35::SCWReader::Handling sysconfig userMapTop
TRACE::2026-06-03.23:21:35::SCWDomain::checking for install qemu data   : 
TRACE::2026-06-03.23:21:35::SCWPlatform::Trying to open the hw design at D:/vivado_pj/userMap2023/userMapTop/hw/userMapTop.xsa
TRACE::2026-06-03.23:21:35::SCWPlatform::DSA given D:/vivado_pj/userMap2023/userMapTop/hw/userMapTop.xsa
TRACE::2026-06-03.23:21:35::SCWPlatform::DSA absoulate path D:/vivado_pj/userMap2023/userMapTop/hw/userMapTop.xsa
TRACE::2026-06-03.23:21:35::SCWPlatform::DSA directory D:/vivado_pj/userMap2023/userMapTop/hw
TRACE::2026-06-03.23:21:35::SCWPlatform:: Platform Path D:/vivado_pj/userMap2023/userMapTop/hw/userMapTop.xsa
TRACE::2026-06-03.23:21:35::SCWPlatform:: Unique name xilinx:basys3::0.0
TRACE::2026-06-03.23:21:35::SCWPlatform::Trying to set the existing hwdb with name userMapTop_2
TRACE::2026-06-03.23:21:35::SCWPlatform::Opened existing hwdb userMapTop_2
TRACE::2026-06-03.23:21:35::SCWPlatform::Found the Hw Db part of the input DSA
TRACE::2026-06-03.23:21:35::SCWPlatform::Trying to open the hw design at D:/vivado_pj/userMap2023/userMapTop/hw/userMapTop.xsa
TRACE::2026-06-03.23:21:35::SCWPlatform::DSA given D:/vivado_pj/userMap2023/userMapTop/hw/userMapTop.xsa
TRACE::2026-06-03.23:21:35::SCWPlatform::DSA absoulate path D:/vivado_pj/userMap2023/userMapTop/hw/userMapTop.xsa
TRACE::2026-06-03.23:21:35::SCWPlatform::DSA directory D:/vivado_pj/userMap2023/userMapTop/hw
TRACE::2026-06-03.23:21:35::SCWPlatform:: Platform Path D:/vivado_pj/userMap2023/userMapTop/hw/userMapTop.xsa
TRACE::2026-06-03.23:21:35::SCWPlatform:: Unique name xilinx:basys3::0.0
TRACE::2026-06-03.23:21:35::SCWPlatform::Trying to set the existing hwdb with name userMapTop_2
TRACE::2026-06-03.23:21:35::SCWPlatform::Opened existing hwdb userMapTop_2
TRACE::2026-06-03.23:21:35::SCWPlatform::Found the Hw Db part of the input DSA
TRACE::2026-06-03.23:21:35::SCWPlatform::Trying to open the hw design at D:/vivado_pj/userMap2023/userMapTop/hw/userMapTop.xsa
TRACE::2026-06-03.23:21:35::SCWPlatform::DSA given D:/vivado_pj/userMap2023/userMapTop/hw/userMapTop.xsa
TRACE::2026-06-03.23:21:35::SCWPlatform::DSA absoulate path D:/vivado_pj/userMap2023/userMapTop/hw/userMapTop.xsa
TRACE::2026-06-03.23:21:35::SCWPlatform::DSA directory D:/vivado_pj/userMap2023/userMapTop/hw
TRACE::2026-06-03.23:21:35::SCWPlatform:: Platform Path D:/vivado_pj/userMap2023/userMapTop/hw/userMapTop.xsa
TRACE::2026-06-03.23:21:35::SCWPlatform:: Unique name xilinx:basys3::0.0
TRACE::2026-06-03.23:21:35::SCWPlatform::Trying to set the existing hwdb with name userMapTop_2
TRACE::2026-06-03.23:21:35::SCWPlatform::Opened existing hwdb userMapTop_2
TRACE::2026-06-03.23:21:35::SCWPlatform::Found the Hw Db part of the input DSA
TRACE::2026-06-03.23:21:35::SCWPlatform::Trying to open the hw design at D:/vivado_pj/userMap2023/userMapTop/hw/userMapTop.xsa
TRACE::2026-06-03.23:21:35::SCWPlatform::DSA given D:/vivado_pj/userMap2023/userMapTop/hw/userMapTop.xsa
TRACE::2026-06-03.23:21:35::SCWPlatform::DSA absoulate path D:/vivado_pj/userMap2023/userMapTop/hw/userMapTop.xsa
TRACE::2026-06-03.23:21:35::SCWPlatform::DSA directory D:/vivado_pj/userMap2023/userMapTop/hw
TRACE::2026-06-03.23:21:35::SCWPlatform:: Platform Path D:/vivado_pj/userMap2023/userMapTop/hw/userMapTop.xsa
TRACE::2026-06-03.23:21:35::SCWPlatform:: Unique name xilinx:basys3::0.0
TRACE::2026-06-03.23:21:35::SCWPlatform::Trying to set the existing hwdb with name userMapTop_2
TRACE::2026-06-03.23:21:35::SCWPlatform::Opened existing hwdb userMapTop_2
TRACE::2026-06-03.23:21:35::SCWPlatform::Found the Hw Db part of the input DSA
TRACE::2026-06-03.23:21:35::SCWMssOS::Checking the sw design at  D:/vivado_pj/userMap2023/userMapTop/microblaze_0/standalone_microblaze_0/bsp/system.mss
TRACE::2026-06-03.23:21:35::SCWMssOS::DEBUG:  swdes dump  
TRACE::2026-06-03.23:21:35::SCWMssOS::No sw design opened at  D:/vivado_pj/userMap2023/userMapTop/microblaze_0/standalone_microblaze_0/bsp/system.mss
TRACE::2026-06-03.23:21:35::SCWMssOS::mss exists loading the mss file  D:/vivado_pj/userMap2023/userMapTop/microblaze_0/standalone_microblaze_0/bsp/system.mss
TRACE::2026-06-03.23:21:35::SCWMssOS::Opened the sw design from mss  D:/vivado_pj/userMap2023/userMapTop/microblaze_0/standalone_microblaze_0/bsp/system.mss
TRACE::2026-06-03.23:21:35::SCWMssOS::Adding the swdes entry D:/vivado_pj/userMap2023/userMapTop/microblaze_0/standalone_microblaze_0/bsp/system.mss with des name system
TRACE::2026-06-03.23:21:35::SCWMssOS::updating the scw layer about changes
TRACE::2026-06-03.23:21:35::SCWMssOS::Opened the sw design.  D:/vivado_pj/userMap2023/userMapTop/microblaze_0/standalone_microblaze_0/bsp/system.mss
TRACE::2026-06-03.23:21:35::SCWMssOS::Saving the mss changes D:/vivado_pj/userMap2023/userMapTop/microblaze_0/standalone_microblaze_0/bsp/system.mss
TRACE::2026-06-03.23:21:35::SCWMssOS::Found a swdesign opened with the mssfile.
TRACE::2026-06-03.23:21:35::SCWMssOS::Completed writemss as part of save.
TRACE::2026-06-03.23:21:35::SCWMssOS::Commit changes completed.
TRACE::2026-06-03.23:21:35::SCWReader::Adding prebuilt librarypaths as   
TRACE::2026-06-03.23:21:35::SCWReader::Adding prebuilt incpaths  as   
TRACE::2026-06-03.23:21:35::SCWPlatform::Trying to open the hw design at D:/vivado_pj/userMap2023/userMapTop/hw/userMapTop.xsa
TRACE::2026-06-03.23:21:35::SCWPlatform::DSA given D:/vivado_pj/userMap2023/userMapTop/hw/userMapTop.xsa
TRACE::2026-06-03.23:21:35::SCWPlatform::DSA absoulate path D:/vivado_pj/userMap2023/userMapTop/hw/userMapTop.xsa
TRACE::2026-06-03.23:21:35::SCWPlatform::DSA directory D:/vivado_pj/userMap2023/userMapTop/hw
TRACE::2026-06-03.23:21:35::SCWPlatform:: Platform Path D:/vivado_pj/userMap2023/userMapTop/hw/userMapTop.xsa
TRACE::2026-06-03.23:21:35::SCWPlatform:: Unique name xilinx:basys3::0.0
TRACE::2026-06-03.23:21:35::SCWPlatform::Trying to set the existing hwdb with name userMapTop_2
TRACE::2026-06-03.23:21:35::SCWPlatform::Opened existing hwdb userMapTop_2
TRACE::2026-06-03.23:21:35::SCWPlatform::Found the Hw Db part of the input DSA
TRACE::2026-06-03.23:21:35::SCWMssOS::Checking the sw design at  D:/vivado_pj/userMap2023/userMapTop/microblaze_0/standalone_microblaze_0/bsp/system.mss
TRACE::2026-06-03.23:21:35::SCWMssOS::DEBUG:  swdes dump  D:/vivado_pj/userMap2023/userMapTop/microblaze_0/standalone_microblaze_0/bsp/system.mss|system||

TRACE::2026-06-03.23:21:35::SCWMssOS::Sw design exists and opened at  D:/vivado_pj/userMap2023/userMapTop/microblaze_0/standalone_microblaze_0/bsp/system.mss
TRACE::2026-06-03.23:21:35::SCWReader::No isolation master present  
TRACE::2026-06-03.23:21:42::SCWPlatform::DSA given D:/vivado_pj/userMap2023/userMapTop/tempdsa/userMapTop2.xsa
TRACE::2026-06-03.23:21:42::SCWPlatform::DSA absoulate path D:/vivado_pj/userMap2023/userMapTop/tempdsa/userMapTop2.xsa
TRACE::2026-06-03.23:21:42::SCWPlatform:: Platform location is D:/vivado_pj/userMap2023/userMapTop/tempdsa
TRACE::2026-06-03.23:21:42::SCWPlatform:: Platform Path D:/vivado_pj/userMap2023/userMapTop/tempdsa/userMapTop2.xsa
TRACE::2026-06-03.23:21:42::SCWPlatform:: Unique name xilinx:basys3::0.0
TRACE::2026-06-03.23:21:42::SCWPlatform::Found the Hw Db part of the input DSA
TRACE::2026-06-03.23:21:42::SCWMssOS::Doing hw sync for the mss in domain: standalone_microblaze_0
TRACE::2026-06-03.23:21:42::SCWPlatform::Trying to open the hw design at D:/vivado_pj/userMap2023/userMapTop/hw/userMapTop.xsa
TRACE::2026-06-03.23:21:42::SCWPlatform::DSA given D:/vivado_pj/userMap2023/userMapTop/hw/userMapTop.xsa
TRACE::2026-06-03.23:21:42::SCWPlatform::DSA absoulate path D:/vivado_pj/userMap2023/userMapTop/hw/userMapTop.xsa
TRACE::2026-06-03.23:21:42::SCWPlatform::DSA directory D:/vivado_pj/userMap2023/userMapTop/hw
TRACE::2026-06-03.23:21:42::SCWPlatform:: Platform Path D:/vivado_pj/userMap2023/userMapTop/hw/userMapTop.xsa
TRACE::2026-06-03.23:21:42::SCWPlatform:: Unique name xilinx:basys3::0.0
TRACE::2026-06-03.23:21:42::SCWPlatform::Trying to set the existing hwdb with name userMapTop_2
TRACE::2026-06-03.23:21:42::SCWPlatform::Opened existing hwdb userMapTop_2
TRACE::2026-06-03.23:21:42::SCWPlatform::Found the Hw Db part of the input DSA
TRACE::2026-06-03.23:21:42::SCWPlatform::Trying to open the hw design at D:/vivado_pj/userMap2023/userMapTop/hw/userMapTop.xsa
TRACE::2026-06-03.23:21:42::SCWPlatform::DSA given D:/vivado_pj/userMap2023/userMapTop/hw/userMapTop.xsa
TRACE::2026-06-03.23:21:42::SCWPlatform::DSA absoulate path D:/vivado_pj/userMap2023/userMapTop/hw/userMapTop.xsa
TRACE::2026-06-03.23:21:42::SCWPlatform::DSA directory D:/vivado_pj/userMap2023/userMapTop/hw
TRACE::2026-06-03.23:21:42::SCWPlatform:: Platform Path D:/vivado_pj/userMap2023/userMapTop/hw/userMapTop.xsa
TRACE::2026-06-03.23:21:42::SCWPlatform:: Unique name xilinx:basys3::0.0
TRACE::2026-06-03.23:21:42::SCWPlatform::Trying to set the existing hwdb with name userMapTop_2
TRACE::2026-06-03.23:21:42::SCWPlatform::Opened existing hwdb userMapTop_2
TRACE::2026-06-03.23:21:42::SCWPlatform::Found the Hw Db part of the input DSA
TRACE::2026-06-03.23:21:42::SCWMssOS::Checking the sw design at  D:/vivado_pj/userMap2023/userMapTop/microblaze_0/standalone_microblaze_0/bsp/system.mss
TRACE::2026-06-03.23:21:42::SCWMssOS::DEBUG:  swdes dump  D:/vivado_pj/userMap2023/userMapTop/microblaze_0/standalone_microblaze_0/bsp/system.mss|system||

TRACE::2026-06-03.23:21:42::SCWMssOS::Sw design exists and opened at  D:/vivado_pj/userMap2023/userMapTop/microblaze_0/standalone_microblaze_0/bsp/system.mss
TRACE::2026-06-03.23:21:42::SCWPlatform::Trying to open the hw design at D:/vivado_pj/userMap2023/userMapTop/tempdsa/userMapTop2.xsa
TRACE::2026-06-03.23:21:42::SCWPlatform::DSA given D:/vivado_pj/userMap2023/userMapTop/tempdsa/userMapTop2.xsa
TRACE::2026-06-03.23:21:42::SCWPlatform::DSA absoulate path D:/vivado_pj/userMap2023/userMapTop/tempdsa/userMapTop2.xsa
TRACE::2026-06-03.23:21:42::SCWPlatform::DSA directory D:/vivado_pj/userMap2023/userMapTop/tempdsa
TRACE::2026-06-03.23:21:42::SCWPlatform:: Platform Path D:/vivado_pj/userMap2023/userMapTop/tempdsa/userMapTop2.xsa
TRACE::2026-06-03.23:21:42::SCWPlatform:: Unique name xilinx:basys3::0.0
TRACE::2026-06-03.23:21:42::SCWPlatform::update - Opened existing hwdb userMapTop_3
TRACE::2026-06-03.23:21:42::SCWPlatform::Found the Hw Db part of the input DSA
TRACE::2026-06-03.23:21:42::SCWMssOS::Saving the mss changes D:/vivado_pj/userMap2023/userMapTop/microblaze_0/standalone_microblaze_0/bsp/system.mss
TRACE::2026-06-03.23:21:42::SCWMssOS::Found a swdesign opened with the mssfile.
TRACE::2026-06-03.23:21:42::SCWMssOS::Completed writemss as part of save.
TRACE::2026-06-03.23:21:42::SCWMssOS::Commit changes completed.
TRACE::2026-06-03.23:21:42::SCWMssOS::Completed hw sync for the mss in domain: standalone_microblaze_0
TRACE::2026-06-03.23:21:42::SCWMssOS::Removing the swdes entry for  D:/vivado_pj/userMap2023/userMapTop/microblaze_0/standalone_microblaze_0/bsp/system.mss
TRACE::2026-06-03.23:21:42::SCWPlatform::Trying to open the hw design at D:/vivado_pj/userMap2023/userMapTop/hw/userMapTop2.xsa
TRACE::2026-06-03.23:21:42::SCWPlatform::DSA given D:/vivado_pj/userMap2023/userMapTop/hw/userMapTop2.xsa
TRACE::2026-06-03.23:21:42::SCWPlatform::DSA absoulate path D:/vivado_pj/userMap2023/userMapTop/hw/userMapTop2.xsa
TRACE::2026-06-03.23:21:42::SCWPlatform::DSA directory D:/vivado_pj/userMap2023/userMapTop/hw
TRACE::2026-06-03.23:21:42::SCWPlatform:: Platform Path D:/vivado_pj/userMap2023/userMapTop/hw/userMapTop2.xsa
TRACE::2026-06-03.23:21:42::SCWPlatform:: Unique name xilinx:basys3::0.0
TRACE::2026-06-03.23:21:42::SCWPlatform::Do not have an existing db opened. 
TRACE::2026-06-03.23:21:43::SCWPlatform::Opened new HwDB with name userMapTop_4
TRACE::2026-06-03.23:21:43::SCWMssOS::Saving the mss changes D:/vivado_pj/userMap2023/userMapTop/microblaze_0/standalone_microblaze_0/bsp/system.mss
TRACE::2026-06-03.23:21:43::SCWMssOS::Adding the swdes entry, mss present, able to open swdb D:/vivado_pj/userMap2023/userMapTop/microblaze_0/standalone_microblaze_0/bsp/system.mss with des name system
TRACE::2026-06-03.23:21:43::SCWMssOS::Writing the mss file completed D:/vivado_pj/userMap2023/userMapTop/microblaze_0/standalone_microblaze_0/bsp/system.mss
TRACE::2026-06-03.23:21:43::SCWMssOS::Commit changes completed.
TRACE::2026-06-03.23:21:43::SCWPlatform::Trying to open the hw design at D:/vivado_pj/userMap2023/userMapTop/hw/userMapTop2.xsa
TRACE::2026-06-03.23:21:43::SCWPlatform::DSA given D:/vivado_pj/userMap2023/userMapTop/hw/userMapTop2.xsa
TRACE::2026-06-03.23:21:43::SCWPlatform::DSA absoulate path D:/vivado_pj/userMap2023/userMapTop/hw/userMapTop2.xsa
TRACE::2026-06-03.23:21:43::SCWPlatform::DSA directory D:/vivado_pj/userMap2023/userMapTop/hw
TRACE::2026-06-03.23:21:43::SCWPlatform:: Platform Path D:/vivado_pj/userMap2023/userMapTop/hw/userMapTop2.xsa
TRACE::2026-06-03.23:21:43::SCWPlatform:: Unique name xilinx:basys3::0.0
TRACE::2026-06-03.23:21:43::SCWPlatform::Trying to set the existing hwdb with name userMapTop_4
TRACE::2026-06-03.23:21:43::SCWPlatform::Opened existing hwdb userMapTop_4
TRACE::2026-06-03.23:21:43::SCWPlatform::Found the Hw Db part of the input DSA
TRACE::2026-06-03.23:21:43::SCWMssOS::Checking the sw design at  D:/vivado_pj/userMap2023/userMapTop/microblaze_0/standalone_microblaze_0/bsp/system.mss
TRACE::2026-06-03.23:21:43::SCWMssOS::DEBUG:  swdes dump  D:/vivado_pj/userMap2023/userMapTop/microblaze_0/standalone_microblaze_0/bsp/system.mss|system||

TRACE::2026-06-03.23:21:43::SCWMssOS::Sw design exists and opened at  D:/vivado_pj/userMap2023/userMapTop/microblaze_0/standalone_microblaze_0/bsp/system.mss
TRACE::2026-06-03.23:21:43::SCWWriter::formatted JSON is {
	"platformName":	"userMapTop",
	"sprVersion":	"2.0",
	"mode":	"gui",
	"dsaType":	"Fixed",
	"platformDesc":	"userMapTop",
	"platHandOff":	"D:/vivado_pj/userMap/userMapTop2.xsa",
	"platIntHandOff":	"<platformDir>/hw/userMapTop2.xsa",
	"deviceType":	"FPGA",
	"platIsPrebuiltAutogen":	"false",
	"platIsNoBootBsp":	"false",
	"hasFsblMakeHasChanges":	"false",
	"hasPmufwMakeHasChanges":	"false",
	"platPreBuiltFlag":	false,
	"platformSamplesDir":	"",
	"platActiveSys":	"userMapTop",
	"systems":	[{
			"systemName":	"userMapTop",
			"systemDesc":	"userMapTop",
			"sysIsBootAutoGen":	"true",
			"systemDispName":	"userMapTop",
			"sysActiveDom":	"standalone_microblaze_0",
			"sysDefaultDom":	"standalone_microblaze_0",
			"domains":	[{
					"domainName":	"standalone_microblaze_0",
					"domainDispName":	"standalone_microblaze_0",
					"domainDesc":	"standalone_microblaze_0",
					"processors":	"microblaze_0",
					"os":	"standalone",
					"sdxOs":	"standalone",
					"debugEnable":	"False",
					"domRuntimes":	["cpp"],
					"swRepo":	"",
					"mssOsVer":	"8.1",
					"mssFile":	"",
					"md5Digest":	"2387726c7969e4016a1fc62dc46e34ae1",
					"compatibleApp":	"",
					"domType":	"mssDomain",
					"arch":	"32-bit",
					"appSettings":	{
						"appCompilerFlags":	"",
						"appLinkerFlags":	""
					},
					"addedLibs":	[],
					"libOptions":	{
						"libsContainingOptions":	[]
					},
					"prebuiltLibs":	{
						"prebuiltIncPath":	[],
						"prebuiltLibPath":	[]
					},
					"isolation":	{
					}
				}]
		}]
}
LOG::2026-06-03.23:21:49::SCWPlatform::Started generating the artifacts platform userMapTop
TRACE::2026-06-03.23:21:49::SCWPlatform::Sanity checking of platform is completed
LOG::2026-06-03.23:21:49::SCWPlatform::Started generating the artifacts for system configuration userMapTop
LOG::2026-06-03.23:21:49::SCWSystem::Checking the domain standalone_microblaze_0
LOG::2026-06-03.23:21:49::SCWSystem::Not a boot domain 
LOG::2026-06-03.23:21:49::SCWSystem::Started Processing the domain standalone_microblaze_0
TRACE::2026-06-03.23:21:49::SCWDomain::Generating domain artifcats
TRACE::2026-06-03.23:21:49::SCWMssOS::Generating standalone artifcats
TRACE::2026-06-03.23:21:49::SCWMssOS:: Copying the user libraries. 
TRACE::2026-06-03.23:21:49::SCWPlatform::Trying to open the hw design at D:/vivado_pj/userMap2023/userMapTop/hw/userMapTop2.xsa
TRACE::2026-06-03.23:21:49::SCWPlatform::DSA given D:/vivado_pj/userMap2023/userMapTop/hw/userMapTop2.xsa
TRACE::2026-06-03.23:21:49::SCWPlatform::DSA absoulate path D:/vivado_pj/userMap2023/userMapTop/hw/userMapTop2.xsa
TRACE::2026-06-03.23:21:49::SCWPlatform::DSA directory D:/vivado_pj/userMap2023/userMapTop/hw
TRACE::2026-06-03.23:21:49::SCWPlatform:: Platform Path D:/vivado_pj/userMap2023/userMapTop/hw/userMapTop2.xsa
TRACE::2026-06-03.23:21:49::SCWPlatform:: Unique name xilinx:basys3::0.0
TRACE::2026-06-03.23:21:49::SCWPlatform::Trying to set the existing hwdb with name userMapTop_4
TRACE::2026-06-03.23:21:49::SCWPlatform::Opened existing hwdb userMapTop_4
TRACE::2026-06-03.23:21:49::SCWPlatform::Found the Hw Db part of the input DSA
TRACE::2026-06-03.23:21:49::SCWMssOS::Checking the sw design at  D:/vivado_pj/userMap2023/userMapTop/microblaze_0/standalone_microblaze_0/bsp/system.mss
TRACE::2026-06-03.23:21:49::SCWMssOS::DEBUG:  swdes dump  D:/vivado_pj/userMap2023/userMapTop/microblaze_0/standalone_microblaze_0/bsp/system.mss|system||

TRACE::2026-06-03.23:21:49::SCWMssOS::Sw design exists and opened at  D:/vivado_pj/userMap2023/userMapTop/microblaze_0/standalone_microblaze_0/bsp/system.mss
TRACE::2026-06-03.23:21:49::SCWMssOS::Completed writing the mss file at D:/vivado_pj/userMap2023/userMapTop/microblaze_0/standalone_microblaze_0/bsp
TRACE::2026-06-03.23:21:49::SCWMssOS::Mss edits present, copying mssfile into export location D:/vivado_pj/userMap2023/userMapTop/microblaze_0/standalone_microblaze_0/bsp/system.mss
TRACE::2026-06-03.23:21:49::SCWMssOS::bsp generated is stale removing and regenerating. 
TRACE::2026-06-03.23:21:50::SCWMssOS::doing bsp build ... 
TRACE::2026-06-03.23:21:50::SCWMssOS::System Command Ran  D: & cd  D:/vivado_pj/userMap2023/userMapTop/microblaze_0/standalone_microblaze_0/bsp & make 
TRACE::2026-06-03.23:21:51::SCWMssOS::make --no-print-directory seq_libs

TRACE::2026-06-03.23:21:51::SCWMssOS::'Finished building libraries sequentially.'

TRACE::2026-06-03.23:21:51::SCWMssOS::make -j 14 --no-print-directory par_libs

TRACE::2026-06-03.23:21:51::SCWMssOS::"Running Make include in microblaze_0/libsrc/bram_v4_8/src"

TRACE::2026-06-03.23:21:51::SCWMssOS::make -C microblaze_0/libsrc/bram_v4_8/src -s include  "SHELL=CMD" "COMPILER=mb-gcc" "ASSEMBLER=mb-as" "ARCHIVER=mb-ar" "COMPILE
TRACE::2026-06-03.23:21:51::SCWMssOS::R_FLAGS=  -O2 -c -mcpu=v11.0 -mlittle-endian -mxl-soft-mul" "EXTRA_COMPILER_FLAGS=-g -ffunction-sections -fdata-sections -Wall 
TRACE::2026-06-03.23:21:51::SCWMssOS::-Wextra -fno-tree-loop-distribute-patterns"

TRACE::2026-06-03.23:21:51::SCWMssOS::"Running Make include in microblaze_0/libsrc/cpu_v2_17/src"

TRACE::2026-06-03.23:21:51::SCWMssOS::make -C microblaze_0/libsrc/cpu_v2_17/src -s include  "SHELL=CMD" "COMPILER=mb-gcc" "ASSEMBLER=mb-as" "ARCHIVER=mb-ar" "COMPILE
TRACE::2026-06-03.23:21:51::SCWMssOS::R_FLAGS=  -O2 -c -mcpu=v11.0 -mlittle-endian -mxl-soft-mul" "EXTRA_COMPILER_FLAGS=-g -ffunction-sections -fdata-sections -Wall 
TRACE::2026-06-03.23:21:51::SCWMssOS::-Wextra -fno-tree-loop-distribute-patterns"

TRACE::2026-06-03.23:21:51::SCWMssOS::"Running Make include in microblaze_0/libsrc/gpio_v4_9/src"

TRACE::2026-06-03.23:21:51::SCWMssOS::make -C microblaze_0/libsrc/gpio_v4_9/src -s include  "SHELL=CMD" "COMPILER=mb-gcc" "ASSEMBLER=mb-as" "ARCHIVER=mb-ar" "COMPILE
TRACE::2026-06-03.23:21:51::SCWMssOS::R_FLAGS=  -O2 -c -mcpu=v11.0 -mlittle-endian -mxl-soft-mul" "EXTRA_COMPILER_FLAGS=-g -ffunction-sections -fdata-sections -Wall 
TRACE::2026-06-03.23:21:51::SCWMssOS::-Wextra -fno-tree-loop-distribute-patterns"

TRACE::2026-06-03.23:21:51::SCWMssOS::"Running Make include in microblaze_0/libsrc/intc_v3_16/src"

TRACE::2026-06-03.23:21:51::SCWMssOS::make -C microblaze_0/libsrc/intc_v3_16/src -s include  "SHELL=CMD" "COMPILER=mb-gcc" "ASSEMBLER=mb-as" "ARCHIVER=mb-ar" "COMPIL
TRACE::2026-06-03.23:21:51::SCWMssOS::ER_FLAGS=  -O2 -c -mcpu=v11.0 -mlittle-endian -mxl-soft-mul" "EXTRA_COMPILER_FLAGS=-g -ffunction-sections -fdata-sections -Wall
TRACE::2026-06-03.23:21:51::SCWMssOS:: -Wextra -fno-tree-loop-distribute-patterns"

TRACE::2026-06-03.23:21:51::SCWMssOS::"Running Make include in microblaze_0/libsrc/standalone_v8_1/src"

TRACE::2026-06-03.23:21:51::SCWMssOS::make -C microblaze_0/libsrc/standalone_v8_1/src -s include  "SHELL=CMD" "COMPILER=mb-gcc" "ASSEMBLER=mb-as" "ARCHIVER=mb-ar" "C
TRACE::2026-06-03.23:21:51::SCWMssOS::OMPILER_FLAGS=  -O2 -c -mcpu=v11.0 -mlittle-endian -mxl-soft-mul" "EXTRA_COMPILER_FLAGS=-g -ffunction-sections -fdata-sections 
TRACE::2026-06-03.23:21:51::SCWMssOS::-Wall -Wextra -fno-tree-loop-distribute-patterns"

TRACE::2026-06-03.23:21:51::SCWMssOS::"Running Make include in microblaze_0/libsrc/uartlite_v3_8/src"

TRACE::2026-06-03.23:21:51::SCWMssOS::make -C microblaze_0/libsrc/uartlite_v3_8/src -s include  "SHELL=CMD" "COMPILER=mb-gcc" "ASSEMBLER=mb-as" "ARCHIVER=mb-ar" "COM
TRACE::2026-06-03.23:21:51::SCWMssOS::PILER_FLAGS=  -O2 -c -mcpu=v11.0 -mlittle-endian -mxl-soft-mul" "EXTRA_COMPILER_FLAGS=-g -ffunction-sections -fdata-sections -W
TRACE::2026-06-03.23:21:51::SCWMssOS::all -Wextra -fno-tree-loop-distribute-patterns"

TRACE::2026-06-03.23:21:51::SCWMssOS::"Running Make libs in microblaze_0/libsrc/bram_v4_8/src"

TRACE::2026-06-03.23:21:51::SCWMssOS::make -C microblaze_0/libsrc/bram_v4_8/src -s libs  "SHELL=CMD" "COMPILER=mb-gcc" "ASSEMBLER=mb-as" "ARCHIVER=mb-ar" "COMPILER_F
TRACE::2026-06-03.23:21:51::SCWMssOS::LAGS=  -O2 -c -mcpu=v11.0 -mlittle-endian -mxl-soft-mul" "EXTRA_COMPILER_FLAGS=-g -ffunction-sections -fdata-sections -Wall -We
TRACE::2026-06-03.23:21:51::SCWMssOS::xtra -fno-tree-loop-distribute-patterns"

TRACE::2026-06-03.23:21:51::SCWMssOS::"Running Make libs in microblaze_0/libsrc/cpu_v2_17/src"

TRACE::2026-06-03.23:21:51::SCWMssOS::make -C microblaze_0/libsrc/cpu_v2_17/src -s libs  "SHELL=CMD" "COMPILER=mb-gcc" "ASSEMBLER=mb-as" "ARCHIVER=mb-ar" "COMPILER_F
TRACE::2026-06-03.23:21:51::SCWMssOS::LAGS=  -O2 -c -mcpu=v11.0 -mlittle-endian -mxl-soft-mul" "EXTRA_COMPILER_FLAGS=-g -ffunction-sections -fdata-sections -Wall -We
TRACE::2026-06-03.23:21:51::SCWMssOS::xtra -fno-tree-loop-distribute-patterns"

TRACE::2026-06-03.23:21:51::SCWMssOS::"Running Make libs in microblaze_0/libsrc/gpio_v4_9/src"

TRACE::2026-06-03.23:21:51::SCWMssOS::make -C microblaze_0/libsrc/gpio_v4_9/src -s libs  "SHELL=CMD" "COMPILER=mb-gcc" "ASSEMBLER=mb-as" "ARCHIVER=mb-ar" "COMPILER_F
TRACE::2026-06-03.23:21:51::SCWMssOS::LAGS=  -O2 -c -mcpu=v11.0 -mlittle-endian -mxl-soft-mul" "EXTRA_COMPILER_FLAGS=-g -ffunction-sections -fdata-sections -Wall -We
TRACE::2026-06-03.23:21:51::SCWMssOS::xtra -fno-tree-loop-distribute-patterns"

TRACE::2026-06-03.23:21:51::SCWMssOS::"Running Make libs in microblaze_0/libsrc/intc_v3_16/src"

TRACE::2026-06-03.23:21:51::SCWMssOS::make -C microblaze_0/libsrc/intc_v3_16/src -s libs  "SHELL=CMD" "COMPILER=mb-gcc" "ASSEMBLER=mb-as" "ARCHIVER=mb-ar" "COMPILER_
TRACE::2026-06-03.23:21:51::SCWMssOS::FLAGS=  -O2 -c -mcpu=v11.0 -mlittle-endian -mxl-soft-mul" "EXTRA_COMPILER_FLAGS=-g -ffunction-sections -fdata-sections -Wall -W
TRACE::2026-06-03.23:21:51::SCWMssOS::extra -fno-tree-loop-distribute-patterns"

TRACE::2026-06-03.23:21:51::SCWMssOS::"Running Make libs in microblaze_0/libsrc/standalone_v8_1/src"

TRACE::2026-06-03.23:21:51::SCWMssOS::make -C microblaze_0/libsrc/standalone_v8_1/src -s libs  "SHELL=CMD" "COMPILER=mb-gcc" "ASSEMBLER=mb-as" "ARCHIVER=mb-ar" "COMP
TRACE::2026-06-03.23:21:51::SCWMssOS::ILER_FLAGS=  -O2 -c -mcpu=v11.0 -mlittle-endian -mxl-soft-mul" "EXTRA_COMPILER_FLAGS=-g -ffunction-sections -fdata-sections -Wa
TRACE::2026-06-03.23:21:51::SCWMssOS::ll -Wextra -fno-tree-loop-distribute-patterns"

TRACE::2026-06-03.23:21:51::SCWMssOS::"Running Make libs in microblaze_0/libsrc/uartlite_v3_8/src"

TRACE::2026-06-03.23:21:51::SCWMssOS::make -C microblaze_0/libsrc/uartlite_v3_8/src -s libs  "SHELL=CMD" "COMPILER=mb-gcc" "ASSEMBLER=mb-as" "ARCHIVER=mb-ar" "COMPIL
TRACE::2026-06-03.23:21:51::SCWMssOS::ER_FLAGS=  -O2 -c -mcpu=v11.0 -mlittle-endian -mxl-soft-mul" "EXTRA_COMPILER_FLAGS=-g -ffunction-sections -fdata-sections -Wall
TRACE::2026-06-03.23:21:51::SCWMssOS:: -Wextra -fno-tree-loop-distribute-patterns"

TRACE::2026-06-03.23:21:52::SCWMssOS::"DEBUG NON_LTO_OBJECTS is ../../../lib/microblaze_interrupt_handler.o"

TRACE::2026-06-03.23:21:52::SCWMssOS::'Finished building libraries parallelly.'

TRACE::2026-06-03.23:21:52::SCWMssOS::make --no-print-directory archive

TRACE::2026-06-03.23:21:52::SCWMssOS::mb-ar -r  microblaze_0/lib/libxil.a microblaze_0/lib/_exit.o microblaze_0/lib/errno.o microblaze_0/lib/fcntl.o microblaze_0/lib
TRACE::2026-06-03.23:21:52::SCWMssOS::/hw_exception_handler.o microblaze_0/lib/inbyte.o microblaze_0/lib/microblaze_disable_dcache.o microblaze_0/lib/microblaze_disa
TRACE::2026-06-03.23:21:52::SCWMssOS::ble_exceptions.o microblaze_0/lib/microblaze_disable_icache.o microblaze_0/lib/microblaze_disable_interrupts.o microblaze_0/lib
TRACE::2026-06-03.23:21:52::SCWMssOS::/microblaze_enable_dcache.o microblaze_0/lib/microblaze_enable_exceptions.o microblaze_0/lib/microblaze_enable_icache.o microbl
TRACE::2026-06-03.23:21:52::SCWMssOS::aze_0/lib/microblaze_enable_interrupts.o microblaze_0/lib/microblaze_exception_handler.o microblaze_0/lib/microblaze_flush_cach
TRACE::2026-06-03.23:21:52::SCWMssOS::e_ext.o microblaze_0/lib/microblaze_flush_cache_ext_range.o microblaze_0/lib/microblaze_flush_dcache.o microblaze_0/lib/microbl
TRACE::2026-06-03.23:21:52::SCWMssOS::aze_flush_dcache_range.o microblaze_0/lib/microblaze_init_dcache_range.o microblaze_0/lib/microblaze_init_icache_range.o microb
TRACE::2026-06-03.23:21:52::SCWMssOS::laze_0/lib/microblaze_interrupt_handler.o microblaze_0/lib/microblaze_interrupts_g.o microblaze_0/lib/microblaze_invalidate_cac
TRACE::2026-06-03.23:21:52::SCWMssOS::he_ext.o microblaze_0/lib/microblaze_invalidate_cache_ext_range.o microblaze_0/lib/microblaze_invalidate_dcache.o microblaze_0/
TRACE::2026-06-03.23:21:52::SCWMssOS::lib/microblaze_invalidate_dcache_range.o microblaze_0/lib/microblaze_invalidate_icache.o microblaze_0/lib/microblaze_invalidate
TRACE::2026-06-03.23:21:52::SCWMssOS::_icache_range.o microblaze_0/lib/microblaze_scrub.o microblaze_0/lib/microblaze_selftest.o microblaze_0/lib/microblaze_sleep.o 
TRACE::2026-06-03.23:21:52::SCWMssOS::microblaze_0/lib/microblaze_update_dcache.o microblaze_0/lib/microblaze_update_icache.o microblaze_0/lib/outbyte.o microblaze_0
TRACE::2026-06-03.23:21:52::SCWMssOS::/lib/print.o microblaze_0/lib/pvr.o microblaze_0/lib/xbram.o microblaze_0/lib/xbram_g.o microblaze_0/lib/xbram_intr.o microblaz
TRACE::2026-06-03.23:21:52::SCWMssOS::e_0/lib/xbram_selftest.o microblaze_0/lib/xbram_sinit.o microblaze_0/lib/xgpio.o microblaze_0/lib/xgpio_extra.o microblaze_0/li
TRACE::2026-06-03.23:21:52::SCWMssOS::b/xgpio_g.o microblaze_0/lib/xgpio_intr.o microblaze_0/lib/xgpio_selftest.o microblaze_0/lib/xgpio_sinit.o microblaze_0/lib/xil
TRACE::2026-06-03.23:21:52::SCWMssOS::_assert.o microblaze_0/lib/xil_cache.o microblaze_0/lib/xil_clocking.o microblaze_0/lib/xil_exception.o microblaze_0/lib/xil_me
TRACE::2026-06-03.23:21:52::SCWMssOS::m.o microblaze_0/lib/xil_misc_psreset_api.o microblaze_0/lib/xil_printf.o microblaze_0/lib/xil_sleepcommon.o microblaze_0/lib/x
TRACE::2026-06-03.23:21:52::SCWMssOS::il_testcache.o microblaze_0/lib/xil_testio.o microblaze_0/lib/xil_testmem.o microblaze_0/lib/xil_util.o microblaze_0/lib/xintc.
TRACE::2026-06-03.23:21:52::SCWMssOS::o microblaze_0/lib/xintc_g.o microblaze_0/lib/xintc_intr.o microblaze_0/lib/xintc_l.o microblaze_0/lib/xintc_options.o microbla
TRACE::2026-06-03.23:21:52::SCWMssOS::ze_0/lib/xintc_selftest.o microblaze_0/lib/xinterrupt_wrap.o microblaze_0/lib/xio.o microblaze_0/lib/xplatform_info.o microblaz
TRACE::2026-06-03.23:21:52::SCWMssOS::e_0/lib/xuartlite.o microblaze_0/lib/xuartlite_g.o microblaze_0/lib/xuartlite_intr.o microblaze_0/lib/xuartlite_l.o microblaze_
TRACE::2026-06-03.23:21:52::SCWMssOS::0/lib/xuartlite_selftest.o microblaze_0/lib/xuartlite_sinit.o microblaze_0/lib/xuartlite_stats.o

TRACE::2026-06-03.23:21:52::SCWMssOS::'Finished building libraries'

TRACE::2026-06-03.23:21:53::SCWMssOS:: Checking if to create the Supporting Applications
TRACE::2026-06-03.23:21:53::SCWMssOS:: No Linux domain exists, trying to generate FSBL 
LOG::2026-06-03.23:21:53::SCWSystem::Completed Processing the domain standalone_microblaze_0
LOG::2026-06-03.23:21:53::SCWSystem::Completed Processing the sysconfig userMapTop
LOG::2026-06-03.23:21:53::SCWPlatform::Completed generating the artifacts for system configuration userMapTop
TRACE::2026-06-03.23:21:53::SCWPlatform::Started preparing the platform 
TRACE::2026-06-03.23:21:53::SCWSystem::Writing the bif file for system config userMapTop
TRACE::2026-06-03.23:21:53::SCWSystem::dir created 
TRACE::2026-06-03.23:21:53::SCWSystem::Writing the bif 
TRACE::2026-06-03.23:21:53::SCWPlatform::Started writing the spfm file 
TRACE::2026-06-03.23:21:53::SCWPlatform::Started writing the xpfm file 
TRACE::2026-06-03.23:21:53::SCWPlatform::Completed generating the platform
TRACE::2026-06-03.23:21:53::SCWMssOS::Saving the mss changes D:/vivado_pj/userMap2023/userMapTop/microblaze_0/standalone_microblaze_0/bsp/system.mss
TRACE::2026-06-03.23:21:53::SCWMssOS::Adding the swdes entry, mss present, able to open swdb D:/vivado_pj/userMap2023/userMapTop/microblaze_0/standalone_microblaze_0/bsp/system.mss with des name system
TRACE::2026-06-03.23:21:53::SCWMssOS::Writing the mss file completed D:/vivado_pj/userMap2023/userMapTop/microblaze_0/standalone_microblaze_0/bsp/system.mss
TRACE::2026-06-03.23:21:53::SCWMssOS::Commit changes completed.
TRACE::2026-06-03.23:21:53::SCWPlatform::Trying to open the hw design at D:/vivado_pj/userMap2023/userMapTop/hw/userMapTop2.xsa
TRACE::2026-06-03.23:21:53::SCWPlatform::DSA given D:/vivado_pj/userMap2023/userMapTop/hw/userMapTop2.xsa
TRACE::2026-06-03.23:21:53::SCWPlatform::DSA absoulate path D:/vivado_pj/userMap2023/userMapTop/hw/userMapTop2.xsa
TRACE::2026-06-03.23:21:53::SCWPlatform::DSA directory D:/vivado_pj/userMap2023/userMapTop/hw
TRACE::2026-06-03.23:21:53::SCWPlatform:: Platform Path D:/vivado_pj/userMap2023/userMapTop/hw/userMapTop2.xsa
TRACE::2026-06-03.23:21:53::SCWPlatform:: Unique name xilinx:basys3::0.0
TRACE::2026-06-03.23:21:53::SCWPlatform::Trying to set the existing hwdb with name userMapTop_4
TRACE::2026-06-03.23:21:53::SCWPlatform::Opened existing hwdb userMapTop_4
TRACE::2026-06-03.23:21:53::SCWPlatform::Found the Hw Db part of the input DSA
TRACE::2026-06-03.23:21:53::SCWMssOS::Checking the sw design at  D:/vivado_pj/userMap2023/userMapTop/microblaze_0/standalone_microblaze_0/bsp/system.mss
TRACE::2026-06-03.23:21:53::SCWMssOS::DEBUG:  swdes dump  D:/vivado_pj/userMap2023/userMapTop/microblaze_0/standalone_microblaze_0/bsp/system.mss|system||

TRACE::2026-06-03.23:21:53::SCWMssOS::Sw design exists and opened at  D:/vivado_pj/userMap2023/userMapTop/microblaze_0/standalone_microblaze_0/bsp/system.mss
TRACE::2026-06-03.23:21:53::SCWWriter::formatted JSON is {
	"platformName":	"userMapTop",
	"sprVersion":	"2.0",
	"mode":	"gui",
	"dsaType":	"Fixed",
	"platformDesc":	"userMapTop",
	"platHandOff":	"D:/vivado_pj/userMap/userMapTop2.xsa",
	"platIntHandOff":	"<platformDir>/hw/userMapTop2.xsa",
	"deviceType":	"FPGA",
	"platIsPrebuiltAutogen":	"false",
	"platIsNoBootBsp":	"false",
	"hasFsblMakeHasChanges":	"false",
	"hasPmufwMakeHasChanges":	"false",
	"platPreBuiltFlag":	false,
	"platformSamplesDir":	"",
	"platActiveSys":	"userMapTop",
	"systems":	[{
			"systemName":	"userMapTop",
			"systemDesc":	"userMapTop",
			"sysIsBootAutoGen":	"true",
			"systemDispName":	"userMapTop",
			"sysActiveDom":	"standalone_microblaze_0",
			"sysDefaultDom":	"standalone_microblaze_0",
			"domains":	[{
					"domainName":	"standalone_microblaze_0",
					"domainDispName":	"standalone_microblaze_0",
					"domainDesc":	"standalone_microblaze_0",
					"processors":	"microblaze_0",
					"os":	"standalone",
					"sdxOs":	"standalone",
					"debugEnable":	"False",
					"domRuntimes":	["cpp"],
					"swRepo":	"",
					"mssOsVer":	"8.1",
					"mssFile":	"",
					"md5Digest":	"2387726c7969e4016a1fc62dc46e34ae",
					"compatibleApp":	"",
					"domType":	"mssDomain",
					"arch":	"32-bit",
					"appSettings":	{
						"appCompilerFlags":	"",
						"appLinkerFlags":	""
					},
					"addedLibs":	[],
					"libOptions":	{
						"libsContainingOptions":	[]
					},
					"prebuiltLibs":	{
						"prebuiltIncPath":	[],
						"prebuiltLibPath":	[]
					},
					"isolation":	{
					}
				}]
		}]
}
KEYINFO::2026-06-03.23:21:53::SCWPlatform::updated the xpfm file.
TRACE::2026-06-03.23:21:54::SCWPlatform::Trying to open the hw design at D:/vivado_pj/userMap2023/userMapTop/hw/userMapTop2.xsa
TRACE::2026-06-03.23:21:54::SCWPlatform::DSA given D:/vivado_pj/userMap2023/userMapTop/hw/userMapTop2.xsa
TRACE::2026-06-03.23:21:54::SCWPlatform::DSA absoulate path D:/vivado_pj/userMap2023/userMapTop/hw/userMapTop2.xsa
TRACE::2026-06-03.23:21:54::SCWPlatform::DSA directory D:/vivado_pj/userMap2023/userMapTop/hw
TRACE::2026-06-03.23:21:54::SCWPlatform:: Platform Path D:/vivado_pj/userMap2023/userMapTop/hw/userMapTop2.xsa
TRACE::2026-06-03.23:21:54::SCWPlatform:: Unique name xilinx:basys3::0.0
TRACE::2026-06-03.23:21:54::SCWPlatform::Trying to set the existing hwdb with name userMapTop_4
TRACE::2026-06-03.23:21:54::SCWPlatform::Opened existing hwdb userMapTop_4
TRACE::2026-06-03.23:21:54::SCWPlatform::Found the Hw Db part of the input DSA
TRACE::2026-06-03.23:21:54::SCWMssOS::Checking the sw design at  D:/vivado_pj/userMap2023/userMapTop/microblaze_0/standalone_microblaze_0/bsp/system.mss
TRACE::2026-06-03.23:21:54::SCWMssOS::DEBUG:  swdes dump  D:/vivado_pj/userMap2023/userMapTop/microblaze_0/standalone_microblaze_0/bsp/system.mss|system||

TRACE::2026-06-03.23:21:54::SCWMssOS::Sw design exists and opened at  D:/vivado_pj/userMap2023/userMapTop/microblaze_0/standalone_microblaze_0/bsp/system.mss
TRACE::2026-06-03.23:33:20::SCWPlatform::Clearing the existing platform
TRACE::2026-06-03.23:33:20::SCWSystem::Clearing the existing sysconfig
TRACE::2026-06-03.23:33:20::SCWMssOS::Removing the swdes entry for  D:/vivado_pj/userMap2023/userMapTop/microblaze_0/standalone_microblaze_0/bsp/system.mss
TRACE::2026-06-03.23:33:20::SCWSystem::Clearing the domains completed.
TRACE::2026-06-03.23:33:20::SCWPlatform::Clearing the opened hw db.
TRACE::2026-06-03.23:33:20::SCWPlatform::DSA given D:/vivado_pj/userMap2023/userMapTop/hw/userMapTop2.xsa
TRACE::2026-06-03.23:33:20::SCWPlatform::DSA absoulate path D:/vivado_pj/userMap2023/userMapTop/hw/userMapTop2.xsa
TRACE::2026-06-03.23:33:20::SCWPlatform:: Platform location is D:/vivado_pj/userMap2023/userMapTop/hw
TRACE::2026-06-03.23:33:20::SCWPlatform:: Platform Path D:/vivado_pj/userMap2023/userMapTop/hw/userMapTop2.xsa
TRACE::2026-06-03.23:33:20::SCWPlatform:: Unique name xilinx:basys3::0.0
TRACE::2026-06-03.23:33:20::SCWPlatform::Removing the HwDB with name D:/vivado_pj/userMap2023/userMapTop/hw/userMapTop2.xsa
TRACE::2026-06-03.23:33:20::SCWPlatform::Trying to open the hw design at D:/vivado_pj/userMap2023/userMapTop/hw/userMapTop2.xsa
TRACE::2026-06-03.23:33:20::SCWPlatform::DSA given D:/vivado_pj/userMap2023/userMapTop/hw/userMapTop2.xsa
TRACE::2026-06-03.23:33:20::SCWPlatform::DSA absoulate path D:/vivado_pj/userMap2023/userMapTop/hw/userMapTop2.xsa
TRACE::2026-06-03.23:33:20::SCWPlatform::DSA directory D:/vivado_pj/userMap2023/userMapTop/hw
TRACE::2026-06-03.23:33:20::SCWPlatform:: Platform Path D:/vivado_pj/userMap2023/userMapTop/hw/userMapTop2.xsa
TRACE::2026-06-03.23:33:20::SCWPlatform:: Unique name xilinx:basys3::0.0
TRACE::2026-06-03.23:33:20::SCWPlatform::Do not have an existing db opened. 
TRACE::2026-06-03.23:33:20::SCWPlatform::Opened new HwDB with name userMapTop_6
TRACE::2026-06-03.23:33:20::SCWReader::Active system found as  userMapTop
TRACE::2026-06-03.23:33:20::SCWReader::Handling sysconfig userMapTop
TRACE::2026-06-03.23:33:20::SCWDomain::checking for install qemu data   : 
TRACE::2026-06-03.23:33:20::SCWPlatform::Trying to open the hw design at D:/vivado_pj/userMap2023/userMapTop/hw/userMapTop2.xsa
TRACE::2026-06-03.23:33:20::SCWPlatform::DSA given D:/vivado_pj/userMap2023/userMapTop/hw/userMapTop2.xsa
TRACE::2026-06-03.23:33:20::SCWPlatform::DSA absoulate path D:/vivado_pj/userMap2023/userMapTop/hw/userMapTop2.xsa
TRACE::2026-06-03.23:33:20::SCWPlatform::DSA directory D:/vivado_pj/userMap2023/userMapTop/hw
TRACE::2026-06-03.23:33:20::SCWPlatform:: Platform Path D:/vivado_pj/userMap2023/userMapTop/hw/userMapTop2.xsa
TRACE::2026-06-03.23:33:20::SCWPlatform:: Unique name xilinx:basys3::0.0
TRACE::2026-06-03.23:33:20::SCWPlatform::Trying to set the existing hwdb with name userMapTop_6
TRACE::2026-06-03.23:33:20::SCWPlatform::Opened existing hwdb userMapTop_6
TRACE::2026-06-03.23:33:20::SCWPlatform::Found the Hw Db part of the input DSA
TRACE::2026-06-03.23:33:20::SCWPlatform::Trying to open the hw design at D:/vivado_pj/userMap2023/userMapTop/hw/userMapTop2.xsa
TRACE::2026-06-03.23:33:20::SCWPlatform::DSA given D:/vivado_pj/userMap2023/userMapTop/hw/userMapTop2.xsa
TRACE::2026-06-03.23:33:20::SCWPlatform::DSA absoulate path D:/vivado_pj/userMap2023/userMapTop/hw/userMapTop2.xsa
TRACE::2026-06-03.23:33:20::SCWPlatform::DSA directory D:/vivado_pj/userMap2023/userMapTop/hw
TRACE::2026-06-03.23:33:20::SCWPlatform:: Platform Path D:/vivado_pj/userMap2023/userMapTop/hw/userMapTop2.xsa
TRACE::2026-06-03.23:33:20::SCWPlatform:: Unique name xilinx:basys3::0.0
TRACE::2026-06-03.23:33:20::SCWPlatform::Trying to set the existing hwdb with name userMapTop_6
TRACE::2026-06-03.23:33:20::SCWPlatform::Opened existing hwdb userMapTop_6
TRACE::2026-06-03.23:33:20::SCWPlatform::Found the Hw Db part of the input DSA
TRACE::2026-06-03.23:33:20::SCWPlatform::Trying to open the hw design at D:/vivado_pj/userMap2023/userMapTop/hw/userMapTop2.xsa
TRACE::2026-06-03.23:33:20::SCWPlatform::DSA given D:/vivado_pj/userMap2023/userMapTop/hw/userMapTop2.xsa
TRACE::2026-06-03.23:33:20::SCWPlatform::DSA absoulate path D:/vivado_pj/userMap2023/userMapTop/hw/userMapTop2.xsa
TRACE::2026-06-03.23:33:20::SCWPlatform::DSA directory D:/vivado_pj/userMap2023/userMapTop/hw
TRACE::2026-06-03.23:33:20::SCWPlatform:: Platform Path D:/vivado_pj/userMap2023/userMapTop/hw/userMapTop2.xsa
TRACE::2026-06-03.23:33:20::SCWPlatform:: Unique name xilinx:basys3::0.0
TRACE::2026-06-03.23:33:20::SCWPlatform::Trying to set the existing hwdb with name userMapTop_6
TRACE::2026-06-03.23:33:20::SCWPlatform::Opened existing hwdb userMapTop_6
TRACE::2026-06-03.23:33:20::SCWPlatform::Found the Hw Db part of the input DSA
TRACE::2026-06-03.23:33:20::SCWPlatform::Trying to open the hw design at D:/vivado_pj/userMap2023/userMapTop/hw/userMapTop2.xsa
TRACE::2026-06-03.23:33:20::SCWPlatform::DSA given D:/vivado_pj/userMap2023/userMapTop/hw/userMapTop2.xsa
TRACE::2026-06-03.23:33:20::SCWPlatform::DSA absoulate path D:/vivado_pj/userMap2023/userMapTop/hw/userMapTop2.xsa
TRACE::2026-06-03.23:33:20::SCWPlatform::DSA directory D:/vivado_pj/userMap2023/userMapTop/hw
TRACE::2026-06-03.23:33:20::SCWPlatform:: Platform Path D:/vivado_pj/userMap2023/userMapTop/hw/userMapTop2.xsa
TRACE::2026-06-03.23:33:20::SCWPlatform:: Unique name xilinx:basys3::0.0
TRACE::2026-06-03.23:33:20::SCWPlatform::Trying to set the existing hwdb with name userMapTop_6
TRACE::2026-06-03.23:33:20::SCWPlatform::Opened existing hwdb userMapTop_6
TRACE::2026-06-03.23:33:20::SCWPlatform::Found the Hw Db part of the input DSA
TRACE::2026-06-03.23:33:20::SCWMssOS::Checking the sw design at  D:/vivado_pj/userMap2023/userMapTop/microblaze_0/standalone_microblaze_0/bsp/system.mss
TRACE::2026-06-03.23:33:20::SCWMssOS::DEBUG:  swdes dump  
TRACE::2026-06-03.23:33:20::SCWMssOS::No sw design opened at  D:/vivado_pj/userMap2023/userMapTop/microblaze_0/standalone_microblaze_0/bsp/system.mss
TRACE::2026-06-03.23:33:20::SCWMssOS::mss exists loading the mss file  D:/vivado_pj/userMap2023/userMapTop/microblaze_0/standalone_microblaze_0/bsp/system.mss
TRACE::2026-06-03.23:33:20::SCWMssOS::Opened the sw design from mss  D:/vivado_pj/userMap2023/userMapTop/microblaze_0/standalone_microblaze_0/bsp/system.mss
TRACE::2026-06-03.23:33:20::SCWMssOS::Adding the swdes entry D:/vivado_pj/userMap2023/userMapTop/microblaze_0/standalone_microblaze_0/bsp/system.mss with des name system
TRACE::2026-06-03.23:33:20::SCWMssOS::updating the scw layer about changes
TRACE::2026-06-03.23:33:20::SCWMssOS::Opened the sw design.  D:/vivado_pj/userMap2023/userMapTop/microblaze_0/standalone_microblaze_0/bsp/system.mss
TRACE::2026-06-03.23:33:20::SCWMssOS::Saving the mss changes D:/vivado_pj/userMap2023/userMapTop/microblaze_0/standalone_microblaze_0/bsp/system.mss
TRACE::2026-06-03.23:33:20::SCWMssOS::Found a swdesign opened with the mssfile.
TRACE::2026-06-03.23:33:20::SCWMssOS::Completed writemss as part of save.
TRACE::2026-06-03.23:33:20::SCWMssOS::Commit changes completed.
TRACE::2026-06-03.23:33:20::SCWReader::Adding prebuilt librarypaths as   
TRACE::2026-06-03.23:33:20::SCWReader::Adding prebuilt incpaths  as   
TRACE::2026-06-03.23:33:20::SCWPlatform::Trying to open the hw design at D:/vivado_pj/userMap2023/userMapTop/hw/userMapTop2.xsa
TRACE::2026-06-03.23:33:20::SCWPlatform::DSA given D:/vivado_pj/userMap2023/userMapTop/hw/userMapTop2.xsa
TRACE::2026-06-03.23:33:20::SCWPlatform::DSA absoulate path D:/vivado_pj/userMap2023/userMapTop/hw/userMapTop2.xsa
TRACE::2026-06-03.23:33:20::SCWPlatform::DSA directory D:/vivado_pj/userMap2023/userMapTop/hw
TRACE::2026-06-03.23:33:20::SCWPlatform:: Platform Path D:/vivado_pj/userMap2023/userMapTop/hw/userMapTop2.xsa
TRACE::2026-06-03.23:33:20::SCWPlatform:: Unique name xilinx:basys3::0.0
TRACE::2026-06-03.23:33:20::SCWPlatform::Trying to set the existing hwdb with name userMapTop_6
TRACE::2026-06-03.23:33:20::SCWPlatform::Opened existing hwdb userMapTop_6
TRACE::2026-06-03.23:33:20::SCWPlatform::Found the Hw Db part of the input DSA
TRACE::2026-06-03.23:33:20::SCWMssOS::Checking the sw design at  D:/vivado_pj/userMap2023/userMapTop/microblaze_0/standalone_microblaze_0/bsp/system.mss
TRACE::2026-06-03.23:33:20::SCWMssOS::DEBUG:  swdes dump  D:/vivado_pj/userMap2023/userMapTop/microblaze_0/standalone_microblaze_0/bsp/system.mss|system||

TRACE::2026-06-03.23:33:20::SCWMssOS::Sw design exists and opened at  D:/vivado_pj/userMap2023/userMapTop/microblaze_0/standalone_microblaze_0/bsp/system.mss
TRACE::2026-06-03.23:33:20::SCWReader::No isolation master present  
TRACE::2026-06-03.23:33:23::SCWPlatform::DSA given D:/vivado_pj/userMap2023/userMapTop/tempdsa/userMapTop2.xsa
TRACE::2026-06-03.23:33:23::SCWPlatform::DSA absoulate path D:/vivado_pj/userMap2023/userMapTop/tempdsa/userMapTop2.xsa
TRACE::2026-06-03.23:33:23::SCWPlatform:: Platform location is D:/vivado_pj/userMap2023/userMapTop/tempdsa
TRACE::2026-06-03.23:33:23::SCWPlatform:: Platform Path D:/vivado_pj/userMap2023/userMapTop/tempdsa/userMapTop2.xsa
TRACE::2026-06-03.23:33:23::SCWPlatform:: Unique name xilinx:basys3::0.0
TRACE::2026-06-03.23:33:23::SCWPlatform::Found the Hw Db part of the input DSA
TRACE::2026-06-03.23:33:23::SCWMssOS::Doing hw sync for the mss in domain: standalone_microblaze_0
TRACE::2026-06-03.23:33:23::SCWPlatform::Trying to open the hw design at D:/vivado_pj/userMap2023/userMapTop/hw/userMapTop2.xsa
TRACE::2026-06-03.23:33:23::SCWPlatform::DSA given D:/vivado_pj/userMap2023/userMapTop/hw/userMapTop2.xsa
TRACE::2026-06-03.23:33:23::SCWPlatform::DSA absoulate path D:/vivado_pj/userMap2023/userMapTop/hw/userMapTop2.xsa
TRACE::2026-06-03.23:33:23::SCWPlatform::DSA directory D:/vivado_pj/userMap2023/userMapTop/hw
TRACE::2026-06-03.23:33:23::SCWPlatform:: Platform Path D:/vivado_pj/userMap2023/userMapTop/hw/userMapTop2.xsa
TRACE::2026-06-03.23:33:23::SCWPlatform:: Unique name xilinx:basys3::0.0
TRACE::2026-06-03.23:33:23::SCWPlatform::Trying to set the existing hwdb with name userMapTop_6
TRACE::2026-06-03.23:33:23::SCWPlatform::Opened existing hwdb userMapTop_6
TRACE::2026-06-03.23:33:23::SCWPlatform::Found the Hw Db part of the input DSA
TRACE::2026-06-03.23:33:23::SCWPlatform::Trying to open the hw design at D:/vivado_pj/userMap2023/userMapTop/hw/userMapTop2.xsa
TRACE::2026-06-03.23:33:23::SCWPlatform::DSA given D:/vivado_pj/userMap2023/userMapTop/hw/userMapTop2.xsa
TRACE::2026-06-03.23:33:23::SCWPlatform::DSA absoulate path D:/vivado_pj/userMap2023/userMapTop/hw/userMapTop2.xsa
TRACE::2026-06-03.23:33:23::SCWPlatform::DSA directory D:/vivado_pj/userMap2023/userMapTop/hw
TRACE::2026-06-03.23:33:23::SCWPlatform:: Platform Path D:/vivado_pj/userMap2023/userMapTop/hw/userMapTop2.xsa
TRACE::2026-06-03.23:33:23::SCWPlatform:: Unique name xilinx:basys3::0.0
TRACE::2026-06-03.23:33:23::SCWPlatform::Trying to set the existing hwdb with name userMapTop_6
TRACE::2026-06-03.23:33:23::SCWPlatform::Opened existing hwdb userMapTop_6
TRACE::2026-06-03.23:33:23::SCWPlatform::Found the Hw Db part of the input DSA
TRACE::2026-06-03.23:33:23::SCWMssOS::Checking the sw design at  D:/vivado_pj/userMap2023/userMapTop/microblaze_0/standalone_microblaze_0/bsp/system.mss
TRACE::2026-06-03.23:33:23::SCWMssOS::DEBUG:  swdes dump  D:/vivado_pj/userMap2023/userMapTop/microblaze_0/standalone_microblaze_0/bsp/system.mss|system||

TRACE::2026-06-03.23:33:23::SCWMssOS::Sw design exists and opened at  D:/vivado_pj/userMap2023/userMapTop/microblaze_0/standalone_microblaze_0/bsp/system.mss
TRACE::2026-06-03.23:33:23::SCWPlatform::Trying to open the hw design at D:/vivado_pj/userMap2023/userMapTop/tempdsa/userMapTop2.xsa
TRACE::2026-06-03.23:33:23::SCWPlatform::DSA given D:/vivado_pj/userMap2023/userMapTop/tempdsa/userMapTop2.xsa
TRACE::2026-06-03.23:33:23::SCWPlatform::DSA absoulate path D:/vivado_pj/userMap2023/userMapTop/tempdsa/userMapTop2.xsa
TRACE::2026-06-03.23:33:23::SCWPlatform::DSA directory D:/vivado_pj/userMap2023/userMapTop/tempdsa
TRACE::2026-06-03.23:33:23::SCWPlatform:: Platform Path D:/vivado_pj/userMap2023/userMapTop/tempdsa/userMapTop2.xsa
TRACE::2026-06-03.23:33:23::SCWPlatform:: Unique name xilinx:basys3::0.0
TRACE::2026-06-03.23:33:23::SCWPlatform::update - Opened existing hwdb userMapTop_7
TRACE::2026-06-03.23:33:23::SCWPlatform::Found the Hw Db part of the input DSA
TRACE::2026-06-03.23:33:23::SCWMssOS::Saving the mss changes D:/vivado_pj/userMap2023/userMapTop/microblaze_0/standalone_microblaze_0/bsp/system.mss
TRACE::2026-06-03.23:33:23::SCWMssOS::Found a swdesign opened with the mssfile.
TRACE::2026-06-03.23:33:23::SCWMssOS::Completed writemss as part of save.
TRACE::2026-06-03.23:33:23::SCWMssOS::Commit changes completed.
TRACE::2026-06-03.23:33:23::SCWMssOS::Completed hw sync for the mss in domain: standalone_microblaze_0
TRACE::2026-06-03.23:33:23::SCWMssOS::Removing the swdes entry for  D:/vivado_pj/userMap2023/userMapTop/microblaze_0/standalone_microblaze_0/bsp/system.mss
TRACE::2026-06-03.23:33:23::SCWPlatform::Trying to open the hw design at D:/vivado_pj/userMap2023/userMapTop/hw/userMapTop2.xsa
TRACE::2026-06-03.23:33:23::SCWPlatform::DSA given D:/vivado_pj/userMap2023/userMapTop/hw/userMapTop2.xsa
TRACE::2026-06-03.23:33:23::SCWPlatform::DSA absoulate path D:/vivado_pj/userMap2023/userMapTop/hw/userMapTop2.xsa
TRACE::2026-06-03.23:33:23::SCWPlatform::DSA directory D:/vivado_pj/userMap2023/userMapTop/hw
TRACE::2026-06-03.23:33:23::SCWPlatform:: Platform Path D:/vivado_pj/userMap2023/userMapTop/hw/userMapTop2.xsa
TRACE::2026-06-03.23:33:23::SCWPlatform:: Unique name xilinx:basys3::0.0
TRACE::2026-06-03.23:33:23::SCWPlatform::Do not have an existing db opened. 
TRACE::2026-06-03.23:33:23::SCWPlatform::Opened new HwDB with name userMapTop_8
TRACE::2026-06-03.23:33:23::SCWMssOS::Saving the mss changes D:/vivado_pj/userMap2023/userMapTop/microblaze_0/standalone_microblaze_0/bsp/system.mss
TRACE::2026-06-03.23:33:23::SCWMssOS::Adding the swdes entry, mss present, able to open swdb D:/vivado_pj/userMap2023/userMapTop/microblaze_0/standalone_microblaze_0/bsp/system.mss with des name system
TRACE::2026-06-03.23:33:23::SCWMssOS::Writing the mss file completed D:/vivado_pj/userMap2023/userMapTop/microblaze_0/standalone_microblaze_0/bsp/system.mss
TRACE::2026-06-03.23:33:23::SCWMssOS::Commit changes completed.
TRACE::2026-06-03.23:33:23::SCWPlatform::Trying to open the hw design at D:/vivado_pj/userMap2023/userMapTop/hw/userMapTop2.xsa
TRACE::2026-06-03.23:33:23::SCWPlatform::DSA given D:/vivado_pj/userMap2023/userMapTop/hw/userMapTop2.xsa
TRACE::2026-06-03.23:33:23::SCWPlatform::DSA absoulate path D:/vivado_pj/userMap2023/userMapTop/hw/userMapTop2.xsa
TRACE::2026-06-03.23:33:23::SCWPlatform::DSA directory D:/vivado_pj/userMap2023/userMapTop/hw
TRACE::2026-06-03.23:33:23::SCWPlatform:: Platform Path D:/vivado_pj/userMap2023/userMapTop/hw/userMapTop2.xsa
TRACE::2026-06-03.23:33:23::SCWPlatform:: Unique name xilinx:basys3::0.0
TRACE::2026-06-03.23:33:23::SCWPlatform::Trying to set the existing hwdb with name userMapTop_8
TRACE::2026-06-03.23:33:23::SCWPlatform::Opened existing hwdb userMapTop_8
TRACE::2026-06-03.23:33:23::SCWPlatform::Found the Hw Db part of the input DSA
TRACE::2026-06-03.23:33:23::SCWMssOS::Checking the sw design at  D:/vivado_pj/userMap2023/userMapTop/microblaze_0/standalone_microblaze_0/bsp/system.mss
TRACE::2026-06-03.23:33:23::SCWMssOS::DEBUG:  swdes dump  D:/vivado_pj/userMap2023/userMapTop/microblaze_0/standalone_microblaze_0/bsp/system.mss|system||

TRACE::2026-06-03.23:33:23::SCWMssOS::Sw design exists and opened at  D:/vivado_pj/userMap2023/userMapTop/microblaze_0/standalone_microblaze_0/bsp/system.mss
TRACE::2026-06-03.23:33:23::SCWWriter::formatted JSON is {
	"platformName":	"userMapTop",
	"sprVersion":	"2.0",
	"mode":	"gui",
	"dsaType":	"Fixed",
	"platformDesc":	"userMapTop",
	"platHandOff":	"D:/vivado_pj/userMap/userMapTop2.xsa",
	"platIntHandOff":	"<platformDir>/hw/userMapTop2.xsa",
	"deviceType":	"FPGA",
	"platIsPrebuiltAutogen":	"false",
	"platIsNoBootBsp":	"false",
	"hasFsblMakeHasChanges":	"false",
	"hasPmufwMakeHasChanges":	"false",
	"platPreBuiltFlag":	false,
	"platformSamplesDir":	"",
	"platActiveSys":	"userMapTop",
	"systems":	[{
			"systemName":	"userMapTop",
			"systemDesc":	"userMapTop",
			"sysIsBootAutoGen":	"true",
			"systemDispName":	"userMapTop",
			"sysActiveDom":	"standalone_microblaze_0",
			"sysDefaultDom":	"standalone_microblaze_0",
			"domains":	[{
					"domainName":	"standalone_microblaze_0",
					"domainDispName":	"standalone_microblaze_0",
					"domainDesc":	"standalone_microblaze_0",
					"processors":	"microblaze_0",
					"os":	"standalone",
					"sdxOs":	"standalone",
					"debugEnable":	"False",
					"domRuntimes":	["cpp"],
					"swRepo":	"",
					"mssOsVer":	"8.1",
					"mssFile":	"",
					"md5Digest":	"2387726c7969e4016a1fc62dc46e34ae1",
					"compatibleApp":	"",
					"domType":	"mssDomain",
					"arch":	"32-bit",
					"appSettings":	{
						"appCompilerFlags":	"",
						"appLinkerFlags":	""
					},
					"addedLibs":	[],
					"libOptions":	{
						"libsContainingOptions":	[]
					},
					"prebuiltLibs":	{
						"prebuiltIncPath":	[],
						"prebuiltLibPath":	[]
					},
					"isolation":	{
					}
				}]
		}]
}
LOG::2026-06-03.23:33:31::SCWPlatform::Started generating the artifacts platform userMapTop
TRACE::2026-06-03.23:33:31::SCWPlatform::Sanity checking of platform is completed
LOG::2026-06-03.23:33:31::SCWPlatform::Started generating the artifacts for system configuration userMapTop
LOG::2026-06-03.23:33:31::SCWSystem::Checking the domain standalone_microblaze_0
LOG::2026-06-03.23:33:31::SCWSystem::Not a boot domain 
LOG::2026-06-03.23:33:31::SCWSystem::Started Processing the domain standalone_microblaze_0
TRACE::2026-06-03.23:33:31::SCWDomain::Generating domain artifcats
TRACE::2026-06-03.23:33:31::SCWMssOS::Generating standalone artifcats
TRACE::2026-06-03.23:33:31::SCWMssOS:: Copying the user libraries. 
TRACE::2026-06-03.23:33:31::SCWPlatform::Trying to open the hw design at D:/vivado_pj/userMap2023/userMapTop/hw/userMapTop2.xsa
TRACE::2026-06-03.23:33:31::SCWPlatform::DSA given D:/vivado_pj/userMap2023/userMapTop/hw/userMapTop2.xsa
TRACE::2026-06-03.23:33:31::SCWPlatform::DSA absoulate path D:/vivado_pj/userMap2023/userMapTop/hw/userMapTop2.xsa
TRACE::2026-06-03.23:33:31::SCWPlatform::DSA directory D:/vivado_pj/userMap2023/userMapTop/hw
TRACE::2026-06-03.23:33:31::SCWPlatform:: Platform Path D:/vivado_pj/userMap2023/userMapTop/hw/userMapTop2.xsa
TRACE::2026-06-03.23:33:31::SCWPlatform:: Unique name xilinx:basys3::0.0
TRACE::2026-06-03.23:33:31::SCWPlatform::Trying to set the existing hwdb with name userMapTop_8
TRACE::2026-06-03.23:33:31::SCWPlatform::Opened existing hwdb userMapTop_8
TRACE::2026-06-03.23:33:31::SCWPlatform::Found the Hw Db part of the input DSA
TRACE::2026-06-03.23:33:31::SCWMssOS::Checking the sw design at  D:/vivado_pj/userMap2023/userMapTop/microblaze_0/standalone_microblaze_0/bsp/system.mss
TRACE::2026-06-03.23:33:31::SCWMssOS::DEBUG:  swdes dump  D:/vivado_pj/userMap2023/userMapTop/microblaze_0/standalone_microblaze_0/bsp/system.mss|system||

TRACE::2026-06-03.23:33:31::SCWMssOS::Sw design exists and opened at  D:/vivado_pj/userMap2023/userMapTop/microblaze_0/standalone_microblaze_0/bsp/system.mss
TRACE::2026-06-03.23:33:31::SCWMssOS::Completed writing the mss file at D:/vivado_pj/userMap2023/userMapTop/microblaze_0/standalone_microblaze_0/bsp
TRACE::2026-06-03.23:33:31::SCWMssOS::Mss edits present, copying mssfile into export location D:/vivado_pj/userMap2023/userMapTop/microblaze_0/standalone_microblaze_0/bsp/system.mss
TRACE::2026-06-03.23:33:31::SCWMssOS::bsp generated is stale removing and regenerating. 
TRACE::2026-06-03.23:33:32::SCWMssOS::doing bsp build ... 
TRACE::2026-06-03.23:33:32::SCWMssOS::System Command Ran  D: & cd  D:/vivado_pj/userMap2023/userMapTop/microblaze_0/standalone_microblaze_0/bsp & make 
TRACE::2026-06-03.23:33:32::SCWMssOS::make --no-print-directory seq_libs

TRACE::2026-06-03.23:33:32::SCWMssOS::'Finished building libraries sequentially.'

TRACE::2026-06-03.23:33:32::SCWMssOS::make -j 14 --no-print-directory par_libs

TRACE::2026-06-03.23:33:32::SCWMssOS::"Running Make include in microblaze_0/libsrc/bram_v4_8/src"

TRACE::2026-06-03.23:33:32::SCWMssOS::make -C microblaze_0/libsrc/bram_v4_8/src -s include  "SHELL=CMD" "COMPILER=mb-gcc" "ASSEMBLER=mb-as" "ARCHIVER=mb-ar" "COMPILE
TRACE::2026-06-03.23:33:32::SCWMssOS::R_FLAGS=  -O2 -c -mcpu=v11.0 -mlittle-endian -mxl-soft-mul" "EXTRA_COMPILER_FLAGS=-g -ffunction-sections -fdata-sections -Wall 
TRACE::2026-06-03.23:33:32::SCWMssOS::-Wextra -fno-tree-loop-distribute-patterns"

TRACE::2026-06-03.23:33:32::SCWMssOS::"Running Make include in microblaze_0/libsrc/cpu_v2_17/src"

TRACE::2026-06-03.23:33:32::SCWMssOS::make -C microblaze_0/libsrc/cpu_v2_17/src -s include  "SHELL=CMD" "COMPILER=mb-gcc" "ASSEMBLER=mb-as" "ARCHIVER=mb-ar" "COMPILE
TRACE::2026-06-03.23:33:32::SCWMssOS::R_FLAGS=  -O2 -c -mcpu=v11.0 -mlittle-endian -mxl-soft-mul" "EXTRA_COMPILER_FLAGS=-g -ffunction-sections -fdata-sections -Wall 
TRACE::2026-06-03.23:33:32::SCWMssOS::-Wextra -fno-tree-loop-distribute-patterns"

TRACE::2026-06-03.23:33:32::SCWMssOS::"Running Make include in microblaze_0/libsrc/gpio_v4_9/src"

TRACE::2026-06-03.23:33:32::SCWMssOS::make -C microblaze_0/libsrc/gpio_v4_9/src -s include  "SHELL=CMD" "COMPILER=mb-gcc" "ASSEMBLER=mb-as" "ARCHIVER=mb-ar" "COMPILE
TRACE::2026-06-03.23:33:32::SCWMssOS::R_FLAGS=  -O2 -c -mcpu=v11.0 -mlittle-endian -mxl-soft-mul" "EXTRA_COMPILER_FLAGS=-g -ffunction-sections -fdata-sections -Wall 
TRACE::2026-06-03.23:33:32::SCWMssOS::-Wextra -fno-tree-loop-distribute-patterns"

TRACE::2026-06-03.23:33:32::SCWMssOS::"Running Make include in microblaze_0/libsrc/intc_v3_16/src"

TRACE::2026-06-03.23:33:32::SCWMssOS::make -C microblaze_0/libsrc/intc_v3_16/src -s include  "SHELL=CMD" "COMPILER=mb-gcc" "ASSEMBLER=mb-as" "ARCHIVER=mb-ar" "COMPIL
TRACE::2026-06-03.23:33:32::SCWMssOS::ER_FLAGS=  -O2 -c -mcpu=v11.0 -mlittle-endian -mxl-soft-mul" "EXTRA_COMPILER_FLAGS=-g -ffunction-sections -fdata-sections -Wall
TRACE::2026-06-03.23:33:32::SCWMssOS:: -Wextra -fno-tree-loop-distribute-patterns"

TRACE::2026-06-03.23:33:32::SCWMssOS::"Running Make include in microblaze_0/libsrc/standalone_v8_1/src"

TRACE::2026-06-03.23:33:32::SCWMssOS::make -C microblaze_0/libsrc/standalone_v8_1/src -s include  "SHELL=CMD" "COMPILER=mb-gcc" "ASSEMBLER=mb-as" "ARCHIVER=mb-ar" "C
TRACE::2026-06-03.23:33:32::SCWMssOS::OMPILER_FLAGS=  -O2 -c -mcpu=v11.0 -mlittle-endian -mxl-soft-mul" "EXTRA_COMPILER_FLAGS=-g -ffunction-sections -fdata-sections 
TRACE::2026-06-03.23:33:32::SCWMssOS::-Wall -Wextra -fno-tree-loop-distribute-patterns"

TRACE::2026-06-03.23:33:32::SCWMssOS::"Running Make include in microblaze_0/libsrc/uartlite_v3_8/src"

TRACE::2026-06-03.23:33:32::SCWMssOS::make -C microblaze_0/libsrc/uartlite_v3_8/src -s include  "SHELL=CMD" "COMPILER=mb-gcc" "ASSEMBLER=mb-as" "ARCHIVER=mb-ar" "COM
TRACE::2026-06-03.23:33:32::SCWMssOS::PILER_FLAGS=  -O2 -c -mcpu=v11.0 -mlittle-endian -mxl-soft-mul" "EXTRA_COMPILER_FLAGS=-g -ffunction-sections -fdata-sections -W
TRACE::2026-06-03.23:33:32::SCWMssOS::all -Wextra -fno-tree-loop-distribute-patterns"

TRACE::2026-06-03.23:33:32::SCWMssOS::"Running Make libs in microblaze_0/libsrc/bram_v4_8/src"

TRACE::2026-06-03.23:33:32::SCWMssOS::make -C microblaze_0/libsrc/bram_v4_8/src -s libs  "SHELL=CMD" "COMPILER=mb-gcc" "ASSEMBLER=mb-as" "ARCHIVER=mb-ar" "COMPILER_F
TRACE::2026-06-03.23:33:32::SCWMssOS::LAGS=  -O2 -c -mcpu=v11.0 -mlittle-endian -mxl-soft-mul" "EXTRA_COMPILER_FLAGS=-g -ffunction-sections -fdata-sections -Wall -We
TRACE::2026-06-03.23:33:32::SCWMssOS::xtra -fno-tree-loop-distribute-patterns"

TRACE::2026-06-03.23:33:32::SCWMssOS::"Running Make libs in microblaze_0/libsrc/cpu_v2_17/src"

TRACE::2026-06-03.23:33:32::SCWMssOS::make -C microblaze_0/libsrc/cpu_v2_17/src -s libs  "SHELL=CMD" "COMPILER=mb-gcc" "ASSEMBLER=mb-as" "ARCHIVER=mb-ar" "COMPILER_F
TRACE::2026-06-03.23:33:32::SCWMssOS::LAGS=  -O2 -c -mcpu=v11.0 -mlittle-endian -mxl-soft-mul" "EXTRA_COMPILER_FLAGS=-g -ffunction-sections -fdata-sections -Wall -We
TRACE::2026-06-03.23:33:32::SCWMssOS::xtra -fno-tree-loop-distribute-patterns"

TRACE::2026-06-03.23:33:32::SCWMssOS::"Running Make libs in microblaze_0/libsrc/gpio_v4_9/src"

TRACE::2026-06-03.23:33:32::SCWMssOS::make -C microblaze_0/libsrc/gpio_v4_9/src -s libs  "SHELL=CMD" "COMPILER=mb-gcc" "ASSEMBLER=mb-as" "ARCHIVER=mb-ar" "COMPILER_F
TRACE::2026-06-03.23:33:32::SCWMssOS::LAGS=  -O2 -c -mcpu=v11.0 -mlittle-endian -mxl-soft-mul" "EXTRA_COMPILER_FLAGS=-g -ffunction-sections -fdata-sections -Wall -We
TRACE::2026-06-03.23:33:32::SCWMssOS::xtra -fno-tree-loop-distribute-patterns"

TRACE::2026-06-03.23:33:32::SCWMssOS::"Running Make libs in microblaze_0/libsrc/intc_v3_16/src"

TRACE::2026-06-03.23:33:32::SCWMssOS::make -C microblaze_0/libsrc/intc_v3_16/src -s libs  "SHELL=CMD" "COMPILER=mb-gcc" "ASSEMBLER=mb-as" "ARCHIVER=mb-ar" "COMPILER_
TRACE::2026-06-03.23:33:32::SCWMssOS::FLAGS=  -O2 -c -mcpu=v11.0 -mlittle-endian -mxl-soft-mul" "EXTRA_COMPILER_FLAGS=-g -ffunction-sections -fdata-sections -Wall -W
TRACE::2026-06-03.23:33:32::SCWMssOS::extra -fno-tree-loop-distribute-patterns"

TRACE::2026-06-03.23:33:33::SCWMssOS::"Running Make libs in microblaze_0/libsrc/standalone_v8_1/src"

TRACE::2026-06-03.23:33:33::SCWMssOS::make -C microblaze_0/libsrc/standalone_v8_1/src -s libs  "SHELL=CMD" "COMPILER=mb-gcc" "ASSEMBLER=mb-as" "ARCHIVER=mb-ar" "COMP
TRACE::2026-06-03.23:33:33::SCWMssOS::ILER_FLAGS=  -O2 -c -mcpu=v11.0 -mlittle-endian -mxl-soft-mul" "EXTRA_COMPILER_FLAGS=-g -ffunction-sections -fdata-sections -Wa
TRACE::2026-06-03.23:33:33::SCWMssOS::ll -Wextra -fno-tree-loop-distribute-patterns"

TRACE::2026-06-03.23:33:33::SCWMssOS::"Running Make libs in microblaze_0/libsrc/uartlite_v3_8/src"

TRACE::2026-06-03.23:33:33::SCWMssOS::make -C microblaze_0/libsrc/uartlite_v3_8/src -s libs  "SHELL=CMD" "COMPILER=mb-gcc" "ASSEMBLER=mb-as" "ARCHIVER=mb-ar" "COMPIL
TRACE::2026-06-03.23:33:33::SCWMssOS::ER_FLAGS=  -O2 -c -mcpu=v11.0 -mlittle-endian -mxl-soft-mul" "EXTRA_COMPILER_FLAGS=-g -ffunction-sections -fdata-sections -Wall
TRACE::2026-06-03.23:33:33::SCWMssOS:: -Wextra -fno-tree-loop-distribute-patterns"

TRACE::2026-06-03.23:33:34::SCWMssOS::"DEBUG NON_LTO_OBJECTS is ../../../lib/microblaze_interrupt_handler.o"

TRACE::2026-06-03.23:33:34::SCWMssOS::'Finished building libraries parallelly.'

TRACE::2026-06-03.23:33:34::SCWMssOS::make --no-print-directory archive

TRACE::2026-06-03.23:33:34::SCWMssOS::mb-ar -r  microblaze_0/lib/libxil.a microblaze_0/lib/_exit.o microblaze_0/lib/errno.o microblaze_0/lib/fcntl.o microblaze_0/lib
TRACE::2026-06-03.23:33:34::SCWMssOS::/hw_exception_handler.o microblaze_0/lib/inbyte.o microblaze_0/lib/microblaze_disable_dcache.o microblaze_0/lib/microblaze_disa
TRACE::2026-06-03.23:33:34::SCWMssOS::ble_exceptions.o microblaze_0/lib/microblaze_disable_icache.o microblaze_0/lib/microblaze_disable_interrupts.o microblaze_0/lib
TRACE::2026-06-03.23:33:34::SCWMssOS::/microblaze_enable_dcache.o microblaze_0/lib/microblaze_enable_exceptions.o microblaze_0/lib/microblaze_enable_icache.o microbl
TRACE::2026-06-03.23:33:34::SCWMssOS::aze_0/lib/microblaze_enable_interrupts.o microblaze_0/lib/microblaze_exception_handler.o microblaze_0/lib/microblaze_flush_cach
TRACE::2026-06-03.23:33:34::SCWMssOS::e_ext.o microblaze_0/lib/microblaze_flush_cache_ext_range.o microblaze_0/lib/microblaze_flush_dcache.o microblaze_0/lib/microbl
TRACE::2026-06-03.23:33:34::SCWMssOS::aze_flush_dcache_range.o microblaze_0/lib/microblaze_init_dcache_range.o microblaze_0/lib/microblaze_init_icache_range.o microb
TRACE::2026-06-03.23:33:34::SCWMssOS::laze_0/lib/microblaze_interrupt_handler.o microblaze_0/lib/microblaze_interrupts_g.o microblaze_0/lib/microblaze_invalidate_cac
TRACE::2026-06-03.23:33:34::SCWMssOS::he_ext.o microblaze_0/lib/microblaze_invalidate_cache_ext_range.o microblaze_0/lib/microblaze_invalidate_dcache.o microblaze_0/
TRACE::2026-06-03.23:33:34::SCWMssOS::lib/microblaze_invalidate_dcache_range.o microblaze_0/lib/microblaze_invalidate_icache.o microblaze_0/lib/microblaze_invalidate
TRACE::2026-06-03.23:33:34::SCWMssOS::_icache_range.o microblaze_0/lib/microblaze_scrub.o microblaze_0/lib/microblaze_selftest.o microblaze_0/lib/microblaze_sleep.o 
TRACE::2026-06-03.23:33:34::SCWMssOS::microblaze_0/lib/microblaze_update_dcache.o microblaze_0/lib/microblaze_update_icache.o microblaze_0/lib/outbyte.o microblaze_0
TRACE::2026-06-03.23:33:34::SCWMssOS::/lib/print.o microblaze_0/lib/pvr.o microblaze_0/lib/xbram.o microblaze_0/lib/xbram_g.o microblaze_0/lib/xbram_intr.o microblaz
TRACE::2026-06-03.23:33:34::SCWMssOS::e_0/lib/xbram_selftest.o microblaze_0/lib/xbram_sinit.o microblaze_0/lib/xgpio.o microblaze_0/lib/xgpio_extra.o microblaze_0/li
TRACE::2026-06-03.23:33:34::SCWMssOS::b/xgpio_g.o microblaze_0/lib/xgpio_intr.o microblaze_0/lib/xgpio_selftest.o microblaze_0/lib/xgpio_sinit.o microblaze_0/lib/xil
TRACE::2026-06-03.23:33:34::SCWMssOS::_assert.o microblaze_0/lib/xil_cache.o microblaze_0/lib/xil_clocking.o microblaze_0/lib/xil_exception.o microblaze_0/lib/xil_me
TRACE::2026-06-03.23:33:34::SCWMssOS::m.o microblaze_0/lib/xil_misc_psreset_api.o microblaze_0/lib/xil_printf.o microblaze_0/lib/xil_sleepcommon.o microblaze_0/lib/x
TRACE::2026-06-03.23:33:34::SCWMssOS::il_testcache.o microblaze_0/lib/xil_testio.o microblaze_0/lib/xil_testmem.o microblaze_0/lib/xil_util.o microblaze_0/lib/xintc.
TRACE::2026-06-03.23:33:34::SCWMssOS::o microblaze_0/lib/xintc_g.o microblaze_0/lib/xintc_intr.o microblaze_0/lib/xintc_l.o microblaze_0/lib/xintc_options.o microbla
TRACE::2026-06-03.23:33:34::SCWMssOS::ze_0/lib/xintc_selftest.o microblaze_0/lib/xinterrupt_wrap.o microblaze_0/lib/xio.o microblaze_0/lib/xplatform_info.o microblaz
TRACE::2026-06-03.23:33:34::SCWMssOS::e_0/lib/xuartlite.o microblaze_0/lib/xuartlite_g.o microblaze_0/lib/xuartlite_intr.o microblaze_0/lib/xuartlite_l.o microblaze_
TRACE::2026-06-03.23:33:34::SCWMssOS::0/lib/xuartlite_selftest.o microblaze_0/lib/xuartlite_sinit.o microblaze_0/lib/xuartlite_stats.o

TRACE::2026-06-03.23:33:34::SCWMssOS::'Finished building libraries'

TRACE::2026-06-03.23:33:34::SCWMssOS:: Checking if to create the Supporting Applications
TRACE::2026-06-03.23:33:34::SCWMssOS:: No Linux domain exists, trying to generate FSBL 
LOG::2026-06-03.23:33:34::SCWSystem::Completed Processing the domain standalone_microblaze_0
LOG::2026-06-03.23:33:34::SCWSystem::Completed Processing the sysconfig userMapTop
LOG::2026-06-03.23:33:34::SCWPlatform::Completed generating the artifacts for system configuration userMapTop
TRACE::2026-06-03.23:33:34::SCWPlatform::Started preparing the platform 
TRACE::2026-06-03.23:33:34::SCWSystem::Writing the bif file for system config userMapTop
TRACE::2026-06-03.23:33:34::SCWSystem::dir created 
TRACE::2026-06-03.23:33:34::SCWSystem::Writing the bif 
TRACE::2026-06-03.23:33:34::SCWPlatform::Started writing the spfm file 
TRACE::2026-06-03.23:33:34::SCWPlatform::Started writing the xpfm file 
TRACE::2026-06-03.23:33:34::SCWPlatform::Completed generating the platform
TRACE::2026-06-03.23:33:34::SCWMssOS::Saving the mss changes D:/vivado_pj/userMap2023/userMapTop/microblaze_0/standalone_microblaze_0/bsp/system.mss
TRACE::2026-06-03.23:33:34::SCWMssOS::Adding the swdes entry, mss present, able to open swdb D:/vivado_pj/userMap2023/userMapTop/microblaze_0/standalone_microblaze_0/bsp/system.mss with des name system
TRACE::2026-06-03.23:33:34::SCWMssOS::Writing the mss file completed D:/vivado_pj/userMap2023/userMapTop/microblaze_0/standalone_microblaze_0/bsp/system.mss
TRACE::2026-06-03.23:33:34::SCWMssOS::Commit changes completed.
TRACE::2026-06-03.23:33:34::SCWPlatform::Trying to open the hw design at D:/vivado_pj/userMap2023/userMapTop/hw/userMapTop2.xsa
TRACE::2026-06-03.23:33:34::SCWPlatform::DSA given D:/vivado_pj/userMap2023/userMapTop/hw/userMapTop2.xsa
TRACE::2026-06-03.23:33:34::SCWPlatform::DSA absoulate path D:/vivado_pj/userMap2023/userMapTop/hw/userMapTop2.xsa
TRACE::2026-06-03.23:33:34::SCWPlatform::DSA directory D:/vivado_pj/userMap2023/userMapTop/hw
TRACE::2026-06-03.23:33:34::SCWPlatform:: Platform Path D:/vivado_pj/userMap2023/userMapTop/hw/userMapTop2.xsa
TRACE::2026-06-03.23:33:34::SCWPlatform:: Unique name xilinx:basys3::0.0
TRACE::2026-06-03.23:33:34::SCWPlatform::Trying to set the existing hwdb with name userMapTop_8
TRACE::2026-06-03.23:33:34::SCWPlatform::Opened existing hwdb userMapTop_8
TRACE::2026-06-03.23:33:34::SCWPlatform::Found the Hw Db part of the input DSA
TRACE::2026-06-03.23:33:34::SCWMssOS::Checking the sw design at  D:/vivado_pj/userMap2023/userMapTop/microblaze_0/standalone_microblaze_0/bsp/system.mss
TRACE::2026-06-03.23:33:34::SCWMssOS::DEBUG:  swdes dump  D:/vivado_pj/userMap2023/userMapTop/microblaze_0/standalone_microblaze_0/bsp/system.mss|system||

TRACE::2026-06-03.23:33:34::SCWMssOS::Sw design exists and opened at  D:/vivado_pj/userMap2023/userMapTop/microblaze_0/standalone_microblaze_0/bsp/system.mss
TRACE::2026-06-03.23:33:34::SCWWriter::formatted JSON is {
	"platformName":	"userMapTop",
	"sprVersion":	"2.0",
	"mode":	"gui",
	"dsaType":	"Fixed",
	"platformDesc":	"userMapTop",
	"platHandOff":	"D:/vivado_pj/userMap/userMapTop2.xsa",
	"platIntHandOff":	"<platformDir>/hw/userMapTop2.xsa",
	"deviceType":	"FPGA",
	"platIsPrebuiltAutogen":	"false",
	"platIsNoBootBsp":	"false",
	"hasFsblMakeHasChanges":	"false",
	"hasPmufwMakeHasChanges":	"false",
	"platPreBuiltFlag":	false,
	"platformSamplesDir":	"",
	"platActiveSys":	"userMapTop",
	"systems":	[{
			"systemName":	"userMapTop",
			"systemDesc":	"userMapTop",
			"sysIsBootAutoGen":	"true",
			"systemDispName":	"userMapTop",
			"sysActiveDom":	"standalone_microblaze_0",
			"sysDefaultDom":	"standalone_microblaze_0",
			"domains":	[{
					"domainName":	"standalone_microblaze_0",
					"domainDispName":	"standalone_microblaze_0",
					"domainDesc":	"standalone_microblaze_0",
					"processors":	"microblaze_0",
					"os":	"standalone",
					"sdxOs":	"standalone",
					"debugEnable":	"False",
					"domRuntimes":	["cpp"],
					"swRepo":	"",
					"mssOsVer":	"8.1",
					"mssFile":	"",
					"md5Digest":	"2387726c7969e4016a1fc62dc46e34ae",
					"compatibleApp":	"",
					"domType":	"mssDomain",
					"arch":	"32-bit",
					"appSettings":	{
						"appCompilerFlags":	"",
						"appLinkerFlags":	""
					},
					"addedLibs":	[],
					"libOptions":	{
						"libsContainingOptions":	[]
					},
					"prebuiltLibs":	{
						"prebuiltIncPath":	[],
						"prebuiltLibPath":	[]
					},
					"isolation":	{
					}
				}]
		}]
}
KEYINFO::2026-06-03.23:33:34::SCWPlatform::updated the xpfm file.
TRACE::2026-06-03.23:33:35::SCWPlatform::Trying to open the hw design at D:/vivado_pj/userMap2023/userMapTop/hw/userMapTop2.xsa
TRACE::2026-06-03.23:33:35::SCWPlatform::DSA given D:/vivado_pj/userMap2023/userMapTop/hw/userMapTop2.xsa
TRACE::2026-06-03.23:33:35::SCWPlatform::DSA absoulate path D:/vivado_pj/userMap2023/userMapTop/hw/userMapTop2.xsa
TRACE::2026-06-03.23:33:35::SCWPlatform::DSA directory D:/vivado_pj/userMap2023/userMapTop/hw
TRACE::2026-06-03.23:33:35::SCWPlatform:: Platform Path D:/vivado_pj/userMap2023/userMapTop/hw/userMapTop2.xsa
TRACE::2026-06-03.23:33:35::SCWPlatform:: Unique name xilinx:basys3::0.0
TRACE::2026-06-03.23:33:35::SCWPlatform::Trying to set the existing hwdb with name userMapTop_8
TRACE::2026-06-03.23:33:35::SCWPlatform::Opened existing hwdb userMapTop_8
TRACE::2026-06-03.23:33:35::SCWPlatform::Found the Hw Db part of the input DSA
TRACE::2026-06-03.23:33:35::SCWMssOS::Checking the sw design at  D:/vivado_pj/userMap2023/userMapTop/microblaze_0/standalone_microblaze_0/bsp/system.mss
TRACE::2026-06-03.23:33:35::SCWMssOS::DEBUG:  swdes dump  D:/vivado_pj/userMap2023/userMapTop/microblaze_0/standalone_microblaze_0/bsp/system.mss|system||

TRACE::2026-06-03.23:33:35::SCWMssOS::Sw design exists and opened at  D:/vivado_pj/userMap2023/userMapTop/microblaze_0/standalone_microblaze_0/bsp/system.mss
TRACE::2026-06-03.23:33:51::SCWPlatform::Clearing the existing platform
TRACE::2026-06-03.23:33:51::SCWSystem::Clearing the existing sysconfig
TRACE::2026-06-03.23:33:51::SCWMssOS::Removing the swdes entry for  D:/vivado_pj/userMap2023/userMapTop/microblaze_0/standalone_microblaze_0/bsp/system.mss
TRACE::2026-06-03.23:33:51::SCWSystem::Clearing the domains completed.
TRACE::2026-06-03.23:33:51::SCWPlatform::Clearing the opened hw db.
TRACE::2026-06-03.23:33:51::SCWPlatform::DSA given D:/vivado_pj/userMap2023/userMapTop/hw/userMapTop2.xsa
TRACE::2026-06-03.23:33:51::SCWPlatform::DSA absoulate path D:/vivado_pj/userMap2023/userMapTop/hw/userMapTop2.xsa
TRACE::2026-06-03.23:33:51::SCWPlatform:: Platform location is D:/vivado_pj/userMap2023/userMapTop/hw
TRACE::2026-06-03.23:33:51::SCWPlatform:: Platform Path D:/vivado_pj/userMap2023/userMapTop/hw/userMapTop2.xsa
TRACE::2026-06-03.23:33:51::SCWPlatform:: Unique name xilinx:basys3::0.0
TRACE::2026-06-03.23:33:51::SCWPlatform::Removing the HwDB with name D:/vivado_pj/userMap2023/userMapTop/hw/userMapTop2.xsa
TRACE::2026-06-03.23:33:51::SCWPlatform::Trying to open the hw design at D:/vivado_pj/userMap2023/userMapTop/hw/userMapTop2.xsa
TRACE::2026-06-03.23:33:51::SCWPlatform::DSA given D:/vivado_pj/userMap2023/userMapTop/hw/userMapTop2.xsa
TRACE::2026-06-03.23:33:51::SCWPlatform::DSA absoulate path D:/vivado_pj/userMap2023/userMapTop/hw/userMapTop2.xsa
TRACE::2026-06-03.23:33:51::SCWPlatform::DSA directory D:/vivado_pj/userMap2023/userMapTop/hw
TRACE::2026-06-03.23:33:51::SCWPlatform:: Platform Path D:/vivado_pj/userMap2023/userMapTop/hw/userMapTop2.xsa
TRACE::2026-06-03.23:33:51::SCWPlatform:: Unique name xilinx:basys3::0.0
TRACE::2026-06-03.23:33:51::SCWPlatform::Do not have an existing db opened. 
TRACE::2026-06-03.23:33:51::SCWPlatform::Opened new HwDB with name userMapTop_9
TRACE::2026-06-03.23:33:51::SCWReader::Active system found as  userMapTop
TRACE::2026-06-03.23:33:51::SCWReader::Handling sysconfig userMapTop
TRACE::2026-06-03.23:33:51::SCWDomain::checking for install qemu data   : 
TRACE::2026-06-03.23:33:51::SCWPlatform::Trying to open the hw design at D:/vivado_pj/userMap2023/userMapTop/hw/userMapTop2.xsa
TRACE::2026-06-03.23:33:51::SCWPlatform::DSA given D:/vivado_pj/userMap2023/userMapTop/hw/userMapTop2.xsa
TRACE::2026-06-03.23:33:51::SCWPlatform::DSA absoulate path D:/vivado_pj/userMap2023/userMapTop/hw/userMapTop2.xsa
TRACE::2026-06-03.23:33:51::SCWPlatform::DSA directory D:/vivado_pj/userMap2023/userMapTop/hw
TRACE::2026-06-03.23:33:51::SCWPlatform:: Platform Path D:/vivado_pj/userMap2023/userMapTop/hw/userMapTop2.xsa
TRACE::2026-06-03.23:33:51::SCWPlatform:: Unique name xilinx:basys3::0.0
TRACE::2026-06-03.23:33:51::SCWPlatform::Trying to set the existing hwdb with name userMapTop_9
TRACE::2026-06-03.23:33:51::SCWPlatform::Opened existing hwdb userMapTop_9
TRACE::2026-06-03.23:33:51::SCWPlatform::Found the Hw Db part of the input DSA
TRACE::2026-06-03.23:33:51::SCWPlatform::Trying to open the hw design at D:/vivado_pj/userMap2023/userMapTop/hw/userMapTop2.xsa
TRACE::2026-06-03.23:33:51::SCWPlatform::DSA given D:/vivado_pj/userMap2023/userMapTop/hw/userMapTop2.xsa
TRACE::2026-06-03.23:33:51::SCWPlatform::DSA absoulate path D:/vivado_pj/userMap2023/userMapTop/hw/userMapTop2.xsa
TRACE::2026-06-03.23:33:51::SCWPlatform::DSA directory D:/vivado_pj/userMap2023/userMapTop/hw
TRACE::2026-06-03.23:33:51::SCWPlatform:: Platform Path D:/vivado_pj/userMap2023/userMapTop/hw/userMapTop2.xsa
TRACE::2026-06-03.23:33:51::SCWPlatform:: Unique name xilinx:basys3::0.0
TRACE::2026-06-03.23:33:51::SCWPlatform::Trying to set the existing hwdb with name userMapTop_9
TRACE::2026-06-03.23:33:51::SCWPlatform::Opened existing hwdb userMapTop_9
TRACE::2026-06-03.23:33:51::SCWPlatform::Found the Hw Db part of the input DSA
TRACE::2026-06-03.23:33:51::SCWPlatform::Trying to open the hw design at D:/vivado_pj/userMap2023/userMapTop/hw/userMapTop2.xsa
TRACE::2026-06-03.23:33:51::SCWPlatform::DSA given D:/vivado_pj/userMap2023/userMapTop/hw/userMapTop2.xsa
TRACE::2026-06-03.23:33:51::SCWPlatform::DSA absoulate path D:/vivado_pj/userMap2023/userMapTop/hw/userMapTop2.xsa
TRACE::2026-06-03.23:33:51::SCWPlatform::DSA directory D:/vivado_pj/userMap2023/userMapTop/hw
TRACE::2026-06-03.23:33:51::SCWPlatform:: Platform Path D:/vivado_pj/userMap2023/userMapTop/hw/userMapTop2.xsa
TRACE::2026-06-03.23:33:51::SCWPlatform:: Unique name xilinx:basys3::0.0
TRACE::2026-06-03.23:33:51::SCWPlatform::Trying to set the existing hwdb with name userMapTop_9
TRACE::2026-06-03.23:33:51::SCWPlatform::Opened existing hwdb userMapTop_9
TRACE::2026-06-03.23:33:51::SCWPlatform::Found the Hw Db part of the input DSA
TRACE::2026-06-03.23:33:51::SCWPlatform::Trying to open the hw design at D:/vivado_pj/userMap2023/userMapTop/hw/userMapTop2.xsa
TRACE::2026-06-03.23:33:51::SCWPlatform::DSA given D:/vivado_pj/userMap2023/userMapTop/hw/userMapTop2.xsa
TRACE::2026-06-03.23:33:51::SCWPlatform::DSA absoulate path D:/vivado_pj/userMap2023/userMapTop/hw/userMapTop2.xsa
TRACE::2026-06-03.23:33:51::SCWPlatform::DSA directory D:/vivado_pj/userMap2023/userMapTop/hw
TRACE::2026-06-03.23:33:51::SCWPlatform:: Platform Path D:/vivado_pj/userMap2023/userMapTop/hw/userMapTop2.xsa
TRACE::2026-06-03.23:33:51::SCWPlatform:: Unique name xilinx:basys3::0.0
TRACE::2026-06-03.23:33:51::SCWPlatform::Trying to set the existing hwdb with name userMapTop_9
TRACE::2026-06-03.23:33:51::SCWPlatform::Opened existing hwdb userMapTop_9
TRACE::2026-06-03.23:33:51::SCWPlatform::Found the Hw Db part of the input DSA
TRACE::2026-06-03.23:33:51::SCWMssOS::Checking the sw design at  D:/vivado_pj/userMap2023/userMapTop/microblaze_0/standalone_microblaze_0/bsp/system.mss
TRACE::2026-06-03.23:33:51::SCWMssOS::DEBUG:  swdes dump  
TRACE::2026-06-03.23:33:51::SCWMssOS::No sw design opened at  D:/vivado_pj/userMap2023/userMapTop/microblaze_0/standalone_microblaze_0/bsp/system.mss
TRACE::2026-06-03.23:33:51::SCWMssOS::mss exists loading the mss file  D:/vivado_pj/userMap2023/userMapTop/microblaze_0/standalone_microblaze_0/bsp/system.mss
TRACE::2026-06-03.23:33:51::SCWMssOS::Opened the sw design from mss  D:/vivado_pj/userMap2023/userMapTop/microblaze_0/standalone_microblaze_0/bsp/system.mss
TRACE::2026-06-03.23:33:51::SCWMssOS::Adding the swdes entry D:/vivado_pj/userMap2023/userMapTop/microblaze_0/standalone_microblaze_0/bsp/system.mss with des name system
TRACE::2026-06-03.23:33:51::SCWMssOS::updating the scw layer about changes
TRACE::2026-06-03.23:33:51::SCWMssOS::Opened the sw design.  D:/vivado_pj/userMap2023/userMapTop/microblaze_0/standalone_microblaze_0/bsp/system.mss
TRACE::2026-06-03.23:33:51::SCWMssOS::Saving the mss changes D:/vivado_pj/userMap2023/userMapTop/microblaze_0/standalone_microblaze_0/bsp/system.mss
TRACE::2026-06-03.23:33:51::SCWMssOS::Found a swdesign opened with the mssfile.
TRACE::2026-06-03.23:33:51::SCWMssOS::Completed writemss as part of save.
TRACE::2026-06-03.23:33:51::SCWMssOS::Commit changes completed.
TRACE::2026-06-03.23:33:51::SCWReader::Adding prebuilt librarypaths as   
TRACE::2026-06-03.23:33:51::SCWReader::Adding prebuilt incpaths  as   
TRACE::2026-06-03.23:33:51::SCWPlatform::Trying to open the hw design at D:/vivado_pj/userMap2023/userMapTop/hw/userMapTop2.xsa
TRACE::2026-06-03.23:33:51::SCWPlatform::DSA given D:/vivado_pj/userMap2023/userMapTop/hw/userMapTop2.xsa
TRACE::2026-06-03.23:33:51::SCWPlatform::DSA absoulate path D:/vivado_pj/userMap2023/userMapTop/hw/userMapTop2.xsa
TRACE::2026-06-03.23:33:51::SCWPlatform::DSA directory D:/vivado_pj/userMap2023/userMapTop/hw
TRACE::2026-06-03.23:33:51::SCWPlatform:: Platform Path D:/vivado_pj/userMap2023/userMapTop/hw/userMapTop2.xsa
TRACE::2026-06-03.23:33:51::SCWPlatform:: Unique name xilinx:basys3::0.0
TRACE::2026-06-03.23:33:51::SCWPlatform::Trying to set the existing hwdb with name userMapTop_9
TRACE::2026-06-03.23:33:51::SCWPlatform::Opened existing hwdb userMapTop_9
TRACE::2026-06-03.23:33:51::SCWPlatform::Found the Hw Db part of the input DSA
TRACE::2026-06-03.23:33:51::SCWMssOS::Checking the sw design at  D:/vivado_pj/userMap2023/userMapTop/microblaze_0/standalone_microblaze_0/bsp/system.mss
TRACE::2026-06-03.23:33:51::SCWMssOS::DEBUG:  swdes dump  D:/vivado_pj/userMap2023/userMapTop/microblaze_0/standalone_microblaze_0/bsp/system.mss|system||

TRACE::2026-06-03.23:33:51::SCWMssOS::Sw design exists and opened at  D:/vivado_pj/userMap2023/userMapTop/microblaze_0/standalone_microblaze_0/bsp/system.mss
TRACE::2026-06-03.23:33:51::SCWReader::No isolation master present  
TRACE::2026-06-03.23:33:52::SCWPlatform::Trying to open the hw design at D:/vivado_pj/userMap2023/userMapTop/hw/userMapTop2.xsa
TRACE::2026-06-03.23:33:52::SCWPlatform::DSA given D:/vivado_pj/userMap2023/userMapTop/hw/userMapTop2.xsa
TRACE::2026-06-03.23:33:52::SCWPlatform::DSA absoulate path D:/vivado_pj/userMap2023/userMapTop/hw/userMapTop2.xsa
TRACE::2026-06-03.23:33:52::SCWPlatform::DSA directory D:/vivado_pj/userMap2023/userMapTop/hw
TRACE::2026-06-03.23:33:52::SCWPlatform:: Platform Path D:/vivado_pj/userMap2023/userMapTop/hw/userMapTop2.xsa
TRACE::2026-06-03.23:33:52::SCWPlatform:: Unique name xilinx:basys3::0.0
TRACE::2026-06-03.23:33:52::SCWPlatform::Trying to set the existing hwdb with name userMapTop_9
TRACE::2026-06-03.23:33:52::SCWPlatform::Opened existing hwdb userMapTop_9
TRACE::2026-06-03.23:33:52::SCWPlatform::Found the Hw Db part of the input DSA
TRACE::2026-06-03.23:33:52::SCWMssOS::Checking the sw design at  D:/vivado_pj/userMap2023/userMapTop/microblaze_0/standalone_microblaze_0/bsp/system.mss
TRACE::2026-06-03.23:33:52::SCWMssOS::DEBUG:  swdes dump  D:/vivado_pj/userMap2023/userMapTop/microblaze_0/standalone_microblaze_0/bsp/system.mss|system||

TRACE::2026-06-03.23:33:52::SCWMssOS::Sw design exists and opened at  D:/vivado_pj/userMap2023/userMapTop/microblaze_0/standalone_microblaze_0/bsp/system.mss
TRACE::2026-06-03.23:33:52::SCWMssOS::In reload Mss file.
TRACE::2026-06-03.23:33:52::SCWPlatform::Trying to open the hw design at D:/vivado_pj/userMap2023/userMapTop/hw/userMapTop2.xsa
TRACE::2026-06-03.23:33:52::SCWPlatform::DSA given D:/vivado_pj/userMap2023/userMapTop/hw/userMapTop2.xsa
TRACE::2026-06-03.23:33:52::SCWPlatform::DSA absoulate path D:/vivado_pj/userMap2023/userMapTop/hw/userMapTop2.xsa
TRACE::2026-06-03.23:33:52::SCWPlatform::DSA directory D:/vivado_pj/userMap2023/userMapTop/hw
TRACE::2026-06-03.23:33:52::SCWPlatform:: Platform Path D:/vivado_pj/userMap2023/userMapTop/hw/userMapTop2.xsa
TRACE::2026-06-03.23:33:52::SCWPlatform:: Unique name xilinx:basys3::0.0
TRACE::2026-06-03.23:33:52::SCWPlatform::Trying to set the existing hwdb with name userMapTop_9
TRACE::2026-06-03.23:33:52::SCWPlatform::Opened existing hwdb userMapTop_9
TRACE::2026-06-03.23:33:52::SCWPlatform::Found the Hw Db part of the input DSA
TRACE::2026-06-03.23:33:52::SCWMssOS::Checking the sw design at  D:/vivado_pj/userMap2023/userMapTop/microblaze_0/standalone_microblaze_0/bsp/system.mss
TRACE::2026-06-03.23:33:52::SCWMssOS::DEBUG:  swdes dump  
TRACE::2026-06-03.23:33:52::SCWMssOS::No sw design opened at  D:/vivado_pj/userMap2023/userMapTop/microblaze_0/standalone_microblaze_0/bsp/system.mss
TRACE::2026-06-03.23:33:52::SCWMssOS::mss exists loading the mss file  D:/vivado_pj/userMap2023/userMapTop/microblaze_0/standalone_microblaze_0/bsp/system.mss
TRACE::2026-06-03.23:33:52::SCWMssOS::Opened the sw design from mss  D:/vivado_pj/userMap2023/userMapTop/microblaze_0/standalone_microblaze_0/bsp/system.mss
TRACE::2026-06-03.23:33:52::SCWMssOS::Adding the swdes entry D:/vivado_pj/userMap2023/userMapTop/microblaze_0/standalone_microblaze_0/bsp/system.mss with des name system
TRACE::2026-06-03.23:33:52::SCWMssOS::updating the scw layer about changes
TRACE::2026-06-03.23:33:52::SCWMssOS::Opened the sw design.  D:/vivado_pj/userMap2023/userMapTop/microblaze_0/standalone_microblaze_0/bsp/system.mss
TRACE::2026-06-03.23:33:52::SCWMssOS::Saving the mss changes D:/vivado_pj/userMap2023/userMapTop/microblaze_0/standalone_microblaze_0/bsp/system.mss
TRACE::2026-06-03.23:33:52::SCWMssOS::Found a swdesign opened with the mssfile.
TRACE::2026-06-03.23:33:52::SCWMssOS::Completed writemss as part of save.
TRACE::2026-06-03.23:33:52::SCWMssOS::Commit changes completed.
TRACE::2026-06-03.23:33:52::SCWPlatform::Trying to open the hw design at D:/vivado_pj/userMap2023/userMapTop/hw/userMapTop2.xsa
TRACE::2026-06-03.23:33:52::SCWPlatform::DSA given D:/vivado_pj/userMap2023/userMapTop/hw/userMapTop2.xsa
TRACE::2026-06-03.23:33:52::SCWPlatform::DSA absoulate path D:/vivado_pj/userMap2023/userMapTop/hw/userMapTop2.xsa
TRACE::2026-06-03.23:33:52::SCWPlatform::DSA directory D:/vivado_pj/userMap2023/userMapTop/hw
TRACE::2026-06-03.23:33:52::SCWPlatform:: Platform Path D:/vivado_pj/userMap2023/userMapTop/hw/userMapTop2.xsa
TRACE::2026-06-03.23:33:52::SCWPlatform:: Unique name xilinx:basys3::0.0
TRACE::2026-06-03.23:33:52::SCWPlatform::Trying to set the existing hwdb with name userMapTop_9
TRACE::2026-06-03.23:33:52::SCWPlatform::Opened existing hwdb userMapTop_9
TRACE::2026-06-03.23:33:52::SCWPlatform::Found the Hw Db part of the input DSA
TRACE::2026-06-03.23:33:52::SCWMssOS::Checking the sw design at  D:/vivado_pj/userMap2023/userMapTop/microblaze_0/standalone_microblaze_0/bsp/system.mss
TRACE::2026-06-03.23:33:52::SCWMssOS::DEBUG:  swdes dump  D:/vivado_pj/userMap2023/userMapTop/microblaze_0/standalone_microblaze_0/bsp/system.mss|system||

TRACE::2026-06-03.23:33:52::SCWMssOS::Sw design exists and opened at  D:/vivado_pj/userMap2023/userMapTop/microblaze_0/standalone_microblaze_0/bsp/system.mss
TRACE::2026-06-03.23:33:52::SCWMssOS::Removing the swdes entry for  D:/vivado_pj/userMap2023/userMapTop/microblaze_0/standalone_microblaze_0/bsp/system.mss
LOG::2026-06-03.23:34:31::SCWPlatform::Started generating the artifacts platform userMapTop
TRACE::2026-06-03.23:34:31::SCWPlatform::Sanity checking of platform is completed
LOG::2026-06-03.23:34:31::SCWPlatform::Started generating the artifacts for system configuration userMapTop
LOG::2026-06-03.23:34:31::SCWSystem::Checking the domain standalone_microblaze_0
LOG::2026-06-03.23:34:31::SCWSystem::Not a boot domain 
LOG::2026-06-03.23:34:31::SCWSystem::Started Processing the domain standalone_microblaze_0
TRACE::2026-06-03.23:34:31::SCWDomain::Generating domain artifcats
TRACE::2026-06-03.23:34:31::SCWMssOS::Generating standalone artifcats
TRACE::2026-06-03.23:34:31::SCWMssOS:: Copying the user libraries. 
TRACE::2026-06-03.23:34:31::SCWPlatform::Trying to open the hw design at D:/vivado_pj/userMap2023/userMapTop/hw/userMapTop2.xsa
TRACE::2026-06-03.23:34:31::SCWPlatform::DSA given D:/vivado_pj/userMap2023/userMapTop/hw/userMapTop2.xsa
TRACE::2026-06-03.23:34:31::SCWPlatform::DSA absoulate path D:/vivado_pj/userMap2023/userMapTop/hw/userMapTop2.xsa
TRACE::2026-06-03.23:34:31::SCWPlatform::DSA directory D:/vivado_pj/userMap2023/userMapTop/hw
TRACE::2026-06-03.23:34:31::SCWPlatform:: Platform Path D:/vivado_pj/userMap2023/userMapTop/hw/userMapTop2.xsa
TRACE::2026-06-03.23:34:31::SCWPlatform:: Unique name xilinx:basys3::0.0
TRACE::2026-06-03.23:34:31::SCWPlatform::Trying to set the existing hwdb with name userMapTop_9
TRACE::2026-06-03.23:34:31::SCWPlatform::Opened existing hwdb userMapTop_9
TRACE::2026-06-03.23:34:31::SCWPlatform::Found the Hw Db part of the input DSA
TRACE::2026-06-03.23:34:31::SCWMssOS::Checking the sw design at  D:/vivado_pj/userMap2023/userMapTop/microblaze_0/standalone_microblaze_0/bsp/system.mss
TRACE::2026-06-03.23:34:31::SCWMssOS::DEBUG:  swdes dump  
TRACE::2026-06-03.23:34:31::SCWMssOS::No sw design opened at  D:/vivado_pj/userMap2023/userMapTop/microblaze_0/standalone_microblaze_0/bsp/system.mss
TRACE::2026-06-03.23:34:31::SCWMssOS::mss exists loading the mss file  D:/vivado_pj/userMap2023/userMapTop/microblaze_0/standalone_microblaze_0/bsp/system.mss
TRACE::2026-06-03.23:34:31::SCWMssOS::Opened the sw design from mss  D:/vivado_pj/userMap2023/userMapTop/microblaze_0/standalone_microblaze_0/bsp/system.mss
TRACE::2026-06-03.23:34:31::SCWMssOS::Adding the swdes entry D:/vivado_pj/userMap2023/userMapTop/microblaze_0/standalone_microblaze_0/bsp/system.mss with des name system
TRACE::2026-06-03.23:34:31::SCWMssOS::updating the scw layer about changes
TRACE::2026-06-03.23:34:31::SCWMssOS::Opened the sw design.  D:/vivado_pj/userMap2023/userMapTop/microblaze_0/standalone_microblaze_0/bsp/system.mss
TRACE::2026-06-03.23:34:31::SCWMssOS::Completed writing the mss file at D:/vivado_pj/userMap2023/userMapTop/microblaze_0/standalone_microblaze_0/bsp
TRACE::2026-06-03.23:34:31::SCWMssOS::Mss edits present, copying mssfile into export location D:/vivado_pj/userMap2023/userMapTop/microblaze_0/standalone_microblaze_0/bsp/system.mss
TRACE::2026-06-03.23:34:31::SCWMssOS::bsp generated is upto date with the mss file. Skipping bsp generation.
TRACE::2026-06-03.23:34:31::SCWMssOS::BSP is already built. skipping the bsp build ... 
TRACE::2026-06-03.23:34:31::SCWDomain::Skipping the build for domain :  standalone_microblaze_0
TRACE::2026-06-03.23:34:31::SCWMssOS::skipping the bsp build ... 
TRACE::2026-06-03.23:34:31::SCWMssOS::Copying to export directory.
TRACE::2026-06-03.23:34:31::SCWMssOS:: Checking if to create the Supporting Applications
TRACE::2026-06-03.23:34:31::SCWMssOS:: No Linux domain exists, trying to generate FSBL 
LOG::2026-06-03.23:34:31::SCWSystem::Completed Processing the domain standalone_microblaze_0
LOG::2026-06-03.23:34:31::SCWSystem::Completed Processing the sysconfig userMapTop
LOG::2026-06-03.23:34:31::SCWPlatform::Completed generating the artifacts for system configuration userMapTop
TRACE::2026-06-03.23:34:31::SCWPlatform::Started preparing the platform 
TRACE::2026-06-03.23:34:31::SCWSystem::Writing the bif file for system config userMapTop
TRACE::2026-06-03.23:34:31::SCWSystem::dir created 
TRACE::2026-06-03.23:34:31::SCWSystem::Writing the bif 
TRACE::2026-06-03.23:34:31::SCWPlatform::Started writing the spfm file 
TRACE::2026-06-03.23:34:31::SCWPlatform::Started writing the xpfm file 
TRACE::2026-06-03.23:34:31::SCWPlatform::Completed generating the platform
TRACE::2026-06-03.23:34:31::SCWMssOS::Saving the mss changes D:/vivado_pj/userMap2023/userMapTop/microblaze_0/standalone_microblaze_0/bsp/system.mss
TRACE::2026-06-03.23:34:31::SCWMssOS::Found a swdesign opened with the mssfile.
TRACE::2026-06-03.23:34:31::SCWMssOS::Completed writemss as part of save.
TRACE::2026-06-03.23:34:31::SCWMssOS::Commit changes completed.
TRACE::2026-06-03.23:34:31::SCWPlatform::Trying to open the hw design at D:/vivado_pj/userMap2023/userMapTop/hw/userMapTop2.xsa
TRACE::2026-06-03.23:34:31::SCWPlatform::DSA given D:/vivado_pj/userMap2023/userMapTop/hw/userMapTop2.xsa
TRACE::2026-06-03.23:34:31::SCWPlatform::DSA absoulate path D:/vivado_pj/userMap2023/userMapTop/hw/userMapTop2.xsa
TRACE::2026-06-03.23:34:31::SCWPlatform::DSA directory D:/vivado_pj/userMap2023/userMapTop/hw
TRACE::2026-06-03.23:34:31::SCWPlatform:: Platform Path D:/vivado_pj/userMap2023/userMapTop/hw/userMapTop2.xsa
TRACE::2026-06-03.23:34:31::SCWPlatform:: Unique name xilinx:basys3::0.0
TRACE::2026-06-03.23:34:31::SCWPlatform::Trying to set the existing hwdb with name userMapTop_9
TRACE::2026-06-03.23:34:31::SCWPlatform::Opened existing hwdb userMapTop_9
TRACE::2026-06-03.23:34:31::SCWPlatform::Found the Hw Db part of the input DSA
TRACE::2026-06-03.23:34:31::SCWMssOS::Checking the sw design at  D:/vivado_pj/userMap2023/userMapTop/microblaze_0/standalone_microblaze_0/bsp/system.mss
TRACE::2026-06-03.23:34:31::SCWMssOS::DEBUG:  swdes dump  D:/vivado_pj/userMap2023/userMapTop/microblaze_0/standalone_microblaze_0/bsp/system.mss|system||

TRACE::2026-06-03.23:34:31::SCWMssOS::Sw design exists and opened at  D:/vivado_pj/userMap2023/userMapTop/microblaze_0/standalone_microblaze_0/bsp/system.mss
TRACE::2026-06-03.23:34:31::SCWWriter::formatted JSON is {
	"platformName":	"userMapTop",
	"sprVersion":	"2.0",
	"mode":	"gui",
	"dsaType":	"Fixed",
	"platformDesc":	"userMapTop",
	"platHandOff":	"D:/vivado_pj/userMap/userMapTop2.xsa",
	"platIntHandOff":	"<platformDir>/hw/userMapTop2.xsa",
	"deviceType":	"FPGA",
	"platIsPrebuiltAutogen":	"false",
	"platIsNoBootBsp":	"false",
	"hasFsblMakeHasChanges":	"false",
	"hasPmufwMakeHasChanges":	"false",
	"platPreBuiltFlag":	false,
	"platformSamplesDir":	"",
	"platActiveSys":	"userMapTop",
	"systems":	[{
			"systemName":	"userMapTop",
			"systemDesc":	"userMapTop",
			"sysIsBootAutoGen":	"true",
			"systemDispName":	"userMapTop",
			"sysActiveDom":	"standalone_microblaze_0",
			"sysDefaultDom":	"standalone_microblaze_0",
			"domains":	[{
					"domainName":	"standalone_microblaze_0",
					"domainDispName":	"standalone_microblaze_0",
					"domainDesc":	"standalone_microblaze_0",
					"processors":	"microblaze_0",
					"os":	"standalone",
					"sdxOs":	"standalone",
					"debugEnable":	"False",
					"domRuntimes":	["cpp"],
					"swRepo":	"",
					"mssOsVer":	"8.1",
					"mssFile":	"",
					"md5Digest":	"2387726c7969e4016a1fc62dc46e34ae",
					"compatibleApp":	"",
					"domType":	"mssDomain",
					"arch":	"32-bit",
					"appSettings":	{
						"appCompilerFlags":	"",
						"appLinkerFlags":	""
					},
					"addedLibs":	[],
					"libOptions":	{
						"libsContainingOptions":	[]
					},
					"prebuiltLibs":	{
						"prebuiltIncPath":	[],
						"prebuiltLibPath":	[]
					},
					"isolation":	{
					}
				}]
		}]
}
KEYINFO::2026-06-03.23:34:31::SCWPlatform::updated the xpfm file.
TRACE::2026-06-03.23:34:32::SCWPlatform::Trying to open the hw design at D:/vivado_pj/userMap2023/userMapTop/hw/userMapTop2.xsa
TRACE::2026-06-03.23:34:32::SCWPlatform::DSA given D:/vivado_pj/userMap2023/userMapTop/hw/userMapTop2.xsa
TRACE::2026-06-03.23:34:32::SCWPlatform::DSA absoulate path D:/vivado_pj/userMap2023/userMapTop/hw/userMapTop2.xsa
TRACE::2026-06-03.23:34:32::SCWPlatform::DSA directory D:/vivado_pj/userMap2023/userMapTop/hw
TRACE::2026-06-03.23:34:32::SCWPlatform:: Platform Path D:/vivado_pj/userMap2023/userMapTop/hw/userMapTop2.xsa
TRACE::2026-06-03.23:34:32::SCWPlatform:: Unique name xilinx:basys3::0.0
TRACE::2026-06-03.23:34:32::SCWPlatform::Trying to set the existing hwdb with name userMapTop_9
TRACE::2026-06-03.23:34:32::SCWPlatform::Opened existing hwdb userMapTop_9
TRACE::2026-06-03.23:34:32::SCWPlatform::Found the Hw Db part of the input DSA
TRACE::2026-06-03.23:34:32::SCWMssOS::Checking the sw design at  D:/vivado_pj/userMap2023/userMapTop/microblaze_0/standalone_microblaze_0/bsp/system.mss
TRACE::2026-06-03.23:34:32::SCWMssOS::DEBUG:  swdes dump  D:/vivado_pj/userMap2023/userMapTop/microblaze_0/standalone_microblaze_0/bsp/system.mss|system||

TRACE::2026-06-03.23:34:32::SCWMssOS::Sw design exists and opened at  D:/vivado_pj/userMap2023/userMapTop/microblaze_0/standalone_microblaze_0/bsp/system.mss
TRACE::2026-06-03.23:45:35::SCWPlatform::Clearing the existing platform
TRACE::2026-06-03.23:45:35::SCWSystem::Clearing the existing sysconfig
TRACE::2026-06-03.23:45:35::SCWMssOS::Removing the swdes entry for  D:/vivado_pj/userMap2023/userMapTop/microblaze_0/standalone_microblaze_0/bsp/system.mss
TRACE::2026-06-03.23:45:35::SCWSystem::Clearing the domains completed.
TRACE::2026-06-03.23:45:35::SCWPlatform::Clearing the opened hw db.
TRACE::2026-06-03.23:45:35::SCWPlatform::DSA given D:/vivado_pj/userMap2023/userMapTop/hw/userMapTop2.xsa
TRACE::2026-06-03.23:45:35::SCWPlatform::DSA absoulate path D:/vivado_pj/userMap2023/userMapTop/hw/userMapTop2.xsa
TRACE::2026-06-03.23:45:35::SCWPlatform:: Platform location is D:/vivado_pj/userMap2023/userMapTop/hw
TRACE::2026-06-03.23:45:35::SCWPlatform:: Platform Path D:/vivado_pj/userMap2023/userMapTop/hw/userMapTop2.xsa
TRACE::2026-06-03.23:45:35::SCWPlatform:: Unique name xilinx:basys3::0.0
TRACE::2026-06-03.23:45:35::SCWPlatform::Removing the HwDB with name D:/vivado_pj/userMap2023/userMapTop/hw/userMapTop2.xsa
TRACE::2026-06-03.23:45:35::SCWPlatform::Trying to open the hw design at D:/vivado_pj/userMap2023/userMapTop/hw/userMapTop2.xsa
TRACE::2026-06-03.23:45:35::SCWPlatform::DSA given D:/vivado_pj/userMap2023/userMapTop/hw/userMapTop2.xsa
TRACE::2026-06-03.23:45:35::SCWPlatform::DSA absoulate path D:/vivado_pj/userMap2023/userMapTop/hw/userMapTop2.xsa
TRACE::2026-06-03.23:45:35::SCWPlatform::DSA directory D:/vivado_pj/userMap2023/userMapTop/hw
TRACE::2026-06-03.23:45:35::SCWPlatform:: Platform Path D:/vivado_pj/userMap2023/userMapTop/hw/userMapTop2.xsa
TRACE::2026-06-03.23:45:35::SCWPlatform:: Unique name xilinx:basys3::0.0
TRACE::2026-06-03.23:45:35::SCWPlatform::Do not have an existing db opened. 
TRACE::2026-06-03.23:45:35::SCWPlatform::Opened new HwDB with name userMapTop_10
TRACE::2026-06-03.23:45:35::SCWReader::Active system found as  userMapTop
TRACE::2026-06-03.23:45:35::SCWReader::Handling sysconfig userMapTop
TRACE::2026-06-03.23:45:35::SCWDomain::checking for install qemu data   : 
TRACE::2026-06-03.23:45:35::SCWPlatform::Trying to open the hw design at D:/vivado_pj/userMap2023/userMapTop/hw/userMapTop2.xsa
TRACE::2026-06-03.23:45:35::SCWPlatform::DSA given D:/vivado_pj/userMap2023/userMapTop/hw/userMapTop2.xsa
TRACE::2026-06-03.23:45:35::SCWPlatform::DSA absoulate path D:/vivado_pj/userMap2023/userMapTop/hw/userMapTop2.xsa
TRACE::2026-06-03.23:45:35::SCWPlatform::DSA directory D:/vivado_pj/userMap2023/userMapTop/hw
TRACE::2026-06-03.23:45:35::SCWPlatform:: Platform Path D:/vivado_pj/userMap2023/userMapTop/hw/userMapTop2.xsa
TRACE::2026-06-03.23:45:35::SCWPlatform:: Unique name xilinx:basys3::0.0
TRACE::2026-06-03.23:45:35::SCWPlatform::Trying to set the existing hwdb with name userMapTop_10
TRACE::2026-06-03.23:45:35::SCWPlatform::Opened existing hwdb userMapTop_10
TRACE::2026-06-03.23:45:35::SCWPlatform::Found the Hw Db part of the input DSA
TRACE::2026-06-03.23:45:35::SCWPlatform::Trying to open the hw design at D:/vivado_pj/userMap2023/userMapTop/hw/userMapTop2.xsa
TRACE::2026-06-03.23:45:35::SCWPlatform::DSA given D:/vivado_pj/userMap2023/userMapTop/hw/userMapTop2.xsa
TRACE::2026-06-03.23:45:35::SCWPlatform::DSA absoulate path D:/vivado_pj/userMap2023/userMapTop/hw/userMapTop2.xsa
TRACE::2026-06-03.23:45:35::SCWPlatform::DSA directory D:/vivado_pj/userMap2023/userMapTop/hw
TRACE::2026-06-03.23:45:35::SCWPlatform:: Platform Path D:/vivado_pj/userMap2023/userMapTop/hw/userMapTop2.xsa
TRACE::2026-06-03.23:45:35::SCWPlatform:: Unique name xilinx:basys3::0.0
TRACE::2026-06-03.23:45:35::SCWPlatform::Trying to set the existing hwdb with name userMapTop_10
TRACE::2026-06-03.23:45:35::SCWPlatform::Opened existing hwdb userMapTop_10
TRACE::2026-06-03.23:45:35::SCWPlatform::Found the Hw Db part of the input DSA
TRACE::2026-06-03.23:45:35::SCWPlatform::Trying to open the hw design at D:/vivado_pj/userMap2023/userMapTop/hw/userMapTop2.xsa
TRACE::2026-06-03.23:45:35::SCWPlatform::DSA given D:/vivado_pj/userMap2023/userMapTop/hw/userMapTop2.xsa
TRACE::2026-06-03.23:45:35::SCWPlatform::DSA absoulate path D:/vivado_pj/userMap2023/userMapTop/hw/userMapTop2.xsa
TRACE::2026-06-03.23:45:35::SCWPlatform::DSA directory D:/vivado_pj/userMap2023/userMapTop/hw
TRACE::2026-06-03.23:45:35::SCWPlatform:: Platform Path D:/vivado_pj/userMap2023/userMapTop/hw/userMapTop2.xsa
TRACE::2026-06-03.23:45:35::SCWPlatform:: Unique name xilinx:basys3::0.0
TRACE::2026-06-03.23:45:35::SCWPlatform::Trying to set the existing hwdb with name userMapTop_10
TRACE::2026-06-03.23:45:35::SCWPlatform::Opened existing hwdb userMapTop_10
TRACE::2026-06-03.23:45:35::SCWPlatform::Found the Hw Db part of the input DSA
TRACE::2026-06-03.23:45:35::SCWPlatform::Trying to open the hw design at D:/vivado_pj/userMap2023/userMapTop/hw/userMapTop2.xsa
TRACE::2026-06-03.23:45:35::SCWPlatform::DSA given D:/vivado_pj/userMap2023/userMapTop/hw/userMapTop2.xsa
TRACE::2026-06-03.23:45:35::SCWPlatform::DSA absoulate path D:/vivado_pj/userMap2023/userMapTop/hw/userMapTop2.xsa
TRACE::2026-06-03.23:45:35::SCWPlatform::DSA directory D:/vivado_pj/userMap2023/userMapTop/hw
TRACE::2026-06-03.23:45:35::SCWPlatform:: Platform Path D:/vivado_pj/userMap2023/userMapTop/hw/userMapTop2.xsa
TRACE::2026-06-03.23:45:35::SCWPlatform:: Unique name xilinx:basys3::0.0
TRACE::2026-06-03.23:45:35::SCWPlatform::Trying to set the existing hwdb with name userMapTop_10
TRACE::2026-06-03.23:45:35::SCWPlatform::Opened existing hwdb userMapTop_10
TRACE::2026-06-03.23:45:35::SCWPlatform::Found the Hw Db part of the input DSA
TRACE::2026-06-03.23:45:35::SCWMssOS::Checking the sw design at  D:/vivado_pj/userMap2023/userMapTop/microblaze_0/standalone_microblaze_0/bsp/system.mss
TRACE::2026-06-03.23:45:35::SCWMssOS::DEBUG:  swdes dump  
TRACE::2026-06-03.23:45:35::SCWMssOS::No sw design opened at  D:/vivado_pj/userMap2023/userMapTop/microblaze_0/standalone_microblaze_0/bsp/system.mss
TRACE::2026-06-03.23:45:35::SCWMssOS::mss exists loading the mss file  D:/vivado_pj/userMap2023/userMapTop/microblaze_0/standalone_microblaze_0/bsp/system.mss
TRACE::2026-06-03.23:45:35::SCWMssOS::Opened the sw design from mss  D:/vivado_pj/userMap2023/userMapTop/microblaze_0/standalone_microblaze_0/bsp/system.mss
TRACE::2026-06-03.23:45:35::SCWMssOS::Adding the swdes entry D:/vivado_pj/userMap2023/userMapTop/microblaze_0/standalone_microblaze_0/bsp/system.mss with des name system
TRACE::2026-06-03.23:45:35::SCWMssOS::updating the scw layer about changes
TRACE::2026-06-03.23:45:35::SCWMssOS::Opened the sw design.  D:/vivado_pj/userMap2023/userMapTop/microblaze_0/standalone_microblaze_0/bsp/system.mss
TRACE::2026-06-03.23:45:35::SCWMssOS::Saving the mss changes D:/vivado_pj/userMap2023/userMapTop/microblaze_0/standalone_microblaze_0/bsp/system.mss
TRACE::2026-06-03.23:45:35::SCWMssOS::Found a swdesign opened with the mssfile.
TRACE::2026-06-03.23:45:35::SCWMssOS::Completed writemss as part of save.
TRACE::2026-06-03.23:45:35::SCWMssOS::Commit changes completed.
TRACE::2026-06-03.23:45:35::SCWReader::Adding prebuilt librarypaths as   
TRACE::2026-06-03.23:45:35::SCWReader::Adding prebuilt incpaths  as   
TRACE::2026-06-03.23:45:35::SCWPlatform::Trying to open the hw design at D:/vivado_pj/userMap2023/userMapTop/hw/userMapTop2.xsa
TRACE::2026-06-03.23:45:35::SCWPlatform::DSA given D:/vivado_pj/userMap2023/userMapTop/hw/userMapTop2.xsa
TRACE::2026-06-03.23:45:35::SCWPlatform::DSA absoulate path D:/vivado_pj/userMap2023/userMapTop/hw/userMapTop2.xsa
TRACE::2026-06-03.23:45:35::SCWPlatform::DSA directory D:/vivado_pj/userMap2023/userMapTop/hw
TRACE::2026-06-03.23:45:35::SCWPlatform:: Platform Path D:/vivado_pj/userMap2023/userMapTop/hw/userMapTop2.xsa
TRACE::2026-06-03.23:45:35::SCWPlatform:: Unique name xilinx:basys3::0.0
TRACE::2026-06-03.23:45:35::SCWPlatform::Trying to set the existing hwdb with name userMapTop_10
TRACE::2026-06-03.23:45:35::SCWPlatform::Opened existing hwdb userMapTop_10
TRACE::2026-06-03.23:45:35::SCWPlatform::Found the Hw Db part of the input DSA
TRACE::2026-06-03.23:45:35::SCWMssOS::Checking the sw design at  D:/vivado_pj/userMap2023/userMapTop/microblaze_0/standalone_microblaze_0/bsp/system.mss
TRACE::2026-06-03.23:45:35::SCWMssOS::DEBUG:  swdes dump  D:/vivado_pj/userMap2023/userMapTop/microblaze_0/standalone_microblaze_0/bsp/system.mss|system||

TRACE::2026-06-03.23:45:35::SCWMssOS::Sw design exists and opened at  D:/vivado_pj/userMap2023/userMapTop/microblaze_0/standalone_microblaze_0/bsp/system.mss
TRACE::2026-06-03.23:45:35::SCWReader::No isolation master present  
TRACE::2026-06-03.23:45:40::SCWPlatform::DSA given D:/vivado_pj/userMap2023/userMapTop/tempdsa/userMapTop3.xsa
TRACE::2026-06-03.23:45:40::SCWPlatform::DSA absoulate path D:/vivado_pj/userMap2023/userMapTop/tempdsa/userMapTop3.xsa
TRACE::2026-06-03.23:45:40::SCWPlatform:: Platform location is D:/vivado_pj/userMap2023/userMapTop/tempdsa
TRACE::2026-06-03.23:45:40::SCWPlatform:: Platform Path D:/vivado_pj/userMap2023/userMapTop/tempdsa/userMapTop3.xsa
TRACE::2026-06-03.23:45:40::SCWPlatform:: Unique name xilinx:basys3::0.0
TRACE::2026-06-03.23:45:40::SCWPlatform::Found the Hw Db part of the input DSA
TRACE::2026-06-03.23:45:40::SCWMssOS::Doing hw sync for the mss in domain: standalone_microblaze_0
TRACE::2026-06-03.23:45:40::SCWPlatform::Trying to open the hw design at D:/vivado_pj/userMap2023/userMapTop/hw/userMapTop2.xsa
TRACE::2026-06-03.23:45:40::SCWPlatform::DSA given D:/vivado_pj/userMap2023/userMapTop/hw/userMapTop2.xsa
TRACE::2026-06-03.23:45:40::SCWPlatform::DSA absoulate path D:/vivado_pj/userMap2023/userMapTop/hw/userMapTop2.xsa
TRACE::2026-06-03.23:45:40::SCWPlatform::DSA directory D:/vivado_pj/userMap2023/userMapTop/hw
TRACE::2026-06-03.23:45:40::SCWPlatform:: Platform Path D:/vivado_pj/userMap2023/userMapTop/hw/userMapTop2.xsa
TRACE::2026-06-03.23:45:40::SCWPlatform:: Unique name xilinx:basys3::0.0
TRACE::2026-06-03.23:45:40::SCWPlatform::Trying to set the existing hwdb with name userMapTop_10
TRACE::2026-06-03.23:45:40::SCWPlatform::Opened existing hwdb userMapTop_10
TRACE::2026-06-03.23:45:40::SCWPlatform::Found the Hw Db part of the input DSA
TRACE::2026-06-03.23:45:40::SCWPlatform::Trying to open the hw design at D:/vivado_pj/userMap2023/userMapTop/hw/userMapTop2.xsa
TRACE::2026-06-03.23:45:40::SCWPlatform::DSA given D:/vivado_pj/userMap2023/userMapTop/hw/userMapTop2.xsa
TRACE::2026-06-03.23:45:40::SCWPlatform::DSA absoulate path D:/vivado_pj/userMap2023/userMapTop/hw/userMapTop2.xsa
TRACE::2026-06-03.23:45:40::SCWPlatform::DSA directory D:/vivado_pj/userMap2023/userMapTop/hw
TRACE::2026-06-03.23:45:40::SCWPlatform:: Platform Path D:/vivado_pj/userMap2023/userMapTop/hw/userMapTop2.xsa
TRACE::2026-06-03.23:45:40::SCWPlatform:: Unique name xilinx:basys3::0.0
TRACE::2026-06-03.23:45:40::SCWPlatform::Trying to set the existing hwdb with name userMapTop_10
TRACE::2026-06-03.23:45:40::SCWPlatform::Opened existing hwdb userMapTop_10
TRACE::2026-06-03.23:45:40::SCWPlatform::Found the Hw Db part of the input DSA
TRACE::2026-06-03.23:45:40::SCWMssOS::Checking the sw design at  D:/vivado_pj/userMap2023/userMapTop/microblaze_0/standalone_microblaze_0/bsp/system.mss
TRACE::2026-06-03.23:45:40::SCWMssOS::DEBUG:  swdes dump  D:/vivado_pj/userMap2023/userMapTop/microblaze_0/standalone_microblaze_0/bsp/system.mss|system||

TRACE::2026-06-03.23:45:40::SCWMssOS::Sw design exists and opened at  D:/vivado_pj/userMap2023/userMapTop/microblaze_0/standalone_microblaze_0/bsp/system.mss
TRACE::2026-06-03.23:45:40::SCWPlatform::Trying to open the hw design at D:/vivado_pj/userMap2023/userMapTop/tempdsa/userMapTop3.xsa
TRACE::2026-06-03.23:45:40::SCWPlatform::DSA given D:/vivado_pj/userMap2023/userMapTop/tempdsa/userMapTop3.xsa
TRACE::2026-06-03.23:45:40::SCWPlatform::DSA absoulate path D:/vivado_pj/userMap2023/userMapTop/tempdsa/userMapTop3.xsa
TRACE::2026-06-03.23:45:40::SCWPlatform::DSA directory D:/vivado_pj/userMap2023/userMapTop/tempdsa
TRACE::2026-06-03.23:45:40::SCWPlatform:: Platform Path D:/vivado_pj/userMap2023/userMapTop/tempdsa/userMapTop3.xsa
TRACE::2026-06-03.23:45:40::SCWPlatform:: Unique name xilinx:basys3::0.0
TRACE::2026-06-03.23:45:40::SCWPlatform::update - Opened existing hwdb userMapTop_11
TRACE::2026-06-03.23:45:40::SCWPlatform::Found the Hw Db part of the input DSA
TRACE::2026-06-03.23:45:40::SCWMssOS::Saving the mss changes D:/vivado_pj/userMap2023/userMapTop/microblaze_0/standalone_microblaze_0/bsp/system.mss
TRACE::2026-06-03.23:45:40::SCWMssOS::Found a swdesign opened with the mssfile.
TRACE::2026-06-03.23:45:40::SCWMssOS::Completed writemss as part of save.
TRACE::2026-06-03.23:45:40::SCWMssOS::Commit changes completed.
TRACE::2026-06-03.23:45:40::SCWMssOS::Completed hw sync for the mss in domain: standalone_microblaze_0
TRACE::2026-06-03.23:45:40::SCWMssOS::Removing the swdes entry for  D:/vivado_pj/userMap2023/userMapTop/microblaze_0/standalone_microblaze_0/bsp/system.mss
TRACE::2026-06-03.23:45:40::SCWPlatform::Trying to open the hw design at D:/vivado_pj/userMap2023/userMapTop/hw/userMapTop3.xsa
TRACE::2026-06-03.23:45:40::SCWPlatform::DSA given D:/vivado_pj/userMap2023/userMapTop/hw/userMapTop3.xsa
TRACE::2026-06-03.23:45:40::SCWPlatform::DSA absoulate path D:/vivado_pj/userMap2023/userMapTop/hw/userMapTop3.xsa
TRACE::2026-06-03.23:45:40::SCWPlatform::DSA directory D:/vivado_pj/userMap2023/userMapTop/hw
TRACE::2026-06-03.23:45:40::SCWPlatform:: Platform Path D:/vivado_pj/userMap2023/userMapTop/hw/userMapTop3.xsa
TRACE::2026-06-03.23:45:40::SCWPlatform:: Unique name xilinx:basys3::0.0
TRACE::2026-06-03.23:45:40::SCWPlatform::Do not have an existing db opened. 
TRACE::2026-06-03.23:45:40::SCWPlatform::Opened new HwDB with name userMapTop_12
TRACE::2026-06-03.23:45:40::SCWMssOS::Saving the mss changes D:/vivado_pj/userMap2023/userMapTop/microblaze_0/standalone_microblaze_0/bsp/system.mss
TRACE::2026-06-03.23:45:40::SCWMssOS::Adding the swdes entry, mss present, able to open swdb D:/vivado_pj/userMap2023/userMapTop/microblaze_0/standalone_microblaze_0/bsp/system.mss with des name system
TRACE::2026-06-03.23:45:40::SCWMssOS::Writing the mss file completed D:/vivado_pj/userMap2023/userMapTop/microblaze_0/standalone_microblaze_0/bsp/system.mss
TRACE::2026-06-03.23:45:40::SCWMssOS::Commit changes completed.
TRACE::2026-06-03.23:45:40::SCWPlatform::Trying to open the hw design at D:/vivado_pj/userMap2023/userMapTop/hw/userMapTop3.xsa
TRACE::2026-06-03.23:45:40::SCWPlatform::DSA given D:/vivado_pj/userMap2023/userMapTop/hw/userMapTop3.xsa
TRACE::2026-06-03.23:45:40::SCWPlatform::DSA absoulate path D:/vivado_pj/userMap2023/userMapTop/hw/userMapTop3.xsa
TRACE::2026-06-03.23:45:40::SCWPlatform::DSA directory D:/vivado_pj/userMap2023/userMapTop/hw
TRACE::2026-06-03.23:45:40::SCWPlatform:: Platform Path D:/vivado_pj/userMap2023/userMapTop/hw/userMapTop3.xsa
TRACE::2026-06-03.23:45:40::SCWPlatform:: Unique name xilinx:basys3::0.0
TRACE::2026-06-03.23:45:40::SCWPlatform::Trying to set the existing hwdb with name userMapTop_12
TRACE::2026-06-03.23:45:40::SCWPlatform::Opened existing hwdb userMapTop_12
TRACE::2026-06-03.23:45:40::SCWPlatform::Found the Hw Db part of the input DSA
TRACE::2026-06-03.23:45:40::SCWMssOS::Checking the sw design at  D:/vivado_pj/userMap2023/userMapTop/microblaze_0/standalone_microblaze_0/bsp/system.mss
TRACE::2026-06-03.23:45:40::SCWMssOS::DEBUG:  swdes dump  D:/vivado_pj/userMap2023/userMapTop/microblaze_0/standalone_microblaze_0/bsp/system.mss|system||

TRACE::2026-06-03.23:45:40::SCWMssOS::Sw design exists and opened at  D:/vivado_pj/userMap2023/userMapTop/microblaze_0/standalone_microblaze_0/bsp/system.mss
TRACE::2026-06-03.23:45:40::SCWWriter::formatted JSON is {
	"platformName":	"userMapTop",
	"sprVersion":	"2.0",
	"mode":	"gui",
	"dsaType":	"Fixed",
	"platformDesc":	"userMapTop",
	"platHandOff":	"D:/vivado_pj/userMap/userMapTop3.xsa",
	"platIntHandOff":	"<platformDir>/hw/userMapTop3.xsa",
	"deviceType":	"FPGA",
	"platIsPrebuiltAutogen":	"false",
	"platIsNoBootBsp":	"false",
	"hasFsblMakeHasChanges":	"false",
	"hasPmufwMakeHasChanges":	"false",
	"platPreBuiltFlag":	false,
	"platformSamplesDir":	"",
	"platActiveSys":	"userMapTop",
	"systems":	[{
			"systemName":	"userMapTop",
			"systemDesc":	"userMapTop",
			"sysIsBootAutoGen":	"true",
			"systemDispName":	"userMapTop",
			"sysActiveDom":	"standalone_microblaze_0",
			"sysDefaultDom":	"standalone_microblaze_0",
			"domains":	[{
					"domainName":	"standalone_microblaze_0",
					"domainDispName":	"standalone_microblaze_0",
					"domainDesc":	"standalone_microblaze_0",
					"processors":	"microblaze_0",
					"os":	"standalone",
					"sdxOs":	"standalone",
					"debugEnable":	"False",
					"domRuntimes":	["cpp"],
					"swRepo":	"",
					"mssOsVer":	"8.1",
					"mssFile":	"",
					"md5Digest":	"2387726c7969e4016a1fc62dc46e34ae1",
					"compatibleApp":	"",
					"domType":	"mssDomain",
					"arch":	"32-bit",
					"appSettings":	{
						"appCompilerFlags":	"",
						"appLinkerFlags":	""
					},
					"addedLibs":	[],
					"libOptions":	{
						"libsContainingOptions":	[]
					},
					"prebuiltLibs":	{
						"prebuiltIncPath":	[],
						"prebuiltLibPath":	[]
					},
					"isolation":	{
					}
				}]
		}]
}
TRACE::2026-06-03.23:45:48::SCWMssOS::cleaning the bsp 
TRACE::2026-06-03.23:45:48::SCWMssOS::System Command Ran  D: & cd  D:/vivado_pj/userMap2023/userMapTop/microblaze_0/standalone_microblaze_0/bsp & make clean 
TRACE::2026-06-03.23:45:48::SCWMssOS::make -C microblaze_0/libsrc/bram_v4_8/src -s clean 

TRACE::2026-06-03.23:45:48::SCWMssOS::make -C microblaze_0/libsrc/cpu_v2_17/src -s clean 

TRACE::2026-06-03.23:45:48::SCWMssOS::make -C microblaze_0/libsrc/gpio_v4_9/src -s clean 

TRACE::2026-06-03.23:45:49::SCWMssOS::make -C microblaze_0/libsrc/intc_v3_16/src -s clean 

TRACE::2026-06-03.23:45:49::SCWMssOS::make -C microblaze_0/libsrc/standalone_v8_1/src -s clean 

TRACE::2026-06-03.23:45:49::SCWMssOS::make -C microblaze_0/libsrc/uartlite_v3_8/src -s clean 

TRACE::2026-06-03.23:45:49::SCWMssOS::rm -f microblaze_0/lib/libxil.a

TRACE::2026-06-03.23:45:57::SCWMssOS::cleaning the bsp 
TRACE::2026-06-03.23:45:57::SCWMssOS::System Command Ran  D: & cd  D:/vivado_pj/userMap2023/userMapTop/microblaze_0/standalone_microblaze_0/bsp & make clean 
TRACE::2026-06-03.23:45:57::SCWMssOS::make -C microblaze_0/libsrc/bram_v4_8/src -s clean 

TRACE::2026-06-03.23:45:57::SCWMssOS::make -C microblaze_0/libsrc/cpu_v2_17/src -s clean 

TRACE::2026-06-03.23:45:57::SCWMssOS::make -C microblaze_0/libsrc/gpio_v4_9/src -s clean 

TRACE::2026-06-03.23:45:57::SCWMssOS::make -C microblaze_0/libsrc/intc_v3_16/src -s clean 

TRACE::2026-06-03.23:45:58::SCWMssOS::make -C microblaze_0/libsrc/standalone_v8_1/src -s clean 

TRACE::2026-06-03.23:45:58::SCWMssOS::make -C microblaze_0/libsrc/uartlite_v3_8/src -s clean 

TRACE::2026-06-03.23:45:58::SCWMssOS::rm -f microblaze_0/lib/libxil.a

TRACE::2026-06-03.23:46:06::SCWMssOS::cleaning the bsp 
TRACE::2026-06-03.23:46:06::SCWMssOS::System Command Ran  D: & cd  D:/vivado_pj/userMap2023/userMapTop/microblaze_0/standalone_microblaze_0/bsp & make clean 
TRACE::2026-06-03.23:46:06::SCWMssOS::make -C microblaze_0/libsrc/bram_v4_8/src -s clean 

TRACE::2026-06-03.23:46:07::SCWMssOS::make -C microblaze_0/libsrc/cpu_v2_17/src -s clean 

TRACE::2026-06-03.23:46:07::SCWMssOS::make -C microblaze_0/libsrc/gpio_v4_9/src -s clean 

TRACE::2026-06-03.23:46:07::SCWMssOS::make -C microblaze_0/libsrc/intc_v3_16/src -s clean 

TRACE::2026-06-03.23:46:07::SCWMssOS::make -C microblaze_0/libsrc/standalone_v8_1/src -s clean 

TRACE::2026-06-03.23:46:07::SCWMssOS::make -C microblaze_0/libsrc/uartlite_v3_8/src -s clean 

TRACE::2026-06-03.23:46:07::SCWMssOS::rm -f microblaze_0/lib/libxil.a

LOG::2026-06-03.23:46:19::SCWPlatform::Started generating the artifacts platform userMapTop
TRACE::2026-06-03.23:46:19::SCWPlatform::Sanity checking of platform is completed
LOG::2026-06-03.23:46:19::SCWPlatform::Started generating the artifacts for system configuration userMapTop
LOG::2026-06-03.23:46:19::SCWSystem::Checking the domain standalone_microblaze_0
LOG::2026-06-03.23:46:19::SCWSystem::Not a boot domain 
LOG::2026-06-03.23:46:19::SCWSystem::Started Processing the domain standalone_microblaze_0
TRACE::2026-06-03.23:46:19::SCWDomain::Generating domain artifcats
TRACE::2026-06-03.23:46:19::SCWMssOS::Generating standalone artifcats
TRACE::2026-06-03.23:46:19::SCWMssOS:: Copying the user libraries. 
TRACE::2026-06-03.23:46:19::SCWPlatform::Trying to open the hw design at D:/vivado_pj/userMap2023/userMapTop/hw/userMapTop3.xsa
TRACE::2026-06-03.23:46:19::SCWPlatform::DSA given D:/vivado_pj/userMap2023/userMapTop/hw/userMapTop3.xsa
TRACE::2026-06-03.23:46:19::SCWPlatform::DSA absoulate path D:/vivado_pj/userMap2023/userMapTop/hw/userMapTop3.xsa
TRACE::2026-06-03.23:46:19::SCWPlatform::DSA directory D:/vivado_pj/userMap2023/userMapTop/hw
TRACE::2026-06-03.23:46:19::SCWPlatform:: Platform Path D:/vivado_pj/userMap2023/userMapTop/hw/userMapTop3.xsa
TRACE::2026-06-03.23:46:19::SCWPlatform:: Unique name xilinx:basys3::0.0
TRACE::2026-06-03.23:46:19::SCWPlatform::Trying to set the existing hwdb with name userMapTop_12
TRACE::2026-06-03.23:46:19::SCWPlatform::Opened existing hwdb userMapTop_12
TRACE::2026-06-03.23:46:19::SCWPlatform::Found the Hw Db part of the input DSA
TRACE::2026-06-03.23:46:19::SCWMssOS::Checking the sw design at  D:/vivado_pj/userMap2023/userMapTop/microblaze_0/standalone_microblaze_0/bsp/system.mss
TRACE::2026-06-03.23:46:19::SCWMssOS::DEBUG:  swdes dump  D:/vivado_pj/userMap2023/userMapTop/microblaze_0/standalone_microblaze_0/bsp/system.mss|system||

TRACE::2026-06-03.23:46:19::SCWMssOS::Sw design exists and opened at  D:/vivado_pj/userMap2023/userMapTop/microblaze_0/standalone_microblaze_0/bsp/system.mss
TRACE::2026-06-03.23:46:19::SCWMssOS::Completed writing the mss file at D:/vivado_pj/userMap2023/userMapTop/microblaze_0/standalone_microblaze_0/bsp
TRACE::2026-06-03.23:46:19::SCWMssOS::Mss edits present, copying mssfile into export location D:/vivado_pj/userMap2023/userMapTop/microblaze_0/standalone_microblaze_0/bsp/system.mss
TRACE::2026-06-03.23:46:19::SCWMssOS::bsp generated is stale removing and regenerating. 
TRACE::2026-06-03.23:46:20::SCWMssOS::doing bsp build ... 
TRACE::2026-06-03.23:46:20::SCWMssOS::System Command Ran  D: & cd  D:/vivado_pj/userMap2023/userMapTop/microblaze_0/standalone_microblaze_0/bsp & make 
TRACE::2026-06-03.23:46:20::SCWMssOS::make --no-print-directory seq_libs

TRACE::2026-06-03.23:46:20::SCWMssOS::'Finished building libraries sequentially.'

TRACE::2026-06-03.23:46:20::SCWMssOS::make -j 14 --no-print-directory par_libs

TRACE::2026-06-03.23:46:20::SCWMssOS::"Running Make include in microblaze_0/libsrc/bram_v4_8/src"

TRACE::2026-06-03.23:46:20::SCWMssOS::make -C microblaze_0/libsrc/bram_v4_8/src -s include  "SHELL=CMD" "COMPILER=mb-gcc" "ASSEMBLER=mb-as" "ARCHIVER=mb-ar" "COMPILE
TRACE::2026-06-03.23:46:20::SCWMssOS::R_FLAGS=  -O2 -c -mcpu=v11.0 -mlittle-endian -mxl-soft-mul" "EXTRA_COMPILER_FLAGS=-g -ffunction-sections -fdata-sections -Wall 
TRACE::2026-06-03.23:46:20::SCWMssOS::-Wextra -fno-tree-loop-distribute-patterns"

TRACE::2026-06-03.23:46:20::SCWMssOS::"Running Make include in microblaze_0/libsrc/cpu_v2_17/src"

TRACE::2026-06-03.23:46:20::SCWMssOS::make -C microblaze_0/libsrc/cpu_v2_17/src -s include  "SHELL=CMD" "COMPILER=mb-gcc" "ASSEMBLER=mb-as" "ARCHIVER=mb-ar" "COMPILE
TRACE::2026-06-03.23:46:20::SCWMssOS::R_FLAGS=  -O2 -c -mcpu=v11.0 -mlittle-endian -mxl-soft-mul" "EXTRA_COMPILER_FLAGS=-g -ffunction-sections -fdata-sections -Wall 
TRACE::2026-06-03.23:46:20::SCWMssOS::-Wextra -fno-tree-loop-distribute-patterns"

TRACE::2026-06-03.23:46:20::SCWMssOS::"Running Make include in microblaze_0/libsrc/gpio_v4_9/src"

TRACE::2026-06-03.23:46:20::SCWMssOS::make -C microblaze_0/libsrc/gpio_v4_9/src -s include  "SHELL=CMD" "COMPILER=mb-gcc" "ASSEMBLER=mb-as" "ARCHIVER=mb-ar" "COMPILE
TRACE::2026-06-03.23:46:20::SCWMssOS::R_FLAGS=  -O2 -c -mcpu=v11.0 -mlittle-endian -mxl-soft-mul" "EXTRA_COMPILER_FLAGS=-g -ffunction-sections -fdata-sections -Wall 
TRACE::2026-06-03.23:46:20::SCWMssOS::-Wextra -fno-tree-loop-distribute-patterns"

TRACE::2026-06-03.23:46:20::SCWMssOS::"Running Make include in microblaze_0/libsrc/intc_v3_16/src"

TRACE::2026-06-03.23:46:20::SCWMssOS::make -C microblaze_0/libsrc/intc_v3_16/src -s include  "SHELL=CMD" "COMPILER=mb-gcc" "ASSEMBLER=mb-as" "ARCHIVER=mb-ar" "COMPIL
TRACE::2026-06-03.23:46:20::SCWMssOS::ER_FLAGS=  -O2 -c -mcpu=v11.0 -mlittle-endian -mxl-soft-mul" "EXTRA_COMPILER_FLAGS=-g -ffunction-sections -fdata-sections -Wall
TRACE::2026-06-03.23:46:20::SCWMssOS:: -Wextra -fno-tree-loop-distribute-patterns"

TRACE::2026-06-03.23:46:20::SCWMssOS::"Running Make include in microblaze_0/libsrc/standalone_v8_1/src"

TRACE::2026-06-03.23:46:20::SCWMssOS::make -C microblaze_0/libsrc/standalone_v8_1/src -s include  "SHELL=CMD" "COMPILER=mb-gcc" "ASSEMBLER=mb-as" "ARCHIVER=mb-ar" "C
TRACE::2026-06-03.23:46:20::SCWMssOS::OMPILER_FLAGS=  -O2 -c -mcpu=v11.0 -mlittle-endian -mxl-soft-mul" "EXTRA_COMPILER_FLAGS=-g -ffunction-sections -fdata-sections 
TRACE::2026-06-03.23:46:20::SCWMssOS::-Wall -Wextra -fno-tree-loop-distribute-patterns"

TRACE::2026-06-03.23:46:20::SCWMssOS::"Running Make include in microblaze_0/libsrc/uartlite_v3_8/src"

TRACE::2026-06-03.23:46:20::SCWMssOS::make -C microblaze_0/libsrc/uartlite_v3_8/src -s include  "SHELL=CMD" "COMPILER=mb-gcc" "ASSEMBLER=mb-as" "ARCHIVER=mb-ar" "COM
TRACE::2026-06-03.23:46:20::SCWMssOS::PILER_FLAGS=  -O2 -c -mcpu=v11.0 -mlittle-endian -mxl-soft-mul" "EXTRA_COMPILER_FLAGS=-g -ffunction-sections -fdata-sections -W
TRACE::2026-06-03.23:46:20::SCWMssOS::all -Wextra -fno-tree-loop-distribute-patterns"

TRACE::2026-06-03.23:46:20::SCWMssOS::"Running Make libs in microblaze_0/libsrc/bram_v4_8/src"

TRACE::2026-06-03.23:46:20::SCWMssOS::make -C microblaze_0/libsrc/bram_v4_8/src -s libs  "SHELL=CMD" "COMPILER=mb-gcc" "ASSEMBLER=mb-as" "ARCHIVER=mb-ar" "COMPILER_F
TRACE::2026-06-03.23:46:20::SCWMssOS::LAGS=  -O2 -c -mcpu=v11.0 -mlittle-endian -mxl-soft-mul" "EXTRA_COMPILER_FLAGS=-g -ffunction-sections -fdata-sections -Wall -We
TRACE::2026-06-03.23:46:20::SCWMssOS::xtra -fno-tree-loop-distribute-patterns"

TRACE::2026-06-03.23:46:20::SCWMssOS::"Running Make libs in microblaze_0/libsrc/cpu_v2_17/src"

TRACE::2026-06-03.23:46:20::SCWMssOS::make -C microblaze_0/libsrc/cpu_v2_17/src -s libs  "SHELL=CMD" "COMPILER=mb-gcc" "ASSEMBLER=mb-as" "ARCHIVER=mb-ar" "COMPILER_F
TRACE::2026-06-03.23:46:20::SCWMssOS::LAGS=  -O2 -c -mcpu=v11.0 -mlittle-endian -mxl-soft-mul" "EXTRA_COMPILER_FLAGS=-g -ffunction-sections -fdata-sections -Wall -We
TRACE::2026-06-03.23:46:20::SCWMssOS::xtra -fno-tree-loop-distribute-patterns"

TRACE::2026-06-03.23:46:21::SCWMssOS::"Running Make libs in microblaze_0/libsrc/gpio_v4_9/src"

TRACE::2026-06-03.23:46:21::SCWMssOS::make -C microblaze_0/libsrc/gpio_v4_9/src -s libs  "SHELL=CMD" "COMPILER=mb-gcc" "ASSEMBLER=mb-as" "ARCHIVER=mb-ar" "COMPILER_F
TRACE::2026-06-03.23:46:21::SCWMssOS::LAGS=  -O2 -c -mcpu=v11.0 -mlittle-endian -mxl-soft-mul" "EXTRA_COMPILER_FLAGS=-g -ffunction-sections -fdata-sections -Wall -We
TRACE::2026-06-03.23:46:21::SCWMssOS::xtra -fno-tree-loop-distribute-patterns"

TRACE::2026-06-03.23:46:21::SCWMssOS::"Running Make libs in microblaze_0/libsrc/intc_v3_16/src"

TRACE::2026-06-03.23:46:21::SCWMssOS::make -C microblaze_0/libsrc/intc_v3_16/src -s libs  "SHELL=CMD" "COMPILER=mb-gcc" "ASSEMBLER=mb-as" "ARCHIVER=mb-ar" "COMPILER_
TRACE::2026-06-03.23:46:21::SCWMssOS::FLAGS=  -O2 -c -mcpu=v11.0 -mlittle-endian -mxl-soft-mul" "EXTRA_COMPILER_FLAGS=-g -ffunction-sections -fdata-sections -Wall -W
TRACE::2026-06-03.23:46:21::SCWMssOS::extra -fno-tree-loop-distribute-patterns"

TRACE::2026-06-03.23:46:21::SCWMssOS::"Running Make libs in microblaze_0/libsrc/standalone_v8_1/src"

TRACE::2026-06-03.23:46:21::SCWMssOS::make -C microblaze_0/libsrc/standalone_v8_1/src -s libs  "SHELL=CMD" "COMPILER=mb-gcc" "ASSEMBLER=mb-as" "ARCHIVER=mb-ar" "COMP
TRACE::2026-06-03.23:46:21::SCWMssOS::ILER_FLAGS=  -O2 -c -mcpu=v11.0 -mlittle-endian -mxl-soft-mul" "EXTRA_COMPILER_FLAGS=-g -ffunction-sections -fdata-sections -Wa
TRACE::2026-06-03.23:46:21::SCWMssOS::ll -Wextra -fno-tree-loop-distribute-patterns"

TRACE::2026-06-03.23:46:21::SCWMssOS::"Running Make libs in microblaze_0/libsrc/uartlite_v3_8/src"

TRACE::2026-06-03.23:46:21::SCWMssOS::make -C microblaze_0/libsrc/uartlite_v3_8/src -s libs  "SHELL=CMD" "COMPILER=mb-gcc" "ASSEMBLER=mb-as" "ARCHIVER=mb-ar" "COMPIL
TRACE::2026-06-03.23:46:21::SCWMssOS::ER_FLAGS=  -O2 -c -mcpu=v11.0 -mlittle-endian -mxl-soft-mul" "EXTRA_COMPILER_FLAGS=-g -ffunction-sections -fdata-sections -Wall
TRACE::2026-06-03.23:46:21::SCWMssOS:: -Wextra -fno-tree-loop-distribute-patterns"

TRACE::2026-06-03.23:46:22::SCWMssOS::"DEBUG NON_LTO_OBJECTS is ../../../lib/microblaze_interrupt_handler.o"

TRACE::2026-06-03.23:46:22::SCWMssOS::'Finished building libraries parallelly.'

TRACE::2026-06-03.23:46:22::SCWMssOS::make --no-print-directory archive

TRACE::2026-06-03.23:46:22::SCWMssOS::mb-ar -r  microblaze_0/lib/libxil.a microblaze_0/lib/_exit.o microblaze_0/lib/errno.o microblaze_0/lib/fcntl.o microblaze_0/lib
TRACE::2026-06-03.23:46:22::SCWMssOS::/hw_exception_handler.o microblaze_0/lib/inbyte.o microblaze_0/lib/microblaze_disable_dcache.o microblaze_0/lib/microblaze_disa
TRACE::2026-06-03.23:46:22::SCWMssOS::ble_exceptions.o microblaze_0/lib/microblaze_disable_icache.o microblaze_0/lib/microblaze_disable_interrupts.o microblaze_0/lib
TRACE::2026-06-03.23:46:22::SCWMssOS::/microblaze_enable_dcache.o microblaze_0/lib/microblaze_enable_exceptions.o microblaze_0/lib/microblaze_enable_icache.o microbl
TRACE::2026-06-03.23:46:22::SCWMssOS::aze_0/lib/microblaze_enable_interrupts.o microblaze_0/lib/microblaze_exception_handler.o microblaze_0/lib/microblaze_flush_cach
TRACE::2026-06-03.23:46:22::SCWMssOS::e_ext.o microblaze_0/lib/microblaze_flush_cache_ext_range.o microblaze_0/lib/microblaze_flush_dcache.o microblaze_0/lib/microbl
TRACE::2026-06-03.23:46:22::SCWMssOS::aze_flush_dcache_range.o microblaze_0/lib/microblaze_init_dcache_range.o microblaze_0/lib/microblaze_init_icache_range.o microb
TRACE::2026-06-03.23:46:22::SCWMssOS::laze_0/lib/microblaze_interrupt_handler.o microblaze_0/lib/microblaze_interrupts_g.o microblaze_0/lib/microblaze_invalidate_cac
TRACE::2026-06-03.23:46:22::SCWMssOS::he_ext.o microblaze_0/lib/microblaze_invalidate_cache_ext_range.o microblaze_0/lib/microblaze_invalidate_dcache.o microblaze_0/
TRACE::2026-06-03.23:46:22::SCWMssOS::lib/microblaze_invalidate_dcache_range.o microblaze_0/lib/microblaze_invalidate_icache.o microblaze_0/lib/microblaze_invalidate
TRACE::2026-06-03.23:46:22::SCWMssOS::_icache_range.o microblaze_0/lib/microblaze_scrub.o microblaze_0/lib/microblaze_selftest.o microblaze_0/lib/microblaze_sleep.o 
TRACE::2026-06-03.23:46:22::SCWMssOS::microblaze_0/lib/microblaze_update_dcache.o microblaze_0/lib/microblaze_update_icache.o microblaze_0/lib/outbyte.o microblaze_0
TRACE::2026-06-03.23:46:22::SCWMssOS::/lib/print.o microblaze_0/lib/pvr.o microblaze_0/lib/xbram.o microblaze_0/lib/xbram_g.o microblaze_0/lib/xbram_intr.o microblaz
TRACE::2026-06-03.23:46:22::SCWMssOS::e_0/lib/xbram_selftest.o microblaze_0/lib/xbram_sinit.o microblaze_0/lib/xgpio.o microblaze_0/lib/xgpio_extra.o microblaze_0/li
TRACE::2026-06-03.23:46:22::SCWMssOS::b/xgpio_g.o microblaze_0/lib/xgpio_intr.o microblaze_0/lib/xgpio_selftest.o microblaze_0/lib/xgpio_sinit.o microblaze_0/lib/xil
TRACE::2026-06-03.23:46:22::SCWMssOS::_assert.o microblaze_0/lib/xil_cache.o microblaze_0/lib/xil_clocking.o microblaze_0/lib/xil_exception.o microblaze_0/lib/xil_me
TRACE::2026-06-03.23:46:22::SCWMssOS::m.o microblaze_0/lib/xil_misc_psreset_api.o microblaze_0/lib/xil_printf.o microblaze_0/lib/xil_sleepcommon.o microblaze_0/lib/x
TRACE::2026-06-03.23:46:22::SCWMssOS::il_testcache.o microblaze_0/lib/xil_testio.o microblaze_0/lib/xil_testmem.o microblaze_0/lib/xil_util.o microblaze_0/lib/xintc.
TRACE::2026-06-03.23:46:22::SCWMssOS::o microblaze_0/lib/xintc_g.o microblaze_0/lib/xintc_intr.o microblaze_0/lib/xintc_l.o microblaze_0/lib/xintc_options.o microbla
TRACE::2026-06-03.23:46:22::SCWMssOS::ze_0/lib/xintc_selftest.o microblaze_0/lib/xinterrupt_wrap.o microblaze_0/lib/xio.o microblaze_0/lib/xplatform_info.o microblaz
TRACE::2026-06-03.23:46:22::SCWMssOS::e_0/lib/xuartlite.o microblaze_0/lib/xuartlite_g.o microblaze_0/lib/xuartlite_intr.o microblaze_0/lib/xuartlite_l.o microblaze_
TRACE::2026-06-03.23:46:22::SCWMssOS::0/lib/xuartlite_selftest.o microblaze_0/lib/xuartlite_sinit.o microblaze_0/lib/xuartlite_stats.o

TRACE::2026-06-03.23:46:22::SCWMssOS::'Finished building libraries'

TRACE::2026-06-03.23:46:22::SCWMssOS:: Checking if to create the Supporting Applications
TRACE::2026-06-03.23:46:22::SCWMssOS:: No Linux domain exists, trying to generate FSBL 
LOG::2026-06-03.23:46:22::SCWSystem::Completed Processing the domain standalone_microblaze_0
LOG::2026-06-03.23:46:22::SCWSystem::Completed Processing the sysconfig userMapTop
LOG::2026-06-03.23:46:22::SCWPlatform::Completed generating the artifacts for system configuration userMapTop
TRACE::2026-06-03.23:46:22::SCWPlatform::Started preparing the platform 
TRACE::2026-06-03.23:46:22::SCWSystem::Writing the bif file for system config userMapTop
TRACE::2026-06-03.23:46:22::SCWSystem::dir created 
TRACE::2026-06-03.23:46:22::SCWSystem::Writing the bif 
TRACE::2026-06-03.23:46:22::SCWPlatform::Started writing the spfm file 
TRACE::2026-06-03.23:46:22::SCWPlatform::Started writing the xpfm file 
TRACE::2026-06-03.23:46:22::SCWPlatform::Completed generating the platform
TRACE::2026-06-03.23:46:22::SCWMssOS::Saving the mss changes D:/vivado_pj/userMap2023/userMapTop/microblaze_0/standalone_microblaze_0/bsp/system.mss
TRACE::2026-06-03.23:46:22::SCWMssOS::Adding the swdes entry, mss present, able to open swdb D:/vivado_pj/userMap2023/userMapTop/microblaze_0/standalone_microblaze_0/bsp/system.mss with des name system
TRACE::2026-06-03.23:46:22::SCWMssOS::Writing the mss file completed D:/vivado_pj/userMap2023/userMapTop/microblaze_0/standalone_microblaze_0/bsp/system.mss
TRACE::2026-06-03.23:46:22::SCWMssOS::Commit changes completed.
TRACE::2026-06-03.23:46:22::SCWPlatform::Trying to open the hw design at D:/vivado_pj/userMap2023/userMapTop/hw/userMapTop3.xsa
TRACE::2026-06-03.23:46:22::SCWPlatform::DSA given D:/vivado_pj/userMap2023/userMapTop/hw/userMapTop3.xsa
TRACE::2026-06-03.23:46:22::SCWPlatform::DSA absoulate path D:/vivado_pj/userMap2023/userMapTop/hw/userMapTop3.xsa
TRACE::2026-06-03.23:46:22::SCWPlatform::DSA directory D:/vivado_pj/userMap2023/userMapTop/hw
TRACE::2026-06-03.23:46:22::SCWPlatform:: Platform Path D:/vivado_pj/userMap2023/userMapTop/hw/userMapTop3.xsa
TRACE::2026-06-03.23:46:22::SCWPlatform:: Unique name xilinx:basys3::0.0
TRACE::2026-06-03.23:46:22::SCWPlatform::Trying to set the existing hwdb with name userMapTop_12
TRACE::2026-06-03.23:46:22::SCWPlatform::Opened existing hwdb userMapTop_12
TRACE::2026-06-03.23:46:22::SCWPlatform::Found the Hw Db part of the input DSA
TRACE::2026-06-03.23:46:22::SCWMssOS::Checking the sw design at  D:/vivado_pj/userMap2023/userMapTop/microblaze_0/standalone_microblaze_0/bsp/system.mss
TRACE::2026-06-03.23:46:22::SCWMssOS::DEBUG:  swdes dump  D:/vivado_pj/userMap2023/userMapTop/microblaze_0/standalone_microblaze_0/bsp/system.mss|system||

TRACE::2026-06-03.23:46:22::SCWMssOS::Sw design exists and opened at  D:/vivado_pj/userMap2023/userMapTop/microblaze_0/standalone_microblaze_0/bsp/system.mss
TRACE::2026-06-03.23:46:22::SCWWriter::formatted JSON is {
	"platformName":	"userMapTop",
	"sprVersion":	"2.0",
	"mode":	"gui",
	"dsaType":	"Fixed",
	"platformDesc":	"userMapTop",
	"platHandOff":	"D:/vivado_pj/userMap/userMapTop3.xsa",
	"platIntHandOff":	"<platformDir>/hw/userMapTop3.xsa",
	"deviceType":	"FPGA",
	"platIsPrebuiltAutogen":	"false",
	"platIsNoBootBsp":	"false",
	"hasFsblMakeHasChanges":	"false",
	"hasPmufwMakeHasChanges":	"false",
	"platPreBuiltFlag":	false,
	"platformSamplesDir":	"",
	"platActiveSys":	"userMapTop",
	"systems":	[{
			"systemName":	"userMapTop",
			"systemDesc":	"userMapTop",
			"sysIsBootAutoGen":	"true",
			"systemDispName":	"userMapTop",
			"sysActiveDom":	"standalone_microblaze_0",
			"sysDefaultDom":	"standalone_microblaze_0",
			"domains":	[{
					"domainName":	"standalone_microblaze_0",
					"domainDispName":	"standalone_microblaze_0",
					"domainDesc":	"standalone_microblaze_0",
					"processors":	"microblaze_0",
					"os":	"standalone",
					"sdxOs":	"standalone",
					"debugEnable":	"False",
					"domRuntimes":	["cpp"],
					"swRepo":	"",
					"mssOsVer":	"8.1",
					"mssFile":	"",
					"md5Digest":	"2387726c7969e4016a1fc62dc46e34ae",
					"compatibleApp":	"",
					"domType":	"mssDomain",
					"arch":	"32-bit",
					"appSettings":	{
						"appCompilerFlags":	"",
						"appLinkerFlags":	""
					},
					"addedLibs":	[],
					"libOptions":	{
						"libsContainingOptions":	[]
					},
					"prebuiltLibs":	{
						"prebuiltIncPath":	[],
						"prebuiltLibPath":	[]
					},
					"isolation":	{
					}
				}]
		}]
}
KEYINFO::2026-06-03.23:46:22::SCWPlatform::updated the xpfm file.
TRACE::2026-06-03.23:46:23::SCWPlatform::Trying to open the hw design at D:/vivado_pj/userMap2023/userMapTop/hw/userMapTop3.xsa
TRACE::2026-06-03.23:46:23::SCWPlatform::DSA given D:/vivado_pj/userMap2023/userMapTop/hw/userMapTop3.xsa
TRACE::2026-06-03.23:46:23::SCWPlatform::DSA absoulate path D:/vivado_pj/userMap2023/userMapTop/hw/userMapTop3.xsa
TRACE::2026-06-03.23:46:23::SCWPlatform::DSA directory D:/vivado_pj/userMap2023/userMapTop/hw
TRACE::2026-06-03.23:46:23::SCWPlatform:: Platform Path D:/vivado_pj/userMap2023/userMapTop/hw/userMapTop3.xsa
TRACE::2026-06-03.23:46:23::SCWPlatform:: Unique name xilinx:basys3::0.0
TRACE::2026-06-03.23:46:23::SCWPlatform::Trying to set the existing hwdb with name userMapTop_12
TRACE::2026-06-03.23:46:23::SCWPlatform::Opened existing hwdb userMapTop_12
TRACE::2026-06-03.23:46:23::SCWPlatform::Found the Hw Db part of the input DSA
TRACE::2026-06-03.23:46:23::SCWMssOS::Checking the sw design at  D:/vivado_pj/userMap2023/userMapTop/microblaze_0/standalone_microblaze_0/bsp/system.mss
TRACE::2026-06-03.23:46:23::SCWMssOS::DEBUG:  swdes dump  D:/vivado_pj/userMap2023/userMapTop/microblaze_0/standalone_microblaze_0/bsp/system.mss|system||

TRACE::2026-06-03.23:46:23::SCWMssOS::Sw design exists and opened at  D:/vivado_pj/userMap2023/userMapTop/microblaze_0/standalone_microblaze_0/bsp/system.mss
TRACE::2026-06-03.23:46:32::SCWMssOS::cleaning the bsp 
TRACE::2026-06-03.23:46:32::SCWMssOS::System Command Ran  D: & cd  D:/vivado_pj/userMap2023/userMapTop/microblaze_0/standalone_microblaze_0/bsp & make clean 
TRACE::2026-06-03.23:46:32::SCWMssOS::make -C microblaze_0/libsrc/bram_v4_8/src -s clean 

TRACE::2026-06-03.23:46:32::SCWMssOS::make -C microblaze_0/libsrc/cpu_v2_17/src -s clean 

TRACE::2026-06-03.23:46:32::SCWMssOS::make -C microblaze_0/libsrc/gpio_v4_9/src -s clean 

TRACE::2026-06-03.23:46:32::SCWMssOS::make -C microblaze_0/libsrc/intc_v3_16/src -s clean 

TRACE::2026-06-03.23:46:32::SCWMssOS::make -C microblaze_0/libsrc/standalone_v8_1/src -s clean 

TRACE::2026-06-03.23:46:33::SCWMssOS::make -C microblaze_0/libsrc/uartlite_v3_8/src -s clean 

TRACE::2026-06-03.23:46:33::SCWMssOS::rm -f microblaze_0/lib/libxil.a

TRACE::2026-06-03.23:46:42::SCWMssOS::cleaning the bsp 
TRACE::2026-06-03.23:46:42::SCWMssOS::System Command Ran  D: & cd  D:/vivado_pj/userMap2023/userMapTop/microblaze_0/standalone_microblaze_0/bsp & make clean 
TRACE::2026-06-03.23:46:42::SCWMssOS::make -C microblaze_0/libsrc/bram_v4_8/src -s clean 

TRACE::2026-06-03.23:46:42::SCWMssOS::make -C microblaze_0/libsrc/cpu_v2_17/src -s clean 

TRACE::2026-06-03.23:46:42::SCWMssOS::make -C microblaze_0/libsrc/gpio_v4_9/src -s clean 

TRACE::2026-06-03.23:46:42::SCWMssOS::make -C microblaze_0/libsrc/intc_v3_16/src -s clean 

TRACE::2026-06-03.23:46:42::SCWMssOS::make -C microblaze_0/libsrc/standalone_v8_1/src -s clean 

TRACE::2026-06-03.23:46:42::SCWMssOS::make -C microblaze_0/libsrc/uartlite_v3_8/src -s clean 

TRACE::2026-06-03.23:46:42::SCWMssOS::rm -f microblaze_0/lib/libxil.a

LOG::2026-06-03.23:46:56::SCWPlatform::Started generating the artifacts platform userMapTop
TRACE::2026-06-03.23:46:56::SCWPlatform::Sanity checking of platform is completed
LOG::2026-06-03.23:46:56::SCWPlatform::Started generating the artifacts for system configuration userMapTop
LOG::2026-06-03.23:46:56::SCWSystem::Checking the domain standalone_microblaze_0
LOG::2026-06-03.23:46:56::SCWSystem::Not a boot domain 
LOG::2026-06-03.23:46:56::SCWSystem::Started Processing the domain standalone_microblaze_0
TRACE::2026-06-03.23:46:56::SCWDomain::Generating domain artifcats
TRACE::2026-06-03.23:46:56::SCWMssOS::Generating standalone artifcats
TRACE::2026-06-03.23:46:56::SCWMssOS:: Copying the user libraries. 
TRACE::2026-06-03.23:46:56::SCWPlatform::Trying to open the hw design at D:/vivado_pj/userMap2023/userMapTop/hw/userMapTop3.xsa
TRACE::2026-06-03.23:46:56::SCWPlatform::DSA given D:/vivado_pj/userMap2023/userMapTop/hw/userMapTop3.xsa
TRACE::2026-06-03.23:46:56::SCWPlatform::DSA absoulate path D:/vivado_pj/userMap2023/userMapTop/hw/userMapTop3.xsa
TRACE::2026-06-03.23:46:56::SCWPlatform::DSA directory D:/vivado_pj/userMap2023/userMapTop/hw
TRACE::2026-06-03.23:46:56::SCWPlatform:: Platform Path D:/vivado_pj/userMap2023/userMapTop/hw/userMapTop3.xsa
TRACE::2026-06-03.23:46:56::SCWPlatform:: Unique name xilinx:basys3::0.0
TRACE::2026-06-03.23:46:56::SCWPlatform::Trying to set the existing hwdb with name userMapTop_12
TRACE::2026-06-03.23:46:56::SCWPlatform::Opened existing hwdb userMapTop_12
TRACE::2026-06-03.23:46:56::SCWPlatform::Found the Hw Db part of the input DSA
TRACE::2026-06-03.23:46:56::SCWMssOS::Checking the sw design at  D:/vivado_pj/userMap2023/userMapTop/microblaze_0/standalone_microblaze_0/bsp/system.mss
TRACE::2026-06-03.23:46:56::SCWMssOS::DEBUG:  swdes dump  D:/vivado_pj/userMap2023/userMapTop/microblaze_0/standalone_microblaze_0/bsp/system.mss|system||

TRACE::2026-06-03.23:46:56::SCWMssOS::Sw design exists and opened at  D:/vivado_pj/userMap2023/userMapTop/microblaze_0/standalone_microblaze_0/bsp/system.mss
TRACE::2026-06-03.23:46:56::SCWMssOS::Completed writing the mss file at D:/vivado_pj/userMap2023/userMapTop/microblaze_0/standalone_microblaze_0/bsp
TRACE::2026-06-03.23:46:56::SCWMssOS::Mss edits present, copying mssfile into export location D:/vivado_pj/userMap2023/userMapTop/microblaze_0/standalone_microblaze_0/bsp/system.mss
TRACE::2026-06-03.23:46:56::SCWMssOS::bsp generated is upto date with the mss file. Skipping bsp generation.
TRACE::2026-06-03.23:46:56::SCWMssOS::BSP is already built. skipping the bsp build ... 
TRACE::2026-06-03.23:46:56::SCWDomain::Building the domain as part of full build :  standalone_microblaze_0
TRACE::2026-06-03.23:46:56::SCWMssOS::doing bsp build ... 
TRACE::2026-06-03.23:46:56::SCWMssOS::System Command Ran  D: & cd  D:/vivado_pj/userMap2023/userMapTop/microblaze_0/standalone_microblaze_0/bsp & make 
TRACE::2026-06-03.23:46:56::SCWMssOS::make --no-print-directory seq_libs

TRACE::2026-06-03.23:46:56::SCWMssOS::'Finished building libraries sequentially.'

TRACE::2026-06-03.23:46:56::SCWMssOS::make -j 14 --no-print-directory par_libs

TRACE::2026-06-03.23:46:56::SCWMssOS::"Running Make include in microblaze_0/libsrc/bram_v4_8/src"

TRACE::2026-06-03.23:46:56::SCWMssOS::make -C microblaze_0/libsrc/bram_v4_8/src -s include  "SHELL=CMD" "COMPILER=mb-gcc" "ASSEMBLER=mb-as" "ARCHIVER=mb-ar" "COMPILE
TRACE::2026-06-03.23:46:56::SCWMssOS::R_FLAGS=  -O2 -c -mcpu=v11.0 -mlittle-endian -mxl-soft-mul" "EXTRA_COMPILER_FLAGS=-g -ffunction-sections -fdata-sections -Wall 
TRACE::2026-06-03.23:46:56::SCWMssOS::-Wextra -fno-tree-loop-distribute-patterns"

TRACE::2026-06-03.23:46:56::SCWMssOS::"Running Make include in microblaze_0/libsrc/cpu_v2_17/src"

TRACE::2026-06-03.23:46:56::SCWMssOS::make -C microblaze_0/libsrc/cpu_v2_17/src -s include  "SHELL=CMD" "COMPILER=mb-gcc" "ASSEMBLER=mb-as" "ARCHIVER=mb-ar" "COMPILE
TRACE::2026-06-03.23:46:56::SCWMssOS::R_FLAGS=  -O2 -c -mcpu=v11.0 -mlittle-endian -mxl-soft-mul" "EXTRA_COMPILER_FLAGS=-g -ffunction-sections -fdata-sections -Wall 
TRACE::2026-06-03.23:46:56::SCWMssOS::-Wextra -fno-tree-loop-distribute-patterns"

TRACE::2026-06-03.23:46:56::SCWMssOS::"Running Make include in microblaze_0/libsrc/gpio_v4_9/src"

TRACE::2026-06-03.23:46:56::SCWMssOS::make -C microblaze_0/libsrc/gpio_v4_9/src -s include  "SHELL=CMD" "COMPILER=mb-gcc" "ASSEMBLER=mb-as" "ARCHIVER=mb-ar" "COMPILE
TRACE::2026-06-03.23:46:56::SCWMssOS::R_FLAGS=  -O2 -c -mcpu=v11.0 -mlittle-endian -mxl-soft-mul" "EXTRA_COMPILER_FLAGS=-g -ffunction-sections -fdata-sections -Wall 
TRACE::2026-06-03.23:46:56::SCWMssOS::-Wextra -fno-tree-loop-distribute-patterns"

TRACE::2026-06-03.23:46:56::SCWMssOS::"Running Make include in microblaze_0/libsrc/intc_v3_16/src"

TRACE::2026-06-03.23:46:56::SCWMssOS::make -C microblaze_0/libsrc/intc_v3_16/src -s include  "SHELL=CMD" "COMPILER=mb-gcc" "ASSEMBLER=mb-as" "ARCHIVER=mb-ar" "COMPIL
TRACE::2026-06-03.23:46:56::SCWMssOS::ER_FLAGS=  -O2 -c -mcpu=v11.0 -mlittle-endian -mxl-soft-mul" "EXTRA_COMPILER_FLAGS=-g -ffunction-sections -fdata-sections -Wall
TRACE::2026-06-03.23:46:56::SCWMssOS:: -Wextra -fno-tree-loop-distribute-patterns"

TRACE::2026-06-03.23:46:56::SCWMssOS::"Running Make include in microblaze_0/libsrc/standalone_v8_1/src"

TRACE::2026-06-03.23:46:56::SCWMssOS::make -C microblaze_0/libsrc/standalone_v8_1/src -s include  "SHELL=CMD" "COMPILER=mb-gcc" "ASSEMBLER=mb-as" "ARCHIVER=mb-ar" "C
TRACE::2026-06-03.23:46:56::SCWMssOS::OMPILER_FLAGS=  -O2 -c -mcpu=v11.0 -mlittle-endian -mxl-soft-mul" "EXTRA_COMPILER_FLAGS=-g -ffunction-sections -fdata-sections 
TRACE::2026-06-03.23:46:56::SCWMssOS::-Wall -Wextra -fno-tree-loop-distribute-patterns"

TRACE::2026-06-03.23:46:56::SCWMssOS::"Running Make include in microblaze_0/libsrc/uartlite_v3_8/src"

TRACE::2026-06-03.23:46:56::SCWMssOS::make -C microblaze_0/libsrc/uartlite_v3_8/src -s include  "SHELL=CMD" "COMPILER=mb-gcc" "ASSEMBLER=mb-as" "ARCHIVER=mb-ar" "COM
TRACE::2026-06-03.23:46:56::SCWMssOS::PILER_FLAGS=  -O2 -c -mcpu=v11.0 -mlittle-endian -mxl-soft-mul" "EXTRA_COMPILER_FLAGS=-g -ffunction-sections -fdata-sections -W
TRACE::2026-06-03.23:46:56::SCWMssOS::all -Wextra -fno-tree-loop-distribute-patterns"

TRACE::2026-06-03.23:46:56::SCWMssOS::"Running Make libs in microblaze_0/libsrc/bram_v4_8/src"

TRACE::2026-06-03.23:46:56::SCWMssOS::make -C microblaze_0/libsrc/bram_v4_8/src -s libs  "SHELL=CMD" "COMPILER=mb-gcc" "ASSEMBLER=mb-as" "ARCHIVER=mb-ar" "COMPILER_F
TRACE::2026-06-03.23:46:56::SCWMssOS::LAGS=  -O2 -c -mcpu=v11.0 -mlittle-endian -mxl-soft-mul" "EXTRA_COMPILER_FLAGS=-g -ffunction-sections -fdata-sections -Wall -We
TRACE::2026-06-03.23:46:56::SCWMssOS::xtra -fno-tree-loop-distribute-patterns"

TRACE::2026-06-03.23:46:56::SCWMssOS::"Running Make libs in microblaze_0/libsrc/cpu_v2_17/src"

TRACE::2026-06-03.23:46:56::SCWMssOS::make -C microblaze_0/libsrc/cpu_v2_17/src -s libs  "SHELL=CMD" "COMPILER=mb-gcc" "ASSEMBLER=mb-as" "ARCHIVER=mb-ar" "COMPILER_F
TRACE::2026-06-03.23:46:56::SCWMssOS::LAGS=  -O2 -c -mcpu=v11.0 -mlittle-endian -mxl-soft-mul" "EXTRA_COMPILER_FLAGS=-g -ffunction-sections -fdata-sections -Wall -We
TRACE::2026-06-03.23:46:56::SCWMssOS::xtra -fno-tree-loop-distribute-patterns"

TRACE::2026-06-03.23:46:56::SCWMssOS::"Running Make libs in microblaze_0/libsrc/gpio_v4_9/src"

TRACE::2026-06-03.23:46:56::SCWMssOS::make -C microblaze_0/libsrc/gpio_v4_9/src -s libs  "SHELL=CMD" "COMPILER=mb-gcc" "ASSEMBLER=mb-as" "ARCHIVER=mb-ar" "COMPILER_F
TRACE::2026-06-03.23:46:56::SCWMssOS::LAGS=  -O2 -c -mcpu=v11.0 -mlittle-endian -mxl-soft-mul" "EXTRA_COMPILER_FLAGS=-g -ffunction-sections -fdata-sections -Wall -We
TRACE::2026-06-03.23:46:56::SCWMssOS::xtra -fno-tree-loop-distribute-patterns"

TRACE::2026-06-03.23:46:56::SCWMssOS::"Running Make libs in microblaze_0/libsrc/intc_v3_16/src"

TRACE::2026-06-03.23:46:56::SCWMssOS::make -C microblaze_0/libsrc/intc_v3_16/src -s libs  "SHELL=CMD" "COMPILER=mb-gcc" "ASSEMBLER=mb-as" "ARCHIVER=mb-ar" "COMPILER_
TRACE::2026-06-03.23:46:56::SCWMssOS::FLAGS=  -O2 -c -mcpu=v11.0 -mlittle-endian -mxl-soft-mul" "EXTRA_COMPILER_FLAGS=-g -ffunction-sections -fdata-sections -Wall -W
TRACE::2026-06-03.23:46:56::SCWMssOS::extra -fno-tree-loop-distribute-patterns"

TRACE::2026-06-03.23:46:56::SCWMssOS::"Running Make libs in microblaze_0/libsrc/standalone_v8_1/src"

TRACE::2026-06-03.23:46:56::SCWMssOS::make -C microblaze_0/libsrc/standalone_v8_1/src -s libs  "SHELL=CMD" "COMPILER=mb-gcc" "ASSEMBLER=mb-as" "ARCHIVER=mb-ar" "COMP
TRACE::2026-06-03.23:46:56::SCWMssOS::ILER_FLAGS=  -O2 -c -mcpu=v11.0 -mlittle-endian -mxl-soft-mul" "EXTRA_COMPILER_FLAGS=-g -ffunction-sections -fdata-sections -Wa
TRACE::2026-06-03.23:46:56::SCWMssOS::ll -Wextra -fno-tree-loop-distribute-patterns"

TRACE::2026-06-03.23:46:56::SCWMssOS::"Running Make libs in microblaze_0/libsrc/uartlite_v3_8/src"

TRACE::2026-06-03.23:46:56::SCWMssOS::make -C microblaze_0/libsrc/uartlite_v3_8/src -s libs  "SHELL=CMD" "COMPILER=mb-gcc" "ASSEMBLER=mb-as" "ARCHIVER=mb-ar" "COMPIL
TRACE::2026-06-03.23:46:56::SCWMssOS::ER_FLAGS=  -O2 -c -mcpu=v11.0 -mlittle-endian -mxl-soft-mul" "EXTRA_COMPILER_FLAGS=-g -ffunction-sections -fdata-sections -Wall
TRACE::2026-06-03.23:46:56::SCWMssOS:: -Wextra -fno-tree-loop-distribute-patterns"

TRACE::2026-06-03.23:46:57::SCWMssOS::"DEBUG NON_LTO_OBJECTS is ../../../lib/microblaze_interrupt_handler.o"

TRACE::2026-06-03.23:46:57::SCWMssOS::'Finished building libraries parallelly.'

TRACE::2026-06-03.23:46:57::SCWMssOS::make --no-print-directory archive

TRACE::2026-06-03.23:46:57::SCWMssOS::mb-ar -r  microblaze_0/lib/libxil.a microblaze_0/lib/_exit.o microblaze_0/lib/errno.o microblaze_0/lib/fcntl.o microblaze_0/lib
TRACE::2026-06-03.23:46:57::SCWMssOS::/hw_exception_handler.o microblaze_0/lib/inbyte.o microblaze_0/lib/microblaze_disable_dcache.o microblaze_0/lib/microblaze_disa
TRACE::2026-06-03.23:46:57::SCWMssOS::ble_exceptions.o microblaze_0/lib/microblaze_disable_icache.o microblaze_0/lib/microblaze_disable_interrupts.o microblaze_0/lib
TRACE::2026-06-03.23:46:57::SCWMssOS::/microblaze_enable_dcache.o microblaze_0/lib/microblaze_enable_exceptions.o microblaze_0/lib/microblaze_enable_icache.o microbl
TRACE::2026-06-03.23:46:57::SCWMssOS::aze_0/lib/microblaze_enable_interrupts.o microblaze_0/lib/microblaze_exception_handler.o microblaze_0/lib/microblaze_flush_cach
TRACE::2026-06-03.23:46:57::SCWMssOS::e_ext.o microblaze_0/lib/microblaze_flush_cache_ext_range.o microblaze_0/lib/microblaze_flush_dcache.o microblaze_0/lib/microbl
TRACE::2026-06-03.23:46:57::SCWMssOS::aze_flush_dcache_range.o microblaze_0/lib/microblaze_init_dcache_range.o microblaze_0/lib/microblaze_init_icache_range.o microb
TRACE::2026-06-03.23:46:57::SCWMssOS::laze_0/lib/microblaze_interrupt_handler.o microblaze_0/lib/microblaze_interrupts_g.o microblaze_0/lib/microblaze_invalidate_cac
TRACE::2026-06-03.23:46:57::SCWMssOS::he_ext.o microblaze_0/lib/microblaze_invalidate_cache_ext_range.o microblaze_0/lib/microblaze_invalidate_dcache.o microblaze_0/
TRACE::2026-06-03.23:46:57::SCWMssOS::lib/microblaze_invalidate_dcache_range.o microblaze_0/lib/microblaze_invalidate_icache.o microblaze_0/lib/microblaze_invalidate
TRACE::2026-06-03.23:46:57::SCWMssOS::_icache_range.o microblaze_0/lib/microblaze_scrub.o microblaze_0/lib/microblaze_selftest.o microblaze_0/lib/microblaze_sleep.o 
TRACE::2026-06-03.23:46:57::SCWMssOS::microblaze_0/lib/microblaze_update_dcache.o microblaze_0/lib/microblaze_update_icache.o microblaze_0/lib/outbyte.o microblaze_0
TRACE::2026-06-03.23:46:57::SCWMssOS::/lib/print.o microblaze_0/lib/pvr.o microblaze_0/lib/xbram.o microblaze_0/lib/xbram_g.o microblaze_0/lib/xbram_intr.o microblaz
TRACE::2026-06-03.23:46:57::SCWMssOS::e_0/lib/xbram_selftest.o microblaze_0/lib/xbram_sinit.o microblaze_0/lib/xgpio.o microblaze_0/lib/xgpio_extra.o microblaze_0/li
TRACE::2026-06-03.23:46:57::SCWMssOS::b/xgpio_g.o microblaze_0/lib/xgpio_intr.o microblaze_0/lib/xgpio_selftest.o microblaze_0/lib/xgpio_sinit.o microblaze_0/lib/xil
TRACE::2026-06-03.23:46:57::SCWMssOS::_assert.o microblaze_0/lib/xil_cache.o microblaze_0/lib/xil_clocking.o microblaze_0/lib/xil_exception.o microblaze_0/lib/xil_me
TRACE::2026-06-03.23:46:57::SCWMssOS::m.o microblaze_0/lib/xil_misc_psreset_api.o microblaze_0/lib/xil_printf.o microblaze_0/lib/xil_sleepcommon.o microblaze_0/lib/x
TRACE::2026-06-03.23:46:57::SCWMssOS::il_testcache.o microblaze_0/lib/xil_testio.o microblaze_0/lib/xil_testmem.o microblaze_0/lib/xil_util.o microblaze_0/lib/xintc.
TRACE::2026-06-03.23:46:57::SCWMssOS::o microblaze_0/lib/xintc_g.o microblaze_0/lib/xintc_intr.o microblaze_0/lib/xintc_l.o microblaze_0/lib/xintc_options.o microbla
TRACE::2026-06-03.23:46:57::SCWMssOS::ze_0/lib/xintc_selftest.o microblaze_0/lib/xinterrupt_wrap.o microblaze_0/lib/xio.o microblaze_0/lib/xplatform_info.o microblaz
TRACE::2026-06-03.23:46:57::SCWMssOS::e_0/lib/xuartlite.o microblaze_0/lib/xuartlite_g.o microblaze_0/lib/xuartlite_intr.o microblaze_0/lib/xuartlite_l.o microblaze_
TRACE::2026-06-03.23:46:57::SCWMssOS::0/lib/xuartlite_selftest.o microblaze_0/lib/xuartlite_sinit.o microblaze_0/lib/xuartlite_stats.o

TRACE::2026-06-03.23:46:57::SCWMssOS::'Finished building libraries'

TRACE::2026-06-03.23:46:57::SCWMssOS::Copying to export directory.
TRACE::2026-06-03.23:46:58::SCWMssOS:: Checking if to create the Supporting Applications
TRACE::2026-06-03.23:46:58::SCWMssOS:: No Linux domain exists, trying to generate FSBL 
LOG::2026-06-03.23:46:58::SCWSystem::Completed Processing the domain standalone_microblaze_0
LOG::2026-06-03.23:46:58::SCWSystem::Completed Processing the sysconfig userMapTop
LOG::2026-06-03.23:46:58::SCWPlatform::Completed generating the artifacts for system configuration userMapTop
TRACE::2026-06-03.23:46:58::SCWPlatform::Started preparing the platform 
TRACE::2026-06-03.23:46:58::SCWSystem::Writing the bif file for system config userMapTop
TRACE::2026-06-03.23:46:58::SCWSystem::dir created 
TRACE::2026-06-03.23:46:58::SCWSystem::Writing the bif 
TRACE::2026-06-03.23:46:58::SCWPlatform::Started writing the spfm file 
TRACE::2026-06-03.23:46:58::SCWPlatform::Started writing the xpfm file 
TRACE::2026-06-03.23:46:58::SCWPlatform::Completed generating the platform
TRACE::2026-06-03.23:46:58::SCWMssOS::Saving the mss changes D:/vivado_pj/userMap2023/userMapTop/microblaze_0/standalone_microblaze_0/bsp/system.mss
TRACE::2026-06-03.23:46:58::SCWMssOS::Found a swdesign opened with the mssfile.
TRACE::2026-06-03.23:46:58::SCWMssOS::Completed writemss as part of save.
TRACE::2026-06-03.23:46:58::SCWMssOS::Commit changes completed.
TRACE::2026-06-03.23:46:58::SCWPlatform::Trying to open the hw design at D:/vivado_pj/userMap2023/userMapTop/hw/userMapTop3.xsa
TRACE::2026-06-03.23:46:58::SCWPlatform::DSA given D:/vivado_pj/userMap2023/userMapTop/hw/userMapTop3.xsa
TRACE::2026-06-03.23:46:58::SCWPlatform::DSA absoulate path D:/vivado_pj/userMap2023/userMapTop/hw/userMapTop3.xsa
TRACE::2026-06-03.23:46:58::SCWPlatform::DSA directory D:/vivado_pj/userMap2023/userMapTop/hw
TRACE::2026-06-03.23:46:58::SCWPlatform:: Platform Path D:/vivado_pj/userMap2023/userMapTop/hw/userMapTop3.xsa
TRACE::2026-06-03.23:46:58::SCWPlatform:: Unique name xilinx:basys3::0.0
TRACE::2026-06-03.23:46:58::SCWPlatform::Trying to set the existing hwdb with name userMapTop_12
TRACE::2026-06-03.23:46:58::SCWPlatform::Opened existing hwdb userMapTop_12
TRACE::2026-06-03.23:46:58::SCWPlatform::Found the Hw Db part of the input DSA
TRACE::2026-06-03.23:46:58::SCWMssOS::Checking the sw design at  D:/vivado_pj/userMap2023/userMapTop/microblaze_0/standalone_microblaze_0/bsp/system.mss
TRACE::2026-06-03.23:46:58::SCWMssOS::DEBUG:  swdes dump  D:/vivado_pj/userMap2023/userMapTop/microblaze_0/standalone_microblaze_0/bsp/system.mss|system||

TRACE::2026-06-03.23:46:58::SCWMssOS::Sw design exists and opened at  D:/vivado_pj/userMap2023/userMapTop/microblaze_0/standalone_microblaze_0/bsp/system.mss
TRACE::2026-06-03.23:46:58::SCWWriter::formatted JSON is {
	"platformName":	"userMapTop",
	"sprVersion":	"2.0",
	"mode":	"gui",
	"dsaType":	"Fixed",
	"platformDesc":	"userMapTop",
	"platHandOff":	"D:/vivado_pj/userMap/userMapTop3.xsa",
	"platIntHandOff":	"<platformDir>/hw/userMapTop3.xsa",
	"deviceType":	"FPGA",
	"platIsPrebuiltAutogen":	"false",
	"platIsNoBootBsp":	"false",
	"hasFsblMakeHasChanges":	"false",
	"hasPmufwMakeHasChanges":	"false",
	"platPreBuiltFlag":	false,
	"platformSamplesDir":	"",
	"platActiveSys":	"userMapTop",
	"systems":	[{
			"systemName":	"userMapTop",
			"systemDesc":	"userMapTop",
			"sysIsBootAutoGen":	"true",
			"systemDispName":	"userMapTop",
			"sysActiveDom":	"standalone_microblaze_0",
			"sysDefaultDom":	"standalone_microblaze_0",
			"domains":	[{
					"domainName":	"standalone_microblaze_0",
					"domainDispName":	"standalone_microblaze_0",
					"domainDesc":	"standalone_microblaze_0",
					"processors":	"microblaze_0",
					"os":	"standalone",
					"sdxOs":	"standalone",
					"debugEnable":	"False",
					"domRuntimes":	["cpp"],
					"swRepo":	"",
					"mssOsVer":	"8.1",
					"mssFile":	"",
					"md5Digest":	"2387726c7969e4016a1fc62dc46e34ae",
					"compatibleApp":	"",
					"domType":	"mssDomain",
					"arch":	"32-bit",
					"appSettings":	{
						"appCompilerFlags":	"",
						"appLinkerFlags":	""
					},
					"addedLibs":	[],
					"libOptions":	{
						"libsContainingOptions":	[]
					},
					"prebuiltLibs":	{
						"prebuiltIncPath":	[],
						"prebuiltLibPath":	[]
					},
					"isolation":	{
					}
				}]
		}]
}
KEYINFO::2026-06-03.23:46:58::SCWPlatform::updated the xpfm file.
TRACE::2026-06-03.23:46:59::SCWPlatform::Trying to open the hw design at D:/vivado_pj/userMap2023/userMapTop/hw/userMapTop3.xsa
TRACE::2026-06-03.23:46:59::SCWPlatform::DSA given D:/vivado_pj/userMap2023/userMapTop/hw/userMapTop3.xsa
TRACE::2026-06-03.23:46:59::SCWPlatform::DSA absoulate path D:/vivado_pj/userMap2023/userMapTop/hw/userMapTop3.xsa
TRACE::2026-06-03.23:46:59::SCWPlatform::DSA directory D:/vivado_pj/userMap2023/userMapTop/hw
TRACE::2026-06-03.23:46:59::SCWPlatform:: Platform Path D:/vivado_pj/userMap2023/userMapTop/hw/userMapTop3.xsa
TRACE::2026-06-03.23:46:59::SCWPlatform:: Unique name xilinx:basys3::0.0
TRACE::2026-06-03.23:46:59::SCWPlatform::Trying to set the existing hwdb with name userMapTop_12
TRACE::2026-06-03.23:46:59::SCWPlatform::Opened existing hwdb userMapTop_12
TRACE::2026-06-03.23:46:59::SCWPlatform::Found the Hw Db part of the input DSA
TRACE::2026-06-03.23:46:59::SCWMssOS::Checking the sw design at  D:/vivado_pj/userMap2023/userMapTop/microblaze_0/standalone_microblaze_0/bsp/system.mss
TRACE::2026-06-03.23:46:59::SCWMssOS::DEBUG:  swdes dump  D:/vivado_pj/userMap2023/userMapTop/microblaze_0/standalone_microblaze_0/bsp/system.mss|system||

TRACE::2026-06-03.23:46:59::SCWMssOS::Sw design exists and opened at  D:/vivado_pj/userMap2023/userMapTop/microblaze_0/standalone_microblaze_0/bsp/system.mss
TRACE::2026-06-04.00:09:10::SCWPlatform::Clearing the existing platform
TRACE::2026-06-04.00:09:10::SCWSystem::Clearing the existing sysconfig
TRACE::2026-06-04.00:09:10::SCWMssOS::Removing the swdes entry for  D:/vivado_pj/userMap2023/userMapTop/microblaze_0/standalone_microblaze_0/bsp/system.mss
TRACE::2026-06-04.00:09:10::SCWSystem::Clearing the domains completed.
TRACE::2026-06-04.00:09:10::SCWPlatform::Clearing the opened hw db.
TRACE::2026-06-04.00:09:10::SCWPlatform::DSA given D:/vivado_pj/userMap2023/userMapTop/hw/userMapTop3.xsa
TRACE::2026-06-04.00:09:10::SCWPlatform::DSA absoulate path D:/vivado_pj/userMap2023/userMapTop/hw/userMapTop3.xsa
TRACE::2026-06-04.00:09:10::SCWPlatform:: Platform location is D:/vivado_pj/userMap2023/userMapTop/hw
TRACE::2026-06-04.00:09:10::SCWPlatform:: Platform Path D:/vivado_pj/userMap2023/userMapTop/hw/userMapTop3.xsa
TRACE::2026-06-04.00:09:10::SCWPlatform:: Unique name xilinx:basys3::0.0
TRACE::2026-06-04.00:09:10::SCWPlatform::Removing the HwDB with name D:/vivado_pj/userMap2023/userMapTop/hw/userMapTop3.xsa
TRACE::2026-06-04.00:09:10::SCWPlatform::Trying to open the hw design at D:/vivado_pj/userMap2023/userMapTop/hw/userMapTop3.xsa
TRACE::2026-06-04.00:09:10::SCWPlatform::DSA given D:/vivado_pj/userMap2023/userMapTop/hw/userMapTop3.xsa
TRACE::2026-06-04.00:09:10::SCWPlatform::DSA absoulate path D:/vivado_pj/userMap2023/userMapTop/hw/userMapTop3.xsa
TRACE::2026-06-04.00:09:10::SCWPlatform::DSA directory D:/vivado_pj/userMap2023/userMapTop/hw
TRACE::2026-06-04.00:09:10::SCWPlatform:: Platform Path D:/vivado_pj/userMap2023/userMapTop/hw/userMapTop3.xsa
TRACE::2026-06-04.00:09:10::SCWPlatform:: Unique name xilinx:basys3::0.0
TRACE::2026-06-04.00:09:10::SCWPlatform::Do not have an existing db opened. 
TRACE::2026-06-04.00:09:10::SCWPlatform::Opened new HwDB with name userMapTop_14
TRACE::2026-06-04.00:09:10::SCWReader::Active system found as  userMapTop
TRACE::2026-06-04.00:09:10::SCWReader::Handling sysconfig userMapTop
TRACE::2026-06-04.00:09:10::SCWDomain::checking for install qemu data   : 
TRACE::2026-06-04.00:09:10::SCWPlatform::Trying to open the hw design at D:/vivado_pj/userMap2023/userMapTop/hw/userMapTop3.xsa
TRACE::2026-06-04.00:09:10::SCWPlatform::DSA given D:/vivado_pj/userMap2023/userMapTop/hw/userMapTop3.xsa
TRACE::2026-06-04.00:09:10::SCWPlatform::DSA absoulate path D:/vivado_pj/userMap2023/userMapTop/hw/userMapTop3.xsa
TRACE::2026-06-04.00:09:10::SCWPlatform::DSA directory D:/vivado_pj/userMap2023/userMapTop/hw
TRACE::2026-06-04.00:09:10::SCWPlatform:: Platform Path D:/vivado_pj/userMap2023/userMapTop/hw/userMapTop3.xsa
TRACE::2026-06-04.00:09:10::SCWPlatform:: Unique name xilinx:basys3::0.0
TRACE::2026-06-04.00:09:10::SCWPlatform::Trying to set the existing hwdb with name userMapTop_14
TRACE::2026-06-04.00:09:10::SCWPlatform::Opened existing hwdb userMapTop_14
TRACE::2026-06-04.00:09:10::SCWPlatform::Found the Hw Db part of the input DSA
TRACE::2026-06-04.00:09:10::SCWPlatform::Trying to open the hw design at D:/vivado_pj/userMap2023/userMapTop/hw/userMapTop3.xsa
TRACE::2026-06-04.00:09:10::SCWPlatform::DSA given D:/vivado_pj/userMap2023/userMapTop/hw/userMapTop3.xsa
TRACE::2026-06-04.00:09:10::SCWPlatform::DSA absoulate path D:/vivado_pj/userMap2023/userMapTop/hw/userMapTop3.xsa
TRACE::2026-06-04.00:09:10::SCWPlatform::DSA directory D:/vivado_pj/userMap2023/userMapTop/hw
TRACE::2026-06-04.00:09:10::SCWPlatform:: Platform Path D:/vivado_pj/userMap2023/userMapTop/hw/userMapTop3.xsa
TRACE::2026-06-04.00:09:10::SCWPlatform:: Unique name xilinx:basys3::0.0
TRACE::2026-06-04.00:09:10::SCWPlatform::Trying to set the existing hwdb with name userMapTop_14
TRACE::2026-06-04.00:09:10::SCWPlatform::Opened existing hwdb userMapTop_14
TRACE::2026-06-04.00:09:10::SCWPlatform::Found the Hw Db part of the input DSA
TRACE::2026-06-04.00:09:10::SCWPlatform::Trying to open the hw design at D:/vivado_pj/userMap2023/userMapTop/hw/userMapTop3.xsa
TRACE::2026-06-04.00:09:10::SCWPlatform::DSA given D:/vivado_pj/userMap2023/userMapTop/hw/userMapTop3.xsa
TRACE::2026-06-04.00:09:10::SCWPlatform::DSA absoulate path D:/vivado_pj/userMap2023/userMapTop/hw/userMapTop3.xsa
TRACE::2026-06-04.00:09:10::SCWPlatform::DSA directory D:/vivado_pj/userMap2023/userMapTop/hw
TRACE::2026-06-04.00:09:10::SCWPlatform:: Platform Path D:/vivado_pj/userMap2023/userMapTop/hw/userMapTop3.xsa
TRACE::2026-06-04.00:09:10::SCWPlatform:: Unique name xilinx:basys3::0.0
TRACE::2026-06-04.00:09:10::SCWPlatform::Trying to set the existing hwdb with name userMapTop_14
TRACE::2026-06-04.00:09:10::SCWPlatform::Opened existing hwdb userMapTop_14
TRACE::2026-06-04.00:09:10::SCWPlatform::Found the Hw Db part of the input DSA
TRACE::2026-06-04.00:09:10::SCWPlatform::Trying to open the hw design at D:/vivado_pj/userMap2023/userMapTop/hw/userMapTop3.xsa
TRACE::2026-06-04.00:09:10::SCWPlatform::DSA given D:/vivado_pj/userMap2023/userMapTop/hw/userMapTop3.xsa
TRACE::2026-06-04.00:09:10::SCWPlatform::DSA absoulate path D:/vivado_pj/userMap2023/userMapTop/hw/userMapTop3.xsa
TRACE::2026-06-04.00:09:10::SCWPlatform::DSA directory D:/vivado_pj/userMap2023/userMapTop/hw
TRACE::2026-06-04.00:09:10::SCWPlatform:: Platform Path D:/vivado_pj/userMap2023/userMapTop/hw/userMapTop3.xsa
TRACE::2026-06-04.00:09:10::SCWPlatform:: Unique name xilinx:basys3::0.0
TRACE::2026-06-04.00:09:10::SCWPlatform::Trying to set the existing hwdb with name userMapTop_14
TRACE::2026-06-04.00:09:10::SCWPlatform::Opened existing hwdb userMapTop_14
TRACE::2026-06-04.00:09:10::SCWPlatform::Found the Hw Db part of the input DSA
TRACE::2026-06-04.00:09:10::SCWMssOS::Checking the sw design at  D:/vivado_pj/userMap2023/userMapTop/microblaze_0/standalone_microblaze_0/bsp/system.mss
TRACE::2026-06-04.00:09:10::SCWMssOS::DEBUG:  swdes dump  
TRACE::2026-06-04.00:09:10::SCWMssOS::No sw design opened at  D:/vivado_pj/userMap2023/userMapTop/microblaze_0/standalone_microblaze_0/bsp/system.mss
TRACE::2026-06-04.00:09:10::SCWMssOS::mss exists loading the mss file  D:/vivado_pj/userMap2023/userMapTop/microblaze_0/standalone_microblaze_0/bsp/system.mss
TRACE::2026-06-04.00:09:10::SCWMssOS::Opened the sw design from mss  D:/vivado_pj/userMap2023/userMapTop/microblaze_0/standalone_microblaze_0/bsp/system.mss
TRACE::2026-06-04.00:09:10::SCWMssOS::Adding the swdes entry D:/vivado_pj/userMap2023/userMapTop/microblaze_0/standalone_microblaze_0/bsp/system.mss with des name system
TRACE::2026-06-04.00:09:10::SCWMssOS::updating the scw layer about changes
TRACE::2026-06-04.00:09:10::SCWMssOS::Opened the sw design.  D:/vivado_pj/userMap2023/userMapTop/microblaze_0/standalone_microblaze_0/bsp/system.mss
TRACE::2026-06-04.00:09:10::SCWMssOS::Saving the mss changes D:/vivado_pj/userMap2023/userMapTop/microblaze_0/standalone_microblaze_0/bsp/system.mss
TRACE::2026-06-04.00:09:10::SCWMssOS::Found a swdesign opened with the mssfile.
TRACE::2026-06-04.00:09:10::SCWMssOS::Completed writemss as part of save.
TRACE::2026-06-04.00:09:10::SCWMssOS::Commit changes completed.
TRACE::2026-06-04.00:09:10::SCWReader::Adding prebuilt librarypaths as   
TRACE::2026-06-04.00:09:10::SCWReader::Adding prebuilt incpaths  as   
TRACE::2026-06-04.00:09:10::SCWPlatform::Trying to open the hw design at D:/vivado_pj/userMap2023/userMapTop/hw/userMapTop3.xsa
TRACE::2026-06-04.00:09:10::SCWPlatform::DSA given D:/vivado_pj/userMap2023/userMapTop/hw/userMapTop3.xsa
TRACE::2026-06-04.00:09:10::SCWPlatform::DSA absoulate path D:/vivado_pj/userMap2023/userMapTop/hw/userMapTop3.xsa
TRACE::2026-06-04.00:09:10::SCWPlatform::DSA directory D:/vivado_pj/userMap2023/userMapTop/hw
TRACE::2026-06-04.00:09:10::SCWPlatform:: Platform Path D:/vivado_pj/userMap2023/userMapTop/hw/userMapTop3.xsa
TRACE::2026-06-04.00:09:10::SCWPlatform:: Unique name xilinx:basys3::0.0
TRACE::2026-06-04.00:09:10::SCWPlatform::Trying to set the existing hwdb with name userMapTop_14
TRACE::2026-06-04.00:09:10::SCWPlatform::Opened existing hwdb userMapTop_14
TRACE::2026-06-04.00:09:10::SCWPlatform::Found the Hw Db part of the input DSA
TRACE::2026-06-04.00:09:10::SCWMssOS::Checking the sw design at  D:/vivado_pj/userMap2023/userMapTop/microblaze_0/standalone_microblaze_0/bsp/system.mss
TRACE::2026-06-04.00:09:10::SCWMssOS::DEBUG:  swdes dump  D:/vivado_pj/userMap2023/userMapTop/microblaze_0/standalone_microblaze_0/bsp/system.mss|system||

TRACE::2026-06-04.00:09:10::SCWMssOS::Sw design exists and opened at  D:/vivado_pj/userMap2023/userMapTop/microblaze_0/standalone_microblaze_0/bsp/system.mss
TRACE::2026-06-04.00:09:10::SCWReader::No isolation master present  
TRACE::2026-06-04.00:09:16::SCWPlatform::DSA given D:/vivado_pj/userMap2023/userMapTop/tempdsa/userMapTop4.xsa
TRACE::2026-06-04.00:09:16::SCWPlatform::DSA absoulate path D:/vivado_pj/userMap2023/userMapTop/tempdsa/userMapTop4.xsa
TRACE::2026-06-04.00:09:16::SCWPlatform:: Platform location is D:/vivado_pj/userMap2023/userMapTop/tempdsa
TRACE::2026-06-04.00:09:16::SCWPlatform:: Platform Path D:/vivado_pj/userMap2023/userMapTop/tempdsa/userMapTop4.xsa
TRACE::2026-06-04.00:09:16::SCWPlatform:: Unique name xilinx:basys3::0.0
TRACE::2026-06-04.00:09:17::SCWPlatform::Found the Hw Db part of the input DSA
TRACE::2026-06-04.00:09:17::SCWMssOS::Doing hw sync for the mss in domain: standalone_microblaze_0
TRACE::2026-06-04.00:09:17::SCWPlatform::Trying to open the hw design at D:/vivado_pj/userMap2023/userMapTop/hw/userMapTop3.xsa
TRACE::2026-06-04.00:09:17::SCWPlatform::DSA given D:/vivado_pj/userMap2023/userMapTop/hw/userMapTop3.xsa
TRACE::2026-06-04.00:09:17::SCWPlatform::DSA absoulate path D:/vivado_pj/userMap2023/userMapTop/hw/userMapTop3.xsa
TRACE::2026-06-04.00:09:17::SCWPlatform::DSA directory D:/vivado_pj/userMap2023/userMapTop/hw
TRACE::2026-06-04.00:09:17::SCWPlatform:: Platform Path D:/vivado_pj/userMap2023/userMapTop/hw/userMapTop3.xsa
TRACE::2026-06-04.00:09:17::SCWPlatform:: Unique name xilinx:basys3::0.0
TRACE::2026-06-04.00:09:17::SCWPlatform::Trying to set the existing hwdb with name userMapTop_14
TRACE::2026-06-04.00:09:17::SCWPlatform::Opened existing hwdb userMapTop_14
TRACE::2026-06-04.00:09:17::SCWPlatform::Found the Hw Db part of the input DSA
TRACE::2026-06-04.00:09:17::SCWPlatform::Trying to open the hw design at D:/vivado_pj/userMap2023/userMapTop/hw/userMapTop3.xsa
TRACE::2026-06-04.00:09:17::SCWPlatform::DSA given D:/vivado_pj/userMap2023/userMapTop/hw/userMapTop3.xsa
TRACE::2026-06-04.00:09:17::SCWPlatform::DSA absoulate path D:/vivado_pj/userMap2023/userMapTop/hw/userMapTop3.xsa
TRACE::2026-06-04.00:09:17::SCWPlatform::DSA directory D:/vivado_pj/userMap2023/userMapTop/hw
TRACE::2026-06-04.00:09:17::SCWPlatform:: Platform Path D:/vivado_pj/userMap2023/userMapTop/hw/userMapTop3.xsa
TRACE::2026-06-04.00:09:17::SCWPlatform:: Unique name xilinx:basys3::0.0
TRACE::2026-06-04.00:09:17::SCWPlatform::Trying to set the existing hwdb with name userMapTop_14
TRACE::2026-06-04.00:09:17::SCWPlatform::Opened existing hwdb userMapTop_14
TRACE::2026-06-04.00:09:17::SCWPlatform::Found the Hw Db part of the input DSA
TRACE::2026-06-04.00:09:17::SCWMssOS::Checking the sw design at  D:/vivado_pj/userMap2023/userMapTop/microblaze_0/standalone_microblaze_0/bsp/system.mss
TRACE::2026-06-04.00:09:17::SCWMssOS::DEBUG:  swdes dump  D:/vivado_pj/userMap2023/userMapTop/microblaze_0/standalone_microblaze_0/bsp/system.mss|system||

TRACE::2026-06-04.00:09:17::SCWMssOS::Sw design exists and opened at  D:/vivado_pj/userMap2023/userMapTop/microblaze_0/standalone_microblaze_0/bsp/system.mss
TRACE::2026-06-04.00:09:17::SCWPlatform::Trying to open the hw design at D:/vivado_pj/userMap2023/userMapTop/tempdsa/userMapTop4.xsa
TRACE::2026-06-04.00:09:17::SCWPlatform::DSA given D:/vivado_pj/userMap2023/userMapTop/tempdsa/userMapTop4.xsa
TRACE::2026-06-04.00:09:17::SCWPlatform::DSA absoulate path D:/vivado_pj/userMap2023/userMapTop/tempdsa/userMapTop4.xsa
TRACE::2026-06-04.00:09:17::SCWPlatform::DSA directory D:/vivado_pj/userMap2023/userMapTop/tempdsa
TRACE::2026-06-04.00:09:17::SCWPlatform:: Platform Path D:/vivado_pj/userMap2023/userMapTop/tempdsa/userMapTop4.xsa
TRACE::2026-06-04.00:09:17::SCWPlatform:: Unique name xilinx:basys3::0.0
TRACE::2026-06-04.00:09:17::SCWPlatform::update - Opened existing hwdb userMapTop_15
TRACE::2026-06-04.00:09:17::SCWPlatform::Found the Hw Db part of the input DSA
TRACE::2026-06-04.00:09:17::SCWMssOS::Saving the mss changes D:/vivado_pj/userMap2023/userMapTop/microblaze_0/standalone_microblaze_0/bsp/system.mss
TRACE::2026-06-04.00:09:17::SCWMssOS::Found a swdesign opened with the mssfile.
TRACE::2026-06-04.00:09:17::SCWMssOS::Completed writemss as part of save.
TRACE::2026-06-04.00:09:17::SCWMssOS::Commit changes completed.
TRACE::2026-06-04.00:09:17::SCWMssOS::Completed hw sync for the mss in domain: standalone_microblaze_0
TRACE::2026-06-04.00:09:17::SCWMssOS::Removing the swdes entry for  D:/vivado_pj/userMap2023/userMapTop/microblaze_0/standalone_microblaze_0/bsp/system.mss
TRACE::2026-06-04.00:09:17::SCWPlatform::Trying to open the hw design at D:/vivado_pj/userMap2023/userMapTop/hw/userMapTop4.xsa
TRACE::2026-06-04.00:09:17::SCWPlatform::DSA given D:/vivado_pj/userMap2023/userMapTop/hw/userMapTop4.xsa
TRACE::2026-06-04.00:09:17::SCWPlatform::DSA absoulate path D:/vivado_pj/userMap2023/userMapTop/hw/userMapTop4.xsa
TRACE::2026-06-04.00:09:17::SCWPlatform::DSA directory D:/vivado_pj/userMap2023/userMapTop/hw
TRACE::2026-06-04.00:09:17::SCWPlatform:: Platform Path D:/vivado_pj/userMap2023/userMapTop/hw/userMapTop4.xsa
TRACE::2026-06-04.00:09:17::SCWPlatform:: Unique name xilinx:basys3::0.0
TRACE::2026-06-04.00:09:17::SCWPlatform::Do not have an existing db opened. 
TRACE::2026-06-04.00:09:17::SCWPlatform::Opened new HwDB with name userMapTop_16
TRACE::2026-06-04.00:09:17::SCWMssOS::Saving the mss changes D:/vivado_pj/userMap2023/userMapTop/microblaze_0/standalone_microblaze_0/bsp/system.mss
TRACE::2026-06-04.00:09:17::SCWMssOS::Adding the swdes entry, mss present, able to open swdb D:/vivado_pj/userMap2023/userMapTop/microblaze_0/standalone_microblaze_0/bsp/system.mss with des name system
TRACE::2026-06-04.00:09:17::SCWMssOS::Writing the mss file completed D:/vivado_pj/userMap2023/userMapTop/microblaze_0/standalone_microblaze_0/bsp/system.mss
TRACE::2026-06-04.00:09:17::SCWMssOS::Commit changes completed.
TRACE::2026-06-04.00:09:17::SCWPlatform::Trying to open the hw design at D:/vivado_pj/userMap2023/userMapTop/hw/userMapTop4.xsa
TRACE::2026-06-04.00:09:17::SCWPlatform::DSA given D:/vivado_pj/userMap2023/userMapTop/hw/userMapTop4.xsa
TRACE::2026-06-04.00:09:17::SCWPlatform::DSA absoulate path D:/vivado_pj/userMap2023/userMapTop/hw/userMapTop4.xsa
TRACE::2026-06-04.00:09:17::SCWPlatform::DSA directory D:/vivado_pj/userMap2023/userMapTop/hw
TRACE::2026-06-04.00:09:17::SCWPlatform:: Platform Path D:/vivado_pj/userMap2023/userMapTop/hw/userMapTop4.xsa
TRACE::2026-06-04.00:09:17::SCWPlatform:: Unique name xilinx:basys3::0.0
TRACE::2026-06-04.00:09:17::SCWPlatform::Trying to set the existing hwdb with name userMapTop_16
TRACE::2026-06-04.00:09:17::SCWPlatform::Opened existing hwdb userMapTop_16
TRACE::2026-06-04.00:09:17::SCWPlatform::Found the Hw Db part of the input DSA
TRACE::2026-06-04.00:09:17::SCWMssOS::Checking the sw design at  D:/vivado_pj/userMap2023/userMapTop/microblaze_0/standalone_microblaze_0/bsp/system.mss
TRACE::2026-06-04.00:09:17::SCWMssOS::DEBUG:  swdes dump  D:/vivado_pj/userMap2023/userMapTop/microblaze_0/standalone_microblaze_0/bsp/system.mss|system||

TRACE::2026-06-04.00:09:17::SCWMssOS::Sw design exists and opened at  D:/vivado_pj/userMap2023/userMapTop/microblaze_0/standalone_microblaze_0/bsp/system.mss
TRACE::2026-06-04.00:09:17::SCWWriter::formatted JSON is {
	"platformName":	"userMapTop",
	"sprVersion":	"2.0",
	"mode":	"gui",
	"dsaType":	"Fixed",
	"platformDesc":	"userMapTop",
	"platHandOff":	"D:/vivado_pj/userMap/userMapTop4.xsa",
	"platIntHandOff":	"<platformDir>/hw/userMapTop4.xsa",
	"deviceType":	"FPGA",
	"platIsPrebuiltAutogen":	"false",
	"platIsNoBootBsp":	"false",
	"hasFsblMakeHasChanges":	"false",
	"hasPmufwMakeHasChanges":	"false",
	"platPreBuiltFlag":	false,
	"platformSamplesDir":	"",
	"platActiveSys":	"userMapTop",
	"systems":	[{
			"systemName":	"userMapTop",
			"systemDesc":	"userMapTop",
			"sysIsBootAutoGen":	"true",
			"systemDispName":	"userMapTop",
			"sysActiveDom":	"standalone_microblaze_0",
			"sysDefaultDom":	"standalone_microblaze_0",
			"domains":	[{
					"domainName":	"standalone_microblaze_0",
					"domainDispName":	"standalone_microblaze_0",
					"domainDesc":	"standalone_microblaze_0",
					"processors":	"microblaze_0",
					"os":	"standalone",
					"sdxOs":	"standalone",
					"debugEnable":	"False",
					"domRuntimes":	["cpp"],
					"swRepo":	"",
					"mssOsVer":	"8.1",
					"mssFile":	"",
					"md5Digest":	"2387726c7969e4016a1fc62dc46e34ae1",
					"compatibleApp":	"",
					"domType":	"mssDomain",
					"arch":	"32-bit",
					"appSettings":	{
						"appCompilerFlags":	"",
						"appLinkerFlags":	""
					},
					"addedLibs":	[],
					"libOptions":	{
						"libsContainingOptions":	[]
					},
					"prebuiltLibs":	{
						"prebuiltIncPath":	[],
						"prebuiltLibPath":	[]
					},
					"isolation":	{
					}
				}]
		}]
}
TRACE::2026-06-04.00:09:26::SCWMssOS::cleaning the bsp 
TRACE::2026-06-04.00:09:26::SCWMssOS::System Command Ran  D: & cd  D:/vivado_pj/userMap2023/userMapTop/microblaze_0/standalone_microblaze_0/bsp & make clean 
TRACE::2026-06-04.00:09:26::SCWMssOS::make -C microblaze_0/libsrc/bram_v4_8/src -s clean 

TRACE::2026-06-04.00:09:27::SCWMssOS::make -C microblaze_0/libsrc/cpu_v2_17/src -s clean 

TRACE::2026-06-04.00:09:27::SCWMssOS::make -C microblaze_0/libsrc/gpio_v4_9/src -s clean 

TRACE::2026-06-04.00:09:27::SCWMssOS::make -C microblaze_0/libsrc/intc_v3_16/src -s clean 

TRACE::2026-06-04.00:09:27::SCWMssOS::make -C microblaze_0/libsrc/standalone_v8_1/src -s clean 

TRACE::2026-06-04.00:09:27::SCWMssOS::make -C microblaze_0/libsrc/uartlite_v3_8/src -s clean 

TRACE::2026-06-04.00:09:27::SCWMssOS::rm -f microblaze_0/lib/libxil.a

TRACE::2026-06-04.00:09:30::SCWMssOS::cleaning the bsp 
TRACE::2026-06-04.00:09:30::SCWMssOS::System Command Ran  D: & cd  D:/vivado_pj/userMap2023/userMapTop/microblaze_0/standalone_microblaze_0/bsp & make clean 
TRACE::2026-06-04.00:09:30::SCWMssOS::make -C microblaze_0/libsrc/bram_v4_8/src -s clean 

TRACE::2026-06-04.00:09:30::SCWMssOS::make -C microblaze_0/libsrc/cpu_v2_17/src -s clean 

TRACE::2026-06-04.00:09:31::SCWMssOS::make -C microblaze_0/libsrc/gpio_v4_9/src -s clean 

TRACE::2026-06-04.00:09:31::SCWMssOS::make -C microblaze_0/libsrc/intc_v3_16/src -s clean 

TRACE::2026-06-04.00:09:31::SCWMssOS::make -C microblaze_0/libsrc/standalone_v8_1/src -s clean 

TRACE::2026-06-04.00:09:31::SCWMssOS::make -C microblaze_0/libsrc/uartlite_v3_8/src -s clean 

TRACE::2026-06-04.00:09:31::SCWMssOS::rm -f microblaze_0/lib/libxil.a

LOG::2026-06-04.00:09:39::SCWPlatform::Started generating the artifacts platform userMapTop
TRACE::2026-06-04.00:09:39::SCWPlatform::Sanity checking of platform is completed
LOG::2026-06-04.00:09:39::SCWPlatform::Started generating the artifacts for system configuration userMapTop
LOG::2026-06-04.00:09:39::SCWSystem::Checking the domain standalone_microblaze_0
LOG::2026-06-04.00:09:39::SCWSystem::Not a boot domain 
LOG::2026-06-04.00:09:39::SCWSystem::Started Processing the domain standalone_microblaze_0
TRACE::2026-06-04.00:09:39::SCWDomain::Generating domain artifcats
TRACE::2026-06-04.00:09:39::SCWMssOS::Generating standalone artifcats
TRACE::2026-06-04.00:09:39::SCWMssOS:: Copying the user libraries. 
TRACE::2026-06-04.00:09:39::SCWPlatform::Trying to open the hw design at D:/vivado_pj/userMap2023/userMapTop/hw/userMapTop4.xsa
TRACE::2026-06-04.00:09:39::SCWPlatform::DSA given D:/vivado_pj/userMap2023/userMapTop/hw/userMapTop4.xsa
TRACE::2026-06-04.00:09:39::SCWPlatform::DSA absoulate path D:/vivado_pj/userMap2023/userMapTop/hw/userMapTop4.xsa
TRACE::2026-06-04.00:09:39::SCWPlatform::DSA directory D:/vivado_pj/userMap2023/userMapTop/hw
TRACE::2026-06-04.00:09:39::SCWPlatform:: Platform Path D:/vivado_pj/userMap2023/userMapTop/hw/userMapTop4.xsa
TRACE::2026-06-04.00:09:39::SCWPlatform:: Unique name xilinx:basys3::0.0
TRACE::2026-06-04.00:09:39::SCWPlatform::Trying to set the existing hwdb with name userMapTop_16
TRACE::2026-06-04.00:09:39::SCWPlatform::Opened existing hwdb userMapTop_16
TRACE::2026-06-04.00:09:39::SCWPlatform::Found the Hw Db part of the input DSA
TRACE::2026-06-04.00:09:39::SCWMssOS::Checking the sw design at  D:/vivado_pj/userMap2023/userMapTop/microblaze_0/standalone_microblaze_0/bsp/system.mss
TRACE::2026-06-04.00:09:39::SCWMssOS::DEBUG:  swdes dump  D:/vivado_pj/userMap2023/userMapTop/microblaze_0/standalone_microblaze_0/bsp/system.mss|system||

TRACE::2026-06-04.00:09:39::SCWMssOS::Sw design exists and opened at  D:/vivado_pj/userMap2023/userMapTop/microblaze_0/standalone_microblaze_0/bsp/system.mss
TRACE::2026-06-04.00:09:39::SCWMssOS::Completed writing the mss file at D:/vivado_pj/userMap2023/userMapTop/microblaze_0/standalone_microblaze_0/bsp
TRACE::2026-06-04.00:09:39::SCWMssOS::Mss edits present, copying mssfile into export location D:/vivado_pj/userMap2023/userMapTop/microblaze_0/standalone_microblaze_0/bsp/system.mss
TRACE::2026-06-04.00:09:39::SCWMssOS::bsp generated is stale removing and regenerating. 
TRACE::2026-06-04.00:09:40::SCWMssOS::doing bsp build ... 
TRACE::2026-06-04.00:09:40::SCWMssOS::System Command Ran  D: & cd  D:/vivado_pj/userMap2023/userMapTop/microblaze_0/standalone_microblaze_0/bsp & make 
TRACE::2026-06-04.00:09:40::SCWMssOS::make --no-print-directory seq_libs

TRACE::2026-06-04.00:09:41::SCWMssOS::'Finished building libraries sequentially.'

TRACE::2026-06-04.00:09:41::SCWMssOS::make -j 14 --no-print-directory par_libs

TRACE::2026-06-04.00:09:41::SCWMssOS::"Running Make include in microblaze_0/libsrc/bram_v4_8/src"

TRACE::2026-06-04.00:09:41::SCWMssOS::make -C microblaze_0/libsrc/bram_v4_8/src -s include  "SHELL=CMD" "COMPILER=mb-gcc" "ASSEMBLER=mb-as" "ARCHIVER=mb-ar" "COMPILE
TRACE::2026-06-04.00:09:41::SCWMssOS::R_FLAGS=  -O2 -c -mcpu=v11.0 -mlittle-endian -mxl-soft-mul" "EXTRA_COMPILER_FLAGS=-g -ffunction-sections -fdata-sections -Wall 
TRACE::2026-06-04.00:09:41::SCWMssOS::-Wextra -fno-tree-loop-distribute-patterns"

TRACE::2026-06-04.00:09:41::SCWMssOS::"Running Make include in microblaze_0/libsrc/cpu_v2_17/src"

TRACE::2026-06-04.00:09:41::SCWMssOS::make -C microblaze_0/libsrc/cpu_v2_17/src -s include  "SHELL=CMD" "COMPILER=mb-gcc" "ASSEMBLER=mb-as" "ARCHIVER=mb-ar" "COMPILE
TRACE::2026-06-04.00:09:41::SCWMssOS::R_FLAGS=  -O2 -c -mcpu=v11.0 -mlittle-endian -mxl-soft-mul" "EXTRA_COMPILER_FLAGS=-g -ffunction-sections -fdata-sections -Wall 
TRACE::2026-06-04.00:09:41::SCWMssOS::-Wextra -fno-tree-loop-distribute-patterns"

TRACE::2026-06-04.00:09:41::SCWMssOS::"Running Make include in microblaze_0/libsrc/gpio_v4_9/src"

TRACE::2026-06-04.00:09:41::SCWMssOS::make -C microblaze_0/libsrc/gpio_v4_9/src -s include  "SHELL=CMD" "COMPILER=mb-gcc" "ASSEMBLER=mb-as" "ARCHIVER=mb-ar" "COMPILE
TRACE::2026-06-04.00:09:41::SCWMssOS::R_FLAGS=  -O2 -c -mcpu=v11.0 -mlittle-endian -mxl-soft-mul" "EXTRA_COMPILER_FLAGS=-g -ffunction-sections -fdata-sections -Wall 
TRACE::2026-06-04.00:09:41::SCWMssOS::-Wextra -fno-tree-loop-distribute-patterns"

TRACE::2026-06-04.00:09:41::SCWMssOS::"Running Make include in microblaze_0/libsrc/intc_v3_16/src"

TRACE::2026-06-04.00:09:41::SCWMssOS::make -C microblaze_0/libsrc/intc_v3_16/src -s include  "SHELL=CMD" "COMPILER=mb-gcc" "ASSEMBLER=mb-as" "ARCHIVER=mb-ar" "COMPIL
TRACE::2026-06-04.00:09:41::SCWMssOS::ER_FLAGS=  -O2 -c -mcpu=v11.0 -mlittle-endian -mxl-soft-mul" "EXTRA_COMPILER_FLAGS=-g -ffunction-sections -fdata-sections -Wall
TRACE::2026-06-04.00:09:41::SCWMssOS:: -Wextra -fno-tree-loop-distribute-patterns"

TRACE::2026-06-04.00:09:41::SCWMssOS::"Running Make include in microblaze_0/libsrc/standalone_v8_1/src"

TRACE::2026-06-04.00:09:41::SCWMssOS::make -C microblaze_0/libsrc/standalone_v8_1/src -s include  "SHELL=CMD" "COMPILER=mb-gcc" "ASSEMBLER=mb-as" "ARCHIVER=mb-ar" "C
TRACE::2026-06-04.00:09:41::SCWMssOS::OMPILER_FLAGS=  -O2 -c -mcpu=v11.0 -mlittle-endian -mxl-soft-mul" "EXTRA_COMPILER_FLAGS=-g -ffunction-sections -fdata-sections 
TRACE::2026-06-04.00:09:41::SCWMssOS::-Wall -Wextra -fno-tree-loop-distribute-patterns"

TRACE::2026-06-04.00:09:41::SCWMssOS::"Running Make include in microblaze_0/libsrc/uartlite_v3_8/src"

TRACE::2026-06-04.00:09:41::SCWMssOS::make -C microblaze_0/libsrc/uartlite_v3_8/src -s include  "SHELL=CMD" "COMPILER=mb-gcc" "ASSEMBLER=mb-as" "ARCHIVER=mb-ar" "COM
TRACE::2026-06-04.00:09:41::SCWMssOS::PILER_FLAGS=  -O2 -c -mcpu=v11.0 -mlittle-endian -mxl-soft-mul" "EXTRA_COMPILER_FLAGS=-g -ffunction-sections -fdata-sections -W
TRACE::2026-06-04.00:09:41::SCWMssOS::all -Wextra -fno-tree-loop-distribute-patterns"

TRACE::2026-06-04.00:09:41::SCWMssOS::"Running Make libs in microblaze_0/libsrc/bram_v4_8/src"

TRACE::2026-06-04.00:09:41::SCWMssOS::make -C microblaze_0/libsrc/bram_v4_8/src -s libs  "SHELL=CMD" "COMPILER=mb-gcc" "ASSEMBLER=mb-as" "ARCHIVER=mb-ar" "COMPILER_F
TRACE::2026-06-04.00:09:41::SCWMssOS::LAGS=  -O2 -c -mcpu=v11.0 -mlittle-endian -mxl-soft-mul" "EXTRA_COMPILER_FLAGS=-g -ffunction-sections -fdata-sections -Wall -We
TRACE::2026-06-04.00:09:41::SCWMssOS::xtra -fno-tree-loop-distribute-patterns"

TRACE::2026-06-04.00:09:41::SCWMssOS::"Running Make libs in microblaze_0/libsrc/cpu_v2_17/src"

TRACE::2026-06-04.00:09:41::SCWMssOS::make -C microblaze_0/libsrc/cpu_v2_17/src -s libs  "SHELL=CMD" "COMPILER=mb-gcc" "ASSEMBLER=mb-as" "ARCHIVER=mb-ar" "COMPILER_F
TRACE::2026-06-04.00:09:41::SCWMssOS::LAGS=  -O2 -c -mcpu=v11.0 -mlittle-endian -mxl-soft-mul" "EXTRA_COMPILER_FLAGS=-g -ffunction-sections -fdata-sections -Wall -We
TRACE::2026-06-04.00:09:41::SCWMssOS::xtra -fno-tree-loop-distribute-patterns"

TRACE::2026-06-04.00:09:41::SCWMssOS::"Running Make libs in microblaze_0/libsrc/gpio_v4_9/src"

TRACE::2026-06-04.00:09:41::SCWMssOS::make -C microblaze_0/libsrc/gpio_v4_9/src -s libs  "SHELL=CMD" "COMPILER=mb-gcc" "ASSEMBLER=mb-as" "ARCHIVER=mb-ar" "COMPILER_F
TRACE::2026-06-04.00:09:41::SCWMssOS::LAGS=  -O2 -c -mcpu=v11.0 -mlittle-endian -mxl-soft-mul" "EXTRA_COMPILER_FLAGS=-g -ffunction-sections -fdata-sections -Wall -We
TRACE::2026-06-04.00:09:41::SCWMssOS::xtra -fno-tree-loop-distribute-patterns"

TRACE::2026-06-04.00:09:41::SCWMssOS::"Running Make libs in microblaze_0/libsrc/intc_v3_16/src"

TRACE::2026-06-04.00:09:41::SCWMssOS::make -C microblaze_0/libsrc/intc_v3_16/src -s libs  "SHELL=CMD" "COMPILER=mb-gcc" "ASSEMBLER=mb-as" "ARCHIVER=mb-ar" "COMPILER_
TRACE::2026-06-04.00:09:41::SCWMssOS::FLAGS=  -O2 -c -mcpu=v11.0 -mlittle-endian -mxl-soft-mul" "EXTRA_COMPILER_FLAGS=-g -ffunction-sections -fdata-sections -Wall -W
TRACE::2026-06-04.00:09:41::SCWMssOS::extra -fno-tree-loop-distribute-patterns"

TRACE::2026-06-04.00:09:41::SCWMssOS::"Running Make libs in microblaze_0/libsrc/standalone_v8_1/src"

TRACE::2026-06-04.00:09:41::SCWMssOS::make -C microblaze_0/libsrc/standalone_v8_1/src -s libs  "SHELL=CMD" "COMPILER=mb-gcc" "ASSEMBLER=mb-as" "ARCHIVER=mb-ar" "COMP
TRACE::2026-06-04.00:09:41::SCWMssOS::ILER_FLAGS=  -O2 -c -mcpu=v11.0 -mlittle-endian -mxl-soft-mul" "EXTRA_COMPILER_FLAGS=-g -ffunction-sections -fdata-sections -Wa
TRACE::2026-06-04.00:09:41::SCWMssOS::ll -Wextra -fno-tree-loop-distribute-patterns"

TRACE::2026-06-04.00:09:41::SCWMssOS::"Running Make libs in microblaze_0/libsrc/uartlite_v3_8/src"

TRACE::2026-06-04.00:09:41::SCWMssOS::make -C microblaze_0/libsrc/uartlite_v3_8/src -s libs  "SHELL=CMD" "COMPILER=mb-gcc" "ASSEMBLER=mb-as" "ARCHIVER=mb-ar" "COMPIL
TRACE::2026-06-04.00:09:41::SCWMssOS::ER_FLAGS=  -O2 -c -mcpu=v11.0 -mlittle-endian -mxl-soft-mul" "EXTRA_COMPILER_FLAGS=-g -ffunction-sections -fdata-sections -Wall
TRACE::2026-06-04.00:09:41::SCWMssOS:: -Wextra -fno-tree-loop-distribute-patterns"

TRACE::2026-06-04.00:09:42::SCWMssOS::"DEBUG NON_LTO_OBJECTS is ../../../lib/microblaze_interrupt_handler.o"

TRACE::2026-06-04.00:09:42::SCWMssOS::'Finished building libraries parallelly.'

TRACE::2026-06-04.00:09:42::SCWMssOS::make --no-print-directory archive

TRACE::2026-06-04.00:09:42::SCWMssOS::mb-ar -r  microblaze_0/lib/libxil.a microblaze_0/lib/_exit.o microblaze_0/lib/errno.o microblaze_0/lib/fcntl.o microblaze_0/lib
TRACE::2026-06-04.00:09:42::SCWMssOS::/hw_exception_handler.o microblaze_0/lib/inbyte.o microblaze_0/lib/microblaze_disable_dcache.o microblaze_0/lib/microblaze_disa
TRACE::2026-06-04.00:09:42::SCWMssOS::ble_exceptions.o microblaze_0/lib/microblaze_disable_icache.o microblaze_0/lib/microblaze_disable_interrupts.o microblaze_0/lib
TRACE::2026-06-04.00:09:42::SCWMssOS::/microblaze_enable_dcache.o microblaze_0/lib/microblaze_enable_exceptions.o microblaze_0/lib/microblaze_enable_icache.o microbl
TRACE::2026-06-04.00:09:42::SCWMssOS::aze_0/lib/microblaze_enable_interrupts.o microblaze_0/lib/microblaze_exception_handler.o microblaze_0/lib/microblaze_flush_cach
TRACE::2026-06-04.00:09:42::SCWMssOS::e_ext.o microblaze_0/lib/microblaze_flush_cache_ext_range.o microblaze_0/lib/microblaze_flush_dcache.o microblaze_0/lib/microbl
TRACE::2026-06-04.00:09:42::SCWMssOS::aze_flush_dcache_range.o microblaze_0/lib/microblaze_init_dcache_range.o microblaze_0/lib/microblaze_init_icache_range.o microb
TRACE::2026-06-04.00:09:42::SCWMssOS::laze_0/lib/microblaze_interrupt_handler.o microblaze_0/lib/microblaze_interrupts_g.o microblaze_0/lib/microblaze_invalidate_cac
TRACE::2026-06-04.00:09:42::SCWMssOS::he_ext.o microblaze_0/lib/microblaze_invalidate_cache_ext_range.o microblaze_0/lib/microblaze_invalidate_dcache.o microblaze_0/
TRACE::2026-06-04.00:09:42::SCWMssOS::lib/microblaze_invalidate_dcache_range.o microblaze_0/lib/microblaze_invalidate_icache.o microblaze_0/lib/microblaze_invalidate
TRACE::2026-06-04.00:09:42::SCWMssOS::_icache_range.o microblaze_0/lib/microblaze_scrub.o microblaze_0/lib/microblaze_selftest.o microblaze_0/lib/microblaze_sleep.o 
TRACE::2026-06-04.00:09:42::SCWMssOS::microblaze_0/lib/microblaze_update_dcache.o microblaze_0/lib/microblaze_update_icache.o microblaze_0/lib/outbyte.o microblaze_0
TRACE::2026-06-04.00:09:42::SCWMssOS::/lib/print.o microblaze_0/lib/pvr.o microblaze_0/lib/xbram.o microblaze_0/lib/xbram_g.o microblaze_0/lib/xbram_intr.o microblaz
TRACE::2026-06-04.00:09:42::SCWMssOS::e_0/lib/xbram_selftest.o microblaze_0/lib/xbram_sinit.o microblaze_0/lib/xgpio.o microblaze_0/lib/xgpio_extra.o microblaze_0/li
TRACE::2026-06-04.00:09:42::SCWMssOS::b/xgpio_g.o microblaze_0/lib/xgpio_intr.o microblaze_0/lib/xgpio_selftest.o microblaze_0/lib/xgpio_sinit.o microblaze_0/lib/xil
TRACE::2026-06-04.00:09:42::SCWMssOS::_assert.o microblaze_0/lib/xil_cache.o microblaze_0/lib/xil_clocking.o microblaze_0/lib/xil_exception.o microblaze_0/lib/xil_me
TRACE::2026-06-04.00:09:42::SCWMssOS::m.o microblaze_0/lib/xil_misc_psreset_api.o microblaze_0/lib/xil_printf.o microblaze_0/lib/xil_sleepcommon.o microblaze_0/lib/x
TRACE::2026-06-04.00:09:42::SCWMssOS::il_testcache.o microblaze_0/lib/xil_testio.o microblaze_0/lib/xil_testmem.o microblaze_0/lib/xil_util.o microblaze_0/lib/xintc.
TRACE::2026-06-04.00:09:42::SCWMssOS::o microblaze_0/lib/xintc_g.o microblaze_0/lib/xintc_intr.o microblaze_0/lib/xintc_l.o microblaze_0/lib/xintc_options.o microbla
TRACE::2026-06-04.00:09:42::SCWMssOS::ze_0/lib/xintc_selftest.o microblaze_0/lib/xinterrupt_wrap.o microblaze_0/lib/xio.o microblaze_0/lib/xplatform_info.o microblaz
TRACE::2026-06-04.00:09:42::SCWMssOS::e_0/lib/xuartlite.o microblaze_0/lib/xuartlite_g.o microblaze_0/lib/xuartlite_intr.o microblaze_0/lib/xuartlite_l.o microblaze_
TRACE::2026-06-04.00:09:42::SCWMssOS::0/lib/xuartlite_selftest.o microblaze_0/lib/xuartlite_sinit.o microblaze_0/lib/xuartlite_stats.o

TRACE::2026-06-04.00:09:42::SCWMssOS::'Finished building libraries'

TRACE::2026-06-04.00:09:43::SCWMssOS:: Checking if to create the Supporting Applications
TRACE::2026-06-04.00:09:43::SCWMssOS:: No Linux domain exists, trying to generate FSBL 
LOG::2026-06-04.00:09:43::SCWSystem::Completed Processing the domain standalone_microblaze_0
LOG::2026-06-04.00:09:43::SCWSystem::Completed Processing the sysconfig userMapTop
LOG::2026-06-04.00:09:43::SCWPlatform::Completed generating the artifacts for system configuration userMapTop
TRACE::2026-06-04.00:09:43::SCWPlatform::Started preparing the platform 
TRACE::2026-06-04.00:09:43::SCWSystem::Writing the bif file for system config userMapTop
TRACE::2026-06-04.00:09:43::SCWSystem::dir created 
TRACE::2026-06-04.00:09:43::SCWSystem::Writing the bif 
TRACE::2026-06-04.00:09:43::SCWPlatform::Started writing the spfm file 
TRACE::2026-06-04.00:09:43::SCWPlatform::Started writing the xpfm file 
TRACE::2026-06-04.00:09:43::SCWPlatform::Completed generating the platform
TRACE::2026-06-04.00:09:43::SCWMssOS::Saving the mss changes D:/vivado_pj/userMap2023/userMapTop/microblaze_0/standalone_microblaze_0/bsp/system.mss
TRACE::2026-06-04.00:09:43::SCWMssOS::Adding the swdes entry, mss present, able to open swdb D:/vivado_pj/userMap2023/userMapTop/microblaze_0/standalone_microblaze_0/bsp/system.mss with des name system
TRACE::2026-06-04.00:09:43::SCWMssOS::Writing the mss file completed D:/vivado_pj/userMap2023/userMapTop/microblaze_0/standalone_microblaze_0/bsp/system.mss
TRACE::2026-06-04.00:09:43::SCWMssOS::Commit changes completed.
TRACE::2026-06-04.00:09:43::SCWPlatform::Trying to open the hw design at D:/vivado_pj/userMap2023/userMapTop/hw/userMapTop4.xsa
TRACE::2026-06-04.00:09:43::SCWPlatform::DSA given D:/vivado_pj/userMap2023/userMapTop/hw/userMapTop4.xsa
TRACE::2026-06-04.00:09:43::SCWPlatform::DSA absoulate path D:/vivado_pj/userMap2023/userMapTop/hw/userMapTop4.xsa
TRACE::2026-06-04.00:09:43::SCWPlatform::DSA directory D:/vivado_pj/userMap2023/userMapTop/hw
TRACE::2026-06-04.00:09:43::SCWPlatform:: Platform Path D:/vivado_pj/userMap2023/userMapTop/hw/userMapTop4.xsa
TRACE::2026-06-04.00:09:43::SCWPlatform:: Unique name xilinx:basys3::0.0
TRACE::2026-06-04.00:09:43::SCWPlatform::Trying to set the existing hwdb with name userMapTop_16
TRACE::2026-06-04.00:09:43::SCWPlatform::Opened existing hwdb userMapTop_16
TRACE::2026-06-04.00:09:43::SCWPlatform::Found the Hw Db part of the input DSA
TRACE::2026-06-04.00:09:43::SCWMssOS::Checking the sw design at  D:/vivado_pj/userMap2023/userMapTop/microblaze_0/standalone_microblaze_0/bsp/system.mss
TRACE::2026-06-04.00:09:43::SCWMssOS::DEBUG:  swdes dump  D:/vivado_pj/userMap2023/userMapTop/microblaze_0/standalone_microblaze_0/bsp/system.mss|system||

TRACE::2026-06-04.00:09:43::SCWMssOS::Sw design exists and opened at  D:/vivado_pj/userMap2023/userMapTop/microblaze_0/standalone_microblaze_0/bsp/system.mss
TRACE::2026-06-04.00:09:43::SCWWriter::formatted JSON is {
	"platformName":	"userMapTop",
	"sprVersion":	"2.0",
	"mode":	"gui",
	"dsaType":	"Fixed",
	"platformDesc":	"userMapTop",
	"platHandOff":	"D:/vivado_pj/userMap/userMapTop4.xsa",
	"platIntHandOff":	"<platformDir>/hw/userMapTop4.xsa",
	"deviceType":	"FPGA",
	"platIsPrebuiltAutogen":	"false",
	"platIsNoBootBsp":	"false",
	"hasFsblMakeHasChanges":	"false",
	"hasPmufwMakeHasChanges":	"false",
	"platPreBuiltFlag":	false,
	"platformSamplesDir":	"",
	"platActiveSys":	"userMapTop",
	"systems":	[{
			"systemName":	"userMapTop",
			"systemDesc":	"userMapTop",
			"sysIsBootAutoGen":	"true",
			"systemDispName":	"userMapTop",
			"sysActiveDom":	"standalone_microblaze_0",
			"sysDefaultDom":	"standalone_microblaze_0",
			"domains":	[{
					"domainName":	"standalone_microblaze_0",
					"domainDispName":	"standalone_microblaze_0",
					"domainDesc":	"standalone_microblaze_0",
					"processors":	"microblaze_0",
					"os":	"standalone",
					"sdxOs":	"standalone",
					"debugEnable":	"False",
					"domRuntimes":	["cpp"],
					"swRepo":	"",
					"mssOsVer":	"8.1",
					"mssFile":	"",
					"md5Digest":	"2387726c7969e4016a1fc62dc46e34ae",
					"compatibleApp":	"",
					"domType":	"mssDomain",
					"arch":	"32-bit",
					"appSettings":	{
						"appCompilerFlags":	"",
						"appLinkerFlags":	""
					},
					"addedLibs":	[],
					"libOptions":	{
						"libsContainingOptions":	[]
					},
					"prebuiltLibs":	{
						"prebuiltIncPath":	[],
						"prebuiltLibPath":	[]
					},
					"isolation":	{
					}
				}]
		}]
}
KEYINFO::2026-06-04.00:09:43::SCWPlatform::updated the xpfm file.
TRACE::2026-06-04.00:09:44::SCWPlatform::Trying to open the hw design at D:/vivado_pj/userMap2023/userMapTop/hw/userMapTop4.xsa
TRACE::2026-06-04.00:09:44::SCWPlatform::DSA given D:/vivado_pj/userMap2023/userMapTop/hw/userMapTop4.xsa
TRACE::2026-06-04.00:09:44::SCWPlatform::DSA absoulate path D:/vivado_pj/userMap2023/userMapTop/hw/userMapTop4.xsa
TRACE::2026-06-04.00:09:44::SCWPlatform::DSA directory D:/vivado_pj/userMap2023/userMapTop/hw
TRACE::2026-06-04.00:09:44::SCWPlatform:: Platform Path D:/vivado_pj/userMap2023/userMapTop/hw/userMapTop4.xsa
TRACE::2026-06-04.00:09:44::SCWPlatform:: Unique name xilinx:basys3::0.0
TRACE::2026-06-04.00:09:44::SCWPlatform::Trying to set the existing hwdb with name userMapTop_16
TRACE::2026-06-04.00:09:44::SCWPlatform::Opened existing hwdb userMapTop_16
TRACE::2026-06-04.00:09:44::SCWPlatform::Found the Hw Db part of the input DSA
TRACE::2026-06-04.00:09:44::SCWMssOS::Checking the sw design at  D:/vivado_pj/userMap2023/userMapTop/microblaze_0/standalone_microblaze_0/bsp/system.mss
TRACE::2026-06-04.00:09:44::SCWMssOS::DEBUG:  swdes dump  D:/vivado_pj/userMap2023/userMapTop/microblaze_0/standalone_microblaze_0/bsp/system.mss|system||

TRACE::2026-06-04.00:09:44::SCWMssOS::Sw design exists and opened at  D:/vivado_pj/userMap2023/userMapTop/microblaze_0/standalone_microblaze_0/bsp/system.mss
TRACE::2026-06-04.00:36:20::SCWPlatform::Clearing the existing platform
TRACE::2026-06-04.00:36:20::SCWSystem::Clearing the existing sysconfig
TRACE::2026-06-04.00:36:20::SCWMssOS::Removing the swdes entry for  D:/vivado_pj/userMap2023/userMapTop/microblaze_0/standalone_microblaze_0/bsp/system.mss
TRACE::2026-06-04.00:36:20::SCWSystem::Clearing the domains completed.
TRACE::2026-06-04.00:36:20::SCWPlatform::Clearing the opened hw db.
TRACE::2026-06-04.00:36:20::SCWPlatform::DSA given D:/vivado_pj/userMap2023/userMapTop/hw/userMapTop4.xsa
TRACE::2026-06-04.00:36:20::SCWPlatform::DSA absoulate path D:/vivado_pj/userMap2023/userMapTop/hw/userMapTop4.xsa
TRACE::2026-06-04.00:36:20::SCWPlatform:: Platform location is D:/vivado_pj/userMap2023/userMapTop/hw
TRACE::2026-06-04.00:36:20::SCWPlatform:: Platform Path D:/vivado_pj/userMap2023/userMapTop/hw/userMapTop4.xsa
TRACE::2026-06-04.00:36:20::SCWPlatform:: Unique name xilinx:basys3::0.0
TRACE::2026-06-04.00:36:20::SCWPlatform::Removing the HwDB with name D:/vivado_pj/userMap2023/userMapTop/hw/userMapTop4.xsa
TRACE::2026-06-04.00:36:20::SCWPlatform::Trying to open the hw design at D:/vivado_pj/userMap2023/userMapTop/hw/userMapTop4.xsa
TRACE::2026-06-04.00:36:20::SCWPlatform::DSA given D:/vivado_pj/userMap2023/userMapTop/hw/userMapTop4.xsa
TRACE::2026-06-04.00:36:20::SCWPlatform::DSA absoulate path D:/vivado_pj/userMap2023/userMapTop/hw/userMapTop4.xsa
TRACE::2026-06-04.00:36:20::SCWPlatform::DSA directory D:/vivado_pj/userMap2023/userMapTop/hw
TRACE::2026-06-04.00:36:20::SCWPlatform:: Platform Path D:/vivado_pj/userMap2023/userMapTop/hw/userMapTop4.xsa
TRACE::2026-06-04.00:36:20::SCWPlatform:: Unique name xilinx:basys3::0.0
TRACE::2026-06-04.00:36:20::SCWPlatform::Do not have an existing db opened. 
TRACE::2026-06-04.00:36:20::SCWPlatform::Opened new HwDB with name userMapTop_21
TRACE::2026-06-04.00:36:20::SCWReader::Active system found as  userMapTop
TRACE::2026-06-04.00:36:20::SCWReader::Handling sysconfig userMapTop
TRACE::2026-06-04.00:36:20::SCWDomain::checking for install qemu data   : 
TRACE::2026-06-04.00:36:20::SCWPlatform::Trying to open the hw design at D:/vivado_pj/userMap2023/userMapTop/hw/userMapTop4.xsa
TRACE::2026-06-04.00:36:20::SCWPlatform::DSA given D:/vivado_pj/userMap2023/userMapTop/hw/userMapTop4.xsa
TRACE::2026-06-04.00:36:20::SCWPlatform::DSA absoulate path D:/vivado_pj/userMap2023/userMapTop/hw/userMapTop4.xsa
TRACE::2026-06-04.00:36:20::SCWPlatform::DSA directory D:/vivado_pj/userMap2023/userMapTop/hw
TRACE::2026-06-04.00:36:20::SCWPlatform:: Platform Path D:/vivado_pj/userMap2023/userMapTop/hw/userMapTop4.xsa
TRACE::2026-06-04.00:36:20::SCWPlatform:: Unique name xilinx:basys3::0.0
TRACE::2026-06-04.00:36:20::SCWPlatform::Trying to set the existing hwdb with name userMapTop_21
TRACE::2026-06-04.00:36:20::SCWPlatform::Opened existing hwdb userMapTop_21
TRACE::2026-06-04.00:36:20::SCWPlatform::Found the Hw Db part of the input DSA
TRACE::2026-06-04.00:36:20::SCWPlatform::Trying to open the hw design at D:/vivado_pj/userMap2023/userMapTop/hw/userMapTop4.xsa
TRACE::2026-06-04.00:36:20::SCWPlatform::DSA given D:/vivado_pj/userMap2023/userMapTop/hw/userMapTop4.xsa
TRACE::2026-06-04.00:36:20::SCWPlatform::DSA absoulate path D:/vivado_pj/userMap2023/userMapTop/hw/userMapTop4.xsa
TRACE::2026-06-04.00:36:20::SCWPlatform::DSA directory D:/vivado_pj/userMap2023/userMapTop/hw
TRACE::2026-06-04.00:36:20::SCWPlatform:: Platform Path D:/vivado_pj/userMap2023/userMapTop/hw/userMapTop4.xsa
TRACE::2026-06-04.00:36:20::SCWPlatform:: Unique name xilinx:basys3::0.0
TRACE::2026-06-04.00:36:20::SCWPlatform::Trying to set the existing hwdb with name userMapTop_21
TRACE::2026-06-04.00:36:20::SCWPlatform::Opened existing hwdb userMapTop_21
TRACE::2026-06-04.00:36:20::SCWPlatform::Found the Hw Db part of the input DSA
TRACE::2026-06-04.00:36:20::SCWPlatform::Trying to open the hw design at D:/vivado_pj/userMap2023/userMapTop/hw/userMapTop4.xsa
TRACE::2026-06-04.00:36:20::SCWPlatform::DSA given D:/vivado_pj/userMap2023/userMapTop/hw/userMapTop4.xsa
TRACE::2026-06-04.00:36:20::SCWPlatform::DSA absoulate path D:/vivado_pj/userMap2023/userMapTop/hw/userMapTop4.xsa
TRACE::2026-06-04.00:36:20::SCWPlatform::DSA directory D:/vivado_pj/userMap2023/userMapTop/hw
TRACE::2026-06-04.00:36:20::SCWPlatform:: Platform Path D:/vivado_pj/userMap2023/userMapTop/hw/userMapTop4.xsa
TRACE::2026-06-04.00:36:20::SCWPlatform:: Unique name xilinx:basys3::0.0
TRACE::2026-06-04.00:36:20::SCWPlatform::Trying to set the existing hwdb with name userMapTop_21
TRACE::2026-06-04.00:36:20::SCWPlatform::Opened existing hwdb userMapTop_21
TRACE::2026-06-04.00:36:20::SCWPlatform::Found the Hw Db part of the input DSA
TRACE::2026-06-04.00:36:20::SCWPlatform::Trying to open the hw design at D:/vivado_pj/userMap2023/userMapTop/hw/userMapTop4.xsa
TRACE::2026-06-04.00:36:20::SCWPlatform::DSA given D:/vivado_pj/userMap2023/userMapTop/hw/userMapTop4.xsa
TRACE::2026-06-04.00:36:20::SCWPlatform::DSA absoulate path D:/vivado_pj/userMap2023/userMapTop/hw/userMapTop4.xsa
TRACE::2026-06-04.00:36:20::SCWPlatform::DSA directory D:/vivado_pj/userMap2023/userMapTop/hw
TRACE::2026-06-04.00:36:20::SCWPlatform:: Platform Path D:/vivado_pj/userMap2023/userMapTop/hw/userMapTop4.xsa
TRACE::2026-06-04.00:36:20::SCWPlatform:: Unique name xilinx:basys3::0.0
TRACE::2026-06-04.00:36:20::SCWPlatform::Trying to set the existing hwdb with name userMapTop_21
TRACE::2026-06-04.00:36:20::SCWPlatform::Opened existing hwdb userMapTop_21
TRACE::2026-06-04.00:36:20::SCWPlatform::Found the Hw Db part of the input DSA
TRACE::2026-06-04.00:36:20::SCWMssOS::Checking the sw design at  D:/vivado_pj/userMap2023/userMapTop/microblaze_0/standalone_microblaze_0/bsp/system.mss
TRACE::2026-06-04.00:36:20::SCWMssOS::DEBUG:  swdes dump  
TRACE::2026-06-04.00:36:20::SCWMssOS::No sw design opened at  D:/vivado_pj/userMap2023/userMapTop/microblaze_0/standalone_microblaze_0/bsp/system.mss
TRACE::2026-06-04.00:36:20::SCWMssOS::mss exists loading the mss file  D:/vivado_pj/userMap2023/userMapTop/microblaze_0/standalone_microblaze_0/bsp/system.mss
TRACE::2026-06-04.00:36:20::SCWMssOS::Opened the sw design from mss  D:/vivado_pj/userMap2023/userMapTop/microblaze_0/standalone_microblaze_0/bsp/system.mss
TRACE::2026-06-04.00:36:20::SCWMssOS::Adding the swdes entry D:/vivado_pj/userMap2023/userMapTop/microblaze_0/standalone_microblaze_0/bsp/system.mss with des name system
TRACE::2026-06-04.00:36:20::SCWMssOS::updating the scw layer about changes
TRACE::2026-06-04.00:36:20::SCWMssOS::Opened the sw design.  D:/vivado_pj/userMap2023/userMapTop/microblaze_0/standalone_microblaze_0/bsp/system.mss
TRACE::2026-06-04.00:36:20::SCWMssOS::Saving the mss changes D:/vivado_pj/userMap2023/userMapTop/microblaze_0/standalone_microblaze_0/bsp/system.mss
TRACE::2026-06-04.00:36:20::SCWMssOS::Found a swdesign opened with the mssfile.
TRACE::2026-06-04.00:36:20::SCWMssOS::Completed writemss as part of save.
TRACE::2026-06-04.00:36:20::SCWMssOS::Commit changes completed.
TRACE::2026-06-04.00:36:20::SCWReader::Adding prebuilt librarypaths as   
TRACE::2026-06-04.00:36:20::SCWReader::Adding prebuilt incpaths  as   
TRACE::2026-06-04.00:36:20::SCWPlatform::Trying to open the hw design at D:/vivado_pj/userMap2023/userMapTop/hw/userMapTop4.xsa
TRACE::2026-06-04.00:36:20::SCWPlatform::DSA given D:/vivado_pj/userMap2023/userMapTop/hw/userMapTop4.xsa
TRACE::2026-06-04.00:36:20::SCWPlatform::DSA absoulate path D:/vivado_pj/userMap2023/userMapTop/hw/userMapTop4.xsa
TRACE::2026-06-04.00:36:20::SCWPlatform::DSA directory D:/vivado_pj/userMap2023/userMapTop/hw
TRACE::2026-06-04.00:36:20::SCWPlatform:: Platform Path D:/vivado_pj/userMap2023/userMapTop/hw/userMapTop4.xsa
TRACE::2026-06-04.00:36:20::SCWPlatform:: Unique name xilinx:basys3::0.0
TRACE::2026-06-04.00:36:20::SCWPlatform::Trying to set the existing hwdb with name userMapTop_21
TRACE::2026-06-04.00:36:20::SCWPlatform::Opened existing hwdb userMapTop_21
TRACE::2026-06-04.00:36:20::SCWPlatform::Found the Hw Db part of the input DSA
TRACE::2026-06-04.00:36:20::SCWMssOS::Checking the sw design at  D:/vivado_pj/userMap2023/userMapTop/microblaze_0/standalone_microblaze_0/bsp/system.mss
TRACE::2026-06-04.00:36:20::SCWMssOS::DEBUG:  swdes dump  D:/vivado_pj/userMap2023/userMapTop/microblaze_0/standalone_microblaze_0/bsp/system.mss|system||

TRACE::2026-06-04.00:36:20::SCWMssOS::Sw design exists and opened at  D:/vivado_pj/userMap2023/userMapTop/microblaze_0/standalone_microblaze_0/bsp/system.mss
TRACE::2026-06-04.00:36:20::SCWReader::No isolation master present  
TRACE::2026-06-04.00:36:25::SCWPlatform::DSA given D:/vivado_pj/userMap2023/userMapTop/tempdsa/userMapTop1.xsa
TRACE::2026-06-04.00:36:25::SCWPlatform::DSA absoulate path D:/vivado_pj/userMap2023/userMapTop/tempdsa/userMapTop1.xsa
TRACE::2026-06-04.00:36:25::SCWPlatform:: Platform location is D:/vivado_pj/userMap2023/userMapTop/tempdsa
TRACE::2026-06-04.00:36:25::SCWPlatform:: Platform Path D:/vivado_pj/userMap2023/userMapTop/tempdsa/userMapTop1.xsa
TRACE::2026-06-04.00:36:25::SCWPlatform:: Unique name xilinx:basys3::0.0
TRACE::2026-06-04.00:36:25::SCWPlatform::Found the Hw Db part of the input DSA
TRACE::2026-06-04.00:36:25::SCWMssOS::Doing hw sync for the mss in domain: standalone_microblaze_0
TRACE::2026-06-04.00:36:25::SCWPlatform::Trying to open the hw design at D:/vivado_pj/userMap2023/userMapTop/hw/userMapTop4.xsa
TRACE::2026-06-04.00:36:25::SCWPlatform::DSA given D:/vivado_pj/userMap2023/userMapTop/hw/userMapTop4.xsa
TRACE::2026-06-04.00:36:25::SCWPlatform::DSA absoulate path D:/vivado_pj/userMap2023/userMapTop/hw/userMapTop4.xsa
TRACE::2026-06-04.00:36:25::SCWPlatform::DSA directory D:/vivado_pj/userMap2023/userMapTop/hw
TRACE::2026-06-04.00:36:25::SCWPlatform:: Platform Path D:/vivado_pj/userMap2023/userMapTop/hw/userMapTop4.xsa
TRACE::2026-06-04.00:36:25::SCWPlatform:: Unique name xilinx:basys3::0.0
TRACE::2026-06-04.00:36:25::SCWPlatform::Trying to set the existing hwdb with name userMapTop_21
TRACE::2026-06-04.00:36:25::SCWPlatform::Opened existing hwdb userMapTop_21
TRACE::2026-06-04.00:36:25::SCWPlatform::Found the Hw Db part of the input DSA
TRACE::2026-06-04.00:36:25::SCWPlatform::Trying to open the hw design at D:/vivado_pj/userMap2023/userMapTop/hw/userMapTop4.xsa
TRACE::2026-06-04.00:36:25::SCWPlatform::DSA given D:/vivado_pj/userMap2023/userMapTop/hw/userMapTop4.xsa
TRACE::2026-06-04.00:36:25::SCWPlatform::DSA absoulate path D:/vivado_pj/userMap2023/userMapTop/hw/userMapTop4.xsa
TRACE::2026-06-04.00:36:25::SCWPlatform::DSA directory D:/vivado_pj/userMap2023/userMapTop/hw
TRACE::2026-06-04.00:36:25::SCWPlatform:: Platform Path D:/vivado_pj/userMap2023/userMapTop/hw/userMapTop4.xsa
TRACE::2026-06-04.00:36:25::SCWPlatform:: Unique name xilinx:basys3::0.0
TRACE::2026-06-04.00:36:25::SCWPlatform::Trying to set the existing hwdb with name userMapTop_21
TRACE::2026-06-04.00:36:25::SCWPlatform::Opened existing hwdb userMapTop_21
TRACE::2026-06-04.00:36:25::SCWPlatform::Found the Hw Db part of the input DSA
TRACE::2026-06-04.00:36:25::SCWMssOS::Checking the sw design at  D:/vivado_pj/userMap2023/userMapTop/microblaze_0/standalone_microblaze_0/bsp/system.mss
TRACE::2026-06-04.00:36:25::SCWMssOS::DEBUG:  swdes dump  D:/vivado_pj/userMap2023/userMapTop/microblaze_0/standalone_microblaze_0/bsp/system.mss|system||

TRACE::2026-06-04.00:36:25::SCWMssOS::Sw design exists and opened at  D:/vivado_pj/userMap2023/userMapTop/microblaze_0/standalone_microblaze_0/bsp/system.mss
TRACE::2026-06-04.00:36:25::SCWPlatform::Trying to open the hw design at D:/vivado_pj/userMap2023/userMapTop/tempdsa/userMapTop1.xsa
TRACE::2026-06-04.00:36:25::SCWPlatform::DSA given D:/vivado_pj/userMap2023/userMapTop/tempdsa/userMapTop1.xsa
TRACE::2026-06-04.00:36:25::SCWPlatform::DSA absoulate path D:/vivado_pj/userMap2023/userMapTop/tempdsa/userMapTop1.xsa
TRACE::2026-06-04.00:36:25::SCWPlatform::DSA directory D:/vivado_pj/userMap2023/userMapTop/tempdsa
TRACE::2026-06-04.00:36:25::SCWPlatform:: Platform Path D:/vivado_pj/userMap2023/userMapTop/tempdsa/userMapTop1.xsa
TRACE::2026-06-04.00:36:25::SCWPlatform:: Unique name xilinx:basys3::0.0
TRACE::2026-06-04.00:36:25::SCWPlatform::update - Opened existing hwdb userMapTop_22
TRACE::2026-06-04.00:36:25::SCWPlatform::Found the Hw Db part of the input DSA
TRACE::2026-06-04.00:36:25::SCWMssOS::Saving the mss changes D:/vivado_pj/userMap2023/userMapTop/microblaze_0/standalone_microblaze_0/bsp/system.mss
TRACE::2026-06-04.00:36:25::SCWMssOS::Found a swdesign opened with the mssfile.
TRACE::2026-06-04.00:36:25::SCWMssOS::Completed writemss as part of save.
TRACE::2026-06-04.00:36:25::SCWMssOS::Commit changes completed.
TRACE::2026-06-04.00:36:25::SCWMssOS::Completed hw sync for the mss in domain: standalone_microblaze_0
TRACE::2026-06-04.00:36:25::SCWMssOS::Removing the swdes entry for  D:/vivado_pj/userMap2023/userMapTop/microblaze_0/standalone_microblaze_0/bsp/system.mss
TRACE::2026-06-04.00:36:25::SCWPlatform::Trying to open the hw design at D:/vivado_pj/userMap2023/userMapTop/hw/userMapTop1.xsa
TRACE::2026-06-04.00:36:25::SCWPlatform::DSA given D:/vivado_pj/userMap2023/userMapTop/hw/userMapTop1.xsa
TRACE::2026-06-04.00:36:25::SCWPlatform::DSA absoulate path D:/vivado_pj/userMap2023/userMapTop/hw/userMapTop1.xsa
TRACE::2026-06-04.00:36:25::SCWPlatform::DSA directory D:/vivado_pj/userMap2023/userMapTop/hw
TRACE::2026-06-04.00:36:25::SCWPlatform:: Platform Path D:/vivado_pj/userMap2023/userMapTop/hw/userMapTop1.xsa
TRACE::2026-06-04.00:36:25::SCWPlatform:: Unique name xilinx:basys3::0.0
TRACE::2026-06-04.00:36:25::SCWPlatform::Do not have an existing db opened. 
TRACE::2026-06-04.00:36:25::SCWPlatform::Opened new HwDB with name userMapTop_23
TRACE::2026-06-04.00:36:25::SCWMssOS::Saving the mss changes D:/vivado_pj/userMap2023/userMapTop/microblaze_0/standalone_microblaze_0/bsp/system.mss
TRACE::2026-06-04.00:36:25::SCWMssOS::Adding the swdes entry, mss present, able to open swdb D:/vivado_pj/userMap2023/userMapTop/microblaze_0/standalone_microblaze_0/bsp/system.mss with des name system
TRACE::2026-06-04.00:36:25::SCWMssOS::Writing the mss file completed D:/vivado_pj/userMap2023/userMapTop/microblaze_0/standalone_microblaze_0/bsp/system.mss
TRACE::2026-06-04.00:36:25::SCWMssOS::Commit changes completed.
TRACE::2026-06-04.00:36:25::SCWPlatform::Trying to open the hw design at D:/vivado_pj/userMap2023/userMapTop/hw/userMapTop1.xsa
TRACE::2026-06-04.00:36:25::SCWPlatform::DSA given D:/vivado_pj/userMap2023/userMapTop/hw/userMapTop1.xsa
TRACE::2026-06-04.00:36:25::SCWPlatform::DSA absoulate path D:/vivado_pj/userMap2023/userMapTop/hw/userMapTop1.xsa
TRACE::2026-06-04.00:36:25::SCWPlatform::DSA directory D:/vivado_pj/userMap2023/userMapTop/hw
TRACE::2026-06-04.00:36:25::SCWPlatform:: Platform Path D:/vivado_pj/userMap2023/userMapTop/hw/userMapTop1.xsa
TRACE::2026-06-04.00:36:25::SCWPlatform:: Unique name xilinx:basys3::0.0
TRACE::2026-06-04.00:36:25::SCWPlatform::Trying to set the existing hwdb with name userMapTop_23
TRACE::2026-06-04.00:36:25::SCWPlatform::Opened existing hwdb userMapTop_23
TRACE::2026-06-04.00:36:25::SCWPlatform::Found the Hw Db part of the input DSA
TRACE::2026-06-04.00:36:25::SCWMssOS::Checking the sw design at  D:/vivado_pj/userMap2023/userMapTop/microblaze_0/standalone_microblaze_0/bsp/system.mss
TRACE::2026-06-04.00:36:25::SCWMssOS::DEBUG:  swdes dump  D:/vivado_pj/userMap2023/userMapTop/microblaze_0/standalone_microblaze_0/bsp/system.mss|system||

TRACE::2026-06-04.00:36:25::SCWMssOS::Sw design exists and opened at  D:/vivado_pj/userMap2023/userMapTop/microblaze_0/standalone_microblaze_0/bsp/system.mss
TRACE::2026-06-04.00:36:25::SCWWriter::formatted JSON is {
	"platformName":	"userMapTop",
	"sprVersion":	"2.0",
	"mode":	"gui",
	"dsaType":	"Fixed",
	"platformDesc":	"userMapTop",
	"platHandOff":	"D:/vivado_pj/userMap/userMapTop1.xsa",
	"platIntHandOff":	"<platformDir>/hw/userMapTop1.xsa",
	"deviceType":	"FPGA",
	"platIsPrebuiltAutogen":	"false",
	"platIsNoBootBsp":	"false",
	"hasFsblMakeHasChanges":	"false",
	"hasPmufwMakeHasChanges":	"false",
	"platPreBuiltFlag":	false,
	"platformSamplesDir":	"",
	"platActiveSys":	"userMapTop",
	"systems":	[{
			"systemName":	"userMapTop",
			"systemDesc":	"userMapTop",
			"sysIsBootAutoGen":	"true",
			"systemDispName":	"userMapTop",
			"sysActiveDom":	"standalone_microblaze_0",
			"sysDefaultDom":	"standalone_microblaze_0",
			"domains":	[{
					"domainName":	"standalone_microblaze_0",
					"domainDispName":	"standalone_microblaze_0",
					"domainDesc":	"standalone_microblaze_0",
					"processors":	"microblaze_0",
					"os":	"standalone",
					"sdxOs":	"standalone",
					"debugEnable":	"False",
					"domRuntimes":	["cpp"],
					"swRepo":	"",
					"mssOsVer":	"8.1",
					"mssFile":	"",
					"md5Digest":	"2387726c7969e4016a1fc62dc46e34ae1",
					"compatibleApp":	"",
					"domType":	"mssDomain",
					"arch":	"32-bit",
					"appSettings":	{
						"appCompilerFlags":	"",
						"appLinkerFlags":	""
					},
					"addedLibs":	[],
					"libOptions":	{
						"libsContainingOptions":	[]
					},
					"prebuiltLibs":	{
						"prebuiltIncPath":	[],
						"prebuiltLibPath":	[]
					},
					"isolation":	{
					}
				}]
		}]
}
LOG::2026-06-04.00:36:31::SCWPlatform::Started generating the artifacts platform userMapTop
TRACE::2026-06-04.00:36:31::SCWPlatform::Sanity checking of platform is completed
LOG::2026-06-04.00:36:31::SCWPlatform::Started generating the artifacts for system configuration userMapTop
LOG::2026-06-04.00:36:31::SCWSystem::Checking the domain standalone_microblaze_0
LOG::2026-06-04.00:36:31::SCWSystem::Not a boot domain 
LOG::2026-06-04.00:36:31::SCWSystem::Started Processing the domain standalone_microblaze_0
TRACE::2026-06-04.00:36:31::SCWDomain::Generating domain artifcats
TRACE::2026-06-04.00:36:31::SCWMssOS::Generating standalone artifcats
TRACE::2026-06-04.00:36:31::SCWMssOS:: Copying the user libraries. 
TRACE::2026-06-04.00:36:31::SCWPlatform::Trying to open the hw design at D:/vivado_pj/userMap2023/userMapTop/hw/userMapTop1.xsa
TRACE::2026-06-04.00:36:31::SCWPlatform::DSA given D:/vivado_pj/userMap2023/userMapTop/hw/userMapTop1.xsa
TRACE::2026-06-04.00:36:31::SCWPlatform::DSA absoulate path D:/vivado_pj/userMap2023/userMapTop/hw/userMapTop1.xsa
TRACE::2026-06-04.00:36:31::SCWPlatform::DSA directory D:/vivado_pj/userMap2023/userMapTop/hw
TRACE::2026-06-04.00:36:31::SCWPlatform:: Platform Path D:/vivado_pj/userMap2023/userMapTop/hw/userMapTop1.xsa
TRACE::2026-06-04.00:36:31::SCWPlatform:: Unique name xilinx:basys3::0.0
TRACE::2026-06-04.00:36:31::SCWPlatform::Trying to set the existing hwdb with name userMapTop_23
TRACE::2026-06-04.00:36:31::SCWPlatform::Opened existing hwdb userMapTop_23
TRACE::2026-06-04.00:36:31::SCWPlatform::Found the Hw Db part of the input DSA
TRACE::2026-06-04.00:36:31::SCWMssOS::Checking the sw design at  D:/vivado_pj/userMap2023/userMapTop/microblaze_0/standalone_microblaze_0/bsp/system.mss
TRACE::2026-06-04.00:36:31::SCWMssOS::DEBUG:  swdes dump  D:/vivado_pj/userMap2023/userMapTop/microblaze_0/standalone_microblaze_0/bsp/system.mss|system||

TRACE::2026-06-04.00:36:31::SCWMssOS::Sw design exists and opened at  D:/vivado_pj/userMap2023/userMapTop/microblaze_0/standalone_microblaze_0/bsp/system.mss
TRACE::2026-06-04.00:36:31::SCWMssOS::Completed writing the mss file at D:/vivado_pj/userMap2023/userMapTop/microblaze_0/standalone_microblaze_0/bsp
TRACE::2026-06-04.00:36:31::SCWMssOS::Mss edits present, copying mssfile into export location D:/vivado_pj/userMap2023/userMapTop/microblaze_0/standalone_microblaze_0/bsp/system.mss
TRACE::2026-06-04.00:36:32::SCWMssOS::bsp generated is stale removing and regenerating. 
TRACE::2026-06-04.00:36:32::SCWMssOS::doing bsp build ... 
TRACE::2026-06-04.00:36:32::SCWMssOS::System Command Ran  D: & cd  D:/vivado_pj/userMap2023/userMapTop/microblaze_0/standalone_microblaze_0/bsp & make 
TRACE::2026-06-04.00:36:32::SCWMssOS::make --no-print-directory seq_libs

TRACE::2026-06-04.00:36:33::SCWMssOS::'Finished building libraries sequentially.'

TRACE::2026-06-04.00:36:33::SCWMssOS::make -j 14 --no-print-directory par_libs

TRACE::2026-06-04.00:36:33::SCWMssOS::"Running Make include in microblaze_0/libsrc/bram_v4_8/src"

TRACE::2026-06-04.00:36:33::SCWMssOS::make -C microblaze_0/libsrc/bram_v4_8/src -s include  "SHELL=CMD" "COMPILER=mb-gcc" "ASSEMBLER=mb-as" "ARCHIVER=mb-ar" "COMPILE
TRACE::2026-06-04.00:36:33::SCWMssOS::R_FLAGS=  -O2 -c -mcpu=v11.0 -mlittle-endian -mxl-soft-mul" "EXTRA_COMPILER_FLAGS=-g -ffunction-sections -fdata-sections -Wall 
TRACE::2026-06-04.00:36:33::SCWMssOS::-Wextra -fno-tree-loop-distribute-patterns"

TRACE::2026-06-04.00:36:33::SCWMssOS::"Running Make include in microblaze_0/libsrc/cpu_v2_17/src"

TRACE::2026-06-04.00:36:33::SCWMssOS::make -C microblaze_0/libsrc/cpu_v2_17/src -s include  "SHELL=CMD" "COMPILER=mb-gcc" "ASSEMBLER=mb-as" "ARCHIVER=mb-ar" "COMPILE
TRACE::2026-06-04.00:36:33::SCWMssOS::R_FLAGS=  -O2 -c -mcpu=v11.0 -mlittle-endian -mxl-soft-mul" "EXTRA_COMPILER_FLAGS=-g -ffunction-sections -fdata-sections -Wall 
TRACE::2026-06-04.00:36:33::SCWMssOS::-Wextra -fno-tree-loop-distribute-patterns"

TRACE::2026-06-04.00:36:33::SCWMssOS::"Running Make include in microblaze_0/libsrc/gpio_v4_9/src"

TRACE::2026-06-04.00:36:33::SCWMssOS::make -C microblaze_0/libsrc/gpio_v4_9/src -s include  "SHELL=CMD" "COMPILER=mb-gcc" "ASSEMBLER=mb-as" "ARCHIVER=mb-ar" "COMPILE
TRACE::2026-06-04.00:36:33::SCWMssOS::R_FLAGS=  -O2 -c -mcpu=v11.0 -mlittle-endian -mxl-soft-mul" "EXTRA_COMPILER_FLAGS=-g -ffunction-sections -fdata-sections -Wall 
TRACE::2026-06-04.00:36:33::SCWMssOS::-Wextra -fno-tree-loop-distribute-patterns"

TRACE::2026-06-04.00:36:33::SCWMssOS::"Running Make include in microblaze_0/libsrc/intc_v3_16/src"

TRACE::2026-06-04.00:36:33::SCWMssOS::make -C microblaze_0/libsrc/intc_v3_16/src -s include  "SHELL=CMD" "COMPILER=mb-gcc" "ASSEMBLER=mb-as" "ARCHIVER=mb-ar" "COMPIL
TRACE::2026-06-04.00:36:33::SCWMssOS::ER_FLAGS=  -O2 -c -mcpu=v11.0 -mlittle-endian -mxl-soft-mul" "EXTRA_COMPILER_FLAGS=-g -ffunction-sections -fdata-sections -Wall
TRACE::2026-06-04.00:36:33::SCWMssOS:: -Wextra -fno-tree-loop-distribute-patterns"

TRACE::2026-06-04.00:36:33::SCWMssOS::"Running Make include in microblaze_0/libsrc/standalone_v8_1/src"

TRACE::2026-06-04.00:36:33::SCWMssOS::make -C microblaze_0/libsrc/standalone_v8_1/src -s include  "SHELL=CMD" "COMPILER=mb-gcc" "ASSEMBLER=mb-as" "ARCHIVER=mb-ar" "C
TRACE::2026-06-04.00:36:33::SCWMssOS::OMPILER_FLAGS=  -O2 -c -mcpu=v11.0 -mlittle-endian -mxl-soft-mul" "EXTRA_COMPILER_FLAGS=-g -ffunction-sections -fdata-sections 
TRACE::2026-06-04.00:36:33::SCWMssOS::-Wall -Wextra -fno-tree-loop-distribute-patterns"

TRACE::2026-06-04.00:36:33::SCWMssOS::"Running Make include in microblaze_0/libsrc/uartlite_v3_8/src"

TRACE::2026-06-04.00:36:33::SCWMssOS::make -C microblaze_0/libsrc/uartlite_v3_8/src -s include  "SHELL=CMD" "COMPILER=mb-gcc" "ASSEMBLER=mb-as" "ARCHIVER=mb-ar" "COM
TRACE::2026-06-04.00:36:33::SCWMssOS::PILER_FLAGS=  -O2 -c -mcpu=v11.0 -mlittle-endian -mxl-soft-mul" "EXTRA_COMPILER_FLAGS=-g -ffunction-sections -fdata-sections -W
TRACE::2026-06-04.00:36:33::SCWMssOS::all -Wextra -fno-tree-loop-distribute-patterns"

TRACE::2026-06-04.00:36:33::SCWMssOS::"Running Make libs in microblaze_0/libsrc/bram_v4_8/src"

TRACE::2026-06-04.00:36:33::SCWMssOS::make -C microblaze_0/libsrc/bram_v4_8/src -s libs  "SHELL=CMD" "COMPILER=mb-gcc" "ASSEMBLER=mb-as" "ARCHIVER=mb-ar" "COMPILER_F
TRACE::2026-06-04.00:36:33::SCWMssOS::LAGS=  -O2 -c -mcpu=v11.0 -mlittle-endian -mxl-soft-mul" "EXTRA_COMPILER_FLAGS=-g -ffunction-sections -fdata-sections -Wall -We
TRACE::2026-06-04.00:36:33::SCWMssOS::xtra -fno-tree-loop-distribute-patterns"

TRACE::2026-06-04.00:36:33::SCWMssOS::"Running Make libs in microblaze_0/libsrc/cpu_v2_17/src"

TRACE::2026-06-04.00:36:33::SCWMssOS::make -C microblaze_0/libsrc/cpu_v2_17/src -s libs  "SHELL=CMD" "COMPILER=mb-gcc" "ASSEMBLER=mb-as" "ARCHIVER=mb-ar" "COMPILER_F
TRACE::2026-06-04.00:36:33::SCWMssOS::LAGS=  -O2 -c -mcpu=v11.0 -mlittle-endian -mxl-soft-mul" "EXTRA_COMPILER_FLAGS=-g -ffunction-sections -fdata-sections -Wall -We
TRACE::2026-06-04.00:36:33::SCWMssOS::xtra -fno-tree-loop-distribute-patterns"

TRACE::2026-06-04.00:36:33::SCWMssOS::"Running Make libs in microblaze_0/libsrc/gpio_v4_9/src"

TRACE::2026-06-04.00:36:33::SCWMssOS::make -C microblaze_0/libsrc/gpio_v4_9/src -s libs  "SHELL=CMD" "COMPILER=mb-gcc" "ASSEMBLER=mb-as" "ARCHIVER=mb-ar" "COMPILER_F
TRACE::2026-06-04.00:36:33::SCWMssOS::LAGS=  -O2 -c -mcpu=v11.0 -mlittle-endian -mxl-soft-mul" "EXTRA_COMPILER_FLAGS=-g -ffunction-sections -fdata-sections -Wall -We
TRACE::2026-06-04.00:36:33::SCWMssOS::xtra -fno-tree-loop-distribute-patterns"

TRACE::2026-06-04.00:36:33::SCWMssOS::"Running Make libs in microblaze_0/libsrc/intc_v3_16/src"

TRACE::2026-06-04.00:36:33::SCWMssOS::make -C microblaze_0/libsrc/intc_v3_16/src -s libs  "SHELL=CMD" "COMPILER=mb-gcc" "ASSEMBLER=mb-as" "ARCHIVER=mb-ar" "COMPILER_
TRACE::2026-06-04.00:36:33::SCWMssOS::FLAGS=  -O2 -c -mcpu=v11.0 -mlittle-endian -mxl-soft-mul" "EXTRA_COMPILER_FLAGS=-g -ffunction-sections -fdata-sections -Wall -W
TRACE::2026-06-04.00:36:33::SCWMssOS::extra -fno-tree-loop-distribute-patterns"

TRACE::2026-06-04.00:36:33::SCWMssOS::"Running Make libs in microblaze_0/libsrc/standalone_v8_1/src"

TRACE::2026-06-04.00:36:33::SCWMssOS::make -C microblaze_0/libsrc/standalone_v8_1/src -s libs  "SHELL=CMD" "COMPILER=mb-gcc" "ASSEMBLER=mb-as" "ARCHIVER=mb-ar" "COMP
TRACE::2026-06-04.00:36:33::SCWMssOS::ILER_FLAGS=  -O2 -c -mcpu=v11.0 -mlittle-endian -mxl-soft-mul" "EXTRA_COMPILER_FLAGS=-g -ffunction-sections -fdata-sections -Wa
TRACE::2026-06-04.00:36:33::SCWMssOS::ll -Wextra -fno-tree-loop-distribute-patterns"

TRACE::2026-06-04.00:36:33::SCWMssOS::"Running Make libs in microblaze_0/libsrc/uartlite_v3_8/src"

TRACE::2026-06-04.00:36:33::SCWMssOS::make -C microblaze_0/libsrc/uartlite_v3_8/src -s libs  "SHELL=CMD" "COMPILER=mb-gcc" "ASSEMBLER=mb-as" "ARCHIVER=mb-ar" "COMPIL
TRACE::2026-06-04.00:36:33::SCWMssOS::ER_FLAGS=  -O2 -c -mcpu=v11.0 -mlittle-endian -mxl-soft-mul" "EXTRA_COMPILER_FLAGS=-g -ffunction-sections -fdata-sections -Wall
TRACE::2026-06-04.00:36:33::SCWMssOS:: -Wextra -fno-tree-loop-distribute-patterns"

TRACE::2026-06-04.00:36:34::SCWMssOS::"DEBUG NON_LTO_OBJECTS is ../../../lib/microblaze_interrupt_handler.o"

TRACE::2026-06-04.00:36:34::SCWMssOS::'Finished building libraries parallelly.'

TRACE::2026-06-04.00:36:34::SCWMssOS::make --no-print-directory archive

TRACE::2026-06-04.00:36:34::SCWMssOS::mb-ar -r  microblaze_0/lib/libxil.a microblaze_0/lib/_exit.o microblaze_0/lib/errno.o microblaze_0/lib/fcntl.o microblaze_0/lib
TRACE::2026-06-04.00:36:34::SCWMssOS::/hw_exception_handler.o microblaze_0/lib/inbyte.o microblaze_0/lib/microblaze_disable_dcache.o microblaze_0/lib/microblaze_disa
TRACE::2026-06-04.00:36:34::SCWMssOS::ble_exceptions.o microblaze_0/lib/microblaze_disable_icache.o microblaze_0/lib/microblaze_disable_interrupts.o microblaze_0/lib
TRACE::2026-06-04.00:36:34::SCWMssOS::/microblaze_enable_dcache.o microblaze_0/lib/microblaze_enable_exceptions.o microblaze_0/lib/microblaze_enable_icache.o microbl
TRACE::2026-06-04.00:36:34::SCWMssOS::aze_0/lib/microblaze_enable_interrupts.o microblaze_0/lib/microblaze_exception_handler.o microblaze_0/lib/microblaze_flush_cach
TRACE::2026-06-04.00:36:34::SCWMssOS::e_ext.o microblaze_0/lib/microblaze_flush_cache_ext_range.o microblaze_0/lib/microblaze_flush_dcache.o microblaze_0/lib/microbl
TRACE::2026-06-04.00:36:34::SCWMssOS::aze_flush_dcache_range.o microblaze_0/lib/microblaze_init_dcache_range.o microblaze_0/lib/microblaze_init_icache_range.o microb
TRACE::2026-06-04.00:36:34::SCWMssOS::laze_0/lib/microblaze_interrupt_handler.o microblaze_0/lib/microblaze_interrupts_g.o microblaze_0/lib/microblaze_invalidate_cac
TRACE::2026-06-04.00:36:34::SCWMssOS::he_ext.o microblaze_0/lib/microblaze_invalidate_cache_ext_range.o microblaze_0/lib/microblaze_invalidate_dcache.o microblaze_0/
TRACE::2026-06-04.00:36:34::SCWMssOS::lib/microblaze_invalidate_dcache_range.o microblaze_0/lib/microblaze_invalidate_icache.o microblaze_0/lib/microblaze_invalidate
TRACE::2026-06-04.00:36:34::SCWMssOS::_icache_range.o microblaze_0/lib/microblaze_scrub.o microblaze_0/lib/microblaze_selftest.o microblaze_0/lib/microblaze_sleep.o 
TRACE::2026-06-04.00:36:34::SCWMssOS::microblaze_0/lib/microblaze_update_dcache.o microblaze_0/lib/microblaze_update_icache.o microblaze_0/lib/outbyte.o microblaze_0
TRACE::2026-06-04.00:36:34::SCWMssOS::/lib/print.o microblaze_0/lib/pvr.o microblaze_0/lib/xbram.o microblaze_0/lib/xbram_g.o microblaze_0/lib/xbram_intr.o microblaz
TRACE::2026-06-04.00:36:34::SCWMssOS::e_0/lib/xbram_selftest.o microblaze_0/lib/xbram_sinit.o microblaze_0/lib/xgpio.o microblaze_0/lib/xgpio_extra.o microblaze_0/li
TRACE::2026-06-04.00:36:34::SCWMssOS::b/xgpio_g.o microblaze_0/lib/xgpio_intr.o microblaze_0/lib/xgpio_selftest.o microblaze_0/lib/xgpio_sinit.o microblaze_0/lib/xil
TRACE::2026-06-04.00:36:34::SCWMssOS::_assert.o microblaze_0/lib/xil_cache.o microblaze_0/lib/xil_clocking.o microblaze_0/lib/xil_exception.o microblaze_0/lib/xil_me
TRACE::2026-06-04.00:36:34::SCWMssOS::m.o microblaze_0/lib/xil_misc_psreset_api.o microblaze_0/lib/xil_printf.o microblaze_0/lib/xil_sleepcommon.o microblaze_0/lib/x
TRACE::2026-06-04.00:36:34::SCWMssOS::il_testcache.o microblaze_0/lib/xil_testio.o microblaze_0/lib/xil_testmem.o microblaze_0/lib/xil_util.o microblaze_0/lib/xintc.
TRACE::2026-06-04.00:36:34::SCWMssOS::o microblaze_0/lib/xintc_g.o microblaze_0/lib/xintc_intr.o microblaze_0/lib/xintc_l.o microblaze_0/lib/xintc_options.o microbla
TRACE::2026-06-04.00:36:34::SCWMssOS::ze_0/lib/xintc_selftest.o microblaze_0/lib/xinterrupt_wrap.o microblaze_0/lib/xio.o microblaze_0/lib/xplatform_info.o microblaz
TRACE::2026-06-04.00:36:34::SCWMssOS::e_0/lib/xuartlite.o microblaze_0/lib/xuartlite_g.o microblaze_0/lib/xuartlite_intr.o microblaze_0/lib/xuartlite_l.o microblaze_
TRACE::2026-06-04.00:36:34::SCWMssOS::0/lib/xuartlite_selftest.o microblaze_0/lib/xuartlite_sinit.o microblaze_0/lib/xuartlite_stats.o

TRACE::2026-06-04.00:36:34::SCWMssOS::'Finished building libraries'

TRACE::2026-06-04.00:36:34::SCWMssOS:: Checking if to create the Supporting Applications
TRACE::2026-06-04.00:36:34::SCWMssOS:: No Linux domain exists, trying to generate FSBL 
LOG::2026-06-04.00:36:34::SCWSystem::Completed Processing the domain standalone_microblaze_0
LOG::2026-06-04.00:36:34::SCWSystem::Completed Processing the sysconfig userMapTop
LOG::2026-06-04.00:36:34::SCWPlatform::Completed generating the artifacts for system configuration userMapTop
TRACE::2026-06-04.00:36:34::SCWPlatform::Started preparing the platform 
TRACE::2026-06-04.00:36:34::SCWSystem::Writing the bif file for system config userMapTop
TRACE::2026-06-04.00:36:34::SCWSystem::dir created 
TRACE::2026-06-04.00:36:34::SCWSystem::Writing the bif 
TRACE::2026-06-04.00:36:34::SCWPlatform::Started writing the spfm file 
TRACE::2026-06-04.00:36:34::SCWPlatform::Started writing the xpfm file 
TRACE::2026-06-04.00:36:34::SCWPlatform::Completed generating the platform
TRACE::2026-06-04.00:36:34::SCWMssOS::Saving the mss changes D:/vivado_pj/userMap2023/userMapTop/microblaze_0/standalone_microblaze_0/bsp/system.mss
TRACE::2026-06-04.00:36:34::SCWMssOS::Adding the swdes entry, mss present, able to open swdb D:/vivado_pj/userMap2023/userMapTop/microblaze_0/standalone_microblaze_0/bsp/system.mss with des name system
TRACE::2026-06-04.00:36:34::SCWMssOS::Writing the mss file completed D:/vivado_pj/userMap2023/userMapTop/microblaze_0/standalone_microblaze_0/bsp/system.mss
TRACE::2026-06-04.00:36:34::SCWMssOS::Commit changes completed.
TRACE::2026-06-04.00:36:34::SCWPlatform::Trying to open the hw design at D:/vivado_pj/userMap2023/userMapTop/hw/userMapTop1.xsa
TRACE::2026-06-04.00:36:34::SCWPlatform::DSA given D:/vivado_pj/userMap2023/userMapTop/hw/userMapTop1.xsa
TRACE::2026-06-04.00:36:34::SCWPlatform::DSA absoulate path D:/vivado_pj/userMap2023/userMapTop/hw/userMapTop1.xsa
TRACE::2026-06-04.00:36:34::SCWPlatform::DSA directory D:/vivado_pj/userMap2023/userMapTop/hw
TRACE::2026-06-04.00:36:34::SCWPlatform:: Platform Path D:/vivado_pj/userMap2023/userMapTop/hw/userMapTop1.xsa
TRACE::2026-06-04.00:36:34::SCWPlatform:: Unique name xilinx:basys3::0.0
TRACE::2026-06-04.00:36:34::SCWPlatform::Trying to set the existing hwdb with name userMapTop_23
TRACE::2026-06-04.00:36:34::SCWPlatform::Opened existing hwdb userMapTop_23
TRACE::2026-06-04.00:36:34::SCWPlatform::Found the Hw Db part of the input DSA
TRACE::2026-06-04.00:36:34::SCWMssOS::Checking the sw design at  D:/vivado_pj/userMap2023/userMapTop/microblaze_0/standalone_microblaze_0/bsp/system.mss
TRACE::2026-06-04.00:36:34::SCWMssOS::DEBUG:  swdes dump  D:/vivado_pj/userMap2023/userMapTop/microblaze_0/standalone_microblaze_0/bsp/system.mss|system||

TRACE::2026-06-04.00:36:34::SCWMssOS::Sw design exists and opened at  D:/vivado_pj/userMap2023/userMapTop/microblaze_0/standalone_microblaze_0/bsp/system.mss
TRACE::2026-06-04.00:36:34::SCWWriter::formatted JSON is {
	"platformName":	"userMapTop",
	"sprVersion":	"2.0",
	"mode":	"gui",
	"dsaType":	"Fixed",
	"platformDesc":	"userMapTop",
	"platHandOff":	"D:/vivado_pj/userMap/userMapTop1.xsa",
	"platIntHandOff":	"<platformDir>/hw/userMapTop1.xsa",
	"deviceType":	"FPGA",
	"platIsPrebuiltAutogen":	"false",
	"platIsNoBootBsp":	"false",
	"hasFsblMakeHasChanges":	"false",
	"hasPmufwMakeHasChanges":	"false",
	"platPreBuiltFlag":	false,
	"platformSamplesDir":	"",
	"platActiveSys":	"userMapTop",
	"systems":	[{
			"systemName":	"userMapTop",
			"systemDesc":	"userMapTop",
			"sysIsBootAutoGen":	"true",
			"systemDispName":	"userMapTop",
			"sysActiveDom":	"standalone_microblaze_0",
			"sysDefaultDom":	"standalone_microblaze_0",
			"domains":	[{
					"domainName":	"standalone_microblaze_0",
					"domainDispName":	"standalone_microblaze_0",
					"domainDesc":	"standalone_microblaze_0",
					"processors":	"microblaze_0",
					"os":	"standalone",
					"sdxOs":	"standalone",
					"debugEnable":	"False",
					"domRuntimes":	["cpp"],
					"swRepo":	"",
					"mssOsVer":	"8.1",
					"mssFile":	"",
					"md5Digest":	"2387726c7969e4016a1fc62dc46e34ae",
					"compatibleApp":	"",
					"domType":	"mssDomain",
					"arch":	"32-bit",
					"appSettings":	{
						"appCompilerFlags":	"",
						"appLinkerFlags":	""
					},
					"addedLibs":	[],
					"libOptions":	{
						"libsContainingOptions":	[]
					},
					"prebuiltLibs":	{
						"prebuiltIncPath":	[],
						"prebuiltLibPath":	[]
					},
					"isolation":	{
					}
				}]
		}]
}
KEYINFO::2026-06-04.00:36:34::SCWPlatform::updated the xpfm file.
TRACE::2026-06-04.00:36:36::SCWPlatform::Trying to open the hw design at D:/vivado_pj/userMap2023/userMapTop/hw/userMapTop1.xsa
TRACE::2026-06-04.00:36:36::SCWPlatform::DSA given D:/vivado_pj/userMap2023/userMapTop/hw/userMapTop1.xsa
TRACE::2026-06-04.00:36:36::SCWPlatform::DSA absoulate path D:/vivado_pj/userMap2023/userMapTop/hw/userMapTop1.xsa
TRACE::2026-06-04.00:36:36::SCWPlatform::DSA directory D:/vivado_pj/userMap2023/userMapTop/hw
TRACE::2026-06-04.00:36:36::SCWPlatform:: Platform Path D:/vivado_pj/userMap2023/userMapTop/hw/userMapTop1.xsa
TRACE::2026-06-04.00:36:36::SCWPlatform:: Unique name xilinx:basys3::0.0
TRACE::2026-06-04.00:36:36::SCWPlatform::Trying to set the existing hwdb with name userMapTop_23
TRACE::2026-06-04.00:36:36::SCWPlatform::Opened existing hwdb userMapTop_23
TRACE::2026-06-04.00:36:36::SCWPlatform::Found the Hw Db part of the input DSA
TRACE::2026-06-04.00:36:36::SCWMssOS::Checking the sw design at  D:/vivado_pj/userMap2023/userMapTop/microblaze_0/standalone_microblaze_0/bsp/system.mss
TRACE::2026-06-04.00:36:36::SCWMssOS::DEBUG:  swdes dump  D:/vivado_pj/userMap2023/userMapTop/microblaze_0/standalone_microblaze_0/bsp/system.mss|system||

TRACE::2026-06-04.00:36:36::SCWMssOS::Sw design exists and opened at  D:/vivado_pj/userMap2023/userMapTop/microblaze_0/standalone_microblaze_0/bsp/system.mss
TRACE::2026-06-04.00:36:43::SCWPlatform::Clearing the existing platform
TRACE::2026-06-04.00:36:43::SCWSystem::Clearing the existing sysconfig
TRACE::2026-06-04.00:36:43::SCWMssOS::Removing the swdes entry for  D:/vivado_pj/userMap2023/userMapTop/microblaze_0/standalone_microblaze_0/bsp/system.mss
TRACE::2026-06-04.00:36:43::SCWSystem::Clearing the domains completed.
TRACE::2026-06-04.00:36:43::SCWPlatform::Clearing the opened hw db.
TRACE::2026-06-04.00:36:43::SCWPlatform::DSA given D:/vivado_pj/userMap2023/userMapTop/hw/userMapTop1.xsa
TRACE::2026-06-04.00:36:43::SCWPlatform::DSA absoulate path D:/vivado_pj/userMap2023/userMapTop/hw/userMapTop1.xsa
TRACE::2026-06-04.00:36:43::SCWPlatform:: Platform location is D:/vivado_pj/userMap2023/userMapTop/hw
TRACE::2026-06-04.00:36:43::SCWPlatform:: Platform Path D:/vivado_pj/userMap2023/userMapTop/hw/userMapTop1.xsa
TRACE::2026-06-04.00:36:43::SCWPlatform:: Unique name xilinx:basys3::0.0
TRACE::2026-06-04.00:36:43::SCWPlatform::Removing the HwDB with name D:/vivado_pj/userMap2023/userMapTop/hw/userMapTop1.xsa
TRACE::2026-06-04.00:36:43::SCWPlatform::Trying to open the hw design at D:/vivado_pj/userMap2023/userMapTop/hw/userMapTop1.xsa
TRACE::2026-06-04.00:36:43::SCWPlatform::DSA given D:/vivado_pj/userMap2023/userMapTop/hw/userMapTop1.xsa
TRACE::2026-06-04.00:36:43::SCWPlatform::DSA absoulate path D:/vivado_pj/userMap2023/userMapTop/hw/userMapTop1.xsa
TRACE::2026-06-04.00:36:43::SCWPlatform::DSA directory D:/vivado_pj/userMap2023/userMapTop/hw
TRACE::2026-06-04.00:36:43::SCWPlatform:: Platform Path D:/vivado_pj/userMap2023/userMapTop/hw/userMapTop1.xsa
TRACE::2026-06-04.00:36:43::SCWPlatform:: Unique name xilinx:basys3::0.0
TRACE::2026-06-04.00:36:43::SCWPlatform::Do not have an existing db opened. 
TRACE::2026-06-04.00:36:43::SCWPlatform::Opened new HwDB with name userMapTop_24
TRACE::2026-06-04.00:36:43::SCWReader::Active system found as  userMapTop
TRACE::2026-06-04.00:36:43::SCWReader::Handling sysconfig userMapTop
TRACE::2026-06-04.00:36:43::SCWDomain::checking for install qemu data   : 
TRACE::2026-06-04.00:36:43::SCWPlatform::Trying to open the hw design at D:/vivado_pj/userMap2023/userMapTop/hw/userMapTop1.xsa
TRACE::2026-06-04.00:36:43::SCWPlatform::DSA given D:/vivado_pj/userMap2023/userMapTop/hw/userMapTop1.xsa
TRACE::2026-06-04.00:36:43::SCWPlatform::DSA absoulate path D:/vivado_pj/userMap2023/userMapTop/hw/userMapTop1.xsa
TRACE::2026-06-04.00:36:43::SCWPlatform::DSA directory D:/vivado_pj/userMap2023/userMapTop/hw
TRACE::2026-06-04.00:36:43::SCWPlatform:: Platform Path D:/vivado_pj/userMap2023/userMapTop/hw/userMapTop1.xsa
TRACE::2026-06-04.00:36:43::SCWPlatform:: Unique name xilinx:basys3::0.0
TRACE::2026-06-04.00:36:43::SCWPlatform::Trying to set the existing hwdb with name userMapTop_24
TRACE::2026-06-04.00:36:43::SCWPlatform::Opened existing hwdb userMapTop_24
TRACE::2026-06-04.00:36:43::SCWPlatform::Found the Hw Db part of the input DSA
TRACE::2026-06-04.00:36:43::SCWPlatform::Trying to open the hw design at D:/vivado_pj/userMap2023/userMapTop/hw/userMapTop1.xsa
TRACE::2026-06-04.00:36:43::SCWPlatform::DSA given D:/vivado_pj/userMap2023/userMapTop/hw/userMapTop1.xsa
TRACE::2026-06-04.00:36:43::SCWPlatform::DSA absoulate path D:/vivado_pj/userMap2023/userMapTop/hw/userMapTop1.xsa
TRACE::2026-06-04.00:36:43::SCWPlatform::DSA directory D:/vivado_pj/userMap2023/userMapTop/hw
TRACE::2026-06-04.00:36:43::SCWPlatform:: Platform Path D:/vivado_pj/userMap2023/userMapTop/hw/userMapTop1.xsa
TRACE::2026-06-04.00:36:43::SCWPlatform:: Unique name xilinx:basys3::0.0
TRACE::2026-06-04.00:36:43::SCWPlatform::Trying to set the existing hwdb with name userMapTop_24
TRACE::2026-06-04.00:36:43::SCWPlatform::Opened existing hwdb userMapTop_24
TRACE::2026-06-04.00:36:43::SCWPlatform::Found the Hw Db part of the input DSA
TRACE::2026-06-04.00:36:43::SCWPlatform::Trying to open the hw design at D:/vivado_pj/userMap2023/userMapTop/hw/userMapTop1.xsa
TRACE::2026-06-04.00:36:43::SCWPlatform::DSA given D:/vivado_pj/userMap2023/userMapTop/hw/userMapTop1.xsa
TRACE::2026-06-04.00:36:43::SCWPlatform::DSA absoulate path D:/vivado_pj/userMap2023/userMapTop/hw/userMapTop1.xsa
TRACE::2026-06-04.00:36:43::SCWPlatform::DSA directory D:/vivado_pj/userMap2023/userMapTop/hw
TRACE::2026-06-04.00:36:43::SCWPlatform:: Platform Path D:/vivado_pj/userMap2023/userMapTop/hw/userMapTop1.xsa
TRACE::2026-06-04.00:36:43::SCWPlatform:: Unique name xilinx:basys3::0.0
TRACE::2026-06-04.00:36:43::SCWPlatform::Trying to set the existing hwdb with name userMapTop_24
TRACE::2026-06-04.00:36:43::SCWPlatform::Opened existing hwdb userMapTop_24
TRACE::2026-06-04.00:36:43::SCWPlatform::Found the Hw Db part of the input DSA
TRACE::2026-06-04.00:36:43::SCWPlatform::Trying to open the hw design at D:/vivado_pj/userMap2023/userMapTop/hw/userMapTop1.xsa
TRACE::2026-06-04.00:36:43::SCWPlatform::DSA given D:/vivado_pj/userMap2023/userMapTop/hw/userMapTop1.xsa
TRACE::2026-06-04.00:36:43::SCWPlatform::DSA absoulate path D:/vivado_pj/userMap2023/userMapTop/hw/userMapTop1.xsa
TRACE::2026-06-04.00:36:43::SCWPlatform::DSA directory D:/vivado_pj/userMap2023/userMapTop/hw
TRACE::2026-06-04.00:36:43::SCWPlatform:: Platform Path D:/vivado_pj/userMap2023/userMapTop/hw/userMapTop1.xsa
TRACE::2026-06-04.00:36:43::SCWPlatform:: Unique name xilinx:basys3::0.0
TRACE::2026-06-04.00:36:43::SCWPlatform::Trying to set the existing hwdb with name userMapTop_24
TRACE::2026-06-04.00:36:43::SCWPlatform::Opened existing hwdb userMapTop_24
TRACE::2026-06-04.00:36:43::SCWPlatform::Found the Hw Db part of the input DSA
TRACE::2026-06-04.00:36:43::SCWMssOS::Checking the sw design at  D:/vivado_pj/userMap2023/userMapTop/microblaze_0/standalone_microblaze_0/bsp/system.mss
TRACE::2026-06-04.00:36:43::SCWMssOS::DEBUG:  swdes dump  
TRACE::2026-06-04.00:36:43::SCWMssOS::No sw design opened at  D:/vivado_pj/userMap2023/userMapTop/microblaze_0/standalone_microblaze_0/bsp/system.mss
TRACE::2026-06-04.00:36:43::SCWMssOS::mss exists loading the mss file  D:/vivado_pj/userMap2023/userMapTop/microblaze_0/standalone_microblaze_0/bsp/system.mss
TRACE::2026-06-04.00:36:43::SCWMssOS::Opened the sw design from mss  D:/vivado_pj/userMap2023/userMapTop/microblaze_0/standalone_microblaze_0/bsp/system.mss
TRACE::2026-06-04.00:36:43::SCWMssOS::Adding the swdes entry D:/vivado_pj/userMap2023/userMapTop/microblaze_0/standalone_microblaze_0/bsp/system.mss with des name system
TRACE::2026-06-04.00:36:43::SCWMssOS::updating the scw layer about changes
TRACE::2026-06-04.00:36:43::SCWMssOS::Opened the sw design.  D:/vivado_pj/userMap2023/userMapTop/microblaze_0/standalone_microblaze_0/bsp/system.mss
TRACE::2026-06-04.00:36:43::SCWMssOS::Saving the mss changes D:/vivado_pj/userMap2023/userMapTop/microblaze_0/standalone_microblaze_0/bsp/system.mss
TRACE::2026-06-04.00:36:43::SCWMssOS::Found a swdesign opened with the mssfile.
TRACE::2026-06-04.00:36:43::SCWMssOS::Completed writemss as part of save.
TRACE::2026-06-04.00:36:43::SCWMssOS::Commit changes completed.
TRACE::2026-06-04.00:36:43::SCWReader::Adding prebuilt librarypaths as   
TRACE::2026-06-04.00:36:43::SCWReader::Adding prebuilt incpaths  as   
TRACE::2026-06-04.00:36:43::SCWPlatform::Trying to open the hw design at D:/vivado_pj/userMap2023/userMapTop/hw/userMapTop1.xsa
TRACE::2026-06-04.00:36:43::SCWPlatform::DSA given D:/vivado_pj/userMap2023/userMapTop/hw/userMapTop1.xsa
TRACE::2026-06-04.00:36:43::SCWPlatform::DSA absoulate path D:/vivado_pj/userMap2023/userMapTop/hw/userMapTop1.xsa
TRACE::2026-06-04.00:36:43::SCWPlatform::DSA directory D:/vivado_pj/userMap2023/userMapTop/hw
TRACE::2026-06-04.00:36:43::SCWPlatform:: Platform Path D:/vivado_pj/userMap2023/userMapTop/hw/userMapTop1.xsa
TRACE::2026-06-04.00:36:43::SCWPlatform:: Unique name xilinx:basys3::0.0
TRACE::2026-06-04.00:36:43::SCWPlatform::Trying to set the existing hwdb with name userMapTop_24
TRACE::2026-06-04.00:36:43::SCWPlatform::Opened existing hwdb userMapTop_24
TRACE::2026-06-04.00:36:43::SCWPlatform::Found the Hw Db part of the input DSA
TRACE::2026-06-04.00:36:43::SCWMssOS::Checking the sw design at  D:/vivado_pj/userMap2023/userMapTop/microblaze_0/standalone_microblaze_0/bsp/system.mss
TRACE::2026-06-04.00:36:43::SCWMssOS::DEBUG:  swdes dump  D:/vivado_pj/userMap2023/userMapTop/microblaze_0/standalone_microblaze_0/bsp/system.mss|system||

TRACE::2026-06-04.00:36:43::SCWMssOS::Sw design exists and opened at  D:/vivado_pj/userMap2023/userMapTop/microblaze_0/standalone_microblaze_0/bsp/system.mss
TRACE::2026-06-04.00:36:43::SCWReader::No isolation master present  
TRACE::2026-06-04.00:36:45::SCWPlatform::DSA given D:/vivado_pj/userMap2023/userMapTop/tempdsa/userMapTop1.xsa
TRACE::2026-06-04.00:36:45::SCWPlatform::DSA absoulate path D:/vivado_pj/userMap2023/userMapTop/tempdsa/userMapTop1.xsa
TRACE::2026-06-04.00:36:45::SCWPlatform:: Platform location is D:/vivado_pj/userMap2023/userMapTop/tempdsa
TRACE::2026-06-04.00:36:45::SCWPlatform:: Platform Path D:/vivado_pj/userMap2023/userMapTop/tempdsa/userMapTop1.xsa
TRACE::2026-06-04.00:36:45::SCWPlatform:: Unique name xilinx:basys3::0.0
TRACE::2026-06-04.00:36:45::SCWPlatform::Found the Hw Db part of the input DSA
TRACE::2026-06-04.00:36:45::SCWMssOS::Doing hw sync for the mss in domain: standalone_microblaze_0
TRACE::2026-06-04.00:36:45::SCWPlatform::Trying to open the hw design at D:/vivado_pj/userMap2023/userMapTop/hw/userMapTop1.xsa
TRACE::2026-06-04.00:36:45::SCWPlatform::DSA given D:/vivado_pj/userMap2023/userMapTop/hw/userMapTop1.xsa
TRACE::2026-06-04.00:36:45::SCWPlatform::DSA absoulate path D:/vivado_pj/userMap2023/userMapTop/hw/userMapTop1.xsa
TRACE::2026-06-04.00:36:45::SCWPlatform::DSA directory D:/vivado_pj/userMap2023/userMapTop/hw
TRACE::2026-06-04.00:36:45::SCWPlatform:: Platform Path D:/vivado_pj/userMap2023/userMapTop/hw/userMapTop1.xsa
TRACE::2026-06-04.00:36:45::SCWPlatform:: Unique name xilinx:basys3::0.0
TRACE::2026-06-04.00:36:45::SCWPlatform::Trying to set the existing hwdb with name userMapTop_24
TRACE::2026-06-04.00:36:45::SCWPlatform::Opened existing hwdb userMapTop_24
TRACE::2026-06-04.00:36:45::SCWPlatform::Found the Hw Db part of the input DSA
TRACE::2026-06-04.00:36:45::SCWPlatform::Trying to open the hw design at D:/vivado_pj/userMap2023/userMapTop/hw/userMapTop1.xsa
TRACE::2026-06-04.00:36:45::SCWPlatform::DSA given D:/vivado_pj/userMap2023/userMapTop/hw/userMapTop1.xsa
TRACE::2026-06-04.00:36:45::SCWPlatform::DSA absoulate path D:/vivado_pj/userMap2023/userMapTop/hw/userMapTop1.xsa
TRACE::2026-06-04.00:36:45::SCWPlatform::DSA directory D:/vivado_pj/userMap2023/userMapTop/hw
TRACE::2026-06-04.00:36:45::SCWPlatform:: Platform Path D:/vivado_pj/userMap2023/userMapTop/hw/userMapTop1.xsa
TRACE::2026-06-04.00:36:45::SCWPlatform:: Unique name xilinx:basys3::0.0
TRACE::2026-06-04.00:36:45::SCWPlatform::Trying to set the existing hwdb with name userMapTop_24
TRACE::2026-06-04.00:36:45::SCWPlatform::Opened existing hwdb userMapTop_24
TRACE::2026-06-04.00:36:45::SCWPlatform::Found the Hw Db part of the input DSA
TRACE::2026-06-04.00:36:45::SCWMssOS::Checking the sw design at  D:/vivado_pj/userMap2023/userMapTop/microblaze_0/standalone_microblaze_0/bsp/system.mss
TRACE::2026-06-04.00:36:45::SCWMssOS::DEBUG:  swdes dump  D:/vivado_pj/userMap2023/userMapTop/microblaze_0/standalone_microblaze_0/bsp/system.mss|system||

TRACE::2026-06-04.00:36:45::SCWMssOS::Sw design exists and opened at  D:/vivado_pj/userMap2023/userMapTop/microblaze_0/standalone_microblaze_0/bsp/system.mss
TRACE::2026-06-04.00:36:45::SCWPlatform::Trying to open the hw design at D:/vivado_pj/userMap2023/userMapTop/tempdsa/userMapTop1.xsa
TRACE::2026-06-04.00:36:45::SCWPlatform::DSA given D:/vivado_pj/userMap2023/userMapTop/tempdsa/userMapTop1.xsa
TRACE::2026-06-04.00:36:45::SCWPlatform::DSA absoulate path D:/vivado_pj/userMap2023/userMapTop/tempdsa/userMapTop1.xsa
TRACE::2026-06-04.00:36:45::SCWPlatform::DSA directory D:/vivado_pj/userMap2023/userMapTop/tempdsa
TRACE::2026-06-04.00:36:45::SCWPlatform:: Platform Path D:/vivado_pj/userMap2023/userMapTop/tempdsa/userMapTop1.xsa
TRACE::2026-06-04.00:36:45::SCWPlatform:: Unique name xilinx:basys3::0.0
TRACE::2026-06-04.00:36:45::SCWPlatform::update - Opened existing hwdb userMapTop_25
TRACE::2026-06-04.00:36:45::SCWPlatform::Found the Hw Db part of the input DSA
TRACE::2026-06-04.00:36:45::SCWMssOS::Saving the mss changes D:/vivado_pj/userMap2023/userMapTop/microblaze_0/standalone_microblaze_0/bsp/system.mss
TRACE::2026-06-04.00:36:45::SCWMssOS::Found a swdesign opened with the mssfile.
TRACE::2026-06-04.00:36:45::SCWMssOS::Completed writemss as part of save.
TRACE::2026-06-04.00:36:45::SCWMssOS::Commit changes completed.
TRACE::2026-06-04.00:36:45::SCWMssOS::Completed hw sync for the mss in domain: standalone_microblaze_0
TRACE::2026-06-04.00:36:45::SCWMssOS::Removing the swdes entry for  D:/vivado_pj/userMap2023/userMapTop/microblaze_0/standalone_microblaze_0/bsp/system.mss
TRACE::2026-06-04.00:36:45::SCWPlatform::Trying to open the hw design at D:/vivado_pj/userMap2023/userMapTop/hw/userMapTop1.xsa
TRACE::2026-06-04.00:36:45::SCWPlatform::DSA given D:/vivado_pj/userMap2023/userMapTop/hw/userMapTop1.xsa
TRACE::2026-06-04.00:36:45::SCWPlatform::DSA absoulate path D:/vivado_pj/userMap2023/userMapTop/hw/userMapTop1.xsa
TRACE::2026-06-04.00:36:45::SCWPlatform::DSA directory D:/vivado_pj/userMap2023/userMapTop/hw
TRACE::2026-06-04.00:36:45::SCWPlatform:: Platform Path D:/vivado_pj/userMap2023/userMapTop/hw/userMapTop1.xsa
TRACE::2026-06-04.00:36:45::SCWPlatform:: Unique name xilinx:basys3::0.0
TRACE::2026-06-04.00:36:45::SCWPlatform::Do not have an existing db opened. 
TRACE::2026-06-04.00:36:46::SCWPlatform::Opened new HwDB with name userMapTop_26
TRACE::2026-06-04.00:36:46::SCWMssOS::Saving the mss changes D:/vivado_pj/userMap2023/userMapTop/microblaze_0/standalone_microblaze_0/bsp/system.mss
TRACE::2026-06-04.00:36:46::SCWMssOS::Adding the swdes entry, mss present, able to open swdb D:/vivado_pj/userMap2023/userMapTop/microblaze_0/standalone_microblaze_0/bsp/system.mss with des name system
TRACE::2026-06-04.00:36:46::SCWMssOS::Writing the mss file completed D:/vivado_pj/userMap2023/userMapTop/microblaze_0/standalone_microblaze_0/bsp/system.mss
TRACE::2026-06-04.00:36:46::SCWMssOS::Commit changes completed.
TRACE::2026-06-04.00:36:46::SCWPlatform::Trying to open the hw design at D:/vivado_pj/userMap2023/userMapTop/hw/userMapTop1.xsa
TRACE::2026-06-04.00:36:46::SCWPlatform::DSA given D:/vivado_pj/userMap2023/userMapTop/hw/userMapTop1.xsa
TRACE::2026-06-04.00:36:46::SCWPlatform::DSA absoulate path D:/vivado_pj/userMap2023/userMapTop/hw/userMapTop1.xsa
TRACE::2026-06-04.00:36:46::SCWPlatform::DSA directory D:/vivado_pj/userMap2023/userMapTop/hw
TRACE::2026-06-04.00:36:46::SCWPlatform:: Platform Path D:/vivado_pj/userMap2023/userMapTop/hw/userMapTop1.xsa
TRACE::2026-06-04.00:36:46::SCWPlatform:: Unique name xilinx:basys3::0.0
TRACE::2026-06-04.00:36:46::SCWPlatform::Trying to set the existing hwdb with name userMapTop_26
TRACE::2026-06-04.00:36:46::SCWPlatform::Opened existing hwdb userMapTop_26
TRACE::2026-06-04.00:36:46::SCWPlatform::Found the Hw Db part of the input DSA
TRACE::2026-06-04.00:36:46::SCWMssOS::Checking the sw design at  D:/vivado_pj/userMap2023/userMapTop/microblaze_0/standalone_microblaze_0/bsp/system.mss
TRACE::2026-06-04.00:36:46::SCWMssOS::DEBUG:  swdes dump  D:/vivado_pj/userMap2023/userMapTop/microblaze_0/standalone_microblaze_0/bsp/system.mss|system||

TRACE::2026-06-04.00:36:46::SCWMssOS::Sw design exists and opened at  D:/vivado_pj/userMap2023/userMapTop/microblaze_0/standalone_microblaze_0/bsp/system.mss
TRACE::2026-06-04.00:36:46::SCWWriter::formatted JSON is {
	"platformName":	"userMapTop",
	"sprVersion":	"2.0",
	"mode":	"gui",
	"dsaType":	"Fixed",
	"platformDesc":	"userMapTop",
	"platHandOff":	"D:/vivado_pj/userMap/userMapTop1.xsa",
	"platIntHandOff":	"<platformDir>/hw/userMapTop1.xsa",
	"deviceType":	"FPGA",
	"platIsPrebuiltAutogen":	"false",
	"platIsNoBootBsp":	"false",
	"hasFsblMakeHasChanges":	"false",
	"hasPmufwMakeHasChanges":	"false",
	"platPreBuiltFlag":	false,
	"platformSamplesDir":	"",
	"platActiveSys":	"userMapTop",
	"systems":	[{
			"systemName":	"userMapTop",
			"systemDesc":	"userMapTop",
			"sysIsBootAutoGen":	"true",
			"systemDispName":	"userMapTop",
			"sysActiveDom":	"standalone_microblaze_0",
			"sysDefaultDom":	"standalone_microblaze_0",
			"domains":	[{
					"domainName":	"standalone_microblaze_0",
					"domainDispName":	"standalone_microblaze_0",
					"domainDesc":	"standalone_microblaze_0",
					"processors":	"microblaze_0",
					"os":	"standalone",
					"sdxOs":	"standalone",
					"debugEnable":	"False",
					"domRuntimes":	["cpp"],
					"swRepo":	"",
					"mssOsVer":	"8.1",
					"mssFile":	"",
					"md5Digest":	"2387726c7969e4016a1fc62dc46e34ae1",
					"compatibleApp":	"",
					"domType":	"mssDomain",
					"arch":	"32-bit",
					"appSettings":	{
						"appCompilerFlags":	"",
						"appLinkerFlags":	""
					},
					"addedLibs":	[],
					"libOptions":	{
						"libsContainingOptions":	[]
					},
					"prebuiltLibs":	{
						"prebuiltIncPath":	[],
						"prebuiltLibPath":	[]
					},
					"isolation":	{
					}
				}]
		}]
}
LOG::2026-06-04.00:36:52::SCWPlatform::Started generating the artifacts platform userMapTop
TRACE::2026-06-04.00:36:52::SCWPlatform::Sanity checking of platform is completed
LOG::2026-06-04.00:36:52::SCWPlatform::Started generating the artifacts for system configuration userMapTop
LOG::2026-06-04.00:36:52::SCWSystem::Checking the domain standalone_microblaze_0
LOG::2026-06-04.00:36:52::SCWSystem::Not a boot domain 
LOG::2026-06-04.00:36:52::SCWSystem::Started Processing the domain standalone_microblaze_0
TRACE::2026-06-04.00:36:52::SCWDomain::Generating domain artifcats
TRACE::2026-06-04.00:36:52::SCWMssOS::Generating standalone artifcats
TRACE::2026-06-04.00:36:52::SCWMssOS:: Copying the user libraries. 
TRACE::2026-06-04.00:36:52::SCWPlatform::Trying to open the hw design at D:/vivado_pj/userMap2023/userMapTop/hw/userMapTop1.xsa
TRACE::2026-06-04.00:36:52::SCWPlatform::DSA given D:/vivado_pj/userMap2023/userMapTop/hw/userMapTop1.xsa
TRACE::2026-06-04.00:36:52::SCWPlatform::DSA absoulate path D:/vivado_pj/userMap2023/userMapTop/hw/userMapTop1.xsa
TRACE::2026-06-04.00:36:52::SCWPlatform::DSA directory D:/vivado_pj/userMap2023/userMapTop/hw
TRACE::2026-06-04.00:36:52::SCWPlatform:: Platform Path D:/vivado_pj/userMap2023/userMapTop/hw/userMapTop1.xsa
TRACE::2026-06-04.00:36:52::SCWPlatform:: Unique name xilinx:basys3::0.0
TRACE::2026-06-04.00:36:52::SCWPlatform::Trying to set the existing hwdb with name userMapTop_26
TRACE::2026-06-04.00:36:52::SCWPlatform::Opened existing hwdb userMapTop_26
TRACE::2026-06-04.00:36:52::SCWPlatform::Found the Hw Db part of the input DSA
TRACE::2026-06-04.00:36:52::SCWMssOS::Checking the sw design at  D:/vivado_pj/userMap2023/userMapTop/microblaze_0/standalone_microblaze_0/bsp/system.mss
TRACE::2026-06-04.00:36:52::SCWMssOS::DEBUG:  swdes dump  D:/vivado_pj/userMap2023/userMapTop/microblaze_0/standalone_microblaze_0/bsp/system.mss|system||

TRACE::2026-06-04.00:36:52::SCWMssOS::Sw design exists and opened at  D:/vivado_pj/userMap2023/userMapTop/microblaze_0/standalone_microblaze_0/bsp/system.mss
TRACE::2026-06-04.00:36:52::SCWMssOS::Completed writing the mss file at D:/vivado_pj/userMap2023/userMapTop/microblaze_0/standalone_microblaze_0/bsp
TRACE::2026-06-04.00:36:52::SCWMssOS::Mss edits present, copying mssfile into export location D:/vivado_pj/userMap2023/userMapTop/microblaze_0/standalone_microblaze_0/bsp/system.mss
TRACE::2026-06-04.00:36:52::SCWMssOS::bsp generated is stale removing and regenerating. 
TRACE::2026-06-04.00:36:53::SCWMssOS::doing bsp build ... 
TRACE::2026-06-04.00:36:53::SCWMssOS::System Command Ran  D: & cd  D:/vivado_pj/userMap2023/userMapTop/microblaze_0/standalone_microblaze_0/bsp & make 
TRACE::2026-06-04.00:36:53::SCWMssOS::make --no-print-directory seq_libs

TRACE::2026-06-04.00:36:53::SCWMssOS::'Finished building libraries sequentially.'

TRACE::2026-06-04.00:36:53::SCWMssOS::make -j 14 --no-print-directory par_libs

TRACE::2026-06-04.00:36:53::SCWMssOS::"Running Make include in microblaze_0/libsrc/bram_v4_8/src"

TRACE::2026-06-04.00:36:53::SCWMssOS::make -C microblaze_0/libsrc/bram_v4_8/src -s include  "SHELL=CMD" "COMPILER=mb-gcc" "ASSEMBLER=mb-as" "ARCHIVER=mb-ar" "COMPILE
TRACE::2026-06-04.00:36:53::SCWMssOS::R_FLAGS=  -O2 -c -mcpu=v11.0 -mlittle-endian -mxl-soft-mul" "EXTRA_COMPILER_FLAGS=-g -ffunction-sections -fdata-sections -Wall 
TRACE::2026-06-04.00:36:53::SCWMssOS::-Wextra -fno-tree-loop-distribute-patterns"

TRACE::2026-06-04.00:36:53::SCWMssOS::"Running Make include in microblaze_0/libsrc/cpu_v2_17/src"

TRACE::2026-06-04.00:36:53::SCWMssOS::make -C microblaze_0/libsrc/cpu_v2_17/src -s include  "SHELL=CMD" "COMPILER=mb-gcc" "ASSEMBLER=mb-as" "ARCHIVER=mb-ar" "COMPILE
TRACE::2026-06-04.00:36:53::SCWMssOS::R_FLAGS=  -O2 -c -mcpu=v11.0 -mlittle-endian -mxl-soft-mul" "EXTRA_COMPILER_FLAGS=-g -ffunction-sections -fdata-sections -Wall 
TRACE::2026-06-04.00:36:53::SCWMssOS::-Wextra -fno-tree-loop-distribute-patterns"

TRACE::2026-06-04.00:36:53::SCWMssOS::"Running Make include in microblaze_0/libsrc/gpio_v4_9/src"

TRACE::2026-06-04.00:36:53::SCWMssOS::make -C microblaze_0/libsrc/gpio_v4_9/src -s include  "SHELL=CMD" "COMPILER=mb-gcc" "ASSEMBLER=mb-as" "ARCHIVER=mb-ar" "COMPILE
TRACE::2026-06-04.00:36:53::SCWMssOS::R_FLAGS=  -O2 -c -mcpu=v11.0 -mlittle-endian -mxl-soft-mul" "EXTRA_COMPILER_FLAGS=-g -ffunction-sections -fdata-sections -Wall 
TRACE::2026-06-04.00:36:53::SCWMssOS::-Wextra -fno-tree-loop-distribute-patterns"

TRACE::2026-06-04.00:36:53::SCWMssOS::"Running Make include in microblaze_0/libsrc/intc_v3_16/src"

TRACE::2026-06-04.00:36:53::SCWMssOS::make -C microblaze_0/libsrc/intc_v3_16/src -s include  "SHELL=CMD" "COMPILER=mb-gcc" "ASSEMBLER=mb-as" "ARCHIVER=mb-ar" "COMPIL
TRACE::2026-06-04.00:36:53::SCWMssOS::ER_FLAGS=  -O2 -c -mcpu=v11.0 -mlittle-endian -mxl-soft-mul" "EXTRA_COMPILER_FLAGS=-g -ffunction-sections -fdata-sections -Wall
TRACE::2026-06-04.00:36:53::SCWMssOS:: -Wextra -fno-tree-loop-distribute-patterns"

TRACE::2026-06-04.00:36:54::SCWMssOS::"Running Make include in microblaze_0/libsrc/standalone_v8_1/src"

TRACE::2026-06-04.00:36:54::SCWMssOS::make -C microblaze_0/libsrc/standalone_v8_1/src -s include  "SHELL=CMD" "COMPILER=mb-gcc" "ASSEMBLER=mb-as" "ARCHIVER=mb-ar" "C
TRACE::2026-06-04.00:36:54::SCWMssOS::OMPILER_FLAGS=  -O2 -c -mcpu=v11.0 -mlittle-endian -mxl-soft-mul" "EXTRA_COMPILER_FLAGS=-g -ffunction-sections -fdata-sections 
TRACE::2026-06-04.00:36:54::SCWMssOS::-Wall -Wextra -fno-tree-loop-distribute-patterns"

TRACE::2026-06-04.00:36:54::SCWMssOS::"Running Make include in microblaze_0/libsrc/uartlite_v3_8/src"

TRACE::2026-06-04.00:36:54::SCWMssOS::make -C microblaze_0/libsrc/uartlite_v3_8/src -s include  "SHELL=CMD" "COMPILER=mb-gcc" "ASSEMBLER=mb-as" "ARCHIVER=mb-ar" "COM
TRACE::2026-06-04.00:36:54::SCWMssOS::PILER_FLAGS=  -O2 -c -mcpu=v11.0 -mlittle-endian -mxl-soft-mul" "EXTRA_COMPILER_FLAGS=-g -ffunction-sections -fdata-sections -W
TRACE::2026-06-04.00:36:54::SCWMssOS::all -Wextra -fno-tree-loop-distribute-patterns"

TRACE::2026-06-04.00:36:54::SCWMssOS::"Running Make libs in microblaze_0/libsrc/bram_v4_8/src"

TRACE::2026-06-04.00:36:54::SCWMssOS::make -C microblaze_0/libsrc/bram_v4_8/src -s libs  "SHELL=CMD" "COMPILER=mb-gcc" "ASSEMBLER=mb-as" "ARCHIVER=mb-ar" "COMPILER_F
TRACE::2026-06-04.00:36:54::SCWMssOS::LAGS=  -O2 -c -mcpu=v11.0 -mlittle-endian -mxl-soft-mul" "EXTRA_COMPILER_FLAGS=-g -ffunction-sections -fdata-sections -Wall -We
TRACE::2026-06-04.00:36:54::SCWMssOS::xtra -fno-tree-loop-distribute-patterns"

TRACE::2026-06-04.00:36:54::SCWMssOS::"Running Make libs in microblaze_0/libsrc/cpu_v2_17/src"

TRACE::2026-06-04.00:36:54::SCWMssOS::make -C microblaze_0/libsrc/cpu_v2_17/src -s libs  "SHELL=CMD" "COMPILER=mb-gcc" "ASSEMBLER=mb-as" "ARCHIVER=mb-ar" "COMPILER_F
TRACE::2026-06-04.00:36:54::SCWMssOS::LAGS=  -O2 -c -mcpu=v11.0 -mlittle-endian -mxl-soft-mul" "EXTRA_COMPILER_FLAGS=-g -ffunction-sections -fdata-sections -Wall -We
TRACE::2026-06-04.00:36:54::SCWMssOS::xtra -fno-tree-loop-distribute-patterns"

TRACE::2026-06-04.00:36:54::SCWMssOS::"Running Make libs in microblaze_0/libsrc/gpio_v4_9/src"

TRACE::2026-06-04.00:36:54::SCWMssOS::make -C microblaze_0/libsrc/gpio_v4_9/src -s libs  "SHELL=CMD" "COMPILER=mb-gcc" "ASSEMBLER=mb-as" "ARCHIVER=mb-ar" "COMPILER_F
TRACE::2026-06-04.00:36:54::SCWMssOS::LAGS=  -O2 -c -mcpu=v11.0 -mlittle-endian -mxl-soft-mul" "EXTRA_COMPILER_FLAGS=-g -ffunction-sections -fdata-sections -Wall -We
TRACE::2026-06-04.00:36:54::SCWMssOS::xtra -fno-tree-loop-distribute-patterns"

TRACE::2026-06-04.00:36:54::SCWMssOS::"Running Make libs in microblaze_0/libsrc/intc_v3_16/src"

TRACE::2026-06-04.00:36:54::SCWMssOS::make -C microblaze_0/libsrc/intc_v3_16/src -s libs  "SHELL=CMD" "COMPILER=mb-gcc" "ASSEMBLER=mb-as" "ARCHIVER=mb-ar" "COMPILER_
TRACE::2026-06-04.00:36:54::SCWMssOS::FLAGS=  -O2 -c -mcpu=v11.0 -mlittle-endian -mxl-soft-mul" "EXTRA_COMPILER_FLAGS=-g -ffunction-sections -fdata-sections -Wall -W
TRACE::2026-06-04.00:36:54::SCWMssOS::extra -fno-tree-loop-distribute-patterns"

TRACE::2026-06-04.00:36:54::SCWMssOS::"Running Make libs in microblaze_0/libsrc/standalone_v8_1/src"

TRACE::2026-06-04.00:36:54::SCWMssOS::make -C microblaze_0/libsrc/standalone_v8_1/src -s libs  "SHELL=CMD" "COMPILER=mb-gcc" "ASSEMBLER=mb-as" "ARCHIVER=mb-ar" "COMP
TRACE::2026-06-04.00:36:54::SCWMssOS::ILER_FLAGS=  -O2 -c -mcpu=v11.0 -mlittle-endian -mxl-soft-mul" "EXTRA_COMPILER_FLAGS=-g -ffunction-sections -fdata-sections -Wa
TRACE::2026-06-04.00:36:54::SCWMssOS::ll -Wextra -fno-tree-loop-distribute-patterns"

TRACE::2026-06-04.00:36:54::SCWMssOS::"Running Make libs in microblaze_0/libsrc/uartlite_v3_8/src"

TRACE::2026-06-04.00:36:54::SCWMssOS::make -C microblaze_0/libsrc/uartlite_v3_8/src -s libs  "SHELL=CMD" "COMPILER=mb-gcc" "ASSEMBLER=mb-as" "ARCHIVER=mb-ar" "COMPIL
TRACE::2026-06-04.00:36:54::SCWMssOS::ER_FLAGS=  -O2 -c -mcpu=v11.0 -mlittle-endian -mxl-soft-mul" "EXTRA_COMPILER_FLAGS=-g -ffunction-sections -fdata-sections -Wall
TRACE::2026-06-04.00:36:54::SCWMssOS:: -Wextra -fno-tree-loop-distribute-patterns"

TRACE::2026-06-04.00:36:55::SCWMssOS::"DEBUG NON_LTO_OBJECTS is ../../../lib/microblaze_interrupt_handler.o"

TRACE::2026-06-04.00:36:55::SCWMssOS::'Finished building libraries parallelly.'

TRACE::2026-06-04.00:36:55::SCWMssOS::make --no-print-directory archive

TRACE::2026-06-04.00:36:55::SCWMssOS::mb-ar -r  microblaze_0/lib/libxil.a microblaze_0/lib/_exit.o microblaze_0/lib/errno.o microblaze_0/lib/fcntl.o microblaze_0/lib
TRACE::2026-06-04.00:36:55::SCWMssOS::/hw_exception_handler.o microblaze_0/lib/inbyte.o microblaze_0/lib/microblaze_disable_dcache.o microblaze_0/lib/microblaze_disa
TRACE::2026-06-04.00:36:55::SCWMssOS::ble_exceptions.o microblaze_0/lib/microblaze_disable_icache.o microblaze_0/lib/microblaze_disable_interrupts.o microblaze_0/lib
TRACE::2026-06-04.00:36:55::SCWMssOS::/microblaze_enable_dcache.o microblaze_0/lib/microblaze_enable_exceptions.o microblaze_0/lib/microblaze_enable_icache.o microbl
TRACE::2026-06-04.00:36:55::SCWMssOS::aze_0/lib/microblaze_enable_interrupts.o microblaze_0/lib/microblaze_exception_handler.o microblaze_0/lib/microblaze_flush_cach
TRACE::2026-06-04.00:36:55::SCWMssOS::e_ext.o microblaze_0/lib/microblaze_flush_cache_ext_range.o microblaze_0/lib/microblaze_flush_dcache.o microblaze_0/lib/microbl
TRACE::2026-06-04.00:36:55::SCWMssOS::aze_flush_dcache_range.o microblaze_0/lib/microblaze_init_dcache_range.o microblaze_0/lib/microblaze_init_icache_range.o microb
TRACE::2026-06-04.00:36:55::SCWMssOS::laze_0/lib/microblaze_interrupt_handler.o microblaze_0/lib/microblaze_interrupts_g.o microblaze_0/lib/microblaze_invalidate_cac
TRACE::2026-06-04.00:36:55::SCWMssOS::he_ext.o microblaze_0/lib/microblaze_invalidate_cache_ext_range.o microblaze_0/lib/microblaze_invalidate_dcache.o microblaze_0/
TRACE::2026-06-04.00:36:55::SCWMssOS::lib/microblaze_invalidate_dcache_range.o microblaze_0/lib/microblaze_invalidate_icache.o microblaze_0/lib/microblaze_invalidate
TRACE::2026-06-04.00:36:55::SCWMssOS::_icache_range.o microblaze_0/lib/microblaze_scrub.o microblaze_0/lib/microblaze_selftest.o microblaze_0/lib/microblaze_sleep.o 
TRACE::2026-06-04.00:36:55::SCWMssOS::microblaze_0/lib/microblaze_update_dcache.o microblaze_0/lib/microblaze_update_icache.o microblaze_0/lib/outbyte.o microblaze_0
TRACE::2026-06-04.00:36:55::SCWMssOS::/lib/print.o microblaze_0/lib/pvr.o microblaze_0/lib/xbram.o microblaze_0/lib/xbram_g.o microblaze_0/lib/xbram_intr.o microblaz
TRACE::2026-06-04.00:36:55::SCWMssOS::e_0/lib/xbram_selftest.o microblaze_0/lib/xbram_sinit.o microblaze_0/lib/xgpio.o microblaze_0/lib/xgpio_extra.o microblaze_0/li
TRACE::2026-06-04.00:36:55::SCWMssOS::b/xgpio_g.o microblaze_0/lib/xgpio_intr.o microblaze_0/lib/xgpio_selftest.o microblaze_0/lib/xgpio_sinit.o microblaze_0/lib/xil
TRACE::2026-06-04.00:36:55::SCWMssOS::_assert.o microblaze_0/lib/xil_cache.o microblaze_0/lib/xil_clocking.o microblaze_0/lib/xil_exception.o microblaze_0/lib/xil_me
TRACE::2026-06-04.00:36:55::SCWMssOS::m.o microblaze_0/lib/xil_misc_psreset_api.o microblaze_0/lib/xil_printf.o microblaze_0/lib/xil_sleepcommon.o microblaze_0/lib/x
TRACE::2026-06-04.00:36:55::SCWMssOS::il_testcache.o microblaze_0/lib/xil_testio.o microblaze_0/lib/xil_testmem.o microblaze_0/lib/xil_util.o microblaze_0/lib/xintc.
TRACE::2026-06-04.00:36:55::SCWMssOS::o microblaze_0/lib/xintc_g.o microblaze_0/lib/xintc_intr.o microblaze_0/lib/xintc_l.o microblaze_0/lib/xintc_options.o microbla
TRACE::2026-06-04.00:36:55::SCWMssOS::ze_0/lib/xintc_selftest.o microblaze_0/lib/xinterrupt_wrap.o microblaze_0/lib/xio.o microblaze_0/lib/xplatform_info.o microblaz
TRACE::2026-06-04.00:36:55::SCWMssOS::e_0/lib/xuartlite.o microblaze_0/lib/xuartlite_g.o microblaze_0/lib/xuartlite_intr.o microblaze_0/lib/xuartlite_l.o microblaze_
TRACE::2026-06-04.00:36:55::SCWMssOS::0/lib/xuartlite_selftest.o microblaze_0/lib/xuartlite_sinit.o microblaze_0/lib/xuartlite_stats.o

TRACE::2026-06-04.00:36:55::SCWMssOS::'Finished building libraries'

TRACE::2026-06-04.00:36:55::SCWMssOS:: Checking if to create the Supporting Applications
TRACE::2026-06-04.00:36:55::SCWMssOS:: No Linux domain exists, trying to generate FSBL 
LOG::2026-06-04.00:36:55::SCWSystem::Completed Processing the domain standalone_microblaze_0
LOG::2026-06-04.00:36:55::SCWSystem::Completed Processing the sysconfig userMapTop
LOG::2026-06-04.00:36:55::SCWPlatform::Completed generating the artifacts for system configuration userMapTop
TRACE::2026-06-04.00:36:55::SCWPlatform::Started preparing the platform 
TRACE::2026-06-04.00:36:55::SCWSystem::Writing the bif file for system config userMapTop
TRACE::2026-06-04.00:36:55::SCWSystem::dir created 
TRACE::2026-06-04.00:36:55::SCWSystem::Writing the bif 
TRACE::2026-06-04.00:36:55::SCWPlatform::Started writing the spfm file 
TRACE::2026-06-04.00:36:55::SCWPlatform::Started writing the xpfm file 
TRACE::2026-06-04.00:36:55::SCWPlatform::Completed generating the platform
TRACE::2026-06-04.00:36:55::SCWMssOS::Saving the mss changes D:/vivado_pj/userMap2023/userMapTop/microblaze_0/standalone_microblaze_0/bsp/system.mss
TRACE::2026-06-04.00:36:55::SCWMssOS::Adding the swdes entry, mss present, able to open swdb D:/vivado_pj/userMap2023/userMapTop/microblaze_0/standalone_microblaze_0/bsp/system.mss with des name system
TRACE::2026-06-04.00:36:55::SCWMssOS::Writing the mss file completed D:/vivado_pj/userMap2023/userMapTop/microblaze_0/standalone_microblaze_0/bsp/system.mss
TRACE::2026-06-04.00:36:55::SCWMssOS::Commit changes completed.
TRACE::2026-06-04.00:36:55::SCWPlatform::Trying to open the hw design at D:/vivado_pj/userMap2023/userMapTop/hw/userMapTop1.xsa
TRACE::2026-06-04.00:36:55::SCWPlatform::DSA given D:/vivado_pj/userMap2023/userMapTop/hw/userMapTop1.xsa
TRACE::2026-06-04.00:36:55::SCWPlatform::DSA absoulate path D:/vivado_pj/userMap2023/userMapTop/hw/userMapTop1.xsa
TRACE::2026-06-04.00:36:55::SCWPlatform::DSA directory D:/vivado_pj/userMap2023/userMapTop/hw
TRACE::2026-06-04.00:36:55::SCWPlatform:: Platform Path D:/vivado_pj/userMap2023/userMapTop/hw/userMapTop1.xsa
TRACE::2026-06-04.00:36:55::SCWPlatform:: Unique name xilinx:basys3::0.0
TRACE::2026-06-04.00:36:55::SCWPlatform::Trying to set the existing hwdb with name userMapTop_26
TRACE::2026-06-04.00:36:55::SCWPlatform::Opened existing hwdb userMapTop_26
TRACE::2026-06-04.00:36:55::SCWPlatform::Found the Hw Db part of the input DSA
TRACE::2026-06-04.00:36:55::SCWMssOS::Checking the sw design at  D:/vivado_pj/userMap2023/userMapTop/microblaze_0/standalone_microblaze_0/bsp/system.mss
TRACE::2026-06-04.00:36:55::SCWMssOS::DEBUG:  swdes dump  D:/vivado_pj/userMap2023/userMapTop/microblaze_0/standalone_microblaze_0/bsp/system.mss|system||

TRACE::2026-06-04.00:36:55::SCWMssOS::Sw design exists and opened at  D:/vivado_pj/userMap2023/userMapTop/microblaze_0/standalone_microblaze_0/bsp/system.mss
TRACE::2026-06-04.00:36:55::SCWWriter::formatted JSON is {
	"platformName":	"userMapTop",
	"sprVersion":	"2.0",
	"mode":	"gui",
	"dsaType":	"Fixed",
	"platformDesc":	"userMapTop",
	"platHandOff":	"D:/vivado_pj/userMap/userMapTop1.xsa",
	"platIntHandOff":	"<platformDir>/hw/userMapTop1.xsa",
	"deviceType":	"FPGA",
	"platIsPrebuiltAutogen":	"false",
	"platIsNoBootBsp":	"false",
	"hasFsblMakeHasChanges":	"false",
	"hasPmufwMakeHasChanges":	"false",
	"platPreBuiltFlag":	false,
	"platformSamplesDir":	"",
	"platActiveSys":	"userMapTop",
	"systems":	[{
			"systemName":	"userMapTop",
			"systemDesc":	"userMapTop",
			"sysIsBootAutoGen":	"true",
			"systemDispName":	"userMapTop",
			"sysActiveDom":	"standalone_microblaze_0",
			"sysDefaultDom":	"standalone_microblaze_0",
			"domains":	[{
					"domainName":	"standalone_microblaze_0",
					"domainDispName":	"standalone_microblaze_0",
					"domainDesc":	"standalone_microblaze_0",
					"processors":	"microblaze_0",
					"os":	"standalone",
					"sdxOs":	"standalone",
					"debugEnable":	"False",
					"domRuntimes":	["cpp"],
					"swRepo":	"",
					"mssOsVer":	"8.1",
					"mssFile":	"",
					"md5Digest":	"2387726c7969e4016a1fc62dc46e34ae",
					"compatibleApp":	"",
					"domType":	"mssDomain",
					"arch":	"32-bit",
					"appSettings":	{
						"appCompilerFlags":	"",
						"appLinkerFlags":	""
					},
					"addedLibs":	[],
					"libOptions":	{
						"libsContainingOptions":	[]
					},
					"prebuiltLibs":	{
						"prebuiltIncPath":	[],
						"prebuiltLibPath":	[]
					},
					"isolation":	{
					}
				}]
		}]
}
KEYINFO::2026-06-04.00:36:55::SCWPlatform::updated the xpfm file.
TRACE::2026-06-04.00:36:56::SCWPlatform::Trying to open the hw design at D:/vivado_pj/userMap2023/userMapTop/hw/userMapTop1.xsa
TRACE::2026-06-04.00:36:56::SCWPlatform::DSA given D:/vivado_pj/userMap2023/userMapTop/hw/userMapTop1.xsa
TRACE::2026-06-04.00:36:56::SCWPlatform::DSA absoulate path D:/vivado_pj/userMap2023/userMapTop/hw/userMapTop1.xsa
TRACE::2026-06-04.00:36:56::SCWPlatform::DSA directory D:/vivado_pj/userMap2023/userMapTop/hw
TRACE::2026-06-04.00:36:56::SCWPlatform:: Platform Path D:/vivado_pj/userMap2023/userMapTop/hw/userMapTop1.xsa
TRACE::2026-06-04.00:36:56::SCWPlatform:: Unique name xilinx:basys3::0.0
TRACE::2026-06-04.00:36:56::SCWPlatform::Trying to set the existing hwdb with name userMapTop_26
TRACE::2026-06-04.00:36:56::SCWPlatform::Opened existing hwdb userMapTop_26
TRACE::2026-06-04.00:36:56::SCWPlatform::Found the Hw Db part of the input DSA
TRACE::2026-06-04.00:36:56::SCWMssOS::Checking the sw design at  D:/vivado_pj/userMap2023/userMapTop/microblaze_0/standalone_microblaze_0/bsp/system.mss
TRACE::2026-06-04.00:36:56::SCWMssOS::DEBUG:  swdes dump  D:/vivado_pj/userMap2023/userMapTop/microblaze_0/standalone_microblaze_0/bsp/system.mss|system||

TRACE::2026-06-04.00:36:56::SCWMssOS::Sw design exists and opened at  D:/vivado_pj/userMap2023/userMapTop/microblaze_0/standalone_microblaze_0/bsp/system.mss
