Copyright 1986-2022 Xilinx, Inc. All Rights Reserved. Copyright 2022-2023 Advanced Micro Devices, Inc. All Rights Reserved.
------------------------------------------------------------------------------------------------------------------------------------------------------------------------------------------------------
| Tool Version : Vivado v.2023.1 (win64) Build 3865809 Sun May  7 15:05:29 MDT 2023
| Date         : Mon Jun 15 12:25:35 2026
| Host         : SmST12 running 64-bit major release  (build 9200)
| Command      : report_timing_summary -max_paths 10 -report_unconstrained -file TOP_timing_summary_routed.rpt -pb TOP_timing_summary_routed.pb -rpx TOP_timing_summary_routed.rpx -warn_on_violation
| Design       : TOP
| Device       : 7a35t-cpg236
| Speed File   : -1  PRODUCTION 1.23 2018-06-13
| Design State : Routed
------------------------------------------------------------------------------------------------------------------------------------------------------------------------------------------------------

Timing Summary Report

------------------------------------------------------------------------------------------------
| Timer Settings
| --------------
------------------------------------------------------------------------------------------------

  Enable Multi Corner Analysis               :  Yes
  Enable Pessimism Removal                   :  Yes
  Pessimism Removal Resolution               :  Nearest Common Node
  Enable Input Delay Default Clock           :  No
  Enable Preset / Clear Arcs                 :  No
  Disable Flight Delays                      :  No
  Ignore I/O Paths                           :  No
  Timing Early Launch at Borrowing Latches   :  No
  Borrow Time for Max Delay Exceptions       :  Yes
  Merge Timing Exceptions                    :  Yes

  Corner  Analyze    Analyze    
  Name    Max Paths  Min Paths  
  ------  ---------  ---------  
  Slow    Yes        Yes        
  Fast    Yes        Yes        


------------------------------------------------------------------------------------------------
| Report Methodology
| ------------------
------------------------------------------------------------------------------------------------

Rule       Severity          Description                    Violations  
---------  ----------------  -----------------------------  ----------  
TIMING-17  Critical Warning  Non-clocked sequential cell    32          
TIMING-18  Warning           Missing input or output delay  17          

Note: This report is based on the most recent report_methodology run and may not be up-to-date. Run report_methodology on the current design for the latest report.



check_timing report

Table of Contents
-----------------
1. checking no_clock (482)
2. checking constant_clock (0)
3. checking pulse_width_clock (0)
4. checking unconstrained_internal_endpoints (74)
5. checking no_input_delay (2)
6. checking no_output_delay (20)
7. checking multiple_clock (0)
8. checking generated_clocks (0)
9. checking loops (0)
10. checking partial_input_delay (0)
11. checking partial_output_delay (0)
12. checking latch_loops (0)

1. checking no_clock (482)
--------------------------
 There are 30 register/latch pins with no clock driven by root clock pin: BAUDGEN/baudRateReg_reg[0]/Q (HIGH)

 There are 30 register/latch pins with no clock driven by root clock pin: BAUDGEN/baudRateReg_reg[10]/Q (HIGH)

 There are 30 register/latch pins with no clock driven by root clock pin: BAUDGEN/baudRateReg_reg[11]/Q (HIGH)

 There are 30 register/latch pins with no clock driven by root clock pin: BAUDGEN/baudRateReg_reg[12]/Q (HIGH)

 There are 30 register/latch pins with no clock driven by root clock pin: BAUDGEN/baudRateReg_reg[13]/Q (HIGH)

 There are 30 register/latch pins with no clock driven by root clock pin: BAUDGEN/baudRateReg_reg[14]/Q (HIGH)

 There are 30 register/latch pins with no clock driven by root clock pin: BAUDGEN/baudRateReg_reg[15]/Q (HIGH)

 There are 30 register/latch pins with no clock driven by root clock pin: BAUDGEN/baudRateReg_reg[1]/Q (HIGH)

 There are 30 register/latch pins with no clock driven by root clock pin: BAUDGEN/baudRateReg_reg[2]/Q (HIGH)

 There are 30 register/latch pins with no clock driven by root clock pin: BAUDGEN/baudRateReg_reg[3]/Q (HIGH)

 There are 30 register/latch pins with no clock driven by root clock pin: BAUDGEN/baudRateReg_reg[4]/Q (HIGH)

 There are 30 register/latch pins with no clock driven by root clock pin: BAUDGEN/baudRateReg_reg[5]/Q (HIGH)

 There are 30 register/latch pins with no clock driven by root clock pin: BAUDGEN/baudRateReg_reg[6]/Q (HIGH)

 There are 30 register/latch pins with no clock driven by root clock pin: BAUDGEN/baudRateReg_reg[7]/Q (HIGH)

 There are 30 register/latch pins with no clock driven by root clock pin: BAUDGEN/baudRateReg_reg[8]/Q (HIGH)

 There are 30 register/latch pins with no clock driven by root clock pin: BAUDGEN/baudRateReg_reg[9]/Q (HIGH)

 There are 2 register/latch pins with no clock driven by root clock pin: U0_clkdiv/clk1000Hz_reg/Q (HIGH)


2. checking constant_clock (0)
------------------------------
 There are 0 register/latch pins with constant_clock.


3. checking pulse_width_clock (0)
---------------------------------
 There are 0 register/latch pins which need pulse_width check


4. checking unconstrained_internal_endpoints (74)
-------------------------------------------------
 There are 74 pins that are not constrained for maximum delay. (HIGH)

 There are 0 pins that are not constrained for maximum delay due to constant clock.


5. checking no_input_delay (2)
------------------------------
 There are 2 input ports with no input delay specified. (HIGH)

 There are 0 input ports with no input delay but user has a false path constraint.


6. checking no_output_delay (20)
--------------------------------
 There are 20 ports with no output delay specified. (HIGH)

 There are 0 ports with no output delay but user has a false path constraint

 There are 0 ports with no output delay but with a timing clock defined on it or propagating through it


7. checking multiple_clock (0)
------------------------------
 There are 0 register/latch pins with multiple clocks.


8. checking generated_clocks (0)
--------------------------------
 There are 0 generated clocks that are not connected to a clock source.


9. checking loops (0)
---------------------
 There are 0 combinational loops in the design.


10. checking partial_input_delay (0)
------------------------------------
 There are 0 input ports with partial input delay specified.


11. checking partial_output_delay (0)
-------------------------------------
 There are 0 ports with partial output delay specified.


12. checking latch_loops (0)
----------------------------
 There are 0 combinational latch loops in the design through latch input



------------------------------------------------------------------------------------------------
| Design Timing Summary
| ---------------------
------------------------------------------------------------------------------------------------

    WNS(ns)      TNS(ns)  TNS Failing Endpoints  TNS Total Endpoints      WHS(ns)      THS(ns)  THS Failing Endpoints  THS Total Endpoints     WPWS(ns)     TPWS(ns)  TPWS Failing Endpoints  TPWS Total Endpoints  
    -------      -------  ---------------------  -------------------      -------      -------  ---------------------  -------------------     --------     --------  ----------------------  --------------------  
      5.102        0.000                      0                   46        0.104        0.000                      0                   46        4.500        0.000                       0                    56  


All user specified timing constraints are met.


------------------------------------------------------------------------------------------------
| Clock Summary
| -------------
------------------------------------------------------------------------------------------------

Clock        Waveform(ns)       Period(ns)      Frequency(MHz)
-----        ------------       ----------      --------------
sys_clk_pin  {0.000 5.000}      10.000          100.000         


------------------------------------------------------------------------------------------------
| Intra Clock Table
| -----------------
------------------------------------------------------------------------------------------------

Clock             WNS(ns)      TNS(ns)  TNS Failing Endpoints  TNS Total Endpoints      WHS(ns)      THS(ns)  THS Failing Endpoints  THS Total Endpoints     WPWS(ns)     TPWS(ns)  TPWS Failing Endpoints  TPWS Total Endpoints  
-----             -------      -------  ---------------------  -------------------      -------      -------  ---------------------  -------------------     --------     --------  ----------------------  --------------------  
sys_clk_pin         5.102        0.000                      0                   46        0.104        0.000                      0                   46        4.500        0.000                       0                    56  


------------------------------------------------------------------------------------------------
| Inter Clock Table
| -----------------
------------------------------------------------------------------------------------------------

From Clock    To Clock          WNS(ns)      TNS(ns)  TNS Failing Endpoints  TNS Total Endpoints      WHS(ns)      THS(ns)  THS Failing Endpoints  THS Total Endpoints  
----------    --------          -------      -------  ---------------------  -------------------      -------      -------  ---------------------  -------------------  


------------------------------------------------------------------------------------------------
| Other Path Groups Table
| -----------------------
------------------------------------------------------------------------------------------------

Path Group    From Clock    To Clock          WNS(ns)      TNS(ns)  TNS Failing Endpoints  TNS Total Endpoints      WHS(ns)      THS(ns)  THS Failing Endpoints  THS Total Endpoints  
----------    ----------    --------          -------      -------  ---------------------  -------------------      -------      -------  ---------------------  -------------------  


------------------------------------------------------------------------------------------------
| User Ignored Path Table
| -----------------------
------------------------------------------------------------------------------------------------

Path Group    From Clock    To Clock    
----------    ----------    --------    


------------------------------------------------------------------------------------------------
| Unconstrained Path Table
| ------------------------
------------------------------------------------------------------------------------------------

Path Group    From Clock    To Clock    
----------    ----------    --------    
(none)                                    
(none)        sys_clk_pin                 
(none)                      sys_clk_pin   


------------------------------------------------------------------------------------------------
| Timing Details
| --------------
------------------------------------------------------------------------------------------------


---------------------------------------------------------------------------------------------------
From Clock:  sys_clk_pin
  To Clock:  sys_clk_pin

Setup :            0  Failing Endpoints,  Worst Slack        5.102ns,  Total Violation        0.000ns
Hold  :            0  Failing Endpoints,  Worst Slack        0.104ns,  Total Violation        0.000ns
PW    :            0  Failing Endpoints,  Worst Slack        4.500ns,  Total Violation        0.000ns
---------------------------------------------------------------------------------------------------


Max Delay Paths
--------------------------------------------------------------------------------------
Slack (MET) :             5.102ns  (required time - arrival time)
  Source:                 BAUDGEN/baudRateReg_reg[1]/C
                            (rising edge-triggered cell FDCE clocked by sys_clk_pin  {rise@0.000ns fall@5.000ns period=10.000ns})
  Destination:            BAUDGEN/baudRateReg_reg[13]/D
                            (rising edge-triggered cell FDCE clocked by sys_clk_pin  {rise@0.000ns fall@5.000ns period=10.000ns})
  Path Group:             sys_clk_pin
  Path Type:              Setup (Max at Slow Process Corner)
  Requirement:            10.000ns  (sys_clk_pin rise@10.000ns - sys_clk_pin rise@0.000ns)
  Data Path Delay:        4.794ns  (logic 2.064ns (43.051%)  route 2.730ns (56.949%))
  Logic Levels:           8  (CARRY4=4 LUT2=1 LUT4=1 LUT5=1 LUT6=1)
  Clock Path Skew:        -0.131ns (DCD - SCD + CPR)
    Destination Clock Delay (DCD):    4.776ns = ( 14.776 - 10.000 ) 
    Source Clock Delay      (SCD):    5.086ns
    Clock Pessimism Removal (CPR):    0.180ns
  Clock Uncertainty:      0.035ns  ((TSJ^2 + TIJ^2)^1/2 + DJ) / 2 + PE
    Total System Jitter     (TSJ):    0.071ns
    Total Input Jitter      (TIJ):    0.000ns
    Discrete Jitter          (DJ):    0.000ns
    Phase Error              (PE):    0.000ns

    Location             Delay type                Incr(ns)  Path(ns)    Netlist Resource(s)
  -------------------------------------------------------------------    -------------------
                         (clock sys_clk_pin rise edge)
                                                      0.000     0.000 r  
    W5                                                0.000     0.000 r  Clk (IN)
                         net (fo=0)                   0.000     0.000    Clk
    W5                   IBUF (Prop_ibuf_I_O)         1.458     1.458 r  Clk_IBUF_inst/O
                         net (fo=1, routed)           1.967     3.425    Clk_IBUF
    BUFGCTRL_X0Y0        BUFG (Prop_bufg_I_O)         0.096     3.521 r  Clk_IBUF_BUFG_inst/O
                         net (fo=55, routed)          1.565     5.086    BAUDGEN/CLK
    SLICE_X35Y47         FDCE                                         r  BAUDGEN/baudRateReg_reg[1]/C
  -------------------------------------------------------------------    -------------------
    SLICE_X35Y47         FDCE (Prop_fdce_C_Q)         0.456     5.542 f  BAUDGEN/baudRateReg_reg[1]/Q
                         net (fo=2, routed)           1.008     6.551    BAUDGEN/baudRateReg_reg[1]
    SLICE_X34Y50         LUT4 (Prop_lut4_I2_O)        0.124     6.675 r  BAUDGEN/load_BUFG_inst_i_4/O
                         net (fo=1, routed)           0.670     7.345    BAUDGEN/load_BUFG_inst_i_4_n_0
    SLICE_X34Y50         LUT5 (Prop_lut5_I4_O)        0.124     7.469 r  BAUDGEN/load_BUFG_inst_i_3/O
                         net (fo=1, routed)           0.452     7.921    BAUDGEN/load_BUFG_inst_i_3_n_0
    SLICE_X34Y50         LUT6 (Prop_lut6_I5_O)        0.124     8.045 f  BAUDGEN/load_BUFG_inst_i_1/O
                         net (fo=6, routed)           0.599     8.644    BAUDGEN/load
    SLICE_X35Y47         LUT2 (Prop_lut2_I1_O)        0.124     8.768 r  BAUDGEN/baudRateReg[0]_i_3/O
                         net (fo=1, routed)           0.000     8.768    BAUDGEN/baudRateReg[0]_i_3_n_0
    SLICE_X35Y47         CARRY4 (Prop_carry4_S[1]_CO[3])
                                                      0.550     9.318 r  BAUDGEN/baudRateReg_reg[0]_i_1/CO[3]
                         net (fo=1, routed)           0.000     9.318    BAUDGEN/baudRateReg_reg[0]_i_1_n_0
    SLICE_X35Y48         CARRY4 (Prop_carry4_CI_CO[3])
                                                      0.114     9.432 r  BAUDGEN/baudRateReg_reg[4]_i_1/CO[3]
                         net (fo=1, routed)           0.000     9.432    BAUDGEN/baudRateReg_reg[4]_i_1_n_0
    SLICE_X35Y49         CARRY4 (Prop_carry4_CI_CO[3])
                                                      0.114     9.546 r  BAUDGEN/baudRateReg_reg[8]_i_1/CO[3]
                         net (fo=1, routed)           0.001     9.547    BAUDGEN/baudRateReg_reg[8]_i_1_n_0
    SLICE_X35Y50         CARRY4 (Prop_carry4_CI_O[1])
                                                      0.334     9.881 r  BAUDGEN/baudRateReg_reg[12]_i_1/O[1]
                         net (fo=1, routed)           0.000     9.881    BAUDGEN/baudRateReg_reg[12]_i_1_n_6
    SLICE_X35Y50         FDCE                                         r  BAUDGEN/baudRateReg_reg[13]/D
  -------------------------------------------------------------------    -------------------

                         (clock sys_clk_pin rise edge)
                                                     10.000    10.000 r  
    W5                                                0.000    10.000 r  Clk (IN)
                         net (fo=0)                   0.000    10.000    Clk
    W5                   IBUF (Prop_ibuf_I_O)         1.388    11.388 r  Clk_IBUF_inst/O
                         net (fo=1, routed)           1.862    13.250    Clk_IBUF
    BUFGCTRL_X0Y0        BUFG (Prop_bufg_I_O)         0.091    13.341 r  Clk_IBUF_BUFG_inst/O
                         net (fo=55, routed)          1.435    14.776    BAUDGEN/CLK
    SLICE_X35Y50         FDCE                                         r  BAUDGEN/baudRateReg_reg[13]/C
                         clock pessimism              0.180    14.956    
                         clock uncertainty           -0.035    14.920    
    SLICE_X35Y50         FDCE (Setup_fdce_C_D)        0.062    14.982    BAUDGEN/baudRateReg_reg[13]
  -------------------------------------------------------------------
                         required time                         14.982    
                         arrival time                          -9.881    
  -------------------------------------------------------------------
                         slack                                  5.102    

Slack (MET) :             5.123ns  (required time - arrival time)
  Source:                 BAUDGEN/baudRateReg_reg[1]/C
                            (rising edge-triggered cell FDCE clocked by sys_clk_pin  {rise@0.000ns fall@5.000ns period=10.000ns})
  Destination:            BAUDGEN/baudRateReg_reg[15]/D
                            (rising edge-triggered cell FDCE clocked by sys_clk_pin  {rise@0.000ns fall@5.000ns period=10.000ns})
  Path Group:             sys_clk_pin
  Path Type:              Setup (Max at Slow Process Corner)
  Requirement:            10.000ns  (sys_clk_pin rise@10.000ns - sys_clk_pin rise@0.000ns)
  Data Path Delay:        4.773ns  (logic 2.043ns (42.801%)  route 2.730ns (57.199%))
  Logic Levels:           8  (CARRY4=4 LUT2=1 LUT4=1 LUT5=1 LUT6=1)
  Clock Path Skew:        -0.131ns (DCD - SCD + CPR)
    Destination Clock Delay (DCD):    4.776ns = ( 14.776 - 10.000 ) 
    Source Clock Delay      (SCD):    5.086ns
    Clock Pessimism Removal (CPR):    0.180ns
  Clock Uncertainty:      0.035ns  ((TSJ^2 + TIJ^2)^1/2 + DJ) / 2 + PE
    Total System Jitter     (TSJ):    0.071ns
    Total Input Jitter      (TIJ):    0.000ns
    Discrete Jitter          (DJ):    0.000ns
    Phase Error              (PE):    0.000ns

    Location             Delay type                Incr(ns)  Path(ns)    Netlist Resource(s)
  -------------------------------------------------------------------    -------------------
                         (clock sys_clk_pin rise edge)
                                                      0.000     0.000 r  
    W5                                                0.000     0.000 r  Clk (IN)
                         net (fo=0)                   0.000     0.000    Clk
    W5                   IBUF (Prop_ibuf_I_O)         1.458     1.458 r  Clk_IBUF_inst/O
                         net (fo=1, routed)           1.967     3.425    Clk_IBUF
    BUFGCTRL_X0Y0        BUFG (Prop_bufg_I_O)         0.096     3.521 r  Clk_IBUF_BUFG_inst/O
                         net (fo=55, routed)          1.565     5.086    BAUDGEN/CLK
    SLICE_X35Y47         FDCE                                         r  BAUDGEN/baudRateReg_reg[1]/C
  -------------------------------------------------------------------    -------------------
    SLICE_X35Y47         FDCE (Prop_fdce_C_Q)         0.456     5.542 f  BAUDGEN/baudRateReg_reg[1]/Q
                         net (fo=2, routed)           1.008     6.551    BAUDGEN/baudRateReg_reg[1]
    SLICE_X34Y50         LUT4 (Prop_lut4_I2_O)        0.124     6.675 r  BAUDGEN/load_BUFG_inst_i_4/O
                         net (fo=1, routed)           0.670     7.345    BAUDGEN/load_BUFG_inst_i_4_n_0
    SLICE_X34Y50         LUT5 (Prop_lut5_I4_O)        0.124     7.469 r  BAUDGEN/load_BUFG_inst_i_3/O
                         net (fo=1, routed)           0.452     7.921    BAUDGEN/load_BUFG_inst_i_3_n_0
    SLICE_X34Y50         LUT6 (Prop_lut6_I5_O)        0.124     8.045 f  BAUDGEN/load_BUFG_inst_i_1/O
                         net (fo=6, routed)           0.599     8.644    BAUDGEN/load
    SLICE_X35Y47         LUT2 (Prop_lut2_I1_O)        0.124     8.768 r  BAUDGEN/baudRateReg[0]_i_3/O
                         net (fo=1, routed)           0.000     8.768    BAUDGEN/baudRateReg[0]_i_3_n_0
    SLICE_X35Y47         CARRY4 (Prop_carry4_S[1]_CO[3])
                                                      0.550     9.318 r  BAUDGEN/baudRateReg_reg[0]_i_1/CO[3]
                         net (fo=1, routed)           0.000     9.318    BAUDGEN/baudRateReg_reg[0]_i_1_n_0
    SLICE_X35Y48         CARRY4 (Prop_carry4_CI_CO[3])
                                                      0.114     9.432 r  BAUDGEN/baudRateReg_reg[4]_i_1/CO[3]
                         net (fo=1, routed)           0.000     9.432    BAUDGEN/baudRateReg_reg[4]_i_1_n_0
    SLICE_X35Y49         CARRY4 (Prop_carry4_CI_CO[3])
                                                      0.114     9.546 r  BAUDGEN/baudRateReg_reg[8]_i_1/CO[3]
                         net (fo=1, routed)           0.001     9.547    BAUDGEN/baudRateReg_reg[8]_i_1_n_0
    SLICE_X35Y50         CARRY4 (Prop_carry4_CI_O[3])
                                                      0.313     9.860 r  BAUDGEN/baudRateReg_reg[12]_i_1/O[3]
                         net (fo=1, routed)           0.000     9.860    BAUDGEN/baudRateReg_reg[12]_i_1_n_4
    SLICE_X35Y50         FDCE                                         r  BAUDGEN/baudRateReg_reg[15]/D
  -------------------------------------------------------------------    -------------------

                         (clock sys_clk_pin rise edge)
                                                     10.000    10.000 r  
    W5                                                0.000    10.000 r  Clk (IN)
                         net (fo=0)                   0.000    10.000    Clk
    W5                   IBUF (Prop_ibuf_I_O)         1.388    11.388 r  Clk_IBUF_inst/O
                         net (fo=1, routed)           1.862    13.250    Clk_IBUF
    BUFGCTRL_X0Y0        BUFG (Prop_bufg_I_O)         0.091    13.341 r  Clk_IBUF_BUFG_inst/O
                         net (fo=55, routed)          1.435    14.776    BAUDGEN/CLK
    SLICE_X35Y50         FDCE                                         r  BAUDGEN/baudRateReg_reg[15]/C
                         clock pessimism              0.180    14.956    
                         clock uncertainty           -0.035    14.920    
    SLICE_X35Y50         FDCE (Setup_fdce_C_D)        0.062    14.982    BAUDGEN/baudRateReg_reg[15]
  -------------------------------------------------------------------
                         required time                         14.982    
                         arrival time                          -9.860    
  -------------------------------------------------------------------
                         slack                                  5.123    

Slack (MET) :             5.197ns  (required time - arrival time)
  Source:                 BAUDGEN/baudRateReg_reg[1]/C
                            (rising edge-triggered cell FDCE clocked by sys_clk_pin  {rise@0.000ns fall@5.000ns period=10.000ns})
  Destination:            BAUDGEN/baudRateReg_reg[14]/D
                            (rising edge-triggered cell FDCE clocked by sys_clk_pin  {rise@0.000ns fall@5.000ns period=10.000ns})
  Path Group:             sys_clk_pin
  Path Type:              Setup (Max at Slow Process Corner)
  Requirement:            10.000ns  (sys_clk_pin rise@10.000ns - sys_clk_pin rise@0.000ns)
  Data Path Delay:        4.699ns  (logic 1.969ns (41.900%)  route 2.730ns (58.100%))
  Logic Levels:           8  (CARRY4=4 LUT2=1 LUT4=1 LUT5=1 LUT6=1)
  Clock Path Skew:        -0.131ns (DCD - SCD + CPR)
    Destination Clock Delay (DCD):    4.776ns = ( 14.776 - 10.000 ) 
    Source Clock Delay      (SCD):    5.086ns
    Clock Pessimism Removal (CPR):    0.180ns
  Clock Uncertainty:      0.035ns  ((TSJ^2 + TIJ^2)^1/2 + DJ) / 2 + PE
    Total System Jitter     (TSJ):    0.071ns
    Total Input Jitter      (TIJ):    0.000ns
    Discrete Jitter          (DJ):    0.000ns
    Phase Error              (PE):    0.000ns

    Location             Delay type                Incr(ns)  Path(ns)    Netlist Resource(s)
  -------------------------------------------------------------------    -------------------
                         (clock sys_clk_pin rise edge)
                                                      0.000     0.000 r  
    W5                                                0.000     0.000 r  Clk (IN)
                         net (fo=0)                   0.000     0.000    Clk
    W5                   IBUF (Prop_ibuf_I_O)         1.458     1.458 r  Clk_IBUF_inst/O
                         net (fo=1, routed)           1.967     3.425    Clk_IBUF
    BUFGCTRL_X0Y0        BUFG (Prop_bufg_I_O)         0.096     3.521 r  Clk_IBUF_BUFG_inst/O
                         net (fo=55, routed)          1.565     5.086    BAUDGEN/CLK
    SLICE_X35Y47         FDCE                                         r  BAUDGEN/baudRateReg_reg[1]/C
  -------------------------------------------------------------------    -------------------
    SLICE_X35Y47         FDCE (Prop_fdce_C_Q)         0.456     5.542 f  BAUDGEN/baudRateReg_reg[1]/Q
                         net (fo=2, routed)           1.008     6.551    BAUDGEN/baudRateReg_reg[1]
    SLICE_X34Y50         LUT4 (Prop_lut4_I2_O)        0.124     6.675 r  BAUDGEN/load_BUFG_inst_i_4/O
                         net (fo=1, routed)           0.670     7.345    BAUDGEN/load_BUFG_inst_i_4_n_0
    SLICE_X34Y50         LUT5 (Prop_lut5_I4_O)        0.124     7.469 r  BAUDGEN/load_BUFG_inst_i_3/O
                         net (fo=1, routed)           0.452     7.921    BAUDGEN/load_BUFG_inst_i_3_n_0
    SLICE_X34Y50         LUT6 (Prop_lut6_I5_O)        0.124     8.045 f  BAUDGEN/load_BUFG_inst_i_1/O
                         net (fo=6, routed)           0.599     8.644    BAUDGEN/load
    SLICE_X35Y47         LUT2 (Prop_lut2_I1_O)        0.124     8.768 r  BAUDGEN/baudRateReg[0]_i_3/O
                         net (fo=1, routed)           0.000     8.768    BAUDGEN/baudRateReg[0]_i_3_n_0
    SLICE_X35Y47         CARRY4 (Prop_carry4_S[1]_CO[3])
                                                      0.550     9.318 r  BAUDGEN/baudRateReg_reg[0]_i_1/CO[3]
                         net (fo=1, routed)           0.000     9.318    BAUDGEN/baudRateReg_reg[0]_i_1_n_0
    SLICE_X35Y48         CARRY4 (Prop_carry4_CI_CO[3])
                                                      0.114     9.432 r  BAUDGEN/baudRateReg_reg[4]_i_1/CO[3]
                         net (fo=1, routed)           0.000     9.432    BAUDGEN/baudRateReg_reg[4]_i_1_n_0
    SLICE_X35Y49         CARRY4 (Prop_carry4_CI_CO[3])
                                                      0.114     9.546 r  BAUDGEN/baudRateReg_reg[8]_i_1/CO[3]
                         net (fo=1, routed)           0.001     9.547    BAUDGEN/baudRateReg_reg[8]_i_1_n_0
    SLICE_X35Y50         CARRY4 (Prop_carry4_CI_O[2])
                                                      0.239     9.786 r  BAUDGEN/baudRateReg_reg[12]_i_1/O[2]
                         net (fo=1, routed)           0.000     9.786    BAUDGEN/baudRateReg_reg[12]_i_1_n_5
    SLICE_X35Y50         FDCE                                         r  BAUDGEN/baudRateReg_reg[14]/D
  -------------------------------------------------------------------    -------------------

                         (clock sys_clk_pin rise edge)
                                                     10.000    10.000 r  
    W5                                                0.000    10.000 r  Clk (IN)
                         net (fo=0)                   0.000    10.000    Clk
    W5                   IBUF (Prop_ibuf_I_O)         1.388    11.388 r  Clk_IBUF_inst/O
                         net (fo=1, routed)           1.862    13.250    Clk_IBUF
    BUFGCTRL_X0Y0        BUFG (Prop_bufg_I_O)         0.091    13.341 r  Clk_IBUF_BUFG_inst/O
                         net (fo=55, routed)          1.435    14.776    BAUDGEN/CLK
    SLICE_X35Y50         FDCE                                         r  BAUDGEN/baudRateReg_reg[14]/C
                         clock pessimism              0.180    14.956    
                         clock uncertainty           -0.035    14.920    
    SLICE_X35Y50         FDCE (Setup_fdce_C_D)        0.062    14.982    BAUDGEN/baudRateReg_reg[14]
  -------------------------------------------------------------------
                         required time                         14.982    
                         arrival time                          -9.786    
  -------------------------------------------------------------------
                         slack                                  5.197    

Slack (MET) :             5.213ns  (required time - arrival time)
  Source:                 BAUDGEN/baudRateReg_reg[1]/C
                            (rising edge-triggered cell FDCE clocked by sys_clk_pin  {rise@0.000ns fall@5.000ns period=10.000ns})
  Destination:            BAUDGEN/baudRateReg_reg[12]/D
                            (rising edge-triggered cell FDCE clocked by sys_clk_pin  {rise@0.000ns fall@5.000ns period=10.000ns})
  Path Group:             sys_clk_pin
  Path Type:              Setup (Max at Slow Process Corner)
  Requirement:            10.000ns  (sys_clk_pin rise@10.000ns - sys_clk_pin rise@0.000ns)
  Data Path Delay:        4.683ns  (logic 1.953ns (41.702%)  route 2.730ns (58.298%))
  Logic Levels:           8  (CARRY4=4 LUT2=1 LUT4=1 LUT5=1 LUT6=1)
  Clock Path Skew:        -0.131ns (DCD - SCD + CPR)
    Destination Clock Delay (DCD):    4.776ns = ( 14.776 - 10.000 ) 
    Source Clock Delay      (SCD):    5.086ns
    Clock Pessimism Removal (CPR):    0.180ns
  Clock Uncertainty:      0.035ns  ((TSJ^2 + TIJ^2)^1/2 + DJ) / 2 + PE
    Total System Jitter     (TSJ):    0.071ns
    Total Input Jitter      (TIJ):    0.000ns
    Discrete Jitter          (DJ):    0.000ns
    Phase Error              (PE):    0.000ns

    Location             Delay type                Incr(ns)  Path(ns)    Netlist Resource(s)
  -------------------------------------------------------------------    -------------------
                         (clock sys_clk_pin rise edge)
                                                      0.000     0.000 r  
    W5                                                0.000     0.000 r  Clk (IN)
                         net (fo=0)                   0.000     0.000    Clk
    W5                   IBUF (Prop_ibuf_I_O)         1.458     1.458 r  Clk_IBUF_inst/O
                         net (fo=1, routed)           1.967     3.425    Clk_IBUF
    BUFGCTRL_X0Y0        BUFG (Prop_bufg_I_O)         0.096     3.521 r  Clk_IBUF_BUFG_inst/O
                         net (fo=55, routed)          1.565     5.086    BAUDGEN/CLK
    SLICE_X35Y47         FDCE                                         r  BAUDGEN/baudRateReg_reg[1]/C
  -------------------------------------------------------------------    -------------------
    SLICE_X35Y47         FDCE (Prop_fdce_C_Q)         0.456     5.542 f  BAUDGEN/baudRateReg_reg[1]/Q
                         net (fo=2, routed)           1.008     6.551    BAUDGEN/baudRateReg_reg[1]
    SLICE_X34Y50         LUT4 (Prop_lut4_I2_O)        0.124     6.675 r  BAUDGEN/load_BUFG_inst_i_4/O
                         net (fo=1, routed)           0.670     7.345    BAUDGEN/load_BUFG_inst_i_4_n_0
    SLICE_X34Y50         LUT5 (Prop_lut5_I4_O)        0.124     7.469 r  BAUDGEN/load_BUFG_inst_i_3/O
                         net (fo=1, routed)           0.452     7.921    BAUDGEN/load_BUFG_inst_i_3_n_0
    SLICE_X34Y50         LUT6 (Prop_lut6_I5_O)        0.124     8.045 f  BAUDGEN/load_BUFG_inst_i_1/O
                         net (fo=6, routed)           0.599     8.644    BAUDGEN/load
    SLICE_X35Y47         LUT2 (Prop_lut2_I1_O)        0.124     8.768 r  BAUDGEN/baudRateReg[0]_i_3/O
                         net (fo=1, routed)           0.000     8.768    BAUDGEN/baudRateReg[0]_i_3_n_0
    SLICE_X35Y47         CARRY4 (Prop_carry4_S[1]_CO[3])
                                                      0.550     9.318 r  BAUDGEN/baudRateReg_reg[0]_i_1/CO[3]
                         net (fo=1, routed)           0.000     9.318    BAUDGEN/baudRateReg_reg[0]_i_1_n_0
    SLICE_X35Y48         CARRY4 (Prop_carry4_CI_CO[3])
                                                      0.114     9.432 r  BAUDGEN/baudRateReg_reg[4]_i_1/CO[3]
                         net (fo=1, routed)           0.000     9.432    BAUDGEN/baudRateReg_reg[4]_i_1_n_0
    SLICE_X35Y49         CARRY4 (Prop_carry4_CI_CO[3])
                                                      0.114     9.546 r  BAUDGEN/baudRateReg_reg[8]_i_1/CO[3]
                         net (fo=1, routed)           0.001     9.547    BAUDGEN/baudRateReg_reg[8]_i_1_n_0
    SLICE_X35Y50         CARRY4 (Prop_carry4_CI_O[0])
                                                      0.223     9.770 r  BAUDGEN/baudRateReg_reg[12]_i_1/O[0]
                         net (fo=1, routed)           0.000     9.770    BAUDGEN/baudRateReg_reg[12]_i_1_n_7
    SLICE_X35Y50         FDCE                                         r  BAUDGEN/baudRateReg_reg[12]/D
  -------------------------------------------------------------------    -------------------

                         (clock sys_clk_pin rise edge)
                                                     10.000    10.000 r  
    W5                                                0.000    10.000 r  Clk (IN)
                         net (fo=0)                   0.000    10.000    Clk
    W5                   IBUF (Prop_ibuf_I_O)         1.388    11.388 r  Clk_IBUF_inst/O
                         net (fo=1, routed)           1.862    13.250    Clk_IBUF
    BUFGCTRL_X0Y0        BUFG (Prop_bufg_I_O)         0.091    13.341 r  Clk_IBUF_BUFG_inst/O
                         net (fo=55, routed)          1.435    14.776    BAUDGEN/CLK
    SLICE_X35Y50         FDCE                                         r  BAUDGEN/baudRateReg_reg[12]/C
                         clock pessimism              0.180    14.956    
                         clock uncertainty           -0.035    14.920    
    SLICE_X35Y50         FDCE (Setup_fdce_C_D)        0.062    14.982    BAUDGEN/baudRateReg_reg[12]
  -------------------------------------------------------------------
                         required time                         14.982    
                         arrival time                          -9.770    
  -------------------------------------------------------------------
                         slack                                  5.213    

Slack (MET) :             5.322ns  (required time - arrival time)
  Source:                 BAUDGEN/baudRateReg_reg[1]/C
                            (rising edge-triggered cell FDCE clocked by sys_clk_pin  {rise@0.000ns fall@5.000ns period=10.000ns})
  Destination:            BAUDGEN/baudRateReg_reg[9]/D
                            (rising edge-triggered cell FDCE clocked by sys_clk_pin  {rise@0.000ns fall@5.000ns period=10.000ns})
  Path Group:             sys_clk_pin
  Path Type:              Setup (Max at Slow Process Corner)
  Requirement:            10.000ns  (sys_clk_pin rise@10.000ns - sys_clk_pin rise@0.000ns)
  Data Path Delay:        4.680ns  (logic 1.950ns (41.671%)  route 2.730ns (58.329%))
  Logic Levels:           7  (CARRY4=3 LUT2=1 LUT4=1 LUT5=1 LUT6=1)
  Clock Path Skew:        -0.025ns (DCD - SCD + CPR)
    Destination Clock Delay (DCD):    4.786ns = ( 14.786 - 10.000 ) 
    Source Clock Delay      (SCD):    5.086ns
    Clock Pessimism Removal (CPR):    0.275ns
  Clock Uncertainty:      0.035ns  ((TSJ^2 + TIJ^2)^1/2 + DJ) / 2 + PE
    Total System Jitter     (TSJ):    0.071ns
    Total Input Jitter      (TIJ):    0.000ns
    Discrete Jitter          (DJ):    0.000ns
    Phase Error              (PE):    0.000ns

    Location             Delay type                Incr(ns)  Path(ns)    Netlist Resource(s)
  -------------------------------------------------------------------    -------------------
                         (clock sys_clk_pin rise edge)
                                                      0.000     0.000 r  
    W5                                                0.000     0.000 r  Clk (IN)
                         net (fo=0)                   0.000     0.000    Clk
    W5                   IBUF (Prop_ibuf_I_O)         1.458     1.458 r  Clk_IBUF_inst/O
                         net (fo=1, routed)           1.967     3.425    Clk_IBUF
    BUFGCTRL_X0Y0        BUFG (Prop_bufg_I_O)         0.096     3.521 r  Clk_IBUF_BUFG_inst/O
                         net (fo=55, routed)          1.565     5.086    BAUDGEN/CLK
    SLICE_X35Y47         FDCE                                         r  BAUDGEN/baudRateReg_reg[1]/C
  -------------------------------------------------------------------    -------------------
    SLICE_X35Y47         FDCE (Prop_fdce_C_Q)         0.456     5.542 f  BAUDGEN/baudRateReg_reg[1]/Q
                         net (fo=2, routed)           1.008     6.551    BAUDGEN/baudRateReg_reg[1]
    SLICE_X34Y50         LUT4 (Prop_lut4_I2_O)        0.124     6.675 r  BAUDGEN/load_BUFG_inst_i_4/O
                         net (fo=1, routed)           0.670     7.345    BAUDGEN/load_BUFG_inst_i_4_n_0
    SLICE_X34Y50         LUT5 (Prop_lut5_I4_O)        0.124     7.469 r  BAUDGEN/load_BUFG_inst_i_3/O
                         net (fo=1, routed)           0.452     7.921    BAUDGEN/load_BUFG_inst_i_3_n_0
    SLICE_X34Y50         LUT6 (Prop_lut6_I5_O)        0.124     8.045 f  BAUDGEN/load_BUFG_inst_i_1/O
                         net (fo=6, routed)           0.599     8.644    BAUDGEN/load
    SLICE_X35Y47         LUT2 (Prop_lut2_I1_O)        0.124     8.768 r  BAUDGEN/baudRateReg[0]_i_3/O
                         net (fo=1, routed)           0.000     8.768    BAUDGEN/baudRateReg[0]_i_3_n_0
    SLICE_X35Y47         CARRY4 (Prop_carry4_S[1]_CO[3])
                                                      0.550     9.318 r  BAUDGEN/baudRateReg_reg[0]_i_1/CO[3]
                         net (fo=1, routed)           0.000     9.318    BAUDGEN/baudRateReg_reg[0]_i_1_n_0
    SLICE_X35Y48         CARRY4 (Prop_carry4_CI_CO[3])
                                                      0.114     9.432 r  BAUDGEN/baudRateReg_reg[4]_i_1/CO[3]
                         net (fo=1, routed)           0.000     9.432    BAUDGEN/baudRateReg_reg[4]_i_1_n_0
    SLICE_X35Y49         CARRY4 (Prop_carry4_CI_O[1])
                                                      0.334     9.766 r  BAUDGEN/baudRateReg_reg[8]_i_1/O[1]
                         net (fo=1, routed)           0.000     9.766    BAUDGEN/baudRateReg_reg[8]_i_1_n_6
    SLICE_X35Y49         FDCE                                         r  BAUDGEN/baudRateReg_reg[9]/D
  -------------------------------------------------------------------    -------------------

                         (clock sys_clk_pin rise edge)
                                                     10.000    10.000 r  
    W5                                                0.000    10.000 r  Clk (IN)
                         net (fo=0)                   0.000    10.000    Clk
    W5                   IBUF (Prop_ibuf_I_O)         1.388    11.388 r  Clk_IBUF_inst/O
                         net (fo=1, routed)           1.862    13.250    Clk_IBUF
    BUFGCTRL_X0Y0        BUFG (Prop_bufg_I_O)         0.091    13.341 r  Clk_IBUF_BUFG_inst/O
                         net (fo=55, routed)          1.445    14.786    BAUDGEN/CLK
    SLICE_X35Y49         FDCE                                         r  BAUDGEN/baudRateReg_reg[9]/C
                         clock pessimism              0.275    15.061    
                         clock uncertainty           -0.035    15.026    
    SLICE_X35Y49         FDCE (Setup_fdce_C_D)        0.062    15.088    BAUDGEN/baudRateReg_reg[9]
  -------------------------------------------------------------------
                         required time                         15.088    
                         arrival time                          -9.766    
  -------------------------------------------------------------------
                         slack                                  5.322    

Slack (MET) :             5.343ns  (required time - arrival time)
  Source:                 BAUDGEN/baudRateReg_reg[1]/C
                            (rising edge-triggered cell FDCE clocked by sys_clk_pin  {rise@0.000ns fall@5.000ns period=10.000ns})
  Destination:            BAUDGEN/baudRateReg_reg[11]/D
                            (rising edge-triggered cell FDCE clocked by sys_clk_pin  {rise@0.000ns fall@5.000ns period=10.000ns})
  Path Group:             sys_clk_pin
  Path Type:              Setup (Max at Slow Process Corner)
  Requirement:            10.000ns  (sys_clk_pin rise@10.000ns - sys_clk_pin rise@0.000ns)
  Data Path Delay:        4.659ns  (logic 1.929ns (41.408%)  route 2.730ns (58.592%))
  Logic Levels:           7  (CARRY4=3 LUT2=1 LUT4=1 LUT5=1 LUT6=1)
  Clock Path Skew:        -0.025ns (DCD - SCD + CPR)
    Destination Clock Delay (DCD):    4.786ns = ( 14.786 - 10.000 ) 
    Source Clock Delay      (SCD):    5.086ns
    Clock Pessimism Removal (CPR):    0.275ns
  Clock Uncertainty:      0.035ns  ((TSJ^2 + TIJ^2)^1/2 + DJ) / 2 + PE
    Total System Jitter     (TSJ):    0.071ns
    Total Input Jitter      (TIJ):    0.000ns
    Discrete Jitter          (DJ):    0.000ns
    Phase Error              (PE):    0.000ns

    Location             Delay type                Incr(ns)  Path(ns)    Netlist Resource(s)
  -------------------------------------------------------------------    -------------------
                         (clock sys_clk_pin rise edge)
                                                      0.000     0.000 r  
    W5                                                0.000     0.000 r  Clk (IN)
                         net (fo=0)                   0.000     0.000    Clk
    W5                   IBUF (Prop_ibuf_I_O)         1.458     1.458 r  Clk_IBUF_inst/O
                         net (fo=1, routed)           1.967     3.425    Clk_IBUF
    BUFGCTRL_X0Y0        BUFG (Prop_bufg_I_O)         0.096     3.521 r  Clk_IBUF_BUFG_inst/O
                         net (fo=55, routed)          1.565     5.086    BAUDGEN/CLK
    SLICE_X35Y47         FDCE                                         r  BAUDGEN/baudRateReg_reg[1]/C
  -------------------------------------------------------------------    -------------------
    SLICE_X35Y47         FDCE (Prop_fdce_C_Q)         0.456     5.542 f  BAUDGEN/baudRateReg_reg[1]/Q
                         net (fo=2, routed)           1.008     6.551    BAUDGEN/baudRateReg_reg[1]
    SLICE_X34Y50         LUT4 (Prop_lut4_I2_O)        0.124     6.675 r  BAUDGEN/load_BUFG_inst_i_4/O
                         net (fo=1, routed)           0.670     7.345    BAUDGEN/load_BUFG_inst_i_4_n_0
    SLICE_X34Y50         LUT5 (Prop_lut5_I4_O)        0.124     7.469 r  BAUDGEN/load_BUFG_inst_i_3/O
                         net (fo=1, routed)           0.452     7.921    BAUDGEN/load_BUFG_inst_i_3_n_0
    SLICE_X34Y50         LUT6 (Prop_lut6_I5_O)        0.124     8.045 f  BAUDGEN/load_BUFG_inst_i_1/O
                         net (fo=6, routed)           0.599     8.644    BAUDGEN/load
    SLICE_X35Y47         LUT2 (Prop_lut2_I1_O)        0.124     8.768 r  BAUDGEN/baudRateReg[0]_i_3/O
                         net (fo=1, routed)           0.000     8.768    BAUDGEN/baudRateReg[0]_i_3_n_0
    SLICE_X35Y47         CARRY4 (Prop_carry4_S[1]_CO[3])
                                                      0.550     9.318 r  BAUDGEN/baudRateReg_reg[0]_i_1/CO[3]
                         net (fo=1, routed)           0.000     9.318    BAUDGEN/baudRateReg_reg[0]_i_1_n_0
    SLICE_X35Y48         CARRY4 (Prop_carry4_CI_CO[3])
                                                      0.114     9.432 r  BAUDGEN/baudRateReg_reg[4]_i_1/CO[3]
                         net (fo=1, routed)           0.000     9.432    BAUDGEN/baudRateReg_reg[4]_i_1_n_0
    SLICE_X35Y49         CARRY4 (Prop_carry4_CI_O[3])
                                                      0.313     9.745 r  BAUDGEN/baudRateReg_reg[8]_i_1/O[3]
                         net (fo=1, routed)           0.000     9.745    BAUDGEN/baudRateReg_reg[8]_i_1_n_4
    SLICE_X35Y49         FDCE                                         r  BAUDGEN/baudRateReg_reg[11]/D
  -------------------------------------------------------------------    -------------------

                         (clock sys_clk_pin rise edge)
                                                     10.000    10.000 r  
    W5                                                0.000    10.000 r  Clk (IN)
                         net (fo=0)                   0.000    10.000    Clk
    W5                   IBUF (Prop_ibuf_I_O)         1.388    11.388 r  Clk_IBUF_inst/O
                         net (fo=1, routed)           1.862    13.250    Clk_IBUF
    BUFGCTRL_X0Y0        BUFG (Prop_bufg_I_O)         0.091    13.341 r  Clk_IBUF_BUFG_inst/O
                         net (fo=55, routed)          1.445    14.786    BAUDGEN/CLK
    SLICE_X35Y49         FDCE                                         r  BAUDGEN/baudRateReg_reg[11]/C
                         clock pessimism              0.275    15.061    
                         clock uncertainty           -0.035    15.026    
    SLICE_X35Y49         FDCE (Setup_fdce_C_D)        0.062    15.088    BAUDGEN/baudRateReg_reg[11]
  -------------------------------------------------------------------
                         required time                         15.088    
                         arrival time                          -9.745    
  -------------------------------------------------------------------
                         slack                                  5.343    

Slack (MET) :             5.417ns  (required time - arrival time)
  Source:                 BAUDGEN/baudRateReg_reg[1]/C
                            (rising edge-triggered cell FDCE clocked by sys_clk_pin  {rise@0.000ns fall@5.000ns period=10.000ns})
  Destination:            BAUDGEN/baudRateReg_reg[10]/D
                            (rising edge-triggered cell FDCE clocked by sys_clk_pin  {rise@0.000ns fall@5.000ns period=10.000ns})
  Path Group:             sys_clk_pin
  Path Type:              Setup (Max at Slow Process Corner)
  Requirement:            10.000ns  (sys_clk_pin rise@10.000ns - sys_clk_pin rise@0.000ns)
  Data Path Delay:        4.585ns  (logic 1.855ns (40.462%)  route 2.730ns (59.538%))
  Logic Levels:           7  (CARRY4=3 LUT2=1 LUT4=1 LUT5=1 LUT6=1)
  Clock Path Skew:        -0.025ns (DCD - SCD + CPR)
    Destination Clock Delay (DCD):    4.786ns = ( 14.786 - 10.000 ) 
    Source Clock Delay      (SCD):    5.086ns
    Clock Pessimism Removal (CPR):    0.275ns
  Clock Uncertainty:      0.035ns  ((TSJ^2 + TIJ^2)^1/2 + DJ) / 2 + PE
    Total System Jitter     (TSJ):    0.071ns
    Total Input Jitter      (TIJ):    0.000ns
    Discrete Jitter          (DJ):    0.000ns
    Phase Error              (PE):    0.000ns

    Location             Delay type                Incr(ns)  Path(ns)    Netlist Resource(s)
  -------------------------------------------------------------------    -------------------
                         (clock sys_clk_pin rise edge)
                                                      0.000     0.000 r  
    W5                                                0.000     0.000 r  Clk (IN)
                         net (fo=0)                   0.000     0.000    Clk
    W5                   IBUF (Prop_ibuf_I_O)         1.458     1.458 r  Clk_IBUF_inst/O
                         net (fo=1, routed)           1.967     3.425    Clk_IBUF
    BUFGCTRL_X0Y0        BUFG (Prop_bufg_I_O)         0.096     3.521 r  Clk_IBUF_BUFG_inst/O
                         net (fo=55, routed)          1.565     5.086    BAUDGEN/CLK
    SLICE_X35Y47         FDCE                                         r  BAUDGEN/baudRateReg_reg[1]/C
  -------------------------------------------------------------------    -------------------
    SLICE_X35Y47         FDCE (Prop_fdce_C_Q)         0.456     5.542 f  BAUDGEN/baudRateReg_reg[1]/Q
                         net (fo=2, routed)           1.008     6.551    BAUDGEN/baudRateReg_reg[1]
    SLICE_X34Y50         LUT4 (Prop_lut4_I2_O)        0.124     6.675 r  BAUDGEN/load_BUFG_inst_i_4/O
                         net (fo=1, routed)           0.670     7.345    BAUDGEN/load_BUFG_inst_i_4_n_0
    SLICE_X34Y50         LUT5 (Prop_lut5_I4_O)        0.124     7.469 r  BAUDGEN/load_BUFG_inst_i_3/O
                         net (fo=1, routed)           0.452     7.921    BAUDGEN/load_BUFG_inst_i_3_n_0
    SLICE_X34Y50         LUT6 (Prop_lut6_I5_O)        0.124     8.045 f  BAUDGEN/load_BUFG_inst_i_1/O
                         net (fo=6, routed)           0.599     8.644    BAUDGEN/load
    SLICE_X35Y47         LUT2 (Prop_lut2_I1_O)        0.124     8.768 r  BAUDGEN/baudRateReg[0]_i_3/O
                         net (fo=1, routed)           0.000     8.768    BAUDGEN/baudRateReg[0]_i_3_n_0
    SLICE_X35Y47         CARRY4 (Prop_carry4_S[1]_CO[3])
                                                      0.550     9.318 r  BAUDGEN/baudRateReg_reg[0]_i_1/CO[3]
                         net (fo=1, routed)           0.000     9.318    BAUDGEN/baudRateReg_reg[0]_i_1_n_0
    SLICE_X35Y48         CARRY4 (Prop_carry4_CI_CO[3])
                                                      0.114     9.432 r  BAUDGEN/baudRateReg_reg[4]_i_1/CO[3]
                         net (fo=1, routed)           0.000     9.432    BAUDGEN/baudRateReg_reg[4]_i_1_n_0
    SLICE_X35Y49         CARRY4 (Prop_carry4_CI_O[2])
                                                      0.239     9.671 r  BAUDGEN/baudRateReg_reg[8]_i_1/O[2]
                         net (fo=1, routed)           0.000     9.671    BAUDGEN/baudRateReg_reg[8]_i_1_n_5
    SLICE_X35Y49         FDCE                                         r  BAUDGEN/baudRateReg_reg[10]/D
  -------------------------------------------------------------------    -------------------

                         (clock sys_clk_pin rise edge)
                                                     10.000    10.000 r  
    W5                                                0.000    10.000 r  Clk (IN)
                         net (fo=0)                   0.000    10.000    Clk
    W5                   IBUF (Prop_ibuf_I_O)         1.388    11.388 r  Clk_IBUF_inst/O
                         net (fo=1, routed)           1.862    13.250    Clk_IBUF
    BUFGCTRL_X0Y0        BUFG (Prop_bufg_I_O)         0.091    13.341 r  Clk_IBUF_BUFG_inst/O
                         net (fo=55, routed)          1.445    14.786    BAUDGEN/CLK
    SLICE_X35Y49         FDCE                                         r  BAUDGEN/baudRateReg_reg[10]/C
                         clock pessimism              0.275    15.061    
                         clock uncertainty           -0.035    15.026    
    SLICE_X35Y49         FDCE (Setup_fdce_C_D)        0.062    15.088    BAUDGEN/baudRateReg_reg[10]
  -------------------------------------------------------------------
                         required time                         15.088    
                         arrival time                          -9.671    
  -------------------------------------------------------------------
                         slack                                  5.417    

Slack (MET) :             5.433ns  (required time - arrival time)
  Source:                 BAUDGEN/baudRateReg_reg[1]/C
                            (rising edge-triggered cell FDCE clocked by sys_clk_pin  {rise@0.000ns fall@5.000ns period=10.000ns})
  Destination:            BAUDGEN/baudRateReg_reg[8]/D
                            (rising edge-triggered cell FDCE clocked by sys_clk_pin  {rise@0.000ns fall@5.000ns period=10.000ns})
  Path Group:             sys_clk_pin
  Path Type:              Setup (Max at Slow Process Corner)
  Requirement:            10.000ns  (sys_clk_pin rise@10.000ns - sys_clk_pin rise@0.000ns)
  Data Path Delay:        4.569ns  (logic 1.839ns (40.253%)  route 2.730ns (59.747%))
  Logic Levels:           7  (CARRY4=3 LUT2=1 LUT4=1 LUT5=1 LUT6=1)
  Clock Path Skew:        -0.025ns (DCD - SCD + CPR)
    Destination Clock Delay (DCD):    4.786ns = ( 14.786 - 10.000 ) 
    Source Clock Delay      (SCD):    5.086ns
    Clock Pessimism Removal (CPR):    0.275ns
  Clock Uncertainty:      0.035ns  ((TSJ^2 + TIJ^2)^1/2 + DJ) / 2 + PE
    Total System Jitter     (TSJ):    0.071ns
    Total Input Jitter      (TIJ):    0.000ns
    Discrete Jitter          (DJ):    0.000ns
    Phase Error              (PE):    0.000ns

    Location             Delay type                Incr(ns)  Path(ns)    Netlist Resource(s)
  -------------------------------------------------------------------    -------------------
                         (clock sys_clk_pin rise edge)
                                                      0.000     0.000 r  
    W5                                                0.000     0.000 r  Clk (IN)
                         net (fo=0)                   0.000     0.000    Clk
    W5                   IBUF (Prop_ibuf_I_O)         1.458     1.458 r  Clk_IBUF_inst/O
                         net (fo=1, routed)           1.967     3.425    Clk_IBUF
    BUFGCTRL_X0Y0        BUFG (Prop_bufg_I_O)         0.096     3.521 r  Clk_IBUF_BUFG_inst/O
                         net (fo=55, routed)          1.565     5.086    BAUDGEN/CLK
    SLICE_X35Y47         FDCE                                         r  BAUDGEN/baudRateReg_reg[1]/C
  -------------------------------------------------------------------    -------------------
    SLICE_X35Y47         FDCE (Prop_fdce_C_Q)         0.456     5.542 f  BAUDGEN/baudRateReg_reg[1]/Q
                         net (fo=2, routed)           1.008     6.551    BAUDGEN/baudRateReg_reg[1]
    SLICE_X34Y50         LUT4 (Prop_lut4_I2_O)        0.124     6.675 r  BAUDGEN/load_BUFG_inst_i_4/O
                         net (fo=1, routed)           0.670     7.345    BAUDGEN/load_BUFG_inst_i_4_n_0
    SLICE_X34Y50         LUT5 (Prop_lut5_I4_O)        0.124     7.469 r  BAUDGEN/load_BUFG_inst_i_3/O
                         net (fo=1, routed)           0.452     7.921    BAUDGEN/load_BUFG_inst_i_3_n_0
    SLICE_X34Y50         LUT6 (Prop_lut6_I5_O)        0.124     8.045 f  BAUDGEN/load_BUFG_inst_i_1/O
                         net (fo=6, routed)           0.599     8.644    BAUDGEN/load
    SLICE_X35Y47         LUT2 (Prop_lut2_I1_O)        0.124     8.768 r  BAUDGEN/baudRateReg[0]_i_3/O
                         net (fo=1, routed)           0.000     8.768    BAUDGEN/baudRateReg[0]_i_3_n_0
    SLICE_X35Y47         CARRY4 (Prop_carry4_S[1]_CO[3])
                                                      0.550     9.318 r  BAUDGEN/baudRateReg_reg[0]_i_1/CO[3]
                         net (fo=1, routed)           0.000     9.318    BAUDGEN/baudRateReg_reg[0]_i_1_n_0
    SLICE_X35Y48         CARRY4 (Prop_carry4_CI_CO[3])
                                                      0.114     9.432 r  BAUDGEN/baudRateReg_reg[4]_i_1/CO[3]
                         net (fo=1, routed)           0.000     9.432    BAUDGEN/baudRateReg_reg[4]_i_1_n_0
    SLICE_X35Y49         CARRY4 (Prop_carry4_CI_O[0])
                                                      0.223     9.655 r  BAUDGEN/baudRateReg_reg[8]_i_1/O[0]
                         net (fo=1, routed)           0.000     9.655    BAUDGEN/baudRateReg_reg[8]_i_1_n_7
    SLICE_X35Y49         FDCE                                         r  BAUDGEN/baudRateReg_reg[8]/D
  -------------------------------------------------------------------    -------------------

                         (clock sys_clk_pin rise edge)
                                                     10.000    10.000 r  
    W5                                                0.000    10.000 r  Clk (IN)
                         net (fo=0)                   0.000    10.000    Clk
    W5                   IBUF (Prop_ibuf_I_O)         1.388    11.388 r  Clk_IBUF_inst/O
                         net (fo=1, routed)           1.862    13.250    Clk_IBUF
    BUFGCTRL_X0Y0        BUFG (Prop_bufg_I_O)         0.091    13.341 r  Clk_IBUF_BUFG_inst/O
                         net (fo=55, routed)          1.445    14.786    BAUDGEN/CLK
    SLICE_X35Y49         FDCE                                         r  BAUDGEN/baudRateReg_reg[8]/C
                         clock pessimism              0.275    15.061    
                         clock uncertainty           -0.035    15.026    
    SLICE_X35Y49         FDCE (Setup_fdce_C_D)        0.062    15.088    BAUDGEN/baudRateReg_reg[8]
  -------------------------------------------------------------------
                         required time                         15.088    
                         arrival time                          -9.655    
  -------------------------------------------------------------------
                         slack                                  5.433    

Slack (MET) :             5.436ns  (required time - arrival time)
  Source:                 BAUDGEN/baudRateReg_reg[1]/C
                            (rising edge-triggered cell FDCE clocked by sys_clk_pin  {rise@0.000ns fall@5.000ns period=10.000ns})
  Destination:            BAUDGEN/baudRateReg_reg[5]/D
                            (rising edge-triggered cell FDCE clocked by sys_clk_pin  {rise@0.000ns fall@5.000ns period=10.000ns})
  Path Group:             sys_clk_pin
  Path Type:              Setup (Max at Slow Process Corner)
  Requirement:            10.000ns  (sys_clk_pin rise@10.000ns - sys_clk_pin rise@0.000ns)
  Data Path Delay:        4.566ns  (logic 1.836ns (40.214%)  route 2.730ns (59.786%))
  Logic Levels:           6  (CARRY4=2 LUT2=1 LUT4=1 LUT5=1 LUT6=1)
  Clock Path Skew:        -0.025ns (DCD - SCD + CPR)
    Destination Clock Delay (DCD):    4.786ns = ( 14.786 - 10.000 ) 
    Source Clock Delay      (SCD):    5.086ns
    Clock Pessimism Removal (CPR):    0.275ns
  Clock Uncertainty:      0.035ns  ((TSJ^2 + TIJ^2)^1/2 + DJ) / 2 + PE
    Total System Jitter     (TSJ):    0.071ns
    Total Input Jitter      (TIJ):    0.000ns
    Discrete Jitter          (DJ):    0.000ns
    Phase Error              (PE):    0.000ns

    Location             Delay type                Incr(ns)  Path(ns)    Netlist Resource(s)
  -------------------------------------------------------------------    -------------------
                         (clock sys_clk_pin rise edge)
                                                      0.000     0.000 r  
    W5                                                0.000     0.000 r  Clk (IN)
                         net (fo=0)                   0.000     0.000    Clk
    W5                   IBUF (Prop_ibuf_I_O)         1.458     1.458 r  Clk_IBUF_inst/O
                         net (fo=1, routed)           1.967     3.425    Clk_IBUF
    BUFGCTRL_X0Y0        BUFG (Prop_bufg_I_O)         0.096     3.521 r  Clk_IBUF_BUFG_inst/O
                         net (fo=55, routed)          1.565     5.086    BAUDGEN/CLK
    SLICE_X35Y47         FDCE                                         r  BAUDGEN/baudRateReg_reg[1]/C
  -------------------------------------------------------------------    -------------------
    SLICE_X35Y47         FDCE (Prop_fdce_C_Q)         0.456     5.542 f  BAUDGEN/baudRateReg_reg[1]/Q
                         net (fo=2, routed)           1.008     6.551    BAUDGEN/baudRateReg_reg[1]
    SLICE_X34Y50         LUT4 (Prop_lut4_I2_O)        0.124     6.675 r  BAUDGEN/load_BUFG_inst_i_4/O
                         net (fo=1, routed)           0.670     7.345    BAUDGEN/load_BUFG_inst_i_4_n_0
    SLICE_X34Y50         LUT5 (Prop_lut5_I4_O)        0.124     7.469 r  BAUDGEN/load_BUFG_inst_i_3/O
                         net (fo=1, routed)           0.452     7.921    BAUDGEN/load_BUFG_inst_i_3_n_0
    SLICE_X34Y50         LUT6 (Prop_lut6_I5_O)        0.124     8.045 f  BAUDGEN/load_BUFG_inst_i_1/O
                         net (fo=6, routed)           0.599     8.644    BAUDGEN/load
    SLICE_X35Y47         LUT2 (Prop_lut2_I1_O)        0.124     8.768 r  BAUDGEN/baudRateReg[0]_i_3/O
                         net (fo=1, routed)           0.000     8.768    BAUDGEN/baudRateReg[0]_i_3_n_0
    SLICE_X35Y47         CARRY4 (Prop_carry4_S[1]_CO[3])
                                                      0.550     9.318 r  BAUDGEN/baudRateReg_reg[0]_i_1/CO[3]
                         net (fo=1, routed)           0.000     9.318    BAUDGEN/baudRateReg_reg[0]_i_1_n_0
    SLICE_X35Y48         CARRY4 (Prop_carry4_CI_O[1])
                                                      0.334     9.652 r  BAUDGEN/baudRateReg_reg[4]_i_1/O[1]
                         net (fo=1, routed)           0.000     9.652    BAUDGEN/baudRateReg_reg[4]_i_1_n_6
    SLICE_X35Y48         FDCE                                         r  BAUDGEN/baudRateReg_reg[5]/D
  -------------------------------------------------------------------    -------------------

                         (clock sys_clk_pin rise edge)
                                                     10.000    10.000 r  
    W5                                                0.000    10.000 r  Clk (IN)
                         net (fo=0)                   0.000    10.000    Clk
    W5                   IBUF (Prop_ibuf_I_O)         1.388    11.388 r  Clk_IBUF_inst/O
                         net (fo=1, routed)           1.862    13.250    Clk_IBUF
    BUFGCTRL_X0Y0        BUFG (Prop_bufg_I_O)         0.091    13.341 r  Clk_IBUF_BUFG_inst/O
                         net (fo=55, routed)          1.445    14.786    BAUDGEN/CLK
    SLICE_X35Y48         FDCE                                         r  BAUDGEN/baudRateReg_reg[5]/C
                         clock pessimism              0.275    15.061    
                         clock uncertainty           -0.035    15.026    
    SLICE_X35Y48         FDCE (Setup_fdce_C_D)        0.062    15.088    BAUDGEN/baudRateReg_reg[5]
  -------------------------------------------------------------------
                         required time                         15.088    
                         arrival time                          -9.652    
  -------------------------------------------------------------------
                         slack                                  5.436    

Slack (MET) :             5.457ns  (required time - arrival time)
  Source:                 BAUDGEN/baudRateReg_reg[1]/C
                            (rising edge-triggered cell FDCE clocked by sys_clk_pin  {rise@0.000ns fall@5.000ns period=10.000ns})
  Destination:            BAUDGEN/baudRateReg_reg[7]/D
                            (rising edge-triggered cell FDCE clocked by sys_clk_pin  {rise@0.000ns fall@5.000ns period=10.000ns})
  Path Group:             sys_clk_pin
  Path Type:              Setup (Max at Slow Process Corner)
  Requirement:            10.000ns  (sys_clk_pin rise@10.000ns - sys_clk_pin rise@0.000ns)
  Data Path Delay:        4.545ns  (logic 1.815ns (39.938%)  route 2.730ns (60.062%))
  Logic Levels:           6  (CARRY4=2 LUT2=1 LUT4=1 LUT5=1 LUT6=1)
  Clock Path Skew:        -0.025ns (DCD - SCD + CPR)
    Destination Clock Delay (DCD):    4.786ns = ( 14.786 - 10.000 ) 
    Source Clock Delay      (SCD):    5.086ns
    Clock Pessimism Removal (CPR):    0.275ns
  Clock Uncertainty:      0.035ns  ((TSJ^2 + TIJ^2)^1/2 + DJ) / 2 + PE
    Total System Jitter     (TSJ):    0.071ns
    Total Input Jitter      (TIJ):    0.000ns
    Discrete Jitter          (DJ):    0.000ns
    Phase Error              (PE):    0.000ns

    Location             Delay type                Incr(ns)  Path(ns)    Netlist Resource(s)
  -------------------------------------------------------------------    -------------------
                         (clock sys_clk_pin rise edge)
                                                      0.000     0.000 r  
    W5                                                0.000     0.000 r  Clk (IN)
                         net (fo=0)                   0.000     0.000    Clk
    W5                   IBUF (Prop_ibuf_I_O)         1.458     1.458 r  Clk_IBUF_inst/O
                         net (fo=1, routed)           1.967     3.425    Clk_IBUF
    BUFGCTRL_X0Y0        BUFG (Prop_bufg_I_O)         0.096     3.521 r  Clk_IBUF_BUFG_inst/O
                         net (fo=55, routed)          1.565     5.086    BAUDGEN/CLK
    SLICE_X35Y47         FDCE                                         r  BAUDGEN/baudRateReg_reg[1]/C
  -------------------------------------------------------------------    -------------------
    SLICE_X35Y47         FDCE (Prop_fdce_C_Q)         0.456     5.542 f  BAUDGEN/baudRateReg_reg[1]/Q
                         net (fo=2, routed)           1.008     6.551    BAUDGEN/baudRateReg_reg[1]
    SLICE_X34Y50         LUT4 (Prop_lut4_I2_O)        0.124     6.675 r  BAUDGEN/load_BUFG_inst_i_4/O
                         net (fo=1, routed)           0.670     7.345    BAUDGEN/load_BUFG_inst_i_4_n_0
    SLICE_X34Y50         LUT5 (Prop_lut5_I4_O)        0.124     7.469 r  BAUDGEN/load_BUFG_inst_i_3/O
                         net (fo=1, routed)           0.452     7.921    BAUDGEN/load_BUFG_inst_i_3_n_0
    SLICE_X34Y50         LUT6 (Prop_lut6_I5_O)        0.124     8.045 f  BAUDGEN/load_BUFG_inst_i_1/O
                         net (fo=6, routed)           0.599     8.644    BAUDGEN/load
    SLICE_X35Y47         LUT2 (Prop_lut2_I1_O)        0.124     8.768 r  BAUDGEN/baudRateReg[0]_i_3/O
                         net (fo=1, routed)           0.000     8.768    BAUDGEN/baudRateReg[0]_i_3_n_0
    SLICE_X35Y47         CARRY4 (Prop_carry4_S[1]_CO[3])
                                                      0.550     9.318 r  BAUDGEN/baudRateReg_reg[0]_i_1/CO[3]
                         net (fo=1, routed)           0.000     9.318    BAUDGEN/baudRateReg_reg[0]_i_1_n_0
    SLICE_X35Y48         CARRY4 (Prop_carry4_CI_O[3])
                                                      0.313     9.631 r  BAUDGEN/baudRateReg_reg[4]_i_1/O[3]
                         net (fo=1, routed)           0.000     9.631    BAUDGEN/baudRateReg_reg[4]_i_1_n_4
    SLICE_X35Y48         FDCE                                         r  BAUDGEN/baudRateReg_reg[7]/D
  -------------------------------------------------------------------    -------------------

                         (clock sys_clk_pin rise edge)
                                                     10.000    10.000 r  
    W5                                                0.000    10.000 r  Clk (IN)
                         net (fo=0)                   0.000    10.000    Clk
    W5                   IBUF (Prop_ibuf_I_O)         1.388    11.388 r  Clk_IBUF_inst/O
                         net (fo=1, routed)           1.862    13.250    Clk_IBUF
    BUFGCTRL_X0Y0        BUFG (Prop_bufg_I_O)         0.091    13.341 r  Clk_IBUF_BUFG_inst/O
                         net (fo=55, routed)          1.445    14.786    BAUDGEN/CLK
    SLICE_X35Y48         FDCE                                         r  BAUDGEN/baudRateReg_reg[7]/C
                         clock pessimism              0.275    15.061    
                         clock uncertainty           -0.035    15.026    
    SLICE_X35Y48         FDCE (Setup_fdce_C_D)        0.062    15.088    BAUDGEN/baudRateReg_reg[7]
  -------------------------------------------------------------------
                         required time                         15.088    
                         arrival time                          -9.631    
  -------------------------------------------------------------------
                         slack                                  5.457    





Min Delay Paths
--------------------------------------------------------------------------------------
Slack (MET) :             0.104ns  (arrival time - required time)
  Source:                 BAUDGEN/baudRateReg_reg[11]/C
                            (rising edge-triggered cell FDCE clocked by sys_clk_pin  {rise@0.000ns fall@5.000ns period=10.000ns})
  Destination:            BAUDGEN/baudRateReg_reg[12]/D
                            (rising edge-triggered cell FDCE clocked by sys_clk_pin  {rise@0.000ns fall@5.000ns period=10.000ns})
  Path Group:             sys_clk_pin
  Path Type:              Hold (Min at Fast Process Corner)
  Requirement:            0.000ns  (sys_clk_pin rise@0.000ns - sys_clk_pin rise@0.000ns)
  Data Path Delay:        0.476ns  (logic 0.355ns (74.580%)  route 0.121ns (25.420%))
  Logic Levels:           2  (CARRY4=2)
  Clock Path Skew:        0.267ns (DCD - SCD - CPR)
    Destination Clock Delay (DCD):    1.957ns
    Source Clock Delay      (SCD):    1.446ns
    Clock Pessimism Removal (CPR):    0.244ns

    Location             Delay type                Incr(ns)  Path(ns)    Netlist Resource(s)
  -------------------------------------------------------------------    -------------------
                         (clock sys_clk_pin rise edge)
                                                      0.000     0.000 r  
    W5                                                0.000     0.000 r  Clk (IN)
                         net (fo=0)                   0.000     0.000    Clk
    W5                   IBUF (Prop_ibuf_I_O)         0.226     0.226 r  Clk_IBUF_inst/O
                         net (fo=1, routed)           0.631     0.858    Clk_IBUF
    BUFGCTRL_X0Y0        BUFG (Prop_bufg_I_O)         0.026     0.884 r  Clk_IBUF_BUFG_inst/O
                         net (fo=55, routed)          0.563     1.446    BAUDGEN/CLK
    SLICE_X35Y49         FDCE                                         r  BAUDGEN/baudRateReg_reg[11]/C
  -------------------------------------------------------------------    -------------------
    SLICE_X35Y49         FDCE (Prop_fdce_C_Q)         0.141     1.587 r  BAUDGEN/baudRateReg_reg[11]/Q
                         net (fo=2, routed)           0.120     1.707    BAUDGEN/baudRateReg_reg[11]
    SLICE_X35Y49         CARRY4 (Prop_carry4_S[3]_CO[3])
                                                      0.160     1.867 r  BAUDGEN/baudRateReg_reg[8]_i_1/CO[3]
                         net (fo=1, routed)           0.001     1.868    BAUDGEN/baudRateReg_reg[8]_i_1_n_0
    SLICE_X35Y50         CARRY4 (Prop_carry4_CI_O[0])
                                                      0.054     1.922 r  BAUDGEN/baudRateReg_reg[12]_i_1/O[0]
                         net (fo=1, routed)           0.000     1.922    BAUDGEN/baudRateReg_reg[12]_i_1_n_7
    SLICE_X35Y50         FDCE                                         r  BAUDGEN/baudRateReg_reg[12]/D
  -------------------------------------------------------------------    -------------------

                         (clock sys_clk_pin rise edge)
                                                      0.000     0.000 r  
    W5                                                0.000     0.000 r  Clk (IN)
                         net (fo=0)                   0.000     0.000    Clk
    W5                   IBUF (Prop_ibuf_I_O)         0.414     0.414 r  Clk_IBUF_inst/O
                         net (fo=1, routed)           0.685     1.099    Clk_IBUF
    BUFGCTRL_X0Y0        BUFG (Prop_bufg_I_O)         0.029     1.128 r  Clk_IBUF_BUFG_inst/O
                         net (fo=55, routed)          0.829     1.957    BAUDGEN/CLK
    SLICE_X35Y50         FDCE                                         r  BAUDGEN/baudRateReg_reg[12]/C
                         clock pessimism             -0.244     1.713    
    SLICE_X35Y50         FDCE (Hold_fdce_C_D)         0.105     1.818    BAUDGEN/baudRateReg_reg[12]
  -------------------------------------------------------------------
                         required time                         -1.818    
                         arrival time                           1.922    
  -------------------------------------------------------------------
                         slack                                  0.104    

Slack (MET) :             0.115ns  (arrival time - required time)
  Source:                 BAUDGEN/baudRateReg_reg[11]/C
                            (rising edge-triggered cell FDCE clocked by sys_clk_pin  {rise@0.000ns fall@5.000ns period=10.000ns})
  Destination:            BAUDGEN/baudRateReg_reg[14]/D
                            (rising edge-triggered cell FDCE clocked by sys_clk_pin  {rise@0.000ns fall@5.000ns period=10.000ns})
  Path Group:             sys_clk_pin
  Path Type:              Hold (Min at Fast Process Corner)
  Requirement:            0.000ns  (sys_clk_pin rise@0.000ns - sys_clk_pin rise@0.000ns)
  Data Path Delay:        0.487ns  (logic 0.366ns (75.154%)  route 0.121ns (24.846%))
  Logic Levels:           2  (CARRY4=2)
  Clock Path Skew:        0.267ns (DCD - SCD - CPR)
    Destination Clock Delay (DCD):    1.957ns
    Source Clock Delay      (SCD):    1.446ns
    Clock Pessimism Removal (CPR):    0.244ns

    Location             Delay type                Incr(ns)  Path(ns)    Netlist Resource(s)
  -------------------------------------------------------------------    -------------------
                         (clock sys_clk_pin rise edge)
                                                      0.000     0.000 r  
    W5                                                0.000     0.000 r  Clk (IN)
                         net (fo=0)                   0.000     0.000    Clk
    W5                   IBUF (Prop_ibuf_I_O)         0.226     0.226 r  Clk_IBUF_inst/O
                         net (fo=1, routed)           0.631     0.858    Clk_IBUF
    BUFGCTRL_X0Y0        BUFG (Prop_bufg_I_O)         0.026     0.884 r  Clk_IBUF_BUFG_inst/O
                         net (fo=55, routed)          0.563     1.446    BAUDGEN/CLK
    SLICE_X35Y49         FDCE                                         r  BAUDGEN/baudRateReg_reg[11]/C
  -------------------------------------------------------------------    -------------------
    SLICE_X35Y49         FDCE (Prop_fdce_C_Q)         0.141     1.587 r  BAUDGEN/baudRateReg_reg[11]/Q
                         net (fo=2, routed)           0.120     1.707    BAUDGEN/baudRateReg_reg[11]
    SLICE_X35Y49         CARRY4 (Prop_carry4_S[3]_CO[3])
                                                      0.160     1.867 r  BAUDGEN/baudRateReg_reg[8]_i_1/CO[3]
                         net (fo=1, routed)           0.001     1.868    BAUDGEN/baudRateReg_reg[8]_i_1_n_0
    SLICE_X35Y50         CARRY4 (Prop_carry4_CI_O[2])
                                                      0.065     1.933 r  BAUDGEN/baudRateReg_reg[12]_i_1/O[2]
                         net (fo=1, routed)           0.000     1.933    BAUDGEN/baudRateReg_reg[12]_i_1_n_5
    SLICE_X35Y50         FDCE                                         r  BAUDGEN/baudRateReg_reg[14]/D
  -------------------------------------------------------------------    -------------------

                         (clock sys_clk_pin rise edge)
                                                      0.000     0.000 r  
    W5                                                0.000     0.000 r  Clk (IN)
                         net (fo=0)                   0.000     0.000    Clk
    W5                   IBUF (Prop_ibuf_I_O)         0.414     0.414 r  Clk_IBUF_inst/O
                         net (fo=1, routed)           0.685     1.099    Clk_IBUF
    BUFGCTRL_X0Y0        BUFG (Prop_bufg_I_O)         0.029     1.128 r  Clk_IBUF_BUFG_inst/O
                         net (fo=55, routed)          0.829     1.957    BAUDGEN/CLK
    SLICE_X35Y50         FDCE                                         r  BAUDGEN/baudRateReg_reg[14]/C
                         clock pessimism             -0.244     1.713    
    SLICE_X35Y50         FDCE (Hold_fdce_C_D)         0.105     1.818    BAUDGEN/baudRateReg_reg[14]
  -------------------------------------------------------------------
                         required time                         -1.818    
                         arrival time                           1.933    
  -------------------------------------------------------------------
                         slack                                  0.115    

Slack (MET) :             0.140ns  (arrival time - required time)
  Source:                 BAUDGEN/baudRateReg_reg[11]/C
                            (rising edge-triggered cell FDCE clocked by sys_clk_pin  {rise@0.000ns fall@5.000ns period=10.000ns})
  Destination:            BAUDGEN/baudRateReg_reg[13]/D
                            (rising edge-triggered cell FDCE clocked by sys_clk_pin  {rise@0.000ns fall@5.000ns period=10.000ns})
  Path Group:             sys_clk_pin
  Path Type:              Hold (Min at Fast Process Corner)
  Requirement:            0.000ns  (sys_clk_pin rise@0.000ns - sys_clk_pin rise@0.000ns)
  Data Path Delay:        0.512ns  (logic 0.391ns (76.367%)  route 0.121ns (23.633%))
  Logic Levels:           2  (CARRY4=2)
  Clock Path Skew:        0.267ns (DCD - SCD - CPR)
    Destination Clock Delay (DCD):    1.957ns
    Source Clock Delay      (SCD):    1.446ns
    Clock Pessimism Removal (CPR):    0.244ns

    Location             Delay type                Incr(ns)  Path(ns)    Netlist Resource(s)
  -------------------------------------------------------------------    -------------------
                         (clock sys_clk_pin rise edge)
                                                      0.000     0.000 r  
    W5                                                0.000     0.000 r  Clk (IN)
                         net (fo=0)                   0.000     0.000    Clk
    W5                   IBUF (Prop_ibuf_I_O)         0.226     0.226 r  Clk_IBUF_inst/O
                         net (fo=1, routed)           0.631     0.858    Clk_IBUF
    BUFGCTRL_X0Y0        BUFG (Prop_bufg_I_O)         0.026     0.884 r  Clk_IBUF_BUFG_inst/O
                         net (fo=55, routed)          0.563     1.446    BAUDGEN/CLK
    SLICE_X35Y49         FDCE                                         r  BAUDGEN/baudRateReg_reg[11]/C
  -------------------------------------------------------------------    -------------------
    SLICE_X35Y49         FDCE (Prop_fdce_C_Q)         0.141     1.587 r  BAUDGEN/baudRateReg_reg[11]/Q
                         net (fo=2, routed)           0.120     1.707    BAUDGEN/baudRateReg_reg[11]
    SLICE_X35Y49         CARRY4 (Prop_carry4_S[3]_CO[3])
                                                      0.160     1.867 r  BAUDGEN/baudRateReg_reg[8]_i_1/CO[3]
                         net (fo=1, routed)           0.001     1.868    BAUDGEN/baudRateReg_reg[8]_i_1_n_0
    SLICE_X35Y50         CARRY4 (Prop_carry4_CI_O[1])
                                                      0.090     1.958 r  BAUDGEN/baudRateReg_reg[12]_i_1/O[1]
                         net (fo=1, routed)           0.000     1.958    BAUDGEN/baudRateReg_reg[12]_i_1_n_6
    SLICE_X35Y50         FDCE                                         r  BAUDGEN/baudRateReg_reg[13]/D
  -------------------------------------------------------------------    -------------------

                         (clock sys_clk_pin rise edge)
                                                      0.000     0.000 r  
    W5                                                0.000     0.000 r  Clk (IN)
                         net (fo=0)                   0.000     0.000    Clk
    W5                   IBUF (Prop_ibuf_I_O)         0.414     0.414 r  Clk_IBUF_inst/O
                         net (fo=1, routed)           0.685     1.099    Clk_IBUF
    BUFGCTRL_X0Y0        BUFG (Prop_bufg_I_O)         0.029     1.128 r  Clk_IBUF_BUFG_inst/O
                         net (fo=55, routed)          0.829     1.957    BAUDGEN/CLK
    SLICE_X35Y50         FDCE                                         r  BAUDGEN/baudRateReg_reg[13]/C
                         clock pessimism             -0.244     1.713    
    SLICE_X35Y50         FDCE (Hold_fdce_C_D)         0.105     1.818    BAUDGEN/baudRateReg_reg[13]
  -------------------------------------------------------------------
                         required time                         -1.818    
                         arrival time                           1.958    
  -------------------------------------------------------------------
                         slack                                  0.140    

Slack (MET) :             0.140ns  (arrival time - required time)
  Source:                 BAUDGEN/baudRateReg_reg[11]/C
                            (rising edge-triggered cell FDCE clocked by sys_clk_pin  {rise@0.000ns fall@5.000ns period=10.000ns})
  Destination:            BAUDGEN/baudRateReg_reg[15]/D
                            (rising edge-triggered cell FDCE clocked by sys_clk_pin  {rise@0.000ns fall@5.000ns period=10.000ns})
  Path Group:             sys_clk_pin
  Path Type:              Hold (Min at Fast Process Corner)
  Requirement:            0.000ns  (sys_clk_pin rise@0.000ns - sys_clk_pin rise@0.000ns)
  Data Path Delay:        0.512ns  (logic 0.391ns (76.367%)  route 0.121ns (23.633%))
  Logic Levels:           2  (CARRY4=2)
  Clock Path Skew:        0.267ns (DCD - SCD - CPR)
    Destination Clock Delay (DCD):    1.957ns
    Source Clock Delay      (SCD):    1.446ns
    Clock Pessimism Removal (CPR):    0.244ns

    Location             Delay type                Incr(ns)  Path(ns)    Netlist Resource(s)
  -------------------------------------------------------------------    -------------------
                         (clock sys_clk_pin rise edge)
                                                      0.000     0.000 r  
    W5                                                0.000     0.000 r  Clk (IN)
                         net (fo=0)                   0.000     0.000    Clk
    W5                   IBUF (Prop_ibuf_I_O)         0.226     0.226 r  Clk_IBUF_inst/O
                         net (fo=1, routed)           0.631     0.858    Clk_IBUF
    BUFGCTRL_X0Y0        BUFG (Prop_bufg_I_O)         0.026     0.884 r  Clk_IBUF_BUFG_inst/O
                         net (fo=55, routed)          0.563     1.446    BAUDGEN/CLK
    SLICE_X35Y49         FDCE                                         r  BAUDGEN/baudRateReg_reg[11]/C
  -------------------------------------------------------------------    -------------------
    SLICE_X35Y49         FDCE (Prop_fdce_C_Q)         0.141     1.587 r  BAUDGEN/baudRateReg_reg[11]/Q
                         net (fo=2, routed)           0.120     1.707    BAUDGEN/baudRateReg_reg[11]
    SLICE_X35Y49         CARRY4 (Prop_carry4_S[3]_CO[3])
                                                      0.160     1.867 r  BAUDGEN/baudRateReg_reg[8]_i_1/CO[3]
                         net (fo=1, routed)           0.001     1.868    BAUDGEN/baudRateReg_reg[8]_i_1_n_0
    SLICE_X35Y50         CARRY4 (Prop_carry4_CI_O[3])
                                                      0.090     1.958 r  BAUDGEN/baudRateReg_reg[12]_i_1/O[3]
                         net (fo=1, routed)           0.000     1.958    BAUDGEN/baudRateReg_reg[12]_i_1_n_4
    SLICE_X35Y50         FDCE                                         r  BAUDGEN/baudRateReg_reg[15]/D
  -------------------------------------------------------------------    -------------------

                         (clock sys_clk_pin rise edge)
                                                      0.000     0.000 r  
    W5                                                0.000     0.000 r  Clk (IN)
                         net (fo=0)                   0.000     0.000    Clk
    W5                   IBUF (Prop_ibuf_I_O)         0.414     0.414 r  Clk_IBUF_inst/O
                         net (fo=1, routed)           0.685     1.099    Clk_IBUF
    BUFGCTRL_X0Y0        BUFG (Prop_bufg_I_O)         0.029     1.128 r  Clk_IBUF_BUFG_inst/O
                         net (fo=55, routed)          0.829     1.957    BAUDGEN/CLK
    SLICE_X35Y50         FDCE                                         r  BAUDGEN/baudRateReg_reg[15]/C
                         clock pessimism             -0.244     1.713    
    SLICE_X35Y50         FDCE (Hold_fdce_C_D)         0.105     1.818    BAUDGEN/baudRateReg_reg[15]
  -------------------------------------------------------------------
                         required time                         -1.818    
                         arrival time                           1.958    
  -------------------------------------------------------------------
                         slack                                  0.140    

Slack (MET) :             0.199ns  (arrival time - required time)
  Source:                 TX/R_edge_reg[0]/C
                            (rising edge-triggered cell FDCE clocked by sys_clk_pin  {rise@0.000ns fall@5.000ns period=10.000ns})
  Destination:            TX/State_reg/D
                            (rising edge-triggered cell FDCE clocked by sys_clk_pin  {rise@0.000ns fall@5.000ns period=10.000ns})
  Path Group:             sys_clk_pin
  Path Type:              Hold (Min at Fast Process Corner)
  Requirement:            0.000ns  (sys_clk_pin rise@0.000ns - sys_clk_pin rise@0.000ns)
  Data Path Delay:        0.319ns  (logic 0.246ns (77.056%)  route 0.073ns (22.944%))
  Logic Levels:           1  (LUT4=1)
  Clock Path Skew:        0.000ns (DCD - SCD - CPR)
    Destination Clock Delay (DCD):    1.959ns
    Source Clock Delay      (SCD):    1.446ns
    Clock Pessimism Removal (CPR):    0.513ns

    Location             Delay type                Incr(ns)  Path(ns)    Netlist Resource(s)
  -------------------------------------------------------------------    -------------------
                         (clock sys_clk_pin rise edge)
                                                      0.000     0.000 r  
    W5                                                0.000     0.000 r  Clk (IN)
                         net (fo=0)                   0.000     0.000    Clk
    W5                   IBUF (Prop_ibuf_I_O)         0.226     0.226 r  Clk_IBUF_inst/O
                         net (fo=1, routed)           0.631     0.858    Clk_IBUF
    BUFGCTRL_X0Y0        BUFG (Prop_bufg_I_O)         0.026     0.884 r  Clk_IBUF_BUFG_inst/O
                         net (fo=55, routed)          0.563     1.446    TX/CLK
    SLICE_X30Y46         FDCE                                         r  TX/R_edge_reg[0]/C
  -------------------------------------------------------------------    -------------------
    SLICE_X30Y46         FDCE (Prop_fdce_C_Q)         0.148     1.594 r  TX/R_edge_reg[0]/Q
                         net (fo=2, routed)           0.073     1.667    TX/R_edge[0]
    SLICE_X30Y46         LUT4 (Prop_lut4_I0_O)        0.098     1.765 r  TX/State_i_1/O
                         net (fo=1, routed)           0.000     1.765    TX/Next
    SLICE_X30Y46         FDCE                                         r  TX/State_reg/D
  -------------------------------------------------------------------    -------------------

                         (clock sys_clk_pin rise edge)
                                                      0.000     0.000 r  
    W5                                                0.000     0.000 r  Clk (IN)
                         net (fo=0)                   0.000     0.000    Clk
    W5                   IBUF (Prop_ibuf_I_O)         0.414     0.414 r  Clk_IBUF_inst/O
                         net (fo=1, routed)           0.685     1.099    Clk_IBUF
    BUFGCTRL_X0Y0        BUFG (Prop_bufg_I_O)         0.029     1.128 r  Clk_IBUF_BUFG_inst/O
                         net (fo=55, routed)          0.832     1.959    TX/CLK
    SLICE_X30Y46         FDCE                                         r  TX/State_reg/C
                         clock pessimism             -0.513     1.446    
    SLICE_X30Y46         FDCE (Hold_fdce_C_D)         0.120     1.566    TX/State_reg
  -------------------------------------------------------------------
                         required time                         -1.566    
                         arrival time                           1.765    
  -------------------------------------------------------------------
                         slack                                  0.199    

Slack (MET) :             0.239ns  (arrival time - required time)
  Source:                 BAUDGEN/baudRateReg_reg[0]/C
                            (rising edge-triggered cell FDPE clocked by sys_clk_pin  {rise@0.000ns fall@5.000ns period=10.000ns})
  Destination:            BAUDGEN/baudRateReg_reg[1]/D
                            (rising edge-triggered cell FDCE clocked by sys_clk_pin  {rise@0.000ns fall@5.000ns period=10.000ns})
  Path Group:             sys_clk_pin
  Path Type:              Hold (Min at Fast Process Corner)
  Requirement:            0.000ns  (sys_clk_pin rise@0.000ns - sys_clk_pin rise@0.000ns)
  Data Path Delay:        0.344ns  (logic 0.265ns (77.004%)  route 0.079ns (22.996%))
  Logic Levels:           1  (CARRY4=1)
  Clock Path Skew:        0.000ns (DCD - SCD - CPR)
    Destination Clock Delay (DCD):    1.959ns
    Source Clock Delay      (SCD):    1.446ns
    Clock Pessimism Removal (CPR):    0.513ns

    Location             Delay type                Incr(ns)  Path(ns)    Netlist Resource(s)
  -------------------------------------------------------------------    -------------------
                         (clock sys_clk_pin rise edge)
                                                      0.000     0.000 r  
    W5                                                0.000     0.000 r  Clk (IN)
                         net (fo=0)                   0.000     0.000    Clk
    W5                   IBUF (Prop_ibuf_I_O)         0.226     0.226 r  Clk_IBUF_inst/O
                         net (fo=1, routed)           0.631     0.858    Clk_IBUF
    BUFGCTRL_X0Y0        BUFG (Prop_bufg_I_O)         0.026     0.884 r  Clk_IBUF_BUFG_inst/O
                         net (fo=55, routed)          0.563     1.446    BAUDGEN/CLK
    SLICE_X35Y47         FDPE                                         r  BAUDGEN/baudRateReg_reg[0]/C
  -------------------------------------------------------------------    -------------------
    SLICE_X35Y47         FDPE (Prop_fdpe_C_Q)         0.141     1.587 r  BAUDGEN/baudRateReg_reg[0]/Q
                         net (fo=3, routed)           0.079     1.666    BAUDGEN/baudRateReg_reg[0]
    SLICE_X35Y47         CARRY4 (Prop_carry4_DI[0]_O[1])
                                                      0.124     1.790 r  BAUDGEN/baudRateReg_reg[0]_i_1/O[1]
                         net (fo=1, routed)           0.000     1.790    BAUDGEN/baudRateReg_reg[0]_i_1_n_6
    SLICE_X35Y47         FDCE                                         r  BAUDGEN/baudRateReg_reg[1]/D
  -------------------------------------------------------------------    -------------------

                         (clock sys_clk_pin rise edge)
                                                      0.000     0.000 r  
    W5                                                0.000     0.000 r  Clk (IN)
                         net (fo=0)                   0.000     0.000    Clk
    W5                   IBUF (Prop_ibuf_I_O)         0.414     0.414 r  Clk_IBUF_inst/O
                         net (fo=1, routed)           0.685     1.099    Clk_IBUF
    BUFGCTRL_X0Y0        BUFG (Prop_bufg_I_O)         0.029     1.128 r  Clk_IBUF_BUFG_inst/O
                         net (fo=55, routed)          0.832     1.959    BAUDGEN/CLK
    SLICE_X35Y47         FDCE                                         r  BAUDGEN/baudRateReg_reg[1]/C
                         clock pessimism             -0.513     1.446    
    SLICE_X35Y47         FDCE (Hold_fdce_C_D)         0.105     1.551    BAUDGEN/baudRateReg_reg[1]
  -------------------------------------------------------------------
                         required time                         -1.551    
                         arrival time                           1.790    
  -------------------------------------------------------------------
                         slack                                  0.239    

Slack (MET) :             0.264ns  (arrival time - required time)
  Source:                 BAUDGEN/baudRateReg_reg[11]/C
                            (rising edge-triggered cell FDCE clocked by sys_clk_pin  {rise@0.000ns fall@5.000ns period=10.000ns})
  Destination:            BAUDGEN/baudRateReg_reg[11]/D
                            (rising edge-triggered cell FDCE clocked by sys_clk_pin  {rise@0.000ns fall@5.000ns period=10.000ns})
  Path Group:             sys_clk_pin
  Path Type:              Hold (Min at Fast Process Corner)
  Requirement:            0.000ns  (sys_clk_pin rise@0.000ns - sys_clk_pin rise@0.000ns)
  Data Path Delay:        0.369ns  (logic 0.249ns (67.424%)  route 0.120ns (32.576%))
  Logic Levels:           1  (CARRY4=1)
  Clock Path Skew:        0.000ns (DCD - SCD - CPR)
    Destination Clock Delay (DCD):    1.959ns
    Source Clock Delay      (SCD):    1.446ns
    Clock Pessimism Removal (CPR):    0.513ns

    Location             Delay type                Incr(ns)  Path(ns)    Netlist Resource(s)
  -------------------------------------------------------------------    -------------------
                         (clock sys_clk_pin rise edge)
                                                      0.000     0.000 r  
    W5                                                0.000     0.000 r  Clk (IN)
                         net (fo=0)                   0.000     0.000    Clk
    W5                   IBUF (Prop_ibuf_I_O)         0.226     0.226 r  Clk_IBUF_inst/O
                         net (fo=1, routed)           0.631     0.858    Clk_IBUF
    BUFGCTRL_X0Y0        BUFG (Prop_bufg_I_O)         0.026     0.884 r  Clk_IBUF_BUFG_inst/O
                         net (fo=55, routed)          0.563     1.446    BAUDGEN/CLK
    SLICE_X35Y49         FDCE                                         r  BAUDGEN/baudRateReg_reg[11]/C
  -------------------------------------------------------------------    -------------------
    SLICE_X35Y49         FDCE (Prop_fdce_C_Q)         0.141     1.587 r  BAUDGEN/baudRateReg_reg[11]/Q
                         net (fo=2, routed)           0.120     1.707    BAUDGEN/baudRateReg_reg[11]
    SLICE_X35Y49         CARRY4 (Prop_carry4_S[3]_O[3])
                                                      0.108     1.815 r  BAUDGEN/baudRateReg_reg[8]_i_1/O[3]
                         net (fo=1, routed)           0.000     1.815    BAUDGEN/baudRateReg_reg[8]_i_1_n_4
    SLICE_X35Y49         FDCE                                         r  BAUDGEN/baudRateReg_reg[11]/D
  -------------------------------------------------------------------    -------------------

                         (clock sys_clk_pin rise edge)
                                                      0.000     0.000 r  
    W5                                                0.000     0.000 r  Clk (IN)
                         net (fo=0)                   0.000     0.000    Clk
    W5                   IBUF (Prop_ibuf_I_O)         0.414     0.414 r  Clk_IBUF_inst/O
                         net (fo=1, routed)           0.685     1.099    Clk_IBUF
    BUFGCTRL_X0Y0        BUFG (Prop_bufg_I_O)         0.029     1.128 r  Clk_IBUF_BUFG_inst/O
                         net (fo=55, routed)          0.832     1.959    BAUDGEN/CLK
    SLICE_X35Y49         FDCE                                         r  BAUDGEN/baudRateReg_reg[11]/C
                         clock pessimism             -0.513     1.446    
    SLICE_X35Y49         FDCE (Hold_fdce_C_D)         0.105     1.551    BAUDGEN/baudRateReg_reg[11]
  -------------------------------------------------------------------
                         required time                         -1.551    
                         arrival time                           1.815    
  -------------------------------------------------------------------
                         slack                                  0.264    

Slack (MET) :             0.266ns  (arrival time - required time)
  Source:                 BAUDGEN/baudRateReg_reg[8]/C
                            (rising edge-triggered cell FDCE clocked by sys_clk_pin  {rise@0.000ns fall@5.000ns period=10.000ns})
  Destination:            BAUDGEN/baudRateReg_reg[8]/D
                            (rising edge-triggered cell FDCE clocked by sys_clk_pin  {rise@0.000ns fall@5.000ns period=10.000ns})
  Path Group:             sys_clk_pin
  Path Type:              Hold (Min at Fast Process Corner)
  Requirement:            0.000ns  (sys_clk_pin rise@0.000ns - sys_clk_pin rise@0.000ns)
  Data Path Delay:        0.371ns  (logic 0.256ns (68.984%)  route 0.115ns (31.016%))
  Logic Levels:           1  (CARRY4=1)
  Clock Path Skew:        0.000ns (DCD - SCD - CPR)
    Destination Clock Delay (DCD):    1.959ns
    Source Clock Delay      (SCD):    1.446ns
    Clock Pessimism Removal (CPR):    0.513ns

    Location             Delay type                Incr(ns)  Path(ns)    Netlist Resource(s)
  -------------------------------------------------------------------    -------------------
                         (clock sys_clk_pin rise edge)
                                                      0.000     0.000 r  
    W5                                                0.000     0.000 r  Clk (IN)
                         net (fo=0)                   0.000     0.000    Clk
    W5                   IBUF (Prop_ibuf_I_O)         0.226     0.226 r  Clk_IBUF_inst/O
                         net (fo=1, routed)           0.631     0.858    Clk_IBUF
    BUFGCTRL_X0Y0        BUFG (Prop_bufg_I_O)         0.026     0.884 r  Clk_IBUF_BUFG_inst/O
                         net (fo=55, routed)          0.563     1.446    BAUDGEN/CLK
    SLICE_X35Y49         FDCE                                         r  BAUDGEN/baudRateReg_reg[8]/C
  -------------------------------------------------------------------    -------------------
    SLICE_X35Y49         FDCE (Prop_fdce_C_Q)         0.141     1.587 r  BAUDGEN/baudRateReg_reg[8]/Q
                         net (fo=2, routed)           0.115     1.702    BAUDGEN/baudRateReg_reg[8]
    SLICE_X35Y49         CARRY4 (Prop_carry4_S[0]_O[0])
                                                      0.115     1.817 r  BAUDGEN/baudRateReg_reg[8]_i_1/O[0]
                         net (fo=1, routed)           0.000     1.817    BAUDGEN/baudRateReg_reg[8]_i_1_n_7
    SLICE_X35Y49         FDCE                                         r  BAUDGEN/baudRateReg_reg[8]/D
  -------------------------------------------------------------------    -------------------

                         (clock sys_clk_pin rise edge)
                                                      0.000     0.000 r  
    W5                                                0.000     0.000 r  Clk (IN)
                         net (fo=0)                   0.000     0.000    Clk
    W5                   IBUF (Prop_ibuf_I_O)         0.414     0.414 r  Clk_IBUF_inst/O
                         net (fo=1, routed)           0.685     1.099    Clk_IBUF
    BUFGCTRL_X0Y0        BUFG (Prop_bufg_I_O)         0.029     1.128 r  Clk_IBUF_BUFG_inst/O
                         net (fo=55, routed)          0.832     1.959    BAUDGEN/CLK
    SLICE_X35Y49         FDCE                                         r  BAUDGEN/baudRateReg_reg[8]/C
                         clock pessimism             -0.513     1.446    
    SLICE_X35Y49         FDCE (Hold_fdce_C_D)         0.105     1.551    BAUDGEN/baudRateReg_reg[8]
  -------------------------------------------------------------------
                         required time                         -1.551    
                         arrival time                           1.817    
  -------------------------------------------------------------------
                         slack                                  0.266    

Slack (MET) :             0.268ns  (arrival time - required time)
  Source:                 BAUDGEN/baudRateReg_reg[4]/C
                            (rising edge-triggered cell FDCE clocked by sys_clk_pin  {rise@0.000ns fall@5.000ns period=10.000ns})
  Destination:            BAUDGEN/baudRateReg_reg[4]/D
                            (rising edge-triggered cell FDCE clocked by sys_clk_pin  {rise@0.000ns fall@5.000ns period=10.000ns})
  Path Group:             sys_clk_pin
  Path Type:              Hold (Min at Fast Process Corner)
  Requirement:            0.000ns  (sys_clk_pin rise@0.000ns - sys_clk_pin rise@0.000ns)
  Data Path Delay:        0.373ns  (logic 0.256ns (68.565%)  route 0.117ns (31.435%))
  Logic Levels:           1  (CARRY4=1)
  Clock Path Skew:        0.000ns (DCD - SCD - CPR)
    Destination Clock Delay (DCD):    1.959ns
    Source Clock Delay      (SCD):    1.446ns
    Clock Pessimism Removal (CPR):    0.513ns

    Location             Delay type                Incr(ns)  Path(ns)    Netlist Resource(s)
  -------------------------------------------------------------------    -------------------
                         (clock sys_clk_pin rise edge)
                                                      0.000     0.000 r  
    W5                                                0.000     0.000 r  Clk (IN)
                         net (fo=0)                   0.000     0.000    Clk
    W5                   IBUF (Prop_ibuf_I_O)         0.226     0.226 r  Clk_IBUF_inst/O
                         net (fo=1, routed)           0.631     0.858    Clk_IBUF
    BUFGCTRL_X0Y0        BUFG (Prop_bufg_I_O)         0.026     0.884 r  Clk_IBUF_BUFG_inst/O
                         net (fo=55, routed)          0.563     1.446    BAUDGEN/CLK
    SLICE_X35Y48         FDCE                                         r  BAUDGEN/baudRateReg_reg[4]/C
  -------------------------------------------------------------------    -------------------
    SLICE_X35Y48         FDCE (Prop_fdce_C_Q)         0.141     1.587 r  BAUDGEN/baudRateReg_reg[4]/Q
                         net (fo=2, routed)           0.117     1.704    BAUDGEN/baudRateReg_reg[4]
    SLICE_X35Y48         CARRY4 (Prop_carry4_S[0]_O[0])
                                                      0.115     1.819 r  BAUDGEN/baudRateReg_reg[4]_i_1/O[0]
                         net (fo=1, routed)           0.000     1.819    BAUDGEN/baudRateReg_reg[4]_i_1_n_7
    SLICE_X35Y48         FDCE                                         r  BAUDGEN/baudRateReg_reg[4]/D
  -------------------------------------------------------------------    -------------------

                         (clock sys_clk_pin rise edge)
                                                      0.000     0.000 r  
    W5                                                0.000     0.000 r  Clk (IN)
                         net (fo=0)                   0.000     0.000    Clk
    W5                   IBUF (Prop_ibuf_I_O)         0.414     0.414 r  Clk_IBUF_inst/O
                         net (fo=1, routed)           0.685     1.099    Clk_IBUF
    BUFGCTRL_X0Y0        BUFG (Prop_bufg_I_O)         0.029     1.128 r  Clk_IBUF_BUFG_inst/O
                         net (fo=55, routed)          0.832     1.959    BAUDGEN/CLK
    SLICE_X35Y48         FDCE                                         r  BAUDGEN/baudRateReg_reg[4]/C
                         clock pessimism             -0.513     1.446    
    SLICE_X35Y48         FDCE (Hold_fdce_C_D)         0.105     1.551    BAUDGEN/baudRateReg_reg[4]
  -------------------------------------------------------------------
                         required time                         -1.551    
                         arrival time                           1.819    
  -------------------------------------------------------------------
                         slack                                  0.268    

Slack (MET) :             0.269ns  (arrival time - required time)
  Source:                 BAUDGEN/baudRateReg_reg[10]/C
                            (rising edge-triggered cell FDCE clocked by sys_clk_pin  {rise@0.000ns fall@5.000ns period=10.000ns})
  Destination:            BAUDGEN/baudRateReg_reg[10]/D
                            (rising edge-triggered cell FDCE clocked by sys_clk_pin  {rise@0.000ns fall@5.000ns period=10.000ns})
  Path Group:             sys_clk_pin
  Path Type:              Hold (Min at Fast Process Corner)
  Requirement:            0.000ns  (sys_clk_pin rise@0.000ns - sys_clk_pin rise@0.000ns)
  Data Path Delay:        0.374ns  (logic 0.252ns (67.467%)  route 0.122ns (32.533%))
  Logic Levels:           1  (CARRY4=1)
  Clock Path Skew:        0.000ns (DCD - SCD - CPR)
    Destination Clock Delay (DCD):    1.959ns
    Source Clock Delay      (SCD):    1.446ns
    Clock Pessimism Removal (CPR):    0.513ns

    Location             Delay type                Incr(ns)  Path(ns)    Netlist Resource(s)
  -------------------------------------------------------------------    -------------------
                         (clock sys_clk_pin rise edge)
                                                      0.000     0.000 r  
    W5                                                0.000     0.000 r  Clk (IN)
                         net (fo=0)                   0.000     0.000    Clk
    W5                   IBUF (Prop_ibuf_I_O)         0.226     0.226 r  Clk_IBUF_inst/O
                         net (fo=1, routed)           0.631     0.858    Clk_IBUF
    BUFGCTRL_X0Y0        BUFG (Prop_bufg_I_O)         0.026     0.884 r  Clk_IBUF_BUFG_inst/O
                         net (fo=55, routed)          0.563     1.446    BAUDGEN/CLK
    SLICE_X35Y49         FDCE                                         r  BAUDGEN/baudRateReg_reg[10]/C
  -------------------------------------------------------------------    -------------------
    SLICE_X35Y49         FDCE (Prop_fdce_C_Q)         0.141     1.587 r  BAUDGEN/baudRateReg_reg[10]/Q
                         net (fo=2, routed)           0.122     1.709    BAUDGEN/baudRateReg_reg[10]
    SLICE_X35Y49         CARRY4 (Prop_carry4_S[2]_O[2])
                                                      0.111     1.820 r  BAUDGEN/baudRateReg_reg[8]_i_1/O[2]
                         net (fo=1, routed)           0.000     1.820    BAUDGEN/baudRateReg_reg[8]_i_1_n_5
    SLICE_X35Y49         FDCE                                         r  BAUDGEN/baudRateReg_reg[10]/D
  -------------------------------------------------------------------    -------------------

                         (clock sys_clk_pin rise edge)
                                                      0.000     0.000 r  
    W5                                                0.000     0.000 r  Clk (IN)
                         net (fo=0)                   0.000     0.000    Clk
    W5                   IBUF (Prop_ibuf_I_O)         0.414     0.414 r  Clk_IBUF_inst/O
                         net (fo=1, routed)           0.685     1.099    Clk_IBUF
    BUFGCTRL_X0Y0        BUFG (Prop_bufg_I_O)         0.029     1.128 r  Clk_IBUF_BUFG_inst/O
                         net (fo=55, routed)          0.832     1.959    BAUDGEN/CLK
    SLICE_X35Y49         FDCE                                         r  BAUDGEN/baudRateReg_reg[10]/C
                         clock pessimism             -0.513     1.446    
    SLICE_X35Y49         FDCE (Hold_fdce_C_D)         0.105     1.551    BAUDGEN/baudRateReg_reg[10]
  -------------------------------------------------------------------
                         required time                         -1.551    
                         arrival time                           1.820    
  -------------------------------------------------------------------
                         slack                                  0.269    





Pulse Width Checks
--------------------------------------------------------------------------------------
Clock Name:         sys_clk_pin
Waveform(ns):       { 0.000 5.000 }
Period(ns):         10.000
Sources:            { Clk }

Check Type        Corner  Lib Pin  Reference Pin  Required(ns)  Actual(ns)  Slack(ns)  Location       Pin
Min Period        n/a     BUFG/I   n/a            2.155         10.000      7.845      BUFGCTRL_X0Y0  Clk_IBUF_BUFG_inst/I
Min Period        n/a     FDPE/C   n/a            1.000         10.000      9.000      SLICE_X35Y47   BAUDGEN/baudRateReg_reg[0]/C
Min Period        n/a     FDCE/C   n/a            1.000         10.000      9.000      SLICE_X35Y49   BAUDGEN/baudRateReg_reg[10]/C
Min Period        n/a     FDCE/C   n/a            1.000         10.000      9.000      SLICE_X35Y49   BAUDGEN/baudRateReg_reg[11]/C
Min Period        n/a     FDCE/C   n/a            1.000         10.000      9.000      SLICE_X35Y50   BAUDGEN/baudRateReg_reg[12]/C
Min Period        n/a     FDCE/C   n/a            1.000         10.000      9.000      SLICE_X35Y50   BAUDGEN/baudRateReg_reg[13]/C
Min Period        n/a     FDCE/C   n/a            1.000         10.000      9.000      SLICE_X35Y50   BAUDGEN/baudRateReg_reg[14]/C
Min Period        n/a     FDCE/C   n/a            1.000         10.000      9.000      SLICE_X35Y50   BAUDGEN/baudRateReg_reg[15]/C
Min Period        n/a     FDCE/C   n/a            1.000         10.000      9.000      SLICE_X35Y47   BAUDGEN/baudRateReg_reg[1]/C
Min Period        n/a     FDCE/C   n/a            1.000         10.000      9.000      SLICE_X35Y47   BAUDGEN/baudRateReg_reg[2]/C
Low Pulse Width   Slow    FDPE/C   n/a            0.500         5.000       4.500      SLICE_X35Y47   BAUDGEN/baudRateReg_reg[0]/C
Low Pulse Width   Fast    FDPE/C   n/a            0.500         5.000       4.500      SLICE_X35Y47   BAUDGEN/baudRateReg_reg[0]/C
Low Pulse Width   Slow    FDCE/C   n/a            0.500         5.000       4.500      SLICE_X35Y49   BAUDGEN/baudRateReg_reg[10]/C
Low Pulse Width   Fast    FDCE/C   n/a            0.500         5.000       4.500      SLICE_X35Y49   BAUDGEN/baudRateReg_reg[10]/C
Low Pulse Width   Slow    FDCE/C   n/a            0.500         5.000       4.500      SLICE_X35Y49   BAUDGEN/baudRateReg_reg[11]/C
Low Pulse Width   Fast    FDCE/C   n/a            0.500         5.000       4.500      SLICE_X35Y49   BAUDGEN/baudRateReg_reg[11]/C
Low Pulse Width   Slow    FDCE/C   n/a            0.500         5.000       4.500      SLICE_X35Y50   BAUDGEN/baudRateReg_reg[12]/C
Low Pulse Width   Fast    FDCE/C   n/a            0.500         5.000       4.500      SLICE_X35Y50   BAUDGEN/baudRateReg_reg[12]/C
Low Pulse Width   Slow    FDCE/C   n/a            0.500         5.000       4.500      SLICE_X35Y50   BAUDGEN/baudRateReg_reg[13]/C
Low Pulse Width   Fast    FDCE/C   n/a            0.500         5.000       4.500      SLICE_X35Y50   BAUDGEN/baudRateReg_reg[13]/C
High Pulse Width  Slow    FDPE/C   n/a            0.500         5.000       4.500      SLICE_X35Y47   BAUDGEN/baudRateReg_reg[0]/C
High Pulse Width  Fast    FDPE/C   n/a            0.500         5.000       4.500      SLICE_X35Y47   BAUDGEN/baudRateReg_reg[0]/C
High Pulse Width  Slow    FDCE/C   n/a            0.500         5.000       4.500      SLICE_X35Y49   BAUDGEN/baudRateReg_reg[10]/C
High Pulse Width  Fast    FDCE/C   n/a            0.500         5.000       4.500      SLICE_X35Y49   BAUDGEN/baudRateReg_reg[10]/C
High Pulse Width  Slow    FDCE/C   n/a            0.500         5.000       4.500      SLICE_X35Y49   BAUDGEN/baudRateReg_reg[11]/C
High Pulse Width  Fast    FDCE/C   n/a            0.500         5.000       4.500      SLICE_X35Y49   BAUDGEN/baudRateReg_reg[11]/C
High Pulse Width  Slow    FDCE/C   n/a            0.500         5.000       4.500      SLICE_X35Y50   BAUDGEN/baudRateReg_reg[12]/C
High Pulse Width  Fast    FDCE/C   n/a            0.500         5.000       4.500      SLICE_X35Y50   BAUDGEN/baudRateReg_reg[12]/C
High Pulse Width  Slow    FDCE/C   n/a            0.500         5.000       4.500      SLICE_X35Y50   BAUDGEN/baudRateReg_reg[13]/C
High Pulse Width  Fast    FDCE/C   n/a            0.500         5.000       4.500      SLICE_X35Y50   BAUDGEN/baudRateReg_reg[13]/C



--------------------------------------------------------------------------------------
Path Group:  (none)
From Clock:  
  To Clock:  

Max Delay            78 Endpoints
Min Delay            78 Endpoints
--------------------------------------------------------------------------------------


Max Delay Paths
--------------------------------------------------------------------------------------
Slack:                    inf
  Source:                 Rst_n
                            (input port)
  Destination:            fnd[6]
                            (output port)
  Path Group:             (none)
  Path Type:              Max at Slow Process Corner
  Data Path Delay:        11.490ns  (logic 5.345ns (46.516%)  route 6.145ns (53.484%))
  Logic Levels:           3  (IBUF=1 LUT5=1 OBUF=1)

    Location             Delay type                Incr(ns)  Path(ns)    Netlist Resource(s)
  -------------------------------------------------------------------    -------------------
    R2                                                0.000     0.000 f  Rst_n (IN)
                         net (fo=0)                   0.000     0.000    Rst_n
    R2                   IBUF (Prop_ibuf_I_O)         1.456     1.456 f  Rst_n_IBUF_inst/O
                         net (fo=9, routed)           2.523     3.979    RX/Rst_n_IBUF
    SLICE_X35Y43         LUT5 (Prop_lut5_I4_O)        0.154     4.133 r  RX/fnd_OBUF[6]_inst_i_1/O
                         net (fo=1, routed)           3.623     7.755    fnd_OBUF[6]
    U7                   OBUF (Prop_obuf_I_O)         3.734    11.490 r  fnd_OBUF[6]_inst/O
                         net (fo=0)                   0.000    11.490    fnd[6]
    U7                                                                r  fnd[6] (OUT)
  -------------------------------------------------------------------    -------------------

Slack:                    inf
  Source:                 Rst_n
                            (input port)
  Destination:            fnd[4]
                            (output port)
  Path Group:             (none)
  Path Type:              Max at Slow Process Corner
  Data Path Delay:        11.106ns  (logic 5.100ns (45.921%)  route 6.006ns (54.079%))
  Logic Levels:           3  (IBUF=1 LUT4=1 OBUF=1)

    Location             Delay type                Incr(ns)  Path(ns)    Netlist Resource(s)
  -------------------------------------------------------------------    -------------------
    R2                                                0.000     0.000 f  Rst_n (IN)
                         net (fo=0)                   0.000     0.000    Rst_n
    R2                   IBUF (Prop_ibuf_I_O)         1.456     1.456 f  Rst_n_IBUF_inst/O
                         net (fo=9, routed)           2.528     3.984    RX/Rst_n_IBUF
    SLICE_X35Y43         LUT4 (Prop_lut4_I2_O)        0.124     4.108 r  RX/fnd_OBUF[4]_inst_i_1/O
                         net (fo=1, routed)           3.478     7.586    fnd_OBUF[4]
    U5                   OBUF (Prop_obuf_I_O)         3.520    11.106 r  fnd_OBUF[4]_inst/O
                         net (fo=0)                   0.000    11.106    fnd[4]
    U5                                                                r  fnd[4] (OUT)
  -------------------------------------------------------------------    -------------------

Slack:                    inf
  Source:                 Rst_n
                            (input port)
  Destination:            fnd[5]
                            (output port)
  Path Group:             (none)
  Path Type:              Max at Slow Process Corner
  Data Path Delay:        11.036ns  (logic 5.085ns (46.072%)  route 5.951ns (53.928%))
  Logic Levels:           3  (IBUF=1 LUT5=1 OBUF=1)

    Location             Delay type                Incr(ns)  Path(ns)    Netlist Resource(s)
  -------------------------------------------------------------------    -------------------
    R2                                                0.000     0.000 f  Rst_n (IN)
                         net (fo=0)                   0.000     0.000    Rst_n
    R2                   IBUF (Prop_ibuf_I_O)         1.456     1.456 f  Rst_n_IBUF_inst/O
                         net (fo=9, routed)           2.523     3.979    RX/Rst_n_IBUF
    SLICE_X35Y43         LUT5 (Prop_lut5_I4_O)        0.124     4.103 r  RX/fnd_OBUF[5]_inst_i_1/O
                         net (fo=1, routed)           3.429     7.532    fnd_OBUF[5]
    V5                   OBUF (Prop_obuf_I_O)         3.504    11.036 r  fnd_OBUF[5]_inst/O
                         net (fo=0)                   0.000    11.036    fnd[5]
    V5                                                                r  fnd[5] (OUT)
  -------------------------------------------------------------------    -------------------

Slack:                    inf
  Source:                 Rst_n
                            (input port)
  Destination:            fnd[0]
                            (output port)
  Path Group:             (none)
  Path Type:              Max at Slow Process Corner
  Data Path Delay:        10.783ns  (logic 5.294ns (49.095%)  route 5.489ns (50.905%))
  Logic Levels:           3  (IBUF=1 LUT5=1 OBUF=1)

    Location             Delay type                Incr(ns)  Path(ns)    Netlist Resource(s)
  -------------------------------------------------------------------    -------------------
    R2                                                0.000     0.000 f  Rst_n (IN)
                         net (fo=0)                   0.000     0.000    Rst_n
    R2                   IBUF (Prop_ibuf_I_O)         1.456     1.456 f  Rst_n_IBUF_inst/O
                         net (fo=9, routed)           2.122     3.578    RX/Rst_n_IBUF
    SLICE_X35Y43         LUT5 (Prop_lut5_I1_O)        0.119     3.697 r  RX/fnd_OBUF[0]_inst_i_1/O
                         net (fo=1, routed)           3.367     7.064    fnd_OBUF[0]
    W7                   OBUF (Prop_obuf_I_O)         3.719    10.783 r  fnd_OBUF[0]_inst/O
                         net (fo=0)                   0.000    10.783    fnd[0]
    W7                                                                r  fnd[0] (OUT)
  -------------------------------------------------------------------    -------------------

Slack:                    inf
  Source:                 Rst_n
                            (input port)
  Destination:            fnd[1]
                            (output port)
  Path Group:             (none)
  Path Type:              Max at Slow Process Corner
  Data Path Delay:        10.652ns  (logic 5.305ns (49.804%)  route 5.347ns (50.196%))
  Logic Levels:           3  (IBUF=1 LUT4=1 OBUF=1)

    Location             Delay type                Incr(ns)  Path(ns)    Netlist Resource(s)
  -------------------------------------------------------------------    -------------------
    R2                                                0.000     0.000 f  Rst_n (IN)
                         net (fo=0)                   0.000     0.000    Rst_n
    R2                   IBUF (Prop_ibuf_I_O)         1.456     1.456 f  Rst_n_IBUF_inst/O
                         net (fo=9, routed)           2.118     3.574    RX/Rst_n_IBUF
    SLICE_X35Y43         LUT4 (Prop_lut4_I0_O)        0.118     3.692 r  RX/fnd_OBUF[1]_inst_i_1/O
                         net (fo=1, routed)           3.229     6.921    fnd_OBUF[1]
    W6                   OBUF (Prop_obuf_I_O)         3.731    10.652 r  fnd_OBUF[1]_inst/O
                         net (fo=0)                   0.000    10.652    fnd[1]
    W6                                                                r  fnd[1] (OUT)
  -------------------------------------------------------------------    -------------------

Slack:                    inf
  Source:                 Rst_n
                            (input port)
  Destination:            fnd[2]
                            (output port)
  Path Group:             (none)
  Path Type:              Max at Slow Process Corner
  Data Path Delay:        10.606ns  (logic 5.115ns (48.232%)  route 5.490ns (51.768%))
  Logic Levels:           3  (IBUF=1 LUT4=1 OBUF=1)

    Location             Delay type                Incr(ns)  Path(ns)    Netlist Resource(s)
  -------------------------------------------------------------------    -------------------
    R2                                                0.000     0.000 f  Rst_n (IN)
                         net (fo=0)                   0.000     0.000    Rst_n
    R2                   IBUF (Prop_ibuf_I_O)         1.456     1.456 f  Rst_n_IBUF_inst/O
                         net (fo=9, routed)           2.118     3.574    RX/Rst_n_IBUF
    SLICE_X35Y43         LUT4 (Prop_lut4_I3_O)        0.124     3.698 r  RX/fnd_OBUF[2]_inst_i_1/O
                         net (fo=1, routed)           3.373     7.070    fnd_OBUF[2]
    U8                   OBUF (Prop_obuf_I_O)         3.535    10.606 r  fnd_OBUF[2]_inst/O
                         net (fo=0)                   0.000    10.606    fnd[2]
    U8                                                                r  fnd[2] (OUT)
  -------------------------------------------------------------------    -------------------

Slack:                    inf
  Source:                 Rst_n
                            (input port)
  Destination:            fnd[3]
                            (output port)
  Path Group:             (none)
  Path Type:              Max at Slow Process Corner
  Data Path Delay:        10.481ns  (logic 5.116ns (48.810%)  route 5.365ns (51.190%))
  Logic Levels:           3  (IBUF=1 LUT5=1 OBUF=1)

    Location             Delay type                Incr(ns)  Path(ns)    Netlist Resource(s)
  -------------------------------------------------------------------    -------------------
    R2                                                0.000     0.000 f  Rst_n (IN)
                         net (fo=0)                   0.000     0.000    Rst_n
    R2                   IBUF (Prop_ibuf_I_O)         1.456     1.456 f  Rst_n_IBUF_inst/O
                         net (fo=9, routed)           2.122     3.578    RX/Rst_n_IBUF
    SLICE_X35Y43         LUT5 (Prop_lut5_I4_O)        0.124     3.702 r  RX/fnd_OBUF[3]_inst_i_1/O
                         net (fo=1, routed)           3.243     6.945    fnd_OBUF[3]
    V8                   OBUF (Prop_obuf_I_O)         3.536    10.481 r  fnd_OBUF[3]_inst/O
                         net (fo=0)                   0.000    10.481    fnd[3]
    V8                                                                r  fnd[3] (OUT)
  -------------------------------------------------------------------    -------------------

Slack:                    inf
  Source:                 Rx
                            (input port)
  Destination:            RX/counter_reg[0]/R
  Path Group:             (none)
  Path Type:              Max at Slow Process Corner
  Data Path Delay:        9.063ns  (logic 1.837ns (20.270%)  route 7.226ns (79.730%))
  Logic Levels:           4  (IBUF=1 LUT5=1 LUT6=2)

    Location             Delay type                Incr(ns)  Path(ns)    Netlist Resource(s)
  -------------------------------------------------------------------    -------------------
    A14                                               0.000     0.000 r  Rx (IN)
                         net (fo=0)                   0.000     0.000    Rx
    A14                  IBUF (Prop_ibuf_I_O)         1.465     1.465 r  Rx_IBUF_inst/O
                         net (fo=3, routed)           5.271     6.737    RX/D[0]
    SLICE_X30Y44         LUT5 (Prop_lut5_I4_O)        0.124     6.861 f  RX/Bit[3]_i_3__0/O
                         net (fo=2, routed)           0.997     7.857    RX/Bit[3]_i_3__0_n_0
    SLICE_X30Y54         LUT6 (Prop_lut6_I0_O)        0.124     7.981 r  RX/Bit[3]_i_1__0/O
                         net (fo=6, routed)           0.186     8.167    RX/Bit[3]_i_1__0_n_0
    SLICE_X30Y54         LUT6 (Prop_lut6_I4_O)        0.124     8.291 r  RX/counter[3]_i_1__0/O
                         net (fo=4, routed)           0.772     9.063    RX/counter
    SLICE_X30Y57         FDRE                                         r  RX/counter_reg[0]/R
  -------------------------------------------------------------------    -------------------

Slack:                    inf
  Source:                 Rx
                            (input port)
  Destination:            RX/counter_reg[1]/R
  Path Group:             (none)
  Path Type:              Max at Slow Process Corner
  Data Path Delay:        9.063ns  (logic 1.837ns (20.270%)  route 7.226ns (79.730%))
  Logic Levels:           4  (IBUF=1 LUT5=1 LUT6=2)

    Location             Delay type                Incr(ns)  Path(ns)    Netlist Resource(s)
  -------------------------------------------------------------------    -------------------
    A14                                               0.000     0.000 r  Rx (IN)
                         net (fo=0)                   0.000     0.000    Rx
    A14                  IBUF (Prop_ibuf_I_O)         1.465     1.465 r  Rx_IBUF_inst/O
                         net (fo=3, routed)           5.271     6.737    RX/D[0]
    SLICE_X30Y44         LUT5 (Prop_lut5_I4_O)        0.124     6.861 f  RX/Bit[3]_i_3__0/O
                         net (fo=2, routed)           0.997     7.857    RX/Bit[3]_i_3__0_n_0
    SLICE_X30Y54         LUT6 (Prop_lut6_I0_O)        0.124     7.981 r  RX/Bit[3]_i_1__0/O
                         net (fo=6, routed)           0.186     8.167    RX/Bit[3]_i_1__0_n_0
    SLICE_X30Y54         LUT6 (Prop_lut6_I4_O)        0.124     8.291 r  RX/counter[3]_i_1__0/O
                         net (fo=4, routed)           0.772     9.063    RX/counter
    SLICE_X30Y57         FDRE                                         r  RX/counter_reg[1]/R
  -------------------------------------------------------------------    -------------------

Slack:                    inf
  Source:                 Rx
                            (input port)
  Destination:            RX/counter_reg[2]/R
  Path Group:             (none)
  Path Type:              Max at Slow Process Corner
  Data Path Delay:        8.921ns  (logic 1.837ns (20.592%)  route 7.084ns (79.408%))
  Logic Levels:           4  (IBUF=1 LUT5=1 LUT6=2)

    Location             Delay type                Incr(ns)  Path(ns)    Netlist Resource(s)
  -------------------------------------------------------------------    -------------------
    A14                                               0.000     0.000 r  Rx (IN)
                         net (fo=0)                   0.000     0.000    Rx
    A14                  IBUF (Prop_ibuf_I_O)         1.465     1.465 r  Rx_IBUF_inst/O
                         net (fo=3, routed)           5.271     6.737    RX/D[0]
    SLICE_X30Y44         LUT5 (Prop_lut5_I4_O)        0.124     6.861 f  RX/Bit[3]_i_3__0/O
                         net (fo=2, routed)           0.997     7.857    RX/Bit[3]_i_3__0_n_0
    SLICE_X30Y54         LUT6 (Prop_lut6_I0_O)        0.124     7.981 r  RX/Bit[3]_i_1__0/O
                         net (fo=6, routed)           0.186     8.167    RX/Bit[3]_i_1__0_n_0
    SLICE_X30Y54         LUT6 (Prop_lut6_I4_O)        0.124     8.291 r  RX/counter[3]_i_1__0/O
                         net (fo=4, routed)           0.630     8.921    RX/counter
    SLICE_X30Y56         FDRE                                         r  RX/counter_reg[2]/R
  -------------------------------------------------------------------    -------------------





Min Delay Paths
--------------------------------------------------------------------------------------
Slack:                    inf
  Source:                 RX/Read_data_reg[7]/C
                            (rising edge-triggered cell FDRE)
  Destination:            RX/Read_data_reg[6]/D
  Path Group:             (none)
  Path Type:              Min at Fast Process Corner
  Data Path Delay:        0.274ns  (logic 0.164ns (59.853%)  route 0.110ns (40.147%))
  Logic Levels:           1  (FDRE=1)

    Location             Delay type                Incr(ns)  Path(ns)    Netlist Resource(s)
  -------------------------------------------------------------------    -------------------
    SLICE_X30Y43         FDRE                         0.000     0.000 r  RX/Read_data_reg[7]/C
    SLICE_X30Y43         FDRE (Prop_fdre_C_Q)         0.164     0.164 r  RX/Read_data_reg[7]/Q
                         net (fo=2, routed)           0.110     0.274    RX/p_0_in[6]
    SLICE_X31Y42         FDRE                                         r  RX/Read_data_reg[6]/D
  -------------------------------------------------------------------    -------------------

Slack:                    inf
  Source:                 RX/Read_data_reg[6]/C
                            (rising edge-triggered cell FDRE)
  Destination:            RX/Read_data_reg[5]/D
  Path Group:             (none)
  Path Type:              Min at Fast Process Corner
  Data Path Delay:        0.313ns  (logic 0.141ns (45.009%)  route 0.172ns (54.991%))
  Logic Levels:           1  (FDRE=1)

    Location             Delay type                Incr(ns)  Path(ns)    Netlist Resource(s)
  -------------------------------------------------------------------    -------------------
    SLICE_X31Y42         FDRE                         0.000     0.000 r  RX/Read_data_reg[6]/C
    SLICE_X31Y42         FDRE (Prop_fdre_C_Q)         0.141     0.141 r  RX/Read_data_reg[6]/Q
                         net (fo=2, routed)           0.172     0.313    RX/p_0_in[5]
    SLICE_X31Y42         FDRE                                         r  RX/Read_data_reg[5]/D
  -------------------------------------------------------------------    -------------------

Slack:                    inf
  Source:                 TX/start_bit_reg/C
                            (rising edge-triggered cell FDRE)
  Destination:            TX/counter_reg[0]/D
  Path Group:             (none)
  Path Type:              Min at Fast Process Corner
  Data Path Delay:        0.335ns  (logic 0.186ns (55.554%)  route 0.149ns (44.446%))
  Logic Levels:           2  (FDRE=1 LUT6=1)

    Location             Delay type                Incr(ns)  Path(ns)    Netlist Resource(s)
  -------------------------------------------------------------------    -------------------
    SLICE_X29Y48         FDRE                         0.000     0.000 r  TX/start_bit_reg/C
    SLICE_X29Y48         FDRE (Prop_fdre_C_Q)         0.141     0.141 r  TX/start_bit_reg/Q
                         net (fo=5, routed)           0.149     0.290    TX/start_bit_reg_n_0
    SLICE_X30Y48         LUT6 (Prop_lut6_I0_O)        0.045     0.335 r  TX/counter[0]_i_1__0/O
                         net (fo=1, routed)           0.000     0.335    TX/counter[0]_i_1__0_n_0
    SLICE_X30Y48         FDRE                                         r  TX/counter_reg[0]/D
  -------------------------------------------------------------------    -------------------

Slack:                    inf
  Source:                 TX/start_bit_reg/C
                            (rising edge-triggered cell FDRE)
  Destination:            TX/start_bit_reg/D
  Path Group:             (none)
  Path Type:              Min at Fast Process Corner
  Data Path Delay:        0.354ns  (logic 0.186ns (52.507%)  route 0.168ns (47.493%))
  Logic Levels:           2  (FDRE=1 LUT3=1)

    Location             Delay type                Incr(ns)  Path(ns)    Netlist Resource(s)
  -------------------------------------------------------------------    -------------------
    SLICE_X29Y48         FDRE                         0.000     0.000 r  TX/start_bit_reg/C
    SLICE_X29Y48         FDRE (Prop_fdre_C_Q)         0.141     0.141 r  TX/start_bit_reg/Q
                         net (fo=5, routed)           0.168     0.309    TX/start_bit_reg_n_0
    SLICE_X29Y48         LUT3 (Prop_lut3_I0_O)        0.045     0.354 r  TX/start_bit_i_1__0/O
                         net (fo=1, routed)           0.000     0.354    TX/start_bit_i_1__0_n_0
    SLICE_X29Y48         FDRE                                         r  TX/start_bit_reg/D
  -------------------------------------------------------------------    -------------------

Slack:                    inf
  Source:                 RX/Read_data_reg[5]/C
                            (rising edge-triggered cell FDRE)
  Destination:            RX/Read_data_reg[4]/D
  Path Group:             (none)
  Path Type:              Min at Fast Process Corner
  Data Path Delay:        0.362ns  (logic 0.141ns (38.961%)  route 0.221ns (61.039%))
  Logic Levels:           1  (FDRE=1)

    Location             Delay type                Incr(ns)  Path(ns)    Netlist Resource(s)
  -------------------------------------------------------------------    -------------------
    SLICE_X31Y42         FDRE                         0.000     0.000 r  RX/Read_data_reg[5]/C
    SLICE_X31Y42         FDRE (Prop_fdre_C_Q)         0.141     0.141 r  RX/Read_data_reg[5]/Q
                         net (fo=2, routed)           0.221     0.362    RX/p_0_in[4]
    SLICE_X31Y42         FDRE                                         r  RX/Read_data_reg[4]/D
  -------------------------------------------------------------------    -------------------

Slack:                    inf
  Source:                 RX/start_bit_reg/C
                            (rising edge-triggered cell FDRE)
  Destination:            RX/start_bit_reg/D
  Path Group:             (none)
  Path Type:              Min at Fast Process Corner
  Data Path Delay:        0.375ns  (logic 0.186ns (49.545%)  route 0.189ns (50.455%))
  Logic Levels:           2  (FDRE=1 LUT3=1)

    Location             Delay type                Incr(ns)  Path(ns)    Netlist Resource(s)
  -------------------------------------------------------------------    -------------------
    SLICE_X31Y54         FDRE                         0.000     0.000 r  RX/start_bit_reg/C
    SLICE_X31Y54         FDRE (Prop_fdre_C_Q)         0.141     0.141 r  RX/start_bit_reg/Q
                         net (fo=4, routed)           0.189     0.330    RX/start_bit_reg_n_0
    SLICE_X31Y54         LUT3 (Prop_lut3_I1_O)        0.045     0.375 r  RX/start_bit_i_1/O
                         net (fo=1, routed)           0.000     0.375    RX/start_bit_i_1_n_0
    SLICE_X31Y54         FDRE                                         r  RX/start_bit_reg/D
  -------------------------------------------------------------------    -------------------

Slack:                    inf
  Source:                 RX/Read_data_reg[3]/C
                            (rising edge-triggered cell FDRE)
  Destination:            RX/Read_data_reg[2]/D
  Path Group:             (none)
  Path Type:              Min at Fast Process Corner
  Data Path Delay:        0.376ns  (logic 0.141ns (37.498%)  route 0.235ns (62.502%))
  Logic Levels:           1  (FDRE=1)

    Location             Delay type                Incr(ns)  Path(ns)    Netlist Resource(s)
  -------------------------------------------------------------------    -------------------
    SLICE_X31Y42         FDRE                         0.000     0.000 r  RX/Read_data_reg[3]/C
    SLICE_X31Y42         FDRE (Prop_fdre_C_Q)         0.141     0.141 r  RX/Read_data_reg[3]/Q
                         net (fo=2, routed)           0.235     0.376    RX/p_0_in[2]
    SLICE_X30Y43         FDRE                                         r  RX/Read_data_reg[2]/D
  -------------------------------------------------------------------    -------------------

Slack:                    inf
  Source:                 RX/Bit_reg[1]/C
                            (rising edge-triggered cell FDRE)
  Destination:            RX/Bit_reg[2]/D
  Path Group:             (none)
  Path Type:              Min at Fast Process Corner
  Data Path Delay:        0.381ns  (logic 0.207ns (54.301%)  route 0.174ns (45.699%))
  Logic Levels:           2  (FDRE=1 LUT3=1)

    Location             Delay type                Incr(ns)  Path(ns)    Netlist Resource(s)
  -------------------------------------------------------------------    -------------------
    SLICE_X30Y44         FDRE                         0.000     0.000 r  RX/Bit_reg[1]/C
    SLICE_X30Y44         FDRE (Prop_fdre_C_Q)         0.164     0.164 r  RX/Bit_reg[1]/Q
                         net (fo=4, routed)           0.174     0.338    RX/Bit_reg[1]
    SLICE_X30Y44         LUT3 (Prop_lut3_I2_O)        0.043     0.381 r  RX/Bit[2]_i_1__0/O
                         net (fo=1, routed)           0.000     0.381    RX/p_0_in__0[2]
    SLICE_X30Y44         FDRE                                         r  RX/Bit_reg[2]/D
  -------------------------------------------------------------------    -------------------

Slack:                    inf
  Source:                 RX/Bit_reg[1]/C
                            (rising edge-triggered cell FDRE)
  Destination:            RX/Bit_reg[3]/D
  Path Group:             (none)
  Path Type:              Min at Fast Process Corner
  Data Path Delay:        0.381ns  (logic 0.207ns (54.301%)  route 0.174ns (45.699%))
  Logic Levels:           2  (FDRE=1 LUT3=1)

    Location             Delay type                Incr(ns)  Path(ns)    Netlist Resource(s)
  -------------------------------------------------------------------    -------------------
    SLICE_X30Y44         FDRE                         0.000     0.000 r  RX/Bit_reg[1]/C
    SLICE_X30Y44         FDRE (Prop_fdre_C_Q)         0.164     0.164 r  RX/Bit_reg[1]/Q
                         net (fo=4, routed)           0.174     0.338    RX/Bit_reg[1]
    SLICE_X30Y44         LUT3 (Prop_lut3_I0_O)        0.043     0.381 r  RX/Bit[3]_i_2/O
                         net (fo=1, routed)           0.000     0.381    RX/p_0_in__0[3]
    SLICE_X30Y44         FDRE                                         r  RX/Bit_reg[3]/D
  -------------------------------------------------------------------    -------------------

Slack:                    inf
  Source:                 RX/counter_reg[0]/C
                            (rising edge-triggered cell FDRE)
  Destination:            RX/counter_reg[1]/D
  Path Group:             (none)
  Path Type:              Min at Fast Process Corner
  Data Path Delay:        0.382ns  (logic 0.207ns (54.146%)  route 0.175ns (45.854%))
  Logic Levels:           2  (FDRE=1 LUT2=1)

    Location             Delay type                Incr(ns)  Path(ns)    Netlist Resource(s)
  -------------------------------------------------------------------    -------------------
    SLICE_X30Y57         FDRE                         0.000     0.000 r  RX/counter_reg[0]/C
    SLICE_X30Y57         FDRE (Prop_fdre_C_Q)         0.164     0.164 r  RX/counter_reg[0]/Q
                         net (fo=8, routed)           0.175     0.339    RX/counter_reg[0]
    SLICE_X30Y57         LUT2 (Prop_lut2_I1_O)        0.043     0.382 r  RX/counter[1]_i_1/O
                         net (fo=1, routed)           0.000     0.382    RX/p_0_in__1[1]
    SLICE_X30Y57         FDRE                                         r  RX/counter_reg[1]/D
  -------------------------------------------------------------------    -------------------





--------------------------------------------------------------------------------------
Path Group:  (none)
From Clock:  sys_clk_pin
  To Clock:  

Max Delay            61 Endpoints
Min Delay            61 Endpoints
--------------------------------------------------------------------------------------


Max Delay Paths
--------------------------------------------------------------------------------------
Slack:                    inf
  Source:                 RX/RxData_reg[6]/C
                            (rising edge-triggered cell FDRE clocked by sys_clk_pin  {rise@0.000ns fall@5.000ns period=10.000ns})
  Destination:            fnd[6]
                            (output port)
  Path Group:             (none)
  Path Type:              Max at Slow Process Corner
  Data Path Delay:        12.365ns  (logic 5.139ns (41.563%)  route 7.226ns (58.437%))
  Logic Levels:           5  (LUT5=2 LUT6=2 OBUF=1)
  Clock Uncertainty:      0.025ns  ((TSJ^2 + TIJ^2)^1/2 + DJ) / 2 + PE
    Total System Jitter     (TSJ):    0.050ns
    Total Input Jitter      (TIJ):    0.000ns
    Discrete Jitter          (DJ):    0.000ns
    Phase Error              (PE):    0.000ns

    Location             Delay type                Incr(ns)  Path(ns)    Netlist Resource(s)
  -------------------------------------------------------------------    -------------------
                         (clock sys_clk_pin rise edge)
                                                      0.000     0.000 r  
    W5                                                0.000     0.000 r  Clk (IN)
                         net (fo=0)                   0.000     0.000    Clk
    W5                   IBUF (Prop_ibuf_I_O)         1.458     1.458 r  Clk_IBUF_inst/O
                         net (fo=1, routed)           1.967     3.425    Clk_IBUF
    BUFGCTRL_X0Y0        BUFG (Prop_bufg_I_O)         0.096     3.521 r  Clk_IBUF_BUFG_inst/O
                         net (fo=55, routed)          1.564     5.085    RX/CLK
    SLICE_X30Y42         FDRE                                         r  RX/RxData_reg[6]/C
  -------------------------------------------------------------------    -------------------
    SLICE_X30Y42         FDRE (Prop_fdre_C_Q)         0.478     5.563 r  RX/RxData_reg[6]/Q
                         net (fo=9, routed)           1.292     6.855    RX/RxData_OBUF[6]
    SLICE_X30Y43         LUT6 (Prop_lut6_I2_O)        0.295     7.150 r  RX/fnd_OBUF[6]_inst_i_11/O
                         net (fo=3, routed)           0.667     7.817    RX/fnd_OBUF[6]_inst_i_11_n_0
    SLICE_X31Y43         LUT5 (Prop_lut5_I0_O)        0.152     7.969 r  RX/fnd_OBUF[6]_inst_i_6/O
                         net (fo=2, routed)           0.819     8.788    RX/fnd_OBUF[6]_inst_i_6_n_0
    SLICE_X32Y43         LUT6 (Prop_lut6_I1_O)        0.326     9.114 r  RX/fnd_OBUF[6]_inst_i_3/O
                         net (fo=7, routed)           0.825     9.940    RX/fnd_OBUF[6]_inst_i_3_n_0
    SLICE_X35Y43         LUT5 (Prop_lut5_I1_O)        0.154    10.094 r  RX/fnd_OBUF[6]_inst_i_1/O
                         net (fo=1, routed)           3.623    13.716    fnd_OBUF[6]
    U7                   OBUF (Prop_obuf_I_O)         3.734    17.451 r  fnd_OBUF[6]_inst/O
                         net (fo=0)                   0.000    17.451    fnd[6]
    U7                                                                r  fnd[6] (OUT)
  -------------------------------------------------------------------    -------------------

Slack:                    inf
  Source:                 RX/RxData_reg[6]/C
                            (rising edge-triggered cell FDRE clocked by sys_clk_pin  {rise@0.000ns fall@5.000ns period=10.000ns})
  Destination:            fnd[0]
                            (output port)
  Path Group:             (none)
  Path Type:              Max at Slow Process Corner
  Data Path Delay:        12.240ns  (logic 5.122ns (41.845%)  route 7.118ns (58.155%))
  Logic Levels:           5  (LUT5=2 LUT6=2 OBUF=1)
  Clock Uncertainty:      0.025ns  ((TSJ^2 + TIJ^2)^1/2 + DJ) / 2 + PE
    Total System Jitter     (TSJ):    0.050ns
    Total Input Jitter      (TIJ):    0.000ns
    Discrete Jitter          (DJ):    0.000ns
    Phase Error              (PE):    0.000ns

    Location             Delay type                Incr(ns)  Path(ns)    Netlist Resource(s)
  -------------------------------------------------------------------    -------------------
                         (clock sys_clk_pin rise edge)
                                                      0.000     0.000 r  
    W5                                                0.000     0.000 r  Clk (IN)
                         net (fo=0)                   0.000     0.000    Clk
    W5                   IBUF (Prop_ibuf_I_O)         1.458     1.458 r  Clk_IBUF_inst/O
                         net (fo=1, routed)           1.967     3.425    Clk_IBUF
    BUFGCTRL_X0Y0        BUFG (Prop_bufg_I_O)         0.096     3.521 r  Clk_IBUF_BUFG_inst/O
                         net (fo=55, routed)          1.564     5.085    RX/CLK
    SLICE_X30Y42         FDRE                                         r  RX/RxData_reg[6]/C
  -------------------------------------------------------------------    -------------------
    SLICE_X30Y42         FDRE (Prop_fdre_C_Q)         0.478     5.563 r  RX/RxData_reg[6]/Q
                         net (fo=9, routed)           1.292     6.855    RX/RxData_OBUF[6]
    SLICE_X30Y43         LUT6 (Prop_lut6_I2_O)        0.295     7.150 r  RX/fnd_OBUF[6]_inst_i_11/O
                         net (fo=3, routed)           0.667     7.817    RX/fnd_OBUF[6]_inst_i_11_n_0
    SLICE_X31Y43         LUT5 (Prop_lut5_I0_O)        0.152     7.969 r  RX/fnd_OBUF[6]_inst_i_6/O
                         net (fo=2, routed)           0.819     8.788    RX/fnd_OBUF[6]_inst_i_6_n_0
    SLICE_X32Y43         LUT6 (Prop_lut6_I1_O)        0.326     9.114 f  RX/fnd_OBUF[6]_inst_i_3/O
                         net (fo=7, routed)           0.972    10.087    RX/fnd_OBUF[6]_inst_i_3_n_0
    SLICE_X35Y43         LUT5 (Prop_lut5_I4_O)        0.152    10.239 r  RX/fnd_OBUF[0]_inst_i_1/O
                         net (fo=1, routed)           3.367    13.606    fnd_OBUF[0]
    W7                   OBUF (Prop_obuf_I_O)         3.719    17.325 r  fnd_OBUF[0]_inst/O
                         net (fo=0)                   0.000    17.325    fnd[0]
    W7                                                                r  fnd[0] (OUT)
  -------------------------------------------------------------------    -------------------

Slack:                    inf
  Source:                 RX/RxData_reg[6]/C
                            (rising edge-triggered cell FDRE clocked by sys_clk_pin  {rise@0.000ns fall@5.000ns period=10.000ns})
  Destination:            fnd[1]
                            (output port)
  Path Group:             (none)
  Path Type:              Max at Slow Process Corner
  Data Path Delay:        11.967ns  (logic 5.134ns (42.903%)  route 6.833ns (57.097%))
  Logic Levels:           5  (LUT4=1 LUT5=1 LUT6=2 OBUF=1)
  Clock Uncertainty:      0.025ns  ((TSJ^2 + TIJ^2)^1/2 + DJ) / 2 + PE
    Total System Jitter     (TSJ):    0.050ns
    Total Input Jitter      (TIJ):    0.000ns
    Discrete Jitter          (DJ):    0.000ns
    Phase Error              (PE):    0.000ns

    Location             Delay type                Incr(ns)  Path(ns)    Netlist Resource(s)
  -------------------------------------------------------------------    -------------------
                         (clock sys_clk_pin rise edge)
                                                      0.000     0.000 r  
    W5                                                0.000     0.000 r  Clk (IN)
                         net (fo=0)                   0.000     0.000    Clk
    W5                   IBUF (Prop_ibuf_I_O)         1.458     1.458 r  Clk_IBUF_inst/O
                         net (fo=1, routed)           1.967     3.425    Clk_IBUF
    BUFGCTRL_X0Y0        BUFG (Prop_bufg_I_O)         0.096     3.521 r  Clk_IBUF_BUFG_inst/O
                         net (fo=55, routed)          1.564     5.085    RX/CLK
    SLICE_X30Y42         FDRE                                         r  RX/RxData_reg[6]/C
  -------------------------------------------------------------------    -------------------
    SLICE_X30Y42         FDRE (Prop_fdre_C_Q)         0.478     5.563 r  RX/RxData_reg[6]/Q
                         net (fo=9, routed)           1.292     6.855    RX/RxData_OBUF[6]
    SLICE_X30Y43         LUT6 (Prop_lut6_I2_O)        0.295     7.150 r  RX/fnd_OBUF[6]_inst_i_11/O
                         net (fo=3, routed)           0.667     7.817    RX/fnd_OBUF[6]_inst_i_11_n_0
    SLICE_X31Y43         LUT5 (Prop_lut5_I0_O)        0.152     7.969 r  RX/fnd_OBUF[6]_inst_i_6/O
                         net (fo=2, routed)           0.819     8.788    RX/fnd_OBUF[6]_inst_i_6_n_0
    SLICE_X32Y43         LUT6 (Prop_lut6_I1_O)        0.326     9.114 r  RX/fnd_OBUF[6]_inst_i_3/O
                         net (fo=7, routed)           0.825     9.940    RX/fnd_OBUF[6]_inst_i_3_n_0
    SLICE_X35Y43         LUT4 (Prop_lut4_I3_O)        0.152    10.092 r  RX/fnd_OBUF[1]_inst_i_1/O
                         net (fo=1, routed)           3.229    13.321    fnd_OBUF[1]
    W6                   OBUF (Prop_obuf_I_O)         3.731    17.052 r  fnd_OBUF[1]_inst/O
                         net (fo=0)                   0.000    17.052    fnd[1]
    W6                                                                r  fnd[1] (OUT)
  -------------------------------------------------------------------    -------------------

Slack:                    inf
  Source:                 RX/RxData_reg[6]/C
                            (rising edge-triggered cell FDRE clocked by sys_clk_pin  {rise@0.000ns fall@5.000ns period=10.000ns})
  Destination:            fnd[5]
                            (output port)
  Path Group:             (none)
  Path Type:              Max at Slow Process Corner
  Data Path Delay:        11.912ns  (logic 4.879ns (40.964%)  route 7.032ns (59.036%))
  Logic Levels:           5  (LUT5=2 LUT6=2 OBUF=1)
  Clock Uncertainty:      0.025ns  ((TSJ^2 + TIJ^2)^1/2 + DJ) / 2 + PE
    Total System Jitter     (TSJ):    0.050ns
    Total Input Jitter      (TIJ):    0.000ns
    Discrete Jitter          (DJ):    0.000ns
    Phase Error              (PE):    0.000ns

    Location             Delay type                Incr(ns)  Path(ns)    Netlist Resource(s)
  -------------------------------------------------------------------    -------------------
                         (clock sys_clk_pin rise edge)
                                                      0.000     0.000 r  
    W5                                                0.000     0.000 r  Clk (IN)
                         net (fo=0)                   0.000     0.000    Clk
    W5                   IBUF (Prop_ibuf_I_O)         1.458     1.458 r  Clk_IBUF_inst/O
                         net (fo=1, routed)           1.967     3.425    Clk_IBUF
    BUFGCTRL_X0Y0        BUFG (Prop_bufg_I_O)         0.096     3.521 r  Clk_IBUF_BUFG_inst/O
                         net (fo=55, routed)          1.564     5.085    RX/CLK
    SLICE_X30Y42         FDRE                                         r  RX/RxData_reg[6]/C
  -------------------------------------------------------------------    -------------------
    SLICE_X30Y42         FDRE (Prop_fdre_C_Q)         0.478     5.563 r  RX/RxData_reg[6]/Q
                         net (fo=9, routed)           1.292     6.855    RX/RxData_OBUF[6]
    SLICE_X30Y43         LUT6 (Prop_lut6_I2_O)        0.295     7.150 r  RX/fnd_OBUF[6]_inst_i_11/O
                         net (fo=3, routed)           0.667     7.817    RX/fnd_OBUF[6]_inst_i_11_n_0
    SLICE_X31Y43         LUT5 (Prop_lut5_I0_O)        0.152     7.969 r  RX/fnd_OBUF[6]_inst_i_6/O
                         net (fo=2, routed)           0.819     8.788    RX/fnd_OBUF[6]_inst_i_6_n_0
    SLICE_X32Y43         LUT6 (Prop_lut6_I1_O)        0.326     9.114 r  RX/fnd_OBUF[6]_inst_i_3/O
                         net (fo=7, routed)           0.825     9.940    RX/fnd_OBUF[6]_inst_i_3_n_0
    SLICE_X35Y43         LUT5 (Prop_lut5_I3_O)        0.124    10.064 r  RX/fnd_OBUF[5]_inst_i_1/O
                         net (fo=1, routed)           3.429    13.492    fnd_OBUF[5]
    V5                   OBUF (Prop_obuf_I_O)         3.504    16.997 r  fnd_OBUF[5]_inst/O
                         net (fo=0)                   0.000    16.997    fnd[5]
    V5                                                                r  fnd[5] (OUT)
  -------------------------------------------------------------------    -------------------

Slack:                    inf
  Source:                 RX/RxData_reg[6]/C
                            (rising edge-triggered cell FDRE clocked by sys_clk_pin  {rise@0.000ns fall@5.000ns period=10.000ns})
  Destination:            fnd[3]
                            (output port)
  Path Group:             (none)
  Path Type:              Max at Slow Process Corner
  Data Path Delay:        11.905ns  (logic 4.911ns (41.249%)  route 6.994ns (58.751%))
  Logic Levels:           5  (LUT5=2 LUT6=2 OBUF=1)
  Clock Uncertainty:      0.025ns  ((TSJ^2 + TIJ^2)^1/2 + DJ) / 2 + PE
    Total System Jitter     (TSJ):    0.050ns
    Total Input Jitter      (TIJ):    0.000ns
    Discrete Jitter          (DJ):    0.000ns
    Phase Error              (PE):    0.000ns

    Location             Delay type                Incr(ns)  Path(ns)    Netlist Resource(s)
  -------------------------------------------------------------------    -------------------
                         (clock sys_clk_pin rise edge)
                                                      0.000     0.000 r  
    W5                                                0.000     0.000 r  Clk (IN)
                         net (fo=0)                   0.000     0.000    Clk
    W5                   IBUF (Prop_ibuf_I_O)         1.458     1.458 r  Clk_IBUF_inst/O
                         net (fo=1, routed)           1.967     3.425    Clk_IBUF
    BUFGCTRL_X0Y0        BUFG (Prop_bufg_I_O)         0.096     3.521 r  Clk_IBUF_BUFG_inst/O
                         net (fo=55, routed)          1.564     5.085    RX/CLK
    SLICE_X30Y42         FDRE                                         r  RX/RxData_reg[6]/C
  -------------------------------------------------------------------    -------------------
    SLICE_X30Y42         FDRE (Prop_fdre_C_Q)         0.478     5.563 r  RX/RxData_reg[6]/Q
                         net (fo=9, routed)           1.292     6.855    RX/RxData_OBUF[6]
    SLICE_X30Y43         LUT6 (Prop_lut6_I2_O)        0.295     7.150 r  RX/fnd_OBUF[6]_inst_i_11/O
                         net (fo=3, routed)           0.667     7.817    RX/fnd_OBUF[6]_inst_i_11_n_0
    SLICE_X31Y43         LUT5 (Prop_lut5_I0_O)        0.152     7.969 r  RX/fnd_OBUF[6]_inst_i_6/O
                         net (fo=2, routed)           0.819     8.788    RX/fnd_OBUF[6]_inst_i_6_n_0
    SLICE_X32Y43         LUT6 (Prop_lut6_I1_O)        0.326     9.114 r  RX/fnd_OBUF[6]_inst_i_3/O
                         net (fo=7, routed)           0.972    10.087    RX/fnd_OBUF[6]_inst_i_3_n_0
    SLICE_X35Y43         LUT5 (Prop_lut5_I3_O)        0.124    10.211 r  RX/fnd_OBUF[3]_inst_i_1/O
                         net (fo=1, routed)           3.243    13.454    fnd_OBUF[3]
    V8                   OBUF (Prop_obuf_I_O)         3.536    16.990 r  fnd_OBUF[3]_inst/O
                         net (fo=0)                   0.000    16.990    fnd[3]
    V8                                                                r  fnd[3] (OUT)
  -------------------------------------------------------------------    -------------------

Slack:                    inf
  Source:                 RX/RxData_reg[6]/C
                            (rising edge-triggered cell FDRE clocked by sys_clk_pin  {rise@0.000ns fall@5.000ns period=10.000ns})
  Destination:            fnd[2]
                            (output port)
  Path Group:             (none)
  Path Type:              Max at Slow Process Corner
  Data Path Delay:        11.886ns  (logic 4.910ns (41.310%)  route 6.976ns (58.690%))
  Logic Levels:           5  (LUT4=1 LUT5=1 LUT6=2 OBUF=1)
  Clock Uncertainty:      0.025ns  ((TSJ^2 + TIJ^2)^1/2 + DJ) / 2 + PE
    Total System Jitter     (TSJ):    0.050ns
    Total Input Jitter      (TIJ):    0.000ns
    Discrete Jitter          (DJ):    0.000ns
    Phase Error              (PE):    0.000ns

    Location             Delay type                Incr(ns)  Path(ns)    Netlist Resource(s)
  -------------------------------------------------------------------    -------------------
                         (clock sys_clk_pin rise edge)
                                                      0.000     0.000 r  
    W5                                                0.000     0.000 r  Clk (IN)
                         net (fo=0)                   0.000     0.000    Clk
    W5                   IBUF (Prop_ibuf_I_O)         1.458     1.458 r  Clk_IBUF_inst/O
                         net (fo=1, routed)           1.967     3.425    Clk_IBUF
    BUFGCTRL_X0Y0        BUFG (Prop_bufg_I_O)         0.096     3.521 r  Clk_IBUF_BUFG_inst/O
                         net (fo=55, routed)          1.564     5.085    RX/CLK
    SLICE_X30Y42         FDRE                                         r  RX/RxData_reg[6]/C
  -------------------------------------------------------------------    -------------------
    SLICE_X30Y42         FDRE (Prop_fdre_C_Q)         0.478     5.563 r  RX/RxData_reg[6]/Q
                         net (fo=9, routed)           1.292     6.855    RX/RxData_OBUF[6]
    SLICE_X30Y43         LUT6 (Prop_lut6_I2_O)        0.295     7.150 r  RX/fnd_OBUF[6]_inst_i_11/O
                         net (fo=3, routed)           0.667     7.817    RX/fnd_OBUF[6]_inst_i_11_n_0
    SLICE_X31Y43         LUT5 (Prop_lut5_I0_O)        0.152     7.969 r  RX/fnd_OBUF[6]_inst_i_6/O
                         net (fo=2, routed)           0.819     8.788    RX/fnd_OBUF[6]_inst_i_6_n_0
    SLICE_X32Y43         LUT6 (Prop_lut6_I1_O)        0.326     9.114 r  RX/fnd_OBUF[6]_inst_i_3/O
                         net (fo=7, routed)           0.825     9.940    RX/fnd_OBUF[6]_inst_i_3_n_0
    SLICE_X35Y43         LUT4 (Prop_lut4_I2_O)        0.124    10.064 r  RX/fnd_OBUF[2]_inst_i_1/O
                         net (fo=1, routed)           3.373    13.436    fnd_OBUF[2]
    U8                   OBUF (Prop_obuf_I_O)         3.535    16.971 r  fnd_OBUF[2]_inst/O
                         net (fo=0)                   0.000    16.971    fnd[2]
    U8                                                                r  fnd[2] (OUT)
  -------------------------------------------------------------------    -------------------

Slack:                    inf
  Source:                 RX/RxData_reg[6]/C
                            (rising edge-triggered cell FDRE clocked by sys_clk_pin  {rise@0.000ns fall@5.000ns period=10.000ns})
  Destination:            fnd[4]
                            (output port)
  Path Group:             (none)
  Path Type:              Max at Slow Process Corner
  Data Path Delay:        11.719ns  (logic 4.895ns (41.770%)  route 6.824ns (58.230%))
  Logic Levels:           5  (LUT4=1 LUT5=1 LUT6=2 OBUF=1)
  Clock Uncertainty:      0.025ns  ((TSJ^2 + TIJ^2)^1/2 + DJ) / 2 + PE
    Total System Jitter     (TSJ):    0.050ns
    Total Input Jitter      (TIJ):    0.000ns
    Discrete Jitter          (DJ):    0.000ns
    Phase Error              (PE):    0.000ns

    Location             Delay type                Incr(ns)  Path(ns)    Netlist Resource(s)
  -------------------------------------------------------------------    -------------------
                         (clock sys_clk_pin rise edge)
                                                      0.000     0.000 r  
    W5                                                0.000     0.000 r  Clk (IN)
                         net (fo=0)                   0.000     0.000    Clk
    W5                   IBUF (Prop_ibuf_I_O)         1.458     1.458 r  Clk_IBUF_inst/O
                         net (fo=1, routed)           1.967     3.425    Clk_IBUF
    BUFGCTRL_X0Y0        BUFG (Prop_bufg_I_O)         0.096     3.521 r  Clk_IBUF_BUFG_inst/O
                         net (fo=55, routed)          1.564     5.085    RX/CLK
    SLICE_X30Y42         FDRE                                         r  RX/RxData_reg[6]/C
  -------------------------------------------------------------------    -------------------
    SLICE_X30Y42         FDRE (Prop_fdre_C_Q)         0.478     5.563 r  RX/RxData_reg[6]/Q
                         net (fo=9, routed)           1.292     6.855    RX/RxData_OBUF[6]
    SLICE_X30Y43         LUT6 (Prop_lut6_I2_O)        0.295     7.150 r  RX/fnd_OBUF[6]_inst_i_11/O
                         net (fo=3, routed)           0.667     7.817    RX/fnd_OBUF[6]_inst_i_11_n_0
    SLICE_X31Y43         LUT5 (Prop_lut5_I0_O)        0.152     7.969 r  RX/fnd_OBUF[6]_inst_i_6/O
                         net (fo=2, routed)           0.819     8.788    RX/fnd_OBUF[6]_inst_i_6_n_0
    SLICE_X32Y43         LUT6 (Prop_lut6_I1_O)        0.326     9.114 f  RX/fnd_OBUF[6]_inst_i_3/O
                         net (fo=7, routed)           0.567     9.682    RX/fnd_OBUF[6]_inst_i_3_n_0
    SLICE_X35Y43         LUT4 (Prop_lut4_I0_O)        0.124     9.806 r  RX/fnd_OBUF[4]_inst_i_1/O
                         net (fo=1, routed)           3.478    13.284    fnd_OBUF[4]
    U5                   OBUF (Prop_obuf_I_O)         3.520    16.804 r  fnd_OBUF[4]_inst/O
                         net (fo=0)                   0.000    16.804    fnd[4]
    U5                                                                r  fnd[4] (OUT)
  -------------------------------------------------------------------    -------------------

Slack:                    inf
  Source:                 RX/RxData_reg[6]/C
                            (rising edge-triggered cell FDRE clocked by sys_clk_pin  {rise@0.000ns fall@5.000ns period=10.000ns})
  Destination:            RxData[6]
                            (output port)
  Path Group:             (none)
  Path Type:              Max at Slow Process Corner
  Data Path Delay:        7.926ns  (logic 4.155ns (52.426%)  route 3.771ns (47.574%))
  Logic Levels:           1  (OBUF=1)
  Clock Uncertainty:      0.025ns  ((TSJ^2 + TIJ^2)^1/2 + DJ) / 2 + PE
    Total System Jitter     (TSJ):    0.050ns
    Total Input Jitter      (TIJ):    0.000ns
    Discrete Jitter          (DJ):    0.000ns
    Phase Error              (PE):    0.000ns

    Location             Delay type                Incr(ns)  Path(ns)    Netlist Resource(s)
  -------------------------------------------------------------------    -------------------
                         (clock sys_clk_pin rise edge)
                                                      0.000     0.000 r  
    W5                                                0.000     0.000 r  Clk (IN)
                         net (fo=0)                   0.000     0.000    Clk
    W5                   IBUF (Prop_ibuf_I_O)         1.458     1.458 r  Clk_IBUF_inst/O
                         net (fo=1, routed)           1.967     3.425    Clk_IBUF
    BUFGCTRL_X0Y0        BUFG (Prop_bufg_I_O)         0.096     3.521 r  Clk_IBUF_BUFG_inst/O
                         net (fo=55, routed)          1.564     5.085    RX/CLK
    SLICE_X30Y42         FDRE                                         r  RX/RxData_reg[6]/C
  -------------------------------------------------------------------    -------------------
    SLICE_X30Y42         FDRE (Prop_fdre_C_Q)         0.478     5.563 r  RX/RxData_reg[6]/Q
                         net (fo=9, routed)           3.771     9.334    RxData_OBUF[6]
    U14                  OBUF (Prop_obuf_I_O)         3.677    13.011 r  RxData_OBUF[6]_inst/O
                         net (fo=0)                   0.000    13.011    RxData[6]
    U14                                                               r  RxData[6] (OUT)
  -------------------------------------------------------------------    -------------------

Slack:                    inf
  Source:                 RX/RxData_reg[0]/C
                            (rising edge-triggered cell FDRE clocked by sys_clk_pin  {rise@0.000ns fall@5.000ns period=10.000ns})
  Destination:            RxData[0]
                            (output port)
  Path Group:             (none)
  Path Type:              Max at Slow Process Corner
  Data Path Delay:        7.688ns  (logic 3.961ns (51.517%)  route 3.728ns (48.483%))
  Logic Levels:           1  (OBUF=1)
  Clock Uncertainty:      0.025ns  ((TSJ^2 + TIJ^2)^1/2 + DJ) / 2 + PE
    Total System Jitter     (TSJ):    0.050ns
    Total Input Jitter      (TIJ):    0.000ns
    Discrete Jitter          (DJ):    0.000ns
    Phase Error              (PE):    0.000ns

    Location             Delay type                Incr(ns)  Path(ns)    Netlist Resource(s)
  -------------------------------------------------------------------    -------------------
                         (clock sys_clk_pin rise edge)
                                                      0.000     0.000 r  
    W5                                                0.000     0.000 r  Clk (IN)
                         net (fo=0)                   0.000     0.000    Clk
    W5                   IBUF (Prop_ibuf_I_O)         1.458     1.458 r  Clk_IBUF_inst/O
                         net (fo=1, routed)           1.967     3.425    Clk_IBUF
    BUFGCTRL_X0Y0        BUFG (Prop_bufg_I_O)         0.096     3.521 r  Clk_IBUF_BUFG_inst/O
                         net (fo=55, routed)          1.566     5.087    RX/CLK
    SLICE_X29Y43         FDRE                                         r  RX/RxData_reg[0]/C
  -------------------------------------------------------------------    -------------------
    SLICE_X29Y43         FDRE (Prop_fdre_C_Q)         0.456     5.543 r  RX/RxData_reg[0]/Q
                         net (fo=2, routed)           3.728     9.271    RxData_OBUF[0]
    U16                  OBUF (Prop_obuf_I_O)         3.505    12.776 r  RxData_OBUF[0]_inst/O
                         net (fo=0)                   0.000    12.776    RxData[0]
    U16                                                               r  RxData[0] (OUT)
  -------------------------------------------------------------------    -------------------

Slack:                    inf
  Source:                 RX/RxData_reg[5]/C
                            (rising edge-triggered cell FDRE clocked by sys_clk_pin  {rise@0.000ns fall@5.000ns period=10.000ns})
  Destination:            RxData[5]
                            (output port)
  Path Group:             (none)
  Path Type:              Max at Slow Process Corner
  Data Path Delay:        7.631ns  (logic 4.032ns (52.843%)  route 3.599ns (47.157%))
  Logic Levels:           1  (OBUF=1)
  Clock Uncertainty:      0.025ns  ((TSJ^2 + TIJ^2)^1/2 + DJ) / 2 + PE
    Total System Jitter     (TSJ):    0.050ns
    Total Input Jitter      (TIJ):    0.000ns
    Discrete Jitter          (DJ):    0.000ns
    Phase Error              (PE):    0.000ns

    Location             Delay type                Incr(ns)  Path(ns)    Netlist Resource(s)
  -------------------------------------------------------------------    -------------------
                         (clock sys_clk_pin rise edge)
                                                      0.000     0.000 r  
    W5                                                0.000     0.000 r  Clk (IN)
                         net (fo=0)                   0.000     0.000    Clk
    W5                   IBUF (Prop_ibuf_I_O)         1.458     1.458 r  Clk_IBUF_inst/O
                         net (fo=1, routed)           1.967     3.425    Clk_IBUF
    BUFGCTRL_X0Y0        BUFG (Prop_bufg_I_O)         0.096     3.521 r  Clk_IBUF_BUFG_inst/O
                         net (fo=55, routed)          1.564     5.085    RX/CLK
    SLICE_X30Y42         FDRE                                         r  RX/RxData_reg[5]/C
  -------------------------------------------------------------------    -------------------
    SLICE_X30Y42         FDRE (Prop_fdre_C_Q)         0.518     5.603 r  RX/RxData_reg[5]/Q
                         net (fo=9, routed)           3.599     9.202    RxData_OBUF[5]
    U15                  OBUF (Prop_obuf_I_O)         3.514    12.716 r  RxData_OBUF[5]_inst/O
                         net (fo=0)                   0.000    12.716    RxData[5]
    U15                                                               r  RxData[5] (OUT)
  -------------------------------------------------------------------    -------------------





Min Delay Paths
--------------------------------------------------------------------------------------
Slack:                    inf
  Source:                 TX/State_reg/C
                            (rising edge-triggered cell FDCE clocked by sys_clk_pin  {rise@0.000ns fall@5.000ns period=10.000ns})
  Destination:            TX/counter_reg[1]/CE
  Path Group:             (none)
  Path Type:              Min at Fast Process Corner
  Data Path Delay:        0.360ns  (logic 0.164ns (45.594%)  route 0.196ns (54.406%))
  Logic Levels:           0  
  Clock Uncertainty:      0.025ns  ((TSJ^2 + TIJ^2)^1/2 + DJ) / 2 + PE
    Total System Jitter     (TSJ):    0.050ns
    Total Input Jitter      (TIJ):    0.000ns
    Discrete Jitter          (DJ):    0.000ns
    Phase Error              (PE):    0.000ns

    Location             Delay type                Incr(ns)  Path(ns)    Netlist Resource(s)
  -------------------------------------------------------------------    -------------------
                         (clock sys_clk_pin rise edge)
                                                      0.000     0.000 r  
    W5                                                0.000     0.000 r  Clk (IN)
                         net (fo=0)                   0.000     0.000    Clk
    W5                   IBUF (Prop_ibuf_I_O)         0.226     0.226 r  Clk_IBUF_inst/O
                         net (fo=1, routed)           0.631     0.858    Clk_IBUF
    BUFGCTRL_X0Y0        BUFG (Prop_bufg_I_O)         0.026     0.884 r  Clk_IBUF_BUFG_inst/O
                         net (fo=55, routed)          0.563     1.446    TX/CLK
    SLICE_X30Y46         FDCE                                         r  TX/State_reg/C
  -------------------------------------------------------------------    -------------------
    SLICE_X30Y46         FDCE (Prop_fdce_C_Q)         0.164     1.610 r  TX/State_reg/Q
                         net (fo=13, routed)          0.196     1.806    TX/State
    SLICE_X28Y45         FDRE                                         r  TX/counter_reg[1]/CE
  -------------------------------------------------------------------    -------------------

Slack:                    inf
  Source:                 TX/State_reg/C
                            (rising edge-triggered cell FDCE clocked by sys_clk_pin  {rise@0.000ns fall@5.000ns period=10.000ns})
  Destination:            TX/counter_reg[2]/CE
  Path Group:             (none)
  Path Type:              Min at Fast Process Corner
  Data Path Delay:        0.360ns  (logic 0.164ns (45.594%)  route 0.196ns (54.406%))
  Logic Levels:           0  
  Clock Uncertainty:      0.025ns  ((TSJ^2 + TIJ^2)^1/2 + DJ) / 2 + PE
    Total System Jitter     (TSJ):    0.050ns
    Total Input Jitter      (TIJ):    0.000ns
    Discrete Jitter          (DJ):    0.000ns
    Phase Error              (PE):    0.000ns

    Location             Delay type                Incr(ns)  Path(ns)    Netlist Resource(s)
  -------------------------------------------------------------------    -------------------
                         (clock sys_clk_pin rise edge)
                                                      0.000     0.000 r  
    W5                                                0.000     0.000 r  Clk (IN)
                         net (fo=0)                   0.000     0.000    Clk
    W5                   IBUF (Prop_ibuf_I_O)         0.226     0.226 r  Clk_IBUF_inst/O
                         net (fo=1, routed)           0.631     0.858    Clk_IBUF
    BUFGCTRL_X0Y0        BUFG (Prop_bufg_I_O)         0.026     0.884 r  Clk_IBUF_BUFG_inst/O
                         net (fo=55, routed)          0.563     1.446    TX/CLK
    SLICE_X30Y46         FDCE                                         r  TX/State_reg/C
  -------------------------------------------------------------------    -------------------
    SLICE_X30Y46         FDCE (Prop_fdce_C_Q)         0.164     1.610 r  TX/State_reg/Q
                         net (fo=13, routed)          0.196     1.806    TX/State
    SLICE_X28Y45         FDRE                                         r  TX/counter_reg[2]/CE
  -------------------------------------------------------------------    -------------------

Slack:                    inf
  Source:                 TX/State_reg/C
                            (rising edge-triggered cell FDCE clocked by sys_clk_pin  {rise@0.000ns fall@5.000ns period=10.000ns})
  Destination:            TX/counter_reg[3]/CE
  Path Group:             (none)
  Path Type:              Min at Fast Process Corner
  Data Path Delay:        0.360ns  (logic 0.164ns (45.594%)  route 0.196ns (54.406%))
  Logic Levels:           0  
  Clock Uncertainty:      0.025ns  ((TSJ^2 + TIJ^2)^1/2 + DJ) / 2 + PE
    Total System Jitter     (TSJ):    0.050ns
    Total Input Jitter      (TIJ):    0.000ns
    Discrete Jitter          (DJ):    0.000ns
    Phase Error              (PE):    0.000ns

    Location             Delay type                Incr(ns)  Path(ns)    Netlist Resource(s)
  -------------------------------------------------------------------    -------------------
                         (clock sys_clk_pin rise edge)
                                                      0.000     0.000 r  
    W5                                                0.000     0.000 r  Clk (IN)
                         net (fo=0)                   0.000     0.000    Clk
    W5                   IBUF (Prop_ibuf_I_O)         0.226     0.226 r  Clk_IBUF_inst/O
                         net (fo=1, routed)           0.631     0.858    Clk_IBUF
    BUFGCTRL_X0Y0        BUFG (Prop_bufg_I_O)         0.026     0.884 r  Clk_IBUF_BUFG_inst/O
                         net (fo=55, routed)          0.563     1.446    TX/CLK
    SLICE_X30Y46         FDCE                                         r  TX/State_reg/C
  -------------------------------------------------------------------    -------------------
    SLICE_X30Y46         FDCE (Prop_fdce_C_Q)         0.164     1.610 r  TX/State_reg/Q
                         net (fo=13, routed)          0.196     1.806    TX/State
    SLICE_X28Y45         FDRE                                         r  TX/counter_reg[3]/CE
  -------------------------------------------------------------------    -------------------

Slack:                    inf
  Source:                 TX/State_reg/C
                            (rising edge-triggered cell FDCE clocked by sys_clk_pin  {rise@0.000ns fall@5.000ns period=10.000ns})
  Destination:            TX/counter_reg[0]/CE
  Path Group:             (none)
  Path Type:              Min at Fast Process Corner
  Data Path Delay:        0.393ns  (logic 0.164ns (41.719%)  route 0.229ns (58.281%))
  Logic Levels:           0  
  Clock Uncertainty:      0.025ns  ((TSJ^2 + TIJ^2)^1/2 + DJ) / 2 + PE
    Total System Jitter     (TSJ):    0.050ns
    Total Input Jitter      (TIJ):    0.000ns
    Discrete Jitter          (DJ):    0.000ns
    Phase Error              (PE):    0.000ns

    Location             Delay type                Incr(ns)  Path(ns)    Netlist Resource(s)
  -------------------------------------------------------------------    -------------------
                         (clock sys_clk_pin rise edge)
                                                      0.000     0.000 r  
    W5                                                0.000     0.000 r  Clk (IN)
                         net (fo=0)                   0.000     0.000    Clk
    W5                   IBUF (Prop_ibuf_I_O)         0.226     0.226 r  Clk_IBUF_inst/O
                         net (fo=1, routed)           0.631     0.858    Clk_IBUF
    BUFGCTRL_X0Y0        BUFG (Prop_bufg_I_O)         0.026     0.884 r  Clk_IBUF_BUFG_inst/O
                         net (fo=55, routed)          0.563     1.446    TX/CLK
    SLICE_X30Y46         FDCE                                         r  TX/State_reg/C
  -------------------------------------------------------------------    -------------------
    SLICE_X30Y46         FDCE (Prop_fdce_C_Q)         0.164     1.610 r  TX/State_reg/Q
                         net (fo=13, routed)          0.229     1.839    TX/State
    SLICE_X30Y48         FDRE                                         r  TX/counter_reg[0]/CE
  -------------------------------------------------------------------    -------------------

Slack:                    inf
  Source:                 RX/FSM_sequential_State_reg/C
                            (rising edge-triggered cell FDCE clocked by sys_clk_pin  {rise@0.000ns fall@5.000ns period=10.000ns})
  Destination:            RX/counter_reg[2]/CE
  Path Group:             (none)
  Path Type:              Min at Fast Process Corner
  Data Path Delay:        0.445ns  (logic 0.164ns (36.852%)  route 0.281ns (63.148%))
  Logic Levels:           0  
  Clock Uncertainty:      0.025ns  ((TSJ^2 + TIJ^2)^1/2 + DJ) / 2 + PE
    Total System Jitter     (TSJ):    0.050ns
    Total Input Jitter      (TIJ):    0.000ns
    Discrete Jitter          (DJ):    0.000ns
    Phase Error              (PE):    0.000ns

    Location             Delay type                Incr(ns)  Path(ns)    Netlist Resource(s)
  -------------------------------------------------------------------    -------------------
                         (clock sys_clk_pin rise edge)
                                                      0.000     0.000 r  
    W5                                                0.000     0.000 r  Clk (IN)
                         net (fo=0)                   0.000     0.000    Clk
    W5                   IBUF (Prop_ibuf_I_O)         0.226     0.226 r  Clk_IBUF_inst/O
                         net (fo=1, routed)           0.631     0.858    Clk_IBUF
    BUFGCTRL_X0Y0        BUFG (Prop_bufg_I_O)         0.026     0.884 r  Clk_IBUF_BUFG_inst/O
                         net (fo=55, routed)          0.561     1.444    RX/CLK
    SLICE_X30Y54         FDCE                                         r  RX/FSM_sequential_State_reg/C
  -------------------------------------------------------------------    -------------------
    SLICE_X30Y54         FDCE (Prop_fdce_C_Q)         0.164     1.608 r  RX/FSM_sequential_State_reg/Q
                         net (fo=10, routed)          0.281     1.889    RX/read_enable__0
    SLICE_X30Y56         FDRE                                         r  RX/counter_reg[2]/CE
  -------------------------------------------------------------------    -------------------

Slack:                    inf
  Source:                 RX/FSM_sequential_State_reg/C
                            (rising edge-triggered cell FDCE clocked by sys_clk_pin  {rise@0.000ns fall@5.000ns period=10.000ns})
  Destination:            RX/counter_reg[3]/CE
  Path Group:             (none)
  Path Type:              Min at Fast Process Corner
  Data Path Delay:        0.445ns  (logic 0.164ns (36.852%)  route 0.281ns (63.148%))
  Logic Levels:           0  
  Clock Uncertainty:      0.025ns  ((TSJ^2 + TIJ^2)^1/2 + DJ) / 2 + PE
    Total System Jitter     (TSJ):    0.050ns
    Total Input Jitter      (TIJ):    0.000ns
    Discrete Jitter          (DJ):    0.000ns
    Phase Error              (PE):    0.000ns

    Location             Delay type                Incr(ns)  Path(ns)    Netlist Resource(s)
  -------------------------------------------------------------------    -------------------
                         (clock sys_clk_pin rise edge)
                                                      0.000     0.000 r  
    W5                                                0.000     0.000 r  Clk (IN)
                         net (fo=0)                   0.000     0.000    Clk
    W5                   IBUF (Prop_ibuf_I_O)         0.226     0.226 r  Clk_IBUF_inst/O
                         net (fo=1, routed)           0.631     0.858    Clk_IBUF
    BUFGCTRL_X0Y0        BUFG (Prop_bufg_I_O)         0.026     0.884 r  Clk_IBUF_BUFG_inst/O
                         net (fo=55, routed)          0.561     1.444    RX/CLK
    SLICE_X30Y54         FDCE                                         r  RX/FSM_sequential_State_reg/C
  -------------------------------------------------------------------    -------------------
    SLICE_X30Y54         FDCE (Prop_fdce_C_Q)         0.164     1.608 r  RX/FSM_sequential_State_reg/Q
                         net (fo=10, routed)          0.281     1.889    RX/read_enable__0
    SLICE_X30Y56         FDRE                                         r  RX/counter_reg[3]/CE
  -------------------------------------------------------------------    -------------------

Slack:                    inf
  Source:                 RX/FSM_sequential_State_reg/C
                            (rising edge-triggered cell FDCE clocked by sys_clk_pin  {rise@0.000ns fall@5.000ns period=10.000ns})
  Destination:            RX/counter_reg[0]/CE
  Path Group:             (none)
  Path Type:              Min at Fast Process Corner
  Data Path Delay:        0.458ns  (logic 0.164ns (35.786%)  route 0.294ns (64.214%))
  Logic Levels:           0  
  Clock Uncertainty:      0.025ns  ((TSJ^2 + TIJ^2)^1/2 + DJ) / 2 + PE
    Total System Jitter     (TSJ):    0.050ns
    Total Input Jitter      (TIJ):    0.000ns
    Discrete Jitter          (DJ):    0.000ns
    Phase Error              (PE):    0.000ns

    Location             Delay type                Incr(ns)  Path(ns)    Netlist Resource(s)
  -------------------------------------------------------------------    -------------------
                         (clock sys_clk_pin rise edge)
                                                      0.000     0.000 r  
    W5                                                0.000     0.000 r  Clk (IN)
                         net (fo=0)                   0.000     0.000    Clk
    W5                   IBUF (Prop_ibuf_I_O)         0.226     0.226 r  Clk_IBUF_inst/O
                         net (fo=1, routed)           0.631     0.858    Clk_IBUF
    BUFGCTRL_X0Y0        BUFG (Prop_bufg_I_O)         0.026     0.884 r  Clk_IBUF_BUFG_inst/O
                         net (fo=55, routed)          0.561     1.444    RX/CLK
    SLICE_X30Y54         FDCE                                         r  RX/FSM_sequential_State_reg/C
  -------------------------------------------------------------------    -------------------
    SLICE_X30Y54         FDCE (Prop_fdce_C_Q)         0.164     1.608 r  RX/FSM_sequential_State_reg/Q
                         net (fo=10, routed)          0.294     1.903    RX/read_enable__0
    SLICE_X30Y57         FDRE                                         r  RX/counter_reg[0]/CE
  -------------------------------------------------------------------    -------------------

Slack:                    inf
  Source:                 RX/FSM_sequential_State_reg/C
                            (rising edge-triggered cell FDCE clocked by sys_clk_pin  {rise@0.000ns fall@5.000ns period=10.000ns})
  Destination:            RX/counter_reg[1]/CE
  Path Group:             (none)
  Path Type:              Min at Fast Process Corner
  Data Path Delay:        0.458ns  (logic 0.164ns (35.786%)  route 0.294ns (64.214%))
  Logic Levels:           0  
  Clock Uncertainty:      0.025ns  ((TSJ^2 + TIJ^2)^1/2 + DJ) / 2 + PE
    Total System Jitter     (TSJ):    0.050ns
    Total Input Jitter      (TIJ):    0.000ns
    Discrete Jitter          (DJ):    0.000ns
    Phase Error              (PE):    0.000ns

    Location             Delay type                Incr(ns)  Path(ns)    Netlist Resource(s)
  -------------------------------------------------------------------    -------------------
                         (clock sys_clk_pin rise edge)
                                                      0.000     0.000 r  
    W5                                                0.000     0.000 r  Clk (IN)
                         net (fo=0)                   0.000     0.000    Clk
    W5                   IBUF (Prop_ibuf_I_O)         0.226     0.226 r  Clk_IBUF_inst/O
                         net (fo=1, routed)           0.631     0.858    Clk_IBUF
    BUFGCTRL_X0Y0        BUFG (Prop_bufg_I_O)         0.026     0.884 r  Clk_IBUF_BUFG_inst/O
                         net (fo=55, routed)          0.561     1.444    RX/CLK
    SLICE_X30Y54         FDCE                                         r  RX/FSM_sequential_State_reg/C
  -------------------------------------------------------------------    -------------------
    SLICE_X30Y54         FDCE (Prop_fdce_C_Q)         0.164     1.608 r  RX/FSM_sequential_State_reg/Q
                         net (fo=10, routed)          0.294     1.903    RX/read_enable__0
    SLICE_X30Y57         FDRE                                         r  RX/counter_reg[1]/CE
  -------------------------------------------------------------------    -------------------

Slack:                    inf
  Source:                 RX/FSM_sequential_State_reg/C
                            (rising edge-triggered cell FDCE clocked by sys_clk_pin  {rise@0.000ns fall@5.000ns period=10.000ns})
  Destination:            RX/RxDone_reg/D
  Path Group:             (none)
  Path Type:              Min at Fast Process Corner
  Data Path Delay:        0.528ns  (logic 0.209ns (39.565%)  route 0.319ns (60.435%))
  Logic Levels:           1  (LUT3=1)
  Clock Uncertainty:      0.025ns  ((TSJ^2 + TIJ^2)^1/2 + DJ) / 2 + PE
    Total System Jitter     (TSJ):    0.050ns
    Total Input Jitter      (TIJ):    0.000ns
    Discrete Jitter          (DJ):    0.000ns
    Phase Error              (PE):    0.000ns

    Location             Delay type                Incr(ns)  Path(ns)    Netlist Resource(s)
  -------------------------------------------------------------------    -------------------
                         (clock sys_clk_pin rise edge)
                                                      0.000     0.000 r  
    W5                                                0.000     0.000 r  Clk (IN)
                         net (fo=0)                   0.000     0.000    Clk
    W5                   IBUF (Prop_ibuf_I_O)         0.226     0.226 r  Clk_IBUF_inst/O
                         net (fo=1, routed)           0.631     0.858    Clk_IBUF
    BUFGCTRL_X0Y0        BUFG (Prop_bufg_I_O)         0.026     0.884 r  Clk_IBUF_BUFG_inst/O
                         net (fo=55, routed)          0.561     1.444    RX/CLK
    SLICE_X30Y54         FDCE                                         r  RX/FSM_sequential_State_reg/C
  -------------------------------------------------------------------    -------------------
    SLICE_X30Y54         FDCE (Prop_fdce_C_Q)         0.164     1.608 r  RX/FSM_sequential_State_reg/Q
                         net (fo=10, routed)          0.319     1.927    RX/read_enable__0
    SLICE_X30Y55         LUT3 (Prop_lut3_I1_O)        0.045     1.972 r  RX/RxDone_i_1/O
                         net (fo=1, routed)           0.000     1.972    RX/RxDone_i_1_n_0
    SLICE_X30Y55         FDRE                                         r  RX/RxDone_reg/D
  -------------------------------------------------------------------    -------------------

Slack:                    inf
  Source:                 TX/State_reg/C
                            (rising edge-triggered cell FDCE clocked by sys_clk_pin  {rise@0.000ns fall@5.000ns period=10.000ns})
  Destination:            TX/TxDone_reg/D
  Path Group:             (none)
  Path Type:              Min at Fast Process Corner
  Data Path Delay:        0.597ns  (logic 0.209ns (35.026%)  route 0.388ns (64.974%))
  Logic Levels:           1  (LUT5=1)
  Clock Uncertainty:      0.025ns  ((TSJ^2 + TIJ^2)^1/2 + DJ) / 2 + PE
    Total System Jitter     (TSJ):    0.050ns
    Total Input Jitter      (TIJ):    0.000ns
    Discrete Jitter          (DJ):    0.000ns
    Phase Error              (PE):    0.000ns

    Location             Delay type                Incr(ns)  Path(ns)    Netlist Resource(s)
  -------------------------------------------------------------------    -------------------
                         (clock sys_clk_pin rise edge)
                                                      0.000     0.000 r  
    W5                                                0.000     0.000 r  Clk (IN)
                         net (fo=0)                   0.000     0.000    Clk
    W5                   IBUF (Prop_ibuf_I_O)         0.226     0.226 r  Clk_IBUF_inst/O
                         net (fo=1, routed)           0.631     0.858    Clk_IBUF
    BUFGCTRL_X0Y0        BUFG (Prop_bufg_I_O)         0.026     0.884 r  Clk_IBUF_BUFG_inst/O
                         net (fo=55, routed)          0.563     1.446    TX/CLK
    SLICE_X30Y46         FDCE                                         r  TX/State_reg/C
  -------------------------------------------------------------------    -------------------
    SLICE_X30Y46         FDCE (Prop_fdce_C_Q)         0.164     1.610 r  TX/State_reg/Q
                         net (fo=13, routed)          0.388     1.998    TX/State
    SLICE_X30Y49         LUT5 (Prop_lut5_I2_O)        0.045     2.043 r  TX/TxDone_i_1/O
                         net (fo=1, routed)           0.000     2.043    TX/TxDone_i_1_n_0
    SLICE_X30Y49         FDRE                                         r  TX/TxDone_reg/D
  -------------------------------------------------------------------    -------------------





--------------------------------------------------------------------------------------
Path Group:  (none)
From Clock:  
  To Clock:  sys_clk_pin

Max Delay            57 Endpoints
Min Delay            57 Endpoints
--------------------------------------------------------------------------------------


Max Delay Paths
--------------------------------------------------------------------------------------
Slack:                    inf
  Source:                 Rx
                            (input port)
  Destination:            RX/FSM_sequential_State_reg/D
                            (rising edge-triggered cell FDCE clocked by sys_clk_pin  {rise@0.000ns fall@5.000ns period=10.000ns})
  Path Group:             (none)
  Path Type:              Setup (Max at Slow Process Corner)
  Data Path Delay:        6.380ns  (logic 1.589ns (24.908%)  route 4.791ns (75.092%))
  Logic Levels:           2  (IBUF=1 LUT3=1)
  Clock Path Skew:        4.776ns (DCD - SCD + CPR)
    Destination Clock Delay (DCD):    4.776ns
    Source Clock Delay      (SCD):    0.000ns
    Clock Pessimism Removal (CPR):    0.000ns
  Clock Uncertainty:      0.025ns  ((TSJ^2 + TIJ^2)^1/2 + DJ) / 2 + PE
    Total System Jitter     (TSJ):    0.050ns
    Total Input Jitter      (TIJ):    0.000ns
    Discrete Jitter          (DJ):    0.000ns
    Phase Error              (PE):    0.000ns

    Location             Delay type                Incr(ns)  Path(ns)    Netlist Resource(s)
  -------------------------------------------------------------------    -------------------
    A14                                               0.000     0.000 f  Rx (IN)
                         net (fo=0)                   0.000     0.000    Rx
    A14                  IBUF (Prop_ibuf_I_O)         1.465     1.465 f  Rx_IBUF_inst/O
                         net (fo=3, routed)           4.791     6.256    RX/D[0]
    SLICE_X30Y54         LUT3 (Prop_lut3_I0_O)        0.124     6.380 r  RX/FSM_sequential_State_i_1/O
                         net (fo=1, routed)           0.000     6.380    RX/Next
    SLICE_X30Y54         FDCE                                         r  RX/FSM_sequential_State_reg/D
  -------------------------------------------------------------------    -------------------

                         (clock sys_clk_pin rise edge)
                                                      0.000     0.000 r  
    W5                                                0.000     0.000 r  Clk (IN)
                         net (fo=0)                   0.000     0.000    Clk
    W5                   IBUF (Prop_ibuf_I_O)         1.388     1.388 r  Clk_IBUF_inst/O
                         net (fo=1, routed)           1.862     3.250    Clk_IBUF
    BUFGCTRL_X0Y0        BUFG (Prop_bufg_I_O)         0.091     3.341 r  Clk_IBUF_BUFG_inst/O
                         net (fo=55, routed)          1.435     4.776    RX/CLK
    SLICE_X30Y54         FDCE                                         r  RX/FSM_sequential_State_reg/C

Slack:                    inf
  Source:                 Rst_n
                            (input port)
  Destination:            U0_clkdiv/clk1000Hz_reg/D
                            (rising edge-triggered cell FDRE clocked by sys_clk_pin  {rise@0.000ns fall@5.000ns period=10.000ns})
  Path Group:             (none)
  Path Type:              Setup (Max at Slow Process Corner)
  Data Path Delay:        5.935ns  (logic 1.828ns (30.804%)  route 4.107ns (69.196%))
  Logic Levels:           4  (IBUF=1 LUT3=1 LUT4=1 LUT6=1)
  Clock Path Skew:        4.786ns (DCD - SCD + CPR)
    Destination Clock Delay (DCD):    4.786ns
    Source Clock Delay      (SCD):    0.000ns
    Clock Pessimism Removal (CPR):    0.000ns
  Clock Uncertainty:      0.025ns  ((TSJ^2 + TIJ^2)^1/2 + DJ) / 2 + PE
    Total System Jitter     (TSJ):    0.050ns
    Total Input Jitter      (TIJ):    0.000ns
    Discrete Jitter          (DJ):    0.000ns
    Phase Error              (PE):    0.000ns

    Location             Delay type                Incr(ns)  Path(ns)    Netlist Resource(s)
  -------------------------------------------------------------------    -------------------
    R2                                                0.000     0.000 f  Rst_n (IN)
                         net (fo=0)                   0.000     0.000    Rst_n
    R2                   IBUF (Prop_ibuf_I_O)         1.456     1.456 f  Rst_n_IBUF_inst/O
                         net (fo=9, routed)           2.827     4.283    U0_clkdiv/Rst_n_IBUF
    SLICE_X33Y46         LUT4 (Prop_lut4_I2_O)        0.124     4.407 r  U0_clkdiv/clk1000Hz_i_5/O
                         net (fo=1, routed)           0.864     5.271    U0_clkdiv/clk1000Hz_i_5_n_0
    SLICE_X32Y46         LUT6 (Prop_lut6_I4_O)        0.124     5.395 r  U0_clkdiv/clk1000Hz_i_2/O
                         net (fo=1, routed)           0.416     5.811    U0_clkdiv/clk1000Hz_i_2_n_0
    SLICE_X32Y45         LUT3 (Prop_lut3_I0_O)        0.124     5.935 r  U0_clkdiv/clk1000Hz_i_1/O
                         net (fo=1, routed)           0.000     5.935    U0_clkdiv/clk1000Hz_i_1_n_0
    SLICE_X32Y45         FDRE                                         r  U0_clkdiv/clk1000Hz_reg/D
  -------------------------------------------------------------------    -------------------

                         (clock sys_clk_pin rise edge)
                                                      0.000     0.000 r  
    W5                                                0.000     0.000 r  Clk (IN)
                         net (fo=0)                   0.000     0.000    Clk
    W5                   IBUF (Prop_ibuf_I_O)         1.388     1.388 r  Clk_IBUF_inst/O
                         net (fo=1, routed)           1.862     3.250    Clk_IBUF
    BUFGCTRL_X0Y0        BUFG (Prop_bufg_I_O)         0.091     3.341 r  Clk_IBUF_BUFG_inst/O
                         net (fo=55, routed)          1.445     4.786    U0_clkdiv/cnt_reg[25]_0
    SLICE_X32Y45         FDRE                                         r  U0_clkdiv/clk1000Hz_reg/C

Slack:                    inf
  Source:                 Rst_n
                            (input port)
  Destination:            RX/FSM_sequential_State_reg/CLR
                            (recovery check against rising-edge clock sys_clk_pin  {rise@0.000ns fall@5.000ns period=10.000ns})
  Path Group:             (none)
  Path Type:              Recovery (Max at Slow Process Corner)
  Data Path Delay:        5.897ns  (logic 1.605ns (27.220%)  route 4.292ns (72.780%))
  Logic Levels:           2  (IBUF=1 LUT1=1)
  Clock Path Skew:        4.776ns (DCD - SCD + CPR)
    Destination Clock Delay (DCD):    4.776ns
    Source Clock Delay      (SCD):    0.000ns
    Clock Pessimism Removal (CPR):    0.000ns
  Clock Uncertainty:      0.025ns  ((TSJ^2 + TIJ^2)^1/2 + DJ) / 2 + PE
    Total System Jitter     (TSJ):    0.050ns
    Total Input Jitter      (TIJ):    0.000ns
    Discrete Jitter          (DJ):    0.000ns
    Phase Error              (PE):    0.000ns

    Location             Delay type                Incr(ns)  Path(ns)    Netlist Resource(s)
  -------------------------------------------------------------------    -------------------
    R2                                                0.000     0.000 r  Rst_n (IN)
                         net (fo=0)                   0.000     0.000    Rst_n
    R2                   IBUF (Prop_ibuf_I_O)         1.456     1.456 r  Rst_n_IBUF_inst/O
                         net (fo=9, routed)           2.528     3.984    U0_clkdiv/Rst_n_IBUF
    SLICE_X35Y43         LUT1 (Prop_lut1_I0_O)        0.149     4.133 f  U0_clkdiv/FSM_sequential_State_i_2/O
                         net (fo=48, routed)          1.764     5.897    RX/FSM_sequential_State_reg_0
    SLICE_X30Y54         FDCE                                         f  RX/FSM_sequential_State_reg/CLR
  -------------------------------------------------------------------    -------------------

                         (clock sys_clk_pin rise edge)
                                                      0.000     0.000 r  
    W5                                                0.000     0.000 r  Clk (IN)
                         net (fo=0)                   0.000     0.000    Clk
    W5                   IBUF (Prop_ibuf_I_O)         1.388     1.388 r  Clk_IBUF_inst/O
                         net (fo=1, routed)           1.862     3.250    Clk_IBUF
    BUFGCTRL_X0Y0        BUFG (Prop_bufg_I_O)         0.091     3.341 r  Clk_IBUF_BUFG_inst/O
                         net (fo=55, routed)          1.435     4.776    RX/CLK
    SLICE_X30Y54         FDCE                                         r  RX/FSM_sequential_State_reg/C

Slack:                    inf
  Source:                 Rst_n
                            (input port)
  Destination:            BAUDGEN/baudRateReg_reg[12]/CLR
                            (recovery check against rising-edge clock sys_clk_pin  {rise@0.000ns fall@5.000ns period=10.000ns})
  Path Group:             (none)
  Path Type:              Recovery (Max at Slow Process Corner)
  Data Path Delay:        5.706ns  (logic 1.605ns (28.133%)  route 4.101ns (71.867%))
  Logic Levels:           2  (IBUF=1 LUT1=1)
  Clock Path Skew:        4.776ns (DCD - SCD + CPR)
    Destination Clock Delay (DCD):    4.776ns
    Source Clock Delay      (SCD):    0.000ns
    Clock Pessimism Removal (CPR):    0.000ns
  Clock Uncertainty:      0.025ns  ((TSJ^2 + TIJ^2)^1/2 + DJ) / 2 + PE
    Total System Jitter     (TSJ):    0.050ns
    Total Input Jitter      (TIJ):    0.000ns
    Discrete Jitter          (DJ):    0.000ns
    Phase Error              (PE):    0.000ns

    Location             Delay type                Incr(ns)  Path(ns)    Netlist Resource(s)
  -------------------------------------------------------------------    -------------------
    R2                                                0.000     0.000 r  Rst_n (IN)
                         net (fo=0)                   0.000     0.000    Rst_n
    R2                   IBUF (Prop_ibuf_I_O)         1.456     1.456 r  Rst_n_IBUF_inst/O
                         net (fo=9, routed)           2.528     3.984    U0_clkdiv/Rst_n_IBUF
    SLICE_X35Y43         LUT1 (Prop_lut1_I0_O)        0.149     4.133 f  U0_clkdiv/FSM_sequential_State_i_2/O
                         net (fo=48, routed)          1.573     5.706    BAUDGEN/baudRateReg_reg[0]_0
    SLICE_X35Y50         FDCE                                         f  BAUDGEN/baudRateReg_reg[12]/CLR
  -------------------------------------------------------------------    -------------------

                         (clock sys_clk_pin rise edge)
                                                      0.000     0.000 r  
    W5                                                0.000     0.000 r  Clk (IN)
                         net (fo=0)                   0.000     0.000    Clk
    W5                   IBUF (Prop_ibuf_I_O)         1.388     1.388 r  Clk_IBUF_inst/O
                         net (fo=1, routed)           1.862     3.250    Clk_IBUF
    BUFGCTRL_X0Y0        BUFG (Prop_bufg_I_O)         0.091     3.341 r  Clk_IBUF_BUFG_inst/O
                         net (fo=55, routed)          1.435     4.776    BAUDGEN/CLK
    SLICE_X35Y50         FDCE                                         r  BAUDGEN/baudRateReg_reg[12]/C

Slack:                    inf
  Source:                 Rst_n
                            (input port)
  Destination:            BAUDGEN/baudRateReg_reg[13]/CLR
                            (recovery check against rising-edge clock sys_clk_pin  {rise@0.000ns fall@5.000ns period=10.000ns})
  Path Group:             (none)
  Path Type:              Recovery (Max at Slow Process Corner)
  Data Path Delay:        5.706ns  (logic 1.605ns (28.133%)  route 4.101ns (71.867%))
  Logic Levels:           2  (IBUF=1 LUT1=1)
  Clock Path Skew:        4.776ns (DCD - SCD + CPR)
    Destination Clock Delay (DCD):    4.776ns
    Source Clock Delay      (SCD):    0.000ns
    Clock Pessimism Removal (CPR):    0.000ns
  Clock Uncertainty:      0.025ns  ((TSJ^2 + TIJ^2)^1/2 + DJ) / 2 + PE
    Total System Jitter     (TSJ):    0.050ns
    Total Input Jitter      (TIJ):    0.000ns
    Discrete Jitter          (DJ):    0.000ns
    Phase Error              (PE):    0.000ns

    Location             Delay type                Incr(ns)  Path(ns)    Netlist Resource(s)
  -------------------------------------------------------------------    -------------------
    R2                                                0.000     0.000 r  Rst_n (IN)
                         net (fo=0)                   0.000     0.000    Rst_n
    R2                   IBUF (Prop_ibuf_I_O)         1.456     1.456 r  Rst_n_IBUF_inst/O
                         net (fo=9, routed)           2.528     3.984    U0_clkdiv/Rst_n_IBUF
    SLICE_X35Y43         LUT1 (Prop_lut1_I0_O)        0.149     4.133 f  U0_clkdiv/FSM_sequential_State_i_2/O
                         net (fo=48, routed)          1.573     5.706    BAUDGEN/baudRateReg_reg[0]_0
    SLICE_X35Y50         FDCE                                         f  BAUDGEN/baudRateReg_reg[13]/CLR
  -------------------------------------------------------------------    -------------------

                         (clock sys_clk_pin rise edge)
                                                      0.000     0.000 r  
    W5                                                0.000     0.000 r  Clk (IN)
                         net (fo=0)                   0.000     0.000    Clk
    W5                   IBUF (Prop_ibuf_I_O)         1.388     1.388 r  Clk_IBUF_inst/O
                         net (fo=1, routed)           1.862     3.250    Clk_IBUF
    BUFGCTRL_X0Y0        BUFG (Prop_bufg_I_O)         0.091     3.341 r  Clk_IBUF_BUFG_inst/O
                         net (fo=55, routed)          1.435     4.776    BAUDGEN/CLK
    SLICE_X35Y50         FDCE                                         r  BAUDGEN/baudRateReg_reg[13]/C

Slack:                    inf
  Source:                 Rst_n
                            (input port)
  Destination:            BAUDGEN/baudRateReg_reg[14]/CLR
                            (recovery check against rising-edge clock sys_clk_pin  {rise@0.000ns fall@5.000ns period=10.000ns})
  Path Group:             (none)
  Path Type:              Recovery (Max at Slow Process Corner)
  Data Path Delay:        5.706ns  (logic 1.605ns (28.133%)  route 4.101ns (71.867%))
  Logic Levels:           2  (IBUF=1 LUT1=1)
  Clock Path Skew:        4.776ns (DCD - SCD + CPR)
    Destination Clock Delay (DCD):    4.776ns
    Source Clock Delay      (SCD):    0.000ns
    Clock Pessimism Removal (CPR):    0.000ns
  Clock Uncertainty:      0.025ns  ((TSJ^2 + TIJ^2)^1/2 + DJ) / 2 + PE
    Total System Jitter     (TSJ):    0.050ns
    Total Input Jitter      (TIJ):    0.000ns
    Discrete Jitter          (DJ):    0.000ns
    Phase Error              (PE):    0.000ns

    Location             Delay type                Incr(ns)  Path(ns)    Netlist Resource(s)
  -------------------------------------------------------------------    -------------------
    R2                                                0.000     0.000 r  Rst_n (IN)
                         net (fo=0)                   0.000     0.000    Rst_n
    R2                   IBUF (Prop_ibuf_I_O)         1.456     1.456 r  Rst_n_IBUF_inst/O
                         net (fo=9, routed)           2.528     3.984    U0_clkdiv/Rst_n_IBUF
    SLICE_X35Y43         LUT1 (Prop_lut1_I0_O)        0.149     4.133 f  U0_clkdiv/FSM_sequential_State_i_2/O
                         net (fo=48, routed)          1.573     5.706    BAUDGEN/baudRateReg_reg[0]_0
    SLICE_X35Y50         FDCE                                         f  BAUDGEN/baudRateReg_reg[14]/CLR
  -------------------------------------------------------------------    -------------------

                         (clock sys_clk_pin rise edge)
                                                      0.000     0.000 r  
    W5                                                0.000     0.000 r  Clk (IN)
                         net (fo=0)                   0.000     0.000    Clk
    W5                   IBUF (Prop_ibuf_I_O)         1.388     1.388 r  Clk_IBUF_inst/O
                         net (fo=1, routed)           1.862     3.250    Clk_IBUF
    BUFGCTRL_X0Y0        BUFG (Prop_bufg_I_O)         0.091     3.341 r  Clk_IBUF_BUFG_inst/O
                         net (fo=55, routed)          1.435     4.776    BAUDGEN/CLK
    SLICE_X35Y50         FDCE                                         r  BAUDGEN/baudRateReg_reg[14]/C

Slack:                    inf
  Source:                 Rst_n
                            (input port)
  Destination:            BAUDGEN/baudRateReg_reg[15]/CLR
                            (recovery check against rising-edge clock sys_clk_pin  {rise@0.000ns fall@5.000ns period=10.000ns})
  Path Group:             (none)
  Path Type:              Recovery (Max at Slow Process Corner)
  Data Path Delay:        5.706ns  (logic 1.605ns (28.133%)  route 4.101ns (71.867%))
  Logic Levels:           2  (IBUF=1 LUT1=1)
  Clock Path Skew:        4.776ns (DCD - SCD + CPR)
    Destination Clock Delay (DCD):    4.776ns
    Source Clock Delay      (SCD):    0.000ns
    Clock Pessimism Removal (CPR):    0.000ns
  Clock Uncertainty:      0.025ns  ((TSJ^2 + TIJ^2)^1/2 + DJ) / 2 + PE
    Total System Jitter     (TSJ):    0.050ns
    Total Input Jitter      (TIJ):    0.000ns
    Discrete Jitter          (DJ):    0.000ns
    Phase Error              (PE):    0.000ns

    Location             Delay type                Incr(ns)  Path(ns)    Netlist Resource(s)
  -------------------------------------------------------------------    -------------------
    R2                                                0.000     0.000 r  Rst_n (IN)
                         net (fo=0)                   0.000     0.000    Rst_n
    R2                   IBUF (Prop_ibuf_I_O)         1.456     1.456 r  Rst_n_IBUF_inst/O
                         net (fo=9, routed)           2.528     3.984    U0_clkdiv/Rst_n_IBUF
    SLICE_X35Y43         LUT1 (Prop_lut1_I0_O)        0.149     4.133 f  U0_clkdiv/FSM_sequential_State_i_2/O
                         net (fo=48, routed)          1.573     5.706    BAUDGEN/baudRateReg_reg[0]_0
    SLICE_X35Y50         FDCE                                         f  BAUDGEN/baudRateReg_reg[15]/CLR
  -------------------------------------------------------------------    -------------------

                         (clock sys_clk_pin rise edge)
                                                      0.000     0.000 r  
    W5                                                0.000     0.000 r  Clk (IN)
                         net (fo=0)                   0.000     0.000    Clk
    W5                   IBUF (Prop_ibuf_I_O)         1.388     1.388 r  Clk_IBUF_inst/O
                         net (fo=1, routed)           1.862     3.250    Clk_IBUF
    BUFGCTRL_X0Y0        BUFG (Prop_bufg_I_O)         0.091     3.341 r  Clk_IBUF_BUFG_inst/O
                         net (fo=55, routed)          1.435     4.776    BAUDGEN/CLK
    SLICE_X35Y50         FDCE                                         r  BAUDGEN/baudRateReg_reg[15]/C

Slack:                    inf
  Source:                 Rst_n
                            (input port)
  Destination:            U0_clkdiv/cnt_reg[22]/CLR
                            (recovery check against rising-edge clock sys_clk_pin  {rise@0.000ns fall@5.000ns period=10.000ns})
  Path Group:             (none)
  Path Type:              Recovery (Max at Slow Process Corner)
  Data Path Delay:        5.414ns  (logic 1.605ns (29.651%)  route 3.808ns (70.349%))
  Logic Levels:           2  (IBUF=1 LUT1=1)
  Clock Path Skew:        4.787ns (DCD - SCD + CPR)
    Destination Clock Delay (DCD):    4.787ns
    Source Clock Delay      (SCD):    0.000ns
    Clock Pessimism Removal (CPR):    0.000ns
  Clock Uncertainty:      0.025ns  ((TSJ^2 + TIJ^2)^1/2 + DJ) / 2 + PE
    Total System Jitter     (TSJ):    0.050ns
    Total Input Jitter      (TIJ):    0.000ns
    Discrete Jitter          (DJ):    0.000ns
    Phase Error              (PE):    0.000ns

    Location             Delay type                Incr(ns)  Path(ns)    Netlist Resource(s)
  -------------------------------------------------------------------    -------------------
    R2                                                0.000     0.000 r  Rst_n (IN)
                         net (fo=0)                   0.000     0.000    Rst_n
    R2                   IBUF (Prop_ibuf_I_O)         1.456     1.456 r  Rst_n_IBUF_inst/O
                         net (fo=9, routed)           2.528     3.984    U0_clkdiv/Rst_n_IBUF
    SLICE_X35Y43         LUT1 (Prop_lut1_I0_O)        0.149     4.133 f  U0_clkdiv/FSM_sequential_State_i_2/O
                         net (fo=48, routed)          1.281     5.414    U0_clkdiv/Rst_n
    SLICE_X33Y48         FDCE                                         f  U0_clkdiv/cnt_reg[22]/CLR
  -------------------------------------------------------------------    -------------------

                         (clock sys_clk_pin rise edge)
                                                      0.000     0.000 r  
    W5                                                0.000     0.000 r  Clk (IN)
                         net (fo=0)                   0.000     0.000    Clk
    W5                   IBUF (Prop_ibuf_I_O)         1.388     1.388 r  Clk_IBUF_inst/O
                         net (fo=1, routed)           1.862     3.250    Clk_IBUF
    BUFGCTRL_X0Y0        BUFG (Prop_bufg_I_O)         0.091     3.341 r  Clk_IBUF_BUFG_inst/O
                         net (fo=55, routed)          1.446     4.787    U0_clkdiv/cnt_reg[25]_0
    SLICE_X33Y48         FDCE                                         r  U0_clkdiv/cnt_reg[22]/C

Slack:                    inf
  Source:                 Rst_n
                            (input port)
  Destination:            U0_clkdiv/cnt_reg[23]/CLR
                            (recovery check against rising-edge clock sys_clk_pin  {rise@0.000ns fall@5.000ns period=10.000ns})
  Path Group:             (none)
  Path Type:              Recovery (Max at Slow Process Corner)
  Data Path Delay:        5.414ns  (logic 1.605ns (29.651%)  route 3.808ns (70.349%))
  Logic Levels:           2  (IBUF=1 LUT1=1)
  Clock Path Skew:        4.787ns (DCD - SCD + CPR)
    Destination Clock Delay (DCD):    4.787ns
    Source Clock Delay      (SCD):    0.000ns
    Clock Pessimism Removal (CPR):    0.000ns
  Clock Uncertainty:      0.025ns  ((TSJ^2 + TIJ^2)^1/2 + DJ) / 2 + PE
    Total System Jitter     (TSJ):    0.050ns
    Total Input Jitter      (TIJ):    0.000ns
    Discrete Jitter          (DJ):    0.000ns
    Phase Error              (PE):    0.000ns

    Location             Delay type                Incr(ns)  Path(ns)    Netlist Resource(s)
  -------------------------------------------------------------------    -------------------
    R2                                                0.000     0.000 r  Rst_n (IN)
                         net (fo=0)                   0.000     0.000    Rst_n
    R2                   IBUF (Prop_ibuf_I_O)         1.456     1.456 r  Rst_n_IBUF_inst/O
                         net (fo=9, routed)           2.528     3.984    U0_clkdiv/Rst_n_IBUF
    SLICE_X35Y43         LUT1 (Prop_lut1_I0_O)        0.149     4.133 f  U0_clkdiv/FSM_sequential_State_i_2/O
                         net (fo=48, routed)          1.281     5.414    U0_clkdiv/Rst_n
    SLICE_X33Y48         FDCE                                         f  U0_clkdiv/cnt_reg[23]/CLR
  -------------------------------------------------------------------    -------------------

                         (clock sys_clk_pin rise edge)
                                                      0.000     0.000 r  
    W5                                                0.000     0.000 r  Clk (IN)
                         net (fo=0)                   0.000     0.000    Clk
    W5                   IBUF (Prop_ibuf_I_O)         1.388     1.388 r  Clk_IBUF_inst/O
                         net (fo=1, routed)           1.862     3.250    Clk_IBUF
    BUFGCTRL_X0Y0        BUFG (Prop_bufg_I_O)         0.091     3.341 r  Clk_IBUF_BUFG_inst/O
                         net (fo=55, routed)          1.446     4.787    U0_clkdiv/cnt_reg[25]_0
    SLICE_X33Y48         FDCE                                         r  U0_clkdiv/cnt_reg[23]/C

Slack:                    inf
  Source:                 Rst_n
                            (input port)
  Destination:            U0_clkdiv/cnt_reg[24]/CLR
                            (recovery check against rising-edge clock sys_clk_pin  {rise@0.000ns fall@5.000ns period=10.000ns})
  Path Group:             (none)
  Path Type:              Recovery (Max at Slow Process Corner)
  Data Path Delay:        5.414ns  (logic 1.605ns (29.651%)  route 3.808ns (70.349%))
  Logic Levels:           2  (IBUF=1 LUT1=1)
  Clock Path Skew:        4.787ns (DCD - SCD + CPR)
    Destination Clock Delay (DCD):    4.787ns
    Source Clock Delay      (SCD):    0.000ns
    Clock Pessimism Removal (CPR):    0.000ns
  Clock Uncertainty:      0.025ns  ((TSJ^2 + TIJ^2)^1/2 + DJ) / 2 + PE
    Total System Jitter     (TSJ):    0.050ns
    Total Input Jitter      (TIJ):    0.000ns
    Discrete Jitter          (DJ):    0.000ns
    Phase Error              (PE):    0.000ns

    Location             Delay type                Incr(ns)  Path(ns)    Netlist Resource(s)
  -------------------------------------------------------------------    -------------------
    R2                                                0.000     0.000 r  Rst_n (IN)
                         net (fo=0)                   0.000     0.000    Rst_n
    R2                   IBUF (Prop_ibuf_I_O)         1.456     1.456 r  Rst_n_IBUF_inst/O
                         net (fo=9, routed)           2.528     3.984    U0_clkdiv/Rst_n_IBUF
    SLICE_X35Y43         LUT1 (Prop_lut1_I0_O)        0.149     4.133 f  U0_clkdiv/FSM_sequential_State_i_2/O
                         net (fo=48, routed)          1.281     5.414    U0_clkdiv/Rst_n
    SLICE_X33Y48         FDCE                                         f  U0_clkdiv/cnt_reg[24]/CLR
  -------------------------------------------------------------------    -------------------

                         (clock sys_clk_pin rise edge)
                                                      0.000     0.000 r  
    W5                                                0.000     0.000 r  Clk (IN)
                         net (fo=0)                   0.000     0.000    Clk
    W5                   IBUF (Prop_ibuf_I_O)         1.388     1.388 r  Clk_IBUF_inst/O
                         net (fo=1, routed)           1.862     3.250    Clk_IBUF
    BUFGCTRL_X0Y0        BUFG (Prop_bufg_I_O)         0.091     3.341 r  Clk_IBUF_BUFG_inst/O
                         net (fo=55, routed)          1.446     4.787    U0_clkdiv/cnt_reg[25]_0
    SLICE_X33Y48         FDCE                                         r  U0_clkdiv/cnt_reg[24]/C





Min Delay Paths
--------------------------------------------------------------------------------------
Slack:                    inf
  Source:                 RX/Read_data_reg[6]/C
                            (rising edge-triggered cell FDRE)
  Destination:            RX/RxData_reg[6]/D
                            (rising edge-triggered cell FDRE clocked by sys_clk_pin  {rise@0.000ns fall@5.000ns period=10.000ns})
  Path Group:             (none)
  Path Type:              Hold (Min at Fast Process Corner)
  Data Path Delay:        0.253ns  (logic 0.141ns (55.730%)  route 0.112ns (44.270%))
  Logic Levels:           1  (FDRE=1)
  Clock Uncertainty:      0.025ns  ((TSJ^2 + TIJ^2)^1/2 + DJ) / 2 + PE
    Total System Jitter     (TSJ):    0.050ns
    Total Input Jitter      (TIJ):    0.000ns
    Discrete Jitter          (DJ):    0.000ns
    Phase Error              (PE):    0.000ns

    Location             Delay type                Incr(ns)  Path(ns)    Netlist Resource(s)
  -------------------------------------------------------------------    -------------------
    SLICE_X31Y42         FDRE                         0.000     0.000 r  RX/Read_data_reg[6]/C
    SLICE_X31Y42         FDRE (Prop_fdre_C_Q)         0.141     0.141 r  RX/Read_data_reg[6]/Q
                         net (fo=2, routed)           0.112     0.253    RX/p_0_in[5]
    SLICE_X30Y42         FDRE                                         r  RX/RxData_reg[6]/D
  -------------------------------------------------------------------    -------------------

                         (clock sys_clk_pin rise edge)
                                                      0.000     0.000 r  
    W5                                                0.000     0.000 r  Clk (IN)
                         net (fo=0)                   0.000     0.000    Clk
    W5                   IBUF (Prop_ibuf_I_O)         0.414     0.414 r  Clk_IBUF_inst/O
                         net (fo=1, routed)           0.685     1.099    Clk_IBUF
    BUFGCTRL_X0Y0        BUFG (Prop_bufg_I_O)         0.029     1.128 r  Clk_IBUF_BUFG_inst/O
                         net (fo=55, routed)          0.831     1.958    RX/CLK
    SLICE_X30Y42         FDRE                                         r  RX/RxData_reg[6]/C

Slack:                    inf
  Source:                 RX/Read_data_reg[2]/C
                            (rising edge-triggered cell FDRE)
  Destination:            RX/RxData_reg[2]/D
                            (rising edge-triggered cell FDRE clocked by sys_clk_pin  {rise@0.000ns fall@5.000ns period=10.000ns})
  Path Group:             (none)
  Path Type:              Hold (Min at Fast Process Corner)
  Data Path Delay:        0.286ns  (logic 0.164ns (57.268%)  route 0.122ns (42.732%))
  Logic Levels:           1  (FDRE=1)
  Clock Uncertainty:      0.025ns  ((TSJ^2 + TIJ^2)^1/2 + DJ) / 2 + PE
    Total System Jitter     (TSJ):    0.050ns
    Total Input Jitter      (TIJ):    0.000ns
    Discrete Jitter          (DJ):    0.000ns
    Phase Error              (PE):    0.000ns

    Location             Delay type                Incr(ns)  Path(ns)    Netlist Resource(s)
  -------------------------------------------------------------------    -------------------
    SLICE_X30Y43         FDRE                         0.000     0.000 r  RX/Read_data_reg[2]/C
    SLICE_X30Y43         FDRE (Prop_fdre_C_Q)         0.164     0.164 r  RX/Read_data_reg[2]/Q
                         net (fo=2, routed)           0.122     0.286    RX/p_0_in[1]
    SLICE_X30Y42         FDRE                                         r  RX/RxData_reg[2]/D
  -------------------------------------------------------------------    -------------------

                         (clock sys_clk_pin rise edge)
                                                      0.000     0.000 r  
    W5                                                0.000     0.000 r  Clk (IN)
                         net (fo=0)                   0.000     0.000    Clk
    W5                   IBUF (Prop_ibuf_I_O)         0.414     0.414 r  Clk_IBUF_inst/O
                         net (fo=1, routed)           0.685     1.099    Clk_IBUF
    BUFGCTRL_X0Y0        BUFG (Prop_bufg_I_O)         0.029     1.128 r  Clk_IBUF_BUFG_inst/O
                         net (fo=55, routed)          0.831     1.958    RX/CLK
    SLICE_X30Y42         FDRE                                         r  RX/RxData_reg[2]/C

Slack:                    inf
  Source:                 RX/Read_data_reg[1]/C
                            (rising edge-triggered cell FDRE)
  Destination:            RX/RxData_reg[1]/D
                            (rising edge-triggered cell FDRE clocked by sys_clk_pin  {rise@0.000ns fall@5.000ns period=10.000ns})
  Path Group:             (none)
  Path Type:              Hold (Min at Fast Process Corner)
  Data Path Delay:        0.291ns  (logic 0.164ns (56.295%)  route 0.127ns (43.705%))
  Logic Levels:           1  (FDRE=1)
  Clock Uncertainty:      0.025ns  ((TSJ^2 + TIJ^2)^1/2 + DJ) / 2 + PE
    Total System Jitter     (TSJ):    0.050ns
    Total Input Jitter      (TIJ):    0.000ns
    Discrete Jitter          (DJ):    0.000ns
    Phase Error              (PE):    0.000ns

    Location             Delay type                Incr(ns)  Path(ns)    Netlist Resource(s)
  -------------------------------------------------------------------    -------------------
    SLICE_X30Y43         FDRE                         0.000     0.000 r  RX/Read_data_reg[1]/C
    SLICE_X30Y43         FDRE (Prop_fdre_C_Q)         0.164     0.164 r  RX/Read_data_reg[1]/Q
                         net (fo=2, routed)           0.127     0.291    RX/p_0_in[0]
    SLICE_X29Y43         FDRE                                         r  RX/RxData_reg[1]/D
  -------------------------------------------------------------------    -------------------

                         (clock sys_clk_pin rise edge)
                                                      0.000     0.000 r  
    W5                                                0.000     0.000 r  Clk (IN)
                         net (fo=0)                   0.000     0.000    Clk
    W5                   IBUF (Prop_ibuf_I_O)         0.414     0.414 r  Clk_IBUF_inst/O
                         net (fo=1, routed)           0.685     1.099    Clk_IBUF
    BUFGCTRL_X0Y0        BUFG (Prop_bufg_I_O)         0.029     1.128 r  Clk_IBUF_BUFG_inst/O
                         net (fo=55, routed)          0.833     1.960    RX/CLK
    SLICE_X29Y43         FDRE                                         r  RX/RxData_reg[1]/C

Slack:                    inf
  Source:                 RX/Read_data_reg[3]/C
                            (rising edge-triggered cell FDRE)
  Destination:            RX/RxData_reg[3]/D
                            (rising edge-triggered cell FDRE clocked by sys_clk_pin  {rise@0.000ns fall@5.000ns period=10.000ns})
  Path Group:             (none)
  Path Type:              Hold (Min at Fast Process Corner)
  Data Path Delay:        0.321ns  (logic 0.141ns (43.905%)  route 0.180ns (56.095%))
  Logic Levels:           1  (FDRE=1)
  Clock Uncertainty:      0.025ns  ((TSJ^2 + TIJ^2)^1/2 + DJ) / 2 + PE
    Total System Jitter     (TSJ):    0.050ns
    Total Input Jitter      (TIJ):    0.000ns
    Discrete Jitter          (DJ):    0.000ns
    Phase Error              (PE):    0.000ns

    Location             Delay type                Incr(ns)  Path(ns)    Netlist Resource(s)
  -------------------------------------------------------------------    -------------------
    SLICE_X31Y42         FDRE                         0.000     0.000 r  RX/Read_data_reg[3]/C
    SLICE_X31Y42         FDRE (Prop_fdre_C_Q)         0.141     0.141 r  RX/Read_data_reg[3]/Q
                         net (fo=2, routed)           0.180     0.321    RX/p_0_in[2]
    SLICE_X30Y42         FDRE                                         r  RX/RxData_reg[3]/D
  -------------------------------------------------------------------    -------------------

                         (clock sys_clk_pin rise edge)
                                                      0.000     0.000 r  
    W5                                                0.000     0.000 r  Clk (IN)
                         net (fo=0)                   0.000     0.000    Clk
    W5                   IBUF (Prop_ibuf_I_O)         0.414     0.414 r  Clk_IBUF_inst/O
                         net (fo=1, routed)           0.685     1.099    Clk_IBUF
    BUFGCTRL_X0Y0        BUFG (Prop_bufg_I_O)         0.029     1.128 r  Clk_IBUF_BUFG_inst/O
                         net (fo=55, routed)          0.831     1.958    RX/CLK
    SLICE_X30Y42         FDRE                                         r  RX/RxData_reg[3]/C

Slack:                    inf
  Source:                 RX/Read_data_reg[4]/C
                            (rising edge-triggered cell FDRE)
  Destination:            RX/RxData_reg[4]/D
                            (rising edge-triggered cell FDRE clocked by sys_clk_pin  {rise@0.000ns fall@5.000ns period=10.000ns})
  Path Group:             (none)
  Path Type:              Hold (Min at Fast Process Corner)
  Data Path Delay:        0.323ns  (logic 0.141ns (43.715%)  route 0.182ns (56.285%))
  Logic Levels:           1  (FDRE=1)
  Clock Uncertainty:      0.025ns  ((TSJ^2 + TIJ^2)^1/2 + DJ) / 2 + PE
    Total System Jitter     (TSJ):    0.050ns
    Total Input Jitter      (TIJ):    0.000ns
    Discrete Jitter          (DJ):    0.000ns
    Phase Error              (PE):    0.000ns

    Location             Delay type                Incr(ns)  Path(ns)    Netlist Resource(s)
  -------------------------------------------------------------------    -------------------
    SLICE_X31Y42         FDRE                         0.000     0.000 r  RX/Read_data_reg[4]/C
    SLICE_X31Y42         FDRE (Prop_fdre_C_Q)         0.141     0.141 r  RX/Read_data_reg[4]/Q
                         net (fo=2, routed)           0.182     0.323    RX/p_0_in[3]
    SLICE_X30Y42         FDRE                                         r  RX/RxData_reg[4]/D
  -------------------------------------------------------------------    -------------------

                         (clock sys_clk_pin rise edge)
                                                      0.000     0.000 r  
    W5                                                0.000     0.000 r  Clk (IN)
                         net (fo=0)                   0.000     0.000    Clk
    W5                   IBUF (Prop_ibuf_I_O)         0.414     0.414 r  Clk_IBUF_inst/O
                         net (fo=1, routed)           0.685     1.099    Clk_IBUF
    BUFGCTRL_X0Y0        BUFG (Prop_bufg_I_O)         0.029     1.128 r  Clk_IBUF_BUFG_inst/O
                         net (fo=55, routed)          0.831     1.958    RX/CLK
    SLICE_X30Y42         FDRE                                         r  RX/RxData_reg[4]/C

Slack:                    inf
  Source:                 RX/Read_data_reg[0]/C
                            (rising edge-triggered cell FDRE)
  Destination:            RX/RxData_reg[0]/D
                            (rising edge-triggered cell FDRE clocked by sys_clk_pin  {rise@0.000ns fall@5.000ns period=10.000ns})
  Path Group:             (none)
  Path Type:              Hold (Min at Fast Process Corner)
  Data Path Delay:        0.333ns  (logic 0.164ns (49.239%)  route 0.169ns (50.761%))
  Logic Levels:           1  (FDRE=1)
  Clock Uncertainty:      0.025ns  ((TSJ^2 + TIJ^2)^1/2 + DJ) / 2 + PE
    Total System Jitter     (TSJ):    0.050ns
    Total Input Jitter      (TIJ):    0.000ns
    Discrete Jitter          (DJ):    0.000ns
    Phase Error              (PE):    0.000ns

    Location             Delay type                Incr(ns)  Path(ns)    Netlist Resource(s)
  -------------------------------------------------------------------    -------------------
    SLICE_X30Y43         FDRE                         0.000     0.000 r  RX/Read_data_reg[0]/C
    SLICE_X30Y43         FDRE (Prop_fdre_C_Q)         0.164     0.164 r  RX/Read_data_reg[0]/Q
                         net (fo=1, routed)           0.169     0.333    RX/Read_data_reg_n_0_[0]
    SLICE_X29Y43         FDRE                                         r  RX/RxData_reg[0]/D
  -------------------------------------------------------------------    -------------------

                         (clock sys_clk_pin rise edge)
                                                      0.000     0.000 r  
    W5                                                0.000     0.000 r  Clk (IN)
                         net (fo=0)                   0.000     0.000    Clk
    W5                   IBUF (Prop_ibuf_I_O)         0.414     0.414 r  Clk_IBUF_inst/O
                         net (fo=1, routed)           0.685     1.099    Clk_IBUF
    BUFGCTRL_X0Y0        BUFG (Prop_bufg_I_O)         0.029     1.128 r  Clk_IBUF_BUFG_inst/O
                         net (fo=55, routed)          0.833     1.960    RX/CLK
    SLICE_X29Y43         FDRE                                         r  RX/RxData_reg[0]/C

Slack:                    inf
  Source:                 RX/Read_data_reg[7]/C
                            (rising edge-triggered cell FDRE)
  Destination:            RX/RxData_reg[7]/D
                            (rising edge-triggered cell FDRE clocked by sys_clk_pin  {rise@0.000ns fall@5.000ns period=10.000ns})
  Path Group:             (none)
  Path Type:              Hold (Min at Fast Process Corner)
  Data Path Delay:        0.334ns  (logic 0.164ns (49.062%)  route 0.170ns (50.938%))
  Logic Levels:           1  (FDRE=1)
  Clock Uncertainty:      0.025ns  ((TSJ^2 + TIJ^2)^1/2 + DJ) / 2 + PE
    Total System Jitter     (TSJ):    0.050ns
    Total Input Jitter      (TIJ):    0.000ns
    Discrete Jitter          (DJ):    0.000ns
    Phase Error              (PE):    0.000ns

    Location             Delay type                Incr(ns)  Path(ns)    Netlist Resource(s)
  -------------------------------------------------------------------    -------------------
    SLICE_X30Y43         FDRE                         0.000     0.000 r  RX/Read_data_reg[7]/C
    SLICE_X30Y43         FDRE (Prop_fdre_C_Q)         0.164     0.164 r  RX/Read_data_reg[7]/Q
                         net (fo=2, routed)           0.170     0.334    RX/p_0_in[6]
    SLICE_X31Y43         FDRE                                         r  RX/RxData_reg[7]/D
  -------------------------------------------------------------------    -------------------

                         (clock sys_clk_pin rise edge)
                                                      0.000     0.000 r  
    W5                                                0.000     0.000 r  Clk (IN)
                         net (fo=0)                   0.000     0.000    Clk
    W5                   IBUF (Prop_ibuf_I_O)         0.414     0.414 r  Clk_IBUF_inst/O
                         net (fo=1, routed)           0.685     1.099    Clk_IBUF
    BUFGCTRL_X0Y0        BUFG (Prop_bufg_I_O)         0.029     1.128 r  Clk_IBUF_BUFG_inst/O
                         net (fo=55, routed)          0.832     1.959    RX/CLK
    SLICE_X31Y43         FDRE                                         r  RX/RxData_reg[7]/C

Slack:                    inf
  Source:                 RX/RxDone_reg/C
                            (rising edge-triggered cell FDRE)
  Destination:            RX/FSM_sequential_State_reg/D
                            (rising edge-triggered cell FDCE clocked by sys_clk_pin  {rise@0.000ns fall@5.000ns period=10.000ns})
  Path Group:             (none)
  Path Type:              Hold (Min at Fast Process Corner)
  Data Path Delay:        0.416ns  (logic 0.209ns (50.207%)  route 0.207ns (49.793%))
  Logic Levels:           2  (FDRE=1 LUT3=1)
  Clock Uncertainty:      0.025ns  ((TSJ^2 + TIJ^2)^1/2 + DJ) / 2 + PE
    Total System Jitter     (TSJ):    0.050ns
    Total Input Jitter      (TIJ):    0.000ns
    Discrete Jitter          (DJ):    0.000ns
    Phase Error              (PE):    0.000ns

    Location             Delay type                Incr(ns)  Path(ns)    Netlist Resource(s)
  -------------------------------------------------------------------    -------------------
    SLICE_X30Y55         FDRE                         0.000     0.000 r  RX/RxDone_reg/C
    SLICE_X30Y55         FDRE (Prop_fdre_C_Q)         0.164     0.164 f  RX/RxDone_reg/Q
                         net (fo=2, routed)           0.207     0.371    RX/RxDone
    SLICE_X30Y54         LUT3 (Prop_lut3_I1_O)        0.045     0.416 r  RX/FSM_sequential_State_i_1/O
                         net (fo=1, routed)           0.000     0.416    RX/Next
    SLICE_X30Y54         FDCE                                         r  RX/FSM_sequential_State_reg/D
  -------------------------------------------------------------------    -------------------

                         (clock sys_clk_pin rise edge)
                                                      0.000     0.000 r  
    W5                                                0.000     0.000 r  Clk (IN)
                         net (fo=0)                   0.000     0.000    Clk
    W5                   IBUF (Prop_ibuf_I_O)         0.414     0.414 r  Clk_IBUF_inst/O
                         net (fo=1, routed)           0.685     1.099    Clk_IBUF
    BUFGCTRL_X0Y0        BUFG (Prop_bufg_I_O)         0.029     1.128 r  Clk_IBUF_BUFG_inst/O
                         net (fo=55, routed)          0.829     1.957    RX/CLK
    SLICE_X30Y54         FDCE                                         r  RX/FSM_sequential_State_reg/C

Slack:                    inf
  Source:                 TX/TxDone_reg/C
                            (rising edge-triggered cell FDRE)
  Destination:            TX/State_reg/D
                            (rising edge-triggered cell FDCE clocked by sys_clk_pin  {rise@0.000ns fall@5.000ns period=10.000ns})
  Path Group:             (none)
  Path Type:              Hold (Min at Fast Process Corner)
  Data Path Delay:        0.421ns  (logic 0.209ns (49.595%)  route 0.212ns (50.405%))
  Logic Levels:           2  (FDRE=1 LUT4=1)
  Clock Uncertainty:      0.025ns  ((TSJ^2 + TIJ^2)^1/2 + DJ) / 2 + PE
    Total System Jitter     (TSJ):    0.050ns
    Total Input Jitter      (TIJ):    0.000ns
    Discrete Jitter          (DJ):    0.000ns
    Phase Error              (PE):    0.000ns

    Location             Delay type                Incr(ns)  Path(ns)    Netlist Resource(s)
  -------------------------------------------------------------------    -------------------
    SLICE_X30Y49         FDRE                         0.000     0.000 r  TX/TxDone_reg/C
    SLICE_X30Y49         FDRE (Prop_fdre_C_Q)         0.164     0.164 f  TX/TxDone_reg/Q
                         net (fo=2, routed)           0.212     0.376    TX/TxDone
    SLICE_X30Y46         LUT4 (Prop_lut4_I2_O)        0.045     0.421 r  TX/State_i_1/O
                         net (fo=1, routed)           0.000     0.421    TX/Next
    SLICE_X30Y46         FDCE                                         r  TX/State_reg/D
  -------------------------------------------------------------------    -------------------

                         (clock sys_clk_pin rise edge)
                                                      0.000     0.000 r  
    W5                                                0.000     0.000 r  Clk (IN)
                         net (fo=0)                   0.000     0.000    Clk
    W5                   IBUF (Prop_ibuf_I_O)         0.414     0.414 r  Clk_IBUF_inst/O
                         net (fo=1, routed)           0.685     1.099    Clk_IBUF
    BUFGCTRL_X0Y0        BUFG (Prop_bufg_I_O)         0.029     1.128 r  Clk_IBUF_BUFG_inst/O
                         net (fo=55, routed)          0.832     1.959    TX/CLK
    SLICE_X30Y46         FDCE                                         r  TX/State_reg/C

Slack:                    inf
  Source:                 RX/Read_data_reg[5]/C
                            (rising edge-triggered cell FDRE)
  Destination:            RX/RxData_reg[5]/D
                            (rising edge-triggered cell FDRE clocked by sys_clk_pin  {rise@0.000ns fall@5.000ns period=10.000ns})
  Path Group:             (none)
  Path Type:              Hold (Min at Fast Process Corner)
  Data Path Delay:        0.422ns  (logic 0.141ns (33.399%)  route 0.281ns (66.601%))
  Logic Levels:           1  (FDRE=1)
  Clock Uncertainty:      0.025ns  ((TSJ^2 + TIJ^2)^1/2 + DJ) / 2 + PE
    Total System Jitter     (TSJ):    0.050ns
    Total Input Jitter      (TIJ):    0.000ns
    Discrete Jitter          (DJ):    0.000ns
    Phase Error              (PE):    0.000ns

    Location             Delay type                Incr(ns)  Path(ns)    Netlist Resource(s)
  -------------------------------------------------------------------    -------------------
    SLICE_X31Y42         FDRE                         0.000     0.000 r  RX/Read_data_reg[5]/C
    SLICE_X31Y42         FDRE (Prop_fdre_C_Q)         0.141     0.141 r  RX/Read_data_reg[5]/Q
                         net (fo=2, routed)           0.281     0.422    RX/p_0_in[4]
    SLICE_X30Y42         FDRE                                         r  RX/RxData_reg[5]/D
  -------------------------------------------------------------------    -------------------

                         (clock sys_clk_pin rise edge)
                                                      0.000     0.000 r  
    W5                                                0.000     0.000 r  Clk (IN)
                         net (fo=0)                   0.000     0.000    Clk
    W5                   IBUF (Prop_ibuf_I_O)         0.414     0.414 r  Clk_IBUF_inst/O
                         net (fo=1, routed)           0.685     1.099    Clk_IBUF
    BUFGCTRL_X0Y0        BUFG (Prop_bufg_I_O)         0.029     1.128 r  Clk_IBUF_BUFG_inst/O
                         net (fo=55, routed)          0.831     1.958    RX/CLK
    SLICE_X30Y42         FDRE                                         r  RX/RxData_reg[5]/C





