TRACE::2026-06-04.14:06:51::SCWPlatform::Trying to open the hw design at D:/vivado_pj/workspace_myip_axi_fnd/axi_fnd_wrapper/hw/axi_fnd_wrapper.xsa
TRACE::2026-06-04.14:06:51::SCWPlatform::DSA given D:/vivado_pj/workspace_myip_axi_fnd/axi_fnd_wrapper/hw/axi_fnd_wrapper.xsa
TRACE::2026-06-04.14:06:51::SCWPlatform::DSA absoulate path D:/vivado_pj/workspace_myip_axi_fnd/axi_fnd_wrapper/hw/axi_fnd_wrapper.xsa
TRACE::2026-06-04.14:06:51::SCWPlatform::DSA directory D:/vivado_pj/workspace_myip_axi_fnd/axi_fnd_wrapper/hw
TRACE::2026-06-04.14:06:51::SCWPlatform:: Platform Path D:/vivado_pj/workspace_myip_axi_fnd/axi_fnd_wrapper/hw/axi_fnd_wrapper.xsa
TRACE::2026-06-04.14:06:51::SCWPlatform:: Unique name xilinx:::0.0
TRACE::2026-06-04.14:06:51::SCWPlatform::Do not have an existing db opened. 
TRACE::2026-06-04.14:06:51::SCWPlatform::Opened new HwDB with name axi_fnd_wrapper_0
TRACE::2026-06-04.14:06:51::SCWWriter::formatted JSON is {
	"platformName":	"axi_fnd_wrapper",
	"sprVersion":	"2.0",
	"mode":	"gui",
	"dsaType":	"Fixed",
	"platformDesc":	"axi_fnd_wrapper",
	"platHandOff":	"D:/vivado_pj/my_ip_fnd/axi_fnd_wrapper.xsa",
	"platIntHandOff":	"<platformDir>/hw/axi_fnd_wrapper.xsa",
	"deviceType":	"FPGA",
	"platIsPrebuiltAutogen":	"false",
	"platIsNoBootBsp":	"false",
	"hasFsblMakeHasChanges":	"false",
	"hasPmufwMakeHasChanges":	"false",
	"platPreBuiltFlag":	false,
	"platformSamplesDir":	""
}
TRACE::2026-06-04.14:06:51::SCWWriter::formatted JSON is {
	"platformName":	"axi_fnd_wrapper",
	"sprVersion":	"2.0",
	"mode":	"gui",
	"dsaType":	"Fixed",
	"platformDesc":	"axi_fnd_wrapper",
	"platHandOff":	"D:/vivado_pj/my_ip_fnd/axi_fnd_wrapper.xsa",
	"platIntHandOff":	"<platformDir>/hw/axi_fnd_wrapper.xsa",
	"deviceType":	"FPGA",
	"platIsPrebuiltAutogen":	"false",
	"platIsNoBootBsp":	"false",
	"hasFsblMakeHasChanges":	"false",
	"hasPmufwMakeHasChanges":	"false",
	"platPreBuiltFlag":	false,
	"platformSamplesDir":	"",
	"platActiveSys":	"axi_fnd_wrapper",
	"systems":	[{
			"systemName":	"axi_fnd_wrapper",
			"systemDesc":	"axi_fnd_wrapper",
			"sysIsBootAutoGen":	"true",
			"systemDispName":	"axi_fnd_wrapper"
		}]
}
TRACE::2026-06-04.14:06:51::SCWPlatform::Boot application domains not present, creating them
TRACE::2026-06-04.14:06:51::SCWPlatform::Pure FPGA device, no boot application will be created.
TRACE::2026-06-04.14:06:51::SCWWriter::formatted JSON is {
	"platformName":	"axi_fnd_wrapper",
	"sprVersion":	"2.0",
	"mode":	"gui",
	"dsaType":	"Fixed",
	"platformDesc":	"axi_fnd_wrapper",
	"platHandOff":	"D:/vivado_pj/my_ip_fnd/axi_fnd_wrapper.xsa",
	"platIntHandOff":	"<platformDir>/hw/axi_fnd_wrapper.xsa",
	"deviceType":	"FPGA",
	"platIsPrebuiltAutogen":	"false",
	"platIsNoBootBsp":	"false",
	"hasFsblMakeHasChanges":	"false",
	"hasPmufwMakeHasChanges":	"false",
	"platPreBuiltFlag":	false,
	"platformSamplesDir":	"",
	"platActiveSys":	"axi_fnd_wrapper",
	"systems":	[{
			"systemName":	"axi_fnd_wrapper",
			"systemDesc":	"axi_fnd_wrapper",
			"sysIsBootAutoGen":	"true",
			"systemDispName":	"axi_fnd_wrapper"
		}]
}
TRACE::2026-06-04.14:06:51::SCWWriter::formatted JSON is {
	"platformName":	"axi_fnd_wrapper",
	"sprVersion":	"2.0",
	"mode":	"gui",
	"dsaType":	"Fixed",
	"platformDesc":	"axi_fnd_wrapper",
	"platHandOff":	"D:/vivado_pj/my_ip_fnd/axi_fnd_wrapper.xsa",
	"platIntHandOff":	"<platformDir>/hw/axi_fnd_wrapper.xsa",
	"deviceType":	"FPGA",
	"platIsPrebuiltAutogen":	"false",
	"platIsNoBootBsp":	"false",
	"hasFsblMakeHasChanges":	"false",
	"hasPmufwMakeHasChanges":	"false",
	"platPreBuiltFlag":	false,
	"platformSamplesDir":	"",
	"platActiveSys":	"axi_fnd_wrapper",
	"systems":	[{
			"systemName":	"axi_fnd_wrapper",
			"systemDesc":	"axi_fnd_wrapper",
			"sysIsBootAutoGen":	"true",
			"systemDispName":	"axi_fnd_wrapper"
		}]
}
TRACE::2026-06-04.14:06:51::SCWPlatform::Trying to open the hw design at D:/vivado_pj/workspace_myip_axi_fnd/axi_fnd_wrapper/hw/axi_fnd_wrapper.xsa
TRACE::2026-06-04.14:06:51::SCWPlatform::DSA given D:/vivado_pj/workspace_myip_axi_fnd/axi_fnd_wrapper/hw/axi_fnd_wrapper.xsa
TRACE::2026-06-04.14:06:51::SCWPlatform::DSA absoulate path D:/vivado_pj/workspace_myip_axi_fnd/axi_fnd_wrapper/hw/axi_fnd_wrapper.xsa
TRACE::2026-06-04.14:06:51::SCWPlatform::DSA directory D:/vivado_pj/workspace_myip_axi_fnd/axi_fnd_wrapper/hw
TRACE::2026-06-04.14:06:51::SCWPlatform:: Platform Path D:/vivado_pj/workspace_myip_axi_fnd/axi_fnd_wrapper/hw/axi_fnd_wrapper.xsa
TRACE::2026-06-04.14:06:51::SCWPlatform:: Unique name xilinx:::0.0
TRACE::2026-06-04.14:06:51::SCWPlatform::Trying to set the existing hwdb with name axi_fnd_wrapper_0
TRACE::2026-06-04.14:06:51::SCWPlatform::Opened existing hwdb axi_fnd_wrapper_0
TRACE::2026-06-04.14:06:51::SCWPlatform::Found the Hw Db part of the input DSA
TRACE::2026-06-04.14:06:51::SCWPlatform::Trying to open the hw design at D:/vivado_pj/workspace_myip_axi_fnd/axi_fnd_wrapper/hw/axi_fnd_wrapper.xsa
TRACE::2026-06-04.14:06:51::SCWPlatform::DSA given D:/vivado_pj/workspace_myip_axi_fnd/axi_fnd_wrapper/hw/axi_fnd_wrapper.xsa
TRACE::2026-06-04.14:06:51::SCWPlatform::DSA absoulate path D:/vivado_pj/workspace_myip_axi_fnd/axi_fnd_wrapper/hw/axi_fnd_wrapper.xsa
TRACE::2026-06-04.14:06:51::SCWPlatform::DSA directory D:/vivado_pj/workspace_myip_axi_fnd/axi_fnd_wrapper/hw
TRACE::2026-06-04.14:06:51::SCWPlatform:: Platform Path D:/vivado_pj/workspace_myip_axi_fnd/axi_fnd_wrapper/hw/axi_fnd_wrapper.xsa
TRACE::2026-06-04.14:06:51::SCWPlatform:: Unique name xilinx:::0.0
TRACE::2026-06-04.14:06:51::SCWPlatform::Trying to set the existing hwdb with name axi_fnd_wrapper_0
TRACE::2026-06-04.14:06:51::SCWPlatform::Opened existing hwdb axi_fnd_wrapper_0
TRACE::2026-06-04.14:06:51::SCWPlatform::Found the Hw Db part of the input DSA
TRACE::2026-06-04.14:06:51::SCWDomain::checking for install qemu data   : 
TRACE::2026-06-04.14:06:51::SCWPlatform::Trying to open the hw design at D:/vivado_pj/workspace_myip_axi_fnd/axi_fnd_wrapper/hw/axi_fnd_wrapper.xsa
TRACE::2026-06-04.14:06:51::SCWPlatform::DSA given D:/vivado_pj/workspace_myip_axi_fnd/axi_fnd_wrapper/hw/axi_fnd_wrapper.xsa
TRACE::2026-06-04.14:06:51::SCWPlatform::DSA absoulate path D:/vivado_pj/workspace_myip_axi_fnd/axi_fnd_wrapper/hw/axi_fnd_wrapper.xsa
TRACE::2026-06-04.14:06:51::SCWPlatform::DSA directory D:/vivado_pj/workspace_myip_axi_fnd/axi_fnd_wrapper/hw
TRACE::2026-06-04.14:06:51::SCWPlatform:: Platform Path D:/vivado_pj/workspace_myip_axi_fnd/axi_fnd_wrapper/hw/axi_fnd_wrapper.xsa
TRACE::2026-06-04.14:06:51::SCWPlatform:: Unique name xilinx:::0.0
TRACE::2026-06-04.14:06:51::SCWPlatform::Trying to set the existing hwdb with name axi_fnd_wrapper_0
TRACE::2026-06-04.14:06:51::SCWPlatform::Opened existing hwdb axi_fnd_wrapper_0
TRACE::2026-06-04.14:06:51::SCWPlatform::Found the Hw Db part of the input DSA
TRACE::2026-06-04.14:06:51::SCWPlatform::Trying to open the hw design at D:/vivado_pj/workspace_myip_axi_fnd/axi_fnd_wrapper/hw/axi_fnd_wrapper.xsa
TRACE::2026-06-04.14:06:51::SCWPlatform::DSA given D:/vivado_pj/workspace_myip_axi_fnd/axi_fnd_wrapper/hw/axi_fnd_wrapper.xsa
TRACE::2026-06-04.14:06:51::SCWPlatform::DSA absoulate path D:/vivado_pj/workspace_myip_axi_fnd/axi_fnd_wrapper/hw/axi_fnd_wrapper.xsa
TRACE::2026-06-04.14:06:51::SCWPlatform::DSA directory D:/vivado_pj/workspace_myip_axi_fnd/axi_fnd_wrapper/hw
TRACE::2026-06-04.14:06:51::SCWPlatform:: Platform Path D:/vivado_pj/workspace_myip_axi_fnd/axi_fnd_wrapper/hw/axi_fnd_wrapper.xsa
TRACE::2026-06-04.14:06:51::SCWPlatform:: Unique name xilinx:::0.0
TRACE::2026-06-04.14:06:51::SCWPlatform::Trying to set the existing hwdb with name axi_fnd_wrapper_0
TRACE::2026-06-04.14:06:51::SCWPlatform::Opened existing hwdb axi_fnd_wrapper_0
TRACE::2026-06-04.14:06:51::SCWPlatform::Found the Hw Db part of the input DSA
TRACE::2026-06-04.14:06:51::SCWPlatform::Trying to open the hw design at D:/vivado_pj/workspace_myip_axi_fnd/axi_fnd_wrapper/hw/axi_fnd_wrapper.xsa
TRACE::2026-06-04.14:06:51::SCWPlatform::DSA given D:/vivado_pj/workspace_myip_axi_fnd/axi_fnd_wrapper/hw/axi_fnd_wrapper.xsa
TRACE::2026-06-04.14:06:51::SCWPlatform::DSA absoulate path D:/vivado_pj/workspace_myip_axi_fnd/axi_fnd_wrapper/hw/axi_fnd_wrapper.xsa
TRACE::2026-06-04.14:06:51::SCWPlatform::DSA directory D:/vivado_pj/workspace_myip_axi_fnd/axi_fnd_wrapper/hw
TRACE::2026-06-04.14:06:51::SCWPlatform:: Platform Path D:/vivado_pj/workspace_myip_axi_fnd/axi_fnd_wrapper/hw/axi_fnd_wrapper.xsa
TRACE::2026-06-04.14:06:51::SCWPlatform:: Unique name xilinx:::0.0
TRACE::2026-06-04.14:06:51::SCWPlatform::Trying to set the existing hwdb with name axi_fnd_wrapper_0
TRACE::2026-06-04.14:06:51::SCWPlatform::Opened existing hwdb axi_fnd_wrapper_0
TRACE::2026-06-04.14:06:51::SCWPlatform::Found the Hw Db part of the input DSA
TRACE::2026-06-04.14:06:51::SCWMssOS::Checking the sw design at  D:/vivado_pj/workspace_myip_axi_fnd/axi_fnd_wrapper/microblaze_0/standalone_microblaze_0/bsp/system.mss
TRACE::2026-06-04.14:06:51::SCWMssOS::DEBUG:  swdes dump  
TRACE::2026-06-04.14:06:51::SCWMssOS::No sw design opened at  D:/vivado_pj/workspace_myip_axi_fnd/axi_fnd_wrapper/microblaze_0/standalone_microblaze_0/bsp/system.mss
TRACE::2026-06-04.14:06:51::SCWMssOS::mss does not exists at D:/vivado_pj/workspace_myip_axi_fnd/axi_fnd_wrapper/microblaze_0/standalone_microblaze_0/bsp/system.mss
TRACE::2026-06-04.14:06:51::SCWMssOS::Creating sw design at  D:/vivado_pj/workspace_myip_axi_fnd/axi_fnd_wrapper/microblaze_0/standalone_microblaze_0/bsp/system.mss
TRACE::2026-06-04.14:06:51::SCWMssOS::Adding the swdes entry, created swdb D:/vivado_pj/workspace_myip_axi_fnd/axi_fnd_wrapper/microblaze_0/standalone_microblaze_0/bsp/system.mss with des name D:/vivado_pj/workspace_myip_axi_fnd/axi_fnd_wrapper/microblaze_0/standalone_microblaze_0/bsp/system.mss
TRACE::2026-06-04.14:06:51::SCWMssOS::updating the scw layer changes to swdes at   D:/vivado_pj/workspace_myip_axi_fnd/axi_fnd_wrapper/microblaze_0/standalone_microblaze_0/bsp/system.mss
TRACE::2026-06-04.14:06:51::SCWMssOS::Writing mss at D:/vivado_pj/workspace_myip_axi_fnd/axi_fnd_wrapper/microblaze_0/standalone_microblaze_0/bsp/system.mss
TRACE::2026-06-04.14:06:51::SCWMssOS::Completed writing the mss file at D:/vivado_pj/workspace_myip_axi_fnd/axi_fnd_wrapper/microblaze_0/standalone_microblaze_0/bsp
TRACE::2026-06-04.14:06:51::SCWMssOS::Picking up changes from newly written mss file into SCW Layer. 
TRACE::2026-06-04.14:06:51::SCWMssOS::Updated the changes from newly written mss file into SCW Layer. 
TRACE::2026-06-04.14:06:51::SCWMssOS::Completed writing the mss file at D:/vivado_pj/workspace_myip_axi_fnd/axi_fnd_wrapper/microblaze_0/standalone_microblaze_0/bsp
TRACE::2026-06-04.14:06:51::SCWMssOS::Forcing BSP Sources regeneration.
TRACE::2026-06-04.14:06:53::SCWMssOS::Saving the mss changes D:/vivado_pj/workspace_myip_axi_fnd/axi_fnd_wrapper/microblaze_0/standalone_microblaze_0/bsp/system.mss
TRACE::2026-06-04.14:06:53::SCWMssOS::Adding the swdes entry, mss present, able to open swdb D:/vivado_pj/workspace_myip_axi_fnd/axi_fnd_wrapper/microblaze_0/standalone_microblaze_0/bsp/system.mss with des name system
TRACE::2026-06-04.14:06:53::SCWMssOS::Writing the mss file completed D:/vivado_pj/workspace_myip_axi_fnd/axi_fnd_wrapper/microblaze_0/standalone_microblaze_0/bsp/system.mss
TRACE::2026-06-04.14:06:53::SCWMssOS::Commit changes completed.
TRACE::2026-06-04.14:06:53::SCWPlatform::Trying to open the hw design at D:/vivado_pj/workspace_myip_axi_fnd/axi_fnd_wrapper/hw/axi_fnd_wrapper.xsa
TRACE::2026-06-04.14:06:53::SCWPlatform::DSA given D:/vivado_pj/workspace_myip_axi_fnd/axi_fnd_wrapper/hw/axi_fnd_wrapper.xsa
TRACE::2026-06-04.14:06:53::SCWPlatform::DSA absoulate path D:/vivado_pj/workspace_myip_axi_fnd/axi_fnd_wrapper/hw/axi_fnd_wrapper.xsa
TRACE::2026-06-04.14:06:53::SCWPlatform::DSA directory D:/vivado_pj/workspace_myip_axi_fnd/axi_fnd_wrapper/hw
TRACE::2026-06-04.14:06:53::SCWPlatform:: Platform Path D:/vivado_pj/workspace_myip_axi_fnd/axi_fnd_wrapper/hw/axi_fnd_wrapper.xsa
TRACE::2026-06-04.14:06:53::SCWPlatform:: Unique name xilinx:::0.0
TRACE::2026-06-04.14:06:53::SCWPlatform::Trying to set the existing hwdb with name axi_fnd_wrapper_0
TRACE::2026-06-04.14:06:53::SCWPlatform::Opened existing hwdb axi_fnd_wrapper_0
TRACE::2026-06-04.14:06:53::SCWPlatform::Found the Hw Db part of the input DSA
TRACE::2026-06-04.14:06:53::SCWMssOS::Checking the sw design at  D:/vivado_pj/workspace_myip_axi_fnd/axi_fnd_wrapper/microblaze_0/standalone_microblaze_0/bsp/system.mss
TRACE::2026-06-04.14:06:53::SCWMssOS::DEBUG:  swdes dump  D:/vivado_pj/workspace_myip_axi_fnd/axi_fnd_wrapper/microblaze_0/standalone_microblaze_0/bsp/system.mss|system||

TRACE::2026-06-04.14:06:53::SCWMssOS::Sw design exists and opened at  D:/vivado_pj/workspace_myip_axi_fnd/axi_fnd_wrapper/microblaze_0/standalone_microblaze_0/bsp/system.mss
TRACE::2026-06-04.14:06:53::SCWPlatform::Trying to open the hw design at D:/vivado_pj/workspace_myip_axi_fnd/axi_fnd_wrapper/hw/axi_fnd_wrapper.xsa
TRACE::2026-06-04.14:06:53::SCWPlatform::DSA given D:/vivado_pj/workspace_myip_axi_fnd/axi_fnd_wrapper/hw/axi_fnd_wrapper.xsa
TRACE::2026-06-04.14:06:53::SCWPlatform::DSA absoulate path D:/vivado_pj/workspace_myip_axi_fnd/axi_fnd_wrapper/hw/axi_fnd_wrapper.xsa
TRACE::2026-06-04.14:06:53::SCWPlatform::DSA directory D:/vivado_pj/workspace_myip_axi_fnd/axi_fnd_wrapper/hw
TRACE::2026-06-04.14:06:53::SCWPlatform:: Platform Path D:/vivado_pj/workspace_myip_axi_fnd/axi_fnd_wrapper/hw/axi_fnd_wrapper.xsa
TRACE::2026-06-04.14:06:53::SCWPlatform:: Unique name xilinx:::0.0
TRACE::2026-06-04.14:06:53::SCWPlatform::Trying to set the existing hwdb with name axi_fnd_wrapper_0
TRACE::2026-06-04.14:06:53::SCWPlatform::Opened existing hwdb axi_fnd_wrapper_0
TRACE::2026-06-04.14:06:53::SCWPlatform::Found the Hw Db part of the input DSA
TRACE::2026-06-04.14:06:53::SCWMssOS::Checking the sw design at  D:/vivado_pj/workspace_myip_axi_fnd/axi_fnd_wrapper/microblaze_0/standalone_microblaze_0/bsp/system.mss
TRACE::2026-06-04.14:06:53::SCWMssOS::DEBUG:  swdes dump  D:/vivado_pj/workspace_myip_axi_fnd/axi_fnd_wrapper/microblaze_0/standalone_microblaze_0/bsp/system.mss|system||

TRACE::2026-06-04.14:06:53::SCWMssOS::Sw design exists and opened at  D:/vivado_pj/workspace_myip_axi_fnd/axi_fnd_wrapper/microblaze_0/standalone_microblaze_0/bsp/system.mss
TRACE::2026-06-04.14:06:53::SCWPlatform::Trying to open the hw design at D:/vivado_pj/workspace_myip_axi_fnd/axi_fnd_wrapper/hw/axi_fnd_wrapper.xsa
TRACE::2026-06-04.14:06:53::SCWPlatform::DSA given D:/vivado_pj/workspace_myip_axi_fnd/axi_fnd_wrapper/hw/axi_fnd_wrapper.xsa
TRACE::2026-06-04.14:06:53::SCWPlatform::DSA absoulate path D:/vivado_pj/workspace_myip_axi_fnd/axi_fnd_wrapper/hw/axi_fnd_wrapper.xsa
TRACE::2026-06-04.14:06:53::SCWPlatform::DSA directory D:/vivado_pj/workspace_myip_axi_fnd/axi_fnd_wrapper/hw
TRACE::2026-06-04.14:06:53::SCWPlatform:: Platform Path D:/vivado_pj/workspace_myip_axi_fnd/axi_fnd_wrapper/hw/axi_fnd_wrapper.xsa
TRACE::2026-06-04.14:06:53::SCWPlatform:: Unique name xilinx:::0.0
TRACE::2026-06-04.14:06:53::SCWPlatform::Trying to set the existing hwdb with name axi_fnd_wrapper_0
TRACE::2026-06-04.14:06:53::SCWPlatform::Opened existing hwdb axi_fnd_wrapper_0
TRACE::2026-06-04.14:06:53::SCWPlatform::Found the Hw Db part of the input DSA
TRACE::2026-06-04.14:06:53::SCWMssOS::Checking the sw design at  D:/vivado_pj/workspace_myip_axi_fnd/axi_fnd_wrapper/microblaze_0/standalone_microblaze_0/bsp/system.mss
TRACE::2026-06-04.14:06:53::SCWMssOS::DEBUG:  swdes dump  D:/vivado_pj/workspace_myip_axi_fnd/axi_fnd_wrapper/microblaze_0/standalone_microblaze_0/bsp/system.mss|system||

TRACE::2026-06-04.14:06:53::SCWMssOS::Sw design exists and opened at  D:/vivado_pj/workspace_myip_axi_fnd/axi_fnd_wrapper/microblaze_0/standalone_microblaze_0/bsp/system.mss
TRACE::2026-06-04.14:06:53::SCWWriter::formatted JSON is {
	"platformName":	"axi_fnd_wrapper",
	"sprVersion":	"2.0",
	"mode":	"gui",
	"dsaType":	"Fixed",
	"platformDesc":	"axi_fnd_wrapper",
	"platHandOff":	"D:/vivado_pj/my_ip_fnd/axi_fnd_wrapper.xsa",
	"platIntHandOff":	"<platformDir>/hw/axi_fnd_wrapper.xsa",
	"deviceType":	"FPGA",
	"platIsPrebuiltAutogen":	"false",
	"platIsNoBootBsp":	"false",
	"hasFsblMakeHasChanges":	"false",
	"hasPmufwMakeHasChanges":	"false",
	"platPreBuiltFlag":	false,
	"platformSamplesDir":	"",
	"platActiveSys":	"axi_fnd_wrapper",
	"systems":	[{
			"systemName":	"axi_fnd_wrapper",
			"systemDesc":	"axi_fnd_wrapper",
			"sysIsBootAutoGen":	"true",
			"systemDispName":	"axi_fnd_wrapper",
			"sysActiveDom":	"standalone_microblaze_0",
			"sysDefaultDom":	"standalone_microblaze_0",
			"domains":	[{
					"domainName":	"standalone_microblaze_0",
					"domainDispName":	"standalone_microblaze_0",
					"domainDesc":	"standalone_microblaze_0",
					"processors":	"microblaze_0",
					"os":	"standalone",
					"sdxOs":	"standalone",
					"debugEnable":	"False",
					"domRuntimes":	["cpp"],
					"swRepo":	"",
					"mssOsVer":	"8.1",
					"mssFile":	"",
					"md5Digest":	"64834a915ec6f44250ce937ec5448dd7",
					"compatibleApp":	"hello_world",
					"domType":	"mssDomain",
					"arch":	"32-bit",
					"appSettings":	{
						"appCompilerFlags":	"",
						"appLinkerFlags":	""
					},
					"addedLibs":	[],
					"libOptions":	{
						"libsContainingOptions":	[]
					},
					"prebuiltLibs":	{
						"prebuiltIncPath":	[],
						"prebuiltLibPath":	[]
					},
					"isolation":	{
					}
				}]
		}]
}
LOG::2026-06-04.14:06:53::SCWPlatform::Started generating the artifacts platform axi_fnd_wrapper
TRACE::2026-06-04.14:06:53::SCWPlatform::Sanity checking of platform is completed
LOG::2026-06-04.14:06:53::SCWPlatform::Started generating the artifacts for system configuration axi_fnd_wrapper
LOG::2026-06-04.14:06:53::SCWSystem::Checking the domain standalone_microblaze_0
LOG::2026-06-04.14:06:53::SCWSystem::Not a boot domain 
LOG::2026-06-04.14:06:53::SCWSystem::Started Processing the domain standalone_microblaze_0
TRACE::2026-06-04.14:06:53::SCWDomain::Generating domain artifcats
TRACE::2026-06-04.14:06:53::SCWMssOS::Generating standalone artifcats
TRACE::2026-06-04.14:06:53::SCWMssOS:: Copying the user libraries. 
TRACE::2026-06-04.14:06:53::SCWPlatform::Trying to open the hw design at D:/vivado_pj/workspace_myip_axi_fnd/axi_fnd_wrapper/hw/axi_fnd_wrapper.xsa
TRACE::2026-06-04.14:06:53::SCWPlatform::DSA given D:/vivado_pj/workspace_myip_axi_fnd/axi_fnd_wrapper/hw/axi_fnd_wrapper.xsa
TRACE::2026-06-04.14:06:53::SCWPlatform::DSA absoulate path D:/vivado_pj/workspace_myip_axi_fnd/axi_fnd_wrapper/hw/axi_fnd_wrapper.xsa
TRACE::2026-06-04.14:06:53::SCWPlatform::DSA directory D:/vivado_pj/workspace_myip_axi_fnd/axi_fnd_wrapper/hw
TRACE::2026-06-04.14:06:53::SCWPlatform:: Platform Path D:/vivado_pj/workspace_myip_axi_fnd/axi_fnd_wrapper/hw/axi_fnd_wrapper.xsa
TRACE::2026-06-04.14:06:53::SCWPlatform:: Unique name xilinx:::0.0
TRACE::2026-06-04.14:06:53::SCWPlatform::Trying to set the existing hwdb with name axi_fnd_wrapper_0
TRACE::2026-06-04.14:06:53::SCWPlatform::Opened existing hwdb axi_fnd_wrapper_0
TRACE::2026-06-04.14:06:53::SCWPlatform::Found the Hw Db part of the input DSA
TRACE::2026-06-04.14:06:53::SCWMssOS::Checking the sw design at  D:/vivado_pj/workspace_myip_axi_fnd/axi_fnd_wrapper/microblaze_0/standalone_microblaze_0/bsp/system.mss
TRACE::2026-06-04.14:06:53::SCWMssOS::DEBUG:  swdes dump  D:/vivado_pj/workspace_myip_axi_fnd/axi_fnd_wrapper/microblaze_0/standalone_microblaze_0/bsp/system.mss|system||

TRACE::2026-06-04.14:06:53::SCWMssOS::Sw design exists and opened at  D:/vivado_pj/workspace_myip_axi_fnd/axi_fnd_wrapper/microblaze_0/standalone_microblaze_0/bsp/system.mss
TRACE::2026-06-04.14:06:53::SCWMssOS::Completed writing the mss file at D:/vivado_pj/workspace_myip_axi_fnd/axi_fnd_wrapper/microblaze_0/standalone_microblaze_0/bsp
TRACE::2026-06-04.14:06:53::SCWMssOS::Mss edits present, copying mssfile into export location D:/vivado_pj/workspace_myip_axi_fnd/axi_fnd_wrapper/microblaze_0/standalone_microblaze_0/bsp/system.mss
TRACE::2026-06-04.14:06:53::SCWMssOS::bsp generated is upto date with the mss file. Skipping bsp generation.
TRACE::2026-06-04.14:06:53::SCWMssOS::BSP is already built. skipping the bsp build ... 
TRACE::2026-06-04.14:06:53::SCWDomain::Skipping the build for domain :  standalone_microblaze_0
TRACE::2026-06-04.14:06:53::SCWMssOS::skipping the bsp build ... 
TRACE::2026-06-04.14:06:53::SCWMssOS::Copying to export directory.
TRACE::2026-06-04.14:06:53::SCWMssOS:: Checking if to create the Supporting Applications
TRACE::2026-06-04.14:06:53::SCWMssOS:: No Linux domain exists, trying to generate FSBL 
LOG::2026-06-04.14:06:53::SCWSystem::Completed Processing the domain standalone_microblaze_0
LOG::2026-06-04.14:06:53::SCWSystem::Completed Processing the sysconfig axi_fnd_wrapper
LOG::2026-06-04.14:06:53::SCWPlatform::Completed generating the artifacts for system configuration axi_fnd_wrapper
TRACE::2026-06-04.14:06:53::SCWPlatform::Started preparing the platform 
TRACE::2026-06-04.14:06:53::SCWSystem::Writing the bif file for system config axi_fnd_wrapper
TRACE::2026-06-04.14:06:53::SCWSystem::dir created 
TRACE::2026-06-04.14:06:53::SCWSystem::Writing the bif 
TRACE::2026-06-04.14:06:53::SCWPlatform::Started writing the spfm file 
TRACE::2026-06-04.14:06:53::SCWPlatform::Started writing the xpfm file 
TRACE::2026-06-04.14:06:53::SCWPlatform::Completed generating the platform
TRACE::2026-06-04.14:06:53::SCWMssOS::Saving the mss changes D:/vivado_pj/workspace_myip_axi_fnd/axi_fnd_wrapper/microblaze_0/standalone_microblaze_0/bsp/system.mss
TRACE::2026-06-04.14:06:53::SCWMssOS::Found a swdesign opened with the mssfile.
TRACE::2026-06-04.14:06:53::SCWMssOS::Completed writemss as part of save.
TRACE::2026-06-04.14:06:53::SCWMssOS::Commit changes completed.
TRACE::2026-06-04.14:06:53::SCWPlatform::Trying to open the hw design at D:/vivado_pj/workspace_myip_axi_fnd/axi_fnd_wrapper/hw/axi_fnd_wrapper.xsa
TRACE::2026-06-04.14:06:53::SCWPlatform::DSA given D:/vivado_pj/workspace_myip_axi_fnd/axi_fnd_wrapper/hw/axi_fnd_wrapper.xsa
TRACE::2026-06-04.14:06:53::SCWPlatform::DSA absoulate path D:/vivado_pj/workspace_myip_axi_fnd/axi_fnd_wrapper/hw/axi_fnd_wrapper.xsa
TRACE::2026-06-04.14:06:53::SCWPlatform::DSA directory D:/vivado_pj/workspace_myip_axi_fnd/axi_fnd_wrapper/hw
TRACE::2026-06-04.14:06:53::SCWPlatform:: Platform Path D:/vivado_pj/workspace_myip_axi_fnd/axi_fnd_wrapper/hw/axi_fnd_wrapper.xsa
TRACE::2026-06-04.14:06:53::SCWPlatform:: Unique name xilinx:::0.0
TRACE::2026-06-04.14:06:53::SCWPlatform::Trying to set the existing hwdb with name axi_fnd_wrapper_0
TRACE::2026-06-04.14:06:53::SCWPlatform::Opened existing hwdb axi_fnd_wrapper_0
TRACE::2026-06-04.14:06:53::SCWPlatform::Found the Hw Db part of the input DSA
TRACE::2026-06-04.14:06:53::SCWMssOS::Checking the sw design at  D:/vivado_pj/workspace_myip_axi_fnd/axi_fnd_wrapper/microblaze_0/standalone_microblaze_0/bsp/system.mss
TRACE::2026-06-04.14:06:53::SCWMssOS::DEBUG:  swdes dump  D:/vivado_pj/workspace_myip_axi_fnd/axi_fnd_wrapper/microblaze_0/standalone_microblaze_0/bsp/system.mss|system||

TRACE::2026-06-04.14:06:53::SCWMssOS::Sw design exists and opened at  D:/vivado_pj/workspace_myip_axi_fnd/axi_fnd_wrapper/microblaze_0/standalone_microblaze_0/bsp/system.mss
TRACE::2026-06-04.14:06:53::SCWPlatform::Trying to open the hw design at D:/vivado_pj/workspace_myip_axi_fnd/axi_fnd_wrapper/hw/axi_fnd_wrapper.xsa
TRACE::2026-06-04.14:06:53::SCWPlatform::DSA given D:/vivado_pj/workspace_myip_axi_fnd/axi_fnd_wrapper/hw/axi_fnd_wrapper.xsa
TRACE::2026-06-04.14:06:53::SCWPlatform::DSA absoulate path D:/vivado_pj/workspace_myip_axi_fnd/axi_fnd_wrapper/hw/axi_fnd_wrapper.xsa
TRACE::2026-06-04.14:06:53::SCWPlatform::DSA directory D:/vivado_pj/workspace_myip_axi_fnd/axi_fnd_wrapper/hw
TRACE::2026-06-04.14:06:53::SCWPlatform:: Platform Path D:/vivado_pj/workspace_myip_axi_fnd/axi_fnd_wrapper/hw/axi_fnd_wrapper.xsa
TRACE::2026-06-04.14:06:53::SCWPlatform:: Unique name xilinx:::0.0
TRACE::2026-06-04.14:06:53::SCWPlatform::Trying to set the existing hwdb with name axi_fnd_wrapper_0
TRACE::2026-06-04.14:06:53::SCWPlatform::Opened existing hwdb axi_fnd_wrapper_0
TRACE::2026-06-04.14:06:53::SCWPlatform::Found the Hw Db part of the input DSA
TRACE::2026-06-04.14:06:53::SCWMssOS::Checking the sw design at  D:/vivado_pj/workspace_myip_axi_fnd/axi_fnd_wrapper/microblaze_0/standalone_microblaze_0/bsp/system.mss
TRACE::2026-06-04.14:06:53::SCWMssOS::DEBUG:  swdes dump  D:/vivado_pj/workspace_myip_axi_fnd/axi_fnd_wrapper/microblaze_0/standalone_microblaze_0/bsp/system.mss|system||

TRACE::2026-06-04.14:06:53::SCWMssOS::Sw design exists and opened at  D:/vivado_pj/workspace_myip_axi_fnd/axi_fnd_wrapper/microblaze_0/standalone_microblaze_0/bsp/system.mss
TRACE::2026-06-04.14:06:53::SCWPlatform::Trying to open the hw design at D:/vivado_pj/workspace_myip_axi_fnd/axi_fnd_wrapper/hw/axi_fnd_wrapper.xsa
TRACE::2026-06-04.14:06:53::SCWPlatform::DSA given D:/vivado_pj/workspace_myip_axi_fnd/axi_fnd_wrapper/hw/axi_fnd_wrapper.xsa
TRACE::2026-06-04.14:06:53::SCWPlatform::DSA absoulate path D:/vivado_pj/workspace_myip_axi_fnd/axi_fnd_wrapper/hw/axi_fnd_wrapper.xsa
TRACE::2026-06-04.14:06:53::SCWPlatform::DSA directory D:/vivado_pj/workspace_myip_axi_fnd/axi_fnd_wrapper/hw
TRACE::2026-06-04.14:06:53::SCWPlatform:: Platform Path D:/vivado_pj/workspace_myip_axi_fnd/axi_fnd_wrapper/hw/axi_fnd_wrapper.xsa
TRACE::2026-06-04.14:06:53::SCWPlatform:: Unique name xilinx:::0.0
TRACE::2026-06-04.14:06:53::SCWPlatform::Trying to set the existing hwdb with name axi_fnd_wrapper_0
TRACE::2026-06-04.14:06:53::SCWPlatform::Opened existing hwdb axi_fnd_wrapper_0
TRACE::2026-06-04.14:06:53::SCWPlatform::Found the Hw Db part of the input DSA
TRACE::2026-06-04.14:06:53::SCWMssOS::Checking the sw design at  D:/vivado_pj/workspace_myip_axi_fnd/axi_fnd_wrapper/microblaze_0/standalone_microblaze_0/bsp/system.mss
TRACE::2026-06-04.14:06:53::SCWMssOS::DEBUG:  swdes dump  D:/vivado_pj/workspace_myip_axi_fnd/axi_fnd_wrapper/microblaze_0/standalone_microblaze_0/bsp/system.mss|system||

TRACE::2026-06-04.14:06:53::SCWMssOS::Sw design exists and opened at  D:/vivado_pj/workspace_myip_axi_fnd/axi_fnd_wrapper/microblaze_0/standalone_microblaze_0/bsp/system.mss
TRACE::2026-06-04.14:06:53::SCWWriter::formatted JSON is {
	"platformName":	"axi_fnd_wrapper",
	"sprVersion":	"2.0",
	"mode":	"gui",
	"dsaType":	"Fixed",
	"platformDesc":	"axi_fnd_wrapper",
	"platHandOff":	"D:/vivado_pj/my_ip_fnd/axi_fnd_wrapper.xsa",
	"platIntHandOff":	"<platformDir>/hw/axi_fnd_wrapper.xsa",
	"deviceType":	"FPGA",
	"platIsPrebuiltAutogen":	"false",
	"platIsNoBootBsp":	"false",
	"hasFsblMakeHasChanges":	"false",
	"hasPmufwMakeHasChanges":	"false",
	"platPreBuiltFlag":	false,
	"platformSamplesDir":	"",
	"platActiveSys":	"axi_fnd_wrapper",
	"systems":	[{
			"systemName":	"axi_fnd_wrapper",
			"systemDesc":	"axi_fnd_wrapper",
			"sysIsBootAutoGen":	"true",
			"systemDispName":	"axi_fnd_wrapper",
			"sysActiveDom":	"standalone_microblaze_0",
			"sysDefaultDom":	"standalone_microblaze_0",
			"domains":	[{
					"domainName":	"standalone_microblaze_0",
					"domainDispName":	"standalone_microblaze_0",
					"domainDesc":	"standalone_microblaze_0",
					"processors":	"microblaze_0",
					"os":	"standalone",
					"sdxOs":	"standalone",
					"debugEnable":	"False",
					"domRuntimes":	["cpp"],
					"swRepo":	"",
					"mssOsVer":	"8.1",
					"mssFile":	"",
					"md5Digest":	"64834a915ec6f44250ce937ec5448dd7",
					"compatibleApp":	"hello_world",
					"domType":	"mssDomain",
					"arch":	"32-bit",
					"appSettings":	{
						"appCompilerFlags":	"",
						"appLinkerFlags":	""
					},
					"addedLibs":	[],
					"libOptions":	{
						"libsContainingOptions":	[]
					},
					"prebuiltLibs":	{
						"prebuiltIncPath":	[],
						"prebuiltLibPath":	[]
					},
					"isolation":	{
					}
				}]
		}]
}
KEYINFO::2026-06-04.14:06:53::SCWPlatform::updated the xpfm file.
TRACE::2026-06-04.14:06:54::SCWPlatform::Trying to open the hw design at D:/vivado_pj/workspace_myip_axi_fnd/axi_fnd_wrapper/hw/axi_fnd_wrapper.xsa
TRACE::2026-06-04.14:06:54::SCWPlatform::DSA given D:/vivado_pj/workspace_myip_axi_fnd/axi_fnd_wrapper/hw/axi_fnd_wrapper.xsa
TRACE::2026-06-04.14:06:54::SCWPlatform::DSA absoulate path D:/vivado_pj/workspace_myip_axi_fnd/axi_fnd_wrapper/hw/axi_fnd_wrapper.xsa
TRACE::2026-06-04.14:06:54::SCWPlatform::DSA directory D:/vivado_pj/workspace_myip_axi_fnd/axi_fnd_wrapper/hw
TRACE::2026-06-04.14:06:54::SCWPlatform:: Platform Path D:/vivado_pj/workspace_myip_axi_fnd/axi_fnd_wrapper/hw/axi_fnd_wrapper.xsa
TRACE::2026-06-04.14:06:54::SCWPlatform:: Unique name xilinx:::0.0
TRACE::2026-06-04.14:06:54::SCWPlatform::Trying to set the existing hwdb with name axi_fnd_wrapper_0
TRACE::2026-06-04.14:06:54::SCWPlatform::Opened existing hwdb axi_fnd_wrapper_0
TRACE::2026-06-04.14:06:54::SCWPlatform::Found the Hw Db part of the input DSA
TRACE::2026-06-04.14:06:54::SCWMssOS::Checking the sw design at  D:/vivado_pj/workspace_myip_axi_fnd/axi_fnd_wrapper/microblaze_0/standalone_microblaze_0/bsp/system.mss
TRACE::2026-06-04.14:06:54::SCWMssOS::DEBUG:  swdes dump  D:/vivado_pj/workspace_myip_axi_fnd/axi_fnd_wrapper/microblaze_0/standalone_microblaze_0/bsp/system.mss|system||

TRACE::2026-06-04.14:06:54::SCWMssOS::Sw design exists and opened at  D:/vivado_pj/workspace_myip_axi_fnd/axi_fnd_wrapper/microblaze_0/standalone_microblaze_0/bsp/system.mss
TRACE::2026-06-04.14:06:54::SCWMssOS::Saving the mss changes D:/vivado_pj/workspace_myip_axi_fnd/axi_fnd_wrapper/microblaze_0/standalone_microblaze_0/bsp/system.mss
TRACE::2026-06-04.14:06:54::SCWMssOS::Found a swdesign opened with the mssfile.
TRACE::2026-06-04.14:06:54::SCWMssOS::Completed writemss as part of save.
TRACE::2026-06-04.14:06:54::SCWMssOS::Commit changes completed.
TRACE::2026-06-04.14:06:54::SCWPlatform::Trying to open the hw design at D:/vivado_pj/workspace_myip_axi_fnd/axi_fnd_wrapper/hw/axi_fnd_wrapper.xsa
TRACE::2026-06-04.14:06:54::SCWPlatform::DSA given D:/vivado_pj/workspace_myip_axi_fnd/axi_fnd_wrapper/hw/axi_fnd_wrapper.xsa
TRACE::2026-06-04.14:06:54::SCWPlatform::DSA absoulate path D:/vivado_pj/workspace_myip_axi_fnd/axi_fnd_wrapper/hw/axi_fnd_wrapper.xsa
TRACE::2026-06-04.14:06:54::SCWPlatform::DSA directory D:/vivado_pj/workspace_myip_axi_fnd/axi_fnd_wrapper/hw
TRACE::2026-06-04.14:06:54::SCWPlatform:: Platform Path D:/vivado_pj/workspace_myip_axi_fnd/axi_fnd_wrapper/hw/axi_fnd_wrapper.xsa
TRACE::2026-06-04.14:06:54::SCWPlatform:: Unique name xilinx:::0.0
TRACE::2026-06-04.14:06:54::SCWPlatform::Trying to set the existing hwdb with name axi_fnd_wrapper_0
TRACE::2026-06-04.14:06:54::SCWPlatform::Opened existing hwdb axi_fnd_wrapper_0
TRACE::2026-06-04.14:06:54::SCWPlatform::Found the Hw Db part of the input DSA
TRACE::2026-06-04.14:06:54::SCWMssOS::Checking the sw design at  D:/vivado_pj/workspace_myip_axi_fnd/axi_fnd_wrapper/microblaze_0/standalone_microblaze_0/bsp/system.mss
TRACE::2026-06-04.14:06:54::SCWMssOS::DEBUG:  swdes dump  D:/vivado_pj/workspace_myip_axi_fnd/axi_fnd_wrapper/microblaze_0/standalone_microblaze_0/bsp/system.mss|system||

TRACE::2026-06-04.14:06:54::SCWMssOS::Sw design exists and opened at  D:/vivado_pj/workspace_myip_axi_fnd/axi_fnd_wrapper/microblaze_0/standalone_microblaze_0/bsp/system.mss
TRACE::2026-06-04.14:06:54::SCWPlatform::Trying to open the hw design at D:/vivado_pj/workspace_myip_axi_fnd/axi_fnd_wrapper/hw/axi_fnd_wrapper.xsa
TRACE::2026-06-04.14:06:54::SCWPlatform::DSA given D:/vivado_pj/workspace_myip_axi_fnd/axi_fnd_wrapper/hw/axi_fnd_wrapper.xsa
TRACE::2026-06-04.14:06:54::SCWPlatform::DSA absoulate path D:/vivado_pj/workspace_myip_axi_fnd/axi_fnd_wrapper/hw/axi_fnd_wrapper.xsa
TRACE::2026-06-04.14:06:54::SCWPlatform::DSA directory D:/vivado_pj/workspace_myip_axi_fnd/axi_fnd_wrapper/hw
TRACE::2026-06-04.14:06:54::SCWPlatform:: Platform Path D:/vivado_pj/workspace_myip_axi_fnd/axi_fnd_wrapper/hw/axi_fnd_wrapper.xsa
TRACE::2026-06-04.14:06:54::SCWPlatform:: Unique name xilinx:::0.0
TRACE::2026-06-04.14:06:54::SCWPlatform::Trying to set the existing hwdb with name axi_fnd_wrapper_0
TRACE::2026-06-04.14:06:54::SCWPlatform::Opened existing hwdb axi_fnd_wrapper_0
TRACE::2026-06-04.14:06:54::SCWPlatform::Found the Hw Db part of the input DSA
TRACE::2026-06-04.14:06:54::SCWMssOS::Checking the sw design at  D:/vivado_pj/workspace_myip_axi_fnd/axi_fnd_wrapper/microblaze_0/standalone_microblaze_0/bsp/system.mss
TRACE::2026-06-04.14:06:54::SCWMssOS::DEBUG:  swdes dump  D:/vivado_pj/workspace_myip_axi_fnd/axi_fnd_wrapper/microblaze_0/standalone_microblaze_0/bsp/system.mss|system||

TRACE::2026-06-04.14:06:54::SCWMssOS::Sw design exists and opened at  D:/vivado_pj/workspace_myip_axi_fnd/axi_fnd_wrapper/microblaze_0/standalone_microblaze_0/bsp/system.mss
TRACE::2026-06-04.14:06:54::SCWPlatform::Trying to open the hw design at D:/vivado_pj/workspace_myip_axi_fnd/axi_fnd_wrapper/hw/axi_fnd_wrapper.xsa
TRACE::2026-06-04.14:06:54::SCWPlatform::DSA given D:/vivado_pj/workspace_myip_axi_fnd/axi_fnd_wrapper/hw/axi_fnd_wrapper.xsa
TRACE::2026-06-04.14:06:54::SCWPlatform::DSA absoulate path D:/vivado_pj/workspace_myip_axi_fnd/axi_fnd_wrapper/hw/axi_fnd_wrapper.xsa
TRACE::2026-06-04.14:06:54::SCWPlatform::DSA directory D:/vivado_pj/workspace_myip_axi_fnd/axi_fnd_wrapper/hw
TRACE::2026-06-04.14:06:54::SCWPlatform:: Platform Path D:/vivado_pj/workspace_myip_axi_fnd/axi_fnd_wrapper/hw/axi_fnd_wrapper.xsa
TRACE::2026-06-04.14:06:54::SCWPlatform:: Unique name xilinx:::0.0
TRACE::2026-06-04.14:06:54::SCWPlatform::Trying to set the existing hwdb with name axi_fnd_wrapper_0
TRACE::2026-06-04.14:06:54::SCWPlatform::Opened existing hwdb axi_fnd_wrapper_0
TRACE::2026-06-04.14:06:54::SCWPlatform::Found the Hw Db part of the input DSA
TRACE::2026-06-04.14:06:54::SCWMssOS::Checking the sw design at  D:/vivado_pj/workspace_myip_axi_fnd/axi_fnd_wrapper/microblaze_0/standalone_microblaze_0/bsp/system.mss
TRACE::2026-06-04.14:06:54::SCWMssOS::DEBUG:  swdes dump  D:/vivado_pj/workspace_myip_axi_fnd/axi_fnd_wrapper/microblaze_0/standalone_microblaze_0/bsp/system.mss|system||

TRACE::2026-06-04.14:06:54::SCWMssOS::Sw design exists and opened at  D:/vivado_pj/workspace_myip_axi_fnd/axi_fnd_wrapper/microblaze_0/standalone_microblaze_0/bsp/system.mss
TRACE::2026-06-04.14:06:54::SCWWriter::formatted JSON is {
	"platformName":	"axi_fnd_wrapper",
	"sprVersion":	"2.0",
	"mode":	"gui",
	"dsaType":	"Fixed",
	"platformDesc":	"axi_fnd_wrapper",
	"platHandOff":	"D:/vivado_pj/my_ip_fnd/axi_fnd_wrapper.xsa",
	"platIntHandOff":	"<platformDir>/hw/axi_fnd_wrapper.xsa",
	"deviceType":	"FPGA",
	"platIsPrebuiltAutogen":	"false",
	"platIsNoBootBsp":	"false",
	"hasFsblMakeHasChanges":	"false",
	"hasPmufwMakeHasChanges":	"false",
	"platPreBuiltFlag":	false,
	"platformSamplesDir":	"",
	"platActiveSys":	"axi_fnd_wrapper",
	"systems":	[{
			"systemName":	"axi_fnd_wrapper",
			"systemDesc":	"axi_fnd_wrapper",
			"sysIsBootAutoGen":	"true",
			"systemDispName":	"axi_fnd_wrapper",
			"sysActiveDom":	"standalone_microblaze_0",
			"sysDefaultDom":	"standalone_microblaze_0",
			"domains":	[{
					"domainName":	"standalone_microblaze_0",
					"domainDispName":	"standalone_microblaze_0",
					"domainDesc":	"standalone_microblaze_0",
					"processors":	"microblaze_0",
					"os":	"standalone",
					"sdxOs":	"standalone",
					"debugEnable":	"False",
					"domRuntimes":	["cpp"],
					"swRepo":	"",
					"mssOsVer":	"8.1",
					"mssFile":	"",
					"md5Digest":	"64834a915ec6f44250ce937ec5448dd7",
					"compatibleApp":	"hello_world",
					"domType":	"mssDomain",
					"arch":	"32-bit",
					"appSettings":	{
						"appCompilerFlags":	"",
						"appLinkerFlags":	""
					},
					"addedLibs":	[],
					"libOptions":	{
						"libsContainingOptions":	[]
					},
					"prebuiltLibs":	{
						"prebuiltIncPath":	[],
						"prebuiltLibPath":	[]
					},
					"isolation":	{
					}
				}]
		}]
}
TRACE::2026-06-04.14:06:54::SCWPlatform::Trying to open the hw design at D:/vivado_pj/workspace_myip_axi_fnd/axi_fnd_wrapper/hw/axi_fnd_wrapper.xsa
TRACE::2026-06-04.14:06:54::SCWPlatform::DSA given D:/vivado_pj/workspace_myip_axi_fnd/axi_fnd_wrapper/hw/axi_fnd_wrapper.xsa
TRACE::2026-06-04.14:06:54::SCWPlatform::DSA absoulate path D:/vivado_pj/workspace_myip_axi_fnd/axi_fnd_wrapper/hw/axi_fnd_wrapper.xsa
TRACE::2026-06-04.14:06:54::SCWPlatform::DSA directory D:/vivado_pj/workspace_myip_axi_fnd/axi_fnd_wrapper/hw
TRACE::2026-06-04.14:06:54::SCWPlatform:: Platform Path D:/vivado_pj/workspace_myip_axi_fnd/axi_fnd_wrapper/hw/axi_fnd_wrapper.xsa
TRACE::2026-06-04.14:06:54::SCWPlatform:: Unique name xilinx:::0.0
TRACE::2026-06-04.14:06:54::SCWPlatform::Trying to set the existing hwdb with name axi_fnd_wrapper_0
TRACE::2026-06-04.14:06:54::SCWPlatform::Opened existing hwdb axi_fnd_wrapper_0
TRACE::2026-06-04.14:06:54::SCWPlatform::Found the Hw Db part of the input DSA
TRACE::2026-06-04.14:06:54::SCWMssOS::Checking the sw design at  D:/vivado_pj/workspace_myip_axi_fnd/axi_fnd_wrapper/microblaze_0/standalone_microblaze_0/bsp/system.mss
TRACE::2026-06-04.14:06:54::SCWMssOS::DEBUG:  swdes dump  D:/vivado_pj/workspace_myip_axi_fnd/axi_fnd_wrapper/microblaze_0/standalone_microblaze_0/bsp/system.mss|system||

TRACE::2026-06-04.14:06:54::SCWMssOS::Sw design exists and opened at  D:/vivado_pj/workspace_myip_axi_fnd/axi_fnd_wrapper/microblaze_0/standalone_microblaze_0/bsp/system.mss
TRACE::2026-06-04.14:06:54::SCWPlatform::Trying to open the hw design at D:/vivado_pj/workspace_myip_axi_fnd/axi_fnd_wrapper/hw/axi_fnd_wrapper.xsa
TRACE::2026-06-04.14:06:54::SCWPlatform::DSA given D:/vivado_pj/workspace_myip_axi_fnd/axi_fnd_wrapper/hw/axi_fnd_wrapper.xsa
TRACE::2026-06-04.14:06:54::SCWPlatform::DSA absoulate path D:/vivado_pj/workspace_myip_axi_fnd/axi_fnd_wrapper/hw/axi_fnd_wrapper.xsa
TRACE::2026-06-04.14:06:54::SCWPlatform::DSA directory D:/vivado_pj/workspace_myip_axi_fnd/axi_fnd_wrapper/hw
TRACE::2026-06-04.14:06:54::SCWPlatform:: Platform Path D:/vivado_pj/workspace_myip_axi_fnd/axi_fnd_wrapper/hw/axi_fnd_wrapper.xsa
TRACE::2026-06-04.14:06:54::SCWPlatform:: Unique name xilinx:::0.0
TRACE::2026-06-04.14:06:54::SCWPlatform::Trying to set the existing hwdb with name axi_fnd_wrapper_0
TRACE::2026-06-04.14:06:54::SCWPlatform::Opened existing hwdb axi_fnd_wrapper_0
TRACE::2026-06-04.14:06:54::SCWPlatform::Found the Hw Db part of the input DSA
TRACE::2026-06-04.14:06:54::SCWMssOS::Checking the sw design at  D:/vivado_pj/workspace_myip_axi_fnd/axi_fnd_wrapper/microblaze_0/standalone_microblaze_0/bsp/system.mss
TRACE::2026-06-04.14:06:54::SCWMssOS::DEBUG:  swdes dump  D:/vivado_pj/workspace_myip_axi_fnd/axi_fnd_wrapper/microblaze_0/standalone_microblaze_0/bsp/system.mss|system||

TRACE::2026-06-04.14:06:54::SCWMssOS::Sw design exists and opened at  D:/vivado_pj/workspace_myip_axi_fnd/axi_fnd_wrapper/microblaze_0/standalone_microblaze_0/bsp/system.mss
TRACE::2026-06-04.14:06:54::SCWMssOS::Saving the mss changes D:/vivado_pj/workspace_myip_axi_fnd/axi_fnd_wrapper/microblaze_0/standalone_microblaze_0/bsp/system.mss
TRACE::2026-06-04.14:06:54::SCWMssOS::Found a swdesign opened with the mssfile.
TRACE::2026-06-04.14:06:54::SCWMssOS::Completed writemss as part of save.
TRACE::2026-06-04.14:06:54::SCWMssOS::Commit changes completed.
TRACE::2026-06-04.14:06:54::SCWPlatform::Trying to open the hw design at D:/vivado_pj/workspace_myip_axi_fnd/axi_fnd_wrapper/hw/axi_fnd_wrapper.xsa
TRACE::2026-06-04.14:06:54::SCWPlatform::DSA given D:/vivado_pj/workspace_myip_axi_fnd/axi_fnd_wrapper/hw/axi_fnd_wrapper.xsa
TRACE::2026-06-04.14:06:54::SCWPlatform::DSA absoulate path D:/vivado_pj/workspace_myip_axi_fnd/axi_fnd_wrapper/hw/axi_fnd_wrapper.xsa
TRACE::2026-06-04.14:06:54::SCWPlatform::DSA directory D:/vivado_pj/workspace_myip_axi_fnd/axi_fnd_wrapper/hw
TRACE::2026-06-04.14:06:54::SCWPlatform:: Platform Path D:/vivado_pj/workspace_myip_axi_fnd/axi_fnd_wrapper/hw/axi_fnd_wrapper.xsa
TRACE::2026-06-04.14:06:54::SCWPlatform:: Unique name xilinx:::0.0
TRACE::2026-06-04.14:06:54::SCWPlatform::Trying to set the existing hwdb with name axi_fnd_wrapper_0
TRACE::2026-06-04.14:06:54::SCWPlatform::Opened existing hwdb axi_fnd_wrapper_0
TRACE::2026-06-04.14:06:54::SCWPlatform::Found the Hw Db part of the input DSA
TRACE::2026-06-04.14:06:54::SCWMssOS::Checking the sw design at  D:/vivado_pj/workspace_myip_axi_fnd/axi_fnd_wrapper/microblaze_0/standalone_microblaze_0/bsp/system.mss
TRACE::2026-06-04.14:06:54::SCWMssOS::DEBUG:  swdes dump  D:/vivado_pj/workspace_myip_axi_fnd/axi_fnd_wrapper/microblaze_0/standalone_microblaze_0/bsp/system.mss|system||

TRACE::2026-06-04.14:06:54::SCWMssOS::Sw design exists and opened at  D:/vivado_pj/workspace_myip_axi_fnd/axi_fnd_wrapper/microblaze_0/standalone_microblaze_0/bsp/system.mss
TRACE::2026-06-04.14:06:54::SCWPlatform::Trying to open the hw design at D:/vivado_pj/workspace_myip_axi_fnd/axi_fnd_wrapper/hw/axi_fnd_wrapper.xsa
TRACE::2026-06-04.14:06:54::SCWPlatform::DSA given D:/vivado_pj/workspace_myip_axi_fnd/axi_fnd_wrapper/hw/axi_fnd_wrapper.xsa
TRACE::2026-06-04.14:06:54::SCWPlatform::DSA absoulate path D:/vivado_pj/workspace_myip_axi_fnd/axi_fnd_wrapper/hw/axi_fnd_wrapper.xsa
TRACE::2026-06-04.14:06:54::SCWPlatform::DSA directory D:/vivado_pj/workspace_myip_axi_fnd/axi_fnd_wrapper/hw
TRACE::2026-06-04.14:06:54::SCWPlatform:: Platform Path D:/vivado_pj/workspace_myip_axi_fnd/axi_fnd_wrapper/hw/axi_fnd_wrapper.xsa
TRACE::2026-06-04.14:06:54::SCWPlatform:: Unique name xilinx:::0.0
TRACE::2026-06-04.14:06:54::SCWPlatform::Trying to set the existing hwdb with name axi_fnd_wrapper_0
TRACE::2026-06-04.14:06:54::SCWPlatform::Opened existing hwdb axi_fnd_wrapper_0
TRACE::2026-06-04.14:06:54::SCWPlatform::Found the Hw Db part of the input DSA
TRACE::2026-06-04.14:06:54::SCWMssOS::Checking the sw design at  D:/vivado_pj/workspace_myip_axi_fnd/axi_fnd_wrapper/microblaze_0/standalone_microblaze_0/bsp/system.mss
TRACE::2026-06-04.14:06:54::SCWMssOS::DEBUG:  swdes dump  D:/vivado_pj/workspace_myip_axi_fnd/axi_fnd_wrapper/microblaze_0/standalone_microblaze_0/bsp/system.mss|system||

TRACE::2026-06-04.14:06:54::SCWMssOS::Sw design exists and opened at  D:/vivado_pj/workspace_myip_axi_fnd/axi_fnd_wrapper/microblaze_0/standalone_microblaze_0/bsp/system.mss
TRACE::2026-06-04.14:06:54::SCWPlatform::Trying to open the hw design at D:/vivado_pj/workspace_myip_axi_fnd/axi_fnd_wrapper/hw/axi_fnd_wrapper.xsa
TRACE::2026-06-04.14:06:54::SCWPlatform::DSA given D:/vivado_pj/workspace_myip_axi_fnd/axi_fnd_wrapper/hw/axi_fnd_wrapper.xsa
TRACE::2026-06-04.14:06:54::SCWPlatform::DSA absoulate path D:/vivado_pj/workspace_myip_axi_fnd/axi_fnd_wrapper/hw/axi_fnd_wrapper.xsa
TRACE::2026-06-04.14:06:54::SCWPlatform::DSA directory D:/vivado_pj/workspace_myip_axi_fnd/axi_fnd_wrapper/hw
TRACE::2026-06-04.14:06:54::SCWPlatform:: Platform Path D:/vivado_pj/workspace_myip_axi_fnd/axi_fnd_wrapper/hw/axi_fnd_wrapper.xsa
TRACE::2026-06-04.14:06:54::SCWPlatform:: Unique name xilinx:::0.0
TRACE::2026-06-04.14:06:54::SCWPlatform::Trying to set the existing hwdb with name axi_fnd_wrapper_0
TRACE::2026-06-04.14:06:54::SCWPlatform::Opened existing hwdb axi_fnd_wrapper_0
TRACE::2026-06-04.14:06:54::SCWPlatform::Found the Hw Db part of the input DSA
TRACE::2026-06-04.14:06:54::SCWMssOS::Checking the sw design at  D:/vivado_pj/workspace_myip_axi_fnd/axi_fnd_wrapper/microblaze_0/standalone_microblaze_0/bsp/system.mss
TRACE::2026-06-04.14:06:54::SCWMssOS::DEBUG:  swdes dump  D:/vivado_pj/workspace_myip_axi_fnd/axi_fnd_wrapper/microblaze_0/standalone_microblaze_0/bsp/system.mss|system||

TRACE::2026-06-04.14:06:54::SCWMssOS::Sw design exists and opened at  D:/vivado_pj/workspace_myip_axi_fnd/axi_fnd_wrapper/microblaze_0/standalone_microblaze_0/bsp/system.mss
TRACE::2026-06-04.14:06:54::SCWWriter::formatted JSON is {
	"platformName":	"axi_fnd_wrapper",
	"sprVersion":	"2.0",
	"mode":	"gui",
	"dsaType":	"Fixed",
	"platformDesc":	"axi_fnd_wrapper",
	"platHandOff":	"D:/vivado_pj/my_ip_fnd/axi_fnd_wrapper.xsa",
	"platIntHandOff":	"<platformDir>/hw/axi_fnd_wrapper.xsa",
	"deviceType":	"FPGA",
	"platIsPrebuiltAutogen":	"false",
	"platIsNoBootBsp":	"false",
	"hasFsblMakeHasChanges":	"false",
	"hasPmufwMakeHasChanges":	"false",
	"platPreBuiltFlag":	false,
	"platformSamplesDir":	"",
	"platActiveSys":	"axi_fnd_wrapper",
	"systems":	[{
			"systemName":	"axi_fnd_wrapper",
			"systemDesc":	"axi_fnd_wrapper",
			"sysIsBootAutoGen":	"true",
			"systemDispName":	"axi_fnd_wrapper",
			"sysActiveDom":	"standalone_microblaze_0",
			"sysDefaultDom":	"standalone_microblaze_0",
			"domains":	[{
					"domainName":	"standalone_microblaze_0",
					"domainDispName":	"standalone_microblaze_0",
					"domainDesc":	"standalone_microblaze_0",
					"processors":	"microblaze_0",
					"os":	"standalone",
					"sdxOs":	"standalone",
					"debugEnable":	"False",
					"domRuntimes":	["cpp"],
					"swRepo":	"",
					"mssOsVer":	"8.1",
					"mssFile":	"",
					"md5Digest":	"64834a915ec6f44250ce937ec5448dd7",
					"compatibleApp":	"hello_world",
					"domType":	"mssDomain",
					"arch":	"32-bit",
					"appSettings":	{
						"appCompilerFlags":	"",
						"appLinkerFlags":	""
					},
					"addedLibs":	[],
					"libOptions":	{
						"libsContainingOptions":	[]
					},
					"prebuiltLibs":	{
						"prebuiltIncPath":	[],
						"prebuiltLibPath":	[]
					},
					"isolation":	{
					}
				}]
		}]
}
LOG::2026-06-04.14:06:54::SCWPlatform::Started generating the artifacts platform axi_fnd_wrapper
TRACE::2026-06-04.14:06:54::SCWPlatform::Sanity checking of platform is completed
LOG::2026-06-04.14:06:54::SCWPlatform::Started generating the artifacts for system configuration axi_fnd_wrapper
LOG::2026-06-04.14:06:54::SCWSystem::Started Processing the domain standalone_microblaze_0
TRACE::2026-06-04.14:06:54::SCWDomain::Generating domain artifcats
TRACE::2026-06-04.14:06:54::SCWMssOS::Generating standalone artifcats
TRACE::2026-06-04.14:06:54::SCWMssOS:: Copying the user libraries. 
TRACE::2026-06-04.14:06:54::SCWPlatform::Trying to open the hw design at D:/vivado_pj/workspace_myip_axi_fnd/axi_fnd_wrapper/hw/axi_fnd_wrapper.xsa
TRACE::2026-06-04.14:06:54::SCWPlatform::DSA given D:/vivado_pj/workspace_myip_axi_fnd/axi_fnd_wrapper/hw/axi_fnd_wrapper.xsa
TRACE::2026-06-04.14:06:54::SCWPlatform::DSA absoulate path D:/vivado_pj/workspace_myip_axi_fnd/axi_fnd_wrapper/hw/axi_fnd_wrapper.xsa
TRACE::2026-06-04.14:06:54::SCWPlatform::DSA directory D:/vivado_pj/workspace_myip_axi_fnd/axi_fnd_wrapper/hw
TRACE::2026-06-04.14:06:54::SCWPlatform:: Platform Path D:/vivado_pj/workspace_myip_axi_fnd/axi_fnd_wrapper/hw/axi_fnd_wrapper.xsa
TRACE::2026-06-04.14:06:54::SCWPlatform:: Unique name xilinx:::0.0
TRACE::2026-06-04.14:06:54::SCWPlatform::Trying to set the existing hwdb with name axi_fnd_wrapper_0
TRACE::2026-06-04.14:06:54::SCWPlatform::Opened existing hwdb axi_fnd_wrapper_0
TRACE::2026-06-04.14:06:54::SCWPlatform::Found the Hw Db part of the input DSA
TRACE::2026-06-04.14:06:54::SCWMssOS::Checking the sw design at  D:/vivado_pj/workspace_myip_axi_fnd/axi_fnd_wrapper/microblaze_0/standalone_microblaze_0/bsp/system.mss
TRACE::2026-06-04.14:06:54::SCWMssOS::DEBUG:  swdes dump  D:/vivado_pj/workspace_myip_axi_fnd/axi_fnd_wrapper/microblaze_0/standalone_microblaze_0/bsp/system.mss|system||

TRACE::2026-06-04.14:06:54::SCWMssOS::Sw design exists and opened at  D:/vivado_pj/workspace_myip_axi_fnd/axi_fnd_wrapper/microblaze_0/standalone_microblaze_0/bsp/system.mss
TRACE::2026-06-04.14:06:54::SCWMssOS::Completed writing the mss file at D:/vivado_pj/workspace_myip_axi_fnd/axi_fnd_wrapper/microblaze_0/standalone_microblaze_0/bsp
TRACE::2026-06-04.14:06:54::SCWMssOS::Mss edits present, copying mssfile into export location D:/vivado_pj/workspace_myip_axi_fnd/axi_fnd_wrapper/microblaze_0/standalone_microblaze_0/bsp/system.mss
TRACE::2026-06-04.14:06:54::SCWMssOS::bsp generated is upto date with the mss file. Skipping bsp generation.
TRACE::2026-06-04.14:06:54::SCWMssOS::BSP is already built. skipping the bsp build ... 
TRACE::2026-06-04.14:06:54::SCWDomain::Building the domain as part of full build :  standalone_microblaze_0
TRACE::2026-06-04.14:06:54::SCWMssOS::skipping the bsp build ... 
TRACE::2026-06-04.14:06:54::SCWMssOS::Copying to export directory.
TRACE::2026-06-04.14:06:54::SCWMssOS:: Checking if to create the Supporting Applications
TRACE::2026-06-04.14:06:54::SCWMssOS:: No Linux domain exists, trying to generate FSBL 
LOG::2026-06-04.14:06:54::SCWSystem::Completed Processing the domain standalone_microblaze_0
LOG::2026-06-04.14:06:54::SCWSystem::Completed Processing the sysconfig axi_fnd_wrapper
LOG::2026-06-04.14:06:54::SCWPlatform::Completed generating the artifacts for system configuration axi_fnd_wrapper
TRACE::2026-06-04.14:06:54::SCWPlatform::Started preparing the platform 
TRACE::2026-06-04.14:06:54::SCWSystem::Writing the bif file for system config axi_fnd_wrapper
TRACE::2026-06-04.14:06:54::SCWSystem::dir created 
TRACE::2026-06-04.14:06:54::SCWSystem::Writing the bif 
TRACE::2026-06-04.14:06:54::SCWPlatform::Started writing the spfm file 
TRACE::2026-06-04.14:06:54::SCWPlatform::Started writing the xpfm file 
TRACE::2026-06-04.14:06:54::SCWPlatform::Completed generating the platform
TRACE::2026-06-04.14:06:54::SCWMssOS::Saving the mss changes D:/vivado_pj/workspace_myip_axi_fnd/axi_fnd_wrapper/microblaze_0/standalone_microblaze_0/bsp/system.mss
TRACE::2026-06-04.14:06:54::SCWMssOS::Found a swdesign opened with the mssfile.
TRACE::2026-06-04.14:06:54::SCWMssOS::Completed writemss as part of save.
TRACE::2026-06-04.14:06:54::SCWMssOS::Commit changes completed.
TRACE::2026-06-04.14:06:54::SCWPlatform::Trying to open the hw design at D:/vivado_pj/workspace_myip_axi_fnd/axi_fnd_wrapper/hw/axi_fnd_wrapper.xsa
TRACE::2026-06-04.14:06:54::SCWPlatform::DSA given D:/vivado_pj/workspace_myip_axi_fnd/axi_fnd_wrapper/hw/axi_fnd_wrapper.xsa
TRACE::2026-06-04.14:06:54::SCWPlatform::DSA absoulate path D:/vivado_pj/workspace_myip_axi_fnd/axi_fnd_wrapper/hw/axi_fnd_wrapper.xsa
TRACE::2026-06-04.14:06:54::SCWPlatform::DSA directory D:/vivado_pj/workspace_myip_axi_fnd/axi_fnd_wrapper/hw
TRACE::2026-06-04.14:06:54::SCWPlatform:: Platform Path D:/vivado_pj/workspace_myip_axi_fnd/axi_fnd_wrapper/hw/axi_fnd_wrapper.xsa
TRACE::2026-06-04.14:06:54::SCWPlatform:: Unique name xilinx:::0.0
TRACE::2026-06-04.14:06:54::SCWPlatform::Trying to set the existing hwdb with name axi_fnd_wrapper_0
TRACE::2026-06-04.14:06:54::SCWPlatform::Opened existing hwdb axi_fnd_wrapper_0
TRACE::2026-06-04.14:06:54::SCWPlatform::Found the Hw Db part of the input DSA
TRACE::2026-06-04.14:06:54::SCWMssOS::Checking the sw design at  D:/vivado_pj/workspace_myip_axi_fnd/axi_fnd_wrapper/microblaze_0/standalone_microblaze_0/bsp/system.mss
TRACE::2026-06-04.14:06:54::SCWMssOS::DEBUG:  swdes dump  D:/vivado_pj/workspace_myip_axi_fnd/axi_fnd_wrapper/microblaze_0/standalone_microblaze_0/bsp/system.mss|system||

TRACE::2026-06-04.14:06:54::SCWMssOS::Sw design exists and opened at  D:/vivado_pj/workspace_myip_axi_fnd/axi_fnd_wrapper/microblaze_0/standalone_microblaze_0/bsp/system.mss
TRACE::2026-06-04.14:06:54::SCWPlatform::Trying to open the hw design at D:/vivado_pj/workspace_myip_axi_fnd/axi_fnd_wrapper/hw/axi_fnd_wrapper.xsa
TRACE::2026-06-04.14:06:54::SCWPlatform::DSA given D:/vivado_pj/workspace_myip_axi_fnd/axi_fnd_wrapper/hw/axi_fnd_wrapper.xsa
TRACE::2026-06-04.14:06:54::SCWPlatform::DSA absoulate path D:/vivado_pj/workspace_myip_axi_fnd/axi_fnd_wrapper/hw/axi_fnd_wrapper.xsa
TRACE::2026-06-04.14:06:54::SCWPlatform::DSA directory D:/vivado_pj/workspace_myip_axi_fnd/axi_fnd_wrapper/hw
TRACE::2026-06-04.14:06:54::SCWPlatform:: Platform Path D:/vivado_pj/workspace_myip_axi_fnd/axi_fnd_wrapper/hw/axi_fnd_wrapper.xsa
TRACE::2026-06-04.14:06:54::SCWPlatform:: Unique name xilinx:::0.0
TRACE::2026-06-04.14:06:54::SCWPlatform::Trying to set the existing hwdb with name axi_fnd_wrapper_0
TRACE::2026-06-04.14:06:54::SCWPlatform::Opened existing hwdb axi_fnd_wrapper_0
TRACE::2026-06-04.14:06:54::SCWPlatform::Found the Hw Db part of the input DSA
TRACE::2026-06-04.14:06:54::SCWMssOS::Checking the sw design at  D:/vivado_pj/workspace_myip_axi_fnd/axi_fnd_wrapper/microblaze_0/standalone_microblaze_0/bsp/system.mss
TRACE::2026-06-04.14:06:54::SCWMssOS::DEBUG:  swdes dump  D:/vivado_pj/workspace_myip_axi_fnd/axi_fnd_wrapper/microblaze_0/standalone_microblaze_0/bsp/system.mss|system||

TRACE::2026-06-04.14:06:54::SCWMssOS::Sw design exists and opened at  D:/vivado_pj/workspace_myip_axi_fnd/axi_fnd_wrapper/microblaze_0/standalone_microblaze_0/bsp/system.mss
TRACE::2026-06-04.14:06:54::SCWPlatform::Trying to open the hw design at D:/vivado_pj/workspace_myip_axi_fnd/axi_fnd_wrapper/hw/axi_fnd_wrapper.xsa
TRACE::2026-06-04.14:06:54::SCWPlatform::DSA given D:/vivado_pj/workspace_myip_axi_fnd/axi_fnd_wrapper/hw/axi_fnd_wrapper.xsa
TRACE::2026-06-04.14:06:54::SCWPlatform::DSA absoulate path D:/vivado_pj/workspace_myip_axi_fnd/axi_fnd_wrapper/hw/axi_fnd_wrapper.xsa
TRACE::2026-06-04.14:06:54::SCWPlatform::DSA directory D:/vivado_pj/workspace_myip_axi_fnd/axi_fnd_wrapper/hw
TRACE::2026-06-04.14:06:54::SCWPlatform:: Platform Path D:/vivado_pj/workspace_myip_axi_fnd/axi_fnd_wrapper/hw/axi_fnd_wrapper.xsa
TRACE::2026-06-04.14:06:54::SCWPlatform:: Unique name xilinx:::0.0
TRACE::2026-06-04.14:06:54::SCWPlatform::Trying to set the existing hwdb with name axi_fnd_wrapper_0
TRACE::2026-06-04.14:06:54::SCWPlatform::Opened existing hwdb axi_fnd_wrapper_0
TRACE::2026-06-04.14:06:54::SCWPlatform::Found the Hw Db part of the input DSA
TRACE::2026-06-04.14:06:54::SCWMssOS::Checking the sw design at  D:/vivado_pj/workspace_myip_axi_fnd/axi_fnd_wrapper/microblaze_0/standalone_microblaze_0/bsp/system.mss
TRACE::2026-06-04.14:06:54::SCWMssOS::DEBUG:  swdes dump  D:/vivado_pj/workspace_myip_axi_fnd/axi_fnd_wrapper/microblaze_0/standalone_microblaze_0/bsp/system.mss|system||

TRACE::2026-06-04.14:06:54::SCWMssOS::Sw design exists and opened at  D:/vivado_pj/workspace_myip_axi_fnd/axi_fnd_wrapper/microblaze_0/standalone_microblaze_0/bsp/system.mss
TRACE::2026-06-04.14:06:54::SCWWriter::formatted JSON is {
	"platformName":	"axi_fnd_wrapper",
	"sprVersion":	"2.0",
	"mode":	"gui",
	"dsaType":	"Fixed",
	"platformDesc":	"axi_fnd_wrapper",
	"platHandOff":	"D:/vivado_pj/my_ip_fnd/axi_fnd_wrapper.xsa",
	"platIntHandOff":	"<platformDir>/hw/axi_fnd_wrapper.xsa",
	"deviceType":	"FPGA",
	"platIsPrebuiltAutogen":	"false",
	"platIsNoBootBsp":	"false",
	"hasFsblMakeHasChanges":	"false",
	"hasPmufwMakeHasChanges":	"false",
	"platPreBuiltFlag":	false,
	"platformSamplesDir":	"",
	"platActiveSys":	"axi_fnd_wrapper",
	"systems":	[{
			"systemName":	"axi_fnd_wrapper",
			"systemDesc":	"axi_fnd_wrapper",
			"sysIsBootAutoGen":	"true",
			"systemDispName":	"axi_fnd_wrapper",
			"sysActiveDom":	"standalone_microblaze_0",
			"sysDefaultDom":	"standalone_microblaze_0",
			"domains":	[{
					"domainName":	"standalone_microblaze_0",
					"domainDispName":	"standalone_microblaze_0",
					"domainDesc":	"standalone_microblaze_0",
					"processors":	"microblaze_0",
					"os":	"standalone",
					"sdxOs":	"standalone",
					"debugEnable":	"False",
					"domRuntimes":	["cpp"],
					"swRepo":	"",
					"mssOsVer":	"8.1",
					"mssFile":	"",
					"md5Digest":	"64834a915ec6f44250ce937ec5448dd7",
					"compatibleApp":	"hello_world",
					"domType":	"mssDomain",
					"arch":	"32-bit",
					"appSettings":	{
						"appCompilerFlags":	"",
						"appLinkerFlags":	""
					},
					"addedLibs":	[],
					"libOptions":	{
						"libsContainingOptions":	[]
					},
					"prebuiltLibs":	{
						"prebuiltIncPath":	[],
						"prebuiltLibPath":	[]
					},
					"isolation":	{
					}
				}]
		}]
}
KEYINFO::2026-06-04.14:06:54::SCWPlatform::updated the xpfm file.
LOG::2026-06-04.14:13:46::SCWPlatform::Started generating the artifacts platform axi_fnd_wrapper
TRACE::2026-06-04.14:13:46::SCWPlatform::Sanity checking of platform is completed
LOG::2026-06-04.14:13:46::SCWPlatform::Started generating the artifacts for system configuration axi_fnd_wrapper
LOG::2026-06-04.14:13:46::SCWSystem::Checking the domain standalone_microblaze_0
LOG::2026-06-04.14:13:46::SCWSystem::Not a boot domain 
LOG::2026-06-04.14:13:46::SCWSystem::Started Processing the domain standalone_microblaze_0
TRACE::2026-06-04.14:13:46::SCWDomain::Generating domain artifcats
TRACE::2026-06-04.14:13:46::SCWMssOS::Generating standalone artifcats
TRACE::2026-06-04.14:13:46::SCWMssOS:: Copying the user libraries. 
TRACE::2026-06-04.14:13:46::SCWPlatform::Trying to open the hw design at D:/vivado_pj/workspace_myip_axi_fnd/axi_fnd_wrapper/hw/axi_fnd_wrapper.xsa
TRACE::2026-06-04.14:13:46::SCWPlatform::DSA given D:/vivado_pj/workspace_myip_axi_fnd/axi_fnd_wrapper/hw/axi_fnd_wrapper.xsa
TRACE::2026-06-04.14:13:46::SCWPlatform::DSA absoulate path D:/vivado_pj/workspace_myip_axi_fnd/axi_fnd_wrapper/hw/axi_fnd_wrapper.xsa
TRACE::2026-06-04.14:13:46::SCWPlatform::DSA directory D:/vivado_pj/workspace_myip_axi_fnd/axi_fnd_wrapper/hw
TRACE::2026-06-04.14:13:46::SCWPlatform:: Platform Path D:/vivado_pj/workspace_myip_axi_fnd/axi_fnd_wrapper/hw/axi_fnd_wrapper.xsa
TRACE::2026-06-04.14:13:46::SCWPlatform:: Unique name xilinx:::0.0
TRACE::2026-06-04.14:13:46::SCWPlatform::Trying to set the existing hwdb with name axi_fnd_wrapper_0
TRACE::2026-06-04.14:13:46::SCWPlatform::Opened existing hwdb axi_fnd_wrapper_0
TRACE::2026-06-04.14:13:46::SCWPlatform::Found the Hw Db part of the input DSA
TRACE::2026-06-04.14:13:46::SCWMssOS::Checking the sw design at  D:/vivado_pj/workspace_myip_axi_fnd/axi_fnd_wrapper/microblaze_0/standalone_microblaze_0/bsp/system.mss
TRACE::2026-06-04.14:13:46::SCWMssOS::DEBUG:  swdes dump  D:/vivado_pj/workspace_myip_axi_fnd/axi_fnd_wrapper/microblaze_0/standalone_microblaze_0/bsp/system.mss|system||

TRACE::2026-06-04.14:13:46::SCWMssOS::Sw design exists and opened at  D:/vivado_pj/workspace_myip_axi_fnd/axi_fnd_wrapper/microblaze_0/standalone_microblaze_0/bsp/system.mss
TRACE::2026-06-04.14:13:46::SCWMssOS::Completed writing the mss file at D:/vivado_pj/workspace_myip_axi_fnd/axi_fnd_wrapper/microblaze_0/standalone_microblaze_0/bsp
TRACE::2026-06-04.14:13:46::SCWMssOS::Mss edits present, copying mssfile into export location D:/vivado_pj/workspace_myip_axi_fnd/axi_fnd_wrapper/microblaze_0/standalone_microblaze_0/bsp/system.mss
TRACE::2026-06-04.14:13:46::SCWMssOS::bsp generated is upto date with the mss file. Skipping bsp generation.
TRACE::2026-06-04.14:13:46::SCWMssOS::BSP is already built. skipping the bsp build ... 
TRACE::2026-06-04.14:13:46::SCWDomain::Building the domain as part of full build :  standalone_microblaze_0
TRACE::2026-06-04.14:13:46::SCWMssOS::doing bsp build ... 
TRACE::2026-06-04.14:13:46::SCWMssOS::System Command Ran  D: & cd  D:/vivado_pj/workspace_myip_axi_fnd/axi_fnd_wrapper/microblaze_0/standalone_microblaze_0/bsp & make 
TRACE::2026-06-04.14:13:46::SCWMssOS::make --no-print-directory seq_libs

TRACE::2026-06-04.14:13:46::SCWMssOS::'Finished building libraries sequentially.'

TRACE::2026-06-04.14:13:46::SCWMssOS::make -j 18 --no-print-directory par_libs

TRACE::2026-06-04.14:13:46::SCWMssOS::"Running Make include in microblaze_0/libsrc/bram_v4_8/src"

TRACE::2026-06-04.14:13:46::SCWMssOS::make -C microblaze_0/libsrc/bram_v4_8/src -s include  "SHELL=CMD" "COMPILER=mb-gcc" "ASSEMBLER=mb-as" "ARCHIVER=mb-ar" "COMPILE
TRACE::2026-06-04.14:13:46::SCWMssOS::R_FLAGS=  -O2 -c -mcpu=v11.0 -mlittle-endian -mxl-soft-mul" "EXTRA_COMPILER_FLAGS=-g -ffunction-sections -fdata-sections -Wall 
TRACE::2026-06-04.14:13:46::SCWMssOS::-Wextra -fno-tree-loop-distribute-patterns"

TRACE::2026-06-04.14:13:46::SCWMssOS::"Running Make include in microblaze_0/libsrc/cpu_v2_17/src"

TRACE::2026-06-04.14:13:46::SCWMssOS::make -C microblaze_0/libsrc/cpu_v2_17/src -s include  "SHELL=CMD" "COMPILER=mb-gcc" "ASSEMBLER=mb-as" "ARCHIVER=mb-ar" "COMPILE
TRACE::2026-06-04.14:13:46::SCWMssOS::R_FLAGS=  -O2 -c -mcpu=v11.0 -mlittle-endian -mxl-soft-mul" "EXTRA_COMPILER_FLAGS=-g -ffunction-sections -fdata-sections -Wall 
TRACE::2026-06-04.14:13:46::SCWMssOS::-Wextra -fno-tree-loop-distribute-patterns"

TRACE::2026-06-04.14:13:46::SCWMssOS::"Running Make include in microblaze_0/libsrc/standalone_v8_1/src"

TRACE::2026-06-04.14:13:46::SCWMssOS::make -C microblaze_0/libsrc/standalone_v8_1/src -s include  "SHELL=CMD" "COMPILER=mb-gcc" "ASSEMBLER=mb-as" "ARCHIVER=mb-ar" "C
TRACE::2026-06-04.14:13:46::SCWMssOS::OMPILER_FLAGS=  -O2 -c -mcpu=v11.0 -mlittle-endian -mxl-soft-mul" "EXTRA_COMPILER_FLAGS=-g -ffunction-sections -fdata-sections 
TRACE::2026-06-04.14:13:46::SCWMssOS::-Wall -Wextra -fno-tree-loop-distribute-patterns"

TRACE::2026-06-04.14:13:46::SCWMssOS::"Running Make include in microblaze_0/libsrc/uartlite_v3_8/src"

TRACE::2026-06-04.14:13:46::SCWMssOS::make -C microblaze_0/libsrc/uartlite_v3_8/src -s include  "SHELL=CMD" "COMPILER=mb-gcc" "ASSEMBLER=mb-as" "ARCHIVER=mb-ar" "COM
TRACE::2026-06-04.14:13:46::SCWMssOS::PILER_FLAGS=  -O2 -c -mcpu=v11.0 -mlittle-endian -mxl-soft-mul" "EXTRA_COMPILER_FLAGS=-g -ffunction-sections -fdata-sections -W
TRACE::2026-06-04.14:13:46::SCWMssOS::all -Wextra -fno-tree-loop-distribute-patterns"

TRACE::2026-06-04.14:13:47::SCWMssOS::"Running Make libs in microblaze_0/libsrc/bram_v4_8/src"

TRACE::2026-06-04.14:13:47::SCWMssOS::make -C microblaze_0/libsrc/bram_v4_8/src -s libs  "SHELL=CMD" "COMPILER=mb-gcc" "ASSEMBLER=mb-as" "ARCHIVER=mb-ar" "COMPILER_F
TRACE::2026-06-04.14:13:47::SCWMssOS::LAGS=  -O2 -c -mcpu=v11.0 -mlittle-endian -mxl-soft-mul" "EXTRA_COMPILER_FLAGS=-g -ffunction-sections -fdata-sections -Wall -We
TRACE::2026-06-04.14:13:47::SCWMssOS::xtra -fno-tree-loop-distribute-patterns"

TRACE::2026-06-04.14:13:47::SCWMssOS::"Running Make libs in microblaze_0/libsrc/cpu_v2_17/src"

TRACE::2026-06-04.14:13:47::SCWMssOS::make -C microblaze_0/libsrc/cpu_v2_17/src -s libs  "SHELL=CMD" "COMPILER=mb-gcc" "ASSEMBLER=mb-as" "ARCHIVER=mb-ar" "COMPILER_F
TRACE::2026-06-04.14:13:47::SCWMssOS::LAGS=  -O2 -c -mcpu=v11.0 -mlittle-endian -mxl-soft-mul" "EXTRA_COMPILER_FLAGS=-g -ffunction-sections -fdata-sections -Wall -We
TRACE::2026-06-04.14:13:47::SCWMssOS::xtra -fno-tree-loop-distribute-patterns"

TRACE::2026-06-04.14:13:47::SCWMssOS::"Running Make libs in microblaze_0/libsrc/standalone_v8_1/src"

TRACE::2026-06-04.14:13:47::SCWMssOS::make -C microblaze_0/libsrc/standalone_v8_1/src -s libs  "SHELL=CMD" "COMPILER=mb-gcc" "ASSEMBLER=mb-as" "ARCHIVER=mb-ar" "COMP
TRACE::2026-06-04.14:13:47::SCWMssOS::ILER_FLAGS=  -O2 -c -mcpu=v11.0 -mlittle-endian -mxl-soft-mul" "EXTRA_COMPILER_FLAGS=-g -ffunction-sections -fdata-sections -Wa
TRACE::2026-06-04.14:13:47::SCWMssOS::ll -Wextra -fno-tree-loop-distribute-patterns"

TRACE::2026-06-04.14:13:47::SCWMssOS::"Running Make libs in microblaze_0/libsrc/uartlite_v3_8/src"

TRACE::2026-06-04.14:13:47::SCWMssOS::make -C microblaze_0/libsrc/uartlite_v3_8/src -s libs  "SHELL=CMD" "COMPILER=mb-gcc" "ASSEMBLER=mb-as" "ARCHIVER=mb-ar" "COMPIL
TRACE::2026-06-04.14:13:47::SCWMssOS::ER_FLAGS=  -O2 -c -mcpu=v11.0 -mlittle-endian -mxl-soft-mul" "EXTRA_COMPILER_FLAGS=-g -ffunction-sections -fdata-sections -Wall
TRACE::2026-06-04.14:13:47::SCWMssOS:: -Wextra -fno-tree-loop-distribute-patterns"

TRACE::2026-06-04.14:13:47::SCWMssOS::"DEBUG NON_LTO_OBJECTS is ../../../lib/microblaze_interrupt_handler.o"

TRACE::2026-06-04.14:13:48::SCWMssOS::'Finished building libraries parallelly.'

TRACE::2026-06-04.14:13:48::SCWMssOS::make --no-print-directory archive

TRACE::2026-06-04.14:13:48::SCWMssOS::mb-ar -r  microblaze_0/lib/libxil.a microblaze_0/lib/_exit.o microblaze_0/lib/errno.o microblaze_0/lib/fcntl.o microblaze_0/lib
TRACE::2026-06-04.14:13:48::SCWMssOS::/hw_exception_handler.o microblaze_0/lib/inbyte.o microblaze_0/lib/microblaze_disable_dcache.o microblaze_0/lib/microblaze_disa
TRACE::2026-06-04.14:13:48::SCWMssOS::ble_exceptions.o microblaze_0/lib/microblaze_disable_icache.o microblaze_0/lib/microblaze_disable_interrupts.o microblaze_0/lib
TRACE::2026-06-04.14:13:48::SCWMssOS::/microblaze_enable_dcache.o microblaze_0/lib/microblaze_enable_exceptions.o microblaze_0/lib/microblaze_enable_icache.o microbl
TRACE::2026-06-04.14:13:48::SCWMssOS::aze_0/lib/microblaze_enable_interrupts.o microblaze_0/lib/microblaze_exception_handler.o microblaze_0/lib/microblaze_flush_cach
TRACE::2026-06-04.14:13:48::SCWMssOS::e_ext.o microblaze_0/lib/microblaze_flush_cache_ext_range.o microblaze_0/lib/microblaze_flush_dcache.o microblaze_0/lib/microbl
TRACE::2026-06-04.14:13:48::SCWMssOS::aze_flush_dcache_range.o microblaze_0/lib/microblaze_init_dcache_range.o microblaze_0/lib/microblaze_init_icache_range.o microb
TRACE::2026-06-04.14:13:48::SCWMssOS::laze_0/lib/microblaze_interrupt_handler.o microblaze_0/lib/microblaze_interrupts_g.o microblaze_0/lib/microblaze_invalidate_cac
TRACE::2026-06-04.14:13:48::SCWMssOS::he_ext.o microblaze_0/lib/microblaze_invalidate_cache_ext_range.o microblaze_0/lib/microblaze_invalidate_dcache.o microblaze_0/
TRACE::2026-06-04.14:13:48::SCWMssOS::lib/microblaze_invalidate_dcache_range.o microblaze_0/lib/microblaze_invalidate_icache.o microblaze_0/lib/microblaze_invalidate
TRACE::2026-06-04.14:13:48::SCWMssOS::_icache_range.o microblaze_0/lib/microblaze_scrub.o microblaze_0/lib/microblaze_selftest.o microblaze_0/lib/microblaze_sleep.o 
TRACE::2026-06-04.14:13:48::SCWMssOS::microblaze_0/lib/microblaze_update_dcache.o microblaze_0/lib/microblaze_update_icache.o microblaze_0/lib/outbyte.o microblaze_0
TRACE::2026-06-04.14:13:48::SCWMssOS::/lib/print.o microblaze_0/lib/pvr.o microblaze_0/lib/xbram.o microblaze_0/lib/xbram_g.o microblaze_0/lib/xbram_intr.o microblaz
TRACE::2026-06-04.14:13:48::SCWMssOS::e_0/lib/xbram_selftest.o microblaze_0/lib/xbram_sinit.o microblaze_0/lib/xil_assert.o microblaze_0/lib/xil_cache.o microblaze_0
TRACE::2026-06-04.14:13:48::SCWMssOS::/lib/xil_clocking.o microblaze_0/lib/xil_exception.o microblaze_0/lib/xil_mem.o microblaze_0/lib/xil_misc_psreset_api.o microbl
TRACE::2026-06-04.14:13:48::SCWMssOS::aze_0/lib/xil_printf.o microblaze_0/lib/xil_sleepcommon.o microblaze_0/lib/xil_testcache.o microblaze_0/lib/xil_testio.o microb
TRACE::2026-06-04.14:13:48::SCWMssOS::laze_0/lib/xil_testmem.o microblaze_0/lib/xil_util.o microblaze_0/lib/xinterrupt_wrap.o microblaze_0/lib/xio.o microblaze_0/lib
TRACE::2026-06-04.14:13:48::SCWMssOS::/xplatform_info.o microblaze_0/lib/xuartlite.o microblaze_0/lib/xuartlite_g.o microblaze_0/lib/xuartlite_intr.o microblaze_0/li
TRACE::2026-06-04.14:13:48::SCWMssOS::b/xuartlite_l.o microblaze_0/lib/xuartlite_selftest.o microblaze_0/lib/xuartlite_sinit.o microblaze_0/lib/xuartlite_stats.o

TRACE::2026-06-04.14:13:48::SCWMssOS::'Finished building libraries'

TRACE::2026-06-04.14:13:48::SCWMssOS::Copying to export directory.
TRACE::2026-06-04.14:13:48::SCWMssOS:: Checking if to create the Supporting Applications
TRACE::2026-06-04.14:13:48::SCWMssOS:: No Linux domain exists, trying to generate FSBL 
LOG::2026-06-04.14:13:48::SCWSystem::Completed Processing the domain standalone_microblaze_0
LOG::2026-06-04.14:13:48::SCWSystem::Completed Processing the sysconfig axi_fnd_wrapper
LOG::2026-06-04.14:13:48::SCWPlatform::Completed generating the artifacts for system configuration axi_fnd_wrapper
TRACE::2026-06-04.14:13:48::SCWPlatform::Started preparing the platform 
TRACE::2026-06-04.14:13:48::SCWSystem::Writing the bif file for system config axi_fnd_wrapper
TRACE::2026-06-04.14:13:48::SCWSystem::dir created 
TRACE::2026-06-04.14:13:48::SCWSystem::Writing the bif 
TRACE::2026-06-04.14:13:48::SCWPlatform::Started writing the spfm file 
TRACE::2026-06-04.14:13:48::SCWPlatform::Started writing the xpfm file 
TRACE::2026-06-04.14:13:48::SCWPlatform::Completed generating the platform
TRACE::2026-06-04.14:13:48::SCWMssOS::Saving the mss changes D:/vivado_pj/workspace_myip_axi_fnd/axi_fnd_wrapper/microblaze_0/standalone_microblaze_0/bsp/system.mss
TRACE::2026-06-04.14:13:48::SCWMssOS::Found a swdesign opened with the mssfile.
TRACE::2026-06-04.14:13:48::SCWMssOS::Completed writemss as part of save.
TRACE::2026-06-04.14:13:48::SCWMssOS::Commit changes completed.
TRACE::2026-06-04.14:13:48::SCWPlatform::Trying to open the hw design at D:/vivado_pj/workspace_myip_axi_fnd/axi_fnd_wrapper/hw/axi_fnd_wrapper.xsa
TRACE::2026-06-04.14:13:48::SCWPlatform::DSA given D:/vivado_pj/workspace_myip_axi_fnd/axi_fnd_wrapper/hw/axi_fnd_wrapper.xsa
TRACE::2026-06-04.14:13:48::SCWPlatform::DSA absoulate path D:/vivado_pj/workspace_myip_axi_fnd/axi_fnd_wrapper/hw/axi_fnd_wrapper.xsa
TRACE::2026-06-04.14:13:48::SCWPlatform::DSA directory D:/vivado_pj/workspace_myip_axi_fnd/axi_fnd_wrapper/hw
TRACE::2026-06-04.14:13:48::SCWPlatform:: Platform Path D:/vivado_pj/workspace_myip_axi_fnd/axi_fnd_wrapper/hw/axi_fnd_wrapper.xsa
TRACE::2026-06-04.14:13:48::SCWPlatform:: Unique name xilinx:::0.0
TRACE::2026-06-04.14:13:48::SCWPlatform::Trying to set the existing hwdb with name axi_fnd_wrapper_0
TRACE::2026-06-04.14:13:48::SCWPlatform::Opened existing hwdb axi_fnd_wrapper_0
TRACE::2026-06-04.14:13:48::SCWPlatform::Found the Hw Db part of the input DSA
TRACE::2026-06-04.14:13:48::SCWMssOS::Checking the sw design at  D:/vivado_pj/workspace_myip_axi_fnd/axi_fnd_wrapper/microblaze_0/standalone_microblaze_0/bsp/system.mss
TRACE::2026-06-04.14:13:48::SCWMssOS::DEBUG:  swdes dump  D:/vivado_pj/workspace_myip_axi_fnd/axi_fnd_wrapper/microblaze_0/standalone_microblaze_0/bsp/system.mss|system||

TRACE::2026-06-04.14:13:48::SCWMssOS::Sw design exists and opened at  D:/vivado_pj/workspace_myip_axi_fnd/axi_fnd_wrapper/microblaze_0/standalone_microblaze_0/bsp/system.mss
TRACE::2026-06-04.14:13:48::SCWPlatform::Trying to open the hw design at D:/vivado_pj/workspace_myip_axi_fnd/axi_fnd_wrapper/hw/axi_fnd_wrapper.xsa
TRACE::2026-06-04.14:13:48::SCWPlatform::DSA given D:/vivado_pj/workspace_myip_axi_fnd/axi_fnd_wrapper/hw/axi_fnd_wrapper.xsa
TRACE::2026-06-04.14:13:48::SCWPlatform::DSA absoulate path D:/vivado_pj/workspace_myip_axi_fnd/axi_fnd_wrapper/hw/axi_fnd_wrapper.xsa
TRACE::2026-06-04.14:13:48::SCWPlatform::DSA directory D:/vivado_pj/workspace_myip_axi_fnd/axi_fnd_wrapper/hw
TRACE::2026-06-04.14:13:48::SCWPlatform:: Platform Path D:/vivado_pj/workspace_myip_axi_fnd/axi_fnd_wrapper/hw/axi_fnd_wrapper.xsa
TRACE::2026-06-04.14:13:48::SCWPlatform:: Unique name xilinx:::0.0
TRACE::2026-06-04.14:13:48::SCWPlatform::Trying to set the existing hwdb with name axi_fnd_wrapper_0
TRACE::2026-06-04.14:13:48::SCWPlatform::Opened existing hwdb axi_fnd_wrapper_0
TRACE::2026-06-04.14:13:48::SCWPlatform::Found the Hw Db part of the input DSA
TRACE::2026-06-04.14:13:48::SCWMssOS::Checking the sw design at  D:/vivado_pj/workspace_myip_axi_fnd/axi_fnd_wrapper/microblaze_0/standalone_microblaze_0/bsp/system.mss
TRACE::2026-06-04.14:13:48::SCWMssOS::DEBUG:  swdes dump  D:/vivado_pj/workspace_myip_axi_fnd/axi_fnd_wrapper/microblaze_0/standalone_microblaze_0/bsp/system.mss|system||

TRACE::2026-06-04.14:13:48::SCWMssOS::Sw design exists and opened at  D:/vivado_pj/workspace_myip_axi_fnd/axi_fnd_wrapper/microblaze_0/standalone_microblaze_0/bsp/system.mss
TRACE::2026-06-04.14:13:48::SCWPlatform::Trying to open the hw design at D:/vivado_pj/workspace_myip_axi_fnd/axi_fnd_wrapper/hw/axi_fnd_wrapper.xsa
TRACE::2026-06-04.14:13:48::SCWPlatform::DSA given D:/vivado_pj/workspace_myip_axi_fnd/axi_fnd_wrapper/hw/axi_fnd_wrapper.xsa
TRACE::2026-06-04.14:13:48::SCWPlatform::DSA absoulate path D:/vivado_pj/workspace_myip_axi_fnd/axi_fnd_wrapper/hw/axi_fnd_wrapper.xsa
TRACE::2026-06-04.14:13:48::SCWPlatform::DSA directory D:/vivado_pj/workspace_myip_axi_fnd/axi_fnd_wrapper/hw
TRACE::2026-06-04.14:13:48::SCWPlatform:: Platform Path D:/vivado_pj/workspace_myip_axi_fnd/axi_fnd_wrapper/hw/axi_fnd_wrapper.xsa
TRACE::2026-06-04.14:13:48::SCWPlatform:: Unique name xilinx:::0.0
TRACE::2026-06-04.14:13:48::SCWPlatform::Trying to set the existing hwdb with name axi_fnd_wrapper_0
TRACE::2026-06-04.14:13:48::SCWPlatform::Opened existing hwdb axi_fnd_wrapper_0
TRACE::2026-06-04.14:13:48::SCWPlatform::Found the Hw Db part of the input DSA
TRACE::2026-06-04.14:13:48::SCWMssOS::Checking the sw design at  D:/vivado_pj/workspace_myip_axi_fnd/axi_fnd_wrapper/microblaze_0/standalone_microblaze_0/bsp/system.mss
TRACE::2026-06-04.14:13:48::SCWMssOS::DEBUG:  swdes dump  D:/vivado_pj/workspace_myip_axi_fnd/axi_fnd_wrapper/microblaze_0/standalone_microblaze_0/bsp/system.mss|system||

TRACE::2026-06-04.14:13:48::SCWMssOS::Sw design exists and opened at  D:/vivado_pj/workspace_myip_axi_fnd/axi_fnd_wrapper/microblaze_0/standalone_microblaze_0/bsp/system.mss
TRACE::2026-06-04.14:13:48::SCWWriter::formatted JSON is {
	"platformName":	"axi_fnd_wrapper",
	"sprVersion":	"2.0",
	"mode":	"gui",
	"dsaType":	"Fixed",
	"platformDesc":	"axi_fnd_wrapper",
	"platHandOff":	"D:/vivado_pj/my_ip_fnd/axi_fnd_wrapper.xsa",
	"platIntHandOff":	"<platformDir>/hw/axi_fnd_wrapper.xsa",
	"deviceType":	"FPGA",
	"platIsPrebuiltAutogen":	"false",
	"platIsNoBootBsp":	"false",
	"hasFsblMakeHasChanges":	"false",
	"hasPmufwMakeHasChanges":	"false",
	"platPreBuiltFlag":	false,
	"platformSamplesDir":	"",
	"platActiveSys":	"axi_fnd_wrapper",
	"systems":	[{
			"systemName":	"axi_fnd_wrapper",
			"systemDesc":	"axi_fnd_wrapper",
			"sysIsBootAutoGen":	"true",
			"systemDispName":	"axi_fnd_wrapper",
			"sysActiveDom":	"standalone_microblaze_0",
			"sysDefaultDom":	"standalone_microblaze_0",
			"domains":	[{
					"domainName":	"standalone_microblaze_0",
					"domainDispName":	"standalone_microblaze_0",
					"domainDesc":	"standalone_microblaze_0",
					"processors":	"microblaze_0",
					"os":	"standalone",
					"sdxOs":	"standalone",
					"debugEnable":	"False",
					"domRuntimes":	["cpp"],
					"swRepo":	"",
					"mssOsVer":	"8.1",
					"mssFile":	"",
					"md5Digest":	"64834a915ec6f44250ce937ec5448dd7",
					"compatibleApp":	"hello_world",
					"domType":	"mssDomain",
					"arch":	"32-bit",
					"appSettings":	{
						"appCompilerFlags":	"",
						"appLinkerFlags":	""
					},
					"addedLibs":	[],
					"libOptions":	{
						"libsContainingOptions":	[]
					},
					"prebuiltLibs":	{
						"prebuiltIncPath":	[],
						"prebuiltLibPath":	[]
					},
					"isolation":	{
					}
				}]
		}]
}
KEYINFO::2026-06-04.14:13:48::SCWPlatform::updated the xpfm file.
TRACE::2026-06-04.14:13:49::SCWPlatform::Trying to open the hw design at D:/vivado_pj/workspace_myip_axi_fnd/axi_fnd_wrapper/hw/axi_fnd_wrapper.xsa
TRACE::2026-06-04.14:13:49::SCWPlatform::DSA given D:/vivado_pj/workspace_myip_axi_fnd/axi_fnd_wrapper/hw/axi_fnd_wrapper.xsa
TRACE::2026-06-04.14:13:49::SCWPlatform::DSA absoulate path D:/vivado_pj/workspace_myip_axi_fnd/axi_fnd_wrapper/hw/axi_fnd_wrapper.xsa
TRACE::2026-06-04.14:13:49::SCWPlatform::DSA directory D:/vivado_pj/workspace_myip_axi_fnd/axi_fnd_wrapper/hw
TRACE::2026-06-04.14:13:49::SCWPlatform:: Platform Path D:/vivado_pj/workspace_myip_axi_fnd/axi_fnd_wrapper/hw/axi_fnd_wrapper.xsa
TRACE::2026-06-04.14:13:49::SCWPlatform:: Unique name xilinx:::0.0
TRACE::2026-06-04.14:13:49::SCWPlatform::Trying to set the existing hwdb with name axi_fnd_wrapper_0
TRACE::2026-06-04.14:13:49::SCWPlatform::Opened existing hwdb axi_fnd_wrapper_0
TRACE::2026-06-04.14:13:49::SCWPlatform::Found the Hw Db part of the input DSA
TRACE::2026-06-04.14:13:49::SCWMssOS::Checking the sw design at  D:/vivado_pj/workspace_myip_axi_fnd/axi_fnd_wrapper/microblaze_0/standalone_microblaze_0/bsp/system.mss
TRACE::2026-06-04.14:13:49::SCWMssOS::DEBUG:  swdes dump  D:/vivado_pj/workspace_myip_axi_fnd/axi_fnd_wrapper/microblaze_0/standalone_microblaze_0/bsp/system.mss|system||

TRACE::2026-06-04.14:13:49::SCWMssOS::Sw design exists and opened at  D:/vivado_pj/workspace_myip_axi_fnd/axi_fnd_wrapper/microblaze_0/standalone_microblaze_0/bsp/system.mss
TRACE::2026-06-04.15:21:31::SCWPlatform::Trying to open the hw design at D:/vivado_pj/workspace_myip_axi_fnd/axi_fnd_wrapper/hw/axi_fnd_wrapper.xsa
TRACE::2026-06-04.15:21:31::SCWPlatform::DSA given D:/vivado_pj/workspace_myip_axi_fnd/axi_fnd_wrapper/hw/axi_fnd_wrapper.xsa
TRACE::2026-06-04.15:21:31::SCWPlatform::DSA absoulate path D:/vivado_pj/workspace_myip_axi_fnd/axi_fnd_wrapper/hw/axi_fnd_wrapper.xsa
TRACE::2026-06-04.15:21:31::SCWPlatform::DSA directory D:/vivado_pj/workspace_myip_axi_fnd/axi_fnd_wrapper/hw
TRACE::2026-06-04.15:21:31::SCWPlatform:: Platform Path D:/vivado_pj/workspace_myip_axi_fnd/axi_fnd_wrapper/hw/axi_fnd_wrapper.xsa
TRACE::2026-06-04.15:21:31::SCWPlatform:: Unique name xilinx:::0.0
TRACE::2026-06-04.15:21:31::SCWPlatform::Do not have an existing db opened. 
TRACE::2026-06-04.15:21:31::SCWPlatform::Opened new HwDB with name axi_fnd_wrapper
TRACE::2026-06-04.15:21:31::SCWReader::Active system found as  axi_fnd_wrapper
TRACE::2026-06-04.15:21:31::SCWReader::Handling sysconfig axi_fnd_wrapper
TRACE::2026-06-04.15:21:31::SCWDomain::checking for install qemu data   : 
TRACE::2026-06-04.15:21:31::SCWPlatform::Trying to open the hw design at D:/vivado_pj/workspace_myip_axi_fnd/axi_fnd_wrapper/hw/axi_fnd_wrapper.xsa
TRACE::2026-06-04.15:21:31::SCWPlatform::DSA given D:/vivado_pj/workspace_myip_axi_fnd/axi_fnd_wrapper/hw/axi_fnd_wrapper.xsa
TRACE::2026-06-04.15:21:31::SCWPlatform::DSA absoulate path D:/vivado_pj/workspace_myip_axi_fnd/axi_fnd_wrapper/hw/axi_fnd_wrapper.xsa
TRACE::2026-06-04.15:21:31::SCWPlatform::DSA directory D:/vivado_pj/workspace_myip_axi_fnd/axi_fnd_wrapper/hw
TRACE::2026-06-04.15:21:31::SCWPlatform:: Platform Path D:/vivado_pj/workspace_myip_axi_fnd/axi_fnd_wrapper/hw/axi_fnd_wrapper.xsa
TRACE::2026-06-04.15:21:31::SCWPlatform:: Unique name xilinx:::0.0
TRACE::2026-06-04.15:21:31::SCWPlatform::Trying to set the existing hwdb with name axi_fnd_wrapper
TRACE::2026-06-04.15:21:31::SCWPlatform::Opened existing hwdb axi_fnd_wrapper
TRACE::2026-06-04.15:21:31::SCWPlatform::Found the Hw Db part of the input DSA
TRACE::2026-06-04.15:21:31::SCWPlatform::Trying to open the hw design at D:/vivado_pj/workspace_myip_axi_fnd/axi_fnd_wrapper/hw/axi_fnd_wrapper.xsa
TRACE::2026-06-04.15:21:31::SCWPlatform::DSA given D:/vivado_pj/workspace_myip_axi_fnd/axi_fnd_wrapper/hw/axi_fnd_wrapper.xsa
TRACE::2026-06-04.15:21:31::SCWPlatform::DSA absoulate path D:/vivado_pj/workspace_myip_axi_fnd/axi_fnd_wrapper/hw/axi_fnd_wrapper.xsa
TRACE::2026-06-04.15:21:31::SCWPlatform::DSA directory D:/vivado_pj/workspace_myip_axi_fnd/axi_fnd_wrapper/hw
TRACE::2026-06-04.15:21:31::SCWPlatform:: Platform Path D:/vivado_pj/workspace_myip_axi_fnd/axi_fnd_wrapper/hw/axi_fnd_wrapper.xsa
TRACE::2026-06-04.15:21:31::SCWPlatform:: Unique name xilinx:::0.0
TRACE::2026-06-04.15:21:31::SCWPlatform::Trying to set the existing hwdb with name axi_fnd_wrapper
TRACE::2026-06-04.15:21:31::SCWPlatform::Opened existing hwdb axi_fnd_wrapper
TRACE::2026-06-04.15:21:31::SCWPlatform::Found the Hw Db part of the input DSA
TRACE::2026-06-04.15:21:31::SCWPlatform::Trying to open the hw design at D:/vivado_pj/workspace_myip_axi_fnd/axi_fnd_wrapper/hw/axi_fnd_wrapper.xsa
TRACE::2026-06-04.15:21:31::SCWPlatform::DSA given D:/vivado_pj/workspace_myip_axi_fnd/axi_fnd_wrapper/hw/axi_fnd_wrapper.xsa
TRACE::2026-06-04.15:21:31::SCWPlatform::DSA absoulate path D:/vivado_pj/workspace_myip_axi_fnd/axi_fnd_wrapper/hw/axi_fnd_wrapper.xsa
TRACE::2026-06-04.15:21:31::SCWPlatform::DSA directory D:/vivado_pj/workspace_myip_axi_fnd/axi_fnd_wrapper/hw
TRACE::2026-06-04.15:21:31::SCWPlatform:: Platform Path D:/vivado_pj/workspace_myip_axi_fnd/axi_fnd_wrapper/hw/axi_fnd_wrapper.xsa
TRACE::2026-06-04.15:21:31::SCWPlatform:: Unique name xilinx:::0.0
TRACE::2026-06-04.15:21:31::SCWPlatform::Trying to set the existing hwdb with name axi_fnd_wrapper
TRACE::2026-06-04.15:21:31::SCWPlatform::Opened existing hwdb axi_fnd_wrapper
TRACE::2026-06-04.15:21:31::SCWPlatform::Found the Hw Db part of the input DSA
TRACE::2026-06-04.15:21:31::SCWPlatform::Trying to open the hw design at D:/vivado_pj/workspace_myip_axi_fnd/axi_fnd_wrapper/hw/axi_fnd_wrapper.xsa
TRACE::2026-06-04.15:21:31::SCWPlatform::DSA given D:/vivado_pj/workspace_myip_axi_fnd/axi_fnd_wrapper/hw/axi_fnd_wrapper.xsa
TRACE::2026-06-04.15:21:31::SCWPlatform::DSA absoulate path D:/vivado_pj/workspace_myip_axi_fnd/axi_fnd_wrapper/hw/axi_fnd_wrapper.xsa
TRACE::2026-06-04.15:21:31::SCWPlatform::DSA directory D:/vivado_pj/workspace_myip_axi_fnd/axi_fnd_wrapper/hw
TRACE::2026-06-04.15:21:31::SCWPlatform:: Platform Path D:/vivado_pj/workspace_myip_axi_fnd/axi_fnd_wrapper/hw/axi_fnd_wrapper.xsa
TRACE::2026-06-04.15:21:31::SCWPlatform:: Unique name xilinx:::0.0
TRACE::2026-06-04.15:21:31::SCWPlatform::Trying to set the existing hwdb with name axi_fnd_wrapper
TRACE::2026-06-04.15:21:31::SCWPlatform::Opened existing hwdb axi_fnd_wrapper
TRACE::2026-06-04.15:21:31::SCWPlatform::Found the Hw Db part of the input DSA
TRACE::2026-06-04.15:21:31::SCWMssOS::Checking the sw design at  D:/vivado_pj/workspace_myip_axi_fnd/axi_fnd_wrapper/microblaze_0/standalone_microblaze_0/bsp/system.mss
TRACE::2026-06-04.15:21:31::SCWMssOS::DEBUG:  swdes dump  
TRACE::2026-06-04.15:21:31::SCWMssOS::No sw design opened at  D:/vivado_pj/workspace_myip_axi_fnd/axi_fnd_wrapper/microblaze_0/standalone_microblaze_0/bsp/system.mss
TRACE::2026-06-04.15:21:31::SCWMssOS::mss exists loading the mss file  D:/vivado_pj/workspace_myip_axi_fnd/axi_fnd_wrapper/microblaze_0/standalone_microblaze_0/bsp/system.mss
TRACE::2026-06-04.15:21:31::SCWMssOS::Opened the sw design from mss  D:/vivado_pj/workspace_myip_axi_fnd/axi_fnd_wrapper/microblaze_0/standalone_microblaze_0/bsp/system.mss
TRACE::2026-06-04.15:21:31::SCWMssOS::Adding the swdes entry D:/vivado_pj/workspace_myip_axi_fnd/axi_fnd_wrapper/microblaze_0/standalone_microblaze_0/bsp/system.mss with des name system
TRACE::2026-06-04.15:21:31::SCWMssOS::updating the scw layer about changes
TRACE::2026-06-04.15:21:31::SCWMssOS::Opened the sw design.  D:/vivado_pj/workspace_myip_axi_fnd/axi_fnd_wrapper/microblaze_0/standalone_microblaze_0/bsp/system.mss
TRACE::2026-06-04.15:21:31::SCWMssOS::Saving the mss changes D:/vivado_pj/workspace_myip_axi_fnd/axi_fnd_wrapper/microblaze_0/standalone_microblaze_0/bsp/system.mss
TRACE::2026-06-04.15:21:31::SCWMssOS::Found a swdesign opened with the mssfile.
TRACE::2026-06-04.15:21:31::SCWMssOS::Completed writemss as part of save.
TRACE::2026-06-04.15:21:31::SCWMssOS::Commit changes completed.
TRACE::2026-06-04.15:21:31::SCWReader::Adding prebuilt librarypaths as   
TRACE::2026-06-04.15:21:31::SCWReader::Adding prebuilt incpaths  as   
TRACE::2026-06-04.15:21:31::SCWPlatform::Trying to open the hw design at D:/vivado_pj/workspace_myip_axi_fnd/axi_fnd_wrapper/hw/axi_fnd_wrapper.xsa
TRACE::2026-06-04.15:21:31::SCWPlatform::DSA given D:/vivado_pj/workspace_myip_axi_fnd/axi_fnd_wrapper/hw/axi_fnd_wrapper.xsa
TRACE::2026-06-04.15:21:31::SCWPlatform::DSA absoulate path D:/vivado_pj/workspace_myip_axi_fnd/axi_fnd_wrapper/hw/axi_fnd_wrapper.xsa
TRACE::2026-06-04.15:21:31::SCWPlatform::DSA directory D:/vivado_pj/workspace_myip_axi_fnd/axi_fnd_wrapper/hw
TRACE::2026-06-04.15:21:31::SCWPlatform:: Platform Path D:/vivado_pj/workspace_myip_axi_fnd/axi_fnd_wrapper/hw/axi_fnd_wrapper.xsa
TRACE::2026-06-04.15:21:31::SCWPlatform:: Unique name xilinx:::0.0
TRACE::2026-06-04.15:21:31::SCWPlatform::Trying to set the existing hwdb with name axi_fnd_wrapper
TRACE::2026-06-04.15:21:31::SCWPlatform::Opened existing hwdb axi_fnd_wrapper
TRACE::2026-06-04.15:21:31::SCWPlatform::Found the Hw Db part of the input DSA
TRACE::2026-06-04.15:21:31::SCWMssOS::Checking the sw design at  D:/vivado_pj/workspace_myip_axi_fnd/axi_fnd_wrapper/microblaze_0/standalone_microblaze_0/bsp/system.mss
TRACE::2026-06-04.15:21:31::SCWMssOS::DEBUG:  swdes dump  D:/vivado_pj/workspace_myip_axi_fnd/axi_fnd_wrapper/microblaze_0/standalone_microblaze_0/bsp/system.mss|system||

TRACE::2026-06-04.15:21:31::SCWMssOS::Sw design exists and opened at  D:/vivado_pj/workspace_myip_axi_fnd/axi_fnd_wrapper/microblaze_0/standalone_microblaze_0/bsp/system.mss
TRACE::2026-06-04.15:21:31::SCWReader::No isolation master present  
TRACE::2026-06-04.15:21:43::SCWPlatform::DSA given D:/vivado_pj/workspace_myip_axi_fnd/axi_fnd_wrapper/tempdsa/axi_fnd_wrapper2.xsa
TRACE::2026-06-04.15:21:43::SCWPlatform::DSA absoulate path D:/vivado_pj/workspace_myip_axi_fnd/axi_fnd_wrapper/tempdsa/axi_fnd_wrapper2.xsa
TRACE::2026-06-04.15:21:43::SCWPlatform:: Platform location is D:/vivado_pj/workspace_myip_axi_fnd/axi_fnd_wrapper/tempdsa
TRACE::2026-06-04.15:21:43::SCWPlatform:: Platform Path D:/vivado_pj/workspace_myip_axi_fnd/axi_fnd_wrapper/tempdsa/axi_fnd_wrapper2.xsa
TRACE::2026-06-04.15:21:43::SCWPlatform:: Unique name xilinx:::0.0
TRACE::2026-06-04.15:21:43::SCWPlatform::Found the Hw Db part of the input DSA
TRACE::2026-06-04.15:21:43::SCWMssOS::Doing hw sync for the mss in domain: standalone_microblaze_0
TRACE::2026-06-04.15:21:43::SCWPlatform::Trying to open the hw design at D:/vivado_pj/workspace_myip_axi_fnd/axi_fnd_wrapper/hw/axi_fnd_wrapper.xsa
TRACE::2026-06-04.15:21:43::SCWPlatform::DSA given D:/vivado_pj/workspace_myip_axi_fnd/axi_fnd_wrapper/hw/axi_fnd_wrapper.xsa
TRACE::2026-06-04.15:21:43::SCWPlatform::DSA absoulate path D:/vivado_pj/workspace_myip_axi_fnd/axi_fnd_wrapper/hw/axi_fnd_wrapper.xsa
TRACE::2026-06-04.15:21:43::SCWPlatform::DSA directory D:/vivado_pj/workspace_myip_axi_fnd/axi_fnd_wrapper/hw
TRACE::2026-06-04.15:21:43::SCWPlatform:: Platform Path D:/vivado_pj/workspace_myip_axi_fnd/axi_fnd_wrapper/hw/axi_fnd_wrapper.xsa
TRACE::2026-06-04.15:21:43::SCWPlatform:: Unique name xilinx:::0.0
TRACE::2026-06-04.15:21:43::SCWPlatform::Trying to set the existing hwdb with name axi_fnd_wrapper
TRACE::2026-06-04.15:21:43::SCWPlatform::Opened existing hwdb axi_fnd_wrapper
TRACE::2026-06-04.15:21:43::SCWPlatform::Found the Hw Db part of the input DSA
TRACE::2026-06-04.15:21:43::SCWPlatform::Trying to open the hw design at D:/vivado_pj/workspace_myip_axi_fnd/axi_fnd_wrapper/hw/axi_fnd_wrapper.xsa
TRACE::2026-06-04.15:21:43::SCWPlatform::DSA given D:/vivado_pj/workspace_myip_axi_fnd/axi_fnd_wrapper/hw/axi_fnd_wrapper.xsa
TRACE::2026-06-04.15:21:43::SCWPlatform::DSA absoulate path D:/vivado_pj/workspace_myip_axi_fnd/axi_fnd_wrapper/hw/axi_fnd_wrapper.xsa
TRACE::2026-06-04.15:21:43::SCWPlatform::DSA directory D:/vivado_pj/workspace_myip_axi_fnd/axi_fnd_wrapper/hw
TRACE::2026-06-04.15:21:43::SCWPlatform:: Platform Path D:/vivado_pj/workspace_myip_axi_fnd/axi_fnd_wrapper/hw/axi_fnd_wrapper.xsa
TRACE::2026-06-04.15:21:43::SCWPlatform:: Unique name xilinx:::0.0
TRACE::2026-06-04.15:21:43::SCWPlatform::Trying to set the existing hwdb with name axi_fnd_wrapper
TRACE::2026-06-04.15:21:43::SCWPlatform::Opened existing hwdb axi_fnd_wrapper
TRACE::2026-06-04.15:21:43::SCWPlatform::Found the Hw Db part of the input DSA
TRACE::2026-06-04.15:21:43::SCWMssOS::Checking the sw design at  D:/vivado_pj/workspace_myip_axi_fnd/axi_fnd_wrapper/microblaze_0/standalone_microblaze_0/bsp/system.mss
TRACE::2026-06-04.15:21:43::SCWMssOS::DEBUG:  swdes dump  D:/vivado_pj/workspace_myip_axi_fnd/axi_fnd_wrapper/microblaze_0/standalone_microblaze_0/bsp/system.mss|system||

TRACE::2026-06-04.15:21:43::SCWMssOS::Sw design exists and opened at  D:/vivado_pj/workspace_myip_axi_fnd/axi_fnd_wrapper/microblaze_0/standalone_microblaze_0/bsp/system.mss
TRACE::2026-06-04.15:21:43::SCWPlatform::Trying to open the hw design at D:/vivado_pj/workspace_myip_axi_fnd/axi_fnd_wrapper/tempdsa/axi_fnd_wrapper2.xsa
TRACE::2026-06-04.15:21:43::SCWPlatform::DSA given D:/vivado_pj/workspace_myip_axi_fnd/axi_fnd_wrapper/tempdsa/axi_fnd_wrapper2.xsa
TRACE::2026-06-04.15:21:43::SCWPlatform::DSA absoulate path D:/vivado_pj/workspace_myip_axi_fnd/axi_fnd_wrapper/tempdsa/axi_fnd_wrapper2.xsa
TRACE::2026-06-04.15:21:43::SCWPlatform::DSA directory D:/vivado_pj/workspace_myip_axi_fnd/axi_fnd_wrapper/tempdsa
TRACE::2026-06-04.15:21:43::SCWPlatform:: Platform Path D:/vivado_pj/workspace_myip_axi_fnd/axi_fnd_wrapper/tempdsa/axi_fnd_wrapper2.xsa
TRACE::2026-06-04.15:21:43::SCWPlatform:: Unique name xilinx:::0.0
TRACE::2026-06-04.15:21:43::SCWPlatform::update - Opened existing hwdb axi_fnd_wrapper_0
TRACE::2026-06-04.15:21:43::SCWPlatform::Found the Hw Db part of the input DSA
TRACE::2026-06-04.15:21:43::SCWMssOS::Saving the mss changes D:/vivado_pj/workspace_myip_axi_fnd/axi_fnd_wrapper/microblaze_0/standalone_microblaze_0/bsp/system.mss
TRACE::2026-06-04.15:21:43::SCWMssOS::Found a swdesign opened with the mssfile.
TRACE::2026-06-04.15:21:43::SCWMssOS::Completed writemss as part of save.
TRACE::2026-06-04.15:21:43::SCWMssOS::Commit changes completed.
TRACE::2026-06-04.15:21:43::SCWMssOS::Completed hw sync for the mss in domain: standalone_microblaze_0
TRACE::2026-06-04.15:21:43::SCWMssOS::Removing the swdes entry for  D:/vivado_pj/workspace_myip_axi_fnd/axi_fnd_wrapper/microblaze_0/standalone_microblaze_0/bsp/system.mss
TRACE::2026-06-04.15:21:43::SCWPlatform::Trying to open the hw design at D:/vivado_pj/workspace_myip_axi_fnd/axi_fnd_wrapper/hw/axi_fnd_wrapper2.xsa
TRACE::2026-06-04.15:21:43::SCWPlatform::DSA given D:/vivado_pj/workspace_myip_axi_fnd/axi_fnd_wrapper/hw/axi_fnd_wrapper2.xsa
TRACE::2026-06-04.15:21:43::SCWPlatform::DSA absoulate path D:/vivado_pj/workspace_myip_axi_fnd/axi_fnd_wrapper/hw/axi_fnd_wrapper2.xsa
TRACE::2026-06-04.15:21:43::SCWPlatform::DSA directory D:/vivado_pj/workspace_myip_axi_fnd/axi_fnd_wrapper/hw
TRACE::2026-06-04.15:21:43::SCWPlatform:: Platform Path D:/vivado_pj/workspace_myip_axi_fnd/axi_fnd_wrapper/hw/axi_fnd_wrapper2.xsa
TRACE::2026-06-04.15:21:43::SCWPlatform:: Unique name xilinx:::0.0
TRACE::2026-06-04.15:21:43::SCWPlatform::Do not have an existing db opened. 
TRACE::2026-06-04.15:21:43::SCWPlatform::Opened new HwDB with name axi_fnd_wrapper_1
TRACE::2026-06-04.15:21:43::SCWMssOS::Saving the mss changes D:/vivado_pj/workspace_myip_axi_fnd/axi_fnd_wrapper/microblaze_0/standalone_microblaze_0/bsp/system.mss
TRACE::2026-06-04.15:21:43::SCWMssOS::Adding the swdes entry, mss present, able to open swdb D:/vivado_pj/workspace_myip_axi_fnd/axi_fnd_wrapper/microblaze_0/standalone_microblaze_0/bsp/system.mss with des name system
TRACE::2026-06-04.15:21:43::SCWMssOS::Writing the mss file completed D:/vivado_pj/workspace_myip_axi_fnd/axi_fnd_wrapper/microblaze_0/standalone_microblaze_0/bsp/system.mss
TRACE::2026-06-04.15:21:43::SCWMssOS::Commit changes completed.
TRACE::2026-06-04.15:21:43::SCWPlatform::Trying to open the hw design at D:/vivado_pj/workspace_myip_axi_fnd/axi_fnd_wrapper/hw/axi_fnd_wrapper2.xsa
TRACE::2026-06-04.15:21:43::SCWPlatform::DSA given D:/vivado_pj/workspace_myip_axi_fnd/axi_fnd_wrapper/hw/axi_fnd_wrapper2.xsa
TRACE::2026-06-04.15:21:43::SCWPlatform::DSA absoulate path D:/vivado_pj/workspace_myip_axi_fnd/axi_fnd_wrapper/hw/axi_fnd_wrapper2.xsa
TRACE::2026-06-04.15:21:43::SCWPlatform::DSA directory D:/vivado_pj/workspace_myip_axi_fnd/axi_fnd_wrapper/hw
TRACE::2026-06-04.15:21:43::SCWPlatform:: Platform Path D:/vivado_pj/workspace_myip_axi_fnd/axi_fnd_wrapper/hw/axi_fnd_wrapper2.xsa
TRACE::2026-06-04.15:21:43::SCWPlatform:: Unique name xilinx:::0.0
TRACE::2026-06-04.15:21:43::SCWPlatform::Trying to set the existing hwdb with name axi_fnd_wrapper_1
TRACE::2026-06-04.15:21:43::SCWPlatform::Opened existing hwdb axi_fnd_wrapper_1
TRACE::2026-06-04.15:21:43::SCWPlatform::Found the Hw Db part of the input DSA
TRACE::2026-06-04.15:21:43::SCWMssOS::Checking the sw design at  D:/vivado_pj/workspace_myip_axi_fnd/axi_fnd_wrapper/microblaze_0/standalone_microblaze_0/bsp/system.mss
TRACE::2026-06-04.15:21:43::SCWMssOS::DEBUG:  swdes dump  D:/vivado_pj/workspace_myip_axi_fnd/axi_fnd_wrapper/microblaze_0/standalone_microblaze_0/bsp/system.mss|system||

TRACE::2026-06-04.15:21:43::SCWMssOS::Sw design exists and opened at  D:/vivado_pj/workspace_myip_axi_fnd/axi_fnd_wrapper/microblaze_0/standalone_microblaze_0/bsp/system.mss
TRACE::2026-06-04.15:21:43::SCWWriter::formatted JSON is {
	"platformName":	"axi_fnd_wrapper",
	"sprVersion":	"2.0",
	"mode":	"gui",
	"dsaType":	"Fixed",
	"platformDesc":	"axi_fnd_wrapper",
	"platHandOff":	"D:/vivado_pj/my_ip_fnd/axi_fnd_wrapper2.xsa",
	"platIntHandOff":	"<platformDir>/hw/axi_fnd_wrapper2.xsa",
	"deviceType":	"FPGA",
	"platIsPrebuiltAutogen":	"false",
	"platIsNoBootBsp":	"false",
	"hasFsblMakeHasChanges":	"false",
	"hasPmufwMakeHasChanges":	"false",
	"platPreBuiltFlag":	false,
	"platformSamplesDir":	"",
	"platActiveSys":	"axi_fnd_wrapper",
	"systems":	[{
			"systemName":	"axi_fnd_wrapper",
			"systemDesc":	"axi_fnd_wrapper",
			"sysIsBootAutoGen":	"true",
			"systemDispName":	"axi_fnd_wrapper",
			"sysActiveDom":	"standalone_microblaze_0",
			"sysDefaultDom":	"standalone_microblaze_0",
			"domains":	[{
					"domainName":	"standalone_microblaze_0",
					"domainDispName":	"standalone_microblaze_0",
					"domainDesc":	"standalone_microblaze_0",
					"processors":	"microblaze_0",
					"os":	"standalone",
					"sdxOs":	"standalone",
					"debugEnable":	"False",
					"domRuntimes":	["cpp"],
					"swRepo":	"",
					"mssOsVer":	"8.1",
					"mssFile":	"",
					"md5Digest":	"64834a915ec6f44250ce937ec5448dd71",
					"compatibleApp":	"",
					"domType":	"mssDomain",
					"arch":	"32-bit",
					"appSettings":	{
						"appCompilerFlags":	"",
						"appLinkerFlags":	""
					},
					"addedLibs":	[],
					"libOptions":	{
						"libsContainingOptions":	[]
					},
					"prebuiltLibs":	{
						"prebuiltIncPath":	[],
						"prebuiltLibPath":	[]
					},
					"isolation":	{
					}
				}]
		}]
}
LOG::2026-06-04.15:21:50::SCWPlatform::Started generating the artifacts platform axi_fnd_wrapper
TRACE::2026-06-04.15:21:50::SCWPlatform::Sanity checking of platform is completed
LOG::2026-06-04.15:21:50::SCWPlatform::Started generating the artifacts for system configuration axi_fnd_wrapper
LOG::2026-06-04.15:21:50::SCWSystem::Checking the domain standalone_microblaze_0
LOG::2026-06-04.15:21:50::SCWSystem::Not a boot domain 
LOG::2026-06-04.15:21:50::SCWSystem::Started Processing the domain standalone_microblaze_0
TRACE::2026-06-04.15:21:50::SCWDomain::Generating domain artifcats
TRACE::2026-06-04.15:21:50::SCWMssOS::Generating standalone artifcats
TRACE::2026-06-04.15:21:50::SCWMssOS:: Copying the user libraries. 
TRACE::2026-06-04.15:21:50::SCWPlatform::Trying to open the hw design at D:/vivado_pj/workspace_myip_axi_fnd/axi_fnd_wrapper/hw/axi_fnd_wrapper2.xsa
TRACE::2026-06-04.15:21:50::SCWPlatform::DSA given D:/vivado_pj/workspace_myip_axi_fnd/axi_fnd_wrapper/hw/axi_fnd_wrapper2.xsa
TRACE::2026-06-04.15:21:50::SCWPlatform::DSA absoulate path D:/vivado_pj/workspace_myip_axi_fnd/axi_fnd_wrapper/hw/axi_fnd_wrapper2.xsa
TRACE::2026-06-04.15:21:50::SCWPlatform::DSA directory D:/vivado_pj/workspace_myip_axi_fnd/axi_fnd_wrapper/hw
TRACE::2026-06-04.15:21:50::SCWPlatform:: Platform Path D:/vivado_pj/workspace_myip_axi_fnd/axi_fnd_wrapper/hw/axi_fnd_wrapper2.xsa
TRACE::2026-06-04.15:21:50::SCWPlatform:: Unique name xilinx:::0.0
TRACE::2026-06-04.15:21:50::SCWPlatform::Trying to set the existing hwdb with name axi_fnd_wrapper_1
TRACE::2026-06-04.15:21:50::SCWPlatform::Opened existing hwdb axi_fnd_wrapper_1
TRACE::2026-06-04.15:21:50::SCWPlatform::Found the Hw Db part of the input DSA
TRACE::2026-06-04.15:21:50::SCWMssOS::Checking the sw design at  D:/vivado_pj/workspace_myip_axi_fnd/axi_fnd_wrapper/microblaze_0/standalone_microblaze_0/bsp/system.mss
TRACE::2026-06-04.15:21:50::SCWMssOS::DEBUG:  swdes dump  D:/vivado_pj/workspace_myip_axi_fnd/axi_fnd_wrapper/microblaze_0/standalone_microblaze_0/bsp/system.mss|system||

TRACE::2026-06-04.15:21:50::SCWMssOS::Sw design exists and opened at  D:/vivado_pj/workspace_myip_axi_fnd/axi_fnd_wrapper/microblaze_0/standalone_microblaze_0/bsp/system.mss
TRACE::2026-06-04.15:21:50::SCWMssOS::Completed writing the mss file at D:/vivado_pj/workspace_myip_axi_fnd/axi_fnd_wrapper/microblaze_0/standalone_microblaze_0/bsp
TRACE::2026-06-04.15:21:50::SCWMssOS::Mss edits present, copying mssfile into export location D:/vivado_pj/workspace_myip_axi_fnd/axi_fnd_wrapper/microblaze_0/standalone_microblaze_0/bsp/system.mss
TRACE::2026-06-04.15:21:50::SCWMssOS::bsp generated is stale removing and regenerating. 
TRACE::2026-06-04.15:21:51::SCWMssOS::doing bsp build ... 
TRACE::2026-06-04.15:21:51::SCWMssOS::System Command Ran  D: & cd  D:/vivado_pj/workspace_myip_axi_fnd/axi_fnd_wrapper/microblaze_0/standalone_microblaze_0/bsp & make 
TRACE::2026-06-04.15:21:51::SCWMssOS::make --no-print-directory seq_libs

TRACE::2026-06-04.15:21:51::SCWMssOS::'Finished building libraries sequentially.'

TRACE::2026-06-04.15:21:51::SCWMssOS::make -j 18 --no-print-directory par_libs

TRACE::2026-06-04.15:21:51::SCWMssOS::"Running Make include in microblaze_0/libsrc/bram_v4_8/src"

TRACE::2026-06-04.15:21:51::SCWMssOS::make -C microblaze_0/libsrc/bram_v4_8/src -s include  "SHELL=CMD" "COMPILER=mb-gcc" "ASSEMBLER=mb-as" "ARCHIVER=mb-ar" "COMPILE
TRACE::2026-06-04.15:21:51::SCWMssOS::R_FLAGS=  -O2 -c -mcpu=v11.0 -mlittle-endian -mxl-soft-mul" "EXTRA_COMPILER_FLAGS=-g -ffunction-sections -fdata-sections -Wall 
TRACE::2026-06-04.15:21:51::SCWMssOS::-Wextra -fno-tree-loop-distribute-patterns"

TRACE::2026-06-04.15:21:51::SCWMssOS::"Running Make include in microblaze_0/libsrc/cpu_v2_17/src"

TRACE::2026-06-04.15:21:51::SCWMssOS::make -C microblaze_0/libsrc/cpu_v2_17/src -s include  "SHELL=CMD" "COMPILER=mb-gcc" "ASSEMBLER=mb-as" "ARCHIVER=mb-ar" "COMPILE
TRACE::2026-06-04.15:21:51::SCWMssOS::R_FLAGS=  -O2 -c -mcpu=v11.0 -mlittle-endian -mxl-soft-mul" "EXTRA_COMPILER_FLAGS=-g -ffunction-sections -fdata-sections -Wall 
TRACE::2026-06-04.15:21:51::SCWMssOS::-Wextra -fno-tree-loop-distribute-patterns"

TRACE::2026-06-04.15:21:51::SCWMssOS::"Running Make include in microblaze_0/libsrc/standalone_v8_1/src"

TRACE::2026-06-04.15:21:51::SCWMssOS::make -C microblaze_0/libsrc/standalone_v8_1/src -s include  "SHELL=CMD" "COMPILER=mb-gcc" "ASSEMBLER=mb-as" "ARCHIVER=mb-ar" "C
TRACE::2026-06-04.15:21:51::SCWMssOS::OMPILER_FLAGS=  -O2 -c -mcpu=v11.0 -mlittle-endian -mxl-soft-mul" "EXTRA_COMPILER_FLAGS=-g -ffunction-sections -fdata-sections 
TRACE::2026-06-04.15:21:51::SCWMssOS::-Wall -Wextra -fno-tree-loop-distribute-patterns"

TRACE::2026-06-04.15:21:51::SCWMssOS::"Running Make include in microblaze_0/libsrc/uartlite_v3_8/src"

TRACE::2026-06-04.15:21:51::SCWMssOS::make -C microblaze_0/libsrc/uartlite_v3_8/src -s include  "SHELL=CMD" "COMPILER=mb-gcc" "ASSEMBLER=mb-as" "ARCHIVER=mb-ar" "COM
TRACE::2026-06-04.15:21:51::SCWMssOS::PILER_FLAGS=  -O2 -c -mcpu=v11.0 -mlittle-endian -mxl-soft-mul" "EXTRA_COMPILER_FLAGS=-g -ffunction-sections -fdata-sections -W
TRACE::2026-06-04.15:21:51::SCWMssOS::all -Wextra -fno-tree-loop-distribute-patterns"

TRACE::2026-06-04.15:21:51::SCWMssOS::"Running Make libs in microblaze_0/libsrc/bram_v4_8/src"

TRACE::2026-06-04.15:21:51::SCWMssOS::make -C microblaze_0/libsrc/bram_v4_8/src -s libs  "SHELL=CMD" "COMPILER=mb-gcc" "ASSEMBLER=mb-as" "ARCHIVER=mb-ar" "COMPILER_F
TRACE::2026-06-04.15:21:51::SCWMssOS::LAGS=  -O2 -c -mcpu=v11.0 -mlittle-endian -mxl-soft-mul" "EXTRA_COMPILER_FLAGS=-g -ffunction-sections -fdata-sections -Wall -We
TRACE::2026-06-04.15:21:51::SCWMssOS::xtra -fno-tree-loop-distribute-patterns"

TRACE::2026-06-04.15:21:51::SCWMssOS::"Running Make libs in microblaze_0/libsrc/cpu_v2_17/src"

TRACE::2026-06-04.15:21:51::SCWMssOS::make -C microblaze_0/libsrc/cpu_v2_17/src -s libs  "SHELL=CMD" "COMPILER=mb-gcc" "ASSEMBLER=mb-as" "ARCHIVER=mb-ar" "COMPILER_F
TRACE::2026-06-04.15:21:51::SCWMssOS::LAGS=  -O2 -c -mcpu=v11.0 -mlittle-endian -mxl-soft-mul" "EXTRA_COMPILER_FLAGS=-g -ffunction-sections -fdata-sections -Wall -We
TRACE::2026-06-04.15:21:51::SCWMssOS::xtra -fno-tree-loop-distribute-patterns"

TRACE::2026-06-04.15:21:51::SCWMssOS::"Running Make libs in microblaze_0/libsrc/standalone_v8_1/src"

TRACE::2026-06-04.15:21:51::SCWMssOS::make -C microblaze_0/libsrc/standalone_v8_1/src -s libs  "SHELL=CMD" "COMPILER=mb-gcc" "ASSEMBLER=mb-as" "ARCHIVER=mb-ar" "COMP
TRACE::2026-06-04.15:21:51::SCWMssOS::ILER_FLAGS=  -O2 -c -mcpu=v11.0 -mlittle-endian -mxl-soft-mul" "EXTRA_COMPILER_FLAGS=-g -ffunction-sections -fdata-sections -Wa
TRACE::2026-06-04.15:21:51::SCWMssOS::ll -Wextra -fno-tree-loop-distribute-patterns"

TRACE::2026-06-04.15:21:51::SCWMssOS::"Running Make libs in microblaze_0/libsrc/uartlite_v3_8/src"

TRACE::2026-06-04.15:21:51::SCWMssOS::make -C microblaze_0/libsrc/uartlite_v3_8/src -s libs  "SHELL=CMD" "COMPILER=mb-gcc" "ASSEMBLER=mb-as" "ARCHIVER=mb-ar" "COMPIL
TRACE::2026-06-04.15:21:51::SCWMssOS::ER_FLAGS=  -O2 -c -mcpu=v11.0 -mlittle-endian -mxl-soft-mul" "EXTRA_COMPILER_FLAGS=-g -ffunction-sections -fdata-sections -Wall
TRACE::2026-06-04.15:21:51::SCWMssOS:: -Wextra -fno-tree-loop-distribute-patterns"

TRACE::2026-06-04.15:21:52::SCWMssOS::"DEBUG NON_LTO_OBJECTS is ../../../lib/microblaze_interrupt_handler.o"

TRACE::2026-06-04.15:21:52::SCWMssOS::'Finished building libraries parallelly.'

TRACE::2026-06-04.15:21:52::SCWMssOS::make --no-print-directory archive

TRACE::2026-06-04.15:21:52::SCWMssOS::mb-ar -r  microblaze_0/lib/libxil.a microblaze_0/lib/_exit.o microblaze_0/lib/errno.o microblaze_0/lib/fcntl.o microblaze_0/lib
TRACE::2026-06-04.15:21:52::SCWMssOS::/hw_exception_handler.o microblaze_0/lib/inbyte.o microblaze_0/lib/microblaze_disable_dcache.o microblaze_0/lib/microblaze_disa
TRACE::2026-06-04.15:21:52::SCWMssOS::ble_exceptions.o microblaze_0/lib/microblaze_disable_icache.o microblaze_0/lib/microblaze_disable_interrupts.o microblaze_0/lib
TRACE::2026-06-04.15:21:52::SCWMssOS::/microblaze_enable_dcache.o microblaze_0/lib/microblaze_enable_exceptions.o microblaze_0/lib/microblaze_enable_icache.o microbl
TRACE::2026-06-04.15:21:52::SCWMssOS::aze_0/lib/microblaze_enable_interrupts.o microblaze_0/lib/microblaze_exception_handler.o microblaze_0/lib/microblaze_flush_cach
TRACE::2026-06-04.15:21:52::SCWMssOS::e_ext.o microblaze_0/lib/microblaze_flush_cache_ext_range.o microblaze_0/lib/microblaze_flush_dcache.o microblaze_0/lib/microbl
TRACE::2026-06-04.15:21:52::SCWMssOS::aze_flush_dcache_range.o microblaze_0/lib/microblaze_init_dcache_range.o microblaze_0/lib/microblaze_init_icache_range.o microb
TRACE::2026-06-04.15:21:52::SCWMssOS::laze_0/lib/microblaze_interrupt_handler.o microblaze_0/lib/microblaze_interrupts_g.o microblaze_0/lib/microblaze_invalidate_cac
TRACE::2026-06-04.15:21:52::SCWMssOS::he_ext.o microblaze_0/lib/microblaze_invalidate_cache_ext_range.o microblaze_0/lib/microblaze_invalidate_dcache.o microblaze_0/
TRACE::2026-06-04.15:21:52::SCWMssOS::lib/microblaze_invalidate_dcache_range.o microblaze_0/lib/microblaze_invalidate_icache.o microblaze_0/lib/microblaze_invalidate
TRACE::2026-06-04.15:21:52::SCWMssOS::_icache_range.o microblaze_0/lib/microblaze_scrub.o microblaze_0/lib/microblaze_selftest.o microblaze_0/lib/microblaze_sleep.o 
TRACE::2026-06-04.15:21:52::SCWMssOS::microblaze_0/lib/microblaze_update_dcache.o microblaze_0/lib/microblaze_update_icache.o microblaze_0/lib/outbyte.o microblaze_0
TRACE::2026-06-04.15:21:52::SCWMssOS::/lib/print.o microblaze_0/lib/pvr.o microblaze_0/lib/xbram.o microblaze_0/lib/xbram_g.o microblaze_0/lib/xbram_intr.o microblaz
TRACE::2026-06-04.15:21:52::SCWMssOS::e_0/lib/xbram_selftest.o microblaze_0/lib/xbram_sinit.o microblaze_0/lib/xil_assert.o microblaze_0/lib/xil_cache.o microblaze_0
TRACE::2026-06-04.15:21:52::SCWMssOS::/lib/xil_clocking.o microblaze_0/lib/xil_exception.o microblaze_0/lib/xil_mem.o microblaze_0/lib/xil_misc_psreset_api.o microbl
TRACE::2026-06-04.15:21:52::SCWMssOS::aze_0/lib/xil_printf.o microblaze_0/lib/xil_sleepcommon.o microblaze_0/lib/xil_testcache.o microblaze_0/lib/xil_testio.o microb
TRACE::2026-06-04.15:21:52::SCWMssOS::laze_0/lib/xil_testmem.o microblaze_0/lib/xil_util.o microblaze_0/lib/xinterrupt_wrap.o microblaze_0/lib/xio.o microblaze_0/lib
TRACE::2026-06-04.15:21:52::SCWMssOS::/xplatform_info.o microblaze_0/lib/xuartlite.o microblaze_0/lib/xuartlite_g.o microblaze_0/lib/xuartlite_intr.o microblaze_0/li
TRACE::2026-06-04.15:21:52::SCWMssOS::b/xuartlite_l.o microblaze_0/lib/xuartlite_selftest.o microblaze_0/lib/xuartlite_sinit.o microblaze_0/lib/xuartlite_stats.o

TRACE::2026-06-04.15:21:52::SCWMssOS::'Finished building libraries'

TRACE::2026-06-04.15:21:52::SCWMssOS:: Checking if to create the Supporting Applications
TRACE::2026-06-04.15:21:52::SCWMssOS:: No Linux domain exists, trying to generate FSBL 
LOG::2026-06-04.15:21:52::SCWSystem::Completed Processing the domain standalone_microblaze_0
LOG::2026-06-04.15:21:52::SCWSystem::Completed Processing the sysconfig axi_fnd_wrapper
LOG::2026-06-04.15:21:52::SCWPlatform::Completed generating the artifacts for system configuration axi_fnd_wrapper
TRACE::2026-06-04.15:21:52::SCWPlatform::Started preparing the platform 
TRACE::2026-06-04.15:21:52::SCWSystem::Writing the bif file for system config axi_fnd_wrapper
TRACE::2026-06-04.15:21:52::SCWSystem::dir created 
TRACE::2026-06-04.15:21:52::SCWSystem::Writing the bif 
TRACE::2026-06-04.15:21:52::SCWPlatform::Started writing the spfm file 
TRACE::2026-06-04.15:21:52::SCWPlatform::Started writing the xpfm file 
TRACE::2026-06-04.15:21:52::SCWPlatform::Completed generating the platform
TRACE::2026-06-04.15:21:52::SCWMssOS::Saving the mss changes D:/vivado_pj/workspace_myip_axi_fnd/axi_fnd_wrapper/microblaze_0/standalone_microblaze_0/bsp/system.mss
TRACE::2026-06-04.15:21:52::SCWMssOS::Adding the swdes entry, mss present, able to open swdb D:/vivado_pj/workspace_myip_axi_fnd/axi_fnd_wrapper/microblaze_0/standalone_microblaze_0/bsp/system.mss with des name system
TRACE::2026-06-04.15:21:52::SCWMssOS::Writing the mss file completed D:/vivado_pj/workspace_myip_axi_fnd/axi_fnd_wrapper/microblaze_0/standalone_microblaze_0/bsp/system.mss
TRACE::2026-06-04.15:21:52::SCWMssOS::Commit changes completed.
TRACE::2026-06-04.15:21:52::SCWPlatform::Trying to open the hw design at D:/vivado_pj/workspace_myip_axi_fnd/axi_fnd_wrapper/hw/axi_fnd_wrapper2.xsa
TRACE::2026-06-04.15:21:52::SCWPlatform::DSA given D:/vivado_pj/workspace_myip_axi_fnd/axi_fnd_wrapper/hw/axi_fnd_wrapper2.xsa
TRACE::2026-06-04.15:21:52::SCWPlatform::DSA absoulate path D:/vivado_pj/workspace_myip_axi_fnd/axi_fnd_wrapper/hw/axi_fnd_wrapper2.xsa
TRACE::2026-06-04.15:21:52::SCWPlatform::DSA directory D:/vivado_pj/workspace_myip_axi_fnd/axi_fnd_wrapper/hw
TRACE::2026-06-04.15:21:52::SCWPlatform:: Platform Path D:/vivado_pj/workspace_myip_axi_fnd/axi_fnd_wrapper/hw/axi_fnd_wrapper2.xsa
TRACE::2026-06-04.15:21:52::SCWPlatform:: Unique name xilinx:::0.0
TRACE::2026-06-04.15:21:52::SCWPlatform::Trying to set the existing hwdb with name axi_fnd_wrapper_1
TRACE::2026-06-04.15:21:52::SCWPlatform::Opened existing hwdb axi_fnd_wrapper_1
TRACE::2026-06-04.15:21:52::SCWPlatform::Found the Hw Db part of the input DSA
TRACE::2026-06-04.15:21:52::SCWMssOS::Checking the sw design at  D:/vivado_pj/workspace_myip_axi_fnd/axi_fnd_wrapper/microblaze_0/standalone_microblaze_0/bsp/system.mss
TRACE::2026-06-04.15:21:52::SCWMssOS::DEBUG:  swdes dump  D:/vivado_pj/workspace_myip_axi_fnd/axi_fnd_wrapper/microblaze_0/standalone_microblaze_0/bsp/system.mss|system||

TRACE::2026-06-04.15:21:52::SCWMssOS::Sw design exists and opened at  D:/vivado_pj/workspace_myip_axi_fnd/axi_fnd_wrapper/microblaze_0/standalone_microblaze_0/bsp/system.mss
TRACE::2026-06-04.15:21:52::SCWWriter::formatted JSON is {
	"platformName":	"axi_fnd_wrapper",
	"sprVersion":	"2.0",
	"mode":	"gui",
	"dsaType":	"Fixed",
	"platformDesc":	"axi_fnd_wrapper",
	"platHandOff":	"D:/vivado_pj/my_ip_fnd/axi_fnd_wrapper2.xsa",
	"platIntHandOff":	"<platformDir>/hw/axi_fnd_wrapper2.xsa",
	"deviceType":	"FPGA",
	"platIsPrebuiltAutogen":	"false",
	"platIsNoBootBsp":	"false",
	"hasFsblMakeHasChanges":	"false",
	"hasPmufwMakeHasChanges":	"false",
	"platPreBuiltFlag":	false,
	"platformSamplesDir":	"",
	"platActiveSys":	"axi_fnd_wrapper",
	"systems":	[{
			"systemName":	"axi_fnd_wrapper",
			"systemDesc":	"axi_fnd_wrapper",
			"sysIsBootAutoGen":	"true",
			"systemDispName":	"axi_fnd_wrapper",
			"sysActiveDom":	"standalone_microblaze_0",
			"sysDefaultDom":	"standalone_microblaze_0",
			"domains":	[{
					"domainName":	"standalone_microblaze_0",
					"domainDispName":	"standalone_microblaze_0",
					"domainDesc":	"standalone_microblaze_0",
					"processors":	"microblaze_0",
					"os":	"standalone",
					"sdxOs":	"standalone",
					"debugEnable":	"False",
					"domRuntimes":	["cpp"],
					"swRepo":	"",
					"mssOsVer":	"8.1",
					"mssFile":	"",
					"md5Digest":	"64834a915ec6f44250ce937ec5448dd7",
					"compatibleApp":	"",
					"domType":	"mssDomain",
					"arch":	"32-bit",
					"appSettings":	{
						"appCompilerFlags":	"",
						"appLinkerFlags":	""
					},
					"addedLibs":	[],
					"libOptions":	{
						"libsContainingOptions":	[]
					},
					"prebuiltLibs":	{
						"prebuiltIncPath":	[],
						"prebuiltLibPath":	[]
					},
					"isolation":	{
					}
				}]
		}]
}
KEYINFO::2026-06-04.15:21:52::SCWPlatform::updated the xpfm file.
TRACE::2026-06-04.15:21:53::SCWPlatform::Trying to open the hw design at D:/vivado_pj/workspace_myip_axi_fnd/axi_fnd_wrapper/hw/axi_fnd_wrapper2.xsa
TRACE::2026-06-04.15:21:53::SCWPlatform::DSA given D:/vivado_pj/workspace_myip_axi_fnd/axi_fnd_wrapper/hw/axi_fnd_wrapper2.xsa
TRACE::2026-06-04.15:21:53::SCWPlatform::DSA absoulate path D:/vivado_pj/workspace_myip_axi_fnd/axi_fnd_wrapper/hw/axi_fnd_wrapper2.xsa
TRACE::2026-06-04.15:21:53::SCWPlatform::DSA directory D:/vivado_pj/workspace_myip_axi_fnd/axi_fnd_wrapper/hw
TRACE::2026-06-04.15:21:53::SCWPlatform:: Platform Path D:/vivado_pj/workspace_myip_axi_fnd/axi_fnd_wrapper/hw/axi_fnd_wrapper2.xsa
TRACE::2026-06-04.15:21:53::SCWPlatform:: Unique name xilinx:::0.0
TRACE::2026-06-04.15:21:53::SCWPlatform::Trying to set the existing hwdb with name axi_fnd_wrapper_1
TRACE::2026-06-04.15:21:53::SCWPlatform::Opened existing hwdb axi_fnd_wrapper_1
TRACE::2026-06-04.15:21:53::SCWPlatform::Found the Hw Db part of the input DSA
TRACE::2026-06-04.15:21:53::SCWMssOS::Checking the sw design at  D:/vivado_pj/workspace_myip_axi_fnd/axi_fnd_wrapper/microblaze_0/standalone_microblaze_0/bsp/system.mss
TRACE::2026-06-04.15:21:53::SCWMssOS::DEBUG:  swdes dump  D:/vivado_pj/workspace_myip_axi_fnd/axi_fnd_wrapper/microblaze_0/standalone_microblaze_0/bsp/system.mss|system||

TRACE::2026-06-04.15:21:53::SCWMssOS::Sw design exists and opened at  D:/vivado_pj/workspace_myip_axi_fnd/axi_fnd_wrapper/microblaze_0/standalone_microblaze_0/bsp/system.mss
TRACE::2026-06-04.15:29:01::SCWPlatform::Trying to open the hw design at D:/vivado_pj/workspace_myip_axi_fnd/axi_fnd_wrapper/hw/axi_fnd_wrapper2.xsa
TRACE::2026-06-04.15:29:01::SCWPlatform::DSA given D:/vivado_pj/workspace_myip_axi_fnd/axi_fnd_wrapper/hw/axi_fnd_wrapper2.xsa
TRACE::2026-06-04.15:29:01::SCWPlatform::DSA absoulate path D:/vivado_pj/workspace_myip_axi_fnd/axi_fnd_wrapper/hw/axi_fnd_wrapper2.xsa
TRACE::2026-06-04.15:29:01::SCWPlatform::DSA directory D:/vivado_pj/workspace_myip_axi_fnd/axi_fnd_wrapper/hw
TRACE::2026-06-04.15:29:01::SCWPlatform:: Platform Path D:/vivado_pj/workspace_myip_axi_fnd/axi_fnd_wrapper/hw/axi_fnd_wrapper2.xsa
TRACE::2026-06-04.15:29:01::SCWPlatform:: Unique name xilinx:::0.0
TRACE::2026-06-04.15:29:01::SCWPlatform::Do not have an existing db opened. 
TRACE::2026-06-04.15:29:01::SCWPlatform::Opened new HwDB with name axi_fnd_wrapper
TRACE::2026-06-04.15:29:01::SCWReader::Active system found as  axi_fnd_wrapper
TRACE::2026-06-04.15:29:01::SCWReader::Handling sysconfig axi_fnd_wrapper
TRACE::2026-06-04.15:29:01::SCWDomain::checking for install qemu data   : 
TRACE::2026-06-04.15:29:01::SCWPlatform::Trying to open the hw design at D:/vivado_pj/workspace_myip_axi_fnd/axi_fnd_wrapper/hw/axi_fnd_wrapper2.xsa
TRACE::2026-06-04.15:29:01::SCWPlatform::DSA given D:/vivado_pj/workspace_myip_axi_fnd/axi_fnd_wrapper/hw/axi_fnd_wrapper2.xsa
TRACE::2026-06-04.15:29:01::SCWPlatform::DSA absoulate path D:/vivado_pj/workspace_myip_axi_fnd/axi_fnd_wrapper/hw/axi_fnd_wrapper2.xsa
TRACE::2026-06-04.15:29:01::SCWPlatform::DSA directory D:/vivado_pj/workspace_myip_axi_fnd/axi_fnd_wrapper/hw
TRACE::2026-06-04.15:29:01::SCWPlatform:: Platform Path D:/vivado_pj/workspace_myip_axi_fnd/axi_fnd_wrapper/hw/axi_fnd_wrapper2.xsa
TRACE::2026-06-04.15:29:01::SCWPlatform:: Unique name xilinx:::0.0
TRACE::2026-06-04.15:29:01::SCWPlatform::Trying to set the existing hwdb with name axi_fnd_wrapper
TRACE::2026-06-04.15:29:01::SCWPlatform::Opened existing hwdb axi_fnd_wrapper
TRACE::2026-06-04.15:29:01::SCWPlatform::Found the Hw Db part of the input DSA
TRACE::2026-06-04.15:29:01::SCWPlatform::Trying to open the hw design at D:/vivado_pj/workspace_myip_axi_fnd/axi_fnd_wrapper/hw/axi_fnd_wrapper2.xsa
TRACE::2026-06-04.15:29:01::SCWPlatform::DSA given D:/vivado_pj/workspace_myip_axi_fnd/axi_fnd_wrapper/hw/axi_fnd_wrapper2.xsa
TRACE::2026-06-04.15:29:01::SCWPlatform::DSA absoulate path D:/vivado_pj/workspace_myip_axi_fnd/axi_fnd_wrapper/hw/axi_fnd_wrapper2.xsa
TRACE::2026-06-04.15:29:01::SCWPlatform::DSA directory D:/vivado_pj/workspace_myip_axi_fnd/axi_fnd_wrapper/hw
TRACE::2026-06-04.15:29:01::SCWPlatform:: Platform Path D:/vivado_pj/workspace_myip_axi_fnd/axi_fnd_wrapper/hw/axi_fnd_wrapper2.xsa
TRACE::2026-06-04.15:29:01::SCWPlatform:: Unique name xilinx:::0.0
TRACE::2026-06-04.15:29:01::SCWPlatform::Trying to set the existing hwdb with name axi_fnd_wrapper
TRACE::2026-06-04.15:29:01::SCWPlatform::Opened existing hwdb axi_fnd_wrapper
TRACE::2026-06-04.15:29:01::SCWPlatform::Found the Hw Db part of the input DSA
TRACE::2026-06-04.15:29:01::SCWPlatform::Trying to open the hw design at D:/vivado_pj/workspace_myip_axi_fnd/axi_fnd_wrapper/hw/axi_fnd_wrapper2.xsa
TRACE::2026-06-04.15:29:01::SCWPlatform::DSA given D:/vivado_pj/workspace_myip_axi_fnd/axi_fnd_wrapper/hw/axi_fnd_wrapper2.xsa
TRACE::2026-06-04.15:29:01::SCWPlatform::DSA absoulate path D:/vivado_pj/workspace_myip_axi_fnd/axi_fnd_wrapper/hw/axi_fnd_wrapper2.xsa
TRACE::2026-06-04.15:29:01::SCWPlatform::DSA directory D:/vivado_pj/workspace_myip_axi_fnd/axi_fnd_wrapper/hw
TRACE::2026-06-04.15:29:01::SCWPlatform:: Platform Path D:/vivado_pj/workspace_myip_axi_fnd/axi_fnd_wrapper/hw/axi_fnd_wrapper2.xsa
TRACE::2026-06-04.15:29:01::SCWPlatform:: Unique name xilinx:::0.0
TRACE::2026-06-04.15:29:01::SCWPlatform::Trying to set the existing hwdb with name axi_fnd_wrapper
TRACE::2026-06-04.15:29:01::SCWPlatform::Opened existing hwdb axi_fnd_wrapper
TRACE::2026-06-04.15:29:01::SCWPlatform::Found the Hw Db part of the input DSA
TRACE::2026-06-04.15:29:01::SCWPlatform::Trying to open the hw design at D:/vivado_pj/workspace_myip_axi_fnd/axi_fnd_wrapper/hw/axi_fnd_wrapper2.xsa
TRACE::2026-06-04.15:29:01::SCWPlatform::DSA given D:/vivado_pj/workspace_myip_axi_fnd/axi_fnd_wrapper/hw/axi_fnd_wrapper2.xsa
TRACE::2026-06-04.15:29:01::SCWPlatform::DSA absoulate path D:/vivado_pj/workspace_myip_axi_fnd/axi_fnd_wrapper/hw/axi_fnd_wrapper2.xsa
TRACE::2026-06-04.15:29:01::SCWPlatform::DSA directory D:/vivado_pj/workspace_myip_axi_fnd/axi_fnd_wrapper/hw
TRACE::2026-06-04.15:29:01::SCWPlatform:: Platform Path D:/vivado_pj/workspace_myip_axi_fnd/axi_fnd_wrapper/hw/axi_fnd_wrapper2.xsa
TRACE::2026-06-04.15:29:01::SCWPlatform:: Unique name xilinx:::0.0
TRACE::2026-06-04.15:29:01::SCWPlatform::Trying to set the existing hwdb with name axi_fnd_wrapper
TRACE::2026-06-04.15:29:01::SCWPlatform::Opened existing hwdb axi_fnd_wrapper
TRACE::2026-06-04.15:29:01::SCWPlatform::Found the Hw Db part of the input DSA
TRACE::2026-06-04.15:29:01::SCWMssOS::Checking the sw design at  D:/vivado_pj/workspace_myip_axi_fnd/axi_fnd_wrapper/microblaze_0/standalone_microblaze_0/bsp/system.mss
TRACE::2026-06-04.15:29:01::SCWMssOS::DEBUG:  swdes dump  
TRACE::2026-06-04.15:29:01::SCWMssOS::No sw design opened at  D:/vivado_pj/workspace_myip_axi_fnd/axi_fnd_wrapper/microblaze_0/standalone_microblaze_0/bsp/system.mss
TRACE::2026-06-04.15:29:01::SCWMssOS::mss exists loading the mss file  D:/vivado_pj/workspace_myip_axi_fnd/axi_fnd_wrapper/microblaze_0/standalone_microblaze_0/bsp/system.mss
TRACE::2026-06-04.15:29:01::SCWMssOS::Opened the sw design from mss  D:/vivado_pj/workspace_myip_axi_fnd/axi_fnd_wrapper/microblaze_0/standalone_microblaze_0/bsp/system.mss
TRACE::2026-06-04.15:29:01::SCWMssOS::Adding the swdes entry D:/vivado_pj/workspace_myip_axi_fnd/axi_fnd_wrapper/microblaze_0/standalone_microblaze_0/bsp/system.mss with des name system
TRACE::2026-06-04.15:29:01::SCWMssOS::updating the scw layer about changes
TRACE::2026-06-04.15:29:01::SCWMssOS::Opened the sw design.  D:/vivado_pj/workspace_myip_axi_fnd/axi_fnd_wrapper/microblaze_0/standalone_microblaze_0/bsp/system.mss
TRACE::2026-06-04.15:29:01::SCWMssOS::Saving the mss changes D:/vivado_pj/workspace_myip_axi_fnd/axi_fnd_wrapper/microblaze_0/standalone_microblaze_0/bsp/system.mss
TRACE::2026-06-04.15:29:01::SCWMssOS::Found a swdesign opened with the mssfile.
TRACE::2026-06-04.15:29:01::SCWMssOS::Completed writemss as part of save.
TRACE::2026-06-04.15:29:01::SCWMssOS::Commit changes completed.
TRACE::2026-06-04.15:29:01::SCWReader::Adding prebuilt librarypaths as   
TRACE::2026-06-04.15:29:01::SCWReader::Adding prebuilt incpaths  as   
TRACE::2026-06-04.15:29:01::SCWPlatform::Trying to open the hw design at D:/vivado_pj/workspace_myip_axi_fnd/axi_fnd_wrapper/hw/axi_fnd_wrapper2.xsa
TRACE::2026-06-04.15:29:01::SCWPlatform::DSA given D:/vivado_pj/workspace_myip_axi_fnd/axi_fnd_wrapper/hw/axi_fnd_wrapper2.xsa
TRACE::2026-06-04.15:29:01::SCWPlatform::DSA absoulate path D:/vivado_pj/workspace_myip_axi_fnd/axi_fnd_wrapper/hw/axi_fnd_wrapper2.xsa
TRACE::2026-06-04.15:29:01::SCWPlatform::DSA directory D:/vivado_pj/workspace_myip_axi_fnd/axi_fnd_wrapper/hw
TRACE::2026-06-04.15:29:01::SCWPlatform:: Platform Path D:/vivado_pj/workspace_myip_axi_fnd/axi_fnd_wrapper/hw/axi_fnd_wrapper2.xsa
TRACE::2026-06-04.15:29:01::SCWPlatform:: Unique name xilinx:::0.0
TRACE::2026-06-04.15:29:01::SCWPlatform::Trying to set the existing hwdb with name axi_fnd_wrapper
TRACE::2026-06-04.15:29:01::SCWPlatform::Opened existing hwdb axi_fnd_wrapper
TRACE::2026-06-04.15:29:01::SCWPlatform::Found the Hw Db part of the input DSA
TRACE::2026-06-04.15:29:01::SCWMssOS::Checking the sw design at  D:/vivado_pj/workspace_myip_axi_fnd/axi_fnd_wrapper/microblaze_0/standalone_microblaze_0/bsp/system.mss
TRACE::2026-06-04.15:29:01::SCWMssOS::DEBUG:  swdes dump  D:/vivado_pj/workspace_myip_axi_fnd/axi_fnd_wrapper/microblaze_0/standalone_microblaze_0/bsp/system.mss|system||

TRACE::2026-06-04.15:29:01::SCWMssOS::Sw design exists and opened at  D:/vivado_pj/workspace_myip_axi_fnd/axi_fnd_wrapper/microblaze_0/standalone_microblaze_0/bsp/system.mss
TRACE::2026-06-04.15:29:01::SCWReader::No isolation master present  
TRACE::2026-06-04.15:29:08::SCWPlatform::DSA given D:/vivado_pj/workspace_myip_axi_fnd/axi_fnd_wrapper/tempdsa/axi_fnd_wrapper2.xsa
TRACE::2026-06-04.15:29:08::SCWPlatform::DSA absoulate path D:/vivado_pj/workspace_myip_axi_fnd/axi_fnd_wrapper/tempdsa/axi_fnd_wrapper2.xsa
TRACE::2026-06-04.15:29:08::SCWPlatform:: Platform location is D:/vivado_pj/workspace_myip_axi_fnd/axi_fnd_wrapper/tempdsa
TRACE::2026-06-04.15:29:08::SCWPlatform:: Platform Path D:/vivado_pj/workspace_myip_axi_fnd/axi_fnd_wrapper/tempdsa/axi_fnd_wrapper2.xsa
TRACE::2026-06-04.15:29:08::SCWPlatform:: Unique name xilinx:::0.0
TRACE::2026-06-04.15:29:08::SCWPlatform::Found the Hw Db part of the input DSA
TRACE::2026-06-04.15:29:08::SCWMssOS::Doing hw sync for the mss in domain: standalone_microblaze_0
TRACE::2026-06-04.15:29:08::SCWPlatform::Trying to open the hw design at D:/vivado_pj/workspace_myip_axi_fnd/axi_fnd_wrapper/hw/axi_fnd_wrapper2.xsa
TRACE::2026-06-04.15:29:08::SCWPlatform::DSA given D:/vivado_pj/workspace_myip_axi_fnd/axi_fnd_wrapper/hw/axi_fnd_wrapper2.xsa
TRACE::2026-06-04.15:29:08::SCWPlatform::DSA absoulate path D:/vivado_pj/workspace_myip_axi_fnd/axi_fnd_wrapper/hw/axi_fnd_wrapper2.xsa
TRACE::2026-06-04.15:29:08::SCWPlatform::DSA directory D:/vivado_pj/workspace_myip_axi_fnd/axi_fnd_wrapper/hw
TRACE::2026-06-04.15:29:08::SCWPlatform:: Platform Path D:/vivado_pj/workspace_myip_axi_fnd/axi_fnd_wrapper/hw/axi_fnd_wrapper2.xsa
TRACE::2026-06-04.15:29:08::SCWPlatform:: Unique name xilinx:::0.0
TRACE::2026-06-04.15:29:08::SCWPlatform::Trying to set the existing hwdb with name axi_fnd_wrapper
TRACE::2026-06-04.15:29:08::SCWPlatform::Opened existing hwdb axi_fnd_wrapper
TRACE::2026-06-04.15:29:08::SCWPlatform::Found the Hw Db part of the input DSA
TRACE::2026-06-04.15:29:08::SCWPlatform::Trying to open the hw design at D:/vivado_pj/workspace_myip_axi_fnd/axi_fnd_wrapper/hw/axi_fnd_wrapper2.xsa
TRACE::2026-06-04.15:29:08::SCWPlatform::DSA given D:/vivado_pj/workspace_myip_axi_fnd/axi_fnd_wrapper/hw/axi_fnd_wrapper2.xsa
TRACE::2026-06-04.15:29:08::SCWPlatform::DSA absoulate path D:/vivado_pj/workspace_myip_axi_fnd/axi_fnd_wrapper/hw/axi_fnd_wrapper2.xsa
TRACE::2026-06-04.15:29:08::SCWPlatform::DSA directory D:/vivado_pj/workspace_myip_axi_fnd/axi_fnd_wrapper/hw
TRACE::2026-06-04.15:29:08::SCWPlatform:: Platform Path D:/vivado_pj/workspace_myip_axi_fnd/axi_fnd_wrapper/hw/axi_fnd_wrapper2.xsa
TRACE::2026-06-04.15:29:08::SCWPlatform:: Unique name xilinx:::0.0
TRACE::2026-06-04.15:29:08::SCWPlatform::Trying to set the existing hwdb with name axi_fnd_wrapper
TRACE::2026-06-04.15:29:08::SCWPlatform::Opened existing hwdb axi_fnd_wrapper
TRACE::2026-06-04.15:29:08::SCWPlatform::Found the Hw Db part of the input DSA
TRACE::2026-06-04.15:29:08::SCWMssOS::Checking the sw design at  D:/vivado_pj/workspace_myip_axi_fnd/axi_fnd_wrapper/microblaze_0/standalone_microblaze_0/bsp/system.mss
TRACE::2026-06-04.15:29:08::SCWMssOS::DEBUG:  swdes dump  D:/vivado_pj/workspace_myip_axi_fnd/axi_fnd_wrapper/microblaze_0/standalone_microblaze_0/bsp/system.mss|system||

TRACE::2026-06-04.15:29:08::SCWMssOS::Sw design exists and opened at  D:/vivado_pj/workspace_myip_axi_fnd/axi_fnd_wrapper/microblaze_0/standalone_microblaze_0/bsp/system.mss
TRACE::2026-06-04.15:29:08::SCWPlatform::Trying to open the hw design at D:/vivado_pj/workspace_myip_axi_fnd/axi_fnd_wrapper/tempdsa/axi_fnd_wrapper2.xsa
TRACE::2026-06-04.15:29:08::SCWPlatform::DSA given D:/vivado_pj/workspace_myip_axi_fnd/axi_fnd_wrapper/tempdsa/axi_fnd_wrapper2.xsa
TRACE::2026-06-04.15:29:08::SCWPlatform::DSA absoulate path D:/vivado_pj/workspace_myip_axi_fnd/axi_fnd_wrapper/tempdsa/axi_fnd_wrapper2.xsa
TRACE::2026-06-04.15:29:08::SCWPlatform::DSA directory D:/vivado_pj/workspace_myip_axi_fnd/axi_fnd_wrapper/tempdsa
TRACE::2026-06-04.15:29:08::SCWPlatform:: Platform Path D:/vivado_pj/workspace_myip_axi_fnd/axi_fnd_wrapper/tempdsa/axi_fnd_wrapper2.xsa
TRACE::2026-06-04.15:29:08::SCWPlatform:: Unique name xilinx:::0.0
TRACE::2026-06-04.15:29:08::SCWPlatform::update - Opened existing hwdb axi_fnd_wrapper_0
TRACE::2026-06-04.15:29:08::SCWPlatform::Found the Hw Db part of the input DSA
TRACE::2026-06-04.15:29:08::SCWMssOS::Saving the mss changes D:/vivado_pj/workspace_myip_axi_fnd/axi_fnd_wrapper/microblaze_0/standalone_microblaze_0/bsp/system.mss
TRACE::2026-06-04.15:29:08::SCWMssOS::Found a swdesign opened with the mssfile.
TRACE::2026-06-04.15:29:08::SCWMssOS::Completed writemss as part of save.
TRACE::2026-06-04.15:29:08::SCWMssOS::Commit changes completed.
TRACE::2026-06-04.15:29:08::SCWMssOS::Completed hw sync for the mss in domain: standalone_microblaze_0
TRACE::2026-06-04.15:29:08::SCWMssOS::Removing the swdes entry for  D:/vivado_pj/workspace_myip_axi_fnd/axi_fnd_wrapper/microblaze_0/standalone_microblaze_0/bsp/system.mss
TRACE::2026-06-04.15:29:08::SCWPlatform::Trying to open the hw design at D:/vivado_pj/workspace_myip_axi_fnd/axi_fnd_wrapper/hw/axi_fnd_wrapper2.xsa
TRACE::2026-06-04.15:29:08::SCWPlatform::DSA given D:/vivado_pj/workspace_myip_axi_fnd/axi_fnd_wrapper/hw/axi_fnd_wrapper2.xsa
TRACE::2026-06-04.15:29:08::SCWPlatform::DSA absoulate path D:/vivado_pj/workspace_myip_axi_fnd/axi_fnd_wrapper/hw/axi_fnd_wrapper2.xsa
TRACE::2026-06-04.15:29:08::SCWPlatform::DSA directory D:/vivado_pj/workspace_myip_axi_fnd/axi_fnd_wrapper/hw
TRACE::2026-06-04.15:29:08::SCWPlatform:: Platform Path D:/vivado_pj/workspace_myip_axi_fnd/axi_fnd_wrapper/hw/axi_fnd_wrapper2.xsa
TRACE::2026-06-04.15:29:08::SCWPlatform:: Unique name xilinx:::0.0
TRACE::2026-06-04.15:29:08::SCWPlatform::Do not have an existing db opened. 
TRACE::2026-06-04.15:29:08::SCWPlatform::Opened new HwDB with name axi_fnd_wrapper_1
TRACE::2026-06-04.15:29:08::SCWMssOS::Saving the mss changes D:/vivado_pj/workspace_myip_axi_fnd/axi_fnd_wrapper/microblaze_0/standalone_microblaze_0/bsp/system.mss
TRACE::2026-06-04.15:29:08::SCWMssOS::Adding the swdes entry, mss present, able to open swdb D:/vivado_pj/workspace_myip_axi_fnd/axi_fnd_wrapper/microblaze_0/standalone_microblaze_0/bsp/system.mss with des name system
TRACE::2026-06-04.15:29:08::SCWMssOS::Writing the mss file completed D:/vivado_pj/workspace_myip_axi_fnd/axi_fnd_wrapper/microblaze_0/standalone_microblaze_0/bsp/system.mss
TRACE::2026-06-04.15:29:08::SCWMssOS::Commit changes completed.
TRACE::2026-06-04.15:29:08::SCWPlatform::Trying to open the hw design at D:/vivado_pj/workspace_myip_axi_fnd/axi_fnd_wrapper/hw/axi_fnd_wrapper2.xsa
TRACE::2026-06-04.15:29:08::SCWPlatform::DSA given D:/vivado_pj/workspace_myip_axi_fnd/axi_fnd_wrapper/hw/axi_fnd_wrapper2.xsa
TRACE::2026-06-04.15:29:08::SCWPlatform::DSA absoulate path D:/vivado_pj/workspace_myip_axi_fnd/axi_fnd_wrapper/hw/axi_fnd_wrapper2.xsa
TRACE::2026-06-04.15:29:08::SCWPlatform::DSA directory D:/vivado_pj/workspace_myip_axi_fnd/axi_fnd_wrapper/hw
TRACE::2026-06-04.15:29:08::SCWPlatform:: Platform Path D:/vivado_pj/workspace_myip_axi_fnd/axi_fnd_wrapper/hw/axi_fnd_wrapper2.xsa
TRACE::2026-06-04.15:29:08::SCWPlatform:: Unique name xilinx:::0.0
TRACE::2026-06-04.15:29:08::SCWPlatform::Trying to set the existing hwdb with name axi_fnd_wrapper_1
TRACE::2026-06-04.15:29:08::SCWPlatform::Opened existing hwdb axi_fnd_wrapper_1
TRACE::2026-06-04.15:29:08::SCWPlatform::Found the Hw Db part of the input DSA
TRACE::2026-06-04.15:29:08::SCWMssOS::Checking the sw design at  D:/vivado_pj/workspace_myip_axi_fnd/axi_fnd_wrapper/microblaze_0/standalone_microblaze_0/bsp/system.mss
TRACE::2026-06-04.15:29:08::SCWMssOS::DEBUG:  swdes dump  D:/vivado_pj/workspace_myip_axi_fnd/axi_fnd_wrapper/microblaze_0/standalone_microblaze_0/bsp/system.mss|system||

TRACE::2026-06-04.15:29:08::SCWMssOS::Sw design exists and opened at  D:/vivado_pj/workspace_myip_axi_fnd/axi_fnd_wrapper/microblaze_0/standalone_microblaze_0/bsp/system.mss
TRACE::2026-06-04.15:29:08::SCWWriter::formatted JSON is {
	"platformName":	"axi_fnd_wrapper",
	"sprVersion":	"2.0",
	"mode":	"gui",
	"dsaType":	"Fixed",
	"platformDesc":	"axi_fnd_wrapper",
	"platHandOff":	"D:/vivado_pj/my_ip_fnd/axi_fnd_wrapper2.xsa",
	"platIntHandOff":	"<platformDir>/hw/axi_fnd_wrapper2.xsa",
	"deviceType":	"FPGA",
	"platIsPrebuiltAutogen":	"false",
	"platIsNoBootBsp":	"false",
	"hasFsblMakeHasChanges":	"false",
	"hasPmufwMakeHasChanges":	"false",
	"platPreBuiltFlag":	false,
	"platformSamplesDir":	"",
	"platActiveSys":	"axi_fnd_wrapper",
	"systems":	[{
			"systemName":	"axi_fnd_wrapper",
			"systemDesc":	"axi_fnd_wrapper",
			"sysIsBootAutoGen":	"true",
			"systemDispName":	"axi_fnd_wrapper",
			"sysActiveDom":	"standalone_microblaze_0",
			"sysDefaultDom":	"standalone_microblaze_0",
			"domains":	[{
					"domainName":	"standalone_microblaze_0",
					"domainDispName":	"standalone_microblaze_0",
					"domainDesc":	"standalone_microblaze_0",
					"processors":	"microblaze_0",
					"os":	"standalone",
					"sdxOs":	"standalone",
					"debugEnable":	"False",
					"domRuntimes":	["cpp"],
					"swRepo":	"",
					"mssOsVer":	"8.1",
					"mssFile":	"",
					"md5Digest":	"64834a915ec6f44250ce937ec5448dd71",
					"compatibleApp":	"",
					"domType":	"mssDomain",
					"arch":	"32-bit",
					"appSettings":	{
						"appCompilerFlags":	"",
						"appLinkerFlags":	""
					},
					"addedLibs":	[],
					"libOptions":	{
						"libsContainingOptions":	[]
					},
					"prebuiltLibs":	{
						"prebuiltIncPath":	[],
						"prebuiltLibPath":	[]
					},
					"isolation":	{
					}
				}]
		}]
}
LOG::2026-06-04.15:29:14::SCWPlatform::Started generating the artifacts platform axi_fnd_wrapper
TRACE::2026-06-04.15:29:14::SCWPlatform::Sanity checking of platform is completed
LOG::2026-06-04.15:29:14::SCWPlatform::Started generating the artifacts for system configuration axi_fnd_wrapper
LOG::2026-06-04.15:29:14::SCWSystem::Checking the domain standalone_microblaze_0
LOG::2026-06-04.15:29:14::SCWSystem::Not a boot domain 
LOG::2026-06-04.15:29:14::SCWSystem::Started Processing the domain standalone_microblaze_0
TRACE::2026-06-04.15:29:14::SCWDomain::Generating domain artifcats
TRACE::2026-06-04.15:29:14::SCWMssOS::Generating standalone artifcats
TRACE::2026-06-04.15:29:14::SCWMssOS:: Copying the user libraries. 
TRACE::2026-06-04.15:29:14::SCWPlatform::Trying to open the hw design at D:/vivado_pj/workspace_myip_axi_fnd/axi_fnd_wrapper/hw/axi_fnd_wrapper2.xsa
TRACE::2026-06-04.15:29:14::SCWPlatform::DSA given D:/vivado_pj/workspace_myip_axi_fnd/axi_fnd_wrapper/hw/axi_fnd_wrapper2.xsa
TRACE::2026-06-04.15:29:14::SCWPlatform::DSA absoulate path D:/vivado_pj/workspace_myip_axi_fnd/axi_fnd_wrapper/hw/axi_fnd_wrapper2.xsa
TRACE::2026-06-04.15:29:14::SCWPlatform::DSA directory D:/vivado_pj/workspace_myip_axi_fnd/axi_fnd_wrapper/hw
TRACE::2026-06-04.15:29:14::SCWPlatform:: Platform Path D:/vivado_pj/workspace_myip_axi_fnd/axi_fnd_wrapper/hw/axi_fnd_wrapper2.xsa
TRACE::2026-06-04.15:29:14::SCWPlatform:: Unique name xilinx:::0.0
TRACE::2026-06-04.15:29:14::SCWPlatform::Trying to set the existing hwdb with name axi_fnd_wrapper_1
TRACE::2026-06-04.15:29:14::SCWPlatform::Opened existing hwdb axi_fnd_wrapper_1
TRACE::2026-06-04.15:29:14::SCWPlatform::Found the Hw Db part of the input DSA
TRACE::2026-06-04.15:29:14::SCWMssOS::Checking the sw design at  D:/vivado_pj/workspace_myip_axi_fnd/axi_fnd_wrapper/microblaze_0/standalone_microblaze_0/bsp/system.mss
TRACE::2026-06-04.15:29:14::SCWMssOS::DEBUG:  swdes dump  D:/vivado_pj/workspace_myip_axi_fnd/axi_fnd_wrapper/microblaze_0/standalone_microblaze_0/bsp/system.mss|system||

TRACE::2026-06-04.15:29:14::SCWMssOS::Sw design exists and opened at  D:/vivado_pj/workspace_myip_axi_fnd/axi_fnd_wrapper/microblaze_0/standalone_microblaze_0/bsp/system.mss
TRACE::2026-06-04.15:29:14::SCWMssOS::Completed writing the mss file at D:/vivado_pj/workspace_myip_axi_fnd/axi_fnd_wrapper/microblaze_0/standalone_microblaze_0/bsp
TRACE::2026-06-04.15:29:14::SCWMssOS::Mss edits present, copying mssfile into export location D:/vivado_pj/workspace_myip_axi_fnd/axi_fnd_wrapper/microblaze_0/standalone_microblaze_0/bsp/system.mss
TRACE::2026-06-04.15:29:14::SCWMssOS::bsp generated is stale removing and regenerating. 
TRACE::2026-06-04.15:29:15::SCWMssOS::doing bsp build ... 
TRACE::2026-06-04.15:29:15::SCWMssOS::System Command Ran  D: & cd  D:/vivado_pj/workspace_myip_axi_fnd/axi_fnd_wrapper/microblaze_0/standalone_microblaze_0/bsp & make 
TRACE::2026-06-04.15:29:15::SCWMssOS::make --no-print-directory seq_libs

TRACE::2026-06-04.15:29:16::SCWMssOS::'Finished building libraries sequentially.'

TRACE::2026-06-04.15:29:16::SCWMssOS::make -j 18 --no-print-directory par_libs

TRACE::2026-06-04.15:29:16::SCWMssOS::"Running Make include in microblaze_0/libsrc/bram_v4_8/src"

TRACE::2026-06-04.15:29:16::SCWMssOS::make -C microblaze_0/libsrc/bram_v4_8/src -s include  "SHELL=CMD" "COMPILER=mb-gcc" "ASSEMBLER=mb-as" "ARCHIVER=mb-ar" "COMPILE
TRACE::2026-06-04.15:29:16::SCWMssOS::R_FLAGS=  -O2 -c -mcpu=v11.0 -mlittle-endian -mxl-soft-mul" "EXTRA_COMPILER_FLAGS=-g -ffunction-sections -fdata-sections -Wall 
TRACE::2026-06-04.15:29:16::SCWMssOS::-Wextra -fno-tree-loop-distribute-patterns"

TRACE::2026-06-04.15:29:16::SCWMssOS::"Running Make include in microblaze_0/libsrc/cpu_v2_17/src"

TRACE::2026-06-04.15:29:16::SCWMssOS::make -C microblaze_0/libsrc/cpu_v2_17/src -s include  "SHELL=CMD" "COMPILER=mb-gcc" "ASSEMBLER=mb-as" "ARCHIVER=mb-ar" "COMPILE
TRACE::2026-06-04.15:29:16::SCWMssOS::R_FLAGS=  -O2 -c -mcpu=v11.0 -mlittle-endian -mxl-soft-mul" "EXTRA_COMPILER_FLAGS=-g -ffunction-sections -fdata-sections -Wall 
TRACE::2026-06-04.15:29:16::SCWMssOS::-Wextra -fno-tree-loop-distribute-patterns"

TRACE::2026-06-04.15:29:16::SCWMssOS::"Running Make include in microblaze_0/libsrc/standalone_v8_1/src"

TRACE::2026-06-04.15:29:16::SCWMssOS::make -C microblaze_0/libsrc/standalone_v8_1/src -s include  "SHELL=CMD" "COMPILER=mb-gcc" "ASSEMBLER=mb-as" "ARCHIVER=mb-ar" "C
TRACE::2026-06-04.15:29:16::SCWMssOS::OMPILER_FLAGS=  -O2 -c -mcpu=v11.0 -mlittle-endian -mxl-soft-mul" "EXTRA_COMPILER_FLAGS=-g -ffunction-sections -fdata-sections 
TRACE::2026-06-04.15:29:16::SCWMssOS::-Wall -Wextra -fno-tree-loop-distribute-patterns"

TRACE::2026-06-04.15:29:16::SCWMssOS::"Running Make include in microblaze_0/libsrc/uartlite_v3_8/src"

TRACE::2026-06-04.15:29:16::SCWMssOS::make -C microblaze_0/libsrc/uartlite_v3_8/src -s include  "SHELL=CMD" "COMPILER=mb-gcc" "ASSEMBLER=mb-as" "ARCHIVER=mb-ar" "COM
TRACE::2026-06-04.15:29:16::SCWMssOS::PILER_FLAGS=  -O2 -c -mcpu=v11.0 -mlittle-endian -mxl-soft-mul" "EXTRA_COMPILER_FLAGS=-g -ffunction-sections -fdata-sections -W
TRACE::2026-06-04.15:29:16::SCWMssOS::all -Wextra -fno-tree-loop-distribute-patterns"

TRACE::2026-06-04.15:29:16::SCWMssOS::"Running Make libs in microblaze_0/libsrc/bram_v4_8/src"

TRACE::2026-06-04.15:29:16::SCWMssOS::make -C microblaze_0/libsrc/bram_v4_8/src -s libs  "SHELL=CMD" "COMPILER=mb-gcc" "ASSEMBLER=mb-as" "ARCHIVER=mb-ar" "COMPILER_F
TRACE::2026-06-04.15:29:16::SCWMssOS::LAGS=  -O2 -c -mcpu=v11.0 -mlittle-endian -mxl-soft-mul" "EXTRA_COMPILER_FLAGS=-g -ffunction-sections -fdata-sections -Wall -We
TRACE::2026-06-04.15:29:16::SCWMssOS::xtra -fno-tree-loop-distribute-patterns"

TRACE::2026-06-04.15:29:16::SCWMssOS::"Running Make libs in microblaze_0/libsrc/cpu_v2_17/src"

TRACE::2026-06-04.15:29:16::SCWMssOS::make -C microblaze_0/libsrc/cpu_v2_17/src -s libs  "SHELL=CMD" "COMPILER=mb-gcc" "ASSEMBLER=mb-as" "ARCHIVER=mb-ar" "COMPILER_F
TRACE::2026-06-04.15:29:16::SCWMssOS::LAGS=  -O2 -c -mcpu=v11.0 -mlittle-endian -mxl-soft-mul" "EXTRA_COMPILER_FLAGS=-g -ffunction-sections -fdata-sections -Wall -We
TRACE::2026-06-04.15:29:16::SCWMssOS::xtra -fno-tree-loop-distribute-patterns"

TRACE::2026-06-04.15:29:16::SCWMssOS::"Running Make libs in microblaze_0/libsrc/standalone_v8_1/src"

TRACE::2026-06-04.15:29:16::SCWMssOS::make -C microblaze_0/libsrc/standalone_v8_1/src -s libs  "SHELL=CMD" "COMPILER=mb-gcc" "ASSEMBLER=mb-as" "ARCHIVER=mb-ar" "COMP
TRACE::2026-06-04.15:29:16::SCWMssOS::ILER_FLAGS=  -O2 -c -mcpu=v11.0 -mlittle-endian -mxl-soft-mul" "EXTRA_COMPILER_FLAGS=-g -ffunction-sections -fdata-sections -Wa
TRACE::2026-06-04.15:29:16::SCWMssOS::ll -Wextra -fno-tree-loop-distribute-patterns"

TRACE::2026-06-04.15:29:16::SCWMssOS::"Running Make libs in microblaze_0/libsrc/uartlite_v3_8/src"

TRACE::2026-06-04.15:29:16::SCWMssOS::make -C microblaze_0/libsrc/uartlite_v3_8/src -s libs  "SHELL=CMD" "COMPILER=mb-gcc" "ASSEMBLER=mb-as" "ARCHIVER=mb-ar" "COMPIL
TRACE::2026-06-04.15:29:16::SCWMssOS::ER_FLAGS=  -O2 -c -mcpu=v11.0 -mlittle-endian -mxl-soft-mul" "EXTRA_COMPILER_FLAGS=-g -ffunction-sections -fdata-sections -Wall
TRACE::2026-06-04.15:29:16::SCWMssOS:: -Wextra -fno-tree-loop-distribute-patterns"

TRACE::2026-06-04.15:29:17::SCWMssOS::"DEBUG NON_LTO_OBJECTS is ../../../lib/microblaze_interrupt_handler.o"

TRACE::2026-06-04.15:29:17::SCWMssOS::'Finished building libraries parallelly.'

TRACE::2026-06-04.15:29:17::SCWMssOS::make --no-print-directory archive

TRACE::2026-06-04.15:29:17::SCWMssOS::mb-ar -r  microblaze_0/lib/libxil.a microblaze_0/lib/_exit.o microblaze_0/lib/errno.o microblaze_0/lib/fcntl.o microblaze_0/lib
TRACE::2026-06-04.15:29:17::SCWMssOS::/hw_exception_handler.o microblaze_0/lib/inbyte.o microblaze_0/lib/microblaze_disable_dcache.o microblaze_0/lib/microblaze_disa
TRACE::2026-06-04.15:29:17::SCWMssOS::ble_exceptions.o microblaze_0/lib/microblaze_disable_icache.o microblaze_0/lib/microblaze_disable_interrupts.o microblaze_0/lib
TRACE::2026-06-04.15:29:17::SCWMssOS::/microblaze_enable_dcache.o microblaze_0/lib/microblaze_enable_exceptions.o microblaze_0/lib/microblaze_enable_icache.o microbl
TRACE::2026-06-04.15:29:17::SCWMssOS::aze_0/lib/microblaze_enable_interrupts.o microblaze_0/lib/microblaze_exception_handler.o microblaze_0/lib/microblaze_flush_cach
TRACE::2026-06-04.15:29:17::SCWMssOS::e_ext.o microblaze_0/lib/microblaze_flush_cache_ext_range.o microblaze_0/lib/microblaze_flush_dcache.o microblaze_0/lib/microbl
TRACE::2026-06-04.15:29:17::SCWMssOS::aze_flush_dcache_range.o microblaze_0/lib/microblaze_init_dcache_range.o microblaze_0/lib/microblaze_init_icache_range.o microb
TRACE::2026-06-04.15:29:17::SCWMssOS::laze_0/lib/microblaze_interrupt_handler.o microblaze_0/lib/microblaze_interrupts_g.o microblaze_0/lib/microblaze_invalidate_cac
TRACE::2026-06-04.15:29:17::SCWMssOS::he_ext.o microblaze_0/lib/microblaze_invalidate_cache_ext_range.o microblaze_0/lib/microblaze_invalidate_dcache.o microblaze_0/
TRACE::2026-06-04.15:29:17::SCWMssOS::lib/microblaze_invalidate_dcache_range.o microblaze_0/lib/microblaze_invalidate_icache.o microblaze_0/lib/microblaze_invalidate
TRACE::2026-06-04.15:29:17::SCWMssOS::_icache_range.o microblaze_0/lib/microblaze_scrub.o microblaze_0/lib/microblaze_selftest.o microblaze_0/lib/microblaze_sleep.o 
TRACE::2026-06-04.15:29:17::SCWMssOS::microblaze_0/lib/microblaze_update_dcache.o microblaze_0/lib/microblaze_update_icache.o microblaze_0/lib/outbyte.o microblaze_0
TRACE::2026-06-04.15:29:17::SCWMssOS::/lib/print.o microblaze_0/lib/pvr.o microblaze_0/lib/xbram.o microblaze_0/lib/xbram_g.o microblaze_0/lib/xbram_intr.o microblaz
TRACE::2026-06-04.15:29:17::SCWMssOS::e_0/lib/xbram_selftest.o microblaze_0/lib/xbram_sinit.o microblaze_0/lib/xil_assert.o microblaze_0/lib/xil_cache.o microblaze_0
TRACE::2026-06-04.15:29:17::SCWMssOS::/lib/xil_clocking.o microblaze_0/lib/xil_exception.o microblaze_0/lib/xil_mem.o microblaze_0/lib/xil_misc_psreset_api.o microbl
TRACE::2026-06-04.15:29:17::SCWMssOS::aze_0/lib/xil_printf.o microblaze_0/lib/xil_sleepcommon.o microblaze_0/lib/xil_testcache.o microblaze_0/lib/xil_testio.o microb
TRACE::2026-06-04.15:29:17::SCWMssOS::laze_0/lib/xil_testmem.o microblaze_0/lib/xil_util.o microblaze_0/lib/xinterrupt_wrap.o microblaze_0/lib/xio.o microblaze_0/lib
TRACE::2026-06-04.15:29:17::SCWMssOS::/xplatform_info.o microblaze_0/lib/xuartlite.o microblaze_0/lib/xuartlite_g.o microblaze_0/lib/xuartlite_intr.o microblaze_0/li
TRACE::2026-06-04.15:29:17::SCWMssOS::b/xuartlite_l.o microblaze_0/lib/xuartlite_selftest.o microblaze_0/lib/xuartlite_sinit.o microblaze_0/lib/xuartlite_stats.o

TRACE::2026-06-04.15:29:17::SCWMssOS::'Finished building libraries'

TRACE::2026-06-04.15:29:17::SCWMssOS:: Checking if to create the Supporting Applications
TRACE::2026-06-04.15:29:17::SCWMssOS:: No Linux domain exists, trying to generate FSBL 
LOG::2026-06-04.15:29:17::SCWSystem::Completed Processing the domain standalone_microblaze_0
LOG::2026-06-04.15:29:17::SCWSystem::Completed Processing the sysconfig axi_fnd_wrapper
LOG::2026-06-04.15:29:17::SCWPlatform::Completed generating the artifacts for system configuration axi_fnd_wrapper
TRACE::2026-06-04.15:29:17::SCWPlatform::Started preparing the platform 
TRACE::2026-06-04.15:29:17::SCWSystem::Writing the bif file for system config axi_fnd_wrapper
TRACE::2026-06-04.15:29:17::SCWSystem::dir created 
TRACE::2026-06-04.15:29:17::SCWSystem::Writing the bif 
TRACE::2026-06-04.15:29:17::SCWPlatform::Started writing the spfm file 
TRACE::2026-06-04.15:29:17::SCWPlatform::Started writing the xpfm file 
TRACE::2026-06-04.15:29:17::SCWPlatform::Completed generating the platform
TRACE::2026-06-04.15:29:17::SCWMssOS::Saving the mss changes D:/vivado_pj/workspace_myip_axi_fnd/axi_fnd_wrapper/microblaze_0/standalone_microblaze_0/bsp/system.mss
TRACE::2026-06-04.15:29:17::SCWMssOS::Adding the swdes entry, mss present, able to open swdb D:/vivado_pj/workspace_myip_axi_fnd/axi_fnd_wrapper/microblaze_0/standalone_microblaze_0/bsp/system.mss with des name system
TRACE::2026-06-04.15:29:17::SCWMssOS::Writing the mss file completed D:/vivado_pj/workspace_myip_axi_fnd/axi_fnd_wrapper/microblaze_0/standalone_microblaze_0/bsp/system.mss
TRACE::2026-06-04.15:29:17::SCWMssOS::Commit changes completed.
TRACE::2026-06-04.15:29:17::SCWPlatform::Trying to open the hw design at D:/vivado_pj/workspace_myip_axi_fnd/axi_fnd_wrapper/hw/axi_fnd_wrapper2.xsa
TRACE::2026-06-04.15:29:17::SCWPlatform::DSA given D:/vivado_pj/workspace_myip_axi_fnd/axi_fnd_wrapper/hw/axi_fnd_wrapper2.xsa
TRACE::2026-06-04.15:29:17::SCWPlatform::DSA absoulate path D:/vivado_pj/workspace_myip_axi_fnd/axi_fnd_wrapper/hw/axi_fnd_wrapper2.xsa
TRACE::2026-06-04.15:29:17::SCWPlatform::DSA directory D:/vivado_pj/workspace_myip_axi_fnd/axi_fnd_wrapper/hw
TRACE::2026-06-04.15:29:17::SCWPlatform:: Platform Path D:/vivado_pj/workspace_myip_axi_fnd/axi_fnd_wrapper/hw/axi_fnd_wrapper2.xsa
TRACE::2026-06-04.15:29:17::SCWPlatform:: Unique name xilinx:::0.0
TRACE::2026-06-04.15:29:17::SCWPlatform::Trying to set the existing hwdb with name axi_fnd_wrapper_1
TRACE::2026-06-04.15:29:17::SCWPlatform::Opened existing hwdb axi_fnd_wrapper_1
TRACE::2026-06-04.15:29:17::SCWPlatform::Found the Hw Db part of the input DSA
TRACE::2026-06-04.15:29:17::SCWMssOS::Checking the sw design at  D:/vivado_pj/workspace_myip_axi_fnd/axi_fnd_wrapper/microblaze_0/standalone_microblaze_0/bsp/system.mss
TRACE::2026-06-04.15:29:17::SCWMssOS::DEBUG:  swdes dump  D:/vivado_pj/workspace_myip_axi_fnd/axi_fnd_wrapper/microblaze_0/standalone_microblaze_0/bsp/system.mss|system||

TRACE::2026-06-04.15:29:17::SCWMssOS::Sw design exists and opened at  D:/vivado_pj/workspace_myip_axi_fnd/axi_fnd_wrapper/microblaze_0/standalone_microblaze_0/bsp/system.mss
TRACE::2026-06-04.15:29:17::SCWWriter::formatted JSON is {
	"platformName":	"axi_fnd_wrapper",
	"sprVersion":	"2.0",
	"mode":	"gui",
	"dsaType":	"Fixed",
	"platformDesc":	"axi_fnd_wrapper",
	"platHandOff":	"D:/vivado_pj/my_ip_fnd/axi_fnd_wrapper2.xsa",
	"platIntHandOff":	"<platformDir>/hw/axi_fnd_wrapper2.xsa",
	"deviceType":	"FPGA",
	"platIsPrebuiltAutogen":	"false",
	"platIsNoBootBsp":	"false",
	"hasFsblMakeHasChanges":	"false",
	"hasPmufwMakeHasChanges":	"false",
	"platPreBuiltFlag":	false,
	"platformSamplesDir":	"",
	"platActiveSys":	"axi_fnd_wrapper",
	"systems":	[{
			"systemName":	"axi_fnd_wrapper",
			"systemDesc":	"axi_fnd_wrapper",
			"sysIsBootAutoGen":	"true",
			"systemDispName":	"axi_fnd_wrapper",
			"sysActiveDom":	"standalone_microblaze_0",
			"sysDefaultDom":	"standalone_microblaze_0",
			"domains":	[{
					"domainName":	"standalone_microblaze_0",
					"domainDispName":	"standalone_microblaze_0",
					"domainDesc":	"standalone_microblaze_0",
					"processors":	"microblaze_0",
					"os":	"standalone",
					"sdxOs":	"standalone",
					"debugEnable":	"False",
					"domRuntimes":	["cpp"],
					"swRepo":	"",
					"mssOsVer":	"8.1",
					"mssFile":	"",
					"md5Digest":	"64834a915ec6f44250ce937ec5448dd7",
					"compatibleApp":	"",
					"domType":	"mssDomain",
					"arch":	"32-bit",
					"appSettings":	{
						"appCompilerFlags":	"",
						"appLinkerFlags":	""
					},
					"addedLibs":	[],
					"libOptions":	{
						"libsContainingOptions":	[]
					},
					"prebuiltLibs":	{
						"prebuiltIncPath":	[],
						"prebuiltLibPath":	[]
					},
					"isolation":	{
					}
				}]
		}]
}
KEYINFO::2026-06-04.15:29:17::SCWPlatform::updated the xpfm file.
TRACE::2026-06-04.15:29:18::SCWPlatform::Trying to open the hw design at D:/vivado_pj/workspace_myip_axi_fnd/axi_fnd_wrapper/hw/axi_fnd_wrapper2.xsa
TRACE::2026-06-04.15:29:18::SCWPlatform::DSA given D:/vivado_pj/workspace_myip_axi_fnd/axi_fnd_wrapper/hw/axi_fnd_wrapper2.xsa
TRACE::2026-06-04.15:29:18::SCWPlatform::DSA absoulate path D:/vivado_pj/workspace_myip_axi_fnd/axi_fnd_wrapper/hw/axi_fnd_wrapper2.xsa
TRACE::2026-06-04.15:29:18::SCWPlatform::DSA directory D:/vivado_pj/workspace_myip_axi_fnd/axi_fnd_wrapper/hw
TRACE::2026-06-04.15:29:18::SCWPlatform:: Platform Path D:/vivado_pj/workspace_myip_axi_fnd/axi_fnd_wrapper/hw/axi_fnd_wrapper2.xsa
TRACE::2026-06-04.15:29:18::SCWPlatform:: Unique name xilinx:::0.0
TRACE::2026-06-04.15:29:18::SCWPlatform::Trying to set the existing hwdb with name axi_fnd_wrapper_1
TRACE::2026-06-04.15:29:18::SCWPlatform::Opened existing hwdb axi_fnd_wrapper_1
TRACE::2026-06-04.15:29:18::SCWPlatform::Found the Hw Db part of the input DSA
TRACE::2026-06-04.15:29:18::SCWMssOS::Checking the sw design at  D:/vivado_pj/workspace_myip_axi_fnd/axi_fnd_wrapper/microblaze_0/standalone_microblaze_0/bsp/system.mss
TRACE::2026-06-04.15:29:18::SCWMssOS::DEBUG:  swdes dump  D:/vivado_pj/workspace_myip_axi_fnd/axi_fnd_wrapper/microblaze_0/standalone_microblaze_0/bsp/system.mss|system||

TRACE::2026-06-04.15:29:18::SCWMssOS::Sw design exists and opened at  D:/vivado_pj/workspace_myip_axi_fnd/axi_fnd_wrapper/microblaze_0/standalone_microblaze_0/bsp/system.mss
TRACE::2026-06-04.15:34:54::SCWMssOS::cleaning the bsp 
TRACE::2026-06-04.15:34:54::SCWMssOS::System Command Ran  D: & cd  D:/vivado_pj/workspace_myip_axi_fnd/axi_fnd_wrapper/microblaze_0/standalone_microblaze_0/bsp & make clean 
TRACE::2026-06-04.15:34:54::SCWMssOS::make -C microblaze_0/libsrc/bram_v4_8/src -s clean 

TRACE::2026-06-04.15:34:55::SCWMssOS::make -C microblaze_0/libsrc/cpu_v2_17/src -s clean 

TRACE::2026-06-04.15:34:55::SCWMssOS::make -C microblaze_0/libsrc/standalone_v8_1/src -s clean 

TRACE::2026-06-04.15:34:55::SCWMssOS::make -C microblaze_0/libsrc/uartlite_v3_8/src -s clean 

TRACE::2026-06-04.15:34:55::SCWMssOS::rm -f microblaze_0/lib/libxil.a

LOG::2026-06-04.15:35:02::SCWPlatform::Started generating the artifacts platform axi_fnd_wrapper
TRACE::2026-06-04.15:35:02::SCWPlatform::Sanity checking of platform is completed
LOG::2026-06-04.15:35:02::SCWPlatform::Started generating the artifacts for system configuration axi_fnd_wrapper
LOG::2026-06-04.15:35:02::SCWSystem::Checking the domain standalone_microblaze_0
LOG::2026-06-04.15:35:02::SCWSystem::Not a boot domain 
LOG::2026-06-04.15:35:02::SCWSystem::Started Processing the domain standalone_microblaze_0
TRACE::2026-06-04.15:35:02::SCWDomain::Generating domain artifcats
TRACE::2026-06-04.15:35:02::SCWMssOS::Generating standalone artifcats
TRACE::2026-06-04.15:35:02::SCWMssOS:: Copying the user libraries. 
TRACE::2026-06-04.15:35:02::SCWPlatform::Trying to open the hw design at D:/vivado_pj/workspace_myip_axi_fnd/axi_fnd_wrapper/hw/axi_fnd_wrapper2.xsa
TRACE::2026-06-04.15:35:02::SCWPlatform::DSA given D:/vivado_pj/workspace_myip_axi_fnd/axi_fnd_wrapper/hw/axi_fnd_wrapper2.xsa
TRACE::2026-06-04.15:35:02::SCWPlatform::DSA absoulate path D:/vivado_pj/workspace_myip_axi_fnd/axi_fnd_wrapper/hw/axi_fnd_wrapper2.xsa
TRACE::2026-06-04.15:35:02::SCWPlatform::DSA directory D:/vivado_pj/workspace_myip_axi_fnd/axi_fnd_wrapper/hw
TRACE::2026-06-04.15:35:02::SCWPlatform:: Platform Path D:/vivado_pj/workspace_myip_axi_fnd/axi_fnd_wrapper/hw/axi_fnd_wrapper2.xsa
TRACE::2026-06-04.15:35:02::SCWPlatform:: Unique name xilinx:::0.0
TRACE::2026-06-04.15:35:02::SCWPlatform::Trying to set the existing hwdb with name axi_fnd_wrapper_1
TRACE::2026-06-04.15:35:02::SCWPlatform::Opened existing hwdb axi_fnd_wrapper_1
TRACE::2026-06-04.15:35:02::SCWPlatform::Found the Hw Db part of the input DSA
TRACE::2026-06-04.15:35:02::SCWMssOS::Checking the sw design at  D:/vivado_pj/workspace_myip_axi_fnd/axi_fnd_wrapper/microblaze_0/standalone_microblaze_0/bsp/system.mss
TRACE::2026-06-04.15:35:02::SCWMssOS::DEBUG:  swdes dump  D:/vivado_pj/workspace_myip_axi_fnd/axi_fnd_wrapper/microblaze_0/standalone_microblaze_0/bsp/system.mss|system||

TRACE::2026-06-04.15:35:02::SCWMssOS::Sw design exists and opened at  D:/vivado_pj/workspace_myip_axi_fnd/axi_fnd_wrapper/microblaze_0/standalone_microblaze_0/bsp/system.mss
TRACE::2026-06-04.15:35:02::SCWMssOS::Completed writing the mss file at D:/vivado_pj/workspace_myip_axi_fnd/axi_fnd_wrapper/microblaze_0/standalone_microblaze_0/bsp
TRACE::2026-06-04.15:35:02::SCWMssOS::Mss edits present, copying mssfile into export location D:/vivado_pj/workspace_myip_axi_fnd/axi_fnd_wrapper/microblaze_0/standalone_microblaze_0/bsp/system.mss
TRACE::2026-06-04.15:35:02::SCWMssOS::bsp generated is upto date with the mss file. Skipping bsp generation.
TRACE::2026-06-04.15:35:02::SCWMssOS::BSP is already built. skipping the bsp build ... 
TRACE::2026-06-04.15:35:02::SCWDomain::Building the domain as part of full build :  standalone_microblaze_0
TRACE::2026-06-04.15:35:02::SCWMssOS::doing bsp build ... 
TRACE::2026-06-04.15:35:02::SCWMssOS::System Command Ran  D: & cd  D:/vivado_pj/workspace_myip_axi_fnd/axi_fnd_wrapper/microblaze_0/standalone_microblaze_0/bsp & make 
TRACE::2026-06-04.15:35:02::SCWMssOS::make --no-print-directory seq_libs

TRACE::2026-06-04.15:35:02::SCWMssOS::'Finished building libraries sequentially.'

TRACE::2026-06-04.15:35:02::SCWMssOS::make -j 18 --no-print-directory par_libs

TRACE::2026-06-04.15:35:02::SCWMssOS::"Running Make include in microblaze_0/libsrc/bram_v4_8/src"

TRACE::2026-06-04.15:35:02::SCWMssOS::make -C microblaze_0/libsrc/bram_v4_8/src -s include  "SHELL=CMD" "COMPILER=mb-gcc" "ASSEMBLER=mb-as" "ARCHIVER=mb-ar" "COMPILE
TRACE::2026-06-04.15:35:02::SCWMssOS::R_FLAGS=  -O2 -c -mcpu=v11.0 -mlittle-endian -mxl-soft-mul" "EXTRA_COMPILER_FLAGS=-g -ffunction-sections -fdata-sections -Wall 
TRACE::2026-06-04.15:35:02::SCWMssOS::-Wextra -fno-tree-loop-distribute-patterns"

TRACE::2026-06-04.15:35:02::SCWMssOS::"Running Make include in microblaze_0/libsrc/cpu_v2_17/src"

TRACE::2026-06-04.15:35:02::SCWMssOS::make -C microblaze_0/libsrc/cpu_v2_17/src -s include  "SHELL=CMD" "COMPILER=mb-gcc" "ASSEMBLER=mb-as" "ARCHIVER=mb-ar" "COMPILE
TRACE::2026-06-04.15:35:02::SCWMssOS::R_FLAGS=  -O2 -c -mcpu=v11.0 -mlittle-endian -mxl-soft-mul" "EXTRA_COMPILER_FLAGS=-g -ffunction-sections -fdata-sections -Wall 
TRACE::2026-06-04.15:35:02::SCWMssOS::-Wextra -fno-tree-loop-distribute-patterns"

TRACE::2026-06-04.15:35:02::SCWMssOS::"Running Make include in microblaze_0/libsrc/standalone_v8_1/src"

TRACE::2026-06-04.15:35:02::SCWMssOS::make -C microblaze_0/libsrc/standalone_v8_1/src -s include  "SHELL=CMD" "COMPILER=mb-gcc" "ASSEMBLER=mb-as" "ARCHIVER=mb-ar" "C
TRACE::2026-06-04.15:35:02::SCWMssOS::OMPILER_FLAGS=  -O2 -c -mcpu=v11.0 -mlittle-endian -mxl-soft-mul" "EXTRA_COMPILER_FLAGS=-g -ffunction-sections -fdata-sections 
TRACE::2026-06-04.15:35:02::SCWMssOS::-Wall -Wextra -fno-tree-loop-distribute-patterns"

TRACE::2026-06-04.15:35:02::SCWMssOS::"Running Make include in microblaze_0/libsrc/uartlite_v3_8/src"

TRACE::2026-06-04.15:35:02::SCWMssOS::make -C microblaze_0/libsrc/uartlite_v3_8/src -s include  "SHELL=CMD" "COMPILER=mb-gcc" "ASSEMBLER=mb-as" "ARCHIVER=mb-ar" "COM
TRACE::2026-06-04.15:35:02::SCWMssOS::PILER_FLAGS=  -O2 -c -mcpu=v11.0 -mlittle-endian -mxl-soft-mul" "EXTRA_COMPILER_FLAGS=-g -ffunction-sections -fdata-sections -W
TRACE::2026-06-04.15:35:02::SCWMssOS::all -Wextra -fno-tree-loop-distribute-patterns"

TRACE::2026-06-04.15:35:02::SCWMssOS::"Running Make libs in microblaze_0/libsrc/bram_v4_8/src"

TRACE::2026-06-04.15:35:02::SCWMssOS::make -C microblaze_0/libsrc/bram_v4_8/src -s libs  "SHELL=CMD" "COMPILER=mb-gcc" "ASSEMBLER=mb-as" "ARCHIVER=mb-ar" "COMPILER_F
TRACE::2026-06-04.15:35:02::SCWMssOS::LAGS=  -O2 -c -mcpu=v11.0 -mlittle-endian -mxl-soft-mul" "EXTRA_COMPILER_FLAGS=-g -ffunction-sections -fdata-sections -Wall -We
TRACE::2026-06-04.15:35:02::SCWMssOS::xtra -fno-tree-loop-distribute-patterns"

TRACE::2026-06-04.15:35:02::SCWMssOS::"Running Make libs in microblaze_0/libsrc/cpu_v2_17/src"

TRACE::2026-06-04.15:35:02::SCWMssOS::make -C microblaze_0/libsrc/cpu_v2_17/src -s libs  "SHELL=CMD" "COMPILER=mb-gcc" "ASSEMBLER=mb-as" "ARCHIVER=mb-ar" "COMPILER_F
TRACE::2026-06-04.15:35:02::SCWMssOS::LAGS=  -O2 -c -mcpu=v11.0 -mlittle-endian -mxl-soft-mul" "EXTRA_COMPILER_FLAGS=-g -ffunction-sections -fdata-sections -Wall -We
TRACE::2026-06-04.15:35:02::SCWMssOS::xtra -fno-tree-loop-distribute-patterns"

TRACE::2026-06-04.15:35:02::SCWMssOS::"Running Make libs in microblaze_0/libsrc/standalone_v8_1/src"

TRACE::2026-06-04.15:35:02::SCWMssOS::make -C microblaze_0/libsrc/standalone_v8_1/src -s libs  "SHELL=CMD" "COMPILER=mb-gcc" "ASSEMBLER=mb-as" "ARCHIVER=mb-ar" "COMP
TRACE::2026-06-04.15:35:02::SCWMssOS::ILER_FLAGS=  -O2 -c -mcpu=v11.0 -mlittle-endian -mxl-soft-mul" "EXTRA_COMPILER_FLAGS=-g -ffunction-sections -fdata-sections -Wa
TRACE::2026-06-04.15:35:02::SCWMssOS::ll -Wextra -fno-tree-loop-distribute-patterns"

TRACE::2026-06-04.15:35:02::SCWMssOS::"Running Make libs in microblaze_0/libsrc/uartlite_v3_8/src"

TRACE::2026-06-04.15:35:02::SCWMssOS::make -C microblaze_0/libsrc/uartlite_v3_8/src -s libs  "SHELL=CMD" "COMPILER=mb-gcc" "ASSEMBLER=mb-as" "ARCHIVER=mb-ar" "COMPIL
TRACE::2026-06-04.15:35:02::SCWMssOS::ER_FLAGS=  -O2 -c -mcpu=v11.0 -mlittle-endian -mxl-soft-mul" "EXTRA_COMPILER_FLAGS=-g -ffunction-sections -fdata-sections -Wall
TRACE::2026-06-04.15:35:02::SCWMssOS:: -Wextra -fno-tree-loop-distribute-patterns"

TRACE::2026-06-04.15:35:02::SCWMssOS::"DEBUG NON_LTO_OBJECTS is ../../../lib/microblaze_interrupt_handler.o"

TRACE::2026-06-04.15:35:03::SCWMssOS::'Finished building libraries parallelly.'

TRACE::2026-06-04.15:35:03::SCWMssOS::make --no-print-directory archive

TRACE::2026-06-04.15:35:03::SCWMssOS::mb-ar -r  microblaze_0/lib/libxil.a microblaze_0/lib/_exit.o microblaze_0/lib/errno.o microblaze_0/lib/fcntl.o microblaze_0/lib
TRACE::2026-06-04.15:35:03::SCWMssOS::/hw_exception_handler.o microblaze_0/lib/inbyte.o microblaze_0/lib/microblaze_disable_dcache.o microblaze_0/lib/microblaze_disa
TRACE::2026-06-04.15:35:03::SCWMssOS::ble_exceptions.o microblaze_0/lib/microblaze_disable_icache.o microblaze_0/lib/microblaze_disable_interrupts.o microblaze_0/lib
TRACE::2026-06-04.15:35:03::SCWMssOS::/microblaze_enable_dcache.o microblaze_0/lib/microblaze_enable_exceptions.o microblaze_0/lib/microblaze_enable_icache.o microbl
TRACE::2026-06-04.15:35:03::SCWMssOS::aze_0/lib/microblaze_enable_interrupts.o microblaze_0/lib/microblaze_exception_handler.o microblaze_0/lib/microblaze_flush_cach
TRACE::2026-06-04.15:35:03::SCWMssOS::e_ext.o microblaze_0/lib/microblaze_flush_cache_ext_range.o microblaze_0/lib/microblaze_flush_dcache.o microblaze_0/lib/microbl
TRACE::2026-06-04.15:35:03::SCWMssOS::aze_flush_dcache_range.o microblaze_0/lib/microblaze_init_dcache_range.o microblaze_0/lib/microblaze_init_icache_range.o microb
TRACE::2026-06-04.15:35:03::SCWMssOS::laze_0/lib/microblaze_interrupt_handler.o microblaze_0/lib/microblaze_interrupts_g.o microblaze_0/lib/microblaze_invalidate_cac
TRACE::2026-06-04.15:35:03::SCWMssOS::he_ext.o microblaze_0/lib/microblaze_invalidate_cache_ext_range.o microblaze_0/lib/microblaze_invalidate_dcache.o microblaze_0/
TRACE::2026-06-04.15:35:03::SCWMssOS::lib/microblaze_invalidate_dcache_range.o microblaze_0/lib/microblaze_invalidate_icache.o microblaze_0/lib/microblaze_invalidate
TRACE::2026-06-04.15:35:03::SCWMssOS::_icache_range.o microblaze_0/lib/microblaze_scrub.o microblaze_0/lib/microblaze_selftest.o microblaze_0/lib/microblaze_sleep.o 
TRACE::2026-06-04.15:35:03::SCWMssOS::microblaze_0/lib/microblaze_update_dcache.o microblaze_0/lib/microblaze_update_icache.o microblaze_0/lib/outbyte.o microblaze_0
TRACE::2026-06-04.15:35:03::SCWMssOS::/lib/print.o microblaze_0/lib/pvr.o microblaze_0/lib/xbram.o microblaze_0/lib/xbram_g.o microblaze_0/lib/xbram_intr.o microblaz
TRACE::2026-06-04.15:35:03::SCWMssOS::e_0/lib/xbram_selftest.o microblaze_0/lib/xbram_sinit.o microblaze_0/lib/xil_assert.o microblaze_0/lib/xil_cache.o microblaze_0
TRACE::2026-06-04.15:35:03::SCWMssOS::/lib/xil_clocking.o microblaze_0/lib/xil_exception.o microblaze_0/lib/xil_mem.o microblaze_0/lib/xil_misc_psreset_api.o microbl
TRACE::2026-06-04.15:35:03::SCWMssOS::aze_0/lib/xil_printf.o microblaze_0/lib/xil_sleepcommon.o microblaze_0/lib/xil_testcache.o microblaze_0/lib/xil_testio.o microb
TRACE::2026-06-04.15:35:03::SCWMssOS::laze_0/lib/xil_testmem.o microblaze_0/lib/xil_util.o microblaze_0/lib/xinterrupt_wrap.o microblaze_0/lib/xio.o microblaze_0/lib
TRACE::2026-06-04.15:35:03::SCWMssOS::/xplatform_info.o microblaze_0/lib/xuartlite.o microblaze_0/lib/xuartlite_g.o microblaze_0/lib/xuartlite_intr.o microblaze_0/li
TRACE::2026-06-04.15:35:03::SCWMssOS::b/xuartlite_l.o microblaze_0/lib/xuartlite_selftest.o microblaze_0/lib/xuartlite_sinit.o microblaze_0/lib/xuartlite_stats.o

TRACE::2026-06-04.15:35:03::SCWMssOS::'Finished building libraries'

TRACE::2026-06-04.15:35:03::SCWMssOS::Copying to export directory.
TRACE::2026-06-04.15:35:03::SCWMssOS:: Checking if to create the Supporting Applications
TRACE::2026-06-04.15:35:03::SCWMssOS:: No Linux domain exists, trying to generate FSBL 
LOG::2026-06-04.15:35:03::SCWSystem::Completed Processing the domain standalone_microblaze_0
LOG::2026-06-04.15:35:03::SCWSystem::Completed Processing the sysconfig axi_fnd_wrapper
LOG::2026-06-04.15:35:03::SCWPlatform::Completed generating the artifacts for system configuration axi_fnd_wrapper
TRACE::2026-06-04.15:35:03::SCWPlatform::Started preparing the platform 
TRACE::2026-06-04.15:35:03::SCWSystem::Writing the bif file for system config axi_fnd_wrapper
TRACE::2026-06-04.15:35:03::SCWSystem::dir created 
TRACE::2026-06-04.15:35:03::SCWSystem::Writing the bif 
TRACE::2026-06-04.15:35:03::SCWPlatform::Started writing the spfm file 
TRACE::2026-06-04.15:35:03::SCWPlatform::Started writing the xpfm file 
TRACE::2026-06-04.15:35:03::SCWPlatform::Completed generating the platform
TRACE::2026-06-04.15:35:03::SCWMssOS::Saving the mss changes D:/vivado_pj/workspace_myip_axi_fnd/axi_fnd_wrapper/microblaze_0/standalone_microblaze_0/bsp/system.mss
TRACE::2026-06-04.15:35:03::SCWMssOS::Found a swdesign opened with the mssfile.
TRACE::2026-06-04.15:35:03::SCWMssOS::Completed writemss as part of save.
TRACE::2026-06-04.15:35:03::SCWMssOS::Commit changes completed.
TRACE::2026-06-04.15:35:03::SCWPlatform::Trying to open the hw design at D:/vivado_pj/workspace_myip_axi_fnd/axi_fnd_wrapper/hw/axi_fnd_wrapper2.xsa
TRACE::2026-06-04.15:35:03::SCWPlatform::DSA given D:/vivado_pj/workspace_myip_axi_fnd/axi_fnd_wrapper/hw/axi_fnd_wrapper2.xsa
TRACE::2026-06-04.15:35:03::SCWPlatform::DSA absoulate path D:/vivado_pj/workspace_myip_axi_fnd/axi_fnd_wrapper/hw/axi_fnd_wrapper2.xsa
TRACE::2026-06-04.15:35:03::SCWPlatform::DSA directory D:/vivado_pj/workspace_myip_axi_fnd/axi_fnd_wrapper/hw
TRACE::2026-06-04.15:35:03::SCWPlatform:: Platform Path D:/vivado_pj/workspace_myip_axi_fnd/axi_fnd_wrapper/hw/axi_fnd_wrapper2.xsa
TRACE::2026-06-04.15:35:03::SCWPlatform:: Unique name xilinx:::0.0
TRACE::2026-06-04.15:35:03::SCWPlatform::Trying to set the existing hwdb with name axi_fnd_wrapper_1
TRACE::2026-06-04.15:35:03::SCWPlatform::Opened existing hwdb axi_fnd_wrapper_1
TRACE::2026-06-04.15:35:03::SCWPlatform::Found the Hw Db part of the input DSA
TRACE::2026-06-04.15:35:03::SCWMssOS::Checking the sw design at  D:/vivado_pj/workspace_myip_axi_fnd/axi_fnd_wrapper/microblaze_0/standalone_microblaze_0/bsp/system.mss
TRACE::2026-06-04.15:35:03::SCWMssOS::DEBUG:  swdes dump  D:/vivado_pj/workspace_myip_axi_fnd/axi_fnd_wrapper/microblaze_0/standalone_microblaze_0/bsp/system.mss|system||

TRACE::2026-06-04.15:35:03::SCWMssOS::Sw design exists and opened at  D:/vivado_pj/workspace_myip_axi_fnd/axi_fnd_wrapper/microblaze_0/standalone_microblaze_0/bsp/system.mss
TRACE::2026-06-04.15:35:03::SCWWriter::formatted JSON is {
	"platformName":	"axi_fnd_wrapper",
	"sprVersion":	"2.0",
	"mode":	"gui",
	"dsaType":	"Fixed",
	"platformDesc":	"axi_fnd_wrapper",
	"platHandOff":	"D:/vivado_pj/my_ip_fnd/axi_fnd_wrapper2.xsa",
	"platIntHandOff":	"<platformDir>/hw/axi_fnd_wrapper2.xsa",
	"deviceType":	"FPGA",
	"platIsPrebuiltAutogen":	"false",
	"platIsNoBootBsp":	"false",
	"hasFsblMakeHasChanges":	"false",
	"hasPmufwMakeHasChanges":	"false",
	"platPreBuiltFlag":	false,
	"platformSamplesDir":	"",
	"platActiveSys":	"axi_fnd_wrapper",
	"systems":	[{
			"systemName":	"axi_fnd_wrapper",
			"systemDesc":	"axi_fnd_wrapper",
			"sysIsBootAutoGen":	"true",
			"systemDispName":	"axi_fnd_wrapper",
			"sysActiveDom":	"standalone_microblaze_0",
			"sysDefaultDom":	"standalone_microblaze_0",
			"domains":	[{
					"domainName":	"standalone_microblaze_0",
					"domainDispName":	"standalone_microblaze_0",
					"domainDesc":	"standalone_microblaze_0",
					"processors":	"microblaze_0",
					"os":	"standalone",
					"sdxOs":	"standalone",
					"debugEnable":	"False",
					"domRuntimes":	["cpp"],
					"swRepo":	"",
					"mssOsVer":	"8.1",
					"mssFile":	"",
					"md5Digest":	"64834a915ec6f44250ce937ec5448dd7",
					"compatibleApp":	"",
					"domType":	"mssDomain",
					"arch":	"32-bit",
					"appSettings":	{
						"appCompilerFlags":	"",
						"appLinkerFlags":	""
					},
					"addedLibs":	[],
					"libOptions":	{
						"libsContainingOptions":	[]
					},
					"prebuiltLibs":	{
						"prebuiltIncPath":	[],
						"prebuiltLibPath":	[]
					},
					"isolation":	{
					}
				}]
		}]
}
KEYINFO::2026-06-04.15:35:03::SCWPlatform::updated the xpfm file.
TRACE::2026-06-04.15:35:04::SCWPlatform::Trying to open the hw design at D:/vivado_pj/workspace_myip_axi_fnd/axi_fnd_wrapper/hw/axi_fnd_wrapper2.xsa
TRACE::2026-06-04.15:35:04::SCWPlatform::DSA given D:/vivado_pj/workspace_myip_axi_fnd/axi_fnd_wrapper/hw/axi_fnd_wrapper2.xsa
TRACE::2026-06-04.15:35:04::SCWPlatform::DSA absoulate path D:/vivado_pj/workspace_myip_axi_fnd/axi_fnd_wrapper/hw/axi_fnd_wrapper2.xsa
TRACE::2026-06-04.15:35:04::SCWPlatform::DSA directory D:/vivado_pj/workspace_myip_axi_fnd/axi_fnd_wrapper/hw
TRACE::2026-06-04.15:35:04::SCWPlatform:: Platform Path D:/vivado_pj/workspace_myip_axi_fnd/axi_fnd_wrapper/hw/axi_fnd_wrapper2.xsa
TRACE::2026-06-04.15:35:04::SCWPlatform:: Unique name xilinx:::0.0
TRACE::2026-06-04.15:35:04::SCWPlatform::Trying to set the existing hwdb with name axi_fnd_wrapper_1
TRACE::2026-06-04.15:35:04::SCWPlatform::Opened existing hwdb axi_fnd_wrapper_1
TRACE::2026-06-04.15:35:04::SCWPlatform::Found the Hw Db part of the input DSA
TRACE::2026-06-04.15:35:04::SCWMssOS::Checking the sw design at  D:/vivado_pj/workspace_myip_axi_fnd/axi_fnd_wrapper/microblaze_0/standalone_microblaze_0/bsp/system.mss
TRACE::2026-06-04.15:35:04::SCWMssOS::DEBUG:  swdes dump  D:/vivado_pj/workspace_myip_axi_fnd/axi_fnd_wrapper/microblaze_0/standalone_microblaze_0/bsp/system.mss|system||

TRACE::2026-06-04.15:35:04::SCWMssOS::Sw design exists and opened at  D:/vivado_pj/workspace_myip_axi_fnd/axi_fnd_wrapper/microblaze_0/standalone_microblaze_0/bsp/system.mss
TRACE::2026-06-04.15:44:05::SCWPlatform::Clearing the existing platform
TRACE::2026-06-04.15:44:05::SCWSystem::Clearing the existing sysconfig
TRACE::2026-06-04.15:44:05::SCWMssOS::Removing the swdes entry for  D:/vivado_pj/workspace_myip_axi_fnd/axi_fnd_wrapper/microblaze_0/standalone_microblaze_0/bsp/system.mss
TRACE::2026-06-04.15:44:05::SCWSystem::Clearing the domains completed.
TRACE::2026-06-04.15:44:05::SCWPlatform::Clearing the opened hw db.
TRACE::2026-06-04.15:44:05::SCWPlatform::DSA given D:/vivado_pj/workspace_myip_axi_fnd/axi_fnd_wrapper/hw/axi_fnd_wrapper2.xsa
TRACE::2026-06-04.15:44:05::SCWPlatform::DSA absoulate path D:/vivado_pj/workspace_myip_axi_fnd/axi_fnd_wrapper/hw/axi_fnd_wrapper2.xsa
TRACE::2026-06-04.15:44:05::SCWPlatform:: Platform location is D:/vivado_pj/workspace_myip_axi_fnd/axi_fnd_wrapper/hw
TRACE::2026-06-04.15:44:05::SCWPlatform:: Platform Path D:/vivado_pj/workspace_myip_axi_fnd/axi_fnd_wrapper/hw/axi_fnd_wrapper2.xsa
TRACE::2026-06-04.15:44:05::SCWPlatform:: Unique name xilinx:::0.0
TRACE::2026-06-04.15:44:05::SCWPlatform::Removing the HwDB with name D:/vivado_pj/workspace_myip_axi_fnd/axi_fnd_wrapper/hw/axi_fnd_wrapper2.xsa
TRACE::2026-06-04.15:44:05::SCWPlatform::Trying to open the hw design at D:/vivado_pj/workspace_myip_axi_fnd/axi_fnd_wrapper/hw/axi_fnd_wrapper2.xsa
TRACE::2026-06-04.15:44:05::SCWPlatform::DSA given D:/vivado_pj/workspace_myip_axi_fnd/axi_fnd_wrapper/hw/axi_fnd_wrapper2.xsa
TRACE::2026-06-04.15:44:05::SCWPlatform::DSA absoulate path D:/vivado_pj/workspace_myip_axi_fnd/axi_fnd_wrapper/hw/axi_fnd_wrapper2.xsa
TRACE::2026-06-04.15:44:05::SCWPlatform::DSA directory D:/vivado_pj/workspace_myip_axi_fnd/axi_fnd_wrapper/hw
TRACE::2026-06-04.15:44:05::SCWPlatform:: Platform Path D:/vivado_pj/workspace_myip_axi_fnd/axi_fnd_wrapper/hw/axi_fnd_wrapper2.xsa
TRACE::2026-06-04.15:44:05::SCWPlatform:: Unique name xilinx:::0.0
TRACE::2026-06-04.15:44:05::SCWPlatform::Do not have an existing db opened. 
TRACE::2026-06-04.15:44:05::SCWPlatform::Opened new HwDB with name axi_fnd_wrapper_3
TRACE::2026-06-04.15:44:05::SCWReader::Active system found as  axi_fnd_wrapper
TRACE::2026-06-04.15:44:05::SCWReader::Handling sysconfig axi_fnd_wrapper
TRACE::2026-06-04.15:44:05::SCWDomain::checking for install qemu data   : 
TRACE::2026-06-04.15:44:05::SCWPlatform::Trying to open the hw design at D:/vivado_pj/workspace_myip_axi_fnd/axi_fnd_wrapper/hw/axi_fnd_wrapper2.xsa
TRACE::2026-06-04.15:44:05::SCWPlatform::DSA given D:/vivado_pj/workspace_myip_axi_fnd/axi_fnd_wrapper/hw/axi_fnd_wrapper2.xsa
TRACE::2026-06-04.15:44:05::SCWPlatform::DSA absoulate path D:/vivado_pj/workspace_myip_axi_fnd/axi_fnd_wrapper/hw/axi_fnd_wrapper2.xsa
TRACE::2026-06-04.15:44:05::SCWPlatform::DSA directory D:/vivado_pj/workspace_myip_axi_fnd/axi_fnd_wrapper/hw
TRACE::2026-06-04.15:44:05::SCWPlatform:: Platform Path D:/vivado_pj/workspace_myip_axi_fnd/axi_fnd_wrapper/hw/axi_fnd_wrapper2.xsa
TRACE::2026-06-04.15:44:05::SCWPlatform:: Unique name xilinx:::0.0
TRACE::2026-06-04.15:44:05::SCWPlatform::Trying to set the existing hwdb with name axi_fnd_wrapper_3
TRACE::2026-06-04.15:44:05::SCWPlatform::Opened existing hwdb axi_fnd_wrapper_3
TRACE::2026-06-04.15:44:05::SCWPlatform::Found the Hw Db part of the input DSA
TRACE::2026-06-04.15:44:05::SCWPlatform::Trying to open the hw design at D:/vivado_pj/workspace_myip_axi_fnd/axi_fnd_wrapper/hw/axi_fnd_wrapper2.xsa
TRACE::2026-06-04.15:44:05::SCWPlatform::DSA given D:/vivado_pj/workspace_myip_axi_fnd/axi_fnd_wrapper/hw/axi_fnd_wrapper2.xsa
TRACE::2026-06-04.15:44:05::SCWPlatform::DSA absoulate path D:/vivado_pj/workspace_myip_axi_fnd/axi_fnd_wrapper/hw/axi_fnd_wrapper2.xsa
TRACE::2026-06-04.15:44:05::SCWPlatform::DSA directory D:/vivado_pj/workspace_myip_axi_fnd/axi_fnd_wrapper/hw
TRACE::2026-06-04.15:44:05::SCWPlatform:: Platform Path D:/vivado_pj/workspace_myip_axi_fnd/axi_fnd_wrapper/hw/axi_fnd_wrapper2.xsa
TRACE::2026-06-04.15:44:05::SCWPlatform:: Unique name xilinx:::0.0
TRACE::2026-06-04.15:44:05::SCWPlatform::Trying to set the existing hwdb with name axi_fnd_wrapper_3
TRACE::2026-06-04.15:44:05::SCWPlatform::Opened existing hwdb axi_fnd_wrapper_3
TRACE::2026-06-04.15:44:05::SCWPlatform::Found the Hw Db part of the input DSA
TRACE::2026-06-04.15:44:05::SCWPlatform::Trying to open the hw design at D:/vivado_pj/workspace_myip_axi_fnd/axi_fnd_wrapper/hw/axi_fnd_wrapper2.xsa
TRACE::2026-06-04.15:44:05::SCWPlatform::DSA given D:/vivado_pj/workspace_myip_axi_fnd/axi_fnd_wrapper/hw/axi_fnd_wrapper2.xsa
TRACE::2026-06-04.15:44:05::SCWPlatform::DSA absoulate path D:/vivado_pj/workspace_myip_axi_fnd/axi_fnd_wrapper/hw/axi_fnd_wrapper2.xsa
TRACE::2026-06-04.15:44:05::SCWPlatform::DSA directory D:/vivado_pj/workspace_myip_axi_fnd/axi_fnd_wrapper/hw
TRACE::2026-06-04.15:44:05::SCWPlatform:: Platform Path D:/vivado_pj/workspace_myip_axi_fnd/axi_fnd_wrapper/hw/axi_fnd_wrapper2.xsa
TRACE::2026-06-04.15:44:05::SCWPlatform:: Unique name xilinx:::0.0
TRACE::2026-06-04.15:44:05::SCWPlatform::Trying to set the existing hwdb with name axi_fnd_wrapper_3
TRACE::2026-06-04.15:44:05::SCWPlatform::Opened existing hwdb axi_fnd_wrapper_3
TRACE::2026-06-04.15:44:05::SCWPlatform::Found the Hw Db part of the input DSA
TRACE::2026-06-04.15:44:05::SCWPlatform::Trying to open the hw design at D:/vivado_pj/workspace_myip_axi_fnd/axi_fnd_wrapper/hw/axi_fnd_wrapper2.xsa
TRACE::2026-06-04.15:44:05::SCWPlatform::DSA given D:/vivado_pj/workspace_myip_axi_fnd/axi_fnd_wrapper/hw/axi_fnd_wrapper2.xsa
TRACE::2026-06-04.15:44:05::SCWPlatform::DSA absoulate path D:/vivado_pj/workspace_myip_axi_fnd/axi_fnd_wrapper/hw/axi_fnd_wrapper2.xsa
TRACE::2026-06-04.15:44:05::SCWPlatform::DSA directory D:/vivado_pj/workspace_myip_axi_fnd/axi_fnd_wrapper/hw
TRACE::2026-06-04.15:44:05::SCWPlatform:: Platform Path D:/vivado_pj/workspace_myip_axi_fnd/axi_fnd_wrapper/hw/axi_fnd_wrapper2.xsa
TRACE::2026-06-04.15:44:05::SCWPlatform:: Unique name xilinx:::0.0
TRACE::2026-06-04.15:44:05::SCWPlatform::Trying to set the existing hwdb with name axi_fnd_wrapper_3
TRACE::2026-06-04.15:44:05::SCWPlatform::Opened existing hwdb axi_fnd_wrapper_3
TRACE::2026-06-04.15:44:05::SCWPlatform::Found the Hw Db part of the input DSA
TRACE::2026-06-04.15:44:05::SCWMssOS::Checking the sw design at  D:/vivado_pj/workspace_myip_axi_fnd/axi_fnd_wrapper/microblaze_0/standalone_microblaze_0/bsp/system.mss
TRACE::2026-06-04.15:44:05::SCWMssOS::DEBUG:  swdes dump  
TRACE::2026-06-04.15:44:05::SCWMssOS::No sw design opened at  D:/vivado_pj/workspace_myip_axi_fnd/axi_fnd_wrapper/microblaze_0/standalone_microblaze_0/bsp/system.mss
TRACE::2026-06-04.15:44:05::SCWMssOS::mss exists loading the mss file  D:/vivado_pj/workspace_myip_axi_fnd/axi_fnd_wrapper/microblaze_0/standalone_microblaze_0/bsp/system.mss
TRACE::2026-06-04.15:44:05::SCWMssOS::Opened the sw design from mss  D:/vivado_pj/workspace_myip_axi_fnd/axi_fnd_wrapper/microblaze_0/standalone_microblaze_0/bsp/system.mss
TRACE::2026-06-04.15:44:05::SCWMssOS::Adding the swdes entry D:/vivado_pj/workspace_myip_axi_fnd/axi_fnd_wrapper/microblaze_0/standalone_microblaze_0/bsp/system.mss with des name system
TRACE::2026-06-04.15:44:05::SCWMssOS::updating the scw layer about changes
TRACE::2026-06-04.15:44:05::SCWMssOS::Opened the sw design.  D:/vivado_pj/workspace_myip_axi_fnd/axi_fnd_wrapper/microblaze_0/standalone_microblaze_0/bsp/system.mss
TRACE::2026-06-04.15:44:05::SCWMssOS::Saving the mss changes D:/vivado_pj/workspace_myip_axi_fnd/axi_fnd_wrapper/microblaze_0/standalone_microblaze_0/bsp/system.mss
TRACE::2026-06-04.15:44:05::SCWMssOS::Found a swdesign opened with the mssfile.
TRACE::2026-06-04.15:44:05::SCWMssOS::Completed writemss as part of save.
TRACE::2026-06-04.15:44:05::SCWMssOS::Commit changes completed.
TRACE::2026-06-04.15:44:05::SCWReader::Adding prebuilt librarypaths as   
TRACE::2026-06-04.15:44:05::SCWReader::Adding prebuilt incpaths  as   
TRACE::2026-06-04.15:44:05::SCWPlatform::Trying to open the hw design at D:/vivado_pj/workspace_myip_axi_fnd/axi_fnd_wrapper/hw/axi_fnd_wrapper2.xsa
TRACE::2026-06-04.15:44:05::SCWPlatform::DSA given D:/vivado_pj/workspace_myip_axi_fnd/axi_fnd_wrapper/hw/axi_fnd_wrapper2.xsa
TRACE::2026-06-04.15:44:05::SCWPlatform::DSA absoulate path D:/vivado_pj/workspace_myip_axi_fnd/axi_fnd_wrapper/hw/axi_fnd_wrapper2.xsa
TRACE::2026-06-04.15:44:05::SCWPlatform::DSA directory D:/vivado_pj/workspace_myip_axi_fnd/axi_fnd_wrapper/hw
TRACE::2026-06-04.15:44:05::SCWPlatform:: Platform Path D:/vivado_pj/workspace_myip_axi_fnd/axi_fnd_wrapper/hw/axi_fnd_wrapper2.xsa
TRACE::2026-06-04.15:44:05::SCWPlatform:: Unique name xilinx:::0.0
TRACE::2026-06-04.15:44:05::SCWPlatform::Trying to set the existing hwdb with name axi_fnd_wrapper_3
TRACE::2026-06-04.15:44:05::SCWPlatform::Opened existing hwdb axi_fnd_wrapper_3
TRACE::2026-06-04.15:44:05::SCWPlatform::Found the Hw Db part of the input DSA
TRACE::2026-06-04.15:44:05::SCWMssOS::Checking the sw design at  D:/vivado_pj/workspace_myip_axi_fnd/axi_fnd_wrapper/microblaze_0/standalone_microblaze_0/bsp/system.mss
TRACE::2026-06-04.15:44:05::SCWMssOS::DEBUG:  swdes dump  D:/vivado_pj/workspace_myip_axi_fnd/axi_fnd_wrapper/microblaze_0/standalone_microblaze_0/bsp/system.mss|system||

TRACE::2026-06-04.15:44:05::SCWMssOS::Sw design exists and opened at  D:/vivado_pj/workspace_myip_axi_fnd/axi_fnd_wrapper/microblaze_0/standalone_microblaze_0/bsp/system.mss
TRACE::2026-06-04.15:44:05::SCWReader::No isolation master present  
TRACE::2026-06-04.15:44:09::SCWPlatform::DSA given D:/vivado_pj/workspace_myip_axi_fnd/axi_fnd_wrapper/tempdsa/axi_fnd_wrapper3.xsa
TRACE::2026-06-04.15:44:09::SCWPlatform::DSA absoulate path D:/vivado_pj/workspace_myip_axi_fnd/axi_fnd_wrapper/tempdsa/axi_fnd_wrapper3.xsa
TRACE::2026-06-04.15:44:09::SCWPlatform:: Platform location is D:/vivado_pj/workspace_myip_axi_fnd/axi_fnd_wrapper/tempdsa
TRACE::2026-06-04.15:44:09::SCWPlatform:: Platform Path D:/vivado_pj/workspace_myip_axi_fnd/axi_fnd_wrapper/tempdsa/axi_fnd_wrapper3.xsa
TRACE::2026-06-04.15:44:09::SCWPlatform:: Unique name xilinx:::0.0
TRACE::2026-06-04.15:44:09::SCWPlatform::Found the Hw Db part of the input DSA
TRACE::2026-06-04.15:44:09::SCWMssOS::Doing hw sync for the mss in domain: standalone_microblaze_0
TRACE::2026-06-04.15:44:09::SCWPlatform::Trying to open the hw design at D:/vivado_pj/workspace_myip_axi_fnd/axi_fnd_wrapper/hw/axi_fnd_wrapper2.xsa
TRACE::2026-06-04.15:44:09::SCWPlatform::DSA given D:/vivado_pj/workspace_myip_axi_fnd/axi_fnd_wrapper/hw/axi_fnd_wrapper2.xsa
TRACE::2026-06-04.15:44:09::SCWPlatform::DSA absoulate path D:/vivado_pj/workspace_myip_axi_fnd/axi_fnd_wrapper/hw/axi_fnd_wrapper2.xsa
TRACE::2026-06-04.15:44:09::SCWPlatform::DSA directory D:/vivado_pj/workspace_myip_axi_fnd/axi_fnd_wrapper/hw
TRACE::2026-06-04.15:44:09::SCWPlatform:: Platform Path D:/vivado_pj/workspace_myip_axi_fnd/axi_fnd_wrapper/hw/axi_fnd_wrapper2.xsa
TRACE::2026-06-04.15:44:09::SCWPlatform:: Unique name xilinx:::0.0
TRACE::2026-06-04.15:44:09::SCWPlatform::Trying to set the existing hwdb with name axi_fnd_wrapper_3
TRACE::2026-06-04.15:44:09::SCWPlatform::Opened existing hwdb axi_fnd_wrapper_3
TRACE::2026-06-04.15:44:09::SCWPlatform::Found the Hw Db part of the input DSA
TRACE::2026-06-04.15:44:09::SCWPlatform::Trying to open the hw design at D:/vivado_pj/workspace_myip_axi_fnd/axi_fnd_wrapper/hw/axi_fnd_wrapper2.xsa
TRACE::2026-06-04.15:44:09::SCWPlatform::DSA given D:/vivado_pj/workspace_myip_axi_fnd/axi_fnd_wrapper/hw/axi_fnd_wrapper2.xsa
TRACE::2026-06-04.15:44:09::SCWPlatform::DSA absoulate path D:/vivado_pj/workspace_myip_axi_fnd/axi_fnd_wrapper/hw/axi_fnd_wrapper2.xsa
TRACE::2026-06-04.15:44:09::SCWPlatform::DSA directory D:/vivado_pj/workspace_myip_axi_fnd/axi_fnd_wrapper/hw
TRACE::2026-06-04.15:44:09::SCWPlatform:: Platform Path D:/vivado_pj/workspace_myip_axi_fnd/axi_fnd_wrapper/hw/axi_fnd_wrapper2.xsa
TRACE::2026-06-04.15:44:09::SCWPlatform:: Unique name xilinx:::0.0
TRACE::2026-06-04.15:44:09::SCWPlatform::Trying to set the existing hwdb with name axi_fnd_wrapper_3
TRACE::2026-06-04.15:44:09::SCWPlatform::Opened existing hwdb axi_fnd_wrapper_3
TRACE::2026-06-04.15:44:09::SCWPlatform::Found the Hw Db part of the input DSA
TRACE::2026-06-04.15:44:09::SCWMssOS::Checking the sw design at  D:/vivado_pj/workspace_myip_axi_fnd/axi_fnd_wrapper/microblaze_0/standalone_microblaze_0/bsp/system.mss
TRACE::2026-06-04.15:44:09::SCWMssOS::DEBUG:  swdes dump  D:/vivado_pj/workspace_myip_axi_fnd/axi_fnd_wrapper/microblaze_0/standalone_microblaze_0/bsp/system.mss|system||

TRACE::2026-06-04.15:44:09::SCWMssOS::Sw design exists and opened at  D:/vivado_pj/workspace_myip_axi_fnd/axi_fnd_wrapper/microblaze_0/standalone_microblaze_0/bsp/system.mss
TRACE::2026-06-04.15:44:09::SCWPlatform::Trying to open the hw design at D:/vivado_pj/workspace_myip_axi_fnd/axi_fnd_wrapper/tempdsa/axi_fnd_wrapper3.xsa
TRACE::2026-06-04.15:44:09::SCWPlatform::DSA given D:/vivado_pj/workspace_myip_axi_fnd/axi_fnd_wrapper/tempdsa/axi_fnd_wrapper3.xsa
TRACE::2026-06-04.15:44:09::SCWPlatform::DSA absoulate path D:/vivado_pj/workspace_myip_axi_fnd/axi_fnd_wrapper/tempdsa/axi_fnd_wrapper3.xsa
TRACE::2026-06-04.15:44:09::SCWPlatform::DSA directory D:/vivado_pj/workspace_myip_axi_fnd/axi_fnd_wrapper/tempdsa
TRACE::2026-06-04.15:44:09::SCWPlatform:: Platform Path D:/vivado_pj/workspace_myip_axi_fnd/axi_fnd_wrapper/tempdsa/axi_fnd_wrapper3.xsa
TRACE::2026-06-04.15:44:09::SCWPlatform:: Unique name xilinx:::0.0
TRACE::2026-06-04.15:44:09::SCWPlatform::update - Opened existing hwdb axi_fnd_wrapper_4
TRACE::2026-06-04.15:44:09::SCWPlatform::Found the Hw Db part of the input DSA
TRACE::2026-06-04.15:44:09::SCWMssOS::Saving the mss changes D:/vivado_pj/workspace_myip_axi_fnd/axi_fnd_wrapper/microblaze_0/standalone_microblaze_0/bsp/system.mss
TRACE::2026-06-04.15:44:09::SCWMssOS::Found a swdesign opened with the mssfile.
TRACE::2026-06-04.15:44:09::SCWMssOS::Completed writemss as part of save.
TRACE::2026-06-04.15:44:09::SCWMssOS::Commit changes completed.
TRACE::2026-06-04.15:44:09::SCWMssOS::Completed hw sync for the mss in domain: standalone_microblaze_0
TRACE::2026-06-04.15:44:09::SCWMssOS::Removing the swdes entry for  D:/vivado_pj/workspace_myip_axi_fnd/axi_fnd_wrapper/microblaze_0/standalone_microblaze_0/bsp/system.mss
TRACE::2026-06-04.15:44:09::SCWPlatform::Trying to open the hw design at D:/vivado_pj/workspace_myip_axi_fnd/axi_fnd_wrapper/hw/axi_fnd_wrapper3.xsa
TRACE::2026-06-04.15:44:09::SCWPlatform::DSA given D:/vivado_pj/workspace_myip_axi_fnd/axi_fnd_wrapper/hw/axi_fnd_wrapper3.xsa
TRACE::2026-06-04.15:44:09::SCWPlatform::DSA absoulate path D:/vivado_pj/workspace_myip_axi_fnd/axi_fnd_wrapper/hw/axi_fnd_wrapper3.xsa
TRACE::2026-06-04.15:44:09::SCWPlatform::DSA directory D:/vivado_pj/workspace_myip_axi_fnd/axi_fnd_wrapper/hw
TRACE::2026-06-04.15:44:09::SCWPlatform:: Platform Path D:/vivado_pj/workspace_myip_axi_fnd/axi_fnd_wrapper/hw/axi_fnd_wrapper3.xsa
TRACE::2026-06-04.15:44:09::SCWPlatform:: Unique name xilinx:::0.0
TRACE::2026-06-04.15:44:09::SCWPlatform::Do not have an existing db opened. 
TRACE::2026-06-04.15:44:09::SCWPlatform::Opened new HwDB with name axi_fnd_wrapper_5
TRACE::2026-06-04.15:44:09::SCWMssOS::Saving the mss changes D:/vivado_pj/workspace_myip_axi_fnd/axi_fnd_wrapper/microblaze_0/standalone_microblaze_0/bsp/system.mss
TRACE::2026-06-04.15:44:09::SCWMssOS::Adding the swdes entry, mss present, able to open swdb D:/vivado_pj/workspace_myip_axi_fnd/axi_fnd_wrapper/microblaze_0/standalone_microblaze_0/bsp/system.mss with des name system
TRACE::2026-06-04.15:44:09::SCWMssOS::Writing the mss file completed D:/vivado_pj/workspace_myip_axi_fnd/axi_fnd_wrapper/microblaze_0/standalone_microblaze_0/bsp/system.mss
TRACE::2026-06-04.15:44:09::SCWMssOS::Commit changes completed.
TRACE::2026-06-04.15:44:09::SCWPlatform::Trying to open the hw design at D:/vivado_pj/workspace_myip_axi_fnd/axi_fnd_wrapper/hw/axi_fnd_wrapper3.xsa
TRACE::2026-06-04.15:44:09::SCWPlatform::DSA given D:/vivado_pj/workspace_myip_axi_fnd/axi_fnd_wrapper/hw/axi_fnd_wrapper3.xsa
TRACE::2026-06-04.15:44:09::SCWPlatform::DSA absoulate path D:/vivado_pj/workspace_myip_axi_fnd/axi_fnd_wrapper/hw/axi_fnd_wrapper3.xsa
TRACE::2026-06-04.15:44:09::SCWPlatform::DSA directory D:/vivado_pj/workspace_myip_axi_fnd/axi_fnd_wrapper/hw
TRACE::2026-06-04.15:44:09::SCWPlatform:: Platform Path D:/vivado_pj/workspace_myip_axi_fnd/axi_fnd_wrapper/hw/axi_fnd_wrapper3.xsa
TRACE::2026-06-04.15:44:09::SCWPlatform:: Unique name xilinx:::0.0
TRACE::2026-06-04.15:44:09::SCWPlatform::Trying to set the existing hwdb with name axi_fnd_wrapper_5
TRACE::2026-06-04.15:44:09::SCWPlatform::Opened existing hwdb axi_fnd_wrapper_5
TRACE::2026-06-04.15:44:09::SCWPlatform::Found the Hw Db part of the input DSA
TRACE::2026-06-04.15:44:09::SCWMssOS::Checking the sw design at  D:/vivado_pj/workspace_myip_axi_fnd/axi_fnd_wrapper/microblaze_0/standalone_microblaze_0/bsp/system.mss
TRACE::2026-06-04.15:44:09::SCWMssOS::DEBUG:  swdes dump  D:/vivado_pj/workspace_myip_axi_fnd/axi_fnd_wrapper/microblaze_0/standalone_microblaze_0/bsp/system.mss|system||

TRACE::2026-06-04.15:44:09::SCWMssOS::Sw design exists and opened at  D:/vivado_pj/workspace_myip_axi_fnd/axi_fnd_wrapper/microblaze_0/standalone_microblaze_0/bsp/system.mss
TRACE::2026-06-04.15:44:09::SCWWriter::formatted JSON is {
	"platformName":	"axi_fnd_wrapper",
	"sprVersion":	"2.0",
	"mode":	"gui",
	"dsaType":	"Fixed",
	"platformDesc":	"axi_fnd_wrapper",
	"platHandOff":	"D:/vivado_pj/my_ip_fnd/axi_fnd_wrapper3.xsa",
	"platIntHandOff":	"<platformDir>/hw/axi_fnd_wrapper3.xsa",
	"deviceType":	"FPGA",
	"platIsPrebuiltAutogen":	"false",
	"platIsNoBootBsp":	"false",
	"hasFsblMakeHasChanges":	"false",
	"hasPmufwMakeHasChanges":	"false",
	"platPreBuiltFlag":	false,
	"platformSamplesDir":	"",
	"platActiveSys":	"axi_fnd_wrapper",
	"systems":	[{
			"systemName":	"axi_fnd_wrapper",
			"systemDesc":	"axi_fnd_wrapper",
			"sysIsBootAutoGen":	"true",
			"systemDispName":	"axi_fnd_wrapper",
			"sysActiveDom":	"standalone_microblaze_0",
			"sysDefaultDom":	"standalone_microblaze_0",
			"domains":	[{
					"domainName":	"standalone_microblaze_0",
					"domainDispName":	"standalone_microblaze_0",
					"domainDesc":	"standalone_microblaze_0",
					"processors":	"microblaze_0",
					"os":	"standalone",
					"sdxOs":	"standalone",
					"debugEnable":	"False",
					"domRuntimes":	["cpp"],
					"swRepo":	"",
					"mssOsVer":	"8.1",
					"mssFile":	"",
					"md5Digest":	"64834a915ec6f44250ce937ec5448dd71",
					"compatibleApp":	"",
					"domType":	"mssDomain",
					"arch":	"32-bit",
					"appSettings":	{
						"appCompilerFlags":	"",
						"appLinkerFlags":	""
					},
					"addedLibs":	[],
					"libOptions":	{
						"libsContainingOptions":	[]
					},
					"prebuiltLibs":	{
						"prebuiltIncPath":	[],
						"prebuiltLibPath":	[]
					},
					"isolation":	{
					}
				}]
		}]
}
TRACE::2026-06-04.15:44:19::SCWMssOS::cleaning the bsp 
TRACE::2026-06-04.15:44:19::SCWMssOS::System Command Ran  D: & cd  D:/vivado_pj/workspace_myip_axi_fnd/axi_fnd_wrapper/microblaze_0/standalone_microblaze_0/bsp & make clean 
TRACE::2026-06-04.15:44:19::SCWMssOS::make -C microblaze_0/libsrc/bram_v4_8/src -s clean 

TRACE::2026-06-04.15:44:19::SCWMssOS::make -C microblaze_0/libsrc/cpu_v2_17/src -s clean 

TRACE::2026-06-04.15:44:19::SCWMssOS::make -C microblaze_0/libsrc/standalone_v8_1/src -s clean 

TRACE::2026-06-04.15:44:19::SCWMssOS::make -C microblaze_0/libsrc/uartlite_v3_8/src -s clean 

TRACE::2026-06-04.15:44:19::SCWMssOS::rm -f microblaze_0/lib/libxil.a

LOG::2026-06-04.15:44:25::SCWPlatform::Started generating the artifacts platform axi_fnd_wrapper
TRACE::2026-06-04.15:44:25::SCWPlatform::Sanity checking of platform is completed
LOG::2026-06-04.15:44:25::SCWPlatform::Started generating the artifacts for system configuration axi_fnd_wrapper
LOG::2026-06-04.15:44:25::SCWSystem::Checking the domain standalone_microblaze_0
LOG::2026-06-04.15:44:25::SCWSystem::Not a boot domain 
LOG::2026-06-04.15:44:25::SCWSystem::Started Processing the domain standalone_microblaze_0
TRACE::2026-06-04.15:44:25::SCWDomain::Generating domain artifcats
TRACE::2026-06-04.15:44:25::SCWMssOS::Generating standalone artifcats
TRACE::2026-06-04.15:44:25::SCWMssOS:: Copying the user libraries. 
TRACE::2026-06-04.15:44:25::SCWPlatform::Trying to open the hw design at D:/vivado_pj/workspace_myip_axi_fnd/axi_fnd_wrapper/hw/axi_fnd_wrapper3.xsa
TRACE::2026-06-04.15:44:25::SCWPlatform::DSA given D:/vivado_pj/workspace_myip_axi_fnd/axi_fnd_wrapper/hw/axi_fnd_wrapper3.xsa
TRACE::2026-06-04.15:44:25::SCWPlatform::DSA absoulate path D:/vivado_pj/workspace_myip_axi_fnd/axi_fnd_wrapper/hw/axi_fnd_wrapper3.xsa
TRACE::2026-06-04.15:44:25::SCWPlatform::DSA directory D:/vivado_pj/workspace_myip_axi_fnd/axi_fnd_wrapper/hw
TRACE::2026-06-04.15:44:25::SCWPlatform:: Platform Path D:/vivado_pj/workspace_myip_axi_fnd/axi_fnd_wrapper/hw/axi_fnd_wrapper3.xsa
TRACE::2026-06-04.15:44:25::SCWPlatform:: Unique name xilinx:::0.0
TRACE::2026-06-04.15:44:25::SCWPlatform::Trying to set the existing hwdb with name axi_fnd_wrapper_5
TRACE::2026-06-04.15:44:25::SCWPlatform::Opened existing hwdb axi_fnd_wrapper_5
TRACE::2026-06-04.15:44:25::SCWPlatform::Found the Hw Db part of the input DSA
TRACE::2026-06-04.15:44:25::SCWMssOS::Checking the sw design at  D:/vivado_pj/workspace_myip_axi_fnd/axi_fnd_wrapper/microblaze_0/standalone_microblaze_0/bsp/system.mss
TRACE::2026-06-04.15:44:25::SCWMssOS::DEBUG:  swdes dump  D:/vivado_pj/workspace_myip_axi_fnd/axi_fnd_wrapper/microblaze_0/standalone_microblaze_0/bsp/system.mss|system||

TRACE::2026-06-04.15:44:25::SCWMssOS::Sw design exists and opened at  D:/vivado_pj/workspace_myip_axi_fnd/axi_fnd_wrapper/microblaze_0/standalone_microblaze_0/bsp/system.mss
TRACE::2026-06-04.15:44:25::SCWMssOS::Completed writing the mss file at D:/vivado_pj/workspace_myip_axi_fnd/axi_fnd_wrapper/microblaze_0/standalone_microblaze_0/bsp
TRACE::2026-06-04.15:44:25::SCWMssOS::Mss edits present, copying mssfile into export location D:/vivado_pj/workspace_myip_axi_fnd/axi_fnd_wrapper/microblaze_0/standalone_microblaze_0/bsp/system.mss
TRACE::2026-06-04.15:44:26::SCWMssOS::bsp generated is stale removing and regenerating. 
TRACE::2026-06-04.15:44:26::SCWMssOS::doing bsp build ... 
TRACE::2026-06-04.15:44:26::SCWMssOS::System Command Ran  D: & cd  D:/vivado_pj/workspace_myip_axi_fnd/axi_fnd_wrapper/microblaze_0/standalone_microblaze_0/bsp & make 
TRACE::2026-06-04.15:44:26::SCWMssOS::make --no-print-directory seq_libs

TRACE::2026-06-04.15:44:26::SCWMssOS::'Finished building libraries sequentially.'

TRACE::2026-06-04.15:44:26::SCWMssOS::make -j 18 --no-print-directory par_libs

TRACE::2026-06-04.15:44:26::SCWMssOS::"Running Make include in microblaze_0/libsrc/bram_v4_8/src"

TRACE::2026-06-04.15:44:26::SCWMssOS::make -C microblaze_0/libsrc/bram_v4_8/src -s include  "SHELL=CMD" "COMPILER=mb-gcc" "ASSEMBLER=mb-as" "ARCHIVER=mb-ar" "COMPILE
TRACE::2026-06-04.15:44:26::SCWMssOS::R_FLAGS=  -O2 -c -mcpu=v11.0 -mlittle-endian -mxl-soft-mul" "EXTRA_COMPILER_FLAGS=-g -ffunction-sections -fdata-sections -Wall 
TRACE::2026-06-04.15:44:26::SCWMssOS::-Wextra -fno-tree-loop-distribute-patterns"

TRACE::2026-06-04.15:44:26::SCWMssOS::"Running Make include in microblaze_0/libsrc/cpu_v2_17/src"

TRACE::2026-06-04.15:44:26::SCWMssOS::make -C microblaze_0/libsrc/cpu_v2_17/src -s include  "SHELL=CMD" "COMPILER=mb-gcc" "ASSEMBLER=mb-as" "ARCHIVER=mb-ar" "COMPILE
TRACE::2026-06-04.15:44:26::SCWMssOS::R_FLAGS=  -O2 -c -mcpu=v11.0 -mlittle-endian -mxl-soft-mul" "EXTRA_COMPILER_FLAGS=-g -ffunction-sections -fdata-sections -Wall 
TRACE::2026-06-04.15:44:26::SCWMssOS::-Wextra -fno-tree-loop-distribute-patterns"

TRACE::2026-06-04.15:44:26::SCWMssOS::"Running Make include in microblaze_0/libsrc/standalone_v8_1/src"

TRACE::2026-06-04.15:44:26::SCWMssOS::make -C microblaze_0/libsrc/standalone_v8_1/src -s include  "SHELL=CMD" "COMPILER=mb-gcc" "ASSEMBLER=mb-as" "ARCHIVER=mb-ar" "C
TRACE::2026-06-04.15:44:26::SCWMssOS::OMPILER_FLAGS=  -O2 -c -mcpu=v11.0 -mlittle-endian -mxl-soft-mul" "EXTRA_COMPILER_FLAGS=-g -ffunction-sections -fdata-sections 
TRACE::2026-06-04.15:44:26::SCWMssOS::-Wall -Wextra -fno-tree-loop-distribute-patterns"

TRACE::2026-06-04.15:44:26::SCWMssOS::"Running Make include in microblaze_0/libsrc/uartlite_v3_8/src"

TRACE::2026-06-04.15:44:26::SCWMssOS::make -C microblaze_0/libsrc/uartlite_v3_8/src -s include  "SHELL=CMD" "COMPILER=mb-gcc" "ASSEMBLER=mb-as" "ARCHIVER=mb-ar" "COM
TRACE::2026-06-04.15:44:26::SCWMssOS::PILER_FLAGS=  -O2 -c -mcpu=v11.0 -mlittle-endian -mxl-soft-mul" "EXTRA_COMPILER_FLAGS=-g -ffunction-sections -fdata-sections -W
TRACE::2026-06-04.15:44:26::SCWMssOS::all -Wextra -fno-tree-loop-distribute-patterns"

TRACE::2026-06-04.15:44:27::SCWMssOS::"Running Make libs in microblaze_0/libsrc/bram_v4_8/src"

TRACE::2026-06-04.15:44:27::SCWMssOS::make -C microblaze_0/libsrc/bram_v4_8/src -s libs  "SHELL=CMD" "COMPILER=mb-gcc" "ASSEMBLER=mb-as" "ARCHIVER=mb-ar" "COMPILER_F
TRACE::2026-06-04.15:44:27::SCWMssOS::LAGS=  -O2 -c -mcpu=v11.0 -mlittle-endian -mxl-soft-mul" "EXTRA_COMPILER_FLAGS=-g -ffunction-sections -fdata-sections -Wall -We
TRACE::2026-06-04.15:44:27::SCWMssOS::xtra -fno-tree-loop-distribute-patterns"

TRACE::2026-06-04.15:44:27::SCWMssOS::"Running Make libs in microblaze_0/libsrc/cpu_v2_17/src"

TRACE::2026-06-04.15:44:27::SCWMssOS::make -C microblaze_0/libsrc/cpu_v2_17/src -s libs  "SHELL=CMD" "COMPILER=mb-gcc" "ASSEMBLER=mb-as" "ARCHIVER=mb-ar" "COMPILER_F
TRACE::2026-06-04.15:44:27::SCWMssOS::LAGS=  -O2 -c -mcpu=v11.0 -mlittle-endian -mxl-soft-mul" "EXTRA_COMPILER_FLAGS=-g -ffunction-sections -fdata-sections -Wall -We
TRACE::2026-06-04.15:44:27::SCWMssOS::xtra -fno-tree-loop-distribute-patterns"

TRACE::2026-06-04.15:44:27::SCWMssOS::"Running Make libs in microblaze_0/libsrc/standalone_v8_1/src"

TRACE::2026-06-04.15:44:27::SCWMssOS::make -C microblaze_0/libsrc/standalone_v8_1/src -s libs  "SHELL=CMD" "COMPILER=mb-gcc" "ASSEMBLER=mb-as" "ARCHIVER=mb-ar" "COMP
TRACE::2026-06-04.15:44:27::SCWMssOS::ILER_FLAGS=  -O2 -c -mcpu=v11.0 -mlittle-endian -mxl-soft-mul" "EXTRA_COMPILER_FLAGS=-g -ffunction-sections -fdata-sections -Wa
TRACE::2026-06-04.15:44:27::SCWMssOS::ll -Wextra -fno-tree-loop-distribute-patterns"

TRACE::2026-06-04.15:44:27::SCWMssOS::"Running Make libs in microblaze_0/libsrc/uartlite_v3_8/src"

TRACE::2026-06-04.15:44:27::SCWMssOS::make -C microblaze_0/libsrc/uartlite_v3_8/src -s libs  "SHELL=CMD" "COMPILER=mb-gcc" "ASSEMBLER=mb-as" "ARCHIVER=mb-ar" "COMPIL
TRACE::2026-06-04.15:44:27::SCWMssOS::ER_FLAGS=  -O2 -c -mcpu=v11.0 -mlittle-endian -mxl-soft-mul" "EXTRA_COMPILER_FLAGS=-g -ffunction-sections -fdata-sections -Wall
TRACE::2026-06-04.15:44:27::SCWMssOS:: -Wextra -fno-tree-loop-distribute-patterns"

TRACE::2026-06-04.15:44:27::SCWMssOS::"DEBUG NON_LTO_OBJECTS is ../../../lib/microblaze_interrupt_handler.o"

TRACE::2026-06-04.15:44:27::SCWMssOS::'Finished building libraries parallelly.'

TRACE::2026-06-04.15:44:27::SCWMssOS::make --no-print-directory archive

TRACE::2026-06-04.15:44:27::SCWMssOS::mb-ar -r  microblaze_0/lib/libxil.a microblaze_0/lib/_exit.o microblaze_0/lib/errno.o microblaze_0/lib/fcntl.o microblaze_0/lib
TRACE::2026-06-04.15:44:27::SCWMssOS::/hw_exception_handler.o microblaze_0/lib/inbyte.o microblaze_0/lib/microblaze_disable_dcache.o microblaze_0/lib/microblaze_disa
TRACE::2026-06-04.15:44:27::SCWMssOS::ble_exceptions.o microblaze_0/lib/microblaze_disable_icache.o microblaze_0/lib/microblaze_disable_interrupts.o microblaze_0/lib
TRACE::2026-06-04.15:44:27::SCWMssOS::/microblaze_enable_dcache.o microblaze_0/lib/microblaze_enable_exceptions.o microblaze_0/lib/microblaze_enable_icache.o microbl
TRACE::2026-06-04.15:44:27::SCWMssOS::aze_0/lib/microblaze_enable_interrupts.o microblaze_0/lib/microblaze_exception_handler.o microblaze_0/lib/microblaze_flush_cach
TRACE::2026-06-04.15:44:27::SCWMssOS::e_ext.o microblaze_0/lib/microblaze_flush_cache_ext_range.o microblaze_0/lib/microblaze_flush_dcache.o microblaze_0/lib/microbl
TRACE::2026-06-04.15:44:27::SCWMssOS::aze_flush_dcache_range.o microblaze_0/lib/microblaze_init_dcache_range.o microblaze_0/lib/microblaze_init_icache_range.o microb
TRACE::2026-06-04.15:44:27::SCWMssOS::laze_0/lib/microblaze_interrupt_handler.o microblaze_0/lib/microblaze_interrupts_g.o microblaze_0/lib/microblaze_invalidate_cac
TRACE::2026-06-04.15:44:27::SCWMssOS::he_ext.o microblaze_0/lib/microblaze_invalidate_cache_ext_range.o microblaze_0/lib/microblaze_invalidate_dcache.o microblaze_0/
TRACE::2026-06-04.15:44:27::SCWMssOS::lib/microblaze_invalidate_dcache_range.o microblaze_0/lib/microblaze_invalidate_icache.o microblaze_0/lib/microblaze_invalidate
TRACE::2026-06-04.15:44:27::SCWMssOS::_icache_range.o microblaze_0/lib/microblaze_scrub.o microblaze_0/lib/microblaze_selftest.o microblaze_0/lib/microblaze_sleep.o 
TRACE::2026-06-04.15:44:27::SCWMssOS::microblaze_0/lib/microblaze_update_dcache.o microblaze_0/lib/microblaze_update_icache.o microblaze_0/lib/outbyte.o microblaze_0
TRACE::2026-06-04.15:44:27::SCWMssOS::/lib/print.o microblaze_0/lib/pvr.o microblaze_0/lib/xbram.o microblaze_0/lib/xbram_g.o microblaze_0/lib/xbram_intr.o microblaz
TRACE::2026-06-04.15:44:27::SCWMssOS::e_0/lib/xbram_selftest.o microblaze_0/lib/xbram_sinit.o microblaze_0/lib/xil_assert.o microblaze_0/lib/xil_cache.o microblaze_0
TRACE::2026-06-04.15:44:27::SCWMssOS::/lib/xil_clocking.o microblaze_0/lib/xil_exception.o microblaze_0/lib/xil_mem.o microblaze_0/lib/xil_misc_psreset_api.o microbl
TRACE::2026-06-04.15:44:27::SCWMssOS::aze_0/lib/xil_printf.o microblaze_0/lib/xil_sleepcommon.o microblaze_0/lib/xil_testcache.o microblaze_0/lib/xil_testio.o microb
TRACE::2026-06-04.15:44:27::SCWMssOS::laze_0/lib/xil_testmem.o microblaze_0/lib/xil_util.o microblaze_0/lib/xinterrupt_wrap.o microblaze_0/lib/xio.o microblaze_0/lib
TRACE::2026-06-04.15:44:27::SCWMssOS::/xplatform_info.o microblaze_0/lib/xuartlite.o microblaze_0/lib/xuartlite_g.o microblaze_0/lib/xuartlite_intr.o microblaze_0/li
TRACE::2026-06-04.15:44:27::SCWMssOS::b/xuartlite_l.o microblaze_0/lib/xuartlite_selftest.o microblaze_0/lib/xuartlite_sinit.o microblaze_0/lib/xuartlite_stats.o

TRACE::2026-06-04.15:44:28::SCWMssOS::'Finished building libraries'

TRACE::2026-06-04.15:44:28::SCWMssOS:: Checking if to create the Supporting Applications
TRACE::2026-06-04.15:44:28::SCWMssOS:: No Linux domain exists, trying to generate FSBL 
LOG::2026-06-04.15:44:28::SCWSystem::Completed Processing the domain standalone_microblaze_0
LOG::2026-06-04.15:44:28::SCWSystem::Completed Processing the sysconfig axi_fnd_wrapper
LOG::2026-06-04.15:44:28::SCWPlatform::Completed generating the artifacts for system configuration axi_fnd_wrapper
TRACE::2026-06-04.15:44:28::SCWPlatform::Started preparing the platform 
TRACE::2026-06-04.15:44:28::SCWSystem::Writing the bif file for system config axi_fnd_wrapper
TRACE::2026-06-04.15:44:28::SCWSystem::dir created 
TRACE::2026-06-04.15:44:28::SCWSystem::Writing the bif 
TRACE::2026-06-04.15:44:28::SCWPlatform::Started writing the spfm file 
TRACE::2026-06-04.15:44:28::SCWPlatform::Started writing the xpfm file 
TRACE::2026-06-04.15:44:28::SCWPlatform::Completed generating the platform
TRACE::2026-06-04.15:44:28::SCWMssOS::Saving the mss changes D:/vivado_pj/workspace_myip_axi_fnd/axi_fnd_wrapper/microblaze_0/standalone_microblaze_0/bsp/system.mss
TRACE::2026-06-04.15:44:28::SCWMssOS::Adding the swdes entry, mss present, able to open swdb D:/vivado_pj/workspace_myip_axi_fnd/axi_fnd_wrapper/microblaze_0/standalone_microblaze_0/bsp/system.mss with des name system
TRACE::2026-06-04.15:44:28::SCWMssOS::Writing the mss file completed D:/vivado_pj/workspace_myip_axi_fnd/axi_fnd_wrapper/microblaze_0/standalone_microblaze_0/bsp/system.mss
TRACE::2026-06-04.15:44:28::SCWMssOS::Commit changes completed.
TRACE::2026-06-04.15:44:28::SCWPlatform::Trying to open the hw design at D:/vivado_pj/workspace_myip_axi_fnd/axi_fnd_wrapper/hw/axi_fnd_wrapper3.xsa
TRACE::2026-06-04.15:44:28::SCWPlatform::DSA given D:/vivado_pj/workspace_myip_axi_fnd/axi_fnd_wrapper/hw/axi_fnd_wrapper3.xsa
TRACE::2026-06-04.15:44:28::SCWPlatform::DSA absoulate path D:/vivado_pj/workspace_myip_axi_fnd/axi_fnd_wrapper/hw/axi_fnd_wrapper3.xsa
TRACE::2026-06-04.15:44:28::SCWPlatform::DSA directory D:/vivado_pj/workspace_myip_axi_fnd/axi_fnd_wrapper/hw
TRACE::2026-06-04.15:44:28::SCWPlatform:: Platform Path D:/vivado_pj/workspace_myip_axi_fnd/axi_fnd_wrapper/hw/axi_fnd_wrapper3.xsa
TRACE::2026-06-04.15:44:28::SCWPlatform:: Unique name xilinx:::0.0
TRACE::2026-06-04.15:44:28::SCWPlatform::Trying to set the existing hwdb with name axi_fnd_wrapper_5
TRACE::2026-06-04.15:44:28::SCWPlatform::Opened existing hwdb axi_fnd_wrapper_5
TRACE::2026-06-04.15:44:28::SCWPlatform::Found the Hw Db part of the input DSA
TRACE::2026-06-04.15:44:28::SCWMssOS::Checking the sw design at  D:/vivado_pj/workspace_myip_axi_fnd/axi_fnd_wrapper/microblaze_0/standalone_microblaze_0/bsp/system.mss
TRACE::2026-06-04.15:44:28::SCWMssOS::DEBUG:  swdes dump  D:/vivado_pj/workspace_myip_axi_fnd/axi_fnd_wrapper/microblaze_0/standalone_microblaze_0/bsp/system.mss|system||

TRACE::2026-06-04.15:44:28::SCWMssOS::Sw design exists and opened at  D:/vivado_pj/workspace_myip_axi_fnd/axi_fnd_wrapper/microblaze_0/standalone_microblaze_0/bsp/system.mss
TRACE::2026-06-04.15:44:28::SCWWriter::formatted JSON is {
	"platformName":	"axi_fnd_wrapper",
	"sprVersion":	"2.0",
	"mode":	"gui",
	"dsaType":	"Fixed",
	"platformDesc":	"axi_fnd_wrapper",
	"platHandOff":	"D:/vivado_pj/my_ip_fnd/axi_fnd_wrapper3.xsa",
	"platIntHandOff":	"<platformDir>/hw/axi_fnd_wrapper3.xsa",
	"deviceType":	"FPGA",
	"platIsPrebuiltAutogen":	"false",
	"platIsNoBootBsp":	"false",
	"hasFsblMakeHasChanges":	"false",
	"hasPmufwMakeHasChanges":	"false",
	"platPreBuiltFlag":	false,
	"platformSamplesDir":	"",
	"platActiveSys":	"axi_fnd_wrapper",
	"systems":	[{
			"systemName":	"axi_fnd_wrapper",
			"systemDesc":	"axi_fnd_wrapper",
			"sysIsBootAutoGen":	"true",
			"systemDispName":	"axi_fnd_wrapper",
			"sysActiveDom":	"standalone_microblaze_0",
			"sysDefaultDom":	"standalone_microblaze_0",
			"domains":	[{
					"domainName":	"standalone_microblaze_0",
					"domainDispName":	"standalone_microblaze_0",
					"domainDesc":	"standalone_microblaze_0",
					"processors":	"microblaze_0",
					"os":	"standalone",
					"sdxOs":	"standalone",
					"debugEnable":	"False",
					"domRuntimes":	["cpp"],
					"swRepo":	"",
					"mssOsVer":	"8.1",
					"mssFile":	"",
					"md5Digest":	"64834a915ec6f44250ce937ec5448dd7",
					"compatibleApp":	"",
					"domType":	"mssDomain",
					"arch":	"32-bit",
					"appSettings":	{
						"appCompilerFlags":	"",
						"appLinkerFlags":	""
					},
					"addedLibs":	[],
					"libOptions":	{
						"libsContainingOptions":	[]
					},
					"prebuiltLibs":	{
						"prebuiltIncPath":	[],
						"prebuiltLibPath":	[]
					},
					"isolation":	{
					}
				}]
		}]
}
KEYINFO::2026-06-04.15:44:28::SCWPlatform::updated the xpfm file.
TRACE::2026-06-04.15:44:28::SCWPlatform::Trying to open the hw design at D:/vivado_pj/workspace_myip_axi_fnd/axi_fnd_wrapper/hw/axi_fnd_wrapper3.xsa
TRACE::2026-06-04.15:44:28::SCWPlatform::DSA given D:/vivado_pj/workspace_myip_axi_fnd/axi_fnd_wrapper/hw/axi_fnd_wrapper3.xsa
TRACE::2026-06-04.15:44:28::SCWPlatform::DSA absoulate path D:/vivado_pj/workspace_myip_axi_fnd/axi_fnd_wrapper/hw/axi_fnd_wrapper3.xsa
TRACE::2026-06-04.15:44:28::SCWPlatform::DSA directory D:/vivado_pj/workspace_myip_axi_fnd/axi_fnd_wrapper/hw
TRACE::2026-06-04.15:44:28::SCWPlatform:: Platform Path D:/vivado_pj/workspace_myip_axi_fnd/axi_fnd_wrapper/hw/axi_fnd_wrapper3.xsa
TRACE::2026-06-04.15:44:28::SCWPlatform:: Unique name xilinx:::0.0
TRACE::2026-06-04.15:44:28::SCWPlatform::Trying to set the existing hwdb with name axi_fnd_wrapper_5
TRACE::2026-06-04.15:44:28::SCWPlatform::Opened existing hwdb axi_fnd_wrapper_5
TRACE::2026-06-04.15:44:28::SCWPlatform::Found the Hw Db part of the input DSA
TRACE::2026-06-04.15:44:28::SCWMssOS::Checking the sw design at  D:/vivado_pj/workspace_myip_axi_fnd/axi_fnd_wrapper/microblaze_0/standalone_microblaze_0/bsp/system.mss
TRACE::2026-06-04.15:44:28::SCWMssOS::DEBUG:  swdes dump  D:/vivado_pj/workspace_myip_axi_fnd/axi_fnd_wrapper/microblaze_0/standalone_microblaze_0/bsp/system.mss|system||

TRACE::2026-06-04.15:44:28::SCWMssOS::Sw design exists and opened at  D:/vivado_pj/workspace_myip_axi_fnd/axi_fnd_wrapper/microblaze_0/standalone_microblaze_0/bsp/system.mss
TRACE::2026-06-04.15:58:54::SCWPlatform::Clearing the existing platform
TRACE::2026-06-04.15:58:54::SCWSystem::Clearing the existing sysconfig
TRACE::2026-06-04.15:58:54::SCWMssOS::Removing the swdes entry for  D:/vivado_pj/workspace_myip_axi_fnd/axi_fnd_wrapper/microblaze_0/standalone_microblaze_0/bsp/system.mss
TRACE::2026-06-04.15:58:54::SCWSystem::Clearing the domains completed.
TRACE::2026-06-04.15:58:54::SCWPlatform::Clearing the opened hw db.
TRACE::2026-06-04.15:58:54::SCWPlatform::DSA given D:/vivado_pj/workspace_myip_axi_fnd/axi_fnd_wrapper/hw/axi_fnd_wrapper3.xsa
TRACE::2026-06-04.15:58:54::SCWPlatform::DSA absoulate path D:/vivado_pj/workspace_myip_axi_fnd/axi_fnd_wrapper/hw/axi_fnd_wrapper3.xsa
TRACE::2026-06-04.15:58:54::SCWPlatform:: Platform location is D:/vivado_pj/workspace_myip_axi_fnd/axi_fnd_wrapper/hw
TRACE::2026-06-04.15:58:54::SCWPlatform:: Platform Path D:/vivado_pj/workspace_myip_axi_fnd/axi_fnd_wrapper/hw/axi_fnd_wrapper3.xsa
TRACE::2026-06-04.15:58:54::SCWPlatform:: Unique name xilinx:::0.0
TRACE::2026-06-04.15:58:54::SCWPlatform::Removing the HwDB with name D:/vivado_pj/workspace_myip_axi_fnd/axi_fnd_wrapper/hw/axi_fnd_wrapper3.xsa
TRACE::2026-06-04.15:58:54::SCWPlatform::Trying to open the hw design at D:/vivado_pj/workspace_myip_axi_fnd/axi_fnd_wrapper/hw/axi_fnd_wrapper3.xsa
TRACE::2026-06-04.15:58:54::SCWPlatform::DSA given D:/vivado_pj/workspace_myip_axi_fnd/axi_fnd_wrapper/hw/axi_fnd_wrapper3.xsa
TRACE::2026-06-04.15:58:54::SCWPlatform::DSA absoulate path D:/vivado_pj/workspace_myip_axi_fnd/axi_fnd_wrapper/hw/axi_fnd_wrapper3.xsa
TRACE::2026-06-04.15:58:54::SCWPlatform::DSA directory D:/vivado_pj/workspace_myip_axi_fnd/axi_fnd_wrapper/hw
TRACE::2026-06-04.15:58:54::SCWPlatform:: Platform Path D:/vivado_pj/workspace_myip_axi_fnd/axi_fnd_wrapper/hw/axi_fnd_wrapper3.xsa
TRACE::2026-06-04.15:58:54::SCWPlatform:: Unique name xilinx:::0.0
TRACE::2026-06-04.15:58:54::SCWPlatform::Do not have an existing db opened. 
TRACE::2026-06-04.15:58:54::SCWPlatform::Opened new HwDB with name axi_fnd_wrapper_7
TRACE::2026-06-04.15:58:54::SCWReader::Active system found as  axi_fnd_wrapper
TRACE::2026-06-04.15:58:54::SCWReader::Handling sysconfig axi_fnd_wrapper
TRACE::2026-06-04.15:58:54::SCWDomain::checking for install qemu data   : 
TRACE::2026-06-04.15:58:54::SCWPlatform::Trying to open the hw design at D:/vivado_pj/workspace_myip_axi_fnd/axi_fnd_wrapper/hw/axi_fnd_wrapper3.xsa
TRACE::2026-06-04.15:58:54::SCWPlatform::DSA given D:/vivado_pj/workspace_myip_axi_fnd/axi_fnd_wrapper/hw/axi_fnd_wrapper3.xsa
TRACE::2026-06-04.15:58:54::SCWPlatform::DSA absoulate path D:/vivado_pj/workspace_myip_axi_fnd/axi_fnd_wrapper/hw/axi_fnd_wrapper3.xsa
TRACE::2026-06-04.15:58:54::SCWPlatform::DSA directory D:/vivado_pj/workspace_myip_axi_fnd/axi_fnd_wrapper/hw
TRACE::2026-06-04.15:58:54::SCWPlatform:: Platform Path D:/vivado_pj/workspace_myip_axi_fnd/axi_fnd_wrapper/hw/axi_fnd_wrapper3.xsa
TRACE::2026-06-04.15:58:54::SCWPlatform:: Unique name xilinx:::0.0
TRACE::2026-06-04.15:58:54::SCWPlatform::Trying to set the existing hwdb with name axi_fnd_wrapper_7
TRACE::2026-06-04.15:58:54::SCWPlatform::Opened existing hwdb axi_fnd_wrapper_7
TRACE::2026-06-04.15:58:54::SCWPlatform::Found the Hw Db part of the input DSA
TRACE::2026-06-04.15:58:54::SCWPlatform::Trying to open the hw design at D:/vivado_pj/workspace_myip_axi_fnd/axi_fnd_wrapper/hw/axi_fnd_wrapper3.xsa
TRACE::2026-06-04.15:58:54::SCWPlatform::DSA given D:/vivado_pj/workspace_myip_axi_fnd/axi_fnd_wrapper/hw/axi_fnd_wrapper3.xsa
TRACE::2026-06-04.15:58:54::SCWPlatform::DSA absoulate path D:/vivado_pj/workspace_myip_axi_fnd/axi_fnd_wrapper/hw/axi_fnd_wrapper3.xsa
TRACE::2026-06-04.15:58:54::SCWPlatform::DSA directory D:/vivado_pj/workspace_myip_axi_fnd/axi_fnd_wrapper/hw
TRACE::2026-06-04.15:58:54::SCWPlatform:: Platform Path D:/vivado_pj/workspace_myip_axi_fnd/axi_fnd_wrapper/hw/axi_fnd_wrapper3.xsa
TRACE::2026-06-04.15:58:54::SCWPlatform:: Unique name xilinx:::0.0
TRACE::2026-06-04.15:58:54::SCWPlatform::Trying to set the existing hwdb with name axi_fnd_wrapper_7
TRACE::2026-06-04.15:58:54::SCWPlatform::Opened existing hwdb axi_fnd_wrapper_7
TRACE::2026-06-04.15:58:54::SCWPlatform::Found the Hw Db part of the input DSA
TRACE::2026-06-04.15:58:54::SCWPlatform::Trying to open the hw design at D:/vivado_pj/workspace_myip_axi_fnd/axi_fnd_wrapper/hw/axi_fnd_wrapper3.xsa
TRACE::2026-06-04.15:58:54::SCWPlatform::DSA given D:/vivado_pj/workspace_myip_axi_fnd/axi_fnd_wrapper/hw/axi_fnd_wrapper3.xsa
TRACE::2026-06-04.15:58:54::SCWPlatform::DSA absoulate path D:/vivado_pj/workspace_myip_axi_fnd/axi_fnd_wrapper/hw/axi_fnd_wrapper3.xsa
TRACE::2026-06-04.15:58:54::SCWPlatform::DSA directory D:/vivado_pj/workspace_myip_axi_fnd/axi_fnd_wrapper/hw
TRACE::2026-06-04.15:58:54::SCWPlatform:: Platform Path D:/vivado_pj/workspace_myip_axi_fnd/axi_fnd_wrapper/hw/axi_fnd_wrapper3.xsa
TRACE::2026-06-04.15:58:54::SCWPlatform:: Unique name xilinx:::0.0
TRACE::2026-06-04.15:58:54::SCWPlatform::Trying to set the existing hwdb with name axi_fnd_wrapper_7
TRACE::2026-06-04.15:58:54::SCWPlatform::Opened existing hwdb axi_fnd_wrapper_7
TRACE::2026-06-04.15:58:54::SCWPlatform::Found the Hw Db part of the input DSA
TRACE::2026-06-04.15:58:54::SCWPlatform::Trying to open the hw design at D:/vivado_pj/workspace_myip_axi_fnd/axi_fnd_wrapper/hw/axi_fnd_wrapper3.xsa
TRACE::2026-06-04.15:58:54::SCWPlatform::DSA given D:/vivado_pj/workspace_myip_axi_fnd/axi_fnd_wrapper/hw/axi_fnd_wrapper3.xsa
TRACE::2026-06-04.15:58:54::SCWPlatform::DSA absoulate path D:/vivado_pj/workspace_myip_axi_fnd/axi_fnd_wrapper/hw/axi_fnd_wrapper3.xsa
TRACE::2026-06-04.15:58:54::SCWPlatform::DSA directory D:/vivado_pj/workspace_myip_axi_fnd/axi_fnd_wrapper/hw
TRACE::2026-06-04.15:58:54::SCWPlatform:: Platform Path D:/vivado_pj/workspace_myip_axi_fnd/axi_fnd_wrapper/hw/axi_fnd_wrapper3.xsa
TRACE::2026-06-04.15:58:54::SCWPlatform:: Unique name xilinx:::0.0
TRACE::2026-06-04.15:58:54::SCWPlatform::Trying to set the existing hwdb with name axi_fnd_wrapper_7
TRACE::2026-06-04.15:58:54::SCWPlatform::Opened existing hwdb axi_fnd_wrapper_7
TRACE::2026-06-04.15:58:54::SCWPlatform::Found the Hw Db part of the input DSA
TRACE::2026-06-04.15:58:54::SCWMssOS::Checking the sw design at  D:/vivado_pj/workspace_myip_axi_fnd/axi_fnd_wrapper/microblaze_0/standalone_microblaze_0/bsp/system.mss
TRACE::2026-06-04.15:58:54::SCWMssOS::DEBUG:  swdes dump  
TRACE::2026-06-04.15:58:54::SCWMssOS::No sw design opened at  D:/vivado_pj/workspace_myip_axi_fnd/axi_fnd_wrapper/microblaze_0/standalone_microblaze_0/bsp/system.mss
TRACE::2026-06-04.15:58:54::SCWMssOS::mss exists loading the mss file  D:/vivado_pj/workspace_myip_axi_fnd/axi_fnd_wrapper/microblaze_0/standalone_microblaze_0/bsp/system.mss
TRACE::2026-06-04.15:58:54::SCWMssOS::Opened the sw design from mss  D:/vivado_pj/workspace_myip_axi_fnd/axi_fnd_wrapper/microblaze_0/standalone_microblaze_0/bsp/system.mss
TRACE::2026-06-04.15:58:54::SCWMssOS::Adding the swdes entry D:/vivado_pj/workspace_myip_axi_fnd/axi_fnd_wrapper/microblaze_0/standalone_microblaze_0/bsp/system.mss with des name system
TRACE::2026-06-04.15:58:54::SCWMssOS::updating the scw layer about changes
TRACE::2026-06-04.15:58:54::SCWMssOS::Opened the sw design.  D:/vivado_pj/workspace_myip_axi_fnd/axi_fnd_wrapper/microblaze_0/standalone_microblaze_0/bsp/system.mss
TRACE::2026-06-04.15:58:54::SCWMssOS::Saving the mss changes D:/vivado_pj/workspace_myip_axi_fnd/axi_fnd_wrapper/microblaze_0/standalone_microblaze_0/bsp/system.mss
TRACE::2026-06-04.15:58:54::SCWMssOS::Found a swdesign opened with the mssfile.
TRACE::2026-06-04.15:58:54::SCWMssOS::Completed writemss as part of save.
TRACE::2026-06-04.15:58:54::SCWMssOS::Commit changes completed.
TRACE::2026-06-04.15:58:54::SCWReader::Adding prebuilt librarypaths as   
TRACE::2026-06-04.15:58:54::SCWReader::Adding prebuilt incpaths  as   
TRACE::2026-06-04.15:58:54::SCWPlatform::Trying to open the hw design at D:/vivado_pj/workspace_myip_axi_fnd/axi_fnd_wrapper/hw/axi_fnd_wrapper3.xsa
TRACE::2026-06-04.15:58:54::SCWPlatform::DSA given D:/vivado_pj/workspace_myip_axi_fnd/axi_fnd_wrapper/hw/axi_fnd_wrapper3.xsa
TRACE::2026-06-04.15:58:54::SCWPlatform::DSA absoulate path D:/vivado_pj/workspace_myip_axi_fnd/axi_fnd_wrapper/hw/axi_fnd_wrapper3.xsa
TRACE::2026-06-04.15:58:54::SCWPlatform::DSA directory D:/vivado_pj/workspace_myip_axi_fnd/axi_fnd_wrapper/hw
TRACE::2026-06-04.15:58:54::SCWPlatform:: Platform Path D:/vivado_pj/workspace_myip_axi_fnd/axi_fnd_wrapper/hw/axi_fnd_wrapper3.xsa
TRACE::2026-06-04.15:58:54::SCWPlatform:: Unique name xilinx:::0.0
TRACE::2026-06-04.15:58:54::SCWPlatform::Trying to set the existing hwdb with name axi_fnd_wrapper_7
TRACE::2026-06-04.15:58:54::SCWPlatform::Opened existing hwdb axi_fnd_wrapper_7
TRACE::2026-06-04.15:58:54::SCWPlatform::Found the Hw Db part of the input DSA
TRACE::2026-06-04.15:58:54::SCWMssOS::Checking the sw design at  D:/vivado_pj/workspace_myip_axi_fnd/axi_fnd_wrapper/microblaze_0/standalone_microblaze_0/bsp/system.mss
TRACE::2026-06-04.15:58:54::SCWMssOS::DEBUG:  swdes dump  D:/vivado_pj/workspace_myip_axi_fnd/axi_fnd_wrapper/microblaze_0/standalone_microblaze_0/bsp/system.mss|system||

TRACE::2026-06-04.15:58:54::SCWMssOS::Sw design exists and opened at  D:/vivado_pj/workspace_myip_axi_fnd/axi_fnd_wrapper/microblaze_0/standalone_microblaze_0/bsp/system.mss
TRACE::2026-06-04.15:58:54::SCWReader::No isolation master present  
TRACE::2026-06-04.15:58:58::SCWPlatform::DSA given D:/vivado_pj/workspace_myip_axi_fnd/axi_fnd_wrapper/tempdsa/axi_fnd_wrapper5.xsa
TRACE::2026-06-04.15:58:58::SCWPlatform::DSA absoulate path D:/vivado_pj/workspace_myip_axi_fnd/axi_fnd_wrapper/tempdsa/axi_fnd_wrapper5.xsa
TRACE::2026-06-04.15:58:58::SCWPlatform:: Platform location is D:/vivado_pj/workspace_myip_axi_fnd/axi_fnd_wrapper/tempdsa
TRACE::2026-06-04.15:58:58::SCWPlatform:: Platform Path D:/vivado_pj/workspace_myip_axi_fnd/axi_fnd_wrapper/tempdsa/axi_fnd_wrapper5.xsa
TRACE::2026-06-04.15:58:58::SCWPlatform:: Unique name xilinx:::0.0
TRACE::2026-06-04.15:58:58::SCWPlatform::Found the Hw Db part of the input DSA
TRACE::2026-06-04.15:58:58::SCWMssOS::Doing hw sync for the mss in domain: standalone_microblaze_0
TRACE::2026-06-04.15:58:58::SCWPlatform::Trying to open the hw design at D:/vivado_pj/workspace_myip_axi_fnd/axi_fnd_wrapper/hw/axi_fnd_wrapper3.xsa
TRACE::2026-06-04.15:58:58::SCWPlatform::DSA given D:/vivado_pj/workspace_myip_axi_fnd/axi_fnd_wrapper/hw/axi_fnd_wrapper3.xsa
TRACE::2026-06-04.15:58:58::SCWPlatform::DSA absoulate path D:/vivado_pj/workspace_myip_axi_fnd/axi_fnd_wrapper/hw/axi_fnd_wrapper3.xsa
TRACE::2026-06-04.15:58:58::SCWPlatform::DSA directory D:/vivado_pj/workspace_myip_axi_fnd/axi_fnd_wrapper/hw
TRACE::2026-06-04.15:58:58::SCWPlatform:: Platform Path D:/vivado_pj/workspace_myip_axi_fnd/axi_fnd_wrapper/hw/axi_fnd_wrapper3.xsa
TRACE::2026-06-04.15:58:58::SCWPlatform:: Unique name xilinx:::0.0
TRACE::2026-06-04.15:58:58::SCWPlatform::Trying to set the existing hwdb with name axi_fnd_wrapper_7
TRACE::2026-06-04.15:58:58::SCWPlatform::Opened existing hwdb axi_fnd_wrapper_7
TRACE::2026-06-04.15:58:58::SCWPlatform::Found the Hw Db part of the input DSA
TRACE::2026-06-04.15:58:58::SCWPlatform::Trying to open the hw design at D:/vivado_pj/workspace_myip_axi_fnd/axi_fnd_wrapper/hw/axi_fnd_wrapper3.xsa
TRACE::2026-06-04.15:58:58::SCWPlatform::DSA given D:/vivado_pj/workspace_myip_axi_fnd/axi_fnd_wrapper/hw/axi_fnd_wrapper3.xsa
TRACE::2026-06-04.15:58:58::SCWPlatform::DSA absoulate path D:/vivado_pj/workspace_myip_axi_fnd/axi_fnd_wrapper/hw/axi_fnd_wrapper3.xsa
TRACE::2026-06-04.15:58:58::SCWPlatform::DSA directory D:/vivado_pj/workspace_myip_axi_fnd/axi_fnd_wrapper/hw
TRACE::2026-06-04.15:58:58::SCWPlatform:: Platform Path D:/vivado_pj/workspace_myip_axi_fnd/axi_fnd_wrapper/hw/axi_fnd_wrapper3.xsa
TRACE::2026-06-04.15:58:58::SCWPlatform:: Unique name xilinx:::0.0
TRACE::2026-06-04.15:58:58::SCWPlatform::Trying to set the existing hwdb with name axi_fnd_wrapper_7
TRACE::2026-06-04.15:58:58::SCWPlatform::Opened existing hwdb axi_fnd_wrapper_7
TRACE::2026-06-04.15:58:58::SCWPlatform::Found the Hw Db part of the input DSA
TRACE::2026-06-04.15:58:58::SCWMssOS::Checking the sw design at  D:/vivado_pj/workspace_myip_axi_fnd/axi_fnd_wrapper/microblaze_0/standalone_microblaze_0/bsp/system.mss
TRACE::2026-06-04.15:58:58::SCWMssOS::DEBUG:  swdes dump  D:/vivado_pj/workspace_myip_axi_fnd/axi_fnd_wrapper/microblaze_0/standalone_microblaze_0/bsp/system.mss|system||

TRACE::2026-06-04.15:58:58::SCWMssOS::Sw design exists and opened at  D:/vivado_pj/workspace_myip_axi_fnd/axi_fnd_wrapper/microblaze_0/standalone_microblaze_0/bsp/system.mss
TRACE::2026-06-04.15:58:58::SCWPlatform::Trying to open the hw design at D:/vivado_pj/workspace_myip_axi_fnd/axi_fnd_wrapper/tempdsa/axi_fnd_wrapper5.xsa
TRACE::2026-06-04.15:58:58::SCWPlatform::DSA given D:/vivado_pj/workspace_myip_axi_fnd/axi_fnd_wrapper/tempdsa/axi_fnd_wrapper5.xsa
TRACE::2026-06-04.15:58:58::SCWPlatform::DSA absoulate path D:/vivado_pj/workspace_myip_axi_fnd/axi_fnd_wrapper/tempdsa/axi_fnd_wrapper5.xsa
TRACE::2026-06-04.15:58:58::SCWPlatform::DSA directory D:/vivado_pj/workspace_myip_axi_fnd/axi_fnd_wrapper/tempdsa
TRACE::2026-06-04.15:58:58::SCWPlatform:: Platform Path D:/vivado_pj/workspace_myip_axi_fnd/axi_fnd_wrapper/tempdsa/axi_fnd_wrapper5.xsa
TRACE::2026-06-04.15:58:58::SCWPlatform:: Unique name xilinx:::0.0
TRACE::2026-06-04.15:58:58::SCWPlatform::update - Opened existing hwdb axi_fnd_wrapper_8
TRACE::2026-06-04.15:58:58::SCWPlatform::Found the Hw Db part of the input DSA
TRACE::2026-06-04.15:58:58::SCWMssOS::Saving the mss changes D:/vivado_pj/workspace_myip_axi_fnd/axi_fnd_wrapper/microblaze_0/standalone_microblaze_0/bsp/system.mss
TRACE::2026-06-04.15:58:58::SCWMssOS::Found a swdesign opened with the mssfile.
TRACE::2026-06-04.15:58:58::SCWMssOS::Completed writemss as part of save.
TRACE::2026-06-04.15:58:58::SCWMssOS::Commit changes completed.
TRACE::2026-06-04.15:58:58::SCWMssOS::Completed hw sync for the mss in domain: standalone_microblaze_0
TRACE::2026-06-04.15:58:58::SCWMssOS::Removing the swdes entry for  D:/vivado_pj/workspace_myip_axi_fnd/axi_fnd_wrapper/microblaze_0/standalone_microblaze_0/bsp/system.mss
TRACE::2026-06-04.15:58:58::SCWPlatform::Trying to open the hw design at D:/vivado_pj/workspace_myip_axi_fnd/axi_fnd_wrapper/hw/axi_fnd_wrapper5.xsa
TRACE::2026-06-04.15:58:58::SCWPlatform::DSA given D:/vivado_pj/workspace_myip_axi_fnd/axi_fnd_wrapper/hw/axi_fnd_wrapper5.xsa
TRACE::2026-06-04.15:58:58::SCWPlatform::DSA absoulate path D:/vivado_pj/workspace_myip_axi_fnd/axi_fnd_wrapper/hw/axi_fnd_wrapper5.xsa
TRACE::2026-06-04.15:58:58::SCWPlatform::DSA directory D:/vivado_pj/workspace_myip_axi_fnd/axi_fnd_wrapper/hw
TRACE::2026-06-04.15:58:58::SCWPlatform:: Platform Path D:/vivado_pj/workspace_myip_axi_fnd/axi_fnd_wrapper/hw/axi_fnd_wrapper5.xsa
TRACE::2026-06-04.15:58:58::SCWPlatform:: Unique name xilinx:::0.0
TRACE::2026-06-04.15:58:58::SCWPlatform::Do not have an existing db opened. 
TRACE::2026-06-04.15:58:58::SCWPlatform::Opened new HwDB with name axi_fnd_wrapper_9
TRACE::2026-06-04.15:58:58::SCWMssOS::Saving the mss changes D:/vivado_pj/workspace_myip_axi_fnd/axi_fnd_wrapper/microblaze_0/standalone_microblaze_0/bsp/system.mss
TRACE::2026-06-04.15:58:58::SCWMssOS::Adding the swdes entry, mss present, able to open swdb D:/vivado_pj/workspace_myip_axi_fnd/axi_fnd_wrapper/microblaze_0/standalone_microblaze_0/bsp/system.mss with des name system
TRACE::2026-06-04.15:58:58::SCWMssOS::Writing the mss file completed D:/vivado_pj/workspace_myip_axi_fnd/axi_fnd_wrapper/microblaze_0/standalone_microblaze_0/bsp/system.mss
TRACE::2026-06-04.15:58:58::SCWMssOS::Commit changes completed.
TRACE::2026-06-04.15:58:58::SCWPlatform::Trying to open the hw design at D:/vivado_pj/workspace_myip_axi_fnd/axi_fnd_wrapper/hw/axi_fnd_wrapper5.xsa
TRACE::2026-06-04.15:58:58::SCWPlatform::DSA given D:/vivado_pj/workspace_myip_axi_fnd/axi_fnd_wrapper/hw/axi_fnd_wrapper5.xsa
TRACE::2026-06-04.15:58:58::SCWPlatform::DSA absoulate path D:/vivado_pj/workspace_myip_axi_fnd/axi_fnd_wrapper/hw/axi_fnd_wrapper5.xsa
TRACE::2026-06-04.15:58:58::SCWPlatform::DSA directory D:/vivado_pj/workspace_myip_axi_fnd/axi_fnd_wrapper/hw
TRACE::2026-06-04.15:58:58::SCWPlatform:: Platform Path D:/vivado_pj/workspace_myip_axi_fnd/axi_fnd_wrapper/hw/axi_fnd_wrapper5.xsa
TRACE::2026-06-04.15:58:58::SCWPlatform:: Unique name xilinx:::0.0
TRACE::2026-06-04.15:58:58::SCWPlatform::Trying to set the existing hwdb with name axi_fnd_wrapper_9
TRACE::2026-06-04.15:58:58::SCWPlatform::Opened existing hwdb axi_fnd_wrapper_9
TRACE::2026-06-04.15:58:58::SCWPlatform::Found the Hw Db part of the input DSA
TRACE::2026-06-04.15:58:58::SCWMssOS::Checking the sw design at  D:/vivado_pj/workspace_myip_axi_fnd/axi_fnd_wrapper/microblaze_0/standalone_microblaze_0/bsp/system.mss
TRACE::2026-06-04.15:58:58::SCWMssOS::DEBUG:  swdes dump  D:/vivado_pj/workspace_myip_axi_fnd/axi_fnd_wrapper/microblaze_0/standalone_microblaze_0/bsp/system.mss|system||

TRACE::2026-06-04.15:58:58::SCWMssOS::Sw design exists and opened at  D:/vivado_pj/workspace_myip_axi_fnd/axi_fnd_wrapper/microblaze_0/standalone_microblaze_0/bsp/system.mss
TRACE::2026-06-04.15:58:58::SCWWriter::formatted JSON is {
	"platformName":	"axi_fnd_wrapper",
	"sprVersion":	"2.0",
	"mode":	"gui",
	"dsaType":	"Fixed",
	"platformDesc":	"axi_fnd_wrapper",
	"platHandOff":	"D:/vivado_pj/my_ip_fnd/axi_fnd_wrapper5.xsa",
	"platIntHandOff":	"<platformDir>/hw/axi_fnd_wrapper5.xsa",
	"deviceType":	"FPGA",
	"platIsPrebuiltAutogen":	"false",
	"platIsNoBootBsp":	"false",
	"hasFsblMakeHasChanges":	"false",
	"hasPmufwMakeHasChanges":	"false",
	"platPreBuiltFlag":	false,
	"platformSamplesDir":	"",
	"platActiveSys":	"axi_fnd_wrapper",
	"systems":	[{
			"systemName":	"axi_fnd_wrapper",
			"systemDesc":	"axi_fnd_wrapper",
			"sysIsBootAutoGen":	"true",
			"systemDispName":	"axi_fnd_wrapper",
			"sysActiveDom":	"standalone_microblaze_0",
			"sysDefaultDom":	"standalone_microblaze_0",
			"domains":	[{
					"domainName":	"standalone_microblaze_0",
					"domainDispName":	"standalone_microblaze_0",
					"domainDesc":	"standalone_microblaze_0",
					"processors":	"microblaze_0",
					"os":	"standalone",
					"sdxOs":	"standalone",
					"debugEnable":	"False",
					"domRuntimes":	["cpp"],
					"swRepo":	"",
					"mssOsVer":	"8.1",
					"mssFile":	"",
					"md5Digest":	"64834a915ec6f44250ce937ec5448dd71",
					"compatibleApp":	"",
					"domType":	"mssDomain",
					"arch":	"32-bit",
					"appSettings":	{
						"appCompilerFlags":	"",
						"appLinkerFlags":	""
					},
					"addedLibs":	[],
					"libOptions":	{
						"libsContainingOptions":	[]
					},
					"prebuiltLibs":	{
						"prebuiltIncPath":	[],
						"prebuiltLibPath":	[]
					},
					"isolation":	{
					}
				}]
		}]
}
TRACE::2026-06-04.15:59:10::SCWMssOS::cleaning the bsp 
TRACE::2026-06-04.15:59:10::SCWMssOS::System Command Ran  D: & cd  D:/vivado_pj/workspace_myip_axi_fnd/axi_fnd_wrapper/microblaze_0/standalone_microblaze_0/bsp & make clean 
TRACE::2026-06-04.15:59:10::SCWMssOS::make -C microblaze_0/libsrc/bram_v4_8/src -s clean 

TRACE::2026-06-04.15:59:10::SCWMssOS::make -C microblaze_0/libsrc/cpu_v2_17/src -s clean 

TRACE::2026-06-04.15:59:10::SCWMssOS::make -C microblaze_0/libsrc/standalone_v8_1/src -s clean 

TRACE::2026-06-04.15:59:10::SCWMssOS::make -C microblaze_0/libsrc/uartlite_v3_8/src -s clean 

TRACE::2026-06-04.15:59:10::SCWMssOS::rm -f microblaze_0/lib/libxil.a

TRACE::2026-06-04.15:59:12::SCWMssOS::cleaning the bsp 
TRACE::2026-06-04.15:59:12::SCWMssOS::System Command Ran  D: & cd  D:/vivado_pj/workspace_myip_axi_fnd/axi_fnd_wrapper/microblaze_0/standalone_microblaze_0/bsp & make clean 
TRACE::2026-06-04.15:59:12::SCWMssOS::make -C microblaze_0/libsrc/bram_v4_8/src -s clean 

TRACE::2026-06-04.15:59:12::SCWMssOS::make -C microblaze_0/libsrc/cpu_v2_17/src -s clean 

TRACE::2026-06-04.15:59:12::SCWMssOS::make -C microblaze_0/libsrc/standalone_v8_1/src -s clean 

TRACE::2026-06-04.15:59:12::SCWMssOS::make -C microblaze_0/libsrc/uartlite_v3_8/src -s clean 

TRACE::2026-06-04.15:59:12::SCWMssOS::rm -f microblaze_0/lib/libxil.a

LOG::2026-06-04.15:59:18::SCWPlatform::Started generating the artifacts platform axi_fnd_wrapper
TRACE::2026-06-04.15:59:18::SCWPlatform::Sanity checking of platform is completed
LOG::2026-06-04.15:59:18::SCWPlatform::Started generating the artifacts for system configuration axi_fnd_wrapper
LOG::2026-06-04.15:59:18::SCWSystem::Checking the domain standalone_microblaze_0
LOG::2026-06-04.15:59:18::SCWSystem::Not a boot domain 
LOG::2026-06-04.15:59:18::SCWSystem::Started Processing the domain standalone_microblaze_0
TRACE::2026-06-04.15:59:18::SCWDomain::Generating domain artifcats
TRACE::2026-06-04.15:59:18::SCWMssOS::Generating standalone artifcats
TRACE::2026-06-04.15:59:18::SCWMssOS:: Copying the user libraries. 
TRACE::2026-06-04.15:59:18::SCWPlatform::Trying to open the hw design at D:/vivado_pj/workspace_myip_axi_fnd/axi_fnd_wrapper/hw/axi_fnd_wrapper5.xsa
TRACE::2026-06-04.15:59:18::SCWPlatform::DSA given D:/vivado_pj/workspace_myip_axi_fnd/axi_fnd_wrapper/hw/axi_fnd_wrapper5.xsa
TRACE::2026-06-04.15:59:18::SCWPlatform::DSA absoulate path D:/vivado_pj/workspace_myip_axi_fnd/axi_fnd_wrapper/hw/axi_fnd_wrapper5.xsa
TRACE::2026-06-04.15:59:18::SCWPlatform::DSA directory D:/vivado_pj/workspace_myip_axi_fnd/axi_fnd_wrapper/hw
TRACE::2026-06-04.15:59:18::SCWPlatform:: Platform Path D:/vivado_pj/workspace_myip_axi_fnd/axi_fnd_wrapper/hw/axi_fnd_wrapper5.xsa
TRACE::2026-06-04.15:59:18::SCWPlatform:: Unique name xilinx:::0.0
TRACE::2026-06-04.15:59:18::SCWPlatform::Trying to set the existing hwdb with name axi_fnd_wrapper_9
TRACE::2026-06-04.15:59:18::SCWPlatform::Opened existing hwdb axi_fnd_wrapper_9
TRACE::2026-06-04.15:59:18::SCWPlatform::Found the Hw Db part of the input DSA
TRACE::2026-06-04.15:59:18::SCWMssOS::Checking the sw design at  D:/vivado_pj/workspace_myip_axi_fnd/axi_fnd_wrapper/microblaze_0/standalone_microblaze_0/bsp/system.mss
TRACE::2026-06-04.15:59:18::SCWMssOS::DEBUG:  swdes dump  D:/vivado_pj/workspace_myip_axi_fnd/axi_fnd_wrapper/microblaze_0/standalone_microblaze_0/bsp/system.mss|system||

TRACE::2026-06-04.15:59:18::SCWMssOS::Sw design exists and opened at  D:/vivado_pj/workspace_myip_axi_fnd/axi_fnd_wrapper/microblaze_0/standalone_microblaze_0/bsp/system.mss
TRACE::2026-06-04.15:59:18::SCWMssOS::Completed writing the mss file at D:/vivado_pj/workspace_myip_axi_fnd/axi_fnd_wrapper/microblaze_0/standalone_microblaze_0/bsp
TRACE::2026-06-04.15:59:18::SCWMssOS::Mss edits present, copying mssfile into export location D:/vivado_pj/workspace_myip_axi_fnd/axi_fnd_wrapper/microblaze_0/standalone_microblaze_0/bsp/system.mss
TRACE::2026-06-04.15:59:18::SCWMssOS::bsp generated is stale removing and regenerating. 
TRACE::2026-06-04.15:59:19::SCWMssOS::doing bsp build ... 
TRACE::2026-06-04.15:59:19::SCWMssOS::System Command Ran  D: & cd  D:/vivado_pj/workspace_myip_axi_fnd/axi_fnd_wrapper/microblaze_0/standalone_microblaze_0/bsp & make 
TRACE::2026-06-04.15:59:19::SCWMssOS::make --no-print-directory seq_libs

TRACE::2026-06-04.15:59:19::SCWMssOS::'Finished building libraries sequentially.'

TRACE::2026-06-04.15:59:19::SCWMssOS::make -j 18 --no-print-directory par_libs

TRACE::2026-06-04.15:59:19::SCWMssOS::"Running Make include in microblaze_0/libsrc/bram_v4_8/src"

TRACE::2026-06-04.15:59:19::SCWMssOS::make -C microblaze_0/libsrc/bram_v4_8/src -s include  "SHELL=CMD" "COMPILER=mb-gcc" "ASSEMBLER=mb-as" "ARCHIVER=mb-ar" "COMPILE
TRACE::2026-06-04.15:59:19::SCWMssOS::R_FLAGS=  -O2 -c -mcpu=v11.0 -mlittle-endian -mxl-soft-mul" "EXTRA_COMPILER_FLAGS=-g -ffunction-sections -fdata-sections -Wall 
TRACE::2026-06-04.15:59:19::SCWMssOS::-Wextra -fno-tree-loop-distribute-patterns"

TRACE::2026-06-04.15:59:19::SCWMssOS::"Running Make include in microblaze_0/libsrc/cpu_v2_17/src"

TRACE::2026-06-04.15:59:19::SCWMssOS::make -C microblaze_0/libsrc/cpu_v2_17/src -s include  "SHELL=CMD" "COMPILER=mb-gcc" "ASSEMBLER=mb-as" "ARCHIVER=mb-ar" "COMPILE
TRACE::2026-06-04.15:59:19::SCWMssOS::R_FLAGS=  -O2 -c -mcpu=v11.0 -mlittle-endian -mxl-soft-mul" "EXTRA_COMPILER_FLAGS=-g -ffunction-sections -fdata-sections -Wall 
TRACE::2026-06-04.15:59:19::SCWMssOS::-Wextra -fno-tree-loop-distribute-patterns"

TRACE::2026-06-04.15:59:19::SCWMssOS::"Running Make include in microblaze_0/libsrc/standalone_v8_1/src"

TRACE::2026-06-04.15:59:19::SCWMssOS::make -C microblaze_0/libsrc/standalone_v8_1/src -s include  "SHELL=CMD" "COMPILER=mb-gcc" "ASSEMBLER=mb-as" "ARCHIVER=mb-ar" "C
TRACE::2026-06-04.15:59:19::SCWMssOS::OMPILER_FLAGS=  -O2 -c -mcpu=v11.0 -mlittle-endian -mxl-soft-mul" "EXTRA_COMPILER_FLAGS=-g -ffunction-sections -fdata-sections 
TRACE::2026-06-04.15:59:19::SCWMssOS::-Wall -Wextra -fno-tree-loop-distribute-patterns"

TRACE::2026-06-04.15:59:19::SCWMssOS::"Running Make include in microblaze_0/libsrc/uartlite_v3_8/src"

TRACE::2026-06-04.15:59:19::SCWMssOS::make -C microblaze_0/libsrc/uartlite_v3_8/src -s include  "SHELL=CMD" "COMPILER=mb-gcc" "ASSEMBLER=mb-as" "ARCHIVER=mb-ar" "COM
TRACE::2026-06-04.15:59:19::SCWMssOS::PILER_FLAGS=  -O2 -c -mcpu=v11.0 -mlittle-endian -mxl-soft-mul" "EXTRA_COMPILER_FLAGS=-g -ffunction-sections -fdata-sections -W
TRACE::2026-06-04.15:59:19::SCWMssOS::all -Wextra -fno-tree-loop-distribute-patterns"

TRACE::2026-06-04.15:59:19::SCWMssOS::"Running Make libs in microblaze_0/libsrc/bram_v4_8/src"

TRACE::2026-06-04.15:59:19::SCWMssOS::make -C microblaze_0/libsrc/bram_v4_8/src -s libs  "SHELL=CMD" "COMPILER=mb-gcc" "ASSEMBLER=mb-as" "ARCHIVER=mb-ar" "COMPILER_F
TRACE::2026-06-04.15:59:19::SCWMssOS::LAGS=  -O2 -c -mcpu=v11.0 -mlittle-endian -mxl-soft-mul" "EXTRA_COMPILER_FLAGS=-g -ffunction-sections -fdata-sections -Wall -We
TRACE::2026-06-04.15:59:19::SCWMssOS::xtra -fno-tree-loop-distribute-patterns"

TRACE::2026-06-04.15:59:19::SCWMssOS::"Running Make libs in microblaze_0/libsrc/cpu_v2_17/src"

TRACE::2026-06-04.15:59:19::SCWMssOS::make -C microblaze_0/libsrc/cpu_v2_17/src -s libs  "SHELL=CMD" "COMPILER=mb-gcc" "ASSEMBLER=mb-as" "ARCHIVER=mb-ar" "COMPILER_F
TRACE::2026-06-04.15:59:19::SCWMssOS::LAGS=  -O2 -c -mcpu=v11.0 -mlittle-endian -mxl-soft-mul" "EXTRA_COMPILER_FLAGS=-g -ffunction-sections -fdata-sections -Wall -We
TRACE::2026-06-04.15:59:19::SCWMssOS::xtra -fno-tree-loop-distribute-patterns"

TRACE::2026-06-04.15:59:19::SCWMssOS::"Running Make libs in microblaze_0/libsrc/standalone_v8_1/src"

TRACE::2026-06-04.15:59:19::SCWMssOS::make -C microblaze_0/libsrc/standalone_v8_1/src -s libs  "SHELL=CMD" "COMPILER=mb-gcc" "ASSEMBLER=mb-as" "ARCHIVER=mb-ar" "COMP
TRACE::2026-06-04.15:59:19::SCWMssOS::ILER_FLAGS=  -O2 -c -mcpu=v11.0 -mlittle-endian -mxl-soft-mul" "EXTRA_COMPILER_FLAGS=-g -ffunction-sections -fdata-sections -Wa
TRACE::2026-06-04.15:59:19::SCWMssOS::ll -Wextra -fno-tree-loop-distribute-patterns"

TRACE::2026-06-04.15:59:19::SCWMssOS::"Running Make libs in microblaze_0/libsrc/uartlite_v3_8/src"

TRACE::2026-06-04.15:59:19::SCWMssOS::make -C microblaze_0/libsrc/uartlite_v3_8/src -s libs  "SHELL=CMD" "COMPILER=mb-gcc" "ASSEMBLER=mb-as" "ARCHIVER=mb-ar" "COMPIL
TRACE::2026-06-04.15:59:19::SCWMssOS::ER_FLAGS=  -O2 -c -mcpu=v11.0 -mlittle-endian -mxl-soft-mul" "EXTRA_COMPILER_FLAGS=-g -ffunction-sections -fdata-sections -Wall
TRACE::2026-06-04.15:59:19::SCWMssOS:: -Wextra -fno-tree-loop-distribute-patterns"

TRACE::2026-06-04.15:59:20::SCWMssOS::"DEBUG NON_LTO_OBJECTS is ../../../lib/microblaze_interrupt_handler.o"

TRACE::2026-06-04.15:59:20::SCWMssOS::'Finished building libraries parallelly.'

TRACE::2026-06-04.15:59:20::SCWMssOS::make --no-print-directory archive

TRACE::2026-06-04.15:59:20::SCWMssOS::mb-ar -r  microblaze_0/lib/libxil.a microblaze_0/lib/_exit.o microblaze_0/lib/errno.o microblaze_0/lib/fcntl.o microblaze_0/lib
TRACE::2026-06-04.15:59:20::SCWMssOS::/hw_exception_handler.o microblaze_0/lib/inbyte.o microblaze_0/lib/microblaze_disable_dcache.o microblaze_0/lib/microblaze_disa
TRACE::2026-06-04.15:59:20::SCWMssOS::ble_exceptions.o microblaze_0/lib/microblaze_disable_icache.o microblaze_0/lib/microblaze_disable_interrupts.o microblaze_0/lib
TRACE::2026-06-04.15:59:20::SCWMssOS::/microblaze_enable_dcache.o microblaze_0/lib/microblaze_enable_exceptions.o microblaze_0/lib/microblaze_enable_icache.o microbl
TRACE::2026-06-04.15:59:20::SCWMssOS::aze_0/lib/microblaze_enable_interrupts.o microblaze_0/lib/microblaze_exception_handler.o microblaze_0/lib/microblaze_flush_cach
TRACE::2026-06-04.15:59:20::SCWMssOS::e_ext.o microblaze_0/lib/microblaze_flush_cache_ext_range.o microblaze_0/lib/microblaze_flush_dcache.o microblaze_0/lib/microbl
TRACE::2026-06-04.15:59:20::SCWMssOS::aze_flush_dcache_range.o microblaze_0/lib/microblaze_init_dcache_range.o microblaze_0/lib/microblaze_init_icache_range.o microb
TRACE::2026-06-04.15:59:20::SCWMssOS::laze_0/lib/microblaze_interrupt_handler.o microblaze_0/lib/microblaze_interrupts_g.o microblaze_0/lib/microblaze_invalidate_cac
TRACE::2026-06-04.15:59:20::SCWMssOS::he_ext.o microblaze_0/lib/microblaze_invalidate_cache_ext_range.o microblaze_0/lib/microblaze_invalidate_dcache.o microblaze_0/
TRACE::2026-06-04.15:59:20::SCWMssOS::lib/microblaze_invalidate_dcache_range.o microblaze_0/lib/microblaze_invalidate_icache.o microblaze_0/lib/microblaze_invalidate
TRACE::2026-06-04.15:59:20::SCWMssOS::_icache_range.o microblaze_0/lib/microblaze_scrub.o microblaze_0/lib/microblaze_selftest.o microblaze_0/lib/microblaze_sleep.o 
TRACE::2026-06-04.15:59:20::SCWMssOS::microblaze_0/lib/microblaze_update_dcache.o microblaze_0/lib/microblaze_update_icache.o microblaze_0/lib/outbyte.o microblaze_0
TRACE::2026-06-04.15:59:20::SCWMssOS::/lib/print.o microblaze_0/lib/pvr.o microblaze_0/lib/xbram.o microblaze_0/lib/xbram_g.o microblaze_0/lib/xbram_intr.o microblaz
TRACE::2026-06-04.15:59:20::SCWMssOS::e_0/lib/xbram_selftest.o microblaze_0/lib/xbram_sinit.o microblaze_0/lib/xil_assert.o microblaze_0/lib/xil_cache.o microblaze_0
TRACE::2026-06-04.15:59:20::SCWMssOS::/lib/xil_clocking.o microblaze_0/lib/xil_exception.o microblaze_0/lib/xil_mem.o microblaze_0/lib/xil_misc_psreset_api.o microbl
TRACE::2026-06-04.15:59:20::SCWMssOS::aze_0/lib/xil_printf.o microblaze_0/lib/xil_sleepcommon.o microblaze_0/lib/xil_testcache.o microblaze_0/lib/xil_testio.o microb
TRACE::2026-06-04.15:59:20::SCWMssOS::laze_0/lib/xil_testmem.o microblaze_0/lib/xil_util.o microblaze_0/lib/xinterrupt_wrap.o microblaze_0/lib/xio.o microblaze_0/lib
TRACE::2026-06-04.15:59:20::SCWMssOS::/xplatform_info.o microblaze_0/lib/xuartlite.o microblaze_0/lib/xuartlite_g.o microblaze_0/lib/xuartlite_intr.o microblaze_0/li
TRACE::2026-06-04.15:59:20::SCWMssOS::b/xuartlite_l.o microblaze_0/lib/xuartlite_selftest.o microblaze_0/lib/xuartlite_sinit.o microblaze_0/lib/xuartlite_stats.o

TRACE::2026-06-04.15:59:20::SCWMssOS::'Finished building libraries'

TRACE::2026-06-04.15:59:20::SCWMssOS:: Checking if to create the Supporting Applications
TRACE::2026-06-04.15:59:20::SCWMssOS:: No Linux domain exists, trying to generate FSBL 
LOG::2026-06-04.15:59:20::SCWSystem::Completed Processing the domain standalone_microblaze_0
LOG::2026-06-04.15:59:20::SCWSystem::Completed Processing the sysconfig axi_fnd_wrapper
LOG::2026-06-04.15:59:20::SCWPlatform::Completed generating the artifacts for system configuration axi_fnd_wrapper
TRACE::2026-06-04.15:59:20::SCWPlatform::Started preparing the platform 
TRACE::2026-06-04.15:59:20::SCWSystem::Writing the bif file for system config axi_fnd_wrapper
TRACE::2026-06-04.15:59:20::SCWSystem::dir created 
TRACE::2026-06-04.15:59:20::SCWSystem::Writing the bif 
TRACE::2026-06-04.15:59:20::SCWPlatform::Started writing the spfm file 
TRACE::2026-06-04.15:59:20::SCWPlatform::Started writing the xpfm file 
TRACE::2026-06-04.15:59:20::SCWPlatform::Completed generating the platform
TRACE::2026-06-04.15:59:20::SCWMssOS::Saving the mss changes D:/vivado_pj/workspace_myip_axi_fnd/axi_fnd_wrapper/microblaze_0/standalone_microblaze_0/bsp/system.mss
TRACE::2026-06-04.15:59:20::SCWMssOS::Adding the swdes entry, mss present, able to open swdb D:/vivado_pj/workspace_myip_axi_fnd/axi_fnd_wrapper/microblaze_0/standalone_microblaze_0/bsp/system.mss with des name system
TRACE::2026-06-04.15:59:20::SCWMssOS::Writing the mss file completed D:/vivado_pj/workspace_myip_axi_fnd/axi_fnd_wrapper/microblaze_0/standalone_microblaze_0/bsp/system.mss
TRACE::2026-06-04.15:59:20::SCWMssOS::Commit changes completed.
TRACE::2026-06-04.15:59:20::SCWPlatform::Trying to open the hw design at D:/vivado_pj/workspace_myip_axi_fnd/axi_fnd_wrapper/hw/axi_fnd_wrapper5.xsa
TRACE::2026-06-04.15:59:20::SCWPlatform::DSA given D:/vivado_pj/workspace_myip_axi_fnd/axi_fnd_wrapper/hw/axi_fnd_wrapper5.xsa
TRACE::2026-06-04.15:59:20::SCWPlatform::DSA absoulate path D:/vivado_pj/workspace_myip_axi_fnd/axi_fnd_wrapper/hw/axi_fnd_wrapper5.xsa
TRACE::2026-06-04.15:59:20::SCWPlatform::DSA directory D:/vivado_pj/workspace_myip_axi_fnd/axi_fnd_wrapper/hw
TRACE::2026-06-04.15:59:20::SCWPlatform:: Platform Path D:/vivado_pj/workspace_myip_axi_fnd/axi_fnd_wrapper/hw/axi_fnd_wrapper5.xsa
TRACE::2026-06-04.15:59:20::SCWPlatform:: Unique name xilinx:::0.0
TRACE::2026-06-04.15:59:20::SCWPlatform::Trying to set the existing hwdb with name axi_fnd_wrapper_9
TRACE::2026-06-04.15:59:20::SCWPlatform::Opened existing hwdb axi_fnd_wrapper_9
TRACE::2026-06-04.15:59:20::SCWPlatform::Found the Hw Db part of the input DSA
TRACE::2026-06-04.15:59:20::SCWMssOS::Checking the sw design at  D:/vivado_pj/workspace_myip_axi_fnd/axi_fnd_wrapper/microblaze_0/standalone_microblaze_0/bsp/system.mss
TRACE::2026-06-04.15:59:20::SCWMssOS::DEBUG:  swdes dump  D:/vivado_pj/workspace_myip_axi_fnd/axi_fnd_wrapper/microblaze_0/standalone_microblaze_0/bsp/system.mss|system||

TRACE::2026-06-04.15:59:20::SCWMssOS::Sw design exists and opened at  D:/vivado_pj/workspace_myip_axi_fnd/axi_fnd_wrapper/microblaze_0/standalone_microblaze_0/bsp/system.mss
TRACE::2026-06-04.15:59:20::SCWWriter::formatted JSON is {
	"platformName":	"axi_fnd_wrapper",
	"sprVersion":	"2.0",
	"mode":	"gui",
	"dsaType":	"Fixed",
	"platformDesc":	"axi_fnd_wrapper",
	"platHandOff":	"D:/vivado_pj/my_ip_fnd/axi_fnd_wrapper5.xsa",
	"platIntHandOff":	"<platformDir>/hw/axi_fnd_wrapper5.xsa",
	"deviceType":	"FPGA",
	"platIsPrebuiltAutogen":	"false",
	"platIsNoBootBsp":	"false",
	"hasFsblMakeHasChanges":	"false",
	"hasPmufwMakeHasChanges":	"false",
	"platPreBuiltFlag":	false,
	"platformSamplesDir":	"",
	"platActiveSys":	"axi_fnd_wrapper",
	"systems":	[{
			"systemName":	"axi_fnd_wrapper",
			"systemDesc":	"axi_fnd_wrapper",
			"sysIsBootAutoGen":	"true",
			"systemDispName":	"axi_fnd_wrapper",
			"sysActiveDom":	"standalone_microblaze_0",
			"sysDefaultDom":	"standalone_microblaze_0",
			"domains":	[{
					"domainName":	"standalone_microblaze_0",
					"domainDispName":	"standalone_microblaze_0",
					"domainDesc":	"standalone_microblaze_0",
					"processors":	"microblaze_0",
					"os":	"standalone",
					"sdxOs":	"standalone",
					"debugEnable":	"False",
					"domRuntimes":	["cpp"],
					"swRepo":	"",
					"mssOsVer":	"8.1",
					"mssFile":	"",
					"md5Digest":	"64834a915ec6f44250ce937ec5448dd7",
					"compatibleApp":	"",
					"domType":	"mssDomain",
					"arch":	"32-bit",
					"appSettings":	{
						"appCompilerFlags":	"",
						"appLinkerFlags":	""
					},
					"addedLibs":	[],
					"libOptions":	{
						"libsContainingOptions":	[]
					},
					"prebuiltLibs":	{
						"prebuiltIncPath":	[],
						"prebuiltLibPath":	[]
					},
					"isolation":	{
					}
				}]
		}]
}
KEYINFO::2026-06-04.15:59:20::SCWPlatform::updated the xpfm file.
TRACE::2026-06-04.15:59:21::SCWPlatform::Trying to open the hw design at D:/vivado_pj/workspace_myip_axi_fnd/axi_fnd_wrapper/hw/axi_fnd_wrapper5.xsa
TRACE::2026-06-04.15:59:21::SCWPlatform::DSA given D:/vivado_pj/workspace_myip_axi_fnd/axi_fnd_wrapper/hw/axi_fnd_wrapper5.xsa
TRACE::2026-06-04.15:59:21::SCWPlatform::DSA absoulate path D:/vivado_pj/workspace_myip_axi_fnd/axi_fnd_wrapper/hw/axi_fnd_wrapper5.xsa
TRACE::2026-06-04.15:59:21::SCWPlatform::DSA directory D:/vivado_pj/workspace_myip_axi_fnd/axi_fnd_wrapper/hw
TRACE::2026-06-04.15:59:21::SCWPlatform:: Platform Path D:/vivado_pj/workspace_myip_axi_fnd/axi_fnd_wrapper/hw/axi_fnd_wrapper5.xsa
TRACE::2026-06-04.15:59:21::SCWPlatform:: Unique name xilinx:::0.0
TRACE::2026-06-04.15:59:21::SCWPlatform::Trying to set the existing hwdb with name axi_fnd_wrapper_9
TRACE::2026-06-04.15:59:21::SCWPlatform::Opened existing hwdb axi_fnd_wrapper_9
TRACE::2026-06-04.15:59:21::SCWPlatform::Found the Hw Db part of the input DSA
TRACE::2026-06-04.15:59:21::SCWMssOS::Checking the sw design at  D:/vivado_pj/workspace_myip_axi_fnd/axi_fnd_wrapper/microblaze_0/standalone_microblaze_0/bsp/system.mss
TRACE::2026-06-04.15:59:21::SCWMssOS::DEBUG:  swdes dump  D:/vivado_pj/workspace_myip_axi_fnd/axi_fnd_wrapper/microblaze_0/standalone_microblaze_0/bsp/system.mss|system||

TRACE::2026-06-04.15:59:21::SCWMssOS::Sw design exists and opened at  D:/vivado_pj/workspace_myip_axi_fnd/axi_fnd_wrapper/microblaze_0/standalone_microblaze_0/bsp/system.mss
TRACE::2026-06-04.16:07:29::SCWPlatform::Clearing the existing platform
TRACE::2026-06-04.16:07:29::SCWSystem::Clearing the existing sysconfig
TRACE::2026-06-04.16:07:29::SCWMssOS::Removing the swdes entry for  D:/vivado_pj/workspace_myip_axi_fnd/axi_fnd_wrapper/microblaze_0/standalone_microblaze_0/bsp/system.mss
TRACE::2026-06-04.16:07:29::SCWSystem::Clearing the domains completed.
TRACE::2026-06-04.16:07:29::SCWPlatform::Clearing the opened hw db.
TRACE::2026-06-04.16:07:29::SCWPlatform::DSA given D:/vivado_pj/workspace_myip_axi_fnd/axi_fnd_wrapper/hw/axi_fnd_wrapper5.xsa
TRACE::2026-06-04.16:07:29::SCWPlatform::DSA absoulate path D:/vivado_pj/workspace_myip_axi_fnd/axi_fnd_wrapper/hw/axi_fnd_wrapper5.xsa
TRACE::2026-06-04.16:07:29::SCWPlatform:: Platform location is D:/vivado_pj/workspace_myip_axi_fnd/axi_fnd_wrapper/hw
TRACE::2026-06-04.16:07:29::SCWPlatform:: Platform Path D:/vivado_pj/workspace_myip_axi_fnd/axi_fnd_wrapper/hw/axi_fnd_wrapper5.xsa
TRACE::2026-06-04.16:07:29::SCWPlatform:: Unique name xilinx:::0.0
TRACE::2026-06-04.16:07:29::SCWPlatform::Removing the HwDB with name D:/vivado_pj/workspace_myip_axi_fnd/axi_fnd_wrapper/hw/axi_fnd_wrapper5.xsa
TRACE::2026-06-04.16:07:29::SCWPlatform::Trying to open the hw design at D:/vivado_pj/workspace_myip_axi_fnd/axi_fnd_wrapper/hw/axi_fnd_wrapper5.xsa
TRACE::2026-06-04.16:07:29::SCWPlatform::DSA given D:/vivado_pj/workspace_myip_axi_fnd/axi_fnd_wrapper/hw/axi_fnd_wrapper5.xsa
TRACE::2026-06-04.16:07:29::SCWPlatform::DSA absoulate path D:/vivado_pj/workspace_myip_axi_fnd/axi_fnd_wrapper/hw/axi_fnd_wrapper5.xsa
TRACE::2026-06-04.16:07:29::SCWPlatform::DSA directory D:/vivado_pj/workspace_myip_axi_fnd/axi_fnd_wrapper/hw
TRACE::2026-06-04.16:07:29::SCWPlatform:: Platform Path D:/vivado_pj/workspace_myip_axi_fnd/axi_fnd_wrapper/hw/axi_fnd_wrapper5.xsa
TRACE::2026-06-04.16:07:29::SCWPlatform:: Unique name xilinx:::0.0
TRACE::2026-06-04.16:07:29::SCWPlatform::Do not have an existing db opened. 
TRACE::2026-06-04.16:07:30::SCWPlatform::Opened new HwDB with name axi_fnd_wrapper_11
TRACE::2026-06-04.16:07:30::SCWReader::Active system found as  axi_fnd_wrapper
TRACE::2026-06-04.16:07:30::SCWReader::Handling sysconfig axi_fnd_wrapper
TRACE::2026-06-04.16:07:30::SCWDomain::checking for install qemu data   : 
TRACE::2026-06-04.16:07:30::SCWPlatform::Trying to open the hw design at D:/vivado_pj/workspace_myip_axi_fnd/axi_fnd_wrapper/hw/axi_fnd_wrapper5.xsa
TRACE::2026-06-04.16:07:30::SCWPlatform::DSA given D:/vivado_pj/workspace_myip_axi_fnd/axi_fnd_wrapper/hw/axi_fnd_wrapper5.xsa
TRACE::2026-06-04.16:07:30::SCWPlatform::DSA absoulate path D:/vivado_pj/workspace_myip_axi_fnd/axi_fnd_wrapper/hw/axi_fnd_wrapper5.xsa
TRACE::2026-06-04.16:07:30::SCWPlatform::DSA directory D:/vivado_pj/workspace_myip_axi_fnd/axi_fnd_wrapper/hw
TRACE::2026-06-04.16:07:30::SCWPlatform:: Platform Path D:/vivado_pj/workspace_myip_axi_fnd/axi_fnd_wrapper/hw/axi_fnd_wrapper5.xsa
TRACE::2026-06-04.16:07:30::SCWPlatform:: Unique name xilinx:::0.0
TRACE::2026-06-04.16:07:30::SCWPlatform::Trying to set the existing hwdb with name axi_fnd_wrapper_11
TRACE::2026-06-04.16:07:30::SCWPlatform::Opened existing hwdb axi_fnd_wrapper_11
TRACE::2026-06-04.16:07:30::SCWPlatform::Found the Hw Db part of the input DSA
TRACE::2026-06-04.16:07:30::SCWPlatform::Trying to open the hw design at D:/vivado_pj/workspace_myip_axi_fnd/axi_fnd_wrapper/hw/axi_fnd_wrapper5.xsa
TRACE::2026-06-04.16:07:30::SCWPlatform::DSA given D:/vivado_pj/workspace_myip_axi_fnd/axi_fnd_wrapper/hw/axi_fnd_wrapper5.xsa
TRACE::2026-06-04.16:07:30::SCWPlatform::DSA absoulate path D:/vivado_pj/workspace_myip_axi_fnd/axi_fnd_wrapper/hw/axi_fnd_wrapper5.xsa
TRACE::2026-06-04.16:07:30::SCWPlatform::DSA directory D:/vivado_pj/workspace_myip_axi_fnd/axi_fnd_wrapper/hw
TRACE::2026-06-04.16:07:30::SCWPlatform:: Platform Path D:/vivado_pj/workspace_myip_axi_fnd/axi_fnd_wrapper/hw/axi_fnd_wrapper5.xsa
TRACE::2026-06-04.16:07:30::SCWPlatform:: Unique name xilinx:::0.0
TRACE::2026-06-04.16:07:30::SCWPlatform::Trying to set the existing hwdb with name axi_fnd_wrapper_11
TRACE::2026-06-04.16:07:30::SCWPlatform::Opened existing hwdb axi_fnd_wrapper_11
TRACE::2026-06-04.16:07:30::SCWPlatform::Found the Hw Db part of the input DSA
TRACE::2026-06-04.16:07:30::SCWPlatform::Trying to open the hw design at D:/vivado_pj/workspace_myip_axi_fnd/axi_fnd_wrapper/hw/axi_fnd_wrapper5.xsa
TRACE::2026-06-04.16:07:30::SCWPlatform::DSA given D:/vivado_pj/workspace_myip_axi_fnd/axi_fnd_wrapper/hw/axi_fnd_wrapper5.xsa
TRACE::2026-06-04.16:07:30::SCWPlatform::DSA absoulate path D:/vivado_pj/workspace_myip_axi_fnd/axi_fnd_wrapper/hw/axi_fnd_wrapper5.xsa
TRACE::2026-06-04.16:07:30::SCWPlatform::DSA directory D:/vivado_pj/workspace_myip_axi_fnd/axi_fnd_wrapper/hw
TRACE::2026-06-04.16:07:30::SCWPlatform:: Platform Path D:/vivado_pj/workspace_myip_axi_fnd/axi_fnd_wrapper/hw/axi_fnd_wrapper5.xsa
TRACE::2026-06-04.16:07:30::SCWPlatform:: Unique name xilinx:::0.0
TRACE::2026-06-04.16:07:30::SCWPlatform::Trying to set the existing hwdb with name axi_fnd_wrapper_11
TRACE::2026-06-04.16:07:30::SCWPlatform::Opened existing hwdb axi_fnd_wrapper_11
TRACE::2026-06-04.16:07:30::SCWPlatform::Found the Hw Db part of the input DSA
TRACE::2026-06-04.16:07:30::SCWPlatform::Trying to open the hw design at D:/vivado_pj/workspace_myip_axi_fnd/axi_fnd_wrapper/hw/axi_fnd_wrapper5.xsa
TRACE::2026-06-04.16:07:30::SCWPlatform::DSA given D:/vivado_pj/workspace_myip_axi_fnd/axi_fnd_wrapper/hw/axi_fnd_wrapper5.xsa
TRACE::2026-06-04.16:07:30::SCWPlatform::DSA absoulate path D:/vivado_pj/workspace_myip_axi_fnd/axi_fnd_wrapper/hw/axi_fnd_wrapper5.xsa
TRACE::2026-06-04.16:07:30::SCWPlatform::DSA directory D:/vivado_pj/workspace_myip_axi_fnd/axi_fnd_wrapper/hw
TRACE::2026-06-04.16:07:30::SCWPlatform:: Platform Path D:/vivado_pj/workspace_myip_axi_fnd/axi_fnd_wrapper/hw/axi_fnd_wrapper5.xsa
TRACE::2026-06-04.16:07:30::SCWPlatform:: Unique name xilinx:::0.0
TRACE::2026-06-04.16:07:30::SCWPlatform::Trying to set the existing hwdb with name axi_fnd_wrapper_11
TRACE::2026-06-04.16:07:30::SCWPlatform::Opened existing hwdb axi_fnd_wrapper_11
TRACE::2026-06-04.16:07:30::SCWPlatform::Found the Hw Db part of the input DSA
TRACE::2026-06-04.16:07:30::SCWMssOS::Checking the sw design at  D:/vivado_pj/workspace_myip_axi_fnd/axi_fnd_wrapper/microblaze_0/standalone_microblaze_0/bsp/system.mss
TRACE::2026-06-04.16:07:30::SCWMssOS::DEBUG:  swdes dump  
TRACE::2026-06-04.16:07:30::SCWMssOS::No sw design opened at  D:/vivado_pj/workspace_myip_axi_fnd/axi_fnd_wrapper/microblaze_0/standalone_microblaze_0/bsp/system.mss
TRACE::2026-06-04.16:07:30::SCWMssOS::mss exists loading the mss file  D:/vivado_pj/workspace_myip_axi_fnd/axi_fnd_wrapper/microblaze_0/standalone_microblaze_0/bsp/system.mss
TRACE::2026-06-04.16:07:30::SCWMssOS::Opened the sw design from mss  D:/vivado_pj/workspace_myip_axi_fnd/axi_fnd_wrapper/microblaze_0/standalone_microblaze_0/bsp/system.mss
TRACE::2026-06-04.16:07:30::SCWMssOS::Adding the swdes entry D:/vivado_pj/workspace_myip_axi_fnd/axi_fnd_wrapper/microblaze_0/standalone_microblaze_0/bsp/system.mss with des name system
TRACE::2026-06-04.16:07:30::SCWMssOS::updating the scw layer about changes
TRACE::2026-06-04.16:07:30::SCWMssOS::Opened the sw design.  D:/vivado_pj/workspace_myip_axi_fnd/axi_fnd_wrapper/microblaze_0/standalone_microblaze_0/bsp/system.mss
TRACE::2026-06-04.16:07:30::SCWMssOS::Saving the mss changes D:/vivado_pj/workspace_myip_axi_fnd/axi_fnd_wrapper/microblaze_0/standalone_microblaze_0/bsp/system.mss
TRACE::2026-06-04.16:07:30::SCWMssOS::Found a swdesign opened with the mssfile.
TRACE::2026-06-04.16:07:30::SCWMssOS::Completed writemss as part of save.
TRACE::2026-06-04.16:07:30::SCWMssOS::Commit changes completed.
TRACE::2026-06-04.16:07:30::SCWReader::Adding prebuilt librarypaths as   
TRACE::2026-06-04.16:07:30::SCWReader::Adding prebuilt incpaths  as   
TRACE::2026-06-04.16:07:30::SCWPlatform::Trying to open the hw design at D:/vivado_pj/workspace_myip_axi_fnd/axi_fnd_wrapper/hw/axi_fnd_wrapper5.xsa
TRACE::2026-06-04.16:07:30::SCWPlatform::DSA given D:/vivado_pj/workspace_myip_axi_fnd/axi_fnd_wrapper/hw/axi_fnd_wrapper5.xsa
TRACE::2026-06-04.16:07:30::SCWPlatform::DSA absoulate path D:/vivado_pj/workspace_myip_axi_fnd/axi_fnd_wrapper/hw/axi_fnd_wrapper5.xsa
TRACE::2026-06-04.16:07:30::SCWPlatform::DSA directory D:/vivado_pj/workspace_myip_axi_fnd/axi_fnd_wrapper/hw
TRACE::2026-06-04.16:07:30::SCWPlatform:: Platform Path D:/vivado_pj/workspace_myip_axi_fnd/axi_fnd_wrapper/hw/axi_fnd_wrapper5.xsa
TRACE::2026-06-04.16:07:30::SCWPlatform:: Unique name xilinx:::0.0
TRACE::2026-06-04.16:07:30::SCWPlatform::Trying to set the existing hwdb with name axi_fnd_wrapper_11
TRACE::2026-06-04.16:07:30::SCWPlatform::Opened existing hwdb axi_fnd_wrapper_11
TRACE::2026-06-04.16:07:30::SCWPlatform::Found the Hw Db part of the input DSA
TRACE::2026-06-04.16:07:30::SCWMssOS::Checking the sw design at  D:/vivado_pj/workspace_myip_axi_fnd/axi_fnd_wrapper/microblaze_0/standalone_microblaze_0/bsp/system.mss
TRACE::2026-06-04.16:07:30::SCWMssOS::DEBUG:  swdes dump  D:/vivado_pj/workspace_myip_axi_fnd/axi_fnd_wrapper/microblaze_0/standalone_microblaze_0/bsp/system.mss|system||

TRACE::2026-06-04.16:07:30::SCWMssOS::Sw design exists and opened at  D:/vivado_pj/workspace_myip_axi_fnd/axi_fnd_wrapper/microblaze_0/standalone_microblaze_0/bsp/system.mss
TRACE::2026-06-04.16:07:30::SCWReader::No isolation master present  
TRACE::2026-06-04.16:07:34::SCWPlatform::DSA given D:/vivado_pj/workspace_myip_axi_fnd/axi_fnd_wrapper/tempdsa/axi_fnd_wrapper6.xsa
TRACE::2026-06-04.16:07:34::SCWPlatform::DSA absoulate path D:/vivado_pj/workspace_myip_axi_fnd/axi_fnd_wrapper/tempdsa/axi_fnd_wrapper6.xsa
TRACE::2026-06-04.16:07:34::SCWPlatform:: Platform location is D:/vivado_pj/workspace_myip_axi_fnd/axi_fnd_wrapper/tempdsa
TRACE::2026-06-04.16:07:34::SCWPlatform:: Platform Path D:/vivado_pj/workspace_myip_axi_fnd/axi_fnd_wrapper/tempdsa/axi_fnd_wrapper6.xsa
TRACE::2026-06-04.16:07:34::SCWPlatform:: Unique name xilinx:::0.0
TRACE::2026-06-04.16:07:34::SCWPlatform::Found the Hw Db part of the input DSA
TRACE::2026-06-04.16:07:34::SCWMssOS::Doing hw sync for the mss in domain: standalone_microblaze_0
TRACE::2026-06-04.16:07:34::SCWPlatform::Trying to open the hw design at D:/vivado_pj/workspace_myip_axi_fnd/axi_fnd_wrapper/hw/axi_fnd_wrapper5.xsa
TRACE::2026-06-04.16:07:34::SCWPlatform::DSA given D:/vivado_pj/workspace_myip_axi_fnd/axi_fnd_wrapper/hw/axi_fnd_wrapper5.xsa
TRACE::2026-06-04.16:07:34::SCWPlatform::DSA absoulate path D:/vivado_pj/workspace_myip_axi_fnd/axi_fnd_wrapper/hw/axi_fnd_wrapper5.xsa
TRACE::2026-06-04.16:07:34::SCWPlatform::DSA directory D:/vivado_pj/workspace_myip_axi_fnd/axi_fnd_wrapper/hw
TRACE::2026-06-04.16:07:34::SCWPlatform:: Platform Path D:/vivado_pj/workspace_myip_axi_fnd/axi_fnd_wrapper/hw/axi_fnd_wrapper5.xsa
TRACE::2026-06-04.16:07:34::SCWPlatform:: Unique name xilinx:::0.0
TRACE::2026-06-04.16:07:34::SCWPlatform::Trying to set the existing hwdb with name axi_fnd_wrapper_11
TRACE::2026-06-04.16:07:34::SCWPlatform::Opened existing hwdb axi_fnd_wrapper_11
TRACE::2026-06-04.16:07:34::SCWPlatform::Found the Hw Db part of the input DSA
TRACE::2026-06-04.16:07:34::SCWPlatform::Trying to open the hw design at D:/vivado_pj/workspace_myip_axi_fnd/axi_fnd_wrapper/hw/axi_fnd_wrapper5.xsa
TRACE::2026-06-04.16:07:34::SCWPlatform::DSA given D:/vivado_pj/workspace_myip_axi_fnd/axi_fnd_wrapper/hw/axi_fnd_wrapper5.xsa
TRACE::2026-06-04.16:07:34::SCWPlatform::DSA absoulate path D:/vivado_pj/workspace_myip_axi_fnd/axi_fnd_wrapper/hw/axi_fnd_wrapper5.xsa
TRACE::2026-06-04.16:07:34::SCWPlatform::DSA directory D:/vivado_pj/workspace_myip_axi_fnd/axi_fnd_wrapper/hw
TRACE::2026-06-04.16:07:34::SCWPlatform:: Platform Path D:/vivado_pj/workspace_myip_axi_fnd/axi_fnd_wrapper/hw/axi_fnd_wrapper5.xsa
TRACE::2026-06-04.16:07:34::SCWPlatform:: Unique name xilinx:::0.0
TRACE::2026-06-04.16:07:34::SCWPlatform::Trying to set the existing hwdb with name axi_fnd_wrapper_11
TRACE::2026-06-04.16:07:34::SCWPlatform::Opened existing hwdb axi_fnd_wrapper_11
TRACE::2026-06-04.16:07:34::SCWPlatform::Found the Hw Db part of the input DSA
TRACE::2026-06-04.16:07:34::SCWMssOS::Checking the sw design at  D:/vivado_pj/workspace_myip_axi_fnd/axi_fnd_wrapper/microblaze_0/standalone_microblaze_0/bsp/system.mss
TRACE::2026-06-04.16:07:34::SCWMssOS::DEBUG:  swdes dump  D:/vivado_pj/workspace_myip_axi_fnd/axi_fnd_wrapper/microblaze_0/standalone_microblaze_0/bsp/system.mss|system||

TRACE::2026-06-04.16:07:34::SCWMssOS::Sw design exists and opened at  D:/vivado_pj/workspace_myip_axi_fnd/axi_fnd_wrapper/microblaze_0/standalone_microblaze_0/bsp/system.mss
TRACE::2026-06-04.16:07:34::SCWPlatform::Trying to open the hw design at D:/vivado_pj/workspace_myip_axi_fnd/axi_fnd_wrapper/tempdsa/axi_fnd_wrapper6.xsa
TRACE::2026-06-04.16:07:34::SCWPlatform::DSA given D:/vivado_pj/workspace_myip_axi_fnd/axi_fnd_wrapper/tempdsa/axi_fnd_wrapper6.xsa
TRACE::2026-06-04.16:07:34::SCWPlatform::DSA absoulate path D:/vivado_pj/workspace_myip_axi_fnd/axi_fnd_wrapper/tempdsa/axi_fnd_wrapper6.xsa
TRACE::2026-06-04.16:07:34::SCWPlatform::DSA directory D:/vivado_pj/workspace_myip_axi_fnd/axi_fnd_wrapper/tempdsa
TRACE::2026-06-04.16:07:34::SCWPlatform:: Platform Path D:/vivado_pj/workspace_myip_axi_fnd/axi_fnd_wrapper/tempdsa/axi_fnd_wrapper6.xsa
TRACE::2026-06-04.16:07:34::SCWPlatform:: Unique name xilinx:::0.0
TRACE::2026-06-04.16:07:34::SCWPlatform::update - Opened existing hwdb axi_fnd_wrapper_12
TRACE::2026-06-04.16:07:34::SCWPlatform::Found the Hw Db part of the input DSA
TRACE::2026-06-04.16:07:34::SCWMssOS::Saving the mss changes D:/vivado_pj/workspace_myip_axi_fnd/axi_fnd_wrapper/microblaze_0/standalone_microblaze_0/bsp/system.mss
TRACE::2026-06-04.16:07:34::SCWMssOS::Found a swdesign opened with the mssfile.
TRACE::2026-06-04.16:07:34::SCWMssOS::Completed writemss as part of save.
TRACE::2026-06-04.16:07:34::SCWMssOS::Commit changes completed.
TRACE::2026-06-04.16:07:34::SCWMssOS::Completed hw sync for the mss in domain: standalone_microblaze_0
TRACE::2026-06-04.16:07:34::SCWMssOS::Removing the swdes entry for  D:/vivado_pj/workspace_myip_axi_fnd/axi_fnd_wrapper/microblaze_0/standalone_microblaze_0/bsp/system.mss
TRACE::2026-06-04.16:07:34::SCWPlatform::Trying to open the hw design at D:/vivado_pj/workspace_myip_axi_fnd/axi_fnd_wrapper/hw/axi_fnd_wrapper6.xsa
TRACE::2026-06-04.16:07:34::SCWPlatform::DSA given D:/vivado_pj/workspace_myip_axi_fnd/axi_fnd_wrapper/hw/axi_fnd_wrapper6.xsa
TRACE::2026-06-04.16:07:34::SCWPlatform::DSA absoulate path D:/vivado_pj/workspace_myip_axi_fnd/axi_fnd_wrapper/hw/axi_fnd_wrapper6.xsa
TRACE::2026-06-04.16:07:34::SCWPlatform::DSA directory D:/vivado_pj/workspace_myip_axi_fnd/axi_fnd_wrapper/hw
TRACE::2026-06-04.16:07:34::SCWPlatform:: Platform Path D:/vivado_pj/workspace_myip_axi_fnd/axi_fnd_wrapper/hw/axi_fnd_wrapper6.xsa
TRACE::2026-06-04.16:07:34::SCWPlatform:: Unique name xilinx:::0.0
TRACE::2026-06-04.16:07:34::SCWPlatform::Do not have an existing db opened. 
TRACE::2026-06-04.16:07:34::SCWPlatform::Opened new HwDB with name axi_fnd_wrapper_13
TRACE::2026-06-04.16:07:34::SCWMssOS::Saving the mss changes D:/vivado_pj/workspace_myip_axi_fnd/axi_fnd_wrapper/microblaze_0/standalone_microblaze_0/bsp/system.mss
TRACE::2026-06-04.16:07:34::SCWMssOS::Adding the swdes entry, mss present, able to open swdb D:/vivado_pj/workspace_myip_axi_fnd/axi_fnd_wrapper/microblaze_0/standalone_microblaze_0/bsp/system.mss with des name system
TRACE::2026-06-04.16:07:34::SCWMssOS::Writing the mss file completed D:/vivado_pj/workspace_myip_axi_fnd/axi_fnd_wrapper/microblaze_0/standalone_microblaze_0/bsp/system.mss
TRACE::2026-06-04.16:07:34::SCWMssOS::Commit changes completed.
TRACE::2026-06-04.16:07:34::SCWPlatform::Trying to open the hw design at D:/vivado_pj/workspace_myip_axi_fnd/axi_fnd_wrapper/hw/axi_fnd_wrapper6.xsa
TRACE::2026-06-04.16:07:34::SCWPlatform::DSA given D:/vivado_pj/workspace_myip_axi_fnd/axi_fnd_wrapper/hw/axi_fnd_wrapper6.xsa
TRACE::2026-06-04.16:07:34::SCWPlatform::DSA absoulate path D:/vivado_pj/workspace_myip_axi_fnd/axi_fnd_wrapper/hw/axi_fnd_wrapper6.xsa
TRACE::2026-06-04.16:07:34::SCWPlatform::DSA directory D:/vivado_pj/workspace_myip_axi_fnd/axi_fnd_wrapper/hw
TRACE::2026-06-04.16:07:34::SCWPlatform:: Platform Path D:/vivado_pj/workspace_myip_axi_fnd/axi_fnd_wrapper/hw/axi_fnd_wrapper6.xsa
TRACE::2026-06-04.16:07:34::SCWPlatform:: Unique name xilinx:::0.0
TRACE::2026-06-04.16:07:34::SCWPlatform::Trying to set the existing hwdb with name axi_fnd_wrapper_13
TRACE::2026-06-04.16:07:34::SCWPlatform::Opened existing hwdb axi_fnd_wrapper_13
TRACE::2026-06-04.16:07:34::SCWPlatform::Found the Hw Db part of the input DSA
TRACE::2026-06-04.16:07:34::SCWMssOS::Checking the sw design at  D:/vivado_pj/workspace_myip_axi_fnd/axi_fnd_wrapper/microblaze_0/standalone_microblaze_0/bsp/system.mss
TRACE::2026-06-04.16:07:34::SCWMssOS::DEBUG:  swdes dump  D:/vivado_pj/workspace_myip_axi_fnd/axi_fnd_wrapper/microblaze_0/standalone_microblaze_0/bsp/system.mss|system||

TRACE::2026-06-04.16:07:34::SCWMssOS::Sw design exists and opened at  D:/vivado_pj/workspace_myip_axi_fnd/axi_fnd_wrapper/microblaze_0/standalone_microblaze_0/bsp/system.mss
TRACE::2026-06-04.16:07:34::SCWWriter::formatted JSON is {
	"platformName":	"axi_fnd_wrapper",
	"sprVersion":	"2.0",
	"mode":	"gui",
	"dsaType":	"Fixed",
	"platformDesc":	"axi_fnd_wrapper",
	"platHandOff":	"D:/vivado_pj/my_ip_fnd/axi_fnd_wrapper6.xsa",
	"platIntHandOff":	"<platformDir>/hw/axi_fnd_wrapper6.xsa",
	"deviceType":	"FPGA",
	"platIsPrebuiltAutogen":	"false",
	"platIsNoBootBsp":	"false",
	"hasFsblMakeHasChanges":	"false",
	"hasPmufwMakeHasChanges":	"false",
	"platPreBuiltFlag":	false,
	"platformSamplesDir":	"",
	"platActiveSys":	"axi_fnd_wrapper",
	"systems":	[{
			"systemName":	"axi_fnd_wrapper",
			"systemDesc":	"axi_fnd_wrapper",
			"sysIsBootAutoGen":	"true",
			"systemDispName":	"axi_fnd_wrapper",
			"sysActiveDom":	"standalone_microblaze_0",
			"sysDefaultDom":	"standalone_microblaze_0",
			"domains":	[{
					"domainName":	"standalone_microblaze_0",
					"domainDispName":	"standalone_microblaze_0",
					"domainDesc":	"standalone_microblaze_0",
					"processors":	"microblaze_0",
					"os":	"standalone",
					"sdxOs":	"standalone",
					"debugEnable":	"False",
					"domRuntimes":	["cpp"],
					"swRepo":	"",
					"mssOsVer":	"8.1",
					"mssFile":	"",
					"md5Digest":	"64834a915ec6f44250ce937ec5448dd71",
					"compatibleApp":	"",
					"domType":	"mssDomain",
					"arch":	"32-bit",
					"appSettings":	{
						"appCompilerFlags":	"",
						"appLinkerFlags":	""
					},
					"addedLibs":	[],
					"libOptions":	{
						"libsContainingOptions":	[]
					},
					"prebuiltLibs":	{
						"prebuiltIncPath":	[],
						"prebuiltLibPath":	[]
					},
					"isolation":	{
					}
				}]
		}]
}
LOG::2026-06-04.16:07:44::SCWPlatform::Started generating the artifacts platform axi_fnd_wrapper
TRACE::2026-06-04.16:07:44::SCWPlatform::Sanity checking of platform is completed
LOG::2026-06-04.16:07:44::SCWPlatform::Started generating the artifacts for system configuration axi_fnd_wrapper
LOG::2026-06-04.16:07:44::SCWSystem::Checking the domain standalone_microblaze_0
LOG::2026-06-04.16:07:44::SCWSystem::Not a boot domain 
LOG::2026-06-04.16:07:44::SCWSystem::Started Processing the domain standalone_microblaze_0
TRACE::2026-06-04.16:07:44::SCWDomain::Generating domain artifcats
TRACE::2026-06-04.16:07:44::SCWMssOS::Generating standalone artifcats
TRACE::2026-06-04.16:07:44::SCWMssOS:: Copying the user libraries. 
TRACE::2026-06-04.16:07:44::SCWPlatform::Trying to open the hw design at D:/vivado_pj/workspace_myip_axi_fnd/axi_fnd_wrapper/hw/axi_fnd_wrapper6.xsa
TRACE::2026-06-04.16:07:44::SCWPlatform::DSA given D:/vivado_pj/workspace_myip_axi_fnd/axi_fnd_wrapper/hw/axi_fnd_wrapper6.xsa
TRACE::2026-06-04.16:07:44::SCWPlatform::DSA absoulate path D:/vivado_pj/workspace_myip_axi_fnd/axi_fnd_wrapper/hw/axi_fnd_wrapper6.xsa
TRACE::2026-06-04.16:07:44::SCWPlatform::DSA directory D:/vivado_pj/workspace_myip_axi_fnd/axi_fnd_wrapper/hw
TRACE::2026-06-04.16:07:44::SCWPlatform:: Platform Path D:/vivado_pj/workspace_myip_axi_fnd/axi_fnd_wrapper/hw/axi_fnd_wrapper6.xsa
TRACE::2026-06-04.16:07:44::SCWPlatform:: Unique name xilinx:::0.0
TRACE::2026-06-04.16:07:44::SCWPlatform::Trying to set the existing hwdb with name axi_fnd_wrapper_13
TRACE::2026-06-04.16:07:44::SCWPlatform::Opened existing hwdb axi_fnd_wrapper_13
TRACE::2026-06-04.16:07:44::SCWPlatform::Found the Hw Db part of the input DSA
TRACE::2026-06-04.16:07:44::SCWMssOS::Checking the sw design at  D:/vivado_pj/workspace_myip_axi_fnd/axi_fnd_wrapper/microblaze_0/standalone_microblaze_0/bsp/system.mss
TRACE::2026-06-04.16:07:44::SCWMssOS::DEBUG:  swdes dump  D:/vivado_pj/workspace_myip_axi_fnd/axi_fnd_wrapper/microblaze_0/standalone_microblaze_0/bsp/system.mss|system||

TRACE::2026-06-04.16:07:44::SCWMssOS::Sw design exists and opened at  D:/vivado_pj/workspace_myip_axi_fnd/axi_fnd_wrapper/microblaze_0/standalone_microblaze_0/bsp/system.mss
TRACE::2026-06-04.16:07:44::SCWMssOS::Completed writing the mss file at D:/vivado_pj/workspace_myip_axi_fnd/axi_fnd_wrapper/microblaze_0/standalone_microblaze_0/bsp
TRACE::2026-06-04.16:07:44::SCWMssOS::Mss edits present, copying mssfile into export location D:/vivado_pj/workspace_myip_axi_fnd/axi_fnd_wrapper/microblaze_0/standalone_microblaze_0/bsp/system.mss
TRACE::2026-06-04.16:07:44::SCWMssOS::bsp generated is stale removing and regenerating. 
TRACE::2026-06-04.16:07:44::SCWMssOS::doing bsp build ... 
TRACE::2026-06-04.16:07:44::SCWMssOS::System Command Ran  D: & cd  D:/vivado_pj/workspace_myip_axi_fnd/axi_fnd_wrapper/microblaze_0/standalone_microblaze_0/bsp & make 
TRACE::2026-06-04.16:07:44::SCWMssOS::make --no-print-directory seq_libs

TRACE::2026-06-04.16:07:44::SCWMssOS::'Finished building libraries sequentially.'

TRACE::2026-06-04.16:07:44::SCWMssOS::make -j 18 --no-print-directory par_libs

TRACE::2026-06-04.16:07:45::SCWMssOS::"Running Make include in microblaze_0/libsrc/bram_v4_8/src"

TRACE::2026-06-04.16:07:45::SCWMssOS::make -C microblaze_0/libsrc/bram_v4_8/src -s include  "SHELL=CMD" "COMPILER=mb-gcc" "ASSEMBLER=mb-as" "ARCHIVER=mb-ar" "COMPILE
TRACE::2026-06-04.16:07:45::SCWMssOS::R_FLAGS=  -O2 -c -mcpu=v11.0 -mlittle-endian -mxl-soft-mul" "EXTRA_COMPILER_FLAGS=-g -ffunction-sections -fdata-sections -Wall 
TRACE::2026-06-04.16:07:45::SCWMssOS::-Wextra -fno-tree-loop-distribute-patterns"

TRACE::2026-06-04.16:07:45::SCWMssOS::"Running Make include in microblaze_0/libsrc/cpu_v2_17/src"

TRACE::2026-06-04.16:07:45::SCWMssOS::make -C microblaze_0/libsrc/cpu_v2_17/src -s include  "SHELL=CMD" "COMPILER=mb-gcc" "ASSEMBLER=mb-as" "ARCHIVER=mb-ar" "COMPILE
TRACE::2026-06-04.16:07:45::SCWMssOS::R_FLAGS=  -O2 -c -mcpu=v11.0 -mlittle-endian -mxl-soft-mul" "EXTRA_COMPILER_FLAGS=-g -ffunction-sections -fdata-sections -Wall 
TRACE::2026-06-04.16:07:45::SCWMssOS::-Wextra -fno-tree-loop-distribute-patterns"

TRACE::2026-06-04.16:07:45::SCWMssOS::"Running Make include in microblaze_0/libsrc/standalone_v8_1/src"

TRACE::2026-06-04.16:07:45::SCWMssOS::make -C microblaze_0/libsrc/standalone_v8_1/src -s include  "SHELL=CMD" "COMPILER=mb-gcc" "ASSEMBLER=mb-as" "ARCHIVER=mb-ar" "C
TRACE::2026-06-04.16:07:45::SCWMssOS::OMPILER_FLAGS=  -O2 -c -mcpu=v11.0 -mlittle-endian -mxl-soft-mul" "EXTRA_COMPILER_FLAGS=-g -ffunction-sections -fdata-sections 
TRACE::2026-06-04.16:07:45::SCWMssOS::-Wall -Wextra -fno-tree-loop-distribute-patterns"

TRACE::2026-06-04.16:07:45::SCWMssOS::"Running Make include in microblaze_0/libsrc/uartlite_v3_8/src"

TRACE::2026-06-04.16:07:45::SCWMssOS::make -C microblaze_0/libsrc/uartlite_v3_8/src -s include  "SHELL=CMD" "COMPILER=mb-gcc" "ASSEMBLER=mb-as" "ARCHIVER=mb-ar" "COM
TRACE::2026-06-04.16:07:45::SCWMssOS::PILER_FLAGS=  -O2 -c -mcpu=v11.0 -mlittle-endian -mxl-soft-mul" "EXTRA_COMPILER_FLAGS=-g -ffunction-sections -fdata-sections -W
TRACE::2026-06-04.16:07:45::SCWMssOS::all -Wextra -fno-tree-loop-distribute-patterns"

TRACE::2026-06-04.16:07:45::SCWMssOS::"Running Make libs in microblaze_0/libsrc/bram_v4_8/src"

TRACE::2026-06-04.16:07:45::SCWMssOS::make -C microblaze_0/libsrc/bram_v4_8/src -s libs  "SHELL=CMD" "COMPILER=mb-gcc" "ASSEMBLER=mb-as" "ARCHIVER=mb-ar" "COMPILER_F
TRACE::2026-06-04.16:07:45::SCWMssOS::LAGS=  -O2 -c -mcpu=v11.0 -mlittle-endian -mxl-soft-mul" "EXTRA_COMPILER_FLAGS=-g -ffunction-sections -fdata-sections -Wall -We
TRACE::2026-06-04.16:07:45::SCWMssOS::xtra -fno-tree-loop-distribute-patterns"

TRACE::2026-06-04.16:07:45::SCWMssOS::"Running Make libs in microblaze_0/libsrc/cpu_v2_17/src"

TRACE::2026-06-04.16:07:45::SCWMssOS::make -C microblaze_0/libsrc/cpu_v2_17/src -s libs  "SHELL=CMD" "COMPILER=mb-gcc" "ASSEMBLER=mb-as" "ARCHIVER=mb-ar" "COMPILER_F
TRACE::2026-06-04.16:07:45::SCWMssOS::LAGS=  -O2 -c -mcpu=v11.0 -mlittle-endian -mxl-soft-mul" "EXTRA_COMPILER_FLAGS=-g -ffunction-sections -fdata-sections -Wall -We
TRACE::2026-06-04.16:07:45::SCWMssOS::xtra -fno-tree-loop-distribute-patterns"

TRACE::2026-06-04.16:07:45::SCWMssOS::"Running Make libs in microblaze_0/libsrc/standalone_v8_1/src"

TRACE::2026-06-04.16:07:45::SCWMssOS::make -C microblaze_0/libsrc/standalone_v8_1/src -s libs  "SHELL=CMD" "COMPILER=mb-gcc" "ASSEMBLER=mb-as" "ARCHIVER=mb-ar" "COMP
TRACE::2026-06-04.16:07:45::SCWMssOS::ILER_FLAGS=  -O2 -c -mcpu=v11.0 -mlittle-endian -mxl-soft-mul" "EXTRA_COMPILER_FLAGS=-g -ffunction-sections -fdata-sections -Wa
TRACE::2026-06-04.16:07:45::SCWMssOS::ll -Wextra -fno-tree-loop-distribute-patterns"

TRACE::2026-06-04.16:07:45::SCWMssOS::"Running Make libs in microblaze_0/libsrc/uartlite_v3_8/src"

TRACE::2026-06-04.16:07:45::SCWMssOS::make -C microblaze_0/libsrc/uartlite_v3_8/src -s libs  "SHELL=CMD" "COMPILER=mb-gcc" "ASSEMBLER=mb-as" "ARCHIVER=mb-ar" "COMPIL
TRACE::2026-06-04.16:07:45::SCWMssOS::ER_FLAGS=  -O2 -c -mcpu=v11.0 -mlittle-endian -mxl-soft-mul" "EXTRA_COMPILER_FLAGS=-g -ffunction-sections -fdata-sections -Wall
TRACE::2026-06-04.16:07:45::SCWMssOS:: -Wextra -fno-tree-loop-distribute-patterns"

TRACE::2026-06-04.16:07:45::SCWMssOS::"DEBUG NON_LTO_OBJECTS is ../../../lib/microblaze_interrupt_handler.o"

TRACE::2026-06-04.16:07:46::SCWMssOS::'Finished building libraries parallelly.'

TRACE::2026-06-04.16:07:46::SCWMssOS::make --no-print-directory archive

TRACE::2026-06-04.16:07:46::SCWMssOS::mb-ar -r  microblaze_0/lib/libxil.a microblaze_0/lib/_exit.o microblaze_0/lib/errno.o microblaze_0/lib/fcntl.o microblaze_0/lib
TRACE::2026-06-04.16:07:46::SCWMssOS::/hw_exception_handler.o microblaze_0/lib/inbyte.o microblaze_0/lib/microblaze_disable_dcache.o microblaze_0/lib/microblaze_disa
TRACE::2026-06-04.16:07:46::SCWMssOS::ble_exceptions.o microblaze_0/lib/microblaze_disable_icache.o microblaze_0/lib/microblaze_disable_interrupts.o microblaze_0/lib
TRACE::2026-06-04.16:07:46::SCWMssOS::/microblaze_enable_dcache.o microblaze_0/lib/microblaze_enable_exceptions.o microblaze_0/lib/microblaze_enable_icache.o microbl
TRACE::2026-06-04.16:07:46::SCWMssOS::aze_0/lib/microblaze_enable_interrupts.o microblaze_0/lib/microblaze_exception_handler.o microblaze_0/lib/microblaze_flush_cach
TRACE::2026-06-04.16:07:46::SCWMssOS::e_ext.o microblaze_0/lib/microblaze_flush_cache_ext_range.o microblaze_0/lib/microblaze_flush_dcache.o microblaze_0/lib/microbl
TRACE::2026-06-04.16:07:46::SCWMssOS::aze_flush_dcache_range.o microblaze_0/lib/microblaze_init_dcache_range.o microblaze_0/lib/microblaze_init_icache_range.o microb
TRACE::2026-06-04.16:07:46::SCWMssOS::laze_0/lib/microblaze_interrupt_handler.o microblaze_0/lib/microblaze_interrupts_g.o microblaze_0/lib/microblaze_invalidate_cac
TRACE::2026-06-04.16:07:46::SCWMssOS::he_ext.o microblaze_0/lib/microblaze_invalidate_cache_ext_range.o microblaze_0/lib/microblaze_invalidate_dcache.o microblaze_0/
TRACE::2026-06-04.16:07:46::SCWMssOS::lib/microblaze_invalidate_dcache_range.o microblaze_0/lib/microblaze_invalidate_icache.o microblaze_0/lib/microblaze_invalidate
TRACE::2026-06-04.16:07:46::SCWMssOS::_icache_range.o microblaze_0/lib/microblaze_scrub.o microblaze_0/lib/microblaze_selftest.o microblaze_0/lib/microblaze_sleep.o 
TRACE::2026-06-04.16:07:46::SCWMssOS::microblaze_0/lib/microblaze_update_dcache.o microblaze_0/lib/microblaze_update_icache.o microblaze_0/lib/outbyte.o microblaze_0
TRACE::2026-06-04.16:07:46::SCWMssOS::/lib/print.o microblaze_0/lib/pvr.o microblaze_0/lib/xbram.o microblaze_0/lib/xbram_g.o microblaze_0/lib/xbram_intr.o microblaz
TRACE::2026-06-04.16:07:46::SCWMssOS::e_0/lib/xbram_selftest.o microblaze_0/lib/xbram_sinit.o microblaze_0/lib/xil_assert.o microblaze_0/lib/xil_cache.o microblaze_0
TRACE::2026-06-04.16:07:46::SCWMssOS::/lib/xil_clocking.o microblaze_0/lib/xil_exception.o microblaze_0/lib/xil_mem.o microblaze_0/lib/xil_misc_psreset_api.o microbl
TRACE::2026-06-04.16:07:46::SCWMssOS::aze_0/lib/xil_printf.o microblaze_0/lib/xil_sleepcommon.o microblaze_0/lib/xil_testcache.o microblaze_0/lib/xil_testio.o microb
TRACE::2026-06-04.16:07:46::SCWMssOS::laze_0/lib/xil_testmem.o microblaze_0/lib/xil_util.o microblaze_0/lib/xinterrupt_wrap.o microblaze_0/lib/xio.o microblaze_0/lib
TRACE::2026-06-04.16:07:46::SCWMssOS::/xplatform_info.o microblaze_0/lib/xuartlite.o microblaze_0/lib/xuartlite_g.o microblaze_0/lib/xuartlite_intr.o microblaze_0/li
TRACE::2026-06-04.16:07:46::SCWMssOS::b/xuartlite_l.o microblaze_0/lib/xuartlite_selftest.o microblaze_0/lib/xuartlite_sinit.o microblaze_0/lib/xuartlite_stats.o

TRACE::2026-06-04.16:07:46::SCWMssOS::'Finished building libraries'

TRACE::2026-06-04.16:07:46::SCWMssOS:: Checking if to create the Supporting Applications
TRACE::2026-06-04.16:07:46::SCWMssOS:: No Linux domain exists, trying to generate FSBL 
LOG::2026-06-04.16:07:46::SCWSystem::Completed Processing the domain standalone_microblaze_0
LOG::2026-06-04.16:07:46::SCWSystem::Completed Processing the sysconfig axi_fnd_wrapper
LOG::2026-06-04.16:07:46::SCWPlatform::Completed generating the artifacts for system configuration axi_fnd_wrapper
TRACE::2026-06-04.16:07:46::SCWPlatform::Started preparing the platform 
TRACE::2026-06-04.16:07:46::SCWSystem::Writing the bif file for system config axi_fnd_wrapper
TRACE::2026-06-04.16:07:46::SCWSystem::dir created 
TRACE::2026-06-04.16:07:46::SCWSystem::Writing the bif 
TRACE::2026-06-04.16:07:46::SCWPlatform::Started writing the spfm file 
TRACE::2026-06-04.16:07:46::SCWPlatform::Started writing the xpfm file 
TRACE::2026-06-04.16:07:46::SCWPlatform::Completed generating the platform
TRACE::2026-06-04.16:07:46::SCWMssOS::Saving the mss changes D:/vivado_pj/workspace_myip_axi_fnd/axi_fnd_wrapper/microblaze_0/standalone_microblaze_0/bsp/system.mss
TRACE::2026-06-04.16:07:46::SCWMssOS::Adding the swdes entry, mss present, able to open swdb D:/vivado_pj/workspace_myip_axi_fnd/axi_fnd_wrapper/microblaze_0/standalone_microblaze_0/bsp/system.mss with des name system
TRACE::2026-06-04.16:07:46::SCWMssOS::Writing the mss file completed D:/vivado_pj/workspace_myip_axi_fnd/axi_fnd_wrapper/microblaze_0/standalone_microblaze_0/bsp/system.mss
TRACE::2026-06-04.16:07:46::SCWMssOS::Commit changes completed.
TRACE::2026-06-04.16:07:46::SCWPlatform::Trying to open the hw design at D:/vivado_pj/workspace_myip_axi_fnd/axi_fnd_wrapper/hw/axi_fnd_wrapper6.xsa
TRACE::2026-06-04.16:07:46::SCWPlatform::DSA given D:/vivado_pj/workspace_myip_axi_fnd/axi_fnd_wrapper/hw/axi_fnd_wrapper6.xsa
TRACE::2026-06-04.16:07:46::SCWPlatform::DSA absoulate path D:/vivado_pj/workspace_myip_axi_fnd/axi_fnd_wrapper/hw/axi_fnd_wrapper6.xsa
TRACE::2026-06-04.16:07:46::SCWPlatform::DSA directory D:/vivado_pj/workspace_myip_axi_fnd/axi_fnd_wrapper/hw
TRACE::2026-06-04.16:07:46::SCWPlatform:: Platform Path D:/vivado_pj/workspace_myip_axi_fnd/axi_fnd_wrapper/hw/axi_fnd_wrapper6.xsa
TRACE::2026-06-04.16:07:46::SCWPlatform:: Unique name xilinx:::0.0
TRACE::2026-06-04.16:07:46::SCWPlatform::Trying to set the existing hwdb with name axi_fnd_wrapper_13
TRACE::2026-06-04.16:07:46::SCWPlatform::Opened existing hwdb axi_fnd_wrapper_13
TRACE::2026-06-04.16:07:46::SCWPlatform::Found the Hw Db part of the input DSA
TRACE::2026-06-04.16:07:46::SCWMssOS::Checking the sw design at  D:/vivado_pj/workspace_myip_axi_fnd/axi_fnd_wrapper/microblaze_0/standalone_microblaze_0/bsp/system.mss
TRACE::2026-06-04.16:07:46::SCWMssOS::DEBUG:  swdes dump  D:/vivado_pj/workspace_myip_axi_fnd/axi_fnd_wrapper/microblaze_0/standalone_microblaze_0/bsp/system.mss|system||

TRACE::2026-06-04.16:07:46::SCWMssOS::Sw design exists and opened at  D:/vivado_pj/workspace_myip_axi_fnd/axi_fnd_wrapper/microblaze_0/standalone_microblaze_0/bsp/system.mss
TRACE::2026-06-04.16:07:46::SCWWriter::formatted JSON is {
	"platformName":	"axi_fnd_wrapper",
	"sprVersion":	"2.0",
	"mode":	"gui",
	"dsaType":	"Fixed",
	"platformDesc":	"axi_fnd_wrapper",
	"platHandOff":	"D:/vivado_pj/my_ip_fnd/axi_fnd_wrapper6.xsa",
	"platIntHandOff":	"<platformDir>/hw/axi_fnd_wrapper6.xsa",
	"deviceType":	"FPGA",
	"platIsPrebuiltAutogen":	"false",
	"platIsNoBootBsp":	"false",
	"hasFsblMakeHasChanges":	"false",
	"hasPmufwMakeHasChanges":	"false",
	"platPreBuiltFlag":	false,
	"platformSamplesDir":	"",
	"platActiveSys":	"axi_fnd_wrapper",
	"systems":	[{
			"systemName":	"axi_fnd_wrapper",
			"systemDesc":	"axi_fnd_wrapper",
			"sysIsBootAutoGen":	"true",
			"systemDispName":	"axi_fnd_wrapper",
			"sysActiveDom":	"standalone_microblaze_0",
			"sysDefaultDom":	"standalone_microblaze_0",
			"domains":	[{
					"domainName":	"standalone_microblaze_0",
					"domainDispName":	"standalone_microblaze_0",
					"domainDesc":	"standalone_microblaze_0",
					"processors":	"microblaze_0",
					"os":	"standalone",
					"sdxOs":	"standalone",
					"debugEnable":	"False",
					"domRuntimes":	["cpp"],
					"swRepo":	"",
					"mssOsVer":	"8.1",
					"mssFile":	"",
					"md5Digest":	"64834a915ec6f44250ce937ec5448dd7",
					"compatibleApp":	"",
					"domType":	"mssDomain",
					"arch":	"32-bit",
					"appSettings":	{
						"appCompilerFlags":	"",
						"appLinkerFlags":	""
					},
					"addedLibs":	[],
					"libOptions":	{
						"libsContainingOptions":	[]
					},
					"prebuiltLibs":	{
						"prebuiltIncPath":	[],
						"prebuiltLibPath":	[]
					},
					"isolation":	{
					}
				}]
		}]
}
KEYINFO::2026-06-04.16:07:46::SCWPlatform::updated the xpfm file.
TRACE::2026-06-04.16:07:47::SCWPlatform::Trying to open the hw design at D:/vivado_pj/workspace_myip_axi_fnd/axi_fnd_wrapper/hw/axi_fnd_wrapper6.xsa
TRACE::2026-06-04.16:07:47::SCWPlatform::DSA given D:/vivado_pj/workspace_myip_axi_fnd/axi_fnd_wrapper/hw/axi_fnd_wrapper6.xsa
TRACE::2026-06-04.16:07:47::SCWPlatform::DSA absoulate path D:/vivado_pj/workspace_myip_axi_fnd/axi_fnd_wrapper/hw/axi_fnd_wrapper6.xsa
TRACE::2026-06-04.16:07:47::SCWPlatform::DSA directory D:/vivado_pj/workspace_myip_axi_fnd/axi_fnd_wrapper/hw
TRACE::2026-06-04.16:07:47::SCWPlatform:: Platform Path D:/vivado_pj/workspace_myip_axi_fnd/axi_fnd_wrapper/hw/axi_fnd_wrapper6.xsa
TRACE::2026-06-04.16:07:47::SCWPlatform:: Unique name xilinx:::0.0
TRACE::2026-06-04.16:07:47::SCWPlatform::Trying to set the existing hwdb with name axi_fnd_wrapper_13
TRACE::2026-06-04.16:07:47::SCWPlatform::Opened existing hwdb axi_fnd_wrapper_13
TRACE::2026-06-04.16:07:47::SCWPlatform::Found the Hw Db part of the input DSA
TRACE::2026-06-04.16:07:47::SCWMssOS::Checking the sw design at  D:/vivado_pj/workspace_myip_axi_fnd/axi_fnd_wrapper/microblaze_0/standalone_microblaze_0/bsp/system.mss
TRACE::2026-06-04.16:07:47::SCWMssOS::DEBUG:  swdes dump  D:/vivado_pj/workspace_myip_axi_fnd/axi_fnd_wrapper/microblaze_0/standalone_microblaze_0/bsp/system.mss|system||

TRACE::2026-06-04.16:07:47::SCWMssOS::Sw design exists and opened at  D:/vivado_pj/workspace_myip_axi_fnd/axi_fnd_wrapper/microblaze_0/standalone_microblaze_0/bsp/system.mss
TRACE::2026-06-04.16:07:57::SCWMssOS::cleaning the bsp 
TRACE::2026-06-04.16:07:57::SCWMssOS::System Command Ran  D: & cd  D:/vivado_pj/workspace_myip_axi_fnd/axi_fnd_wrapper/microblaze_0/standalone_microblaze_0/bsp & make clean 
TRACE::2026-06-04.16:07:57::SCWMssOS::make -C microblaze_0/libsrc/bram_v4_8/src -s clean 

TRACE::2026-06-04.16:07:58::SCWMssOS::make -C microblaze_0/libsrc/cpu_v2_17/src -s clean 

TRACE::2026-06-04.16:07:58::SCWMssOS::make -C microblaze_0/libsrc/standalone_v8_1/src -s clean 

TRACE::2026-06-04.16:07:58::SCWMssOS::make -C microblaze_0/libsrc/uartlite_v3_8/src -s clean 

TRACE::2026-06-04.16:07:58::SCWMssOS::rm -f microblaze_0/lib/libxil.a

TRACE::2026-06-04.16:08:03::SCWPlatform::Clearing the existing platform
TRACE::2026-06-04.16:08:03::SCWSystem::Clearing the existing sysconfig
TRACE::2026-06-04.16:08:03::SCWMssOS::Removing the swdes entry for  D:/vivado_pj/workspace_myip_axi_fnd/axi_fnd_wrapper/microblaze_0/standalone_microblaze_0/bsp/system.mss
TRACE::2026-06-04.16:08:03::SCWSystem::Clearing the domains completed.
TRACE::2026-06-04.16:08:03::SCWPlatform::Clearing the opened hw db.
TRACE::2026-06-04.16:08:03::SCWPlatform::DSA given D:/vivado_pj/workspace_myip_axi_fnd/axi_fnd_wrapper/hw/axi_fnd_wrapper6.xsa
TRACE::2026-06-04.16:08:03::SCWPlatform::DSA absoulate path D:/vivado_pj/workspace_myip_axi_fnd/axi_fnd_wrapper/hw/axi_fnd_wrapper6.xsa
TRACE::2026-06-04.16:08:03::SCWPlatform:: Platform location is D:/vivado_pj/workspace_myip_axi_fnd/axi_fnd_wrapper/hw
TRACE::2026-06-04.16:08:03::SCWPlatform:: Platform Path D:/vivado_pj/workspace_myip_axi_fnd/axi_fnd_wrapper/hw/axi_fnd_wrapper6.xsa
TRACE::2026-06-04.16:08:03::SCWPlatform:: Unique name xilinx:::0.0
TRACE::2026-06-04.16:08:03::SCWPlatform::Removing the HwDB with name D:/vivado_pj/workspace_myip_axi_fnd/axi_fnd_wrapper/hw/axi_fnd_wrapper6.xsa
TRACE::2026-06-04.16:08:03::SCWPlatform::Trying to open the hw design at D:/vivado_pj/workspace_myip_axi_fnd/axi_fnd_wrapper/hw/axi_fnd_wrapper6.xsa
TRACE::2026-06-04.16:08:03::SCWPlatform::DSA given D:/vivado_pj/workspace_myip_axi_fnd/axi_fnd_wrapper/hw/axi_fnd_wrapper6.xsa
TRACE::2026-06-04.16:08:03::SCWPlatform::DSA absoulate path D:/vivado_pj/workspace_myip_axi_fnd/axi_fnd_wrapper/hw/axi_fnd_wrapper6.xsa
TRACE::2026-06-04.16:08:03::SCWPlatform::DSA directory D:/vivado_pj/workspace_myip_axi_fnd/axi_fnd_wrapper/hw
TRACE::2026-06-04.16:08:03::SCWPlatform:: Platform Path D:/vivado_pj/workspace_myip_axi_fnd/axi_fnd_wrapper/hw/axi_fnd_wrapper6.xsa
TRACE::2026-06-04.16:08:03::SCWPlatform:: Unique name xilinx:::0.0
TRACE::2026-06-04.16:08:03::SCWPlatform::Do not have an existing db opened. 
TRACE::2026-06-04.16:08:03::SCWPlatform::Opened new HwDB with name axi_fnd_wrapper_14
TRACE::2026-06-04.16:08:03::SCWReader::Active system found as  axi_fnd_wrapper
TRACE::2026-06-04.16:08:03::SCWReader::Handling sysconfig axi_fnd_wrapper
TRACE::2026-06-04.16:08:03::SCWDomain::checking for install qemu data   : 
TRACE::2026-06-04.16:08:03::SCWPlatform::Trying to open the hw design at D:/vivado_pj/workspace_myip_axi_fnd/axi_fnd_wrapper/hw/axi_fnd_wrapper6.xsa
TRACE::2026-06-04.16:08:03::SCWPlatform::DSA given D:/vivado_pj/workspace_myip_axi_fnd/axi_fnd_wrapper/hw/axi_fnd_wrapper6.xsa
TRACE::2026-06-04.16:08:03::SCWPlatform::DSA absoulate path D:/vivado_pj/workspace_myip_axi_fnd/axi_fnd_wrapper/hw/axi_fnd_wrapper6.xsa
TRACE::2026-06-04.16:08:03::SCWPlatform::DSA directory D:/vivado_pj/workspace_myip_axi_fnd/axi_fnd_wrapper/hw
TRACE::2026-06-04.16:08:03::SCWPlatform:: Platform Path D:/vivado_pj/workspace_myip_axi_fnd/axi_fnd_wrapper/hw/axi_fnd_wrapper6.xsa
TRACE::2026-06-04.16:08:03::SCWPlatform:: Unique name xilinx:::0.0
TRACE::2026-06-04.16:08:03::SCWPlatform::Trying to set the existing hwdb with name axi_fnd_wrapper_14
TRACE::2026-06-04.16:08:03::SCWPlatform::Opened existing hwdb axi_fnd_wrapper_14
TRACE::2026-06-04.16:08:03::SCWPlatform::Found the Hw Db part of the input DSA
TRACE::2026-06-04.16:08:03::SCWPlatform::Trying to open the hw design at D:/vivado_pj/workspace_myip_axi_fnd/axi_fnd_wrapper/hw/axi_fnd_wrapper6.xsa
TRACE::2026-06-04.16:08:03::SCWPlatform::DSA given D:/vivado_pj/workspace_myip_axi_fnd/axi_fnd_wrapper/hw/axi_fnd_wrapper6.xsa
TRACE::2026-06-04.16:08:03::SCWPlatform::DSA absoulate path D:/vivado_pj/workspace_myip_axi_fnd/axi_fnd_wrapper/hw/axi_fnd_wrapper6.xsa
TRACE::2026-06-04.16:08:03::SCWPlatform::DSA directory D:/vivado_pj/workspace_myip_axi_fnd/axi_fnd_wrapper/hw
TRACE::2026-06-04.16:08:03::SCWPlatform:: Platform Path D:/vivado_pj/workspace_myip_axi_fnd/axi_fnd_wrapper/hw/axi_fnd_wrapper6.xsa
TRACE::2026-06-04.16:08:03::SCWPlatform:: Unique name xilinx:::0.0
TRACE::2026-06-04.16:08:03::SCWPlatform::Trying to set the existing hwdb with name axi_fnd_wrapper_14
TRACE::2026-06-04.16:08:03::SCWPlatform::Opened existing hwdb axi_fnd_wrapper_14
TRACE::2026-06-04.16:08:03::SCWPlatform::Found the Hw Db part of the input DSA
TRACE::2026-06-04.16:08:03::SCWPlatform::Trying to open the hw design at D:/vivado_pj/workspace_myip_axi_fnd/axi_fnd_wrapper/hw/axi_fnd_wrapper6.xsa
TRACE::2026-06-04.16:08:03::SCWPlatform::DSA given D:/vivado_pj/workspace_myip_axi_fnd/axi_fnd_wrapper/hw/axi_fnd_wrapper6.xsa
TRACE::2026-06-04.16:08:03::SCWPlatform::DSA absoulate path D:/vivado_pj/workspace_myip_axi_fnd/axi_fnd_wrapper/hw/axi_fnd_wrapper6.xsa
TRACE::2026-06-04.16:08:03::SCWPlatform::DSA directory D:/vivado_pj/workspace_myip_axi_fnd/axi_fnd_wrapper/hw
TRACE::2026-06-04.16:08:03::SCWPlatform:: Platform Path D:/vivado_pj/workspace_myip_axi_fnd/axi_fnd_wrapper/hw/axi_fnd_wrapper6.xsa
TRACE::2026-06-04.16:08:03::SCWPlatform:: Unique name xilinx:::0.0
TRACE::2026-06-04.16:08:03::SCWPlatform::Trying to set the existing hwdb with name axi_fnd_wrapper_14
TRACE::2026-06-04.16:08:03::SCWPlatform::Opened existing hwdb axi_fnd_wrapper_14
TRACE::2026-06-04.16:08:03::SCWPlatform::Found the Hw Db part of the input DSA
TRACE::2026-06-04.16:08:03::SCWPlatform::Trying to open the hw design at D:/vivado_pj/workspace_myip_axi_fnd/axi_fnd_wrapper/hw/axi_fnd_wrapper6.xsa
TRACE::2026-06-04.16:08:03::SCWPlatform::DSA given D:/vivado_pj/workspace_myip_axi_fnd/axi_fnd_wrapper/hw/axi_fnd_wrapper6.xsa
TRACE::2026-06-04.16:08:03::SCWPlatform::DSA absoulate path D:/vivado_pj/workspace_myip_axi_fnd/axi_fnd_wrapper/hw/axi_fnd_wrapper6.xsa
TRACE::2026-06-04.16:08:03::SCWPlatform::DSA directory D:/vivado_pj/workspace_myip_axi_fnd/axi_fnd_wrapper/hw
TRACE::2026-06-04.16:08:03::SCWPlatform:: Platform Path D:/vivado_pj/workspace_myip_axi_fnd/axi_fnd_wrapper/hw/axi_fnd_wrapper6.xsa
TRACE::2026-06-04.16:08:03::SCWPlatform:: Unique name xilinx:::0.0
TRACE::2026-06-04.16:08:03::SCWPlatform::Trying to set the existing hwdb with name axi_fnd_wrapper_14
TRACE::2026-06-04.16:08:03::SCWPlatform::Opened existing hwdb axi_fnd_wrapper_14
TRACE::2026-06-04.16:08:03::SCWPlatform::Found the Hw Db part of the input DSA
TRACE::2026-06-04.16:08:03::SCWMssOS::Checking the sw design at  D:/vivado_pj/workspace_myip_axi_fnd/axi_fnd_wrapper/microblaze_0/standalone_microblaze_0/bsp/system.mss
TRACE::2026-06-04.16:08:03::SCWMssOS::DEBUG:  swdes dump  
TRACE::2026-06-04.16:08:03::SCWMssOS::No sw design opened at  D:/vivado_pj/workspace_myip_axi_fnd/axi_fnd_wrapper/microblaze_0/standalone_microblaze_0/bsp/system.mss
TRACE::2026-06-04.16:08:03::SCWMssOS::mss exists loading the mss file  D:/vivado_pj/workspace_myip_axi_fnd/axi_fnd_wrapper/microblaze_0/standalone_microblaze_0/bsp/system.mss
TRACE::2026-06-04.16:08:03::SCWMssOS::Opened the sw design from mss  D:/vivado_pj/workspace_myip_axi_fnd/axi_fnd_wrapper/microblaze_0/standalone_microblaze_0/bsp/system.mss
TRACE::2026-06-04.16:08:03::SCWMssOS::Adding the swdes entry D:/vivado_pj/workspace_myip_axi_fnd/axi_fnd_wrapper/microblaze_0/standalone_microblaze_0/bsp/system.mss with des name system
TRACE::2026-06-04.16:08:03::SCWMssOS::updating the scw layer about changes
TRACE::2026-06-04.16:08:03::SCWMssOS::Opened the sw design.  D:/vivado_pj/workspace_myip_axi_fnd/axi_fnd_wrapper/microblaze_0/standalone_microblaze_0/bsp/system.mss
TRACE::2026-06-04.16:08:03::SCWMssOS::Saving the mss changes D:/vivado_pj/workspace_myip_axi_fnd/axi_fnd_wrapper/microblaze_0/standalone_microblaze_0/bsp/system.mss
TRACE::2026-06-04.16:08:03::SCWMssOS::Found a swdesign opened with the mssfile.
TRACE::2026-06-04.16:08:03::SCWMssOS::Completed writemss as part of save.
TRACE::2026-06-04.16:08:03::SCWMssOS::Commit changes completed.
TRACE::2026-06-04.16:08:03::SCWReader::Adding prebuilt librarypaths as   
TRACE::2026-06-04.16:08:03::SCWReader::Adding prebuilt incpaths  as   
TRACE::2026-06-04.16:08:03::SCWPlatform::Trying to open the hw design at D:/vivado_pj/workspace_myip_axi_fnd/axi_fnd_wrapper/hw/axi_fnd_wrapper6.xsa
TRACE::2026-06-04.16:08:03::SCWPlatform::DSA given D:/vivado_pj/workspace_myip_axi_fnd/axi_fnd_wrapper/hw/axi_fnd_wrapper6.xsa
TRACE::2026-06-04.16:08:03::SCWPlatform::DSA absoulate path D:/vivado_pj/workspace_myip_axi_fnd/axi_fnd_wrapper/hw/axi_fnd_wrapper6.xsa
TRACE::2026-06-04.16:08:03::SCWPlatform::DSA directory D:/vivado_pj/workspace_myip_axi_fnd/axi_fnd_wrapper/hw
TRACE::2026-06-04.16:08:03::SCWPlatform:: Platform Path D:/vivado_pj/workspace_myip_axi_fnd/axi_fnd_wrapper/hw/axi_fnd_wrapper6.xsa
TRACE::2026-06-04.16:08:03::SCWPlatform:: Unique name xilinx:::0.0
TRACE::2026-06-04.16:08:03::SCWPlatform::Trying to set the existing hwdb with name axi_fnd_wrapper_14
TRACE::2026-06-04.16:08:03::SCWPlatform::Opened existing hwdb axi_fnd_wrapper_14
TRACE::2026-06-04.16:08:03::SCWPlatform::Found the Hw Db part of the input DSA
TRACE::2026-06-04.16:08:03::SCWMssOS::Checking the sw design at  D:/vivado_pj/workspace_myip_axi_fnd/axi_fnd_wrapper/microblaze_0/standalone_microblaze_0/bsp/system.mss
TRACE::2026-06-04.16:08:03::SCWMssOS::DEBUG:  swdes dump  D:/vivado_pj/workspace_myip_axi_fnd/axi_fnd_wrapper/microblaze_0/standalone_microblaze_0/bsp/system.mss|system||

TRACE::2026-06-04.16:08:03::SCWMssOS::Sw design exists and opened at  D:/vivado_pj/workspace_myip_axi_fnd/axi_fnd_wrapper/microblaze_0/standalone_microblaze_0/bsp/system.mss
TRACE::2026-06-04.16:08:03::SCWReader::No isolation master present  
TRACE::2026-06-04.16:08:05::SCWPlatform::DSA given D:/vivado_pj/workspace_myip_axi_fnd/axi_fnd_wrapper/tempdsa/axi_fnd_wrapper6.xsa
TRACE::2026-06-04.16:08:05::SCWPlatform::DSA absoulate path D:/vivado_pj/workspace_myip_axi_fnd/axi_fnd_wrapper/tempdsa/axi_fnd_wrapper6.xsa
TRACE::2026-06-04.16:08:05::SCWPlatform:: Platform location is D:/vivado_pj/workspace_myip_axi_fnd/axi_fnd_wrapper/tempdsa
TRACE::2026-06-04.16:08:05::SCWPlatform:: Platform Path D:/vivado_pj/workspace_myip_axi_fnd/axi_fnd_wrapper/tempdsa/axi_fnd_wrapper6.xsa
TRACE::2026-06-04.16:08:05::SCWPlatform:: Unique name xilinx:::0.0
TRACE::2026-06-04.16:08:06::SCWPlatform::Found the Hw Db part of the input DSA
TRACE::2026-06-04.16:08:06::SCWMssOS::Doing hw sync for the mss in domain: standalone_microblaze_0
TRACE::2026-06-04.16:08:06::SCWPlatform::Trying to open the hw design at D:/vivado_pj/workspace_myip_axi_fnd/axi_fnd_wrapper/hw/axi_fnd_wrapper6.xsa
TRACE::2026-06-04.16:08:06::SCWPlatform::DSA given D:/vivado_pj/workspace_myip_axi_fnd/axi_fnd_wrapper/hw/axi_fnd_wrapper6.xsa
TRACE::2026-06-04.16:08:06::SCWPlatform::DSA absoulate path D:/vivado_pj/workspace_myip_axi_fnd/axi_fnd_wrapper/hw/axi_fnd_wrapper6.xsa
TRACE::2026-06-04.16:08:06::SCWPlatform::DSA directory D:/vivado_pj/workspace_myip_axi_fnd/axi_fnd_wrapper/hw
TRACE::2026-06-04.16:08:06::SCWPlatform:: Platform Path D:/vivado_pj/workspace_myip_axi_fnd/axi_fnd_wrapper/hw/axi_fnd_wrapper6.xsa
TRACE::2026-06-04.16:08:06::SCWPlatform:: Unique name xilinx:::0.0
TRACE::2026-06-04.16:08:06::SCWPlatform::Trying to set the existing hwdb with name axi_fnd_wrapper_14
TRACE::2026-06-04.16:08:06::SCWPlatform::Opened existing hwdb axi_fnd_wrapper_14
TRACE::2026-06-04.16:08:06::SCWPlatform::Found the Hw Db part of the input DSA
TRACE::2026-06-04.16:08:06::SCWPlatform::Trying to open the hw design at D:/vivado_pj/workspace_myip_axi_fnd/axi_fnd_wrapper/hw/axi_fnd_wrapper6.xsa
TRACE::2026-06-04.16:08:06::SCWPlatform::DSA given D:/vivado_pj/workspace_myip_axi_fnd/axi_fnd_wrapper/hw/axi_fnd_wrapper6.xsa
TRACE::2026-06-04.16:08:06::SCWPlatform::DSA absoulate path D:/vivado_pj/workspace_myip_axi_fnd/axi_fnd_wrapper/hw/axi_fnd_wrapper6.xsa
TRACE::2026-06-04.16:08:06::SCWPlatform::DSA directory D:/vivado_pj/workspace_myip_axi_fnd/axi_fnd_wrapper/hw
TRACE::2026-06-04.16:08:06::SCWPlatform:: Platform Path D:/vivado_pj/workspace_myip_axi_fnd/axi_fnd_wrapper/hw/axi_fnd_wrapper6.xsa
TRACE::2026-06-04.16:08:06::SCWPlatform:: Unique name xilinx:::0.0
TRACE::2026-06-04.16:08:06::SCWPlatform::Trying to set the existing hwdb with name axi_fnd_wrapper_14
TRACE::2026-06-04.16:08:06::SCWPlatform::Opened existing hwdb axi_fnd_wrapper_14
TRACE::2026-06-04.16:08:06::SCWPlatform::Found the Hw Db part of the input DSA
TRACE::2026-06-04.16:08:06::SCWMssOS::Checking the sw design at  D:/vivado_pj/workspace_myip_axi_fnd/axi_fnd_wrapper/microblaze_0/standalone_microblaze_0/bsp/system.mss
TRACE::2026-06-04.16:08:06::SCWMssOS::DEBUG:  swdes dump  D:/vivado_pj/workspace_myip_axi_fnd/axi_fnd_wrapper/microblaze_0/standalone_microblaze_0/bsp/system.mss|system||

TRACE::2026-06-04.16:08:06::SCWMssOS::Sw design exists and opened at  D:/vivado_pj/workspace_myip_axi_fnd/axi_fnd_wrapper/microblaze_0/standalone_microblaze_0/bsp/system.mss
TRACE::2026-06-04.16:08:06::SCWPlatform::Trying to open the hw design at D:/vivado_pj/workspace_myip_axi_fnd/axi_fnd_wrapper/tempdsa/axi_fnd_wrapper6.xsa
TRACE::2026-06-04.16:08:06::SCWPlatform::DSA given D:/vivado_pj/workspace_myip_axi_fnd/axi_fnd_wrapper/tempdsa/axi_fnd_wrapper6.xsa
TRACE::2026-06-04.16:08:06::SCWPlatform::DSA absoulate path D:/vivado_pj/workspace_myip_axi_fnd/axi_fnd_wrapper/tempdsa/axi_fnd_wrapper6.xsa
TRACE::2026-06-04.16:08:06::SCWPlatform::DSA directory D:/vivado_pj/workspace_myip_axi_fnd/axi_fnd_wrapper/tempdsa
TRACE::2026-06-04.16:08:06::SCWPlatform:: Platform Path D:/vivado_pj/workspace_myip_axi_fnd/axi_fnd_wrapper/tempdsa/axi_fnd_wrapper6.xsa
TRACE::2026-06-04.16:08:06::SCWPlatform:: Unique name xilinx:::0.0
TRACE::2026-06-04.16:08:06::SCWPlatform::update - Opened existing hwdb axi_fnd_wrapper_15
TRACE::2026-06-04.16:08:06::SCWPlatform::Found the Hw Db part of the input DSA
TRACE::2026-06-04.16:08:06::SCWMssOS::Saving the mss changes D:/vivado_pj/workspace_myip_axi_fnd/axi_fnd_wrapper/microblaze_0/standalone_microblaze_0/bsp/system.mss
TRACE::2026-06-04.16:08:06::SCWMssOS::Found a swdesign opened with the mssfile.
TRACE::2026-06-04.16:08:06::SCWMssOS::Completed writemss as part of save.
TRACE::2026-06-04.16:08:06::SCWMssOS::Commit changes completed.
TRACE::2026-06-04.16:08:06::SCWMssOS::Completed hw sync for the mss in domain: standalone_microblaze_0
TRACE::2026-06-04.16:08:06::SCWMssOS::Removing the swdes entry for  D:/vivado_pj/workspace_myip_axi_fnd/axi_fnd_wrapper/microblaze_0/standalone_microblaze_0/bsp/system.mss
TRACE::2026-06-04.16:08:06::SCWPlatform::Trying to open the hw design at D:/vivado_pj/workspace_myip_axi_fnd/axi_fnd_wrapper/hw/axi_fnd_wrapper6.xsa
TRACE::2026-06-04.16:08:06::SCWPlatform::DSA given D:/vivado_pj/workspace_myip_axi_fnd/axi_fnd_wrapper/hw/axi_fnd_wrapper6.xsa
TRACE::2026-06-04.16:08:06::SCWPlatform::DSA absoulate path D:/vivado_pj/workspace_myip_axi_fnd/axi_fnd_wrapper/hw/axi_fnd_wrapper6.xsa
TRACE::2026-06-04.16:08:06::SCWPlatform::DSA directory D:/vivado_pj/workspace_myip_axi_fnd/axi_fnd_wrapper/hw
TRACE::2026-06-04.16:08:06::SCWPlatform:: Platform Path D:/vivado_pj/workspace_myip_axi_fnd/axi_fnd_wrapper/hw/axi_fnd_wrapper6.xsa
TRACE::2026-06-04.16:08:06::SCWPlatform:: Unique name xilinx:::0.0
TRACE::2026-06-04.16:08:06::SCWPlatform::Do not have an existing db opened. 
TRACE::2026-06-04.16:08:06::SCWPlatform::Opened new HwDB with name axi_fnd_wrapper_16
TRACE::2026-06-04.16:08:06::SCWMssOS::Saving the mss changes D:/vivado_pj/workspace_myip_axi_fnd/axi_fnd_wrapper/microblaze_0/standalone_microblaze_0/bsp/system.mss
TRACE::2026-06-04.16:08:06::SCWMssOS::Adding the swdes entry, mss present, able to open swdb D:/vivado_pj/workspace_myip_axi_fnd/axi_fnd_wrapper/microblaze_0/standalone_microblaze_0/bsp/system.mss with des name system
TRACE::2026-06-04.16:08:06::SCWMssOS::Writing the mss file completed D:/vivado_pj/workspace_myip_axi_fnd/axi_fnd_wrapper/microblaze_0/standalone_microblaze_0/bsp/system.mss
TRACE::2026-06-04.16:08:06::SCWMssOS::Commit changes completed.
TRACE::2026-06-04.16:08:06::SCWPlatform::Trying to open the hw design at D:/vivado_pj/workspace_myip_axi_fnd/axi_fnd_wrapper/hw/axi_fnd_wrapper6.xsa
TRACE::2026-06-04.16:08:06::SCWPlatform::DSA given D:/vivado_pj/workspace_myip_axi_fnd/axi_fnd_wrapper/hw/axi_fnd_wrapper6.xsa
TRACE::2026-06-04.16:08:06::SCWPlatform::DSA absoulate path D:/vivado_pj/workspace_myip_axi_fnd/axi_fnd_wrapper/hw/axi_fnd_wrapper6.xsa
TRACE::2026-06-04.16:08:06::SCWPlatform::DSA directory D:/vivado_pj/workspace_myip_axi_fnd/axi_fnd_wrapper/hw
TRACE::2026-06-04.16:08:06::SCWPlatform:: Platform Path D:/vivado_pj/workspace_myip_axi_fnd/axi_fnd_wrapper/hw/axi_fnd_wrapper6.xsa
TRACE::2026-06-04.16:08:06::SCWPlatform:: Unique name xilinx:::0.0
TRACE::2026-06-04.16:08:06::SCWPlatform::Trying to set the existing hwdb with name axi_fnd_wrapper_16
TRACE::2026-06-04.16:08:06::SCWPlatform::Opened existing hwdb axi_fnd_wrapper_16
TRACE::2026-06-04.16:08:06::SCWPlatform::Found the Hw Db part of the input DSA
TRACE::2026-06-04.16:08:06::SCWMssOS::Checking the sw design at  D:/vivado_pj/workspace_myip_axi_fnd/axi_fnd_wrapper/microblaze_0/standalone_microblaze_0/bsp/system.mss
TRACE::2026-06-04.16:08:06::SCWMssOS::DEBUG:  swdes dump  D:/vivado_pj/workspace_myip_axi_fnd/axi_fnd_wrapper/microblaze_0/standalone_microblaze_0/bsp/system.mss|system||

TRACE::2026-06-04.16:08:06::SCWMssOS::Sw design exists and opened at  D:/vivado_pj/workspace_myip_axi_fnd/axi_fnd_wrapper/microblaze_0/standalone_microblaze_0/bsp/system.mss
TRACE::2026-06-04.16:08:06::SCWWriter::formatted JSON is {
	"platformName":	"axi_fnd_wrapper",
	"sprVersion":	"2.0",
	"mode":	"gui",
	"dsaType":	"Fixed",
	"platformDesc":	"axi_fnd_wrapper",
	"platHandOff":	"D:/vivado_pj/my_ip_fnd/axi_fnd_wrapper6.xsa",
	"platIntHandOff":	"<platformDir>/hw/axi_fnd_wrapper6.xsa",
	"deviceType":	"FPGA",
	"platIsPrebuiltAutogen":	"false",
	"platIsNoBootBsp":	"false",
	"hasFsblMakeHasChanges":	"false",
	"hasPmufwMakeHasChanges":	"false",
	"platPreBuiltFlag":	false,
	"platformSamplesDir":	"",
	"platActiveSys":	"axi_fnd_wrapper",
	"systems":	[{
			"systemName":	"axi_fnd_wrapper",
			"systemDesc":	"axi_fnd_wrapper",
			"sysIsBootAutoGen":	"true",
			"systemDispName":	"axi_fnd_wrapper",
			"sysActiveDom":	"standalone_microblaze_0",
			"sysDefaultDom":	"standalone_microblaze_0",
			"domains":	[{
					"domainName":	"standalone_microblaze_0",
					"domainDispName":	"standalone_microblaze_0",
					"domainDesc":	"standalone_microblaze_0",
					"processors":	"microblaze_0",
					"os":	"standalone",
					"sdxOs":	"standalone",
					"debugEnable":	"False",
					"domRuntimes":	["cpp"],
					"swRepo":	"",
					"mssOsVer":	"8.1",
					"mssFile":	"",
					"md5Digest":	"64834a915ec6f44250ce937ec5448dd71",
					"compatibleApp":	"",
					"domType":	"mssDomain",
					"arch":	"32-bit",
					"appSettings":	{
						"appCompilerFlags":	"",
						"appLinkerFlags":	""
					},
					"addedLibs":	[],
					"libOptions":	{
						"libsContainingOptions":	[]
					},
					"prebuiltLibs":	{
						"prebuiltIncPath":	[],
						"prebuiltLibPath":	[]
					},
					"isolation":	{
					}
				}]
		}]
}
LOG::2026-06-04.16:08:15::SCWPlatform::Started generating the artifacts platform axi_fnd_wrapper
TRACE::2026-06-04.16:08:15::SCWPlatform::Sanity checking of platform is completed
LOG::2026-06-04.16:08:15::SCWPlatform::Started generating the artifacts for system configuration axi_fnd_wrapper
LOG::2026-06-04.16:08:15::SCWSystem::Checking the domain standalone_microblaze_0
LOG::2026-06-04.16:08:15::SCWSystem::Not a boot domain 
LOG::2026-06-04.16:08:15::SCWSystem::Started Processing the domain standalone_microblaze_0
TRACE::2026-06-04.16:08:15::SCWDomain::Generating domain artifcats
TRACE::2026-06-04.16:08:15::SCWMssOS::Generating standalone artifcats
TRACE::2026-06-04.16:08:15::SCWMssOS:: Copying the user libraries. 
TRACE::2026-06-04.16:08:15::SCWPlatform::Trying to open the hw design at D:/vivado_pj/workspace_myip_axi_fnd/axi_fnd_wrapper/hw/axi_fnd_wrapper6.xsa
TRACE::2026-06-04.16:08:15::SCWPlatform::DSA given D:/vivado_pj/workspace_myip_axi_fnd/axi_fnd_wrapper/hw/axi_fnd_wrapper6.xsa
TRACE::2026-06-04.16:08:15::SCWPlatform::DSA absoulate path D:/vivado_pj/workspace_myip_axi_fnd/axi_fnd_wrapper/hw/axi_fnd_wrapper6.xsa
TRACE::2026-06-04.16:08:15::SCWPlatform::DSA directory D:/vivado_pj/workspace_myip_axi_fnd/axi_fnd_wrapper/hw
TRACE::2026-06-04.16:08:15::SCWPlatform:: Platform Path D:/vivado_pj/workspace_myip_axi_fnd/axi_fnd_wrapper/hw/axi_fnd_wrapper6.xsa
TRACE::2026-06-04.16:08:15::SCWPlatform:: Unique name xilinx:::0.0
TRACE::2026-06-04.16:08:15::SCWPlatform::Trying to set the existing hwdb with name axi_fnd_wrapper_16
TRACE::2026-06-04.16:08:15::SCWPlatform::Opened existing hwdb axi_fnd_wrapper_16
TRACE::2026-06-04.16:08:15::SCWPlatform::Found the Hw Db part of the input DSA
TRACE::2026-06-04.16:08:15::SCWMssOS::Checking the sw design at  D:/vivado_pj/workspace_myip_axi_fnd/axi_fnd_wrapper/microblaze_0/standalone_microblaze_0/bsp/system.mss
TRACE::2026-06-04.16:08:15::SCWMssOS::DEBUG:  swdes dump  D:/vivado_pj/workspace_myip_axi_fnd/axi_fnd_wrapper/microblaze_0/standalone_microblaze_0/bsp/system.mss|system||

TRACE::2026-06-04.16:08:15::SCWMssOS::Sw design exists and opened at  D:/vivado_pj/workspace_myip_axi_fnd/axi_fnd_wrapper/microblaze_0/standalone_microblaze_0/bsp/system.mss
TRACE::2026-06-04.16:08:15::SCWMssOS::Completed writing the mss file at D:/vivado_pj/workspace_myip_axi_fnd/axi_fnd_wrapper/microblaze_0/standalone_microblaze_0/bsp
TRACE::2026-06-04.16:08:15::SCWMssOS::Mss edits present, copying mssfile into export location D:/vivado_pj/workspace_myip_axi_fnd/axi_fnd_wrapper/microblaze_0/standalone_microblaze_0/bsp/system.mss
TRACE::2026-06-04.16:08:15::SCWMssOS::bsp generated is stale removing and regenerating. 
TRACE::2026-06-04.16:08:15::SCWMssOS::doing bsp build ... 
TRACE::2026-06-04.16:08:15::SCWMssOS::System Command Ran  D: & cd  D:/vivado_pj/workspace_myip_axi_fnd/axi_fnd_wrapper/microblaze_0/standalone_microblaze_0/bsp & make 
TRACE::2026-06-04.16:08:15::SCWMssOS::make --no-print-directory seq_libs

TRACE::2026-06-04.16:08:15::SCWMssOS::'Finished building libraries sequentially.'

TRACE::2026-06-04.16:08:15::SCWMssOS::make -j 18 --no-print-directory par_libs

TRACE::2026-06-04.16:08:15::SCWMssOS::"Running Make include in microblaze_0/libsrc/bram_v4_8/src"

TRACE::2026-06-04.16:08:15::SCWMssOS::make -C microblaze_0/libsrc/bram_v4_8/src -s include  "SHELL=CMD" "COMPILER=mb-gcc" "ASSEMBLER=mb-as" "ARCHIVER=mb-ar" "COMPILE
TRACE::2026-06-04.16:08:15::SCWMssOS::R_FLAGS=  -O2 -c -mcpu=v11.0 -mlittle-endian -mxl-soft-mul" "EXTRA_COMPILER_FLAGS=-g -ffunction-sections -fdata-sections -Wall 
TRACE::2026-06-04.16:08:15::SCWMssOS::-Wextra -fno-tree-loop-distribute-patterns"

TRACE::2026-06-04.16:08:15::SCWMssOS::"Running Make include in microblaze_0/libsrc/cpu_v2_17/src"

TRACE::2026-06-04.16:08:15::SCWMssOS::make -C microblaze_0/libsrc/cpu_v2_17/src -s include  "SHELL=CMD" "COMPILER=mb-gcc" "ASSEMBLER=mb-as" "ARCHIVER=mb-ar" "COMPILE
TRACE::2026-06-04.16:08:15::SCWMssOS::R_FLAGS=  -O2 -c -mcpu=v11.0 -mlittle-endian -mxl-soft-mul" "EXTRA_COMPILER_FLAGS=-g -ffunction-sections -fdata-sections -Wall 
TRACE::2026-06-04.16:08:15::SCWMssOS::-Wextra -fno-tree-loop-distribute-patterns"

TRACE::2026-06-04.16:08:15::SCWMssOS::"Running Make include in microblaze_0/libsrc/standalone_v8_1/src"

TRACE::2026-06-04.16:08:15::SCWMssOS::make -C microblaze_0/libsrc/standalone_v8_1/src -s include  "SHELL=CMD" "COMPILER=mb-gcc" "ASSEMBLER=mb-as" "ARCHIVER=mb-ar" "C
TRACE::2026-06-04.16:08:15::SCWMssOS::OMPILER_FLAGS=  -O2 -c -mcpu=v11.0 -mlittle-endian -mxl-soft-mul" "EXTRA_COMPILER_FLAGS=-g -ffunction-sections -fdata-sections 
TRACE::2026-06-04.16:08:15::SCWMssOS::-Wall -Wextra -fno-tree-loop-distribute-patterns"

TRACE::2026-06-04.16:08:15::SCWMssOS::"Running Make include in microblaze_0/libsrc/uartlite_v3_8/src"

TRACE::2026-06-04.16:08:15::SCWMssOS::make -C microblaze_0/libsrc/uartlite_v3_8/src -s include  "SHELL=CMD" "COMPILER=mb-gcc" "ASSEMBLER=mb-as" "ARCHIVER=mb-ar" "COM
TRACE::2026-06-04.16:08:15::SCWMssOS::PILER_FLAGS=  -O2 -c -mcpu=v11.0 -mlittle-endian -mxl-soft-mul" "EXTRA_COMPILER_FLAGS=-g -ffunction-sections -fdata-sections -W
TRACE::2026-06-04.16:08:15::SCWMssOS::all -Wextra -fno-tree-loop-distribute-patterns"

TRACE::2026-06-04.16:08:16::SCWMssOS::"Running Make libs in microblaze_0/libsrc/bram_v4_8/src"

TRACE::2026-06-04.16:08:16::SCWMssOS::make -C microblaze_0/libsrc/bram_v4_8/src -s libs  "SHELL=CMD" "COMPILER=mb-gcc" "ASSEMBLER=mb-as" "ARCHIVER=mb-ar" "COMPILER_F
TRACE::2026-06-04.16:08:16::SCWMssOS::LAGS=  -O2 -c -mcpu=v11.0 -mlittle-endian -mxl-soft-mul" "EXTRA_COMPILER_FLAGS=-g -ffunction-sections -fdata-sections -Wall -We
TRACE::2026-06-04.16:08:16::SCWMssOS::xtra -fno-tree-loop-distribute-patterns"

TRACE::2026-06-04.16:08:16::SCWMssOS::"Running Make libs in microblaze_0/libsrc/cpu_v2_17/src"

TRACE::2026-06-04.16:08:16::SCWMssOS::make -C microblaze_0/libsrc/cpu_v2_17/src -s libs  "SHELL=CMD" "COMPILER=mb-gcc" "ASSEMBLER=mb-as" "ARCHIVER=mb-ar" "COMPILER_F
TRACE::2026-06-04.16:08:16::SCWMssOS::LAGS=  -O2 -c -mcpu=v11.0 -mlittle-endian -mxl-soft-mul" "EXTRA_COMPILER_FLAGS=-g -ffunction-sections -fdata-sections -Wall -We
TRACE::2026-06-04.16:08:16::SCWMssOS::xtra -fno-tree-loop-distribute-patterns"

TRACE::2026-06-04.16:08:16::SCWMssOS::"Running Make libs in microblaze_0/libsrc/standalone_v8_1/src"

TRACE::2026-06-04.16:08:16::SCWMssOS::make -C microblaze_0/libsrc/standalone_v8_1/src -s libs  "SHELL=CMD" "COMPILER=mb-gcc" "ASSEMBLER=mb-as" "ARCHIVER=mb-ar" "COMP
TRACE::2026-06-04.16:08:16::SCWMssOS::ILER_FLAGS=  -O2 -c -mcpu=v11.0 -mlittle-endian -mxl-soft-mul" "EXTRA_COMPILER_FLAGS=-g -ffunction-sections -fdata-sections -Wa
TRACE::2026-06-04.16:08:16::SCWMssOS::ll -Wextra -fno-tree-loop-distribute-patterns"

TRACE::2026-06-04.16:08:16::SCWMssOS::"Running Make libs in microblaze_0/libsrc/uartlite_v3_8/src"

TRACE::2026-06-04.16:08:16::SCWMssOS::make -C microblaze_0/libsrc/uartlite_v3_8/src -s libs  "SHELL=CMD" "COMPILER=mb-gcc" "ASSEMBLER=mb-as" "ARCHIVER=mb-ar" "COMPIL
TRACE::2026-06-04.16:08:16::SCWMssOS::ER_FLAGS=  -O2 -c -mcpu=v11.0 -mlittle-endian -mxl-soft-mul" "EXTRA_COMPILER_FLAGS=-g -ffunction-sections -fdata-sections -Wall
TRACE::2026-06-04.16:08:16::SCWMssOS:: -Wextra -fno-tree-loop-distribute-patterns"

TRACE::2026-06-04.16:08:16::SCWMssOS::"DEBUG NON_LTO_OBJECTS is ../../../lib/microblaze_interrupt_handler.o"

TRACE::2026-06-04.16:08:16::SCWMssOS::'Finished building libraries parallelly.'

TRACE::2026-06-04.16:08:16::SCWMssOS::make --no-print-directory archive

TRACE::2026-06-04.16:08:16::SCWMssOS::mb-ar -r  microblaze_0/lib/libxil.a microblaze_0/lib/_exit.o microblaze_0/lib/errno.o microblaze_0/lib/fcntl.o microblaze_0/lib
TRACE::2026-06-04.16:08:16::SCWMssOS::/hw_exception_handler.o microblaze_0/lib/inbyte.o microblaze_0/lib/microblaze_disable_dcache.o microblaze_0/lib/microblaze_disa
TRACE::2026-06-04.16:08:16::SCWMssOS::ble_exceptions.o microblaze_0/lib/microblaze_disable_icache.o microblaze_0/lib/microblaze_disable_interrupts.o microblaze_0/lib
TRACE::2026-06-04.16:08:16::SCWMssOS::/microblaze_enable_dcache.o microblaze_0/lib/microblaze_enable_exceptions.o microblaze_0/lib/microblaze_enable_icache.o microbl
TRACE::2026-06-04.16:08:16::SCWMssOS::aze_0/lib/microblaze_enable_interrupts.o microblaze_0/lib/microblaze_exception_handler.o microblaze_0/lib/microblaze_flush_cach
TRACE::2026-06-04.16:08:16::SCWMssOS::e_ext.o microblaze_0/lib/microblaze_flush_cache_ext_range.o microblaze_0/lib/microblaze_flush_dcache.o microblaze_0/lib/microbl
TRACE::2026-06-04.16:08:16::SCWMssOS::aze_flush_dcache_range.o microblaze_0/lib/microblaze_init_dcache_range.o microblaze_0/lib/microblaze_init_icache_range.o microb
TRACE::2026-06-04.16:08:16::SCWMssOS::laze_0/lib/microblaze_interrupt_handler.o microblaze_0/lib/microblaze_interrupts_g.o microblaze_0/lib/microblaze_invalidate_cac
TRACE::2026-06-04.16:08:16::SCWMssOS::he_ext.o microblaze_0/lib/microblaze_invalidate_cache_ext_range.o microblaze_0/lib/microblaze_invalidate_dcache.o microblaze_0/
TRACE::2026-06-04.16:08:16::SCWMssOS::lib/microblaze_invalidate_dcache_range.o microblaze_0/lib/microblaze_invalidate_icache.o microblaze_0/lib/microblaze_invalidate
TRACE::2026-06-04.16:08:16::SCWMssOS::_icache_range.o microblaze_0/lib/microblaze_scrub.o microblaze_0/lib/microblaze_selftest.o microblaze_0/lib/microblaze_sleep.o 
TRACE::2026-06-04.16:08:16::SCWMssOS::microblaze_0/lib/microblaze_update_dcache.o microblaze_0/lib/microblaze_update_icache.o microblaze_0/lib/outbyte.o microblaze_0
TRACE::2026-06-04.16:08:16::SCWMssOS::/lib/print.o microblaze_0/lib/pvr.o microblaze_0/lib/xbram.o microblaze_0/lib/xbram_g.o microblaze_0/lib/xbram_intr.o microblaz
TRACE::2026-06-04.16:08:16::SCWMssOS::e_0/lib/xbram_selftest.o microblaze_0/lib/xbram_sinit.o microblaze_0/lib/xil_assert.o microblaze_0/lib/xil_cache.o microblaze_0
TRACE::2026-06-04.16:08:16::SCWMssOS::/lib/xil_clocking.o microblaze_0/lib/xil_exception.o microblaze_0/lib/xil_mem.o microblaze_0/lib/xil_misc_psreset_api.o microbl
TRACE::2026-06-04.16:08:16::SCWMssOS::aze_0/lib/xil_printf.o microblaze_0/lib/xil_sleepcommon.o microblaze_0/lib/xil_testcache.o microblaze_0/lib/xil_testio.o microb
TRACE::2026-06-04.16:08:16::SCWMssOS::laze_0/lib/xil_testmem.o microblaze_0/lib/xil_util.o microblaze_0/lib/xinterrupt_wrap.o microblaze_0/lib/xio.o microblaze_0/lib
TRACE::2026-06-04.16:08:16::SCWMssOS::/xplatform_info.o microblaze_0/lib/xuartlite.o microblaze_0/lib/xuartlite_g.o microblaze_0/lib/xuartlite_intr.o microblaze_0/li
TRACE::2026-06-04.16:08:16::SCWMssOS::b/xuartlite_l.o microblaze_0/lib/xuartlite_selftest.o microblaze_0/lib/xuartlite_sinit.o microblaze_0/lib/xuartlite_stats.o

TRACE::2026-06-04.16:08:16::SCWMssOS::'Finished building libraries'

TRACE::2026-06-04.16:08:17::SCWMssOS:: Checking if to create the Supporting Applications
TRACE::2026-06-04.16:08:17::SCWMssOS:: No Linux domain exists, trying to generate FSBL 
LOG::2026-06-04.16:08:17::SCWSystem::Completed Processing the domain standalone_microblaze_0
LOG::2026-06-04.16:08:17::SCWSystem::Completed Processing the sysconfig axi_fnd_wrapper
LOG::2026-06-04.16:08:17::SCWPlatform::Completed generating the artifacts for system configuration axi_fnd_wrapper
TRACE::2026-06-04.16:08:17::SCWPlatform::Started preparing the platform 
TRACE::2026-06-04.16:08:17::SCWSystem::Writing the bif file for system config axi_fnd_wrapper
TRACE::2026-06-04.16:08:17::SCWSystem::dir created 
TRACE::2026-06-04.16:08:17::SCWSystem::Writing the bif 
TRACE::2026-06-04.16:08:17::SCWPlatform::Started writing the spfm file 
TRACE::2026-06-04.16:08:17::SCWPlatform::Started writing the xpfm file 
TRACE::2026-06-04.16:08:17::SCWPlatform::Completed generating the platform
TRACE::2026-06-04.16:08:17::SCWMssOS::Saving the mss changes D:/vivado_pj/workspace_myip_axi_fnd/axi_fnd_wrapper/microblaze_0/standalone_microblaze_0/bsp/system.mss
TRACE::2026-06-04.16:08:17::SCWMssOS::Adding the swdes entry, mss present, able to open swdb D:/vivado_pj/workspace_myip_axi_fnd/axi_fnd_wrapper/microblaze_0/standalone_microblaze_0/bsp/system.mss with des name system
TRACE::2026-06-04.16:08:17::SCWMssOS::Writing the mss file completed D:/vivado_pj/workspace_myip_axi_fnd/axi_fnd_wrapper/microblaze_0/standalone_microblaze_0/bsp/system.mss
TRACE::2026-06-04.16:08:17::SCWMssOS::Commit changes completed.
TRACE::2026-06-04.16:08:17::SCWPlatform::Trying to open the hw design at D:/vivado_pj/workspace_myip_axi_fnd/axi_fnd_wrapper/hw/axi_fnd_wrapper6.xsa
TRACE::2026-06-04.16:08:17::SCWPlatform::DSA given D:/vivado_pj/workspace_myip_axi_fnd/axi_fnd_wrapper/hw/axi_fnd_wrapper6.xsa
TRACE::2026-06-04.16:08:17::SCWPlatform::DSA absoulate path D:/vivado_pj/workspace_myip_axi_fnd/axi_fnd_wrapper/hw/axi_fnd_wrapper6.xsa
TRACE::2026-06-04.16:08:17::SCWPlatform::DSA directory D:/vivado_pj/workspace_myip_axi_fnd/axi_fnd_wrapper/hw
TRACE::2026-06-04.16:08:17::SCWPlatform:: Platform Path D:/vivado_pj/workspace_myip_axi_fnd/axi_fnd_wrapper/hw/axi_fnd_wrapper6.xsa
TRACE::2026-06-04.16:08:17::SCWPlatform:: Unique name xilinx:::0.0
TRACE::2026-06-04.16:08:17::SCWPlatform::Trying to set the existing hwdb with name axi_fnd_wrapper_16
TRACE::2026-06-04.16:08:17::SCWPlatform::Opened existing hwdb axi_fnd_wrapper_16
TRACE::2026-06-04.16:08:17::SCWPlatform::Found the Hw Db part of the input DSA
TRACE::2026-06-04.16:08:17::SCWMssOS::Checking the sw design at  D:/vivado_pj/workspace_myip_axi_fnd/axi_fnd_wrapper/microblaze_0/standalone_microblaze_0/bsp/system.mss
TRACE::2026-06-04.16:08:17::SCWMssOS::DEBUG:  swdes dump  D:/vivado_pj/workspace_myip_axi_fnd/axi_fnd_wrapper/microblaze_0/standalone_microblaze_0/bsp/system.mss|system||

TRACE::2026-06-04.16:08:17::SCWMssOS::Sw design exists and opened at  D:/vivado_pj/workspace_myip_axi_fnd/axi_fnd_wrapper/microblaze_0/standalone_microblaze_0/bsp/system.mss
TRACE::2026-06-04.16:08:17::SCWWriter::formatted JSON is {
	"platformName":	"axi_fnd_wrapper",
	"sprVersion":	"2.0",
	"mode":	"gui",
	"dsaType":	"Fixed",
	"platformDesc":	"axi_fnd_wrapper",
	"platHandOff":	"D:/vivado_pj/my_ip_fnd/axi_fnd_wrapper6.xsa",
	"platIntHandOff":	"<platformDir>/hw/axi_fnd_wrapper6.xsa",
	"deviceType":	"FPGA",
	"platIsPrebuiltAutogen":	"false",
	"platIsNoBootBsp":	"false",
	"hasFsblMakeHasChanges":	"false",
	"hasPmufwMakeHasChanges":	"false",
	"platPreBuiltFlag":	false,
	"platformSamplesDir":	"",
	"platActiveSys":	"axi_fnd_wrapper",
	"systems":	[{
			"systemName":	"axi_fnd_wrapper",
			"systemDesc":	"axi_fnd_wrapper",
			"sysIsBootAutoGen":	"true",
			"systemDispName":	"axi_fnd_wrapper",
			"sysActiveDom":	"standalone_microblaze_0",
			"sysDefaultDom":	"standalone_microblaze_0",
			"domains":	[{
					"domainName":	"standalone_microblaze_0",
					"domainDispName":	"standalone_microblaze_0",
					"domainDesc":	"standalone_microblaze_0",
					"processors":	"microblaze_0",
					"os":	"standalone",
					"sdxOs":	"standalone",
					"debugEnable":	"False",
					"domRuntimes":	["cpp"],
					"swRepo":	"",
					"mssOsVer":	"8.1",
					"mssFile":	"",
					"md5Digest":	"64834a915ec6f44250ce937ec5448dd7",
					"compatibleApp":	"",
					"domType":	"mssDomain",
					"arch":	"32-bit",
					"appSettings":	{
						"appCompilerFlags":	"",
						"appLinkerFlags":	""
					},
					"addedLibs":	[],
					"libOptions":	{
						"libsContainingOptions":	[]
					},
					"prebuiltLibs":	{
						"prebuiltIncPath":	[],
						"prebuiltLibPath":	[]
					},
					"isolation":	{
					}
				}]
		}]
}
KEYINFO::2026-06-04.16:08:17::SCWPlatform::updated the xpfm file.
TRACE::2026-06-04.16:08:17::SCWPlatform::Trying to open the hw design at D:/vivado_pj/workspace_myip_axi_fnd/axi_fnd_wrapper/hw/axi_fnd_wrapper6.xsa
TRACE::2026-06-04.16:08:17::SCWPlatform::DSA given D:/vivado_pj/workspace_myip_axi_fnd/axi_fnd_wrapper/hw/axi_fnd_wrapper6.xsa
TRACE::2026-06-04.16:08:17::SCWPlatform::DSA absoulate path D:/vivado_pj/workspace_myip_axi_fnd/axi_fnd_wrapper/hw/axi_fnd_wrapper6.xsa
TRACE::2026-06-04.16:08:17::SCWPlatform::DSA directory D:/vivado_pj/workspace_myip_axi_fnd/axi_fnd_wrapper/hw
TRACE::2026-06-04.16:08:17::SCWPlatform:: Platform Path D:/vivado_pj/workspace_myip_axi_fnd/axi_fnd_wrapper/hw/axi_fnd_wrapper6.xsa
TRACE::2026-06-04.16:08:17::SCWPlatform:: Unique name xilinx:::0.0
TRACE::2026-06-04.16:08:17::SCWPlatform::Trying to set the existing hwdb with name axi_fnd_wrapper_16
TRACE::2026-06-04.16:08:17::SCWPlatform::Opened existing hwdb axi_fnd_wrapper_16
TRACE::2026-06-04.16:08:17::SCWPlatform::Found the Hw Db part of the input DSA
TRACE::2026-06-04.16:08:17::SCWMssOS::Checking the sw design at  D:/vivado_pj/workspace_myip_axi_fnd/axi_fnd_wrapper/microblaze_0/standalone_microblaze_0/bsp/system.mss
TRACE::2026-06-04.16:08:17::SCWMssOS::DEBUG:  swdes dump  D:/vivado_pj/workspace_myip_axi_fnd/axi_fnd_wrapper/microblaze_0/standalone_microblaze_0/bsp/system.mss|system||

TRACE::2026-06-04.16:08:17::SCWMssOS::Sw design exists and opened at  D:/vivado_pj/workspace_myip_axi_fnd/axi_fnd_wrapper/microblaze_0/standalone_microblaze_0/bsp/system.mss
