TRACE::2026-06-09.11:20:51::SCWPlatform::Trying to open the hw design at D:/vivado_pj/RTC_FND_AXI/workspace/rtc_fnd_axi_wrapper/hw/rtc_fnd_axi_wrapper.xsa
TRACE::2026-06-09.11:20:51::SCWPlatform::DSA given D:/vivado_pj/RTC_FND_AXI/workspace/rtc_fnd_axi_wrapper/hw/rtc_fnd_axi_wrapper.xsa
TRACE::2026-06-09.11:20:51::SCWPlatform::DSA absoulate path D:/vivado_pj/RTC_FND_AXI/workspace/rtc_fnd_axi_wrapper/hw/rtc_fnd_axi_wrapper.xsa
TRACE::2026-06-09.11:20:51::SCWPlatform::DSA directory D:/vivado_pj/RTC_FND_AXI/workspace/rtc_fnd_axi_wrapper/hw
TRACE::2026-06-09.11:20:51::SCWPlatform:: Platform Path D:/vivado_pj/RTC_FND_AXI/workspace/rtc_fnd_axi_wrapper/hw/rtc_fnd_axi_wrapper.xsa
TRACE::2026-06-09.11:20:51::SCWPlatform:: Unique name xilinx:basys3::0.0
TRACE::2026-06-09.11:20:51::SCWPlatform::Do not have an existing db opened. 
TRACE::2026-06-09.11:20:51::SCWPlatform::Opened new HwDB with name rtc_fnd_axi_wrapper_0
TRACE::2026-06-09.11:20:51::SCWWriter::formatted JSON is {
	"platformName":	"rtc_fnd_axi_wrapper",
	"sprVersion":	"2.0",
	"mode":	"gui",
	"dsaType":	"Fixed",
	"platformDesc":	"rtc_fnd_axi_wrapper",
	"platHandOff":	"D:/vivado_pj/RTC_FND_AXI/rtc_fnd_axi_wrapper.xsa",
	"platIntHandOff":	"<platformDir>/hw/rtc_fnd_axi_wrapper.xsa",
	"deviceType":	"FPGA",
	"platIsPrebuiltAutogen":	"false",
	"platIsNoBootBsp":	"false",
	"hasFsblMakeHasChanges":	"false",
	"hasPmufwMakeHasChanges":	"false",
	"platPreBuiltFlag":	false,
	"platformSamplesDir":	""
}
TRACE::2026-06-09.11:20:51::SCWWriter::formatted JSON is {
	"platformName":	"rtc_fnd_axi_wrapper",
	"sprVersion":	"2.0",
	"mode":	"gui",
	"dsaType":	"Fixed",
	"platformDesc":	"rtc_fnd_axi_wrapper",
	"platHandOff":	"D:/vivado_pj/RTC_FND_AXI/rtc_fnd_axi_wrapper.xsa",
	"platIntHandOff":	"<platformDir>/hw/rtc_fnd_axi_wrapper.xsa",
	"deviceType":	"FPGA",
	"platIsPrebuiltAutogen":	"false",
	"platIsNoBootBsp":	"false",
	"hasFsblMakeHasChanges":	"false",
	"hasPmufwMakeHasChanges":	"false",
	"platPreBuiltFlag":	false,
	"platformSamplesDir":	"",
	"platActiveSys":	"rtc_fnd_axi_wrapper",
	"systems":	[{
			"systemName":	"rtc_fnd_axi_wrapper",
			"systemDesc":	"rtc_fnd_axi_wrapper",
			"sysIsBootAutoGen":	"true",
			"systemDispName":	"rtc_fnd_axi_wrapper"
		}]
}
TRACE::2026-06-09.11:20:51::SCWPlatform::Boot application domains not present, creating them
TRACE::2026-06-09.11:20:51::SCWPlatform::Pure FPGA device, no boot application will be created.
TRACE::2026-06-09.11:20:51::SCWWriter::formatted JSON is {
	"platformName":	"rtc_fnd_axi_wrapper",
	"sprVersion":	"2.0",
	"mode":	"gui",
	"dsaType":	"Fixed",
	"platformDesc":	"rtc_fnd_axi_wrapper",
	"platHandOff":	"D:/vivado_pj/RTC_FND_AXI/rtc_fnd_axi_wrapper.xsa",
	"platIntHandOff":	"<platformDir>/hw/rtc_fnd_axi_wrapper.xsa",
	"deviceType":	"FPGA",
	"platIsPrebuiltAutogen":	"false",
	"platIsNoBootBsp":	"false",
	"hasFsblMakeHasChanges":	"false",
	"hasPmufwMakeHasChanges":	"false",
	"platPreBuiltFlag":	false,
	"platformSamplesDir":	"",
	"platActiveSys":	"rtc_fnd_axi_wrapper",
	"systems":	[{
			"systemName":	"rtc_fnd_axi_wrapper",
			"systemDesc":	"rtc_fnd_axi_wrapper",
			"sysIsBootAutoGen":	"true",
			"systemDispName":	"rtc_fnd_axi_wrapper"
		}]
}
TRACE::2026-06-09.11:20:51::SCWWriter::formatted JSON is {
	"platformName":	"rtc_fnd_axi_wrapper",
	"sprVersion":	"2.0",
	"mode":	"gui",
	"dsaType":	"Fixed",
	"platformDesc":	"rtc_fnd_axi_wrapper",
	"platHandOff":	"D:/vivado_pj/RTC_FND_AXI/rtc_fnd_axi_wrapper.xsa",
	"platIntHandOff":	"<platformDir>/hw/rtc_fnd_axi_wrapper.xsa",
	"deviceType":	"FPGA",
	"platIsPrebuiltAutogen":	"false",
	"platIsNoBootBsp":	"false",
	"hasFsblMakeHasChanges":	"false",
	"hasPmufwMakeHasChanges":	"false",
	"platPreBuiltFlag":	false,
	"platformSamplesDir":	"",
	"platActiveSys":	"rtc_fnd_axi_wrapper",
	"systems":	[{
			"systemName":	"rtc_fnd_axi_wrapper",
			"systemDesc":	"rtc_fnd_axi_wrapper",
			"sysIsBootAutoGen":	"true",
			"systemDispName":	"rtc_fnd_axi_wrapper"
		}]
}
TRACE::2026-06-09.11:20:51::SCWPlatform::Trying to open the hw design at D:/vivado_pj/RTC_FND_AXI/workspace/rtc_fnd_axi_wrapper/hw/rtc_fnd_axi_wrapper.xsa
TRACE::2026-06-09.11:20:51::SCWPlatform::DSA given D:/vivado_pj/RTC_FND_AXI/workspace/rtc_fnd_axi_wrapper/hw/rtc_fnd_axi_wrapper.xsa
TRACE::2026-06-09.11:20:51::SCWPlatform::DSA absoulate path D:/vivado_pj/RTC_FND_AXI/workspace/rtc_fnd_axi_wrapper/hw/rtc_fnd_axi_wrapper.xsa
TRACE::2026-06-09.11:20:51::SCWPlatform::DSA directory D:/vivado_pj/RTC_FND_AXI/workspace/rtc_fnd_axi_wrapper/hw
TRACE::2026-06-09.11:20:51::SCWPlatform:: Platform Path D:/vivado_pj/RTC_FND_AXI/workspace/rtc_fnd_axi_wrapper/hw/rtc_fnd_axi_wrapper.xsa
TRACE::2026-06-09.11:20:51::SCWPlatform:: Unique name xilinx:basys3::0.0
TRACE::2026-06-09.11:20:51::SCWPlatform::Trying to set the existing hwdb with name rtc_fnd_axi_wrapper_0
TRACE::2026-06-09.11:20:51::SCWPlatform::Opened existing hwdb rtc_fnd_axi_wrapper_0
TRACE::2026-06-09.11:20:51::SCWPlatform::Found the Hw Db part of the input DSA
TRACE::2026-06-09.11:20:51::SCWPlatform::Trying to open the hw design at D:/vivado_pj/RTC_FND_AXI/workspace/rtc_fnd_axi_wrapper/hw/rtc_fnd_axi_wrapper.xsa
TRACE::2026-06-09.11:20:51::SCWPlatform::DSA given D:/vivado_pj/RTC_FND_AXI/workspace/rtc_fnd_axi_wrapper/hw/rtc_fnd_axi_wrapper.xsa
TRACE::2026-06-09.11:20:51::SCWPlatform::DSA absoulate path D:/vivado_pj/RTC_FND_AXI/workspace/rtc_fnd_axi_wrapper/hw/rtc_fnd_axi_wrapper.xsa
TRACE::2026-06-09.11:20:51::SCWPlatform::DSA directory D:/vivado_pj/RTC_FND_AXI/workspace/rtc_fnd_axi_wrapper/hw
TRACE::2026-06-09.11:20:51::SCWPlatform:: Platform Path D:/vivado_pj/RTC_FND_AXI/workspace/rtc_fnd_axi_wrapper/hw/rtc_fnd_axi_wrapper.xsa
TRACE::2026-06-09.11:20:51::SCWPlatform:: Unique name xilinx:basys3::0.0
TRACE::2026-06-09.11:20:51::SCWPlatform::Trying to set the existing hwdb with name rtc_fnd_axi_wrapper_0
TRACE::2026-06-09.11:20:51::SCWPlatform::Opened existing hwdb rtc_fnd_axi_wrapper_0
TRACE::2026-06-09.11:20:51::SCWPlatform::Found the Hw Db part of the input DSA
TRACE::2026-06-09.11:20:51::SCWDomain::checking for install qemu data   : 
TRACE::2026-06-09.11:20:51::SCWPlatform::Trying to open the hw design at D:/vivado_pj/RTC_FND_AXI/workspace/rtc_fnd_axi_wrapper/hw/rtc_fnd_axi_wrapper.xsa
TRACE::2026-06-09.11:20:51::SCWPlatform::DSA given D:/vivado_pj/RTC_FND_AXI/workspace/rtc_fnd_axi_wrapper/hw/rtc_fnd_axi_wrapper.xsa
TRACE::2026-06-09.11:20:51::SCWPlatform::DSA absoulate path D:/vivado_pj/RTC_FND_AXI/workspace/rtc_fnd_axi_wrapper/hw/rtc_fnd_axi_wrapper.xsa
TRACE::2026-06-09.11:20:51::SCWPlatform::DSA directory D:/vivado_pj/RTC_FND_AXI/workspace/rtc_fnd_axi_wrapper/hw
TRACE::2026-06-09.11:20:51::SCWPlatform:: Platform Path D:/vivado_pj/RTC_FND_AXI/workspace/rtc_fnd_axi_wrapper/hw/rtc_fnd_axi_wrapper.xsa
TRACE::2026-06-09.11:20:51::SCWPlatform:: Unique name xilinx:basys3::0.0
TRACE::2026-06-09.11:20:51::SCWPlatform::Trying to set the existing hwdb with name rtc_fnd_axi_wrapper_0
TRACE::2026-06-09.11:20:51::SCWPlatform::Opened existing hwdb rtc_fnd_axi_wrapper_0
TRACE::2026-06-09.11:20:51::SCWPlatform::Found the Hw Db part of the input DSA
TRACE::2026-06-09.11:20:51::SCWPlatform::Trying to open the hw design at D:/vivado_pj/RTC_FND_AXI/workspace/rtc_fnd_axi_wrapper/hw/rtc_fnd_axi_wrapper.xsa
TRACE::2026-06-09.11:20:51::SCWPlatform::DSA given D:/vivado_pj/RTC_FND_AXI/workspace/rtc_fnd_axi_wrapper/hw/rtc_fnd_axi_wrapper.xsa
TRACE::2026-06-09.11:20:51::SCWPlatform::DSA absoulate path D:/vivado_pj/RTC_FND_AXI/workspace/rtc_fnd_axi_wrapper/hw/rtc_fnd_axi_wrapper.xsa
TRACE::2026-06-09.11:20:51::SCWPlatform::DSA directory D:/vivado_pj/RTC_FND_AXI/workspace/rtc_fnd_axi_wrapper/hw
TRACE::2026-06-09.11:20:51::SCWPlatform:: Platform Path D:/vivado_pj/RTC_FND_AXI/workspace/rtc_fnd_axi_wrapper/hw/rtc_fnd_axi_wrapper.xsa
TRACE::2026-06-09.11:20:51::SCWPlatform:: Unique name xilinx:basys3::0.0
TRACE::2026-06-09.11:20:51::SCWPlatform::Trying to set the existing hwdb with name rtc_fnd_axi_wrapper_0
TRACE::2026-06-09.11:20:51::SCWPlatform::Opened existing hwdb rtc_fnd_axi_wrapper_0
TRACE::2026-06-09.11:20:51::SCWPlatform::Found the Hw Db part of the input DSA
TRACE::2026-06-09.11:20:51::SCWPlatform::Trying to open the hw design at D:/vivado_pj/RTC_FND_AXI/workspace/rtc_fnd_axi_wrapper/hw/rtc_fnd_axi_wrapper.xsa
TRACE::2026-06-09.11:20:51::SCWPlatform::DSA given D:/vivado_pj/RTC_FND_AXI/workspace/rtc_fnd_axi_wrapper/hw/rtc_fnd_axi_wrapper.xsa
TRACE::2026-06-09.11:20:51::SCWPlatform::DSA absoulate path D:/vivado_pj/RTC_FND_AXI/workspace/rtc_fnd_axi_wrapper/hw/rtc_fnd_axi_wrapper.xsa
TRACE::2026-06-09.11:20:51::SCWPlatform::DSA directory D:/vivado_pj/RTC_FND_AXI/workspace/rtc_fnd_axi_wrapper/hw
TRACE::2026-06-09.11:20:51::SCWPlatform:: Platform Path D:/vivado_pj/RTC_FND_AXI/workspace/rtc_fnd_axi_wrapper/hw/rtc_fnd_axi_wrapper.xsa
TRACE::2026-06-09.11:20:51::SCWPlatform:: Unique name xilinx:basys3::0.0
TRACE::2026-06-09.11:20:51::SCWPlatform::Trying to set the existing hwdb with name rtc_fnd_axi_wrapper_0
TRACE::2026-06-09.11:20:51::SCWPlatform::Opened existing hwdb rtc_fnd_axi_wrapper_0
TRACE::2026-06-09.11:20:51::SCWPlatform::Found the Hw Db part of the input DSA
TRACE::2026-06-09.11:20:51::SCWMssOS::Checking the sw design at  D:/vivado_pj/RTC_FND_AXI/workspace/rtc_fnd_axi_wrapper/microblaze_0/standalone_microblaze_0/bsp/system.mss
TRACE::2026-06-09.11:20:51::SCWMssOS::DEBUG:  swdes dump  
TRACE::2026-06-09.11:20:51::SCWMssOS::No sw design opened at  D:/vivado_pj/RTC_FND_AXI/workspace/rtc_fnd_axi_wrapper/microblaze_0/standalone_microblaze_0/bsp/system.mss
TRACE::2026-06-09.11:20:51::SCWMssOS::mss does not exists at D:/vivado_pj/RTC_FND_AXI/workspace/rtc_fnd_axi_wrapper/microblaze_0/standalone_microblaze_0/bsp/system.mss
TRACE::2026-06-09.11:20:51::SCWMssOS::Creating sw design at  D:/vivado_pj/RTC_FND_AXI/workspace/rtc_fnd_axi_wrapper/microblaze_0/standalone_microblaze_0/bsp/system.mss
TRACE::2026-06-09.11:20:51::SCWMssOS::Adding the swdes entry, created swdb D:/vivado_pj/RTC_FND_AXI/workspace/rtc_fnd_axi_wrapper/microblaze_0/standalone_microblaze_0/bsp/system.mss with des name D:/vivado_pj/RTC_FND_AXI/workspace/rtc_fnd_axi_wrapper/microblaze_0/standalone_microblaze_0/bsp/system.mss
TRACE::2026-06-09.11:20:51::SCWMssOS::updating the scw layer changes to swdes at   D:/vivado_pj/RTC_FND_AXI/workspace/rtc_fnd_axi_wrapper/microblaze_0/standalone_microblaze_0/bsp/system.mss
TRACE::2026-06-09.11:20:51::SCWMssOS::Writing mss at D:/vivado_pj/RTC_FND_AXI/workspace/rtc_fnd_axi_wrapper/microblaze_0/standalone_microblaze_0/bsp/system.mss
TRACE::2026-06-09.11:20:51::SCWMssOS::Completed writing the mss file at D:/vivado_pj/RTC_FND_AXI/workspace/rtc_fnd_axi_wrapper/microblaze_0/standalone_microblaze_0/bsp
TRACE::2026-06-09.11:20:51::SCWMssOS::Picking up changes from newly written mss file into SCW Layer. 
TRACE::2026-06-09.11:20:51::SCWMssOS::Updated the changes from newly written mss file into SCW Layer. 
TRACE::2026-06-09.11:20:51::SCWMssOS::Completed writing the mss file at D:/vivado_pj/RTC_FND_AXI/workspace/rtc_fnd_axi_wrapper/microblaze_0/standalone_microblaze_0/bsp
TRACE::2026-06-09.11:20:51::SCWMssOS::Forcing BSP Sources regeneration.
TRACE::2026-06-09.11:20:53::SCWMssOS::Saving the mss changes D:/vivado_pj/RTC_FND_AXI/workspace/rtc_fnd_axi_wrapper/microblaze_0/standalone_microblaze_0/bsp/system.mss
TRACE::2026-06-09.11:20:53::SCWMssOS::Adding the swdes entry, mss present, able to open swdb D:/vivado_pj/RTC_FND_AXI/workspace/rtc_fnd_axi_wrapper/microblaze_0/standalone_microblaze_0/bsp/system.mss with des name system
TRACE::2026-06-09.11:20:53::SCWMssOS::Writing the mss file completed D:/vivado_pj/RTC_FND_AXI/workspace/rtc_fnd_axi_wrapper/microblaze_0/standalone_microblaze_0/bsp/system.mss
TRACE::2026-06-09.11:20:53::SCWMssOS::Commit changes completed.
TRACE::2026-06-09.11:20:53::SCWPlatform::Trying to open the hw design at D:/vivado_pj/RTC_FND_AXI/workspace/rtc_fnd_axi_wrapper/hw/rtc_fnd_axi_wrapper.xsa
TRACE::2026-06-09.11:20:53::SCWPlatform::DSA given D:/vivado_pj/RTC_FND_AXI/workspace/rtc_fnd_axi_wrapper/hw/rtc_fnd_axi_wrapper.xsa
TRACE::2026-06-09.11:20:53::SCWPlatform::DSA absoulate path D:/vivado_pj/RTC_FND_AXI/workspace/rtc_fnd_axi_wrapper/hw/rtc_fnd_axi_wrapper.xsa
TRACE::2026-06-09.11:20:53::SCWPlatform::DSA directory D:/vivado_pj/RTC_FND_AXI/workspace/rtc_fnd_axi_wrapper/hw
TRACE::2026-06-09.11:20:53::SCWPlatform:: Platform Path D:/vivado_pj/RTC_FND_AXI/workspace/rtc_fnd_axi_wrapper/hw/rtc_fnd_axi_wrapper.xsa
TRACE::2026-06-09.11:20:53::SCWPlatform:: Unique name xilinx:basys3::0.0
TRACE::2026-06-09.11:20:53::SCWPlatform::Trying to set the existing hwdb with name rtc_fnd_axi_wrapper_0
TRACE::2026-06-09.11:20:53::SCWPlatform::Opened existing hwdb rtc_fnd_axi_wrapper_0
TRACE::2026-06-09.11:20:53::SCWPlatform::Found the Hw Db part of the input DSA
TRACE::2026-06-09.11:20:53::SCWMssOS::Checking the sw design at  D:/vivado_pj/RTC_FND_AXI/workspace/rtc_fnd_axi_wrapper/microblaze_0/standalone_microblaze_0/bsp/system.mss
TRACE::2026-06-09.11:20:53::SCWMssOS::DEBUG:  swdes dump  D:/vivado_pj/RTC_FND_AXI/workspace/rtc_fnd_axi_wrapper/microblaze_0/standalone_microblaze_0/bsp/system.mss|system||

TRACE::2026-06-09.11:20:53::SCWMssOS::Sw design exists and opened at  D:/vivado_pj/RTC_FND_AXI/workspace/rtc_fnd_axi_wrapper/microblaze_0/standalone_microblaze_0/bsp/system.mss
TRACE::2026-06-09.11:20:53::SCWPlatform::Trying to open the hw design at D:/vivado_pj/RTC_FND_AXI/workspace/rtc_fnd_axi_wrapper/hw/rtc_fnd_axi_wrapper.xsa
TRACE::2026-06-09.11:20:53::SCWPlatform::DSA given D:/vivado_pj/RTC_FND_AXI/workspace/rtc_fnd_axi_wrapper/hw/rtc_fnd_axi_wrapper.xsa
TRACE::2026-06-09.11:20:53::SCWPlatform::DSA absoulate path D:/vivado_pj/RTC_FND_AXI/workspace/rtc_fnd_axi_wrapper/hw/rtc_fnd_axi_wrapper.xsa
TRACE::2026-06-09.11:20:53::SCWPlatform::DSA directory D:/vivado_pj/RTC_FND_AXI/workspace/rtc_fnd_axi_wrapper/hw
TRACE::2026-06-09.11:20:53::SCWPlatform:: Platform Path D:/vivado_pj/RTC_FND_AXI/workspace/rtc_fnd_axi_wrapper/hw/rtc_fnd_axi_wrapper.xsa
TRACE::2026-06-09.11:20:53::SCWPlatform:: Unique name xilinx:basys3::0.0
TRACE::2026-06-09.11:20:53::SCWPlatform::Trying to set the existing hwdb with name rtc_fnd_axi_wrapper_0
TRACE::2026-06-09.11:20:53::SCWPlatform::Opened existing hwdb rtc_fnd_axi_wrapper_0
TRACE::2026-06-09.11:20:53::SCWPlatform::Found the Hw Db part of the input DSA
TRACE::2026-06-09.11:20:53::SCWMssOS::Checking the sw design at  D:/vivado_pj/RTC_FND_AXI/workspace/rtc_fnd_axi_wrapper/microblaze_0/standalone_microblaze_0/bsp/system.mss
TRACE::2026-06-09.11:20:53::SCWMssOS::DEBUG:  swdes dump  D:/vivado_pj/RTC_FND_AXI/workspace/rtc_fnd_axi_wrapper/microblaze_0/standalone_microblaze_0/bsp/system.mss|system||

TRACE::2026-06-09.11:20:53::SCWMssOS::Sw design exists and opened at  D:/vivado_pj/RTC_FND_AXI/workspace/rtc_fnd_axi_wrapper/microblaze_0/standalone_microblaze_0/bsp/system.mss
TRACE::2026-06-09.11:20:53::SCWPlatform::Trying to open the hw design at D:/vivado_pj/RTC_FND_AXI/workspace/rtc_fnd_axi_wrapper/hw/rtc_fnd_axi_wrapper.xsa
TRACE::2026-06-09.11:20:53::SCWPlatform::DSA given D:/vivado_pj/RTC_FND_AXI/workspace/rtc_fnd_axi_wrapper/hw/rtc_fnd_axi_wrapper.xsa
TRACE::2026-06-09.11:20:53::SCWPlatform::DSA absoulate path D:/vivado_pj/RTC_FND_AXI/workspace/rtc_fnd_axi_wrapper/hw/rtc_fnd_axi_wrapper.xsa
TRACE::2026-06-09.11:20:53::SCWPlatform::DSA directory D:/vivado_pj/RTC_FND_AXI/workspace/rtc_fnd_axi_wrapper/hw
TRACE::2026-06-09.11:20:53::SCWPlatform:: Platform Path D:/vivado_pj/RTC_FND_AXI/workspace/rtc_fnd_axi_wrapper/hw/rtc_fnd_axi_wrapper.xsa
TRACE::2026-06-09.11:20:53::SCWPlatform:: Unique name xilinx:basys3::0.0
TRACE::2026-06-09.11:20:53::SCWPlatform::Trying to set the existing hwdb with name rtc_fnd_axi_wrapper_0
TRACE::2026-06-09.11:20:53::SCWPlatform::Opened existing hwdb rtc_fnd_axi_wrapper_0
TRACE::2026-06-09.11:20:53::SCWPlatform::Found the Hw Db part of the input DSA
TRACE::2026-06-09.11:20:53::SCWMssOS::Checking the sw design at  D:/vivado_pj/RTC_FND_AXI/workspace/rtc_fnd_axi_wrapper/microblaze_0/standalone_microblaze_0/bsp/system.mss
TRACE::2026-06-09.11:20:53::SCWMssOS::DEBUG:  swdes dump  D:/vivado_pj/RTC_FND_AXI/workspace/rtc_fnd_axi_wrapper/microblaze_0/standalone_microblaze_0/bsp/system.mss|system||

TRACE::2026-06-09.11:20:53::SCWMssOS::Sw design exists and opened at  D:/vivado_pj/RTC_FND_AXI/workspace/rtc_fnd_axi_wrapper/microblaze_0/standalone_microblaze_0/bsp/system.mss
TRACE::2026-06-09.11:20:53::SCWWriter::formatted JSON is {
	"platformName":	"rtc_fnd_axi_wrapper",
	"sprVersion":	"2.0",
	"mode":	"gui",
	"dsaType":	"Fixed",
	"platformDesc":	"rtc_fnd_axi_wrapper",
	"platHandOff":	"D:/vivado_pj/RTC_FND_AXI/rtc_fnd_axi_wrapper.xsa",
	"platIntHandOff":	"<platformDir>/hw/rtc_fnd_axi_wrapper.xsa",
	"deviceType":	"FPGA",
	"platIsPrebuiltAutogen":	"false",
	"platIsNoBootBsp":	"false",
	"hasFsblMakeHasChanges":	"false",
	"hasPmufwMakeHasChanges":	"false",
	"platPreBuiltFlag":	false,
	"platformSamplesDir":	"",
	"platActiveSys":	"rtc_fnd_axi_wrapper",
	"systems":	[{
			"systemName":	"rtc_fnd_axi_wrapper",
			"systemDesc":	"rtc_fnd_axi_wrapper",
			"sysIsBootAutoGen":	"true",
			"systemDispName":	"rtc_fnd_axi_wrapper",
			"sysActiveDom":	"standalone_microblaze_0",
			"sysDefaultDom":	"standalone_microblaze_0",
			"domains":	[{
					"domainName":	"standalone_microblaze_0",
					"domainDispName":	"standalone_microblaze_0",
					"domainDesc":	"standalone_microblaze_0",
					"processors":	"microblaze_0",
					"os":	"standalone",
					"sdxOs":	"standalone",
					"debugEnable":	"False",
					"domRuntimes":	["cpp"],
					"swRepo":	"",
					"mssOsVer":	"8.1",
					"mssFile":	"",
					"md5Digest":	"3916ba371a6c5525b0331437d0164d92",
					"compatibleApp":	"hello_world",
					"domType":	"mssDomain",
					"arch":	"32-bit",
					"appSettings":	{
						"appCompilerFlags":	"",
						"appLinkerFlags":	""
					},
					"addedLibs":	[],
					"libOptions":	{
						"libsContainingOptions":	[]
					},
					"prebuiltLibs":	{
						"prebuiltIncPath":	[],
						"prebuiltLibPath":	[]
					},
					"isolation":	{
					}
				}]
		}]
}
LOG::2026-06-09.11:20:53::SCWPlatform::Started generating the artifacts platform rtc_fnd_axi_wrapper
TRACE::2026-06-09.11:20:53::SCWPlatform::Sanity checking of platform is completed
LOG::2026-06-09.11:20:53::SCWPlatform::Started generating the artifacts for system configuration rtc_fnd_axi_wrapper
LOG::2026-06-09.11:20:53::SCWSystem::Checking the domain standalone_microblaze_0
LOG::2026-06-09.11:20:53::SCWSystem::Not a boot domain 
LOG::2026-06-09.11:20:53::SCWSystem::Started Processing the domain standalone_microblaze_0
TRACE::2026-06-09.11:20:53::SCWDomain::Generating domain artifcats
TRACE::2026-06-09.11:20:53::SCWMssOS::Generating standalone artifcats
TRACE::2026-06-09.11:20:53::SCWMssOS:: Copying the user libraries. 
TRACE::2026-06-09.11:20:53::SCWPlatform::Trying to open the hw design at D:/vivado_pj/RTC_FND_AXI/workspace/rtc_fnd_axi_wrapper/hw/rtc_fnd_axi_wrapper.xsa
TRACE::2026-06-09.11:20:53::SCWPlatform::DSA given D:/vivado_pj/RTC_FND_AXI/workspace/rtc_fnd_axi_wrapper/hw/rtc_fnd_axi_wrapper.xsa
TRACE::2026-06-09.11:20:53::SCWPlatform::DSA absoulate path D:/vivado_pj/RTC_FND_AXI/workspace/rtc_fnd_axi_wrapper/hw/rtc_fnd_axi_wrapper.xsa
TRACE::2026-06-09.11:20:53::SCWPlatform::DSA directory D:/vivado_pj/RTC_FND_AXI/workspace/rtc_fnd_axi_wrapper/hw
TRACE::2026-06-09.11:20:53::SCWPlatform:: Platform Path D:/vivado_pj/RTC_FND_AXI/workspace/rtc_fnd_axi_wrapper/hw/rtc_fnd_axi_wrapper.xsa
TRACE::2026-06-09.11:20:53::SCWPlatform:: Unique name xilinx:basys3::0.0
TRACE::2026-06-09.11:20:53::SCWPlatform::Trying to set the existing hwdb with name rtc_fnd_axi_wrapper_0
TRACE::2026-06-09.11:20:53::SCWPlatform::Opened existing hwdb rtc_fnd_axi_wrapper_0
TRACE::2026-06-09.11:20:53::SCWPlatform::Found the Hw Db part of the input DSA
TRACE::2026-06-09.11:20:53::SCWMssOS::Checking the sw design at  D:/vivado_pj/RTC_FND_AXI/workspace/rtc_fnd_axi_wrapper/microblaze_0/standalone_microblaze_0/bsp/system.mss
TRACE::2026-06-09.11:20:53::SCWMssOS::DEBUG:  swdes dump  D:/vivado_pj/RTC_FND_AXI/workspace/rtc_fnd_axi_wrapper/microblaze_0/standalone_microblaze_0/bsp/system.mss|system||

TRACE::2026-06-09.11:20:53::SCWMssOS::Sw design exists and opened at  D:/vivado_pj/RTC_FND_AXI/workspace/rtc_fnd_axi_wrapper/microblaze_0/standalone_microblaze_0/bsp/system.mss
TRACE::2026-06-09.11:20:53::SCWMssOS::Completed writing the mss file at D:/vivado_pj/RTC_FND_AXI/workspace/rtc_fnd_axi_wrapper/microblaze_0/standalone_microblaze_0/bsp
TRACE::2026-06-09.11:20:53::SCWMssOS::Mss edits present, copying mssfile into export location D:/vivado_pj/RTC_FND_AXI/workspace/rtc_fnd_axi_wrapper/microblaze_0/standalone_microblaze_0/bsp/system.mss
TRACE::2026-06-09.11:20:53::SCWMssOS::bsp generated is upto date with the mss file. Skipping bsp generation.
TRACE::2026-06-09.11:20:53::SCWMssOS::BSP is already built. skipping the bsp build ... 
TRACE::2026-06-09.11:20:53::SCWDomain::Skipping the build for domain :  standalone_microblaze_0
TRACE::2026-06-09.11:20:53::SCWMssOS::skipping the bsp build ... 
TRACE::2026-06-09.11:20:53::SCWMssOS::Copying to export directory.
TRACE::2026-06-09.11:20:53::SCWMssOS:: Checking if to create the Supporting Applications
TRACE::2026-06-09.11:20:53::SCWMssOS:: No Linux domain exists, trying to generate FSBL 
LOG::2026-06-09.11:20:53::SCWSystem::Completed Processing the domain standalone_microblaze_0
LOG::2026-06-09.11:20:53::SCWSystem::Completed Processing the sysconfig rtc_fnd_axi_wrapper
LOG::2026-06-09.11:20:53::SCWPlatform::Completed generating the artifacts for system configuration rtc_fnd_axi_wrapper
TRACE::2026-06-09.11:20:53::SCWPlatform::Started preparing the platform 
TRACE::2026-06-09.11:20:53::SCWSystem::Writing the bif file for system config rtc_fnd_axi_wrapper
TRACE::2026-06-09.11:20:53::SCWSystem::dir created 
TRACE::2026-06-09.11:20:53::SCWSystem::Writing the bif 
TRACE::2026-06-09.11:20:53::SCWPlatform::Started writing the spfm file 
TRACE::2026-06-09.11:20:53::SCWPlatform::Started writing the xpfm file 
TRACE::2026-06-09.11:20:53::SCWPlatform::Completed generating the platform
TRACE::2026-06-09.11:20:53::SCWMssOS::Saving the mss changes D:/vivado_pj/RTC_FND_AXI/workspace/rtc_fnd_axi_wrapper/microblaze_0/standalone_microblaze_0/bsp/system.mss
TRACE::2026-06-09.11:20:53::SCWMssOS::Found a swdesign opened with the mssfile.
TRACE::2026-06-09.11:20:53::SCWMssOS::Completed writemss as part of save.
TRACE::2026-06-09.11:20:53::SCWMssOS::Commit changes completed.
TRACE::2026-06-09.11:20:53::SCWPlatform::Trying to open the hw design at D:/vivado_pj/RTC_FND_AXI/workspace/rtc_fnd_axi_wrapper/hw/rtc_fnd_axi_wrapper.xsa
TRACE::2026-06-09.11:20:53::SCWPlatform::DSA given D:/vivado_pj/RTC_FND_AXI/workspace/rtc_fnd_axi_wrapper/hw/rtc_fnd_axi_wrapper.xsa
TRACE::2026-06-09.11:20:53::SCWPlatform::DSA absoulate path D:/vivado_pj/RTC_FND_AXI/workspace/rtc_fnd_axi_wrapper/hw/rtc_fnd_axi_wrapper.xsa
TRACE::2026-06-09.11:20:53::SCWPlatform::DSA directory D:/vivado_pj/RTC_FND_AXI/workspace/rtc_fnd_axi_wrapper/hw
TRACE::2026-06-09.11:20:53::SCWPlatform:: Platform Path D:/vivado_pj/RTC_FND_AXI/workspace/rtc_fnd_axi_wrapper/hw/rtc_fnd_axi_wrapper.xsa
TRACE::2026-06-09.11:20:53::SCWPlatform:: Unique name xilinx:basys3::0.0
TRACE::2026-06-09.11:20:53::SCWPlatform::Trying to set the existing hwdb with name rtc_fnd_axi_wrapper_0
TRACE::2026-06-09.11:20:53::SCWPlatform::Opened existing hwdb rtc_fnd_axi_wrapper_0
TRACE::2026-06-09.11:20:53::SCWPlatform::Found the Hw Db part of the input DSA
TRACE::2026-06-09.11:20:53::SCWMssOS::Checking the sw design at  D:/vivado_pj/RTC_FND_AXI/workspace/rtc_fnd_axi_wrapper/microblaze_0/standalone_microblaze_0/bsp/system.mss
TRACE::2026-06-09.11:20:53::SCWMssOS::DEBUG:  swdes dump  D:/vivado_pj/RTC_FND_AXI/workspace/rtc_fnd_axi_wrapper/microblaze_0/standalone_microblaze_0/bsp/system.mss|system||

TRACE::2026-06-09.11:20:53::SCWMssOS::Sw design exists and opened at  D:/vivado_pj/RTC_FND_AXI/workspace/rtc_fnd_axi_wrapper/microblaze_0/standalone_microblaze_0/bsp/system.mss
TRACE::2026-06-09.11:20:53::SCWPlatform::Trying to open the hw design at D:/vivado_pj/RTC_FND_AXI/workspace/rtc_fnd_axi_wrapper/hw/rtc_fnd_axi_wrapper.xsa
TRACE::2026-06-09.11:20:53::SCWPlatform::DSA given D:/vivado_pj/RTC_FND_AXI/workspace/rtc_fnd_axi_wrapper/hw/rtc_fnd_axi_wrapper.xsa
TRACE::2026-06-09.11:20:53::SCWPlatform::DSA absoulate path D:/vivado_pj/RTC_FND_AXI/workspace/rtc_fnd_axi_wrapper/hw/rtc_fnd_axi_wrapper.xsa
TRACE::2026-06-09.11:20:53::SCWPlatform::DSA directory D:/vivado_pj/RTC_FND_AXI/workspace/rtc_fnd_axi_wrapper/hw
TRACE::2026-06-09.11:20:53::SCWPlatform:: Platform Path D:/vivado_pj/RTC_FND_AXI/workspace/rtc_fnd_axi_wrapper/hw/rtc_fnd_axi_wrapper.xsa
TRACE::2026-06-09.11:20:53::SCWPlatform:: Unique name xilinx:basys3::0.0
TRACE::2026-06-09.11:20:53::SCWPlatform::Trying to set the existing hwdb with name rtc_fnd_axi_wrapper_0
TRACE::2026-06-09.11:20:53::SCWPlatform::Opened existing hwdb rtc_fnd_axi_wrapper_0
TRACE::2026-06-09.11:20:53::SCWPlatform::Found the Hw Db part of the input DSA
TRACE::2026-06-09.11:20:53::SCWMssOS::Checking the sw design at  D:/vivado_pj/RTC_FND_AXI/workspace/rtc_fnd_axi_wrapper/microblaze_0/standalone_microblaze_0/bsp/system.mss
TRACE::2026-06-09.11:20:53::SCWMssOS::DEBUG:  swdes dump  D:/vivado_pj/RTC_FND_AXI/workspace/rtc_fnd_axi_wrapper/microblaze_0/standalone_microblaze_0/bsp/system.mss|system||

TRACE::2026-06-09.11:20:53::SCWMssOS::Sw design exists and opened at  D:/vivado_pj/RTC_FND_AXI/workspace/rtc_fnd_axi_wrapper/microblaze_0/standalone_microblaze_0/bsp/system.mss
TRACE::2026-06-09.11:20:53::SCWPlatform::Trying to open the hw design at D:/vivado_pj/RTC_FND_AXI/workspace/rtc_fnd_axi_wrapper/hw/rtc_fnd_axi_wrapper.xsa
TRACE::2026-06-09.11:20:53::SCWPlatform::DSA given D:/vivado_pj/RTC_FND_AXI/workspace/rtc_fnd_axi_wrapper/hw/rtc_fnd_axi_wrapper.xsa
TRACE::2026-06-09.11:20:53::SCWPlatform::DSA absoulate path D:/vivado_pj/RTC_FND_AXI/workspace/rtc_fnd_axi_wrapper/hw/rtc_fnd_axi_wrapper.xsa
TRACE::2026-06-09.11:20:53::SCWPlatform::DSA directory D:/vivado_pj/RTC_FND_AXI/workspace/rtc_fnd_axi_wrapper/hw
TRACE::2026-06-09.11:20:53::SCWPlatform:: Platform Path D:/vivado_pj/RTC_FND_AXI/workspace/rtc_fnd_axi_wrapper/hw/rtc_fnd_axi_wrapper.xsa
TRACE::2026-06-09.11:20:53::SCWPlatform:: Unique name xilinx:basys3::0.0
TRACE::2026-06-09.11:20:53::SCWPlatform::Trying to set the existing hwdb with name rtc_fnd_axi_wrapper_0
TRACE::2026-06-09.11:20:53::SCWPlatform::Opened existing hwdb rtc_fnd_axi_wrapper_0
TRACE::2026-06-09.11:20:53::SCWPlatform::Found the Hw Db part of the input DSA
TRACE::2026-06-09.11:20:53::SCWMssOS::Checking the sw design at  D:/vivado_pj/RTC_FND_AXI/workspace/rtc_fnd_axi_wrapper/microblaze_0/standalone_microblaze_0/bsp/system.mss
TRACE::2026-06-09.11:20:53::SCWMssOS::DEBUG:  swdes dump  D:/vivado_pj/RTC_FND_AXI/workspace/rtc_fnd_axi_wrapper/microblaze_0/standalone_microblaze_0/bsp/system.mss|system||

TRACE::2026-06-09.11:20:53::SCWMssOS::Sw design exists and opened at  D:/vivado_pj/RTC_FND_AXI/workspace/rtc_fnd_axi_wrapper/microblaze_0/standalone_microblaze_0/bsp/system.mss
TRACE::2026-06-09.11:20:53::SCWWriter::formatted JSON is {
	"platformName":	"rtc_fnd_axi_wrapper",
	"sprVersion":	"2.0",
	"mode":	"gui",
	"dsaType":	"Fixed",
	"platformDesc":	"rtc_fnd_axi_wrapper",
	"platHandOff":	"D:/vivado_pj/RTC_FND_AXI/rtc_fnd_axi_wrapper.xsa",
	"platIntHandOff":	"<platformDir>/hw/rtc_fnd_axi_wrapper.xsa",
	"deviceType":	"FPGA",
	"platIsPrebuiltAutogen":	"false",
	"platIsNoBootBsp":	"false",
	"hasFsblMakeHasChanges":	"false",
	"hasPmufwMakeHasChanges":	"false",
	"platPreBuiltFlag":	false,
	"platformSamplesDir":	"",
	"platActiveSys":	"rtc_fnd_axi_wrapper",
	"systems":	[{
			"systemName":	"rtc_fnd_axi_wrapper",
			"systemDesc":	"rtc_fnd_axi_wrapper",
			"sysIsBootAutoGen":	"true",
			"systemDispName":	"rtc_fnd_axi_wrapper",
			"sysActiveDom":	"standalone_microblaze_0",
			"sysDefaultDom":	"standalone_microblaze_0",
			"domains":	[{
					"domainName":	"standalone_microblaze_0",
					"domainDispName":	"standalone_microblaze_0",
					"domainDesc":	"standalone_microblaze_0",
					"processors":	"microblaze_0",
					"os":	"standalone",
					"sdxOs":	"standalone",
					"debugEnable":	"False",
					"domRuntimes":	["cpp"],
					"swRepo":	"",
					"mssOsVer":	"8.1",
					"mssFile":	"",
					"md5Digest":	"3916ba371a6c5525b0331437d0164d92",
					"compatibleApp":	"hello_world",
					"domType":	"mssDomain",
					"arch":	"32-bit",
					"appSettings":	{
						"appCompilerFlags":	"",
						"appLinkerFlags":	""
					},
					"addedLibs":	[],
					"libOptions":	{
						"libsContainingOptions":	[]
					},
					"prebuiltLibs":	{
						"prebuiltIncPath":	[],
						"prebuiltLibPath":	[]
					},
					"isolation":	{
					}
				}]
		}]
}
KEYINFO::2026-06-09.11:20:53::SCWPlatform::updated the xpfm file.
TRACE::2026-06-09.11:20:54::SCWPlatform::Trying to open the hw design at D:/vivado_pj/RTC_FND_AXI/workspace/rtc_fnd_axi_wrapper/hw/rtc_fnd_axi_wrapper.xsa
TRACE::2026-06-09.11:20:54::SCWPlatform::DSA given D:/vivado_pj/RTC_FND_AXI/workspace/rtc_fnd_axi_wrapper/hw/rtc_fnd_axi_wrapper.xsa
TRACE::2026-06-09.11:20:54::SCWPlatform::DSA absoulate path D:/vivado_pj/RTC_FND_AXI/workspace/rtc_fnd_axi_wrapper/hw/rtc_fnd_axi_wrapper.xsa
TRACE::2026-06-09.11:20:54::SCWPlatform::DSA directory D:/vivado_pj/RTC_FND_AXI/workspace/rtc_fnd_axi_wrapper/hw
TRACE::2026-06-09.11:20:54::SCWPlatform:: Platform Path D:/vivado_pj/RTC_FND_AXI/workspace/rtc_fnd_axi_wrapper/hw/rtc_fnd_axi_wrapper.xsa
TRACE::2026-06-09.11:20:54::SCWPlatform:: Unique name xilinx:basys3::0.0
TRACE::2026-06-09.11:20:54::SCWPlatform::Trying to set the existing hwdb with name rtc_fnd_axi_wrapper_0
TRACE::2026-06-09.11:20:54::SCWPlatform::Opened existing hwdb rtc_fnd_axi_wrapper_0
TRACE::2026-06-09.11:20:54::SCWPlatform::Found the Hw Db part of the input DSA
TRACE::2026-06-09.11:20:54::SCWMssOS::Checking the sw design at  D:/vivado_pj/RTC_FND_AXI/workspace/rtc_fnd_axi_wrapper/microblaze_0/standalone_microblaze_0/bsp/system.mss
TRACE::2026-06-09.11:20:54::SCWMssOS::DEBUG:  swdes dump  D:/vivado_pj/RTC_FND_AXI/workspace/rtc_fnd_axi_wrapper/microblaze_0/standalone_microblaze_0/bsp/system.mss|system||

TRACE::2026-06-09.11:20:54::SCWMssOS::Sw design exists and opened at  D:/vivado_pj/RTC_FND_AXI/workspace/rtc_fnd_axi_wrapper/microblaze_0/standalone_microblaze_0/bsp/system.mss
TRACE::2026-06-09.11:20:54::SCWMssOS::Saving the mss changes D:/vivado_pj/RTC_FND_AXI/workspace/rtc_fnd_axi_wrapper/microblaze_0/standalone_microblaze_0/bsp/system.mss
TRACE::2026-06-09.11:20:54::SCWMssOS::Found a swdesign opened with the mssfile.
TRACE::2026-06-09.11:20:54::SCWMssOS::Completed writemss as part of save.
TRACE::2026-06-09.11:20:54::SCWMssOS::Commit changes completed.
TRACE::2026-06-09.11:20:54::SCWPlatform::Trying to open the hw design at D:/vivado_pj/RTC_FND_AXI/workspace/rtc_fnd_axi_wrapper/hw/rtc_fnd_axi_wrapper.xsa
TRACE::2026-06-09.11:20:54::SCWPlatform::DSA given D:/vivado_pj/RTC_FND_AXI/workspace/rtc_fnd_axi_wrapper/hw/rtc_fnd_axi_wrapper.xsa
TRACE::2026-06-09.11:20:54::SCWPlatform::DSA absoulate path D:/vivado_pj/RTC_FND_AXI/workspace/rtc_fnd_axi_wrapper/hw/rtc_fnd_axi_wrapper.xsa
TRACE::2026-06-09.11:20:54::SCWPlatform::DSA directory D:/vivado_pj/RTC_FND_AXI/workspace/rtc_fnd_axi_wrapper/hw
TRACE::2026-06-09.11:20:54::SCWPlatform:: Platform Path D:/vivado_pj/RTC_FND_AXI/workspace/rtc_fnd_axi_wrapper/hw/rtc_fnd_axi_wrapper.xsa
TRACE::2026-06-09.11:20:54::SCWPlatform:: Unique name xilinx:basys3::0.0
TRACE::2026-06-09.11:20:54::SCWPlatform::Trying to set the existing hwdb with name rtc_fnd_axi_wrapper_0
TRACE::2026-06-09.11:20:54::SCWPlatform::Opened existing hwdb rtc_fnd_axi_wrapper_0
TRACE::2026-06-09.11:20:54::SCWPlatform::Found the Hw Db part of the input DSA
TRACE::2026-06-09.11:20:54::SCWMssOS::Checking the sw design at  D:/vivado_pj/RTC_FND_AXI/workspace/rtc_fnd_axi_wrapper/microblaze_0/standalone_microblaze_0/bsp/system.mss
TRACE::2026-06-09.11:20:54::SCWMssOS::DEBUG:  swdes dump  D:/vivado_pj/RTC_FND_AXI/workspace/rtc_fnd_axi_wrapper/microblaze_0/standalone_microblaze_0/bsp/system.mss|system||

TRACE::2026-06-09.11:20:54::SCWMssOS::Sw design exists and opened at  D:/vivado_pj/RTC_FND_AXI/workspace/rtc_fnd_axi_wrapper/microblaze_0/standalone_microblaze_0/bsp/system.mss
TRACE::2026-06-09.11:20:54::SCWPlatform::Trying to open the hw design at D:/vivado_pj/RTC_FND_AXI/workspace/rtc_fnd_axi_wrapper/hw/rtc_fnd_axi_wrapper.xsa
TRACE::2026-06-09.11:20:54::SCWPlatform::DSA given D:/vivado_pj/RTC_FND_AXI/workspace/rtc_fnd_axi_wrapper/hw/rtc_fnd_axi_wrapper.xsa
TRACE::2026-06-09.11:20:54::SCWPlatform::DSA absoulate path D:/vivado_pj/RTC_FND_AXI/workspace/rtc_fnd_axi_wrapper/hw/rtc_fnd_axi_wrapper.xsa
TRACE::2026-06-09.11:20:54::SCWPlatform::DSA directory D:/vivado_pj/RTC_FND_AXI/workspace/rtc_fnd_axi_wrapper/hw
TRACE::2026-06-09.11:20:54::SCWPlatform:: Platform Path D:/vivado_pj/RTC_FND_AXI/workspace/rtc_fnd_axi_wrapper/hw/rtc_fnd_axi_wrapper.xsa
TRACE::2026-06-09.11:20:54::SCWPlatform:: Unique name xilinx:basys3::0.0
TRACE::2026-06-09.11:20:54::SCWPlatform::Trying to set the existing hwdb with name rtc_fnd_axi_wrapper_0
TRACE::2026-06-09.11:20:54::SCWPlatform::Opened existing hwdb rtc_fnd_axi_wrapper_0
TRACE::2026-06-09.11:20:54::SCWPlatform::Found the Hw Db part of the input DSA
TRACE::2026-06-09.11:20:54::SCWMssOS::Checking the sw design at  D:/vivado_pj/RTC_FND_AXI/workspace/rtc_fnd_axi_wrapper/microblaze_0/standalone_microblaze_0/bsp/system.mss
TRACE::2026-06-09.11:20:54::SCWMssOS::DEBUG:  swdes dump  D:/vivado_pj/RTC_FND_AXI/workspace/rtc_fnd_axi_wrapper/microblaze_0/standalone_microblaze_0/bsp/system.mss|system||

TRACE::2026-06-09.11:20:54::SCWMssOS::Sw design exists and opened at  D:/vivado_pj/RTC_FND_AXI/workspace/rtc_fnd_axi_wrapper/microblaze_0/standalone_microblaze_0/bsp/system.mss
TRACE::2026-06-09.11:20:54::SCWPlatform::Trying to open the hw design at D:/vivado_pj/RTC_FND_AXI/workspace/rtc_fnd_axi_wrapper/hw/rtc_fnd_axi_wrapper.xsa
TRACE::2026-06-09.11:20:54::SCWPlatform::DSA given D:/vivado_pj/RTC_FND_AXI/workspace/rtc_fnd_axi_wrapper/hw/rtc_fnd_axi_wrapper.xsa
TRACE::2026-06-09.11:20:54::SCWPlatform::DSA absoulate path D:/vivado_pj/RTC_FND_AXI/workspace/rtc_fnd_axi_wrapper/hw/rtc_fnd_axi_wrapper.xsa
TRACE::2026-06-09.11:20:54::SCWPlatform::DSA directory D:/vivado_pj/RTC_FND_AXI/workspace/rtc_fnd_axi_wrapper/hw
TRACE::2026-06-09.11:20:54::SCWPlatform:: Platform Path D:/vivado_pj/RTC_FND_AXI/workspace/rtc_fnd_axi_wrapper/hw/rtc_fnd_axi_wrapper.xsa
TRACE::2026-06-09.11:20:54::SCWPlatform:: Unique name xilinx:basys3::0.0
TRACE::2026-06-09.11:20:54::SCWPlatform::Trying to set the existing hwdb with name rtc_fnd_axi_wrapper_0
TRACE::2026-06-09.11:20:54::SCWPlatform::Opened existing hwdb rtc_fnd_axi_wrapper_0
TRACE::2026-06-09.11:20:54::SCWPlatform::Found the Hw Db part of the input DSA
TRACE::2026-06-09.11:20:54::SCWMssOS::Checking the sw design at  D:/vivado_pj/RTC_FND_AXI/workspace/rtc_fnd_axi_wrapper/microblaze_0/standalone_microblaze_0/bsp/system.mss
TRACE::2026-06-09.11:20:54::SCWMssOS::DEBUG:  swdes dump  D:/vivado_pj/RTC_FND_AXI/workspace/rtc_fnd_axi_wrapper/microblaze_0/standalone_microblaze_0/bsp/system.mss|system||

TRACE::2026-06-09.11:20:54::SCWMssOS::Sw design exists and opened at  D:/vivado_pj/RTC_FND_AXI/workspace/rtc_fnd_axi_wrapper/microblaze_0/standalone_microblaze_0/bsp/system.mss
TRACE::2026-06-09.11:20:54::SCWWriter::formatted JSON is {
	"platformName":	"rtc_fnd_axi_wrapper",
	"sprVersion":	"2.0",
	"mode":	"gui",
	"dsaType":	"Fixed",
	"platformDesc":	"rtc_fnd_axi_wrapper",
	"platHandOff":	"D:/vivado_pj/RTC_FND_AXI/rtc_fnd_axi_wrapper.xsa",
	"platIntHandOff":	"<platformDir>/hw/rtc_fnd_axi_wrapper.xsa",
	"deviceType":	"FPGA",
	"platIsPrebuiltAutogen":	"false",
	"platIsNoBootBsp":	"false",
	"hasFsblMakeHasChanges":	"false",
	"hasPmufwMakeHasChanges":	"false",
	"platPreBuiltFlag":	false,
	"platformSamplesDir":	"",
	"platActiveSys":	"rtc_fnd_axi_wrapper",
	"systems":	[{
			"systemName":	"rtc_fnd_axi_wrapper",
			"systemDesc":	"rtc_fnd_axi_wrapper",
			"sysIsBootAutoGen":	"true",
			"systemDispName":	"rtc_fnd_axi_wrapper",
			"sysActiveDom":	"standalone_microblaze_0",
			"sysDefaultDom":	"standalone_microblaze_0",
			"domains":	[{
					"domainName":	"standalone_microblaze_0",
					"domainDispName":	"standalone_microblaze_0",
					"domainDesc":	"standalone_microblaze_0",
					"processors":	"microblaze_0",
					"os":	"standalone",
					"sdxOs":	"standalone",
					"debugEnable":	"False",
					"domRuntimes":	["cpp"],
					"swRepo":	"",
					"mssOsVer":	"8.1",
					"mssFile":	"",
					"md5Digest":	"3916ba371a6c5525b0331437d0164d92",
					"compatibleApp":	"hello_world",
					"domType":	"mssDomain",
					"arch":	"32-bit",
					"appSettings":	{
						"appCompilerFlags":	"",
						"appLinkerFlags":	""
					},
					"addedLibs":	[],
					"libOptions":	{
						"libsContainingOptions":	[]
					},
					"prebuiltLibs":	{
						"prebuiltIncPath":	[],
						"prebuiltLibPath":	[]
					},
					"isolation":	{
					}
				}]
		}]
}
TRACE::2026-06-09.11:20:54::SCWPlatform::Trying to open the hw design at D:/vivado_pj/RTC_FND_AXI/workspace/rtc_fnd_axi_wrapper/hw/rtc_fnd_axi_wrapper.xsa
TRACE::2026-06-09.11:20:54::SCWPlatform::DSA given D:/vivado_pj/RTC_FND_AXI/workspace/rtc_fnd_axi_wrapper/hw/rtc_fnd_axi_wrapper.xsa
TRACE::2026-06-09.11:20:54::SCWPlatform::DSA absoulate path D:/vivado_pj/RTC_FND_AXI/workspace/rtc_fnd_axi_wrapper/hw/rtc_fnd_axi_wrapper.xsa
TRACE::2026-06-09.11:20:54::SCWPlatform::DSA directory D:/vivado_pj/RTC_FND_AXI/workspace/rtc_fnd_axi_wrapper/hw
TRACE::2026-06-09.11:20:54::SCWPlatform:: Platform Path D:/vivado_pj/RTC_FND_AXI/workspace/rtc_fnd_axi_wrapper/hw/rtc_fnd_axi_wrapper.xsa
TRACE::2026-06-09.11:20:54::SCWPlatform:: Unique name xilinx:basys3::0.0
TRACE::2026-06-09.11:20:54::SCWPlatform::Trying to set the existing hwdb with name rtc_fnd_axi_wrapper_0
TRACE::2026-06-09.11:20:54::SCWPlatform::Opened existing hwdb rtc_fnd_axi_wrapper_0
TRACE::2026-06-09.11:20:54::SCWPlatform::Found the Hw Db part of the input DSA
TRACE::2026-06-09.11:20:54::SCWMssOS::Checking the sw design at  D:/vivado_pj/RTC_FND_AXI/workspace/rtc_fnd_axi_wrapper/microblaze_0/standalone_microblaze_0/bsp/system.mss
TRACE::2026-06-09.11:20:54::SCWMssOS::DEBUG:  swdes dump  D:/vivado_pj/RTC_FND_AXI/workspace/rtc_fnd_axi_wrapper/microblaze_0/standalone_microblaze_0/bsp/system.mss|system||

TRACE::2026-06-09.11:20:54::SCWMssOS::Sw design exists and opened at  D:/vivado_pj/RTC_FND_AXI/workspace/rtc_fnd_axi_wrapper/microblaze_0/standalone_microblaze_0/bsp/system.mss
TRACE::2026-06-09.11:20:54::SCWPlatform::Trying to open the hw design at D:/vivado_pj/RTC_FND_AXI/workspace/rtc_fnd_axi_wrapper/hw/rtc_fnd_axi_wrapper.xsa
TRACE::2026-06-09.11:20:54::SCWPlatform::DSA given D:/vivado_pj/RTC_FND_AXI/workspace/rtc_fnd_axi_wrapper/hw/rtc_fnd_axi_wrapper.xsa
TRACE::2026-06-09.11:20:54::SCWPlatform::DSA absoulate path D:/vivado_pj/RTC_FND_AXI/workspace/rtc_fnd_axi_wrapper/hw/rtc_fnd_axi_wrapper.xsa
TRACE::2026-06-09.11:20:54::SCWPlatform::DSA directory D:/vivado_pj/RTC_FND_AXI/workspace/rtc_fnd_axi_wrapper/hw
TRACE::2026-06-09.11:20:54::SCWPlatform:: Platform Path D:/vivado_pj/RTC_FND_AXI/workspace/rtc_fnd_axi_wrapper/hw/rtc_fnd_axi_wrapper.xsa
TRACE::2026-06-09.11:20:54::SCWPlatform:: Unique name xilinx:basys3::0.0
TRACE::2026-06-09.11:20:54::SCWPlatform::Trying to set the existing hwdb with name rtc_fnd_axi_wrapper_0
TRACE::2026-06-09.11:20:54::SCWPlatform::Opened existing hwdb rtc_fnd_axi_wrapper_0
TRACE::2026-06-09.11:20:54::SCWPlatform::Found the Hw Db part of the input DSA
TRACE::2026-06-09.11:20:54::SCWMssOS::Checking the sw design at  D:/vivado_pj/RTC_FND_AXI/workspace/rtc_fnd_axi_wrapper/microblaze_0/standalone_microblaze_0/bsp/system.mss
TRACE::2026-06-09.11:20:54::SCWMssOS::DEBUG:  swdes dump  D:/vivado_pj/RTC_FND_AXI/workspace/rtc_fnd_axi_wrapper/microblaze_0/standalone_microblaze_0/bsp/system.mss|system||

TRACE::2026-06-09.11:20:54::SCWMssOS::Sw design exists and opened at  D:/vivado_pj/RTC_FND_AXI/workspace/rtc_fnd_axi_wrapper/microblaze_0/standalone_microblaze_0/bsp/system.mss
TRACE::2026-06-09.11:20:54::SCWMssOS::Saving the mss changes D:/vivado_pj/RTC_FND_AXI/workspace/rtc_fnd_axi_wrapper/microblaze_0/standalone_microblaze_0/bsp/system.mss
TRACE::2026-06-09.11:20:54::SCWMssOS::Found a swdesign opened with the mssfile.
TRACE::2026-06-09.11:20:54::SCWMssOS::Completed writemss as part of save.
TRACE::2026-06-09.11:20:54::SCWMssOS::Commit changes completed.
TRACE::2026-06-09.11:20:54::SCWPlatform::Trying to open the hw design at D:/vivado_pj/RTC_FND_AXI/workspace/rtc_fnd_axi_wrapper/hw/rtc_fnd_axi_wrapper.xsa
TRACE::2026-06-09.11:20:54::SCWPlatform::DSA given D:/vivado_pj/RTC_FND_AXI/workspace/rtc_fnd_axi_wrapper/hw/rtc_fnd_axi_wrapper.xsa
TRACE::2026-06-09.11:20:54::SCWPlatform::DSA absoulate path D:/vivado_pj/RTC_FND_AXI/workspace/rtc_fnd_axi_wrapper/hw/rtc_fnd_axi_wrapper.xsa
TRACE::2026-06-09.11:20:54::SCWPlatform::DSA directory D:/vivado_pj/RTC_FND_AXI/workspace/rtc_fnd_axi_wrapper/hw
TRACE::2026-06-09.11:20:54::SCWPlatform:: Platform Path D:/vivado_pj/RTC_FND_AXI/workspace/rtc_fnd_axi_wrapper/hw/rtc_fnd_axi_wrapper.xsa
TRACE::2026-06-09.11:20:54::SCWPlatform:: Unique name xilinx:basys3::0.0
TRACE::2026-06-09.11:20:54::SCWPlatform::Trying to set the existing hwdb with name rtc_fnd_axi_wrapper_0
TRACE::2026-06-09.11:20:54::SCWPlatform::Opened existing hwdb rtc_fnd_axi_wrapper_0
TRACE::2026-06-09.11:20:54::SCWPlatform::Found the Hw Db part of the input DSA
TRACE::2026-06-09.11:20:54::SCWMssOS::Checking the sw design at  D:/vivado_pj/RTC_FND_AXI/workspace/rtc_fnd_axi_wrapper/microblaze_0/standalone_microblaze_0/bsp/system.mss
TRACE::2026-06-09.11:20:54::SCWMssOS::DEBUG:  swdes dump  D:/vivado_pj/RTC_FND_AXI/workspace/rtc_fnd_axi_wrapper/microblaze_0/standalone_microblaze_0/bsp/system.mss|system||

TRACE::2026-06-09.11:20:54::SCWMssOS::Sw design exists and opened at  D:/vivado_pj/RTC_FND_AXI/workspace/rtc_fnd_axi_wrapper/microblaze_0/standalone_microblaze_0/bsp/system.mss
TRACE::2026-06-09.11:20:54::SCWPlatform::Trying to open the hw design at D:/vivado_pj/RTC_FND_AXI/workspace/rtc_fnd_axi_wrapper/hw/rtc_fnd_axi_wrapper.xsa
TRACE::2026-06-09.11:20:54::SCWPlatform::DSA given D:/vivado_pj/RTC_FND_AXI/workspace/rtc_fnd_axi_wrapper/hw/rtc_fnd_axi_wrapper.xsa
TRACE::2026-06-09.11:20:54::SCWPlatform::DSA absoulate path D:/vivado_pj/RTC_FND_AXI/workspace/rtc_fnd_axi_wrapper/hw/rtc_fnd_axi_wrapper.xsa
TRACE::2026-06-09.11:20:54::SCWPlatform::DSA directory D:/vivado_pj/RTC_FND_AXI/workspace/rtc_fnd_axi_wrapper/hw
TRACE::2026-06-09.11:20:54::SCWPlatform:: Platform Path D:/vivado_pj/RTC_FND_AXI/workspace/rtc_fnd_axi_wrapper/hw/rtc_fnd_axi_wrapper.xsa
TRACE::2026-06-09.11:20:54::SCWPlatform:: Unique name xilinx:basys3::0.0
TRACE::2026-06-09.11:20:54::SCWPlatform::Trying to set the existing hwdb with name rtc_fnd_axi_wrapper_0
TRACE::2026-06-09.11:20:54::SCWPlatform::Opened existing hwdb rtc_fnd_axi_wrapper_0
TRACE::2026-06-09.11:20:54::SCWPlatform::Found the Hw Db part of the input DSA
TRACE::2026-06-09.11:20:54::SCWMssOS::Checking the sw design at  D:/vivado_pj/RTC_FND_AXI/workspace/rtc_fnd_axi_wrapper/microblaze_0/standalone_microblaze_0/bsp/system.mss
TRACE::2026-06-09.11:20:54::SCWMssOS::DEBUG:  swdes dump  D:/vivado_pj/RTC_FND_AXI/workspace/rtc_fnd_axi_wrapper/microblaze_0/standalone_microblaze_0/bsp/system.mss|system||

TRACE::2026-06-09.11:20:54::SCWMssOS::Sw design exists and opened at  D:/vivado_pj/RTC_FND_AXI/workspace/rtc_fnd_axi_wrapper/microblaze_0/standalone_microblaze_0/bsp/system.mss
TRACE::2026-06-09.11:20:54::SCWPlatform::Trying to open the hw design at D:/vivado_pj/RTC_FND_AXI/workspace/rtc_fnd_axi_wrapper/hw/rtc_fnd_axi_wrapper.xsa
TRACE::2026-06-09.11:20:54::SCWPlatform::DSA given D:/vivado_pj/RTC_FND_AXI/workspace/rtc_fnd_axi_wrapper/hw/rtc_fnd_axi_wrapper.xsa
TRACE::2026-06-09.11:20:54::SCWPlatform::DSA absoulate path D:/vivado_pj/RTC_FND_AXI/workspace/rtc_fnd_axi_wrapper/hw/rtc_fnd_axi_wrapper.xsa
TRACE::2026-06-09.11:20:54::SCWPlatform::DSA directory D:/vivado_pj/RTC_FND_AXI/workspace/rtc_fnd_axi_wrapper/hw
TRACE::2026-06-09.11:20:54::SCWPlatform:: Platform Path D:/vivado_pj/RTC_FND_AXI/workspace/rtc_fnd_axi_wrapper/hw/rtc_fnd_axi_wrapper.xsa
TRACE::2026-06-09.11:20:54::SCWPlatform:: Unique name xilinx:basys3::0.0
TRACE::2026-06-09.11:20:54::SCWPlatform::Trying to set the existing hwdb with name rtc_fnd_axi_wrapper_0
TRACE::2026-06-09.11:20:54::SCWPlatform::Opened existing hwdb rtc_fnd_axi_wrapper_0
TRACE::2026-06-09.11:20:54::SCWPlatform::Found the Hw Db part of the input DSA
TRACE::2026-06-09.11:20:54::SCWMssOS::Checking the sw design at  D:/vivado_pj/RTC_FND_AXI/workspace/rtc_fnd_axi_wrapper/microblaze_0/standalone_microblaze_0/bsp/system.mss
TRACE::2026-06-09.11:20:54::SCWMssOS::DEBUG:  swdes dump  D:/vivado_pj/RTC_FND_AXI/workspace/rtc_fnd_axi_wrapper/microblaze_0/standalone_microblaze_0/bsp/system.mss|system||

TRACE::2026-06-09.11:20:54::SCWMssOS::Sw design exists and opened at  D:/vivado_pj/RTC_FND_AXI/workspace/rtc_fnd_axi_wrapper/microblaze_0/standalone_microblaze_0/bsp/system.mss
TRACE::2026-06-09.11:20:54::SCWWriter::formatted JSON is {
	"platformName":	"rtc_fnd_axi_wrapper",
	"sprVersion":	"2.0",
	"mode":	"gui",
	"dsaType":	"Fixed",
	"platformDesc":	"rtc_fnd_axi_wrapper",
	"platHandOff":	"D:/vivado_pj/RTC_FND_AXI/rtc_fnd_axi_wrapper.xsa",
	"platIntHandOff":	"<platformDir>/hw/rtc_fnd_axi_wrapper.xsa",
	"deviceType":	"FPGA",
	"platIsPrebuiltAutogen":	"false",
	"platIsNoBootBsp":	"false",
	"hasFsblMakeHasChanges":	"false",
	"hasPmufwMakeHasChanges":	"false",
	"platPreBuiltFlag":	false,
	"platformSamplesDir":	"",
	"platActiveSys":	"rtc_fnd_axi_wrapper",
	"systems":	[{
			"systemName":	"rtc_fnd_axi_wrapper",
			"systemDesc":	"rtc_fnd_axi_wrapper",
			"sysIsBootAutoGen":	"true",
			"systemDispName":	"rtc_fnd_axi_wrapper",
			"sysActiveDom":	"standalone_microblaze_0",
			"sysDefaultDom":	"standalone_microblaze_0",
			"domains":	[{
					"domainName":	"standalone_microblaze_0",
					"domainDispName":	"standalone_microblaze_0",
					"domainDesc":	"standalone_microblaze_0",
					"processors":	"microblaze_0",
					"os":	"standalone",
					"sdxOs":	"standalone",
					"debugEnable":	"False",
					"domRuntimes":	["cpp"],
					"swRepo":	"",
					"mssOsVer":	"8.1",
					"mssFile":	"",
					"md5Digest":	"3916ba371a6c5525b0331437d0164d92",
					"compatibleApp":	"hello_world",
					"domType":	"mssDomain",
					"arch":	"32-bit",
					"appSettings":	{
						"appCompilerFlags":	"",
						"appLinkerFlags":	""
					},
					"addedLibs":	[],
					"libOptions":	{
						"libsContainingOptions":	[]
					},
					"prebuiltLibs":	{
						"prebuiltIncPath":	[],
						"prebuiltLibPath":	[]
					},
					"isolation":	{
					}
				}]
		}]
}
LOG::2026-06-09.11:20:54::SCWPlatform::Started generating the artifacts platform rtc_fnd_axi_wrapper
TRACE::2026-06-09.11:20:54::SCWPlatform::Sanity checking of platform is completed
LOG::2026-06-09.11:20:54::SCWPlatform::Started generating the artifacts for system configuration rtc_fnd_axi_wrapper
LOG::2026-06-09.11:20:54::SCWSystem::Started Processing the domain standalone_microblaze_0
TRACE::2026-06-09.11:20:54::SCWDomain::Generating domain artifcats
TRACE::2026-06-09.11:20:54::SCWMssOS::Generating standalone artifcats
TRACE::2026-06-09.11:20:54::SCWMssOS:: Copying the user libraries. 
TRACE::2026-06-09.11:20:54::SCWPlatform::Trying to open the hw design at D:/vivado_pj/RTC_FND_AXI/workspace/rtc_fnd_axi_wrapper/hw/rtc_fnd_axi_wrapper.xsa
TRACE::2026-06-09.11:20:54::SCWPlatform::DSA given D:/vivado_pj/RTC_FND_AXI/workspace/rtc_fnd_axi_wrapper/hw/rtc_fnd_axi_wrapper.xsa
TRACE::2026-06-09.11:20:54::SCWPlatform::DSA absoulate path D:/vivado_pj/RTC_FND_AXI/workspace/rtc_fnd_axi_wrapper/hw/rtc_fnd_axi_wrapper.xsa
TRACE::2026-06-09.11:20:54::SCWPlatform::DSA directory D:/vivado_pj/RTC_FND_AXI/workspace/rtc_fnd_axi_wrapper/hw
TRACE::2026-06-09.11:20:54::SCWPlatform:: Platform Path D:/vivado_pj/RTC_FND_AXI/workspace/rtc_fnd_axi_wrapper/hw/rtc_fnd_axi_wrapper.xsa
TRACE::2026-06-09.11:20:54::SCWPlatform:: Unique name xilinx:basys3::0.0
TRACE::2026-06-09.11:20:54::SCWPlatform::Trying to set the existing hwdb with name rtc_fnd_axi_wrapper_0
TRACE::2026-06-09.11:20:54::SCWPlatform::Opened existing hwdb rtc_fnd_axi_wrapper_0
TRACE::2026-06-09.11:20:54::SCWPlatform::Found the Hw Db part of the input DSA
TRACE::2026-06-09.11:20:54::SCWMssOS::Checking the sw design at  D:/vivado_pj/RTC_FND_AXI/workspace/rtc_fnd_axi_wrapper/microblaze_0/standalone_microblaze_0/bsp/system.mss
TRACE::2026-06-09.11:20:54::SCWMssOS::DEBUG:  swdes dump  D:/vivado_pj/RTC_FND_AXI/workspace/rtc_fnd_axi_wrapper/microblaze_0/standalone_microblaze_0/bsp/system.mss|system||

TRACE::2026-06-09.11:20:54::SCWMssOS::Sw design exists and opened at  D:/vivado_pj/RTC_FND_AXI/workspace/rtc_fnd_axi_wrapper/microblaze_0/standalone_microblaze_0/bsp/system.mss
TRACE::2026-06-09.11:20:54::SCWMssOS::Completed writing the mss file at D:/vivado_pj/RTC_FND_AXI/workspace/rtc_fnd_axi_wrapper/microblaze_0/standalone_microblaze_0/bsp
TRACE::2026-06-09.11:20:54::SCWMssOS::Mss edits present, copying mssfile into export location D:/vivado_pj/RTC_FND_AXI/workspace/rtc_fnd_axi_wrapper/microblaze_0/standalone_microblaze_0/bsp/system.mss
TRACE::2026-06-09.11:20:54::SCWMssOS::bsp generated is upto date with the mss file. Skipping bsp generation.
TRACE::2026-06-09.11:20:54::SCWMssOS::BSP is already built. skipping the bsp build ... 
TRACE::2026-06-09.11:20:54::SCWDomain::Building the domain as part of full build :  standalone_microblaze_0
TRACE::2026-06-09.11:20:54::SCWMssOS::skipping the bsp build ... 
TRACE::2026-06-09.11:20:54::SCWMssOS::Copying to export directory.
TRACE::2026-06-09.11:20:54::SCWMssOS:: Checking if to create the Supporting Applications
TRACE::2026-06-09.11:20:54::SCWMssOS:: No Linux domain exists, trying to generate FSBL 
LOG::2026-06-09.11:20:54::SCWSystem::Completed Processing the domain standalone_microblaze_0
LOG::2026-06-09.11:20:54::SCWSystem::Completed Processing the sysconfig rtc_fnd_axi_wrapper
LOG::2026-06-09.11:20:54::SCWPlatform::Completed generating the artifacts for system configuration rtc_fnd_axi_wrapper
TRACE::2026-06-09.11:20:54::SCWPlatform::Started preparing the platform 
TRACE::2026-06-09.11:20:54::SCWSystem::Writing the bif file for system config rtc_fnd_axi_wrapper
TRACE::2026-06-09.11:20:54::SCWSystem::dir created 
TRACE::2026-06-09.11:20:54::SCWSystem::Writing the bif 
TRACE::2026-06-09.11:20:54::SCWPlatform::Started writing the spfm file 
TRACE::2026-06-09.11:20:54::SCWPlatform::Started writing the xpfm file 
TRACE::2026-06-09.11:20:54::SCWPlatform::Completed generating the platform
TRACE::2026-06-09.11:20:54::SCWMssOS::Saving the mss changes D:/vivado_pj/RTC_FND_AXI/workspace/rtc_fnd_axi_wrapper/microblaze_0/standalone_microblaze_0/bsp/system.mss
TRACE::2026-06-09.11:20:54::SCWMssOS::Found a swdesign opened with the mssfile.
TRACE::2026-06-09.11:20:54::SCWMssOS::Completed writemss as part of save.
TRACE::2026-06-09.11:20:54::SCWMssOS::Commit changes completed.
TRACE::2026-06-09.11:20:54::SCWPlatform::Trying to open the hw design at D:/vivado_pj/RTC_FND_AXI/workspace/rtc_fnd_axi_wrapper/hw/rtc_fnd_axi_wrapper.xsa
TRACE::2026-06-09.11:20:54::SCWPlatform::DSA given D:/vivado_pj/RTC_FND_AXI/workspace/rtc_fnd_axi_wrapper/hw/rtc_fnd_axi_wrapper.xsa
TRACE::2026-06-09.11:20:54::SCWPlatform::DSA absoulate path D:/vivado_pj/RTC_FND_AXI/workspace/rtc_fnd_axi_wrapper/hw/rtc_fnd_axi_wrapper.xsa
TRACE::2026-06-09.11:20:54::SCWPlatform::DSA directory D:/vivado_pj/RTC_FND_AXI/workspace/rtc_fnd_axi_wrapper/hw
TRACE::2026-06-09.11:20:54::SCWPlatform:: Platform Path D:/vivado_pj/RTC_FND_AXI/workspace/rtc_fnd_axi_wrapper/hw/rtc_fnd_axi_wrapper.xsa
TRACE::2026-06-09.11:20:54::SCWPlatform:: Unique name xilinx:basys3::0.0
TRACE::2026-06-09.11:20:54::SCWPlatform::Trying to set the existing hwdb with name rtc_fnd_axi_wrapper_0
TRACE::2026-06-09.11:20:54::SCWPlatform::Opened existing hwdb rtc_fnd_axi_wrapper_0
TRACE::2026-06-09.11:20:54::SCWPlatform::Found the Hw Db part of the input DSA
TRACE::2026-06-09.11:20:54::SCWMssOS::Checking the sw design at  D:/vivado_pj/RTC_FND_AXI/workspace/rtc_fnd_axi_wrapper/microblaze_0/standalone_microblaze_0/bsp/system.mss
TRACE::2026-06-09.11:20:54::SCWMssOS::DEBUG:  swdes dump  D:/vivado_pj/RTC_FND_AXI/workspace/rtc_fnd_axi_wrapper/microblaze_0/standalone_microblaze_0/bsp/system.mss|system||

TRACE::2026-06-09.11:20:54::SCWMssOS::Sw design exists and opened at  D:/vivado_pj/RTC_FND_AXI/workspace/rtc_fnd_axi_wrapper/microblaze_0/standalone_microblaze_0/bsp/system.mss
TRACE::2026-06-09.11:20:54::SCWPlatform::Trying to open the hw design at D:/vivado_pj/RTC_FND_AXI/workspace/rtc_fnd_axi_wrapper/hw/rtc_fnd_axi_wrapper.xsa
TRACE::2026-06-09.11:20:54::SCWPlatform::DSA given D:/vivado_pj/RTC_FND_AXI/workspace/rtc_fnd_axi_wrapper/hw/rtc_fnd_axi_wrapper.xsa
TRACE::2026-06-09.11:20:54::SCWPlatform::DSA absoulate path D:/vivado_pj/RTC_FND_AXI/workspace/rtc_fnd_axi_wrapper/hw/rtc_fnd_axi_wrapper.xsa
TRACE::2026-06-09.11:20:54::SCWPlatform::DSA directory D:/vivado_pj/RTC_FND_AXI/workspace/rtc_fnd_axi_wrapper/hw
TRACE::2026-06-09.11:20:54::SCWPlatform:: Platform Path D:/vivado_pj/RTC_FND_AXI/workspace/rtc_fnd_axi_wrapper/hw/rtc_fnd_axi_wrapper.xsa
TRACE::2026-06-09.11:20:54::SCWPlatform:: Unique name xilinx:basys3::0.0
TRACE::2026-06-09.11:20:54::SCWPlatform::Trying to set the existing hwdb with name rtc_fnd_axi_wrapper_0
TRACE::2026-06-09.11:20:54::SCWPlatform::Opened existing hwdb rtc_fnd_axi_wrapper_0
TRACE::2026-06-09.11:20:54::SCWPlatform::Found the Hw Db part of the input DSA
TRACE::2026-06-09.11:20:54::SCWMssOS::Checking the sw design at  D:/vivado_pj/RTC_FND_AXI/workspace/rtc_fnd_axi_wrapper/microblaze_0/standalone_microblaze_0/bsp/system.mss
TRACE::2026-06-09.11:20:54::SCWMssOS::DEBUG:  swdes dump  D:/vivado_pj/RTC_FND_AXI/workspace/rtc_fnd_axi_wrapper/microblaze_0/standalone_microblaze_0/bsp/system.mss|system||

TRACE::2026-06-09.11:20:54::SCWMssOS::Sw design exists and opened at  D:/vivado_pj/RTC_FND_AXI/workspace/rtc_fnd_axi_wrapper/microblaze_0/standalone_microblaze_0/bsp/system.mss
TRACE::2026-06-09.11:20:54::SCWPlatform::Trying to open the hw design at D:/vivado_pj/RTC_FND_AXI/workspace/rtc_fnd_axi_wrapper/hw/rtc_fnd_axi_wrapper.xsa
TRACE::2026-06-09.11:20:54::SCWPlatform::DSA given D:/vivado_pj/RTC_FND_AXI/workspace/rtc_fnd_axi_wrapper/hw/rtc_fnd_axi_wrapper.xsa
TRACE::2026-06-09.11:20:54::SCWPlatform::DSA absoulate path D:/vivado_pj/RTC_FND_AXI/workspace/rtc_fnd_axi_wrapper/hw/rtc_fnd_axi_wrapper.xsa
TRACE::2026-06-09.11:20:54::SCWPlatform::DSA directory D:/vivado_pj/RTC_FND_AXI/workspace/rtc_fnd_axi_wrapper/hw
TRACE::2026-06-09.11:20:54::SCWPlatform:: Platform Path D:/vivado_pj/RTC_FND_AXI/workspace/rtc_fnd_axi_wrapper/hw/rtc_fnd_axi_wrapper.xsa
TRACE::2026-06-09.11:20:54::SCWPlatform:: Unique name xilinx:basys3::0.0
TRACE::2026-06-09.11:20:54::SCWPlatform::Trying to set the existing hwdb with name rtc_fnd_axi_wrapper_0
TRACE::2026-06-09.11:20:54::SCWPlatform::Opened existing hwdb rtc_fnd_axi_wrapper_0
TRACE::2026-06-09.11:20:54::SCWPlatform::Found the Hw Db part of the input DSA
TRACE::2026-06-09.11:20:54::SCWMssOS::Checking the sw design at  D:/vivado_pj/RTC_FND_AXI/workspace/rtc_fnd_axi_wrapper/microblaze_0/standalone_microblaze_0/bsp/system.mss
TRACE::2026-06-09.11:20:54::SCWMssOS::DEBUG:  swdes dump  D:/vivado_pj/RTC_FND_AXI/workspace/rtc_fnd_axi_wrapper/microblaze_0/standalone_microblaze_0/bsp/system.mss|system||

TRACE::2026-06-09.11:20:54::SCWMssOS::Sw design exists and opened at  D:/vivado_pj/RTC_FND_AXI/workspace/rtc_fnd_axi_wrapper/microblaze_0/standalone_microblaze_0/bsp/system.mss
TRACE::2026-06-09.11:20:54::SCWWriter::formatted JSON is {
	"platformName":	"rtc_fnd_axi_wrapper",
	"sprVersion":	"2.0",
	"mode":	"gui",
	"dsaType":	"Fixed",
	"platformDesc":	"rtc_fnd_axi_wrapper",
	"platHandOff":	"D:/vivado_pj/RTC_FND_AXI/rtc_fnd_axi_wrapper.xsa",
	"platIntHandOff":	"<platformDir>/hw/rtc_fnd_axi_wrapper.xsa",
	"deviceType":	"FPGA",
	"platIsPrebuiltAutogen":	"false",
	"platIsNoBootBsp":	"false",
	"hasFsblMakeHasChanges":	"false",
	"hasPmufwMakeHasChanges":	"false",
	"platPreBuiltFlag":	false,
	"platformSamplesDir":	"",
	"platActiveSys":	"rtc_fnd_axi_wrapper",
	"systems":	[{
			"systemName":	"rtc_fnd_axi_wrapper",
			"systemDesc":	"rtc_fnd_axi_wrapper",
			"sysIsBootAutoGen":	"true",
			"systemDispName":	"rtc_fnd_axi_wrapper",
			"sysActiveDom":	"standalone_microblaze_0",
			"sysDefaultDom":	"standalone_microblaze_0",
			"domains":	[{
					"domainName":	"standalone_microblaze_0",
					"domainDispName":	"standalone_microblaze_0",
					"domainDesc":	"standalone_microblaze_0",
					"processors":	"microblaze_0",
					"os":	"standalone",
					"sdxOs":	"standalone",
					"debugEnable":	"False",
					"domRuntimes":	["cpp"],
					"swRepo":	"",
					"mssOsVer":	"8.1",
					"mssFile":	"",
					"md5Digest":	"3916ba371a6c5525b0331437d0164d92",
					"compatibleApp":	"hello_world",
					"domType":	"mssDomain",
					"arch":	"32-bit",
					"appSettings":	{
						"appCompilerFlags":	"",
						"appLinkerFlags":	""
					},
					"addedLibs":	[],
					"libOptions":	{
						"libsContainingOptions":	[]
					},
					"prebuiltLibs":	{
						"prebuiltIncPath":	[],
						"prebuiltLibPath":	[]
					},
					"isolation":	{
					}
				}]
		}]
}
KEYINFO::2026-06-09.11:20:54::SCWPlatform::updated the xpfm file.
LOG::2026-06-09.11:24:49::SCWPlatform::Started generating the artifacts platform rtc_fnd_axi_wrapper
TRACE::2026-06-09.11:24:49::SCWPlatform::Sanity checking of platform is completed
LOG::2026-06-09.11:24:49::SCWPlatform::Started generating the artifacts for system configuration rtc_fnd_axi_wrapper
LOG::2026-06-09.11:24:49::SCWSystem::Checking the domain standalone_microblaze_0
LOG::2026-06-09.11:24:49::SCWSystem::Not a boot domain 
LOG::2026-06-09.11:24:49::SCWSystem::Started Processing the domain standalone_microblaze_0
TRACE::2026-06-09.11:24:49::SCWDomain::Generating domain artifcats
TRACE::2026-06-09.11:24:49::SCWMssOS::Generating standalone artifcats
TRACE::2026-06-09.11:24:49::SCWMssOS:: Copying the user libraries. 
TRACE::2026-06-09.11:24:49::SCWPlatform::Trying to open the hw design at D:/vivado_pj/RTC_FND_AXI/workspace/rtc_fnd_axi_wrapper/hw/rtc_fnd_axi_wrapper.xsa
TRACE::2026-06-09.11:24:49::SCWPlatform::DSA given D:/vivado_pj/RTC_FND_AXI/workspace/rtc_fnd_axi_wrapper/hw/rtc_fnd_axi_wrapper.xsa
TRACE::2026-06-09.11:24:49::SCWPlatform::DSA absoulate path D:/vivado_pj/RTC_FND_AXI/workspace/rtc_fnd_axi_wrapper/hw/rtc_fnd_axi_wrapper.xsa
TRACE::2026-06-09.11:24:49::SCWPlatform::DSA directory D:/vivado_pj/RTC_FND_AXI/workspace/rtc_fnd_axi_wrapper/hw
TRACE::2026-06-09.11:24:49::SCWPlatform:: Platform Path D:/vivado_pj/RTC_FND_AXI/workspace/rtc_fnd_axi_wrapper/hw/rtc_fnd_axi_wrapper.xsa
TRACE::2026-06-09.11:24:49::SCWPlatform:: Unique name xilinx:basys3::0.0
TRACE::2026-06-09.11:24:49::SCWPlatform::Trying to set the existing hwdb with name rtc_fnd_axi_wrapper_0
TRACE::2026-06-09.11:24:49::SCWPlatform::Opened existing hwdb rtc_fnd_axi_wrapper_0
TRACE::2026-06-09.11:24:49::SCWPlatform::Found the Hw Db part of the input DSA
TRACE::2026-06-09.11:24:49::SCWMssOS::Checking the sw design at  D:/vivado_pj/RTC_FND_AXI/workspace/rtc_fnd_axi_wrapper/microblaze_0/standalone_microblaze_0/bsp/system.mss
TRACE::2026-06-09.11:24:49::SCWMssOS::DEBUG:  swdes dump  D:/vivado_pj/RTC_FND_AXI/workspace/rtc_fnd_axi_wrapper/microblaze_0/standalone_microblaze_0/bsp/system.mss|system||

TRACE::2026-06-09.11:24:49::SCWMssOS::Sw design exists and opened at  D:/vivado_pj/RTC_FND_AXI/workspace/rtc_fnd_axi_wrapper/microblaze_0/standalone_microblaze_0/bsp/system.mss
TRACE::2026-06-09.11:24:49::SCWMssOS::Completed writing the mss file at D:/vivado_pj/RTC_FND_AXI/workspace/rtc_fnd_axi_wrapper/microblaze_0/standalone_microblaze_0/bsp
TRACE::2026-06-09.11:24:49::SCWMssOS::Mss edits present, copying mssfile into export location D:/vivado_pj/RTC_FND_AXI/workspace/rtc_fnd_axi_wrapper/microblaze_0/standalone_microblaze_0/bsp/system.mss
TRACE::2026-06-09.11:24:49::SCWMssOS::bsp generated is upto date with the mss file. Skipping bsp generation.
TRACE::2026-06-09.11:24:49::SCWMssOS::BSP is already built. skipping the bsp build ... 
TRACE::2026-06-09.11:24:49::SCWDomain::Building the domain as part of full build :  standalone_microblaze_0
TRACE::2026-06-09.11:24:49::SCWMssOS::doing bsp build ... 
TRACE::2026-06-09.11:24:49::SCWMssOS::System Command Ran  D: & cd  D:/vivado_pj/RTC_FND_AXI/workspace/rtc_fnd_axi_wrapper/microblaze_0/standalone_microblaze_0/bsp & make 
TRACE::2026-06-09.11:24:49::SCWMssOS::make --no-print-directory seq_libs

TRACE::2026-06-09.11:24:49::SCWMssOS::'Finished building libraries sequentially.'

TRACE::2026-06-09.11:24:49::SCWMssOS::make -j 18 --no-print-directory par_libs

TRACE::2026-06-09.11:24:49::SCWMssOS::"Running Make include in microblaze_0/libsrc/bram_v4_8/src"

TRACE::2026-06-09.11:24:49::SCWMssOS::make -C microblaze_0/libsrc/bram_v4_8/src -s include  "SHELL=CMD" "COMPILER=mb-gcc" "ASSEMBLER=mb-as" "ARCHIVER=mb-ar" "COMPILE
TRACE::2026-06-09.11:24:49::SCWMssOS::R_FLAGS=  -O2 -c -mcpu=v11.0 -mlittle-endian -mxl-soft-mul" "EXTRA_COMPILER_FLAGS=-g -ffunction-sections -fdata-sections -Wall 
TRACE::2026-06-09.11:24:49::SCWMssOS::-Wextra -fno-tree-loop-distribute-patterns"

TRACE::2026-06-09.11:24:49::SCWMssOS::"Running Make include in microblaze_0/libsrc/cpu_v2_17/src"

TRACE::2026-06-09.11:24:49::SCWMssOS::make -C microblaze_0/libsrc/cpu_v2_17/src -s include  "SHELL=CMD" "COMPILER=mb-gcc" "ASSEMBLER=mb-as" "ARCHIVER=mb-ar" "COMPILE
TRACE::2026-06-09.11:24:49::SCWMssOS::R_FLAGS=  -O2 -c -mcpu=v11.0 -mlittle-endian -mxl-soft-mul" "EXTRA_COMPILER_FLAGS=-g -ffunction-sections -fdata-sections -Wall 
TRACE::2026-06-09.11:24:49::SCWMssOS::-Wextra -fno-tree-loop-distribute-patterns"

TRACE::2026-06-09.11:24:49::SCWMssOS::"Running Make include in microblaze_0/libsrc/standalone_v8_1/src"

TRACE::2026-06-09.11:24:50::SCWMssOS::make -C microblaze_0/libsrc/standalone_v8_1/src -s include  "SHELL=CMD" "COMPILER=mb-gcc" "ASSEMBLER=mb-as" "ARCHIVER=mb-ar" "C
TRACE::2026-06-09.11:24:50::SCWMssOS::OMPILER_FLAGS=  -O2 -c -mcpu=v11.0 -mlittle-endian -mxl-soft-mul" "EXTRA_COMPILER_FLAGS=-g -ffunction-sections -fdata-sections 
TRACE::2026-06-09.11:24:50::SCWMssOS::-Wall -Wextra -fno-tree-loop-distribute-patterns"

TRACE::2026-06-09.11:24:50::SCWMssOS::"Running Make include in microblaze_0/libsrc/uartlite_v3_8/src"

TRACE::2026-06-09.11:24:50::SCWMssOS::make -C microblaze_0/libsrc/uartlite_v3_8/src -s include  "SHELL=CMD" "COMPILER=mb-gcc" "ASSEMBLER=mb-as" "ARCHIVER=mb-ar" "COM
TRACE::2026-06-09.11:24:50::SCWMssOS::PILER_FLAGS=  -O2 -c -mcpu=v11.0 -mlittle-endian -mxl-soft-mul" "EXTRA_COMPILER_FLAGS=-g -ffunction-sections -fdata-sections -W
TRACE::2026-06-09.11:24:50::SCWMssOS::all -Wextra -fno-tree-loop-distribute-patterns"

TRACE::2026-06-09.11:24:50::SCWMssOS::"Running Make libs in microblaze_0/libsrc/bram_v4_8/src"

TRACE::2026-06-09.11:24:50::SCWMssOS::make -C microblaze_0/libsrc/bram_v4_8/src -s libs  "SHELL=CMD" "COMPILER=mb-gcc" "ASSEMBLER=mb-as" "ARCHIVER=mb-ar" "COMPILER_F
TRACE::2026-06-09.11:24:50::SCWMssOS::LAGS=  -O2 -c -mcpu=v11.0 -mlittle-endian -mxl-soft-mul" "EXTRA_COMPILER_FLAGS=-g -ffunction-sections -fdata-sections -Wall -We
TRACE::2026-06-09.11:24:50::SCWMssOS::xtra -fno-tree-loop-distribute-patterns"

TRACE::2026-06-09.11:24:50::SCWMssOS::"Running Make libs in microblaze_0/libsrc/cpu_v2_17/src"

TRACE::2026-06-09.11:24:50::SCWMssOS::make -C microblaze_0/libsrc/cpu_v2_17/src -s libs  "SHELL=CMD" "COMPILER=mb-gcc" "ASSEMBLER=mb-as" "ARCHIVER=mb-ar" "COMPILER_F
TRACE::2026-06-09.11:24:50::SCWMssOS::LAGS=  -O2 -c -mcpu=v11.0 -mlittle-endian -mxl-soft-mul" "EXTRA_COMPILER_FLAGS=-g -ffunction-sections -fdata-sections -Wall -We
TRACE::2026-06-09.11:24:50::SCWMssOS::xtra -fno-tree-loop-distribute-patterns"

TRACE::2026-06-09.11:24:50::SCWMssOS::"Running Make libs in microblaze_0/libsrc/standalone_v8_1/src"

TRACE::2026-06-09.11:24:50::SCWMssOS::make -C microblaze_0/libsrc/standalone_v8_1/src -s libs  "SHELL=CMD" "COMPILER=mb-gcc" "ASSEMBLER=mb-as" "ARCHIVER=mb-ar" "COMP
TRACE::2026-06-09.11:24:50::SCWMssOS::ILER_FLAGS=  -O2 -c -mcpu=v11.0 -mlittle-endian -mxl-soft-mul" "EXTRA_COMPILER_FLAGS=-g -ffunction-sections -fdata-sections -Wa
TRACE::2026-06-09.11:24:50::SCWMssOS::ll -Wextra -fno-tree-loop-distribute-patterns"

TRACE::2026-06-09.11:24:50::SCWMssOS::"Running Make libs in microblaze_0/libsrc/uartlite_v3_8/src"

TRACE::2026-06-09.11:24:50::SCWMssOS::make -C microblaze_0/libsrc/uartlite_v3_8/src -s libs  "SHELL=CMD" "COMPILER=mb-gcc" "ASSEMBLER=mb-as" "ARCHIVER=mb-ar" "COMPIL
TRACE::2026-06-09.11:24:50::SCWMssOS::ER_FLAGS=  -O2 -c -mcpu=v11.0 -mlittle-endian -mxl-soft-mul" "EXTRA_COMPILER_FLAGS=-g -ffunction-sections -fdata-sections -Wall
TRACE::2026-06-09.11:24:50::SCWMssOS:: -Wextra -fno-tree-loop-distribute-patterns"

TRACE::2026-06-09.11:24:51::SCWMssOS::"DEBUG NON_LTO_OBJECTS is ../../../lib/microblaze_interrupt_handler.o"

TRACE::2026-06-09.11:24:51::SCWMssOS::'Finished building libraries parallelly.'

TRACE::2026-06-09.11:24:51::SCWMssOS::make --no-print-directory archive

TRACE::2026-06-09.11:24:51::SCWMssOS::mb-ar -r  microblaze_0/lib/libxil.a microblaze_0/lib/_exit.o microblaze_0/lib/errno.o microblaze_0/lib/fcntl.o microblaze_0/lib
TRACE::2026-06-09.11:24:51::SCWMssOS::/hw_exception_handler.o microblaze_0/lib/inbyte.o microblaze_0/lib/microblaze_disable_dcache.o microblaze_0/lib/microblaze_disa
TRACE::2026-06-09.11:24:51::SCWMssOS::ble_exceptions.o microblaze_0/lib/microblaze_disable_icache.o microblaze_0/lib/microblaze_disable_interrupts.o microblaze_0/lib
TRACE::2026-06-09.11:24:51::SCWMssOS::/microblaze_enable_dcache.o microblaze_0/lib/microblaze_enable_exceptions.o microblaze_0/lib/microblaze_enable_icache.o microbl
TRACE::2026-06-09.11:24:51::SCWMssOS::aze_0/lib/microblaze_enable_interrupts.o microblaze_0/lib/microblaze_exception_handler.o microblaze_0/lib/microblaze_flush_cach
TRACE::2026-06-09.11:24:51::SCWMssOS::e_ext.o microblaze_0/lib/microblaze_flush_cache_ext_range.o microblaze_0/lib/microblaze_flush_dcache.o microblaze_0/lib/microbl
TRACE::2026-06-09.11:24:51::SCWMssOS::aze_flush_dcache_range.o microblaze_0/lib/microblaze_init_dcache_range.o microblaze_0/lib/microblaze_init_icache_range.o microb
TRACE::2026-06-09.11:24:51::SCWMssOS::laze_0/lib/microblaze_interrupt_handler.o microblaze_0/lib/microblaze_interrupts_g.o microblaze_0/lib/microblaze_invalidate_cac
TRACE::2026-06-09.11:24:51::SCWMssOS::he_ext.o microblaze_0/lib/microblaze_invalidate_cache_ext_range.o microblaze_0/lib/microblaze_invalidate_dcache.o microblaze_0/
TRACE::2026-06-09.11:24:51::SCWMssOS::lib/microblaze_invalidate_dcache_range.o microblaze_0/lib/microblaze_invalidate_icache.o microblaze_0/lib/microblaze_invalidate
TRACE::2026-06-09.11:24:51::SCWMssOS::_icache_range.o microblaze_0/lib/microblaze_scrub.o microblaze_0/lib/microblaze_selftest.o microblaze_0/lib/microblaze_sleep.o 
TRACE::2026-06-09.11:24:51::SCWMssOS::microblaze_0/lib/microblaze_update_dcache.o microblaze_0/lib/microblaze_update_icache.o microblaze_0/lib/outbyte.o microblaze_0
TRACE::2026-06-09.11:24:51::SCWMssOS::/lib/print.o microblaze_0/lib/pvr.o microblaze_0/lib/xbram.o microblaze_0/lib/xbram_g.o microblaze_0/lib/xbram_intr.o microblaz
TRACE::2026-06-09.11:24:51::SCWMssOS::e_0/lib/xbram_selftest.o microblaze_0/lib/xbram_sinit.o microblaze_0/lib/xil_assert.o microblaze_0/lib/xil_cache.o microblaze_0
TRACE::2026-06-09.11:24:51::SCWMssOS::/lib/xil_clocking.o microblaze_0/lib/xil_exception.o microblaze_0/lib/xil_mem.o microblaze_0/lib/xil_misc_psreset_api.o microbl
TRACE::2026-06-09.11:24:51::SCWMssOS::aze_0/lib/xil_printf.o microblaze_0/lib/xil_sleepcommon.o microblaze_0/lib/xil_testcache.o microblaze_0/lib/xil_testio.o microb
TRACE::2026-06-09.11:24:51::SCWMssOS::laze_0/lib/xil_testmem.o microblaze_0/lib/xil_util.o microblaze_0/lib/xinterrupt_wrap.o microblaze_0/lib/xio.o microblaze_0/lib
TRACE::2026-06-09.11:24:51::SCWMssOS::/xplatform_info.o microblaze_0/lib/xuartlite.o microblaze_0/lib/xuartlite_g.o microblaze_0/lib/xuartlite_intr.o microblaze_0/li
TRACE::2026-06-09.11:24:51::SCWMssOS::b/xuartlite_l.o microblaze_0/lib/xuartlite_selftest.o microblaze_0/lib/xuartlite_sinit.o microblaze_0/lib/xuartlite_stats.o

TRACE::2026-06-09.11:24:51::SCWMssOS::'Finished building libraries'

TRACE::2026-06-09.11:24:51::SCWMssOS::Copying to export directory.
TRACE::2026-06-09.11:24:51::SCWMssOS:: Checking if to create the Supporting Applications
TRACE::2026-06-09.11:24:51::SCWMssOS:: No Linux domain exists, trying to generate FSBL 
LOG::2026-06-09.11:24:51::SCWSystem::Completed Processing the domain standalone_microblaze_0
LOG::2026-06-09.11:24:51::SCWSystem::Completed Processing the sysconfig rtc_fnd_axi_wrapper
LOG::2026-06-09.11:24:51::SCWPlatform::Completed generating the artifacts for system configuration rtc_fnd_axi_wrapper
TRACE::2026-06-09.11:24:51::SCWPlatform::Started preparing the platform 
TRACE::2026-06-09.11:24:51::SCWSystem::Writing the bif file for system config rtc_fnd_axi_wrapper
TRACE::2026-06-09.11:24:51::SCWSystem::dir created 
TRACE::2026-06-09.11:24:51::SCWSystem::Writing the bif 
TRACE::2026-06-09.11:24:51::SCWPlatform::Started writing the spfm file 
TRACE::2026-06-09.11:24:51::SCWPlatform::Started writing the xpfm file 
TRACE::2026-06-09.11:24:51::SCWPlatform::Completed generating the platform
TRACE::2026-06-09.11:24:51::SCWMssOS::Saving the mss changes D:/vivado_pj/RTC_FND_AXI/workspace/rtc_fnd_axi_wrapper/microblaze_0/standalone_microblaze_0/bsp/system.mss
TRACE::2026-06-09.11:24:51::SCWMssOS::Found a swdesign opened with the mssfile.
TRACE::2026-06-09.11:24:51::SCWMssOS::Completed writemss as part of save.
TRACE::2026-06-09.11:24:51::SCWMssOS::Commit changes completed.
TRACE::2026-06-09.11:24:51::SCWPlatform::Trying to open the hw design at D:/vivado_pj/RTC_FND_AXI/workspace/rtc_fnd_axi_wrapper/hw/rtc_fnd_axi_wrapper.xsa
TRACE::2026-06-09.11:24:51::SCWPlatform::DSA given D:/vivado_pj/RTC_FND_AXI/workspace/rtc_fnd_axi_wrapper/hw/rtc_fnd_axi_wrapper.xsa
TRACE::2026-06-09.11:24:51::SCWPlatform::DSA absoulate path D:/vivado_pj/RTC_FND_AXI/workspace/rtc_fnd_axi_wrapper/hw/rtc_fnd_axi_wrapper.xsa
TRACE::2026-06-09.11:24:51::SCWPlatform::DSA directory D:/vivado_pj/RTC_FND_AXI/workspace/rtc_fnd_axi_wrapper/hw
TRACE::2026-06-09.11:24:51::SCWPlatform:: Platform Path D:/vivado_pj/RTC_FND_AXI/workspace/rtc_fnd_axi_wrapper/hw/rtc_fnd_axi_wrapper.xsa
TRACE::2026-06-09.11:24:51::SCWPlatform:: Unique name xilinx:basys3::0.0
TRACE::2026-06-09.11:24:51::SCWPlatform::Trying to set the existing hwdb with name rtc_fnd_axi_wrapper_0
TRACE::2026-06-09.11:24:51::SCWPlatform::Opened existing hwdb rtc_fnd_axi_wrapper_0
TRACE::2026-06-09.11:24:51::SCWPlatform::Found the Hw Db part of the input DSA
TRACE::2026-06-09.11:24:51::SCWMssOS::Checking the sw design at  D:/vivado_pj/RTC_FND_AXI/workspace/rtc_fnd_axi_wrapper/microblaze_0/standalone_microblaze_0/bsp/system.mss
TRACE::2026-06-09.11:24:51::SCWMssOS::DEBUG:  swdes dump  D:/vivado_pj/RTC_FND_AXI/workspace/rtc_fnd_axi_wrapper/microblaze_0/standalone_microblaze_0/bsp/system.mss|system||

TRACE::2026-06-09.11:24:51::SCWMssOS::Sw design exists and opened at  D:/vivado_pj/RTC_FND_AXI/workspace/rtc_fnd_axi_wrapper/microblaze_0/standalone_microblaze_0/bsp/system.mss
TRACE::2026-06-09.11:24:51::SCWPlatform::Trying to open the hw design at D:/vivado_pj/RTC_FND_AXI/workspace/rtc_fnd_axi_wrapper/hw/rtc_fnd_axi_wrapper.xsa
TRACE::2026-06-09.11:24:51::SCWPlatform::DSA given D:/vivado_pj/RTC_FND_AXI/workspace/rtc_fnd_axi_wrapper/hw/rtc_fnd_axi_wrapper.xsa
TRACE::2026-06-09.11:24:51::SCWPlatform::DSA absoulate path D:/vivado_pj/RTC_FND_AXI/workspace/rtc_fnd_axi_wrapper/hw/rtc_fnd_axi_wrapper.xsa
TRACE::2026-06-09.11:24:51::SCWPlatform::DSA directory D:/vivado_pj/RTC_FND_AXI/workspace/rtc_fnd_axi_wrapper/hw
TRACE::2026-06-09.11:24:51::SCWPlatform:: Platform Path D:/vivado_pj/RTC_FND_AXI/workspace/rtc_fnd_axi_wrapper/hw/rtc_fnd_axi_wrapper.xsa
TRACE::2026-06-09.11:24:51::SCWPlatform:: Unique name xilinx:basys3::0.0
TRACE::2026-06-09.11:24:51::SCWPlatform::Trying to set the existing hwdb with name rtc_fnd_axi_wrapper_0
TRACE::2026-06-09.11:24:51::SCWPlatform::Opened existing hwdb rtc_fnd_axi_wrapper_0
TRACE::2026-06-09.11:24:51::SCWPlatform::Found the Hw Db part of the input DSA
TRACE::2026-06-09.11:24:51::SCWMssOS::Checking the sw design at  D:/vivado_pj/RTC_FND_AXI/workspace/rtc_fnd_axi_wrapper/microblaze_0/standalone_microblaze_0/bsp/system.mss
TRACE::2026-06-09.11:24:51::SCWMssOS::DEBUG:  swdes dump  D:/vivado_pj/RTC_FND_AXI/workspace/rtc_fnd_axi_wrapper/microblaze_0/standalone_microblaze_0/bsp/system.mss|system||

TRACE::2026-06-09.11:24:51::SCWMssOS::Sw design exists and opened at  D:/vivado_pj/RTC_FND_AXI/workspace/rtc_fnd_axi_wrapper/microblaze_0/standalone_microblaze_0/bsp/system.mss
TRACE::2026-06-09.11:24:51::SCWPlatform::Trying to open the hw design at D:/vivado_pj/RTC_FND_AXI/workspace/rtc_fnd_axi_wrapper/hw/rtc_fnd_axi_wrapper.xsa
TRACE::2026-06-09.11:24:51::SCWPlatform::DSA given D:/vivado_pj/RTC_FND_AXI/workspace/rtc_fnd_axi_wrapper/hw/rtc_fnd_axi_wrapper.xsa
TRACE::2026-06-09.11:24:51::SCWPlatform::DSA absoulate path D:/vivado_pj/RTC_FND_AXI/workspace/rtc_fnd_axi_wrapper/hw/rtc_fnd_axi_wrapper.xsa
TRACE::2026-06-09.11:24:51::SCWPlatform::DSA directory D:/vivado_pj/RTC_FND_AXI/workspace/rtc_fnd_axi_wrapper/hw
TRACE::2026-06-09.11:24:51::SCWPlatform:: Platform Path D:/vivado_pj/RTC_FND_AXI/workspace/rtc_fnd_axi_wrapper/hw/rtc_fnd_axi_wrapper.xsa
TRACE::2026-06-09.11:24:51::SCWPlatform:: Unique name xilinx:basys3::0.0
TRACE::2026-06-09.11:24:51::SCWPlatform::Trying to set the existing hwdb with name rtc_fnd_axi_wrapper_0
TRACE::2026-06-09.11:24:51::SCWPlatform::Opened existing hwdb rtc_fnd_axi_wrapper_0
TRACE::2026-06-09.11:24:51::SCWPlatform::Found the Hw Db part of the input DSA
TRACE::2026-06-09.11:24:51::SCWMssOS::Checking the sw design at  D:/vivado_pj/RTC_FND_AXI/workspace/rtc_fnd_axi_wrapper/microblaze_0/standalone_microblaze_0/bsp/system.mss
TRACE::2026-06-09.11:24:51::SCWMssOS::DEBUG:  swdes dump  D:/vivado_pj/RTC_FND_AXI/workspace/rtc_fnd_axi_wrapper/microblaze_0/standalone_microblaze_0/bsp/system.mss|system||

TRACE::2026-06-09.11:24:51::SCWMssOS::Sw design exists and opened at  D:/vivado_pj/RTC_FND_AXI/workspace/rtc_fnd_axi_wrapper/microblaze_0/standalone_microblaze_0/bsp/system.mss
TRACE::2026-06-09.11:24:51::SCWWriter::formatted JSON is {
	"platformName":	"rtc_fnd_axi_wrapper",
	"sprVersion":	"2.0",
	"mode":	"gui",
	"dsaType":	"Fixed",
	"platformDesc":	"rtc_fnd_axi_wrapper",
	"platHandOff":	"D:/vivado_pj/RTC_FND_AXI/rtc_fnd_axi_wrapper.xsa",
	"platIntHandOff":	"<platformDir>/hw/rtc_fnd_axi_wrapper.xsa",
	"deviceType":	"FPGA",
	"platIsPrebuiltAutogen":	"false",
	"platIsNoBootBsp":	"false",
	"hasFsblMakeHasChanges":	"false",
	"hasPmufwMakeHasChanges":	"false",
	"platPreBuiltFlag":	false,
	"platformSamplesDir":	"",
	"platActiveSys":	"rtc_fnd_axi_wrapper",
	"systems":	[{
			"systemName":	"rtc_fnd_axi_wrapper",
			"systemDesc":	"rtc_fnd_axi_wrapper",
			"sysIsBootAutoGen":	"true",
			"systemDispName":	"rtc_fnd_axi_wrapper",
			"sysActiveDom":	"standalone_microblaze_0",
			"sysDefaultDom":	"standalone_microblaze_0",
			"domains":	[{
					"domainName":	"standalone_microblaze_0",
					"domainDispName":	"standalone_microblaze_0",
					"domainDesc":	"standalone_microblaze_0",
					"processors":	"microblaze_0",
					"os":	"standalone",
					"sdxOs":	"standalone",
					"debugEnable":	"False",
					"domRuntimes":	["cpp"],
					"swRepo":	"",
					"mssOsVer":	"8.1",
					"mssFile":	"",
					"md5Digest":	"3916ba371a6c5525b0331437d0164d92",
					"compatibleApp":	"hello_world",
					"domType":	"mssDomain",
					"arch":	"32-bit",
					"appSettings":	{
						"appCompilerFlags":	"",
						"appLinkerFlags":	""
					},
					"addedLibs":	[],
					"libOptions":	{
						"libsContainingOptions":	[]
					},
					"prebuiltLibs":	{
						"prebuiltIncPath":	[],
						"prebuiltLibPath":	[]
					},
					"isolation":	{
					}
				}]
		}]
}
KEYINFO::2026-06-09.11:24:51::SCWPlatform::updated the xpfm file.
TRACE::2026-06-09.11:24:52::SCWPlatform::Trying to open the hw design at D:/vivado_pj/RTC_FND_AXI/workspace/rtc_fnd_axi_wrapper/hw/rtc_fnd_axi_wrapper.xsa
TRACE::2026-06-09.11:24:52::SCWPlatform::DSA given D:/vivado_pj/RTC_FND_AXI/workspace/rtc_fnd_axi_wrapper/hw/rtc_fnd_axi_wrapper.xsa
TRACE::2026-06-09.11:24:52::SCWPlatform::DSA absoulate path D:/vivado_pj/RTC_FND_AXI/workspace/rtc_fnd_axi_wrapper/hw/rtc_fnd_axi_wrapper.xsa
TRACE::2026-06-09.11:24:52::SCWPlatform::DSA directory D:/vivado_pj/RTC_FND_AXI/workspace/rtc_fnd_axi_wrapper/hw
TRACE::2026-06-09.11:24:52::SCWPlatform:: Platform Path D:/vivado_pj/RTC_FND_AXI/workspace/rtc_fnd_axi_wrapper/hw/rtc_fnd_axi_wrapper.xsa
TRACE::2026-06-09.11:24:52::SCWPlatform:: Unique name xilinx:basys3::0.0
TRACE::2026-06-09.11:24:52::SCWPlatform::Trying to set the existing hwdb with name rtc_fnd_axi_wrapper_0
TRACE::2026-06-09.11:24:52::SCWPlatform::Opened existing hwdb rtc_fnd_axi_wrapper_0
TRACE::2026-06-09.11:24:52::SCWPlatform::Found the Hw Db part of the input DSA
TRACE::2026-06-09.11:24:52::SCWMssOS::Checking the sw design at  D:/vivado_pj/RTC_FND_AXI/workspace/rtc_fnd_axi_wrapper/microblaze_0/standalone_microblaze_0/bsp/system.mss
TRACE::2026-06-09.11:24:52::SCWMssOS::DEBUG:  swdes dump  D:/vivado_pj/RTC_FND_AXI/workspace/rtc_fnd_axi_wrapper/microblaze_0/standalone_microblaze_0/bsp/system.mss|system||

TRACE::2026-06-09.11:24:52::SCWMssOS::Sw design exists and opened at  D:/vivado_pj/RTC_FND_AXI/workspace/rtc_fnd_axi_wrapper/microblaze_0/standalone_microblaze_0/bsp/system.mss
TRACE::2026-06-09.11:36:55::SCWPlatform::Clearing the existing platform
TRACE::2026-06-09.11:36:55::SCWSystem::Clearing the existing sysconfig
TRACE::2026-06-09.11:36:55::SCWMssOS::Removing the swdes entry for  D:/vivado_pj/RTC_FND_AXI/workspace/rtc_fnd_axi_wrapper/microblaze_0/standalone_microblaze_0/bsp/system.mss
TRACE::2026-06-09.11:36:55::SCWSystem::Clearing the domains completed.
TRACE::2026-06-09.11:36:55::SCWPlatform::Clearing the opened hw db.
TRACE::2026-06-09.11:36:55::SCWPlatform::DSA given D:/vivado_pj/RTC_FND_AXI/workspace/rtc_fnd_axi_wrapper/hw/rtc_fnd_axi_wrapper.xsa
TRACE::2026-06-09.11:36:55::SCWPlatform::DSA absoulate path D:/vivado_pj/RTC_FND_AXI/workspace/rtc_fnd_axi_wrapper/hw/rtc_fnd_axi_wrapper.xsa
TRACE::2026-06-09.11:36:55::SCWPlatform:: Platform location is D:/vivado_pj/RTC_FND_AXI/workspace/rtc_fnd_axi_wrapper/hw
TRACE::2026-06-09.11:36:55::SCWPlatform:: Platform Path D:/vivado_pj/RTC_FND_AXI/workspace/rtc_fnd_axi_wrapper/hw/rtc_fnd_axi_wrapper.xsa
TRACE::2026-06-09.11:36:55::SCWPlatform:: Unique name xilinx:basys3::0.0
TRACE::2026-06-09.11:36:55::SCWPlatform::Removing the HwDB with name D:/vivado_pj/RTC_FND_AXI/workspace/rtc_fnd_axi_wrapper/hw/rtc_fnd_axi_wrapper.xsa
TRACE::2026-06-09.11:36:55::SCWPlatform::Trying to open the hw design at D:/vivado_pj/RTC_FND_AXI/workspace/rtc_fnd_axi_wrapper/hw/rtc_fnd_axi_wrapper.xsa
TRACE::2026-06-09.11:36:55::SCWPlatform::DSA given D:/vivado_pj/RTC_FND_AXI/workspace/rtc_fnd_axi_wrapper/hw/rtc_fnd_axi_wrapper.xsa
TRACE::2026-06-09.11:36:55::SCWPlatform::DSA absoulate path D:/vivado_pj/RTC_FND_AXI/workspace/rtc_fnd_axi_wrapper/hw/rtc_fnd_axi_wrapper.xsa
TRACE::2026-06-09.11:36:55::SCWPlatform::DSA directory D:/vivado_pj/RTC_FND_AXI/workspace/rtc_fnd_axi_wrapper/hw
TRACE::2026-06-09.11:36:55::SCWPlatform:: Platform Path D:/vivado_pj/RTC_FND_AXI/workspace/rtc_fnd_axi_wrapper/hw/rtc_fnd_axi_wrapper.xsa
TRACE::2026-06-09.11:36:55::SCWPlatform:: Unique name xilinx:basys3::0.0
TRACE::2026-06-09.11:36:55::SCWPlatform::Do not have an existing db opened. 
TRACE::2026-06-09.11:36:55::SCWPlatform::Opened new HwDB with name rtc_fnd_axi_wrapper_2
TRACE::2026-06-09.11:36:55::SCWReader::Active system found as  rtc_fnd_axi_wrapper
TRACE::2026-06-09.11:36:55::SCWReader::Handling sysconfig rtc_fnd_axi_wrapper
TRACE::2026-06-09.11:36:55::SCWDomain::checking for install qemu data   : 
TRACE::2026-06-09.11:36:55::SCWPlatform::Trying to open the hw design at D:/vivado_pj/RTC_FND_AXI/workspace/rtc_fnd_axi_wrapper/hw/rtc_fnd_axi_wrapper.xsa
TRACE::2026-06-09.11:36:55::SCWPlatform::DSA given D:/vivado_pj/RTC_FND_AXI/workspace/rtc_fnd_axi_wrapper/hw/rtc_fnd_axi_wrapper.xsa
TRACE::2026-06-09.11:36:55::SCWPlatform::DSA absoulate path D:/vivado_pj/RTC_FND_AXI/workspace/rtc_fnd_axi_wrapper/hw/rtc_fnd_axi_wrapper.xsa
TRACE::2026-06-09.11:36:55::SCWPlatform::DSA directory D:/vivado_pj/RTC_FND_AXI/workspace/rtc_fnd_axi_wrapper/hw
TRACE::2026-06-09.11:36:55::SCWPlatform:: Platform Path D:/vivado_pj/RTC_FND_AXI/workspace/rtc_fnd_axi_wrapper/hw/rtc_fnd_axi_wrapper.xsa
TRACE::2026-06-09.11:36:55::SCWPlatform:: Unique name xilinx:basys3::0.0
TRACE::2026-06-09.11:36:55::SCWPlatform::Trying to set the existing hwdb with name rtc_fnd_axi_wrapper_2
TRACE::2026-06-09.11:36:55::SCWPlatform::Opened existing hwdb rtc_fnd_axi_wrapper_2
TRACE::2026-06-09.11:36:55::SCWPlatform::Found the Hw Db part of the input DSA
TRACE::2026-06-09.11:36:55::SCWPlatform::Trying to open the hw design at D:/vivado_pj/RTC_FND_AXI/workspace/rtc_fnd_axi_wrapper/hw/rtc_fnd_axi_wrapper.xsa
TRACE::2026-06-09.11:36:55::SCWPlatform::DSA given D:/vivado_pj/RTC_FND_AXI/workspace/rtc_fnd_axi_wrapper/hw/rtc_fnd_axi_wrapper.xsa
TRACE::2026-06-09.11:36:55::SCWPlatform::DSA absoulate path D:/vivado_pj/RTC_FND_AXI/workspace/rtc_fnd_axi_wrapper/hw/rtc_fnd_axi_wrapper.xsa
TRACE::2026-06-09.11:36:55::SCWPlatform::DSA directory D:/vivado_pj/RTC_FND_AXI/workspace/rtc_fnd_axi_wrapper/hw
TRACE::2026-06-09.11:36:55::SCWPlatform:: Platform Path D:/vivado_pj/RTC_FND_AXI/workspace/rtc_fnd_axi_wrapper/hw/rtc_fnd_axi_wrapper.xsa
TRACE::2026-06-09.11:36:55::SCWPlatform:: Unique name xilinx:basys3::0.0
TRACE::2026-06-09.11:36:55::SCWPlatform::Trying to set the existing hwdb with name rtc_fnd_axi_wrapper_2
TRACE::2026-06-09.11:36:55::SCWPlatform::Opened existing hwdb rtc_fnd_axi_wrapper_2
TRACE::2026-06-09.11:36:55::SCWPlatform::Found the Hw Db part of the input DSA
TRACE::2026-06-09.11:36:55::SCWPlatform::Trying to open the hw design at D:/vivado_pj/RTC_FND_AXI/workspace/rtc_fnd_axi_wrapper/hw/rtc_fnd_axi_wrapper.xsa
TRACE::2026-06-09.11:36:55::SCWPlatform::DSA given D:/vivado_pj/RTC_FND_AXI/workspace/rtc_fnd_axi_wrapper/hw/rtc_fnd_axi_wrapper.xsa
TRACE::2026-06-09.11:36:55::SCWPlatform::DSA absoulate path D:/vivado_pj/RTC_FND_AXI/workspace/rtc_fnd_axi_wrapper/hw/rtc_fnd_axi_wrapper.xsa
TRACE::2026-06-09.11:36:55::SCWPlatform::DSA directory D:/vivado_pj/RTC_FND_AXI/workspace/rtc_fnd_axi_wrapper/hw
TRACE::2026-06-09.11:36:55::SCWPlatform:: Platform Path D:/vivado_pj/RTC_FND_AXI/workspace/rtc_fnd_axi_wrapper/hw/rtc_fnd_axi_wrapper.xsa
TRACE::2026-06-09.11:36:55::SCWPlatform:: Unique name xilinx:basys3::0.0
TRACE::2026-06-09.11:36:55::SCWPlatform::Trying to set the existing hwdb with name rtc_fnd_axi_wrapper_2
TRACE::2026-06-09.11:36:55::SCWPlatform::Opened existing hwdb rtc_fnd_axi_wrapper_2
TRACE::2026-06-09.11:36:55::SCWPlatform::Found the Hw Db part of the input DSA
TRACE::2026-06-09.11:36:55::SCWPlatform::Trying to open the hw design at D:/vivado_pj/RTC_FND_AXI/workspace/rtc_fnd_axi_wrapper/hw/rtc_fnd_axi_wrapper.xsa
TRACE::2026-06-09.11:36:55::SCWPlatform::DSA given D:/vivado_pj/RTC_FND_AXI/workspace/rtc_fnd_axi_wrapper/hw/rtc_fnd_axi_wrapper.xsa
TRACE::2026-06-09.11:36:55::SCWPlatform::DSA absoulate path D:/vivado_pj/RTC_FND_AXI/workspace/rtc_fnd_axi_wrapper/hw/rtc_fnd_axi_wrapper.xsa
TRACE::2026-06-09.11:36:55::SCWPlatform::DSA directory D:/vivado_pj/RTC_FND_AXI/workspace/rtc_fnd_axi_wrapper/hw
TRACE::2026-06-09.11:36:55::SCWPlatform:: Platform Path D:/vivado_pj/RTC_FND_AXI/workspace/rtc_fnd_axi_wrapper/hw/rtc_fnd_axi_wrapper.xsa
TRACE::2026-06-09.11:36:55::SCWPlatform:: Unique name xilinx:basys3::0.0
TRACE::2026-06-09.11:36:55::SCWPlatform::Trying to set the existing hwdb with name rtc_fnd_axi_wrapper_2
TRACE::2026-06-09.11:36:55::SCWPlatform::Opened existing hwdb rtc_fnd_axi_wrapper_2
TRACE::2026-06-09.11:36:55::SCWPlatform::Found the Hw Db part of the input DSA
TRACE::2026-06-09.11:36:55::SCWMssOS::Checking the sw design at  D:/vivado_pj/RTC_FND_AXI/workspace/rtc_fnd_axi_wrapper/microblaze_0/standalone_microblaze_0/bsp/system.mss
TRACE::2026-06-09.11:36:55::SCWMssOS::DEBUG:  swdes dump  
TRACE::2026-06-09.11:36:55::SCWMssOS::No sw design opened at  D:/vivado_pj/RTC_FND_AXI/workspace/rtc_fnd_axi_wrapper/microblaze_0/standalone_microblaze_0/bsp/system.mss
TRACE::2026-06-09.11:36:55::SCWMssOS::mss exists loading the mss file  D:/vivado_pj/RTC_FND_AXI/workspace/rtc_fnd_axi_wrapper/microblaze_0/standalone_microblaze_0/bsp/system.mss
TRACE::2026-06-09.11:36:55::SCWMssOS::Opened the sw design from mss  D:/vivado_pj/RTC_FND_AXI/workspace/rtc_fnd_axi_wrapper/microblaze_0/standalone_microblaze_0/bsp/system.mss
TRACE::2026-06-09.11:36:55::SCWMssOS::Adding the swdes entry D:/vivado_pj/RTC_FND_AXI/workspace/rtc_fnd_axi_wrapper/microblaze_0/standalone_microblaze_0/bsp/system.mss with des name system
TRACE::2026-06-09.11:36:55::SCWMssOS::updating the scw layer about changes
TRACE::2026-06-09.11:36:55::SCWMssOS::Opened the sw design.  D:/vivado_pj/RTC_FND_AXI/workspace/rtc_fnd_axi_wrapper/microblaze_0/standalone_microblaze_0/bsp/system.mss
TRACE::2026-06-09.11:36:55::SCWMssOS::Saving the mss changes D:/vivado_pj/RTC_FND_AXI/workspace/rtc_fnd_axi_wrapper/microblaze_0/standalone_microblaze_0/bsp/system.mss
TRACE::2026-06-09.11:36:55::SCWMssOS::Found a swdesign opened with the mssfile.
TRACE::2026-06-09.11:36:55::SCWMssOS::Completed writemss as part of save.
TRACE::2026-06-09.11:36:55::SCWMssOS::Commit changes completed.
TRACE::2026-06-09.11:36:55::SCWReader::Adding prebuilt librarypaths as   
TRACE::2026-06-09.11:36:55::SCWReader::Adding prebuilt incpaths  as   
TRACE::2026-06-09.11:36:55::SCWPlatform::Trying to open the hw design at D:/vivado_pj/RTC_FND_AXI/workspace/rtc_fnd_axi_wrapper/hw/rtc_fnd_axi_wrapper.xsa
TRACE::2026-06-09.11:36:55::SCWPlatform::DSA given D:/vivado_pj/RTC_FND_AXI/workspace/rtc_fnd_axi_wrapper/hw/rtc_fnd_axi_wrapper.xsa
TRACE::2026-06-09.11:36:55::SCWPlatform::DSA absoulate path D:/vivado_pj/RTC_FND_AXI/workspace/rtc_fnd_axi_wrapper/hw/rtc_fnd_axi_wrapper.xsa
TRACE::2026-06-09.11:36:55::SCWPlatform::DSA directory D:/vivado_pj/RTC_FND_AXI/workspace/rtc_fnd_axi_wrapper/hw
TRACE::2026-06-09.11:36:55::SCWPlatform:: Platform Path D:/vivado_pj/RTC_FND_AXI/workspace/rtc_fnd_axi_wrapper/hw/rtc_fnd_axi_wrapper.xsa
TRACE::2026-06-09.11:36:55::SCWPlatform:: Unique name xilinx:basys3::0.0
TRACE::2026-06-09.11:36:55::SCWPlatform::Trying to set the existing hwdb with name rtc_fnd_axi_wrapper_2
TRACE::2026-06-09.11:36:55::SCWPlatform::Opened existing hwdb rtc_fnd_axi_wrapper_2
TRACE::2026-06-09.11:36:55::SCWPlatform::Found the Hw Db part of the input DSA
TRACE::2026-06-09.11:36:55::SCWMssOS::Checking the sw design at  D:/vivado_pj/RTC_FND_AXI/workspace/rtc_fnd_axi_wrapper/microblaze_0/standalone_microblaze_0/bsp/system.mss
TRACE::2026-06-09.11:36:55::SCWMssOS::DEBUG:  swdes dump  D:/vivado_pj/RTC_FND_AXI/workspace/rtc_fnd_axi_wrapper/microblaze_0/standalone_microblaze_0/bsp/system.mss|system||

TRACE::2026-06-09.11:36:55::SCWMssOS::Sw design exists and opened at  D:/vivado_pj/RTC_FND_AXI/workspace/rtc_fnd_axi_wrapper/microblaze_0/standalone_microblaze_0/bsp/system.mss
TRACE::2026-06-09.11:36:55::SCWReader::No isolation master present  
TRACE::2026-06-09.11:37:02::SCWPlatform::DSA given D:/vivado_pj/RTC_FND_AXI/workspace/rtc_fnd_axi_wrapper/tempdsa/rtc_fnd_axi_wrapper2.xsa
TRACE::2026-06-09.11:37:02::SCWPlatform::DSA absoulate path D:/vivado_pj/RTC_FND_AXI/workspace/rtc_fnd_axi_wrapper/tempdsa/rtc_fnd_axi_wrapper2.xsa
TRACE::2026-06-09.11:37:02::SCWPlatform:: Platform location is D:/vivado_pj/RTC_FND_AXI/workspace/rtc_fnd_axi_wrapper/tempdsa
TRACE::2026-06-09.11:37:02::SCWPlatform:: Platform Path D:/vivado_pj/RTC_FND_AXI/workspace/rtc_fnd_axi_wrapper/tempdsa/rtc_fnd_axi_wrapper2.xsa
TRACE::2026-06-09.11:37:02::SCWPlatform:: Unique name xilinx:basys3::0.0
TRACE::2026-06-09.11:37:02::SCWPlatform::Found the Hw Db part of the input DSA
TRACE::2026-06-09.11:37:02::SCWMssOS::Doing hw sync for the mss in domain: standalone_microblaze_0
TRACE::2026-06-09.11:37:02::SCWPlatform::Trying to open the hw design at D:/vivado_pj/RTC_FND_AXI/workspace/rtc_fnd_axi_wrapper/hw/rtc_fnd_axi_wrapper.xsa
TRACE::2026-06-09.11:37:02::SCWPlatform::DSA given D:/vivado_pj/RTC_FND_AXI/workspace/rtc_fnd_axi_wrapper/hw/rtc_fnd_axi_wrapper.xsa
TRACE::2026-06-09.11:37:02::SCWPlatform::DSA absoulate path D:/vivado_pj/RTC_FND_AXI/workspace/rtc_fnd_axi_wrapper/hw/rtc_fnd_axi_wrapper.xsa
TRACE::2026-06-09.11:37:02::SCWPlatform::DSA directory D:/vivado_pj/RTC_FND_AXI/workspace/rtc_fnd_axi_wrapper/hw
TRACE::2026-06-09.11:37:02::SCWPlatform:: Platform Path D:/vivado_pj/RTC_FND_AXI/workspace/rtc_fnd_axi_wrapper/hw/rtc_fnd_axi_wrapper.xsa
TRACE::2026-06-09.11:37:02::SCWPlatform:: Unique name xilinx:basys3::0.0
TRACE::2026-06-09.11:37:02::SCWPlatform::Trying to set the existing hwdb with name rtc_fnd_axi_wrapper_2
TRACE::2026-06-09.11:37:02::SCWPlatform::Opened existing hwdb rtc_fnd_axi_wrapper_2
TRACE::2026-06-09.11:37:02::SCWPlatform::Found the Hw Db part of the input DSA
TRACE::2026-06-09.11:37:02::SCWPlatform::Trying to open the hw design at D:/vivado_pj/RTC_FND_AXI/workspace/rtc_fnd_axi_wrapper/hw/rtc_fnd_axi_wrapper.xsa
TRACE::2026-06-09.11:37:02::SCWPlatform::DSA given D:/vivado_pj/RTC_FND_AXI/workspace/rtc_fnd_axi_wrapper/hw/rtc_fnd_axi_wrapper.xsa
TRACE::2026-06-09.11:37:02::SCWPlatform::DSA absoulate path D:/vivado_pj/RTC_FND_AXI/workspace/rtc_fnd_axi_wrapper/hw/rtc_fnd_axi_wrapper.xsa
TRACE::2026-06-09.11:37:02::SCWPlatform::DSA directory D:/vivado_pj/RTC_FND_AXI/workspace/rtc_fnd_axi_wrapper/hw
TRACE::2026-06-09.11:37:02::SCWPlatform:: Platform Path D:/vivado_pj/RTC_FND_AXI/workspace/rtc_fnd_axi_wrapper/hw/rtc_fnd_axi_wrapper.xsa
TRACE::2026-06-09.11:37:02::SCWPlatform:: Unique name xilinx:basys3::0.0
TRACE::2026-06-09.11:37:02::SCWPlatform::Trying to set the existing hwdb with name rtc_fnd_axi_wrapper_2
TRACE::2026-06-09.11:37:02::SCWPlatform::Opened existing hwdb rtc_fnd_axi_wrapper_2
TRACE::2026-06-09.11:37:02::SCWPlatform::Found the Hw Db part of the input DSA
TRACE::2026-06-09.11:37:02::SCWMssOS::Checking the sw design at  D:/vivado_pj/RTC_FND_AXI/workspace/rtc_fnd_axi_wrapper/microblaze_0/standalone_microblaze_0/bsp/system.mss
TRACE::2026-06-09.11:37:02::SCWMssOS::DEBUG:  swdes dump  D:/vivado_pj/RTC_FND_AXI/workspace/rtc_fnd_axi_wrapper/microblaze_0/standalone_microblaze_0/bsp/system.mss|system||

TRACE::2026-06-09.11:37:02::SCWMssOS::Sw design exists and opened at  D:/vivado_pj/RTC_FND_AXI/workspace/rtc_fnd_axi_wrapper/microblaze_0/standalone_microblaze_0/bsp/system.mss
TRACE::2026-06-09.11:37:02::SCWPlatform::Trying to open the hw design at D:/vivado_pj/RTC_FND_AXI/workspace/rtc_fnd_axi_wrapper/tempdsa/rtc_fnd_axi_wrapper2.xsa
TRACE::2026-06-09.11:37:02::SCWPlatform::DSA given D:/vivado_pj/RTC_FND_AXI/workspace/rtc_fnd_axi_wrapper/tempdsa/rtc_fnd_axi_wrapper2.xsa
TRACE::2026-06-09.11:37:02::SCWPlatform::DSA absoulate path D:/vivado_pj/RTC_FND_AXI/workspace/rtc_fnd_axi_wrapper/tempdsa/rtc_fnd_axi_wrapper2.xsa
TRACE::2026-06-09.11:37:02::SCWPlatform::DSA directory D:/vivado_pj/RTC_FND_AXI/workspace/rtc_fnd_axi_wrapper/tempdsa
TRACE::2026-06-09.11:37:02::SCWPlatform:: Platform Path D:/vivado_pj/RTC_FND_AXI/workspace/rtc_fnd_axi_wrapper/tempdsa/rtc_fnd_axi_wrapper2.xsa
TRACE::2026-06-09.11:37:02::SCWPlatform:: Unique name xilinx:basys3::0.0
TRACE::2026-06-09.11:37:02::SCWPlatform::update - Opened existing hwdb rtc_fnd_axi_wrapper_3
TRACE::2026-06-09.11:37:02::SCWPlatform::Found the Hw Db part of the input DSA
TRACE::2026-06-09.11:37:02::SCWMssOS::Saving the mss changes D:/vivado_pj/RTC_FND_AXI/workspace/rtc_fnd_axi_wrapper/microblaze_0/standalone_microblaze_0/bsp/system.mss
TRACE::2026-06-09.11:37:02::SCWMssOS::Found a swdesign opened with the mssfile.
TRACE::2026-06-09.11:37:02::SCWMssOS::Completed writemss as part of save.
TRACE::2026-06-09.11:37:02::SCWMssOS::Commit changes completed.
TRACE::2026-06-09.11:37:02::SCWMssOS::Completed hw sync for the mss in domain: standalone_microblaze_0
TRACE::2026-06-09.11:37:02::SCWMssOS::Removing the swdes entry for  D:/vivado_pj/RTC_FND_AXI/workspace/rtc_fnd_axi_wrapper/microblaze_0/standalone_microblaze_0/bsp/system.mss
TRACE::2026-06-09.11:37:02::SCWPlatform::Trying to open the hw design at D:/vivado_pj/RTC_FND_AXI/workspace/rtc_fnd_axi_wrapper/hw/rtc_fnd_axi_wrapper2.xsa
TRACE::2026-06-09.11:37:02::SCWPlatform::DSA given D:/vivado_pj/RTC_FND_AXI/workspace/rtc_fnd_axi_wrapper/hw/rtc_fnd_axi_wrapper2.xsa
TRACE::2026-06-09.11:37:02::SCWPlatform::DSA absoulate path D:/vivado_pj/RTC_FND_AXI/workspace/rtc_fnd_axi_wrapper/hw/rtc_fnd_axi_wrapper2.xsa
TRACE::2026-06-09.11:37:02::SCWPlatform::DSA directory D:/vivado_pj/RTC_FND_AXI/workspace/rtc_fnd_axi_wrapper/hw
TRACE::2026-06-09.11:37:02::SCWPlatform:: Platform Path D:/vivado_pj/RTC_FND_AXI/workspace/rtc_fnd_axi_wrapper/hw/rtc_fnd_axi_wrapper2.xsa
TRACE::2026-06-09.11:37:02::SCWPlatform:: Unique name xilinx:basys3::0.0
TRACE::2026-06-09.11:37:02::SCWPlatform::Do not have an existing db opened. 
TRACE::2026-06-09.11:37:02::SCWPlatform::Opened new HwDB with name rtc_fnd_axi_wrapper_4
TRACE::2026-06-09.11:37:02::SCWMssOS::Saving the mss changes D:/vivado_pj/RTC_FND_AXI/workspace/rtc_fnd_axi_wrapper/microblaze_0/standalone_microblaze_0/bsp/system.mss
TRACE::2026-06-09.11:37:02::SCWMssOS::Adding the swdes entry, mss present, able to open swdb D:/vivado_pj/RTC_FND_AXI/workspace/rtc_fnd_axi_wrapper/microblaze_0/standalone_microblaze_0/bsp/system.mss with des name system
TRACE::2026-06-09.11:37:02::SCWMssOS::Writing the mss file completed D:/vivado_pj/RTC_FND_AXI/workspace/rtc_fnd_axi_wrapper/microblaze_0/standalone_microblaze_0/bsp/system.mss
TRACE::2026-06-09.11:37:02::SCWMssOS::Commit changes completed.
TRACE::2026-06-09.11:37:02::SCWPlatform::Trying to open the hw design at D:/vivado_pj/RTC_FND_AXI/workspace/rtc_fnd_axi_wrapper/hw/rtc_fnd_axi_wrapper2.xsa
TRACE::2026-06-09.11:37:02::SCWPlatform::DSA given D:/vivado_pj/RTC_FND_AXI/workspace/rtc_fnd_axi_wrapper/hw/rtc_fnd_axi_wrapper2.xsa
TRACE::2026-06-09.11:37:02::SCWPlatform::DSA absoulate path D:/vivado_pj/RTC_FND_AXI/workspace/rtc_fnd_axi_wrapper/hw/rtc_fnd_axi_wrapper2.xsa
TRACE::2026-06-09.11:37:02::SCWPlatform::DSA directory D:/vivado_pj/RTC_FND_AXI/workspace/rtc_fnd_axi_wrapper/hw
TRACE::2026-06-09.11:37:02::SCWPlatform:: Platform Path D:/vivado_pj/RTC_FND_AXI/workspace/rtc_fnd_axi_wrapper/hw/rtc_fnd_axi_wrapper2.xsa
TRACE::2026-06-09.11:37:02::SCWPlatform:: Unique name xilinx:basys3::0.0
TRACE::2026-06-09.11:37:02::SCWPlatform::Trying to set the existing hwdb with name rtc_fnd_axi_wrapper_4
TRACE::2026-06-09.11:37:02::SCWPlatform::Opened existing hwdb rtc_fnd_axi_wrapper_4
TRACE::2026-06-09.11:37:02::SCWPlatform::Found the Hw Db part of the input DSA
TRACE::2026-06-09.11:37:02::SCWMssOS::Checking the sw design at  D:/vivado_pj/RTC_FND_AXI/workspace/rtc_fnd_axi_wrapper/microblaze_0/standalone_microblaze_0/bsp/system.mss
TRACE::2026-06-09.11:37:02::SCWMssOS::DEBUG:  swdes dump  D:/vivado_pj/RTC_FND_AXI/workspace/rtc_fnd_axi_wrapper/microblaze_0/standalone_microblaze_0/bsp/system.mss|system||

TRACE::2026-06-09.11:37:02::SCWMssOS::Sw design exists and opened at  D:/vivado_pj/RTC_FND_AXI/workspace/rtc_fnd_axi_wrapper/microblaze_0/standalone_microblaze_0/bsp/system.mss
TRACE::2026-06-09.11:37:02::SCWWriter::formatted JSON is {
	"platformName":	"rtc_fnd_axi_wrapper",
	"sprVersion":	"2.0",
	"mode":	"gui",
	"dsaType":	"Fixed",
	"platformDesc":	"rtc_fnd_axi_wrapper",
	"platHandOff":	"D:/vivado_pj/RTC_FND_AXI/rtc_fnd_axi_wrapper2.xsa",
	"platIntHandOff":	"<platformDir>/hw/rtc_fnd_axi_wrapper2.xsa",
	"deviceType":	"FPGA",
	"platIsPrebuiltAutogen":	"false",
	"platIsNoBootBsp":	"false",
	"hasFsblMakeHasChanges":	"false",
	"hasPmufwMakeHasChanges":	"false",
	"platPreBuiltFlag":	false,
	"platformSamplesDir":	"",
	"platActiveSys":	"rtc_fnd_axi_wrapper",
	"systems":	[{
			"systemName":	"rtc_fnd_axi_wrapper",
			"systemDesc":	"rtc_fnd_axi_wrapper",
			"sysIsBootAutoGen":	"true",
			"systemDispName":	"rtc_fnd_axi_wrapper",
			"sysActiveDom":	"standalone_microblaze_0",
			"sysDefaultDom":	"standalone_microblaze_0",
			"domains":	[{
					"domainName":	"standalone_microblaze_0",
					"domainDispName":	"standalone_microblaze_0",
					"domainDesc":	"standalone_microblaze_0",
					"processors":	"microblaze_0",
					"os":	"standalone",
					"sdxOs":	"standalone",
					"debugEnable":	"False",
					"domRuntimes":	["cpp"],
					"swRepo":	"",
					"mssOsVer":	"8.1",
					"mssFile":	"",
					"md5Digest":	"3916ba371a6c5525b0331437d0164d921",
					"compatibleApp":	"",
					"domType":	"mssDomain",
					"arch":	"32-bit",
					"appSettings":	{
						"appCompilerFlags":	"",
						"appLinkerFlags":	""
					},
					"addedLibs":	[],
					"libOptions":	{
						"libsContainingOptions":	[]
					},
					"prebuiltLibs":	{
						"prebuiltIncPath":	[],
						"prebuiltLibPath":	[]
					},
					"isolation":	{
					}
				}]
		}]
}
LOG::2026-06-09.11:37:09::SCWPlatform::Started generating the artifacts platform rtc_fnd_axi_wrapper
TRACE::2026-06-09.11:37:09::SCWPlatform::Sanity checking of platform is completed
LOG::2026-06-09.11:37:09::SCWPlatform::Started generating the artifacts for system configuration rtc_fnd_axi_wrapper
LOG::2026-06-09.11:37:09::SCWSystem::Checking the domain standalone_microblaze_0
LOG::2026-06-09.11:37:09::SCWSystem::Not a boot domain 
LOG::2026-06-09.11:37:09::SCWSystem::Started Processing the domain standalone_microblaze_0
TRACE::2026-06-09.11:37:09::SCWDomain::Generating domain artifcats
TRACE::2026-06-09.11:37:09::SCWMssOS::Generating standalone artifcats
TRACE::2026-06-09.11:37:09::SCWMssOS:: Copying the user libraries. 
TRACE::2026-06-09.11:37:09::SCWPlatform::Trying to open the hw design at D:/vivado_pj/RTC_FND_AXI/workspace/rtc_fnd_axi_wrapper/hw/rtc_fnd_axi_wrapper2.xsa
TRACE::2026-06-09.11:37:09::SCWPlatform::DSA given D:/vivado_pj/RTC_FND_AXI/workspace/rtc_fnd_axi_wrapper/hw/rtc_fnd_axi_wrapper2.xsa
TRACE::2026-06-09.11:37:09::SCWPlatform::DSA absoulate path D:/vivado_pj/RTC_FND_AXI/workspace/rtc_fnd_axi_wrapper/hw/rtc_fnd_axi_wrapper2.xsa
TRACE::2026-06-09.11:37:09::SCWPlatform::DSA directory D:/vivado_pj/RTC_FND_AXI/workspace/rtc_fnd_axi_wrapper/hw
TRACE::2026-06-09.11:37:09::SCWPlatform:: Platform Path D:/vivado_pj/RTC_FND_AXI/workspace/rtc_fnd_axi_wrapper/hw/rtc_fnd_axi_wrapper2.xsa
TRACE::2026-06-09.11:37:09::SCWPlatform:: Unique name xilinx:basys3::0.0
TRACE::2026-06-09.11:37:09::SCWPlatform::Trying to set the existing hwdb with name rtc_fnd_axi_wrapper_4
TRACE::2026-06-09.11:37:09::SCWPlatform::Opened existing hwdb rtc_fnd_axi_wrapper_4
TRACE::2026-06-09.11:37:09::SCWPlatform::Found the Hw Db part of the input DSA
TRACE::2026-06-09.11:37:09::SCWMssOS::Checking the sw design at  D:/vivado_pj/RTC_FND_AXI/workspace/rtc_fnd_axi_wrapper/microblaze_0/standalone_microblaze_0/bsp/system.mss
TRACE::2026-06-09.11:37:09::SCWMssOS::DEBUG:  swdes dump  D:/vivado_pj/RTC_FND_AXI/workspace/rtc_fnd_axi_wrapper/microblaze_0/standalone_microblaze_0/bsp/system.mss|system||

TRACE::2026-06-09.11:37:09::SCWMssOS::Sw design exists and opened at  D:/vivado_pj/RTC_FND_AXI/workspace/rtc_fnd_axi_wrapper/microblaze_0/standalone_microblaze_0/bsp/system.mss
TRACE::2026-06-09.11:37:09::SCWMssOS::Completed writing the mss file at D:/vivado_pj/RTC_FND_AXI/workspace/rtc_fnd_axi_wrapper/microblaze_0/standalone_microblaze_0/bsp
TRACE::2026-06-09.11:37:09::SCWMssOS::Mss edits present, copying mssfile into export location D:/vivado_pj/RTC_FND_AXI/workspace/rtc_fnd_axi_wrapper/microblaze_0/standalone_microblaze_0/bsp/system.mss
TRACE::2026-06-09.11:37:09::SCWMssOS::bsp generated is stale removing and regenerating. 
TRACE::2026-06-09.11:37:10::SCWMssOS::doing bsp build ... 
TRACE::2026-06-09.11:37:10::SCWMssOS::System Command Ran  D: & cd  D:/vivado_pj/RTC_FND_AXI/workspace/rtc_fnd_axi_wrapper/microblaze_0/standalone_microblaze_0/bsp & make 
TRACE::2026-06-09.11:37:10::SCWMssOS::make --no-print-directory seq_libs

TRACE::2026-06-09.11:37:10::SCWMssOS::'Finished building libraries sequentially.'

TRACE::2026-06-09.11:37:10::SCWMssOS::make -j 18 --no-print-directory par_libs

TRACE::2026-06-09.11:37:10::SCWMssOS::"Running Make include in microblaze_0/libsrc/bram_v4_8/src"

TRACE::2026-06-09.11:37:10::SCWMssOS::make -C microblaze_0/libsrc/bram_v4_8/src -s include  "SHELL=CMD" "COMPILER=mb-gcc" "ASSEMBLER=mb-as" "ARCHIVER=mb-ar" "COMPILE
TRACE::2026-06-09.11:37:10::SCWMssOS::R_FLAGS=  -O2 -c -mcpu=v11.0 -mlittle-endian -mxl-soft-mul" "EXTRA_COMPILER_FLAGS=-g -ffunction-sections -fdata-sections -Wall 
TRACE::2026-06-09.11:37:10::SCWMssOS::-Wextra -fno-tree-loop-distribute-patterns"

TRACE::2026-06-09.11:37:10::SCWMssOS::"Running Make include in microblaze_0/libsrc/cpu_v2_17/src"

TRACE::2026-06-09.11:37:10::SCWMssOS::make -C microblaze_0/libsrc/cpu_v2_17/src -s include  "SHELL=CMD" "COMPILER=mb-gcc" "ASSEMBLER=mb-as" "ARCHIVER=mb-ar" "COMPILE
TRACE::2026-06-09.11:37:10::SCWMssOS::R_FLAGS=  -O2 -c -mcpu=v11.0 -mlittle-endian -mxl-soft-mul" "EXTRA_COMPILER_FLAGS=-g -ffunction-sections -fdata-sections -Wall 
TRACE::2026-06-09.11:37:10::SCWMssOS::-Wextra -fno-tree-loop-distribute-patterns"

TRACE::2026-06-09.11:37:10::SCWMssOS::"Running Make include in microblaze_0/libsrc/standalone_v8_1/src"

TRACE::2026-06-09.11:37:10::SCWMssOS::make -C microblaze_0/libsrc/standalone_v8_1/src -s include  "SHELL=CMD" "COMPILER=mb-gcc" "ASSEMBLER=mb-as" "ARCHIVER=mb-ar" "C
TRACE::2026-06-09.11:37:10::SCWMssOS::OMPILER_FLAGS=  -O2 -c -mcpu=v11.0 -mlittle-endian -mxl-soft-mul" "EXTRA_COMPILER_FLAGS=-g -ffunction-sections -fdata-sections 
TRACE::2026-06-09.11:37:10::SCWMssOS::-Wall -Wextra -fno-tree-loop-distribute-patterns"

TRACE::2026-06-09.11:37:10::SCWMssOS::"Running Make include in microblaze_0/libsrc/uartlite_v3_8/src"

TRACE::2026-06-09.11:37:10::SCWMssOS::make -C microblaze_0/libsrc/uartlite_v3_8/src -s include  "SHELL=CMD" "COMPILER=mb-gcc" "ASSEMBLER=mb-as" "ARCHIVER=mb-ar" "COM
TRACE::2026-06-09.11:37:10::SCWMssOS::PILER_FLAGS=  -O2 -c -mcpu=v11.0 -mlittle-endian -mxl-soft-mul" "EXTRA_COMPILER_FLAGS=-g -ffunction-sections -fdata-sections -W
TRACE::2026-06-09.11:37:10::SCWMssOS::all -Wextra -fno-tree-loop-distribute-patterns"

TRACE::2026-06-09.11:37:10::SCWMssOS::"Running Make libs in microblaze_0/libsrc/bram_v4_8/src"

TRACE::2026-06-09.11:37:10::SCWMssOS::make -C microblaze_0/libsrc/bram_v4_8/src -s libs  "SHELL=CMD" "COMPILER=mb-gcc" "ASSEMBLER=mb-as" "ARCHIVER=mb-ar" "COMPILER_F
TRACE::2026-06-09.11:37:10::SCWMssOS::LAGS=  -O2 -c -mcpu=v11.0 -mlittle-endian -mxl-soft-mul" "EXTRA_COMPILER_FLAGS=-g -ffunction-sections -fdata-sections -Wall -We
TRACE::2026-06-09.11:37:10::SCWMssOS::xtra -fno-tree-loop-distribute-patterns"

TRACE::2026-06-09.11:37:10::SCWMssOS::"Running Make libs in microblaze_0/libsrc/cpu_v2_17/src"

TRACE::2026-06-09.11:37:10::SCWMssOS::make -C microblaze_0/libsrc/cpu_v2_17/src -s libs  "SHELL=CMD" "COMPILER=mb-gcc" "ASSEMBLER=mb-as" "ARCHIVER=mb-ar" "COMPILER_F
TRACE::2026-06-09.11:37:10::SCWMssOS::LAGS=  -O2 -c -mcpu=v11.0 -mlittle-endian -mxl-soft-mul" "EXTRA_COMPILER_FLAGS=-g -ffunction-sections -fdata-sections -Wall -We
TRACE::2026-06-09.11:37:10::SCWMssOS::xtra -fno-tree-loop-distribute-patterns"

TRACE::2026-06-09.11:37:10::SCWMssOS::"Running Make libs in microblaze_0/libsrc/standalone_v8_1/src"

TRACE::2026-06-09.11:37:10::SCWMssOS::make -C microblaze_0/libsrc/standalone_v8_1/src -s libs  "SHELL=CMD" "COMPILER=mb-gcc" "ASSEMBLER=mb-as" "ARCHIVER=mb-ar" "COMP
TRACE::2026-06-09.11:37:10::SCWMssOS::ILER_FLAGS=  -O2 -c -mcpu=v11.0 -mlittle-endian -mxl-soft-mul" "EXTRA_COMPILER_FLAGS=-g -ffunction-sections -fdata-sections -Wa
TRACE::2026-06-09.11:37:10::SCWMssOS::ll -Wextra -fno-tree-loop-distribute-patterns"

TRACE::2026-06-09.11:37:10::SCWMssOS::"Running Make libs in microblaze_0/libsrc/uartlite_v3_8/src"

TRACE::2026-06-09.11:37:10::SCWMssOS::make -C microblaze_0/libsrc/uartlite_v3_8/src -s libs  "SHELL=CMD" "COMPILER=mb-gcc" "ASSEMBLER=mb-as" "ARCHIVER=mb-ar" "COMPIL
TRACE::2026-06-09.11:37:10::SCWMssOS::ER_FLAGS=  -O2 -c -mcpu=v11.0 -mlittle-endian -mxl-soft-mul" "EXTRA_COMPILER_FLAGS=-g -ffunction-sections -fdata-sections -Wall
TRACE::2026-06-09.11:37:10::SCWMssOS:: -Wextra -fno-tree-loop-distribute-patterns"

TRACE::2026-06-09.11:37:11::SCWMssOS::"DEBUG NON_LTO_OBJECTS is ../../../lib/microblaze_interrupt_handler.o"

TRACE::2026-06-09.11:37:11::SCWMssOS::'Finished building libraries parallelly.'

TRACE::2026-06-09.11:37:11::SCWMssOS::make --no-print-directory archive

TRACE::2026-06-09.11:37:11::SCWMssOS::mb-ar -r  microblaze_0/lib/libxil.a microblaze_0/lib/_exit.o microblaze_0/lib/errno.o microblaze_0/lib/fcntl.o microblaze_0/lib
TRACE::2026-06-09.11:37:11::SCWMssOS::/hw_exception_handler.o microblaze_0/lib/inbyte.o microblaze_0/lib/microblaze_disable_dcache.o microblaze_0/lib/microblaze_disa
TRACE::2026-06-09.11:37:11::SCWMssOS::ble_exceptions.o microblaze_0/lib/microblaze_disable_icache.o microblaze_0/lib/microblaze_disable_interrupts.o microblaze_0/lib
TRACE::2026-06-09.11:37:11::SCWMssOS::/microblaze_enable_dcache.o microblaze_0/lib/microblaze_enable_exceptions.o microblaze_0/lib/microblaze_enable_icache.o microbl
TRACE::2026-06-09.11:37:11::SCWMssOS::aze_0/lib/microblaze_enable_interrupts.o microblaze_0/lib/microblaze_exception_handler.o microblaze_0/lib/microblaze_flush_cach
TRACE::2026-06-09.11:37:11::SCWMssOS::e_ext.o microblaze_0/lib/microblaze_flush_cache_ext_range.o microblaze_0/lib/microblaze_flush_dcache.o microblaze_0/lib/microbl
TRACE::2026-06-09.11:37:11::SCWMssOS::aze_flush_dcache_range.o microblaze_0/lib/microblaze_init_dcache_range.o microblaze_0/lib/microblaze_init_icache_range.o microb
TRACE::2026-06-09.11:37:11::SCWMssOS::laze_0/lib/microblaze_interrupt_handler.o microblaze_0/lib/microblaze_interrupts_g.o microblaze_0/lib/microblaze_invalidate_cac
TRACE::2026-06-09.11:37:11::SCWMssOS::he_ext.o microblaze_0/lib/microblaze_invalidate_cache_ext_range.o microblaze_0/lib/microblaze_invalidate_dcache.o microblaze_0/
TRACE::2026-06-09.11:37:11::SCWMssOS::lib/microblaze_invalidate_dcache_range.o microblaze_0/lib/microblaze_invalidate_icache.o microblaze_0/lib/microblaze_invalidate
TRACE::2026-06-09.11:37:11::SCWMssOS::_icache_range.o microblaze_0/lib/microblaze_scrub.o microblaze_0/lib/microblaze_selftest.o microblaze_0/lib/microblaze_sleep.o 
TRACE::2026-06-09.11:37:11::SCWMssOS::microblaze_0/lib/microblaze_update_dcache.o microblaze_0/lib/microblaze_update_icache.o microblaze_0/lib/outbyte.o microblaze_0
TRACE::2026-06-09.11:37:11::SCWMssOS::/lib/print.o microblaze_0/lib/pvr.o microblaze_0/lib/xbram.o microblaze_0/lib/xbram_g.o microblaze_0/lib/xbram_intr.o microblaz
TRACE::2026-06-09.11:37:11::SCWMssOS::e_0/lib/xbram_selftest.o microblaze_0/lib/xbram_sinit.o microblaze_0/lib/xil_assert.o microblaze_0/lib/xil_cache.o microblaze_0
TRACE::2026-06-09.11:37:11::SCWMssOS::/lib/xil_clocking.o microblaze_0/lib/xil_exception.o microblaze_0/lib/xil_mem.o microblaze_0/lib/xil_misc_psreset_api.o microbl
TRACE::2026-06-09.11:37:11::SCWMssOS::aze_0/lib/xil_printf.o microblaze_0/lib/xil_sleepcommon.o microblaze_0/lib/xil_testcache.o microblaze_0/lib/xil_testio.o microb
TRACE::2026-06-09.11:37:11::SCWMssOS::laze_0/lib/xil_testmem.o microblaze_0/lib/xil_util.o microblaze_0/lib/xinterrupt_wrap.o microblaze_0/lib/xio.o microblaze_0/lib
TRACE::2026-06-09.11:37:11::SCWMssOS::/xplatform_info.o microblaze_0/lib/xuartlite.o microblaze_0/lib/xuartlite_g.o microblaze_0/lib/xuartlite_intr.o microblaze_0/li
TRACE::2026-06-09.11:37:11::SCWMssOS::b/xuartlite_l.o microblaze_0/lib/xuartlite_selftest.o microblaze_0/lib/xuartlite_sinit.o microblaze_0/lib/xuartlite_stats.o

TRACE::2026-06-09.11:37:11::SCWMssOS::'Finished building libraries'

TRACE::2026-06-09.11:37:11::SCWMssOS:: Checking if to create the Supporting Applications
TRACE::2026-06-09.11:37:11::SCWMssOS:: No Linux domain exists, trying to generate FSBL 
LOG::2026-06-09.11:37:11::SCWSystem::Completed Processing the domain standalone_microblaze_0
LOG::2026-06-09.11:37:11::SCWSystem::Completed Processing the sysconfig rtc_fnd_axi_wrapper
LOG::2026-06-09.11:37:11::SCWPlatform::Completed generating the artifacts for system configuration rtc_fnd_axi_wrapper
TRACE::2026-06-09.11:37:11::SCWPlatform::Started preparing the platform 
TRACE::2026-06-09.11:37:11::SCWSystem::Writing the bif file for system config rtc_fnd_axi_wrapper
TRACE::2026-06-09.11:37:11::SCWSystem::dir created 
TRACE::2026-06-09.11:37:11::SCWSystem::Writing the bif 
TRACE::2026-06-09.11:37:11::SCWPlatform::Started writing the spfm file 
TRACE::2026-06-09.11:37:11::SCWPlatform::Started writing the xpfm file 
TRACE::2026-06-09.11:37:11::SCWPlatform::Completed generating the platform
TRACE::2026-06-09.11:37:11::SCWMssOS::Saving the mss changes D:/vivado_pj/RTC_FND_AXI/workspace/rtc_fnd_axi_wrapper/microblaze_0/standalone_microblaze_0/bsp/system.mss
TRACE::2026-06-09.11:37:11::SCWMssOS::Adding the swdes entry, mss present, able to open swdb D:/vivado_pj/RTC_FND_AXI/workspace/rtc_fnd_axi_wrapper/microblaze_0/standalone_microblaze_0/bsp/system.mss with des name system
TRACE::2026-06-09.11:37:11::SCWMssOS::Writing the mss file completed D:/vivado_pj/RTC_FND_AXI/workspace/rtc_fnd_axi_wrapper/microblaze_0/standalone_microblaze_0/bsp/system.mss
TRACE::2026-06-09.11:37:11::SCWMssOS::Commit changes completed.
TRACE::2026-06-09.11:37:11::SCWPlatform::Trying to open the hw design at D:/vivado_pj/RTC_FND_AXI/workspace/rtc_fnd_axi_wrapper/hw/rtc_fnd_axi_wrapper2.xsa
TRACE::2026-06-09.11:37:11::SCWPlatform::DSA given D:/vivado_pj/RTC_FND_AXI/workspace/rtc_fnd_axi_wrapper/hw/rtc_fnd_axi_wrapper2.xsa
TRACE::2026-06-09.11:37:11::SCWPlatform::DSA absoulate path D:/vivado_pj/RTC_FND_AXI/workspace/rtc_fnd_axi_wrapper/hw/rtc_fnd_axi_wrapper2.xsa
TRACE::2026-06-09.11:37:11::SCWPlatform::DSA directory D:/vivado_pj/RTC_FND_AXI/workspace/rtc_fnd_axi_wrapper/hw
TRACE::2026-06-09.11:37:11::SCWPlatform:: Platform Path D:/vivado_pj/RTC_FND_AXI/workspace/rtc_fnd_axi_wrapper/hw/rtc_fnd_axi_wrapper2.xsa
TRACE::2026-06-09.11:37:11::SCWPlatform:: Unique name xilinx:basys3::0.0
TRACE::2026-06-09.11:37:11::SCWPlatform::Trying to set the existing hwdb with name rtc_fnd_axi_wrapper_4
TRACE::2026-06-09.11:37:11::SCWPlatform::Opened existing hwdb rtc_fnd_axi_wrapper_4
TRACE::2026-06-09.11:37:11::SCWPlatform::Found the Hw Db part of the input DSA
TRACE::2026-06-09.11:37:11::SCWMssOS::Checking the sw design at  D:/vivado_pj/RTC_FND_AXI/workspace/rtc_fnd_axi_wrapper/microblaze_0/standalone_microblaze_0/bsp/system.mss
TRACE::2026-06-09.11:37:11::SCWMssOS::DEBUG:  swdes dump  D:/vivado_pj/RTC_FND_AXI/workspace/rtc_fnd_axi_wrapper/microblaze_0/standalone_microblaze_0/bsp/system.mss|system||

TRACE::2026-06-09.11:37:11::SCWMssOS::Sw design exists and opened at  D:/vivado_pj/RTC_FND_AXI/workspace/rtc_fnd_axi_wrapper/microblaze_0/standalone_microblaze_0/bsp/system.mss
TRACE::2026-06-09.11:37:11::SCWWriter::formatted JSON is {
	"platformName":	"rtc_fnd_axi_wrapper",
	"sprVersion":	"2.0",
	"mode":	"gui",
	"dsaType":	"Fixed",
	"platformDesc":	"rtc_fnd_axi_wrapper",
	"platHandOff":	"D:/vivado_pj/RTC_FND_AXI/rtc_fnd_axi_wrapper2.xsa",
	"platIntHandOff":	"<platformDir>/hw/rtc_fnd_axi_wrapper2.xsa",
	"deviceType":	"FPGA",
	"platIsPrebuiltAutogen":	"false",
	"platIsNoBootBsp":	"false",
	"hasFsblMakeHasChanges":	"false",
	"hasPmufwMakeHasChanges":	"false",
	"platPreBuiltFlag":	false,
	"platformSamplesDir":	"",
	"platActiveSys":	"rtc_fnd_axi_wrapper",
	"systems":	[{
			"systemName":	"rtc_fnd_axi_wrapper",
			"systemDesc":	"rtc_fnd_axi_wrapper",
			"sysIsBootAutoGen":	"true",
			"systemDispName":	"rtc_fnd_axi_wrapper",
			"sysActiveDom":	"standalone_microblaze_0",
			"sysDefaultDom":	"standalone_microblaze_0",
			"domains":	[{
					"domainName":	"standalone_microblaze_0",
					"domainDispName":	"standalone_microblaze_0",
					"domainDesc":	"standalone_microblaze_0",
					"processors":	"microblaze_0",
					"os":	"standalone",
					"sdxOs":	"standalone",
					"debugEnable":	"False",
					"domRuntimes":	["cpp"],
					"swRepo":	"",
					"mssOsVer":	"8.1",
					"mssFile":	"",
					"md5Digest":	"3916ba371a6c5525b0331437d0164d92",
					"compatibleApp":	"",
					"domType":	"mssDomain",
					"arch":	"32-bit",
					"appSettings":	{
						"appCompilerFlags":	"",
						"appLinkerFlags":	""
					},
					"addedLibs":	[],
					"libOptions":	{
						"libsContainingOptions":	[]
					},
					"prebuiltLibs":	{
						"prebuiltIncPath":	[],
						"prebuiltLibPath":	[]
					},
					"isolation":	{
					}
				}]
		}]
}
KEYINFO::2026-06-09.11:37:11::SCWPlatform::updated the xpfm file.
TRACE::2026-06-09.11:37:12::SCWPlatform::Trying to open the hw design at D:/vivado_pj/RTC_FND_AXI/workspace/rtc_fnd_axi_wrapper/hw/rtc_fnd_axi_wrapper2.xsa
TRACE::2026-06-09.11:37:12::SCWPlatform::DSA given D:/vivado_pj/RTC_FND_AXI/workspace/rtc_fnd_axi_wrapper/hw/rtc_fnd_axi_wrapper2.xsa
TRACE::2026-06-09.11:37:12::SCWPlatform::DSA absoulate path D:/vivado_pj/RTC_FND_AXI/workspace/rtc_fnd_axi_wrapper/hw/rtc_fnd_axi_wrapper2.xsa
TRACE::2026-06-09.11:37:12::SCWPlatform::DSA directory D:/vivado_pj/RTC_FND_AXI/workspace/rtc_fnd_axi_wrapper/hw
TRACE::2026-06-09.11:37:12::SCWPlatform:: Platform Path D:/vivado_pj/RTC_FND_AXI/workspace/rtc_fnd_axi_wrapper/hw/rtc_fnd_axi_wrapper2.xsa
TRACE::2026-06-09.11:37:12::SCWPlatform:: Unique name xilinx:basys3::0.0
TRACE::2026-06-09.11:37:12::SCWPlatform::Trying to set the existing hwdb with name rtc_fnd_axi_wrapper_4
TRACE::2026-06-09.11:37:12::SCWPlatform::Opened existing hwdb rtc_fnd_axi_wrapper_4
TRACE::2026-06-09.11:37:12::SCWPlatform::Found the Hw Db part of the input DSA
TRACE::2026-06-09.11:37:12::SCWMssOS::Checking the sw design at  D:/vivado_pj/RTC_FND_AXI/workspace/rtc_fnd_axi_wrapper/microblaze_0/standalone_microblaze_0/bsp/system.mss
TRACE::2026-06-09.11:37:12::SCWMssOS::DEBUG:  swdes dump  D:/vivado_pj/RTC_FND_AXI/workspace/rtc_fnd_axi_wrapper/microblaze_0/standalone_microblaze_0/bsp/system.mss|system||

TRACE::2026-06-09.11:37:12::SCWMssOS::Sw design exists and opened at  D:/vivado_pj/RTC_FND_AXI/workspace/rtc_fnd_axi_wrapper/microblaze_0/standalone_microblaze_0/bsp/system.mss
TRACE::2026-06-09.11:54:58::SCWPlatform::Clearing the existing platform
TRACE::2026-06-09.11:54:58::SCWSystem::Clearing the existing sysconfig
TRACE::2026-06-09.11:54:58::SCWMssOS::Removing the swdes entry for  D:/vivado_pj/RTC_FND_AXI/workspace/rtc_fnd_axi_wrapper/microblaze_0/standalone_microblaze_0/bsp/system.mss
TRACE::2026-06-09.11:54:58::SCWSystem::Clearing the domains completed.
TRACE::2026-06-09.11:54:58::SCWPlatform::Clearing the opened hw db.
TRACE::2026-06-09.11:54:58::SCWPlatform::DSA given D:/vivado_pj/RTC_FND_AXI/workspace/rtc_fnd_axi_wrapper/hw/rtc_fnd_axi_wrapper2.xsa
TRACE::2026-06-09.11:54:58::SCWPlatform::DSA absoulate path D:/vivado_pj/RTC_FND_AXI/workspace/rtc_fnd_axi_wrapper/hw/rtc_fnd_axi_wrapper2.xsa
TRACE::2026-06-09.11:54:58::SCWPlatform:: Platform location is D:/vivado_pj/RTC_FND_AXI/workspace/rtc_fnd_axi_wrapper/hw
TRACE::2026-06-09.11:54:58::SCWPlatform:: Platform Path D:/vivado_pj/RTC_FND_AXI/workspace/rtc_fnd_axi_wrapper/hw/rtc_fnd_axi_wrapper2.xsa
TRACE::2026-06-09.11:54:58::SCWPlatform:: Unique name xilinx:basys3::0.0
TRACE::2026-06-09.11:54:58::SCWPlatform::Removing the HwDB with name D:/vivado_pj/RTC_FND_AXI/workspace/rtc_fnd_axi_wrapper/hw/rtc_fnd_axi_wrapper2.xsa
TRACE::2026-06-09.11:54:58::SCWPlatform::Trying to open the hw design at D:/vivado_pj/RTC_FND_AXI/workspace/rtc_fnd_axi_wrapper/hw/rtc_fnd_axi_wrapper2.xsa
TRACE::2026-06-09.11:54:58::SCWPlatform::DSA given D:/vivado_pj/RTC_FND_AXI/workspace/rtc_fnd_axi_wrapper/hw/rtc_fnd_axi_wrapper2.xsa
TRACE::2026-06-09.11:54:58::SCWPlatform::DSA absoulate path D:/vivado_pj/RTC_FND_AXI/workspace/rtc_fnd_axi_wrapper/hw/rtc_fnd_axi_wrapper2.xsa
TRACE::2026-06-09.11:54:58::SCWPlatform::DSA directory D:/vivado_pj/RTC_FND_AXI/workspace/rtc_fnd_axi_wrapper/hw
TRACE::2026-06-09.11:54:58::SCWPlatform:: Platform Path D:/vivado_pj/RTC_FND_AXI/workspace/rtc_fnd_axi_wrapper/hw/rtc_fnd_axi_wrapper2.xsa
TRACE::2026-06-09.11:54:58::SCWPlatform:: Unique name xilinx:basys3::0.0
TRACE::2026-06-09.11:54:58::SCWPlatform::Do not have an existing db opened. 
TRACE::2026-06-09.11:54:58::SCWPlatform::Opened new HwDB with name rtc_fnd_axi_wrapper_6
TRACE::2026-06-09.11:54:58::SCWReader::Active system found as  rtc_fnd_axi_wrapper
TRACE::2026-06-09.11:54:58::SCWReader::Handling sysconfig rtc_fnd_axi_wrapper
TRACE::2026-06-09.11:54:58::SCWDomain::checking for install qemu data   : 
TRACE::2026-06-09.11:54:58::SCWPlatform::Trying to open the hw design at D:/vivado_pj/RTC_FND_AXI/workspace/rtc_fnd_axi_wrapper/hw/rtc_fnd_axi_wrapper2.xsa
TRACE::2026-06-09.11:54:58::SCWPlatform::DSA given D:/vivado_pj/RTC_FND_AXI/workspace/rtc_fnd_axi_wrapper/hw/rtc_fnd_axi_wrapper2.xsa
TRACE::2026-06-09.11:54:58::SCWPlatform::DSA absoulate path D:/vivado_pj/RTC_FND_AXI/workspace/rtc_fnd_axi_wrapper/hw/rtc_fnd_axi_wrapper2.xsa
TRACE::2026-06-09.11:54:58::SCWPlatform::DSA directory D:/vivado_pj/RTC_FND_AXI/workspace/rtc_fnd_axi_wrapper/hw
TRACE::2026-06-09.11:54:58::SCWPlatform:: Platform Path D:/vivado_pj/RTC_FND_AXI/workspace/rtc_fnd_axi_wrapper/hw/rtc_fnd_axi_wrapper2.xsa
TRACE::2026-06-09.11:54:58::SCWPlatform:: Unique name xilinx:basys3::0.0
TRACE::2026-06-09.11:54:58::SCWPlatform::Trying to set the existing hwdb with name rtc_fnd_axi_wrapper_6
TRACE::2026-06-09.11:54:58::SCWPlatform::Opened existing hwdb rtc_fnd_axi_wrapper_6
TRACE::2026-06-09.11:54:58::SCWPlatform::Found the Hw Db part of the input DSA
TRACE::2026-06-09.11:54:58::SCWPlatform::Trying to open the hw design at D:/vivado_pj/RTC_FND_AXI/workspace/rtc_fnd_axi_wrapper/hw/rtc_fnd_axi_wrapper2.xsa
TRACE::2026-06-09.11:54:58::SCWPlatform::DSA given D:/vivado_pj/RTC_FND_AXI/workspace/rtc_fnd_axi_wrapper/hw/rtc_fnd_axi_wrapper2.xsa
TRACE::2026-06-09.11:54:58::SCWPlatform::DSA absoulate path D:/vivado_pj/RTC_FND_AXI/workspace/rtc_fnd_axi_wrapper/hw/rtc_fnd_axi_wrapper2.xsa
TRACE::2026-06-09.11:54:58::SCWPlatform::DSA directory D:/vivado_pj/RTC_FND_AXI/workspace/rtc_fnd_axi_wrapper/hw
TRACE::2026-06-09.11:54:58::SCWPlatform:: Platform Path D:/vivado_pj/RTC_FND_AXI/workspace/rtc_fnd_axi_wrapper/hw/rtc_fnd_axi_wrapper2.xsa
TRACE::2026-06-09.11:54:58::SCWPlatform:: Unique name xilinx:basys3::0.0
TRACE::2026-06-09.11:54:58::SCWPlatform::Trying to set the existing hwdb with name rtc_fnd_axi_wrapper_6
TRACE::2026-06-09.11:54:58::SCWPlatform::Opened existing hwdb rtc_fnd_axi_wrapper_6
TRACE::2026-06-09.11:54:58::SCWPlatform::Found the Hw Db part of the input DSA
TRACE::2026-06-09.11:54:58::SCWPlatform::Trying to open the hw design at D:/vivado_pj/RTC_FND_AXI/workspace/rtc_fnd_axi_wrapper/hw/rtc_fnd_axi_wrapper2.xsa
TRACE::2026-06-09.11:54:58::SCWPlatform::DSA given D:/vivado_pj/RTC_FND_AXI/workspace/rtc_fnd_axi_wrapper/hw/rtc_fnd_axi_wrapper2.xsa
TRACE::2026-06-09.11:54:58::SCWPlatform::DSA absoulate path D:/vivado_pj/RTC_FND_AXI/workspace/rtc_fnd_axi_wrapper/hw/rtc_fnd_axi_wrapper2.xsa
TRACE::2026-06-09.11:54:58::SCWPlatform::DSA directory D:/vivado_pj/RTC_FND_AXI/workspace/rtc_fnd_axi_wrapper/hw
TRACE::2026-06-09.11:54:58::SCWPlatform:: Platform Path D:/vivado_pj/RTC_FND_AXI/workspace/rtc_fnd_axi_wrapper/hw/rtc_fnd_axi_wrapper2.xsa
TRACE::2026-06-09.11:54:58::SCWPlatform:: Unique name xilinx:basys3::0.0
TRACE::2026-06-09.11:54:58::SCWPlatform::Trying to set the existing hwdb with name rtc_fnd_axi_wrapper_6
TRACE::2026-06-09.11:54:58::SCWPlatform::Opened existing hwdb rtc_fnd_axi_wrapper_6
TRACE::2026-06-09.11:54:58::SCWPlatform::Found the Hw Db part of the input DSA
TRACE::2026-06-09.11:54:58::SCWPlatform::Trying to open the hw design at D:/vivado_pj/RTC_FND_AXI/workspace/rtc_fnd_axi_wrapper/hw/rtc_fnd_axi_wrapper2.xsa
TRACE::2026-06-09.11:54:58::SCWPlatform::DSA given D:/vivado_pj/RTC_FND_AXI/workspace/rtc_fnd_axi_wrapper/hw/rtc_fnd_axi_wrapper2.xsa
TRACE::2026-06-09.11:54:58::SCWPlatform::DSA absoulate path D:/vivado_pj/RTC_FND_AXI/workspace/rtc_fnd_axi_wrapper/hw/rtc_fnd_axi_wrapper2.xsa
TRACE::2026-06-09.11:54:58::SCWPlatform::DSA directory D:/vivado_pj/RTC_FND_AXI/workspace/rtc_fnd_axi_wrapper/hw
TRACE::2026-06-09.11:54:58::SCWPlatform:: Platform Path D:/vivado_pj/RTC_FND_AXI/workspace/rtc_fnd_axi_wrapper/hw/rtc_fnd_axi_wrapper2.xsa
TRACE::2026-06-09.11:54:58::SCWPlatform:: Unique name xilinx:basys3::0.0
TRACE::2026-06-09.11:54:58::SCWPlatform::Trying to set the existing hwdb with name rtc_fnd_axi_wrapper_6
TRACE::2026-06-09.11:54:58::SCWPlatform::Opened existing hwdb rtc_fnd_axi_wrapper_6
TRACE::2026-06-09.11:54:58::SCWPlatform::Found the Hw Db part of the input DSA
TRACE::2026-06-09.11:54:58::SCWMssOS::Checking the sw design at  D:/vivado_pj/RTC_FND_AXI/workspace/rtc_fnd_axi_wrapper/microblaze_0/standalone_microblaze_0/bsp/system.mss
TRACE::2026-06-09.11:54:58::SCWMssOS::DEBUG:  swdes dump  
TRACE::2026-06-09.11:54:58::SCWMssOS::No sw design opened at  D:/vivado_pj/RTC_FND_AXI/workspace/rtc_fnd_axi_wrapper/microblaze_0/standalone_microblaze_0/bsp/system.mss
TRACE::2026-06-09.11:54:58::SCWMssOS::mss exists loading the mss file  D:/vivado_pj/RTC_FND_AXI/workspace/rtc_fnd_axi_wrapper/microblaze_0/standalone_microblaze_0/bsp/system.mss
TRACE::2026-06-09.11:54:58::SCWMssOS::Opened the sw design from mss  D:/vivado_pj/RTC_FND_AXI/workspace/rtc_fnd_axi_wrapper/microblaze_0/standalone_microblaze_0/bsp/system.mss
TRACE::2026-06-09.11:54:58::SCWMssOS::Adding the swdes entry D:/vivado_pj/RTC_FND_AXI/workspace/rtc_fnd_axi_wrapper/microblaze_0/standalone_microblaze_0/bsp/system.mss with des name system
TRACE::2026-06-09.11:54:58::SCWMssOS::updating the scw layer about changes
TRACE::2026-06-09.11:54:58::SCWMssOS::Opened the sw design.  D:/vivado_pj/RTC_FND_AXI/workspace/rtc_fnd_axi_wrapper/microblaze_0/standalone_microblaze_0/bsp/system.mss
TRACE::2026-06-09.11:54:58::SCWMssOS::Saving the mss changes D:/vivado_pj/RTC_FND_AXI/workspace/rtc_fnd_axi_wrapper/microblaze_0/standalone_microblaze_0/bsp/system.mss
TRACE::2026-06-09.11:54:58::SCWMssOS::Found a swdesign opened with the mssfile.
TRACE::2026-06-09.11:54:58::SCWMssOS::Completed writemss as part of save.
TRACE::2026-06-09.11:54:58::SCWMssOS::Commit changes completed.
TRACE::2026-06-09.11:54:58::SCWReader::Adding prebuilt librarypaths as   
TRACE::2026-06-09.11:54:58::SCWReader::Adding prebuilt incpaths  as   
TRACE::2026-06-09.11:54:58::SCWPlatform::Trying to open the hw design at D:/vivado_pj/RTC_FND_AXI/workspace/rtc_fnd_axi_wrapper/hw/rtc_fnd_axi_wrapper2.xsa
TRACE::2026-06-09.11:54:58::SCWPlatform::DSA given D:/vivado_pj/RTC_FND_AXI/workspace/rtc_fnd_axi_wrapper/hw/rtc_fnd_axi_wrapper2.xsa
TRACE::2026-06-09.11:54:58::SCWPlatform::DSA absoulate path D:/vivado_pj/RTC_FND_AXI/workspace/rtc_fnd_axi_wrapper/hw/rtc_fnd_axi_wrapper2.xsa
TRACE::2026-06-09.11:54:58::SCWPlatform::DSA directory D:/vivado_pj/RTC_FND_AXI/workspace/rtc_fnd_axi_wrapper/hw
TRACE::2026-06-09.11:54:58::SCWPlatform:: Platform Path D:/vivado_pj/RTC_FND_AXI/workspace/rtc_fnd_axi_wrapper/hw/rtc_fnd_axi_wrapper2.xsa
TRACE::2026-06-09.11:54:58::SCWPlatform:: Unique name xilinx:basys3::0.0
TRACE::2026-06-09.11:54:58::SCWPlatform::Trying to set the existing hwdb with name rtc_fnd_axi_wrapper_6
TRACE::2026-06-09.11:54:58::SCWPlatform::Opened existing hwdb rtc_fnd_axi_wrapper_6
TRACE::2026-06-09.11:54:58::SCWPlatform::Found the Hw Db part of the input DSA
TRACE::2026-06-09.11:54:58::SCWMssOS::Checking the sw design at  D:/vivado_pj/RTC_FND_AXI/workspace/rtc_fnd_axi_wrapper/microblaze_0/standalone_microblaze_0/bsp/system.mss
TRACE::2026-06-09.11:54:58::SCWMssOS::DEBUG:  swdes dump  D:/vivado_pj/RTC_FND_AXI/workspace/rtc_fnd_axi_wrapper/microblaze_0/standalone_microblaze_0/bsp/system.mss|system||

TRACE::2026-06-09.11:54:58::SCWMssOS::Sw design exists and opened at  D:/vivado_pj/RTC_FND_AXI/workspace/rtc_fnd_axi_wrapper/microblaze_0/standalone_microblaze_0/bsp/system.mss
TRACE::2026-06-09.11:54:58::SCWReader::No isolation master present  
TRACE::2026-06-09.11:55:02::SCWPlatform::DSA given D:/vivado_pj/RTC_FND_AXI/workspace/rtc_fnd_axi_wrapper/tempdsa/rtc_fnd_axi_wrapper3.xsa
TRACE::2026-06-09.11:55:02::SCWPlatform::DSA absoulate path D:/vivado_pj/RTC_FND_AXI/workspace/rtc_fnd_axi_wrapper/tempdsa/rtc_fnd_axi_wrapper3.xsa
TRACE::2026-06-09.11:55:02::SCWPlatform:: Platform location is D:/vivado_pj/RTC_FND_AXI/workspace/rtc_fnd_axi_wrapper/tempdsa
TRACE::2026-06-09.11:55:02::SCWPlatform:: Platform Path D:/vivado_pj/RTC_FND_AXI/workspace/rtc_fnd_axi_wrapper/tempdsa/rtc_fnd_axi_wrapper3.xsa
TRACE::2026-06-09.11:55:02::SCWPlatform:: Unique name xilinx:basys3::0.0
TRACE::2026-06-09.11:55:03::SCWPlatform::Found the Hw Db part of the input DSA
TRACE::2026-06-09.11:55:03::SCWMssOS::Doing hw sync for the mss in domain: standalone_microblaze_0
TRACE::2026-06-09.11:55:03::SCWPlatform::Trying to open the hw design at D:/vivado_pj/RTC_FND_AXI/workspace/rtc_fnd_axi_wrapper/hw/rtc_fnd_axi_wrapper2.xsa
TRACE::2026-06-09.11:55:03::SCWPlatform::DSA given D:/vivado_pj/RTC_FND_AXI/workspace/rtc_fnd_axi_wrapper/hw/rtc_fnd_axi_wrapper2.xsa
TRACE::2026-06-09.11:55:03::SCWPlatform::DSA absoulate path D:/vivado_pj/RTC_FND_AXI/workspace/rtc_fnd_axi_wrapper/hw/rtc_fnd_axi_wrapper2.xsa
TRACE::2026-06-09.11:55:03::SCWPlatform::DSA directory D:/vivado_pj/RTC_FND_AXI/workspace/rtc_fnd_axi_wrapper/hw
TRACE::2026-06-09.11:55:03::SCWPlatform:: Platform Path D:/vivado_pj/RTC_FND_AXI/workspace/rtc_fnd_axi_wrapper/hw/rtc_fnd_axi_wrapper2.xsa
TRACE::2026-06-09.11:55:03::SCWPlatform:: Unique name xilinx:basys3::0.0
TRACE::2026-06-09.11:55:03::SCWPlatform::Trying to set the existing hwdb with name rtc_fnd_axi_wrapper_6
TRACE::2026-06-09.11:55:03::SCWPlatform::Opened existing hwdb rtc_fnd_axi_wrapper_6
TRACE::2026-06-09.11:55:03::SCWPlatform::Found the Hw Db part of the input DSA
TRACE::2026-06-09.11:55:03::SCWPlatform::Trying to open the hw design at D:/vivado_pj/RTC_FND_AXI/workspace/rtc_fnd_axi_wrapper/hw/rtc_fnd_axi_wrapper2.xsa
TRACE::2026-06-09.11:55:03::SCWPlatform::DSA given D:/vivado_pj/RTC_FND_AXI/workspace/rtc_fnd_axi_wrapper/hw/rtc_fnd_axi_wrapper2.xsa
TRACE::2026-06-09.11:55:03::SCWPlatform::DSA absoulate path D:/vivado_pj/RTC_FND_AXI/workspace/rtc_fnd_axi_wrapper/hw/rtc_fnd_axi_wrapper2.xsa
TRACE::2026-06-09.11:55:03::SCWPlatform::DSA directory D:/vivado_pj/RTC_FND_AXI/workspace/rtc_fnd_axi_wrapper/hw
TRACE::2026-06-09.11:55:03::SCWPlatform:: Platform Path D:/vivado_pj/RTC_FND_AXI/workspace/rtc_fnd_axi_wrapper/hw/rtc_fnd_axi_wrapper2.xsa
TRACE::2026-06-09.11:55:03::SCWPlatform:: Unique name xilinx:basys3::0.0
TRACE::2026-06-09.11:55:03::SCWPlatform::Trying to set the existing hwdb with name rtc_fnd_axi_wrapper_6
TRACE::2026-06-09.11:55:03::SCWPlatform::Opened existing hwdb rtc_fnd_axi_wrapper_6
TRACE::2026-06-09.11:55:03::SCWPlatform::Found the Hw Db part of the input DSA
TRACE::2026-06-09.11:55:03::SCWMssOS::Checking the sw design at  D:/vivado_pj/RTC_FND_AXI/workspace/rtc_fnd_axi_wrapper/microblaze_0/standalone_microblaze_0/bsp/system.mss
TRACE::2026-06-09.11:55:03::SCWMssOS::DEBUG:  swdes dump  D:/vivado_pj/RTC_FND_AXI/workspace/rtc_fnd_axi_wrapper/microblaze_0/standalone_microblaze_0/bsp/system.mss|system||

TRACE::2026-06-09.11:55:03::SCWMssOS::Sw design exists and opened at  D:/vivado_pj/RTC_FND_AXI/workspace/rtc_fnd_axi_wrapper/microblaze_0/standalone_microblaze_0/bsp/system.mss
TRACE::2026-06-09.11:55:03::SCWPlatform::Trying to open the hw design at D:/vivado_pj/RTC_FND_AXI/workspace/rtc_fnd_axi_wrapper/tempdsa/rtc_fnd_axi_wrapper3.xsa
TRACE::2026-06-09.11:55:03::SCWPlatform::DSA given D:/vivado_pj/RTC_FND_AXI/workspace/rtc_fnd_axi_wrapper/tempdsa/rtc_fnd_axi_wrapper3.xsa
TRACE::2026-06-09.11:55:03::SCWPlatform::DSA absoulate path D:/vivado_pj/RTC_FND_AXI/workspace/rtc_fnd_axi_wrapper/tempdsa/rtc_fnd_axi_wrapper3.xsa
TRACE::2026-06-09.11:55:03::SCWPlatform::DSA directory D:/vivado_pj/RTC_FND_AXI/workspace/rtc_fnd_axi_wrapper/tempdsa
TRACE::2026-06-09.11:55:03::SCWPlatform:: Platform Path D:/vivado_pj/RTC_FND_AXI/workspace/rtc_fnd_axi_wrapper/tempdsa/rtc_fnd_axi_wrapper3.xsa
TRACE::2026-06-09.11:55:03::SCWPlatform:: Unique name xilinx:basys3::0.0
TRACE::2026-06-09.11:55:03::SCWPlatform::update - Opened existing hwdb rtc_fnd_axi_wrapper_7
TRACE::2026-06-09.11:55:03::SCWPlatform::Found the Hw Db part of the input DSA
TRACE::2026-06-09.11:55:03::SCWMssOS::Saving the mss changes D:/vivado_pj/RTC_FND_AXI/workspace/rtc_fnd_axi_wrapper/microblaze_0/standalone_microblaze_0/bsp/system.mss
TRACE::2026-06-09.11:55:03::SCWMssOS::Found a swdesign opened with the mssfile.
TRACE::2026-06-09.11:55:03::SCWMssOS::Completed writemss as part of save.
TRACE::2026-06-09.11:55:03::SCWMssOS::Commit changes completed.
TRACE::2026-06-09.11:55:03::SCWMssOS::Completed hw sync for the mss in domain: standalone_microblaze_0
TRACE::2026-06-09.11:55:03::SCWMssOS::Removing the swdes entry for  D:/vivado_pj/RTC_FND_AXI/workspace/rtc_fnd_axi_wrapper/microblaze_0/standalone_microblaze_0/bsp/system.mss
TRACE::2026-06-09.11:55:03::SCWPlatform::Trying to open the hw design at D:/vivado_pj/RTC_FND_AXI/workspace/rtc_fnd_axi_wrapper/hw/rtc_fnd_axi_wrapper3.xsa
TRACE::2026-06-09.11:55:03::SCWPlatform::DSA given D:/vivado_pj/RTC_FND_AXI/workspace/rtc_fnd_axi_wrapper/hw/rtc_fnd_axi_wrapper3.xsa
TRACE::2026-06-09.11:55:03::SCWPlatform::DSA absoulate path D:/vivado_pj/RTC_FND_AXI/workspace/rtc_fnd_axi_wrapper/hw/rtc_fnd_axi_wrapper3.xsa
TRACE::2026-06-09.11:55:03::SCWPlatform::DSA directory D:/vivado_pj/RTC_FND_AXI/workspace/rtc_fnd_axi_wrapper/hw
TRACE::2026-06-09.11:55:03::SCWPlatform:: Platform Path D:/vivado_pj/RTC_FND_AXI/workspace/rtc_fnd_axi_wrapper/hw/rtc_fnd_axi_wrapper3.xsa
TRACE::2026-06-09.11:55:03::SCWPlatform:: Unique name xilinx:basys3::0.0
TRACE::2026-06-09.11:55:03::SCWPlatform::Do not have an existing db opened. 
TRACE::2026-06-09.11:55:03::SCWPlatform::Opened new HwDB with name rtc_fnd_axi_wrapper_8
TRACE::2026-06-09.11:55:03::SCWMssOS::Saving the mss changes D:/vivado_pj/RTC_FND_AXI/workspace/rtc_fnd_axi_wrapper/microblaze_0/standalone_microblaze_0/bsp/system.mss
TRACE::2026-06-09.11:55:03::SCWMssOS::Adding the swdes entry, mss present, able to open swdb D:/vivado_pj/RTC_FND_AXI/workspace/rtc_fnd_axi_wrapper/microblaze_0/standalone_microblaze_0/bsp/system.mss with des name system
TRACE::2026-06-09.11:55:03::SCWMssOS::Writing the mss file completed D:/vivado_pj/RTC_FND_AXI/workspace/rtc_fnd_axi_wrapper/microblaze_0/standalone_microblaze_0/bsp/system.mss
TRACE::2026-06-09.11:55:03::SCWMssOS::Commit changes completed.
TRACE::2026-06-09.11:55:03::SCWPlatform::Trying to open the hw design at D:/vivado_pj/RTC_FND_AXI/workspace/rtc_fnd_axi_wrapper/hw/rtc_fnd_axi_wrapper3.xsa
TRACE::2026-06-09.11:55:03::SCWPlatform::DSA given D:/vivado_pj/RTC_FND_AXI/workspace/rtc_fnd_axi_wrapper/hw/rtc_fnd_axi_wrapper3.xsa
TRACE::2026-06-09.11:55:03::SCWPlatform::DSA absoulate path D:/vivado_pj/RTC_FND_AXI/workspace/rtc_fnd_axi_wrapper/hw/rtc_fnd_axi_wrapper3.xsa
TRACE::2026-06-09.11:55:03::SCWPlatform::DSA directory D:/vivado_pj/RTC_FND_AXI/workspace/rtc_fnd_axi_wrapper/hw
TRACE::2026-06-09.11:55:03::SCWPlatform:: Platform Path D:/vivado_pj/RTC_FND_AXI/workspace/rtc_fnd_axi_wrapper/hw/rtc_fnd_axi_wrapper3.xsa
TRACE::2026-06-09.11:55:03::SCWPlatform:: Unique name xilinx:basys3::0.0
TRACE::2026-06-09.11:55:03::SCWPlatform::Trying to set the existing hwdb with name rtc_fnd_axi_wrapper_8
TRACE::2026-06-09.11:55:03::SCWPlatform::Opened existing hwdb rtc_fnd_axi_wrapper_8
TRACE::2026-06-09.11:55:03::SCWPlatform::Found the Hw Db part of the input DSA
TRACE::2026-06-09.11:55:03::SCWMssOS::Checking the sw design at  D:/vivado_pj/RTC_FND_AXI/workspace/rtc_fnd_axi_wrapper/microblaze_0/standalone_microblaze_0/bsp/system.mss
TRACE::2026-06-09.11:55:03::SCWMssOS::DEBUG:  swdes dump  D:/vivado_pj/RTC_FND_AXI/workspace/rtc_fnd_axi_wrapper/microblaze_0/standalone_microblaze_0/bsp/system.mss|system||

TRACE::2026-06-09.11:55:03::SCWMssOS::Sw design exists and opened at  D:/vivado_pj/RTC_FND_AXI/workspace/rtc_fnd_axi_wrapper/microblaze_0/standalone_microblaze_0/bsp/system.mss
TRACE::2026-06-09.11:55:03::SCWWriter::formatted JSON is {
	"platformName":	"rtc_fnd_axi_wrapper",
	"sprVersion":	"2.0",
	"mode":	"gui",
	"dsaType":	"Fixed",
	"platformDesc":	"rtc_fnd_axi_wrapper",
	"platHandOff":	"D:/vivado_pj/RTC_FND_AXI/rtc_fnd_axi_wrapper3.xsa",
	"platIntHandOff":	"<platformDir>/hw/rtc_fnd_axi_wrapper3.xsa",
	"deviceType":	"FPGA",
	"platIsPrebuiltAutogen":	"false",
	"platIsNoBootBsp":	"false",
	"hasFsblMakeHasChanges":	"false",
	"hasPmufwMakeHasChanges":	"false",
	"platPreBuiltFlag":	false,
	"platformSamplesDir":	"",
	"platActiveSys":	"rtc_fnd_axi_wrapper",
	"systems":	[{
			"systemName":	"rtc_fnd_axi_wrapper",
			"systemDesc":	"rtc_fnd_axi_wrapper",
			"sysIsBootAutoGen":	"true",
			"systemDispName":	"rtc_fnd_axi_wrapper",
			"sysActiveDom":	"standalone_microblaze_0",
			"sysDefaultDom":	"standalone_microblaze_0",
			"domains":	[{
					"domainName":	"standalone_microblaze_0",
					"domainDispName":	"standalone_microblaze_0",
					"domainDesc":	"standalone_microblaze_0",
					"processors":	"microblaze_0",
					"os":	"standalone",
					"sdxOs":	"standalone",
					"debugEnable":	"False",
					"domRuntimes":	["cpp"],
					"swRepo":	"",
					"mssOsVer":	"8.1",
					"mssFile":	"",
					"md5Digest":	"3916ba371a6c5525b0331437d0164d921",
					"compatibleApp":	"",
					"domType":	"mssDomain",
					"arch":	"32-bit",
					"appSettings":	{
						"appCompilerFlags":	"",
						"appLinkerFlags":	""
					},
					"addedLibs":	[],
					"libOptions":	{
						"libsContainingOptions":	[]
					},
					"prebuiltLibs":	{
						"prebuiltIncPath":	[],
						"prebuiltLibPath":	[]
					},
					"isolation":	{
					}
				}]
		}]
}
LOG::2026-06-09.11:55:08::SCWPlatform::Started generating the artifacts platform rtc_fnd_axi_wrapper
TRACE::2026-06-09.11:55:08::SCWPlatform::Sanity checking of platform is completed
LOG::2026-06-09.11:55:08::SCWPlatform::Started generating the artifacts for system configuration rtc_fnd_axi_wrapper
LOG::2026-06-09.11:55:08::SCWSystem::Checking the domain standalone_microblaze_0
LOG::2026-06-09.11:55:08::SCWSystem::Not a boot domain 
LOG::2026-06-09.11:55:08::SCWSystem::Started Processing the domain standalone_microblaze_0
TRACE::2026-06-09.11:55:08::SCWDomain::Generating domain artifcats
TRACE::2026-06-09.11:55:08::SCWMssOS::Generating standalone artifcats
TRACE::2026-06-09.11:55:08::SCWMssOS:: Copying the user libraries. 
TRACE::2026-06-09.11:55:08::SCWPlatform::Trying to open the hw design at D:/vivado_pj/RTC_FND_AXI/workspace/rtc_fnd_axi_wrapper/hw/rtc_fnd_axi_wrapper3.xsa
TRACE::2026-06-09.11:55:08::SCWPlatform::DSA given D:/vivado_pj/RTC_FND_AXI/workspace/rtc_fnd_axi_wrapper/hw/rtc_fnd_axi_wrapper3.xsa
TRACE::2026-06-09.11:55:08::SCWPlatform::DSA absoulate path D:/vivado_pj/RTC_FND_AXI/workspace/rtc_fnd_axi_wrapper/hw/rtc_fnd_axi_wrapper3.xsa
TRACE::2026-06-09.11:55:08::SCWPlatform::DSA directory D:/vivado_pj/RTC_FND_AXI/workspace/rtc_fnd_axi_wrapper/hw
TRACE::2026-06-09.11:55:08::SCWPlatform:: Platform Path D:/vivado_pj/RTC_FND_AXI/workspace/rtc_fnd_axi_wrapper/hw/rtc_fnd_axi_wrapper3.xsa
TRACE::2026-06-09.11:55:08::SCWPlatform:: Unique name xilinx:basys3::0.0
TRACE::2026-06-09.11:55:08::SCWPlatform::Trying to set the existing hwdb with name rtc_fnd_axi_wrapper_8
TRACE::2026-06-09.11:55:08::SCWPlatform::Opened existing hwdb rtc_fnd_axi_wrapper_8
TRACE::2026-06-09.11:55:08::SCWPlatform::Found the Hw Db part of the input DSA
TRACE::2026-06-09.11:55:08::SCWMssOS::Checking the sw design at  D:/vivado_pj/RTC_FND_AXI/workspace/rtc_fnd_axi_wrapper/microblaze_0/standalone_microblaze_0/bsp/system.mss
TRACE::2026-06-09.11:55:08::SCWMssOS::DEBUG:  swdes dump  D:/vivado_pj/RTC_FND_AXI/workspace/rtc_fnd_axi_wrapper/microblaze_0/standalone_microblaze_0/bsp/system.mss|system||

TRACE::2026-06-09.11:55:08::SCWMssOS::Sw design exists and opened at  D:/vivado_pj/RTC_FND_AXI/workspace/rtc_fnd_axi_wrapper/microblaze_0/standalone_microblaze_0/bsp/system.mss
TRACE::2026-06-09.11:55:08::SCWMssOS::Completed writing the mss file at D:/vivado_pj/RTC_FND_AXI/workspace/rtc_fnd_axi_wrapper/microblaze_0/standalone_microblaze_0/bsp
TRACE::2026-06-09.11:55:08::SCWMssOS::Mss edits present, copying mssfile into export location D:/vivado_pj/RTC_FND_AXI/workspace/rtc_fnd_axi_wrapper/microblaze_0/standalone_microblaze_0/bsp/system.mss
TRACE::2026-06-09.11:55:08::SCWMssOS::bsp generated is stale removing and regenerating. 
TRACE::2026-06-09.11:55:09::SCWMssOS::doing bsp build ... 
TRACE::2026-06-09.11:55:09::SCWMssOS::System Command Ran  D: & cd  D:/vivado_pj/RTC_FND_AXI/workspace/rtc_fnd_axi_wrapper/microblaze_0/standalone_microblaze_0/bsp & make 
TRACE::2026-06-09.11:55:09::SCWMssOS::make --no-print-directory seq_libs

TRACE::2026-06-09.11:55:09::SCWMssOS::'Finished building libraries sequentially.'

TRACE::2026-06-09.11:55:09::SCWMssOS::make -j 18 --no-print-directory par_libs

TRACE::2026-06-09.11:55:09::SCWMssOS::"Running Make include in microblaze_0/libsrc/bram_v4_8/src"

TRACE::2026-06-09.11:55:09::SCWMssOS::make -C microblaze_0/libsrc/bram_v4_8/src -s include  "SHELL=CMD" "COMPILER=mb-gcc" "ASSEMBLER=mb-as" "ARCHIVER=mb-ar" "COMPILE
TRACE::2026-06-09.11:55:09::SCWMssOS::R_FLAGS=  -O2 -c -mcpu=v11.0 -mlittle-endian -mxl-soft-mul" "EXTRA_COMPILER_FLAGS=-g -ffunction-sections -fdata-sections -Wall 
TRACE::2026-06-09.11:55:09::SCWMssOS::-Wextra -fno-tree-loop-distribute-patterns"

TRACE::2026-06-09.11:55:09::SCWMssOS::"Running Make include in microblaze_0/libsrc/cpu_v2_17/src"

TRACE::2026-06-09.11:55:09::SCWMssOS::make -C microblaze_0/libsrc/cpu_v2_17/src -s include  "SHELL=CMD" "COMPILER=mb-gcc" "ASSEMBLER=mb-as" "ARCHIVER=mb-ar" "COMPILE
TRACE::2026-06-09.11:55:09::SCWMssOS::R_FLAGS=  -O2 -c -mcpu=v11.0 -mlittle-endian -mxl-soft-mul" "EXTRA_COMPILER_FLAGS=-g -ffunction-sections -fdata-sections -Wall 
TRACE::2026-06-09.11:55:09::SCWMssOS::-Wextra -fno-tree-loop-distribute-patterns"

TRACE::2026-06-09.11:55:09::SCWMssOS::"Running Make include in microblaze_0/libsrc/standalone_v8_1/src"

TRACE::2026-06-09.11:55:09::SCWMssOS::make -C microblaze_0/libsrc/standalone_v8_1/src -s include  "SHELL=CMD" "COMPILER=mb-gcc" "ASSEMBLER=mb-as" "ARCHIVER=mb-ar" "C
TRACE::2026-06-09.11:55:09::SCWMssOS::OMPILER_FLAGS=  -O2 -c -mcpu=v11.0 -mlittle-endian -mxl-soft-mul" "EXTRA_COMPILER_FLAGS=-g -ffunction-sections -fdata-sections 
TRACE::2026-06-09.11:55:09::SCWMssOS::-Wall -Wextra -fno-tree-loop-distribute-patterns"

TRACE::2026-06-09.11:55:09::SCWMssOS::"Running Make include in microblaze_0/libsrc/uartlite_v3_8/src"

TRACE::2026-06-09.11:55:09::SCWMssOS::make -C microblaze_0/libsrc/uartlite_v3_8/src -s include  "SHELL=CMD" "COMPILER=mb-gcc" "ASSEMBLER=mb-as" "ARCHIVER=mb-ar" "COM
TRACE::2026-06-09.11:55:09::SCWMssOS::PILER_FLAGS=  -O2 -c -mcpu=v11.0 -mlittle-endian -mxl-soft-mul" "EXTRA_COMPILER_FLAGS=-g -ffunction-sections -fdata-sections -W
TRACE::2026-06-09.11:55:09::SCWMssOS::all -Wextra -fno-tree-loop-distribute-patterns"

TRACE::2026-06-09.11:55:09::SCWMssOS::"Running Make libs in microblaze_0/libsrc/bram_v4_8/src"

TRACE::2026-06-09.11:55:09::SCWMssOS::make -C microblaze_0/libsrc/bram_v4_8/src -s libs  "SHELL=CMD" "COMPILER=mb-gcc" "ASSEMBLER=mb-as" "ARCHIVER=mb-ar" "COMPILER_F
TRACE::2026-06-09.11:55:09::SCWMssOS::LAGS=  -O2 -c -mcpu=v11.0 -mlittle-endian -mxl-soft-mul" "EXTRA_COMPILER_FLAGS=-g -ffunction-sections -fdata-sections -Wall -We
TRACE::2026-06-09.11:55:09::SCWMssOS::xtra -fno-tree-loop-distribute-patterns"

TRACE::2026-06-09.11:55:09::SCWMssOS::"Running Make libs in microblaze_0/libsrc/cpu_v2_17/src"

TRACE::2026-06-09.11:55:09::SCWMssOS::make -C microblaze_0/libsrc/cpu_v2_17/src -s libs  "SHELL=CMD" "COMPILER=mb-gcc" "ASSEMBLER=mb-as" "ARCHIVER=mb-ar" "COMPILER_F
TRACE::2026-06-09.11:55:09::SCWMssOS::LAGS=  -O2 -c -mcpu=v11.0 -mlittle-endian -mxl-soft-mul" "EXTRA_COMPILER_FLAGS=-g -ffunction-sections -fdata-sections -Wall -We
TRACE::2026-06-09.11:55:09::SCWMssOS::xtra -fno-tree-loop-distribute-patterns"

TRACE::2026-06-09.11:55:09::SCWMssOS::"Running Make libs in microblaze_0/libsrc/standalone_v8_1/src"

TRACE::2026-06-09.11:55:10::SCWMssOS::make -C microblaze_0/libsrc/standalone_v8_1/src -s libs  "SHELL=CMD" "COMPILER=mb-gcc" "ASSEMBLER=mb-as" "ARCHIVER=mb-ar" "COMP
TRACE::2026-06-09.11:55:10::SCWMssOS::ILER_FLAGS=  -O2 -c -mcpu=v11.0 -mlittle-endian -mxl-soft-mul" "EXTRA_COMPILER_FLAGS=-g -ffunction-sections -fdata-sections -Wa
TRACE::2026-06-09.11:55:10::SCWMssOS::ll -Wextra -fno-tree-loop-distribute-patterns"

TRACE::2026-06-09.11:55:10::SCWMssOS::"Running Make libs in microblaze_0/libsrc/uartlite_v3_8/src"

TRACE::2026-06-09.11:55:10::SCWMssOS::make -C microblaze_0/libsrc/uartlite_v3_8/src -s libs  "SHELL=CMD" "COMPILER=mb-gcc" "ASSEMBLER=mb-as" "ARCHIVER=mb-ar" "COMPIL
TRACE::2026-06-09.11:55:10::SCWMssOS::ER_FLAGS=  -O2 -c -mcpu=v11.0 -mlittle-endian -mxl-soft-mul" "EXTRA_COMPILER_FLAGS=-g -ffunction-sections -fdata-sections -Wall
TRACE::2026-06-09.11:55:10::SCWMssOS:: -Wextra -fno-tree-loop-distribute-patterns"

TRACE::2026-06-09.11:55:10::SCWMssOS::"DEBUG NON_LTO_OBJECTS is ../../../lib/microblaze_interrupt_handler.o"

TRACE::2026-06-09.11:55:10::SCWMssOS::'Finished building libraries parallelly.'

TRACE::2026-06-09.11:55:10::SCWMssOS::make --no-print-directory archive

TRACE::2026-06-09.11:55:10::SCWMssOS::mb-ar -r  microblaze_0/lib/libxil.a microblaze_0/lib/_exit.o microblaze_0/lib/errno.o microblaze_0/lib/fcntl.o microblaze_0/lib
TRACE::2026-06-09.11:55:10::SCWMssOS::/hw_exception_handler.o microblaze_0/lib/inbyte.o microblaze_0/lib/microblaze_disable_dcache.o microblaze_0/lib/microblaze_disa
TRACE::2026-06-09.11:55:10::SCWMssOS::ble_exceptions.o microblaze_0/lib/microblaze_disable_icache.o microblaze_0/lib/microblaze_disable_interrupts.o microblaze_0/lib
TRACE::2026-06-09.11:55:10::SCWMssOS::/microblaze_enable_dcache.o microblaze_0/lib/microblaze_enable_exceptions.o microblaze_0/lib/microblaze_enable_icache.o microbl
TRACE::2026-06-09.11:55:10::SCWMssOS::aze_0/lib/microblaze_enable_interrupts.o microblaze_0/lib/microblaze_exception_handler.o microblaze_0/lib/microblaze_flush_cach
TRACE::2026-06-09.11:55:10::SCWMssOS::e_ext.o microblaze_0/lib/microblaze_flush_cache_ext_range.o microblaze_0/lib/microblaze_flush_dcache.o microblaze_0/lib/microbl
TRACE::2026-06-09.11:55:10::SCWMssOS::aze_flush_dcache_range.o microblaze_0/lib/microblaze_init_dcache_range.o microblaze_0/lib/microblaze_init_icache_range.o microb
TRACE::2026-06-09.11:55:10::SCWMssOS::laze_0/lib/microblaze_interrupt_handler.o microblaze_0/lib/microblaze_interrupts_g.o microblaze_0/lib/microblaze_invalidate_cac
TRACE::2026-06-09.11:55:10::SCWMssOS::he_ext.o microblaze_0/lib/microblaze_invalidate_cache_ext_range.o microblaze_0/lib/microblaze_invalidate_dcache.o microblaze_0/
TRACE::2026-06-09.11:55:10::SCWMssOS::lib/microblaze_invalidate_dcache_range.o microblaze_0/lib/microblaze_invalidate_icache.o microblaze_0/lib/microblaze_invalidate
TRACE::2026-06-09.11:55:10::SCWMssOS::_icache_range.o microblaze_0/lib/microblaze_scrub.o microblaze_0/lib/microblaze_selftest.o microblaze_0/lib/microblaze_sleep.o 
TRACE::2026-06-09.11:55:10::SCWMssOS::microblaze_0/lib/microblaze_update_dcache.o microblaze_0/lib/microblaze_update_icache.o microblaze_0/lib/outbyte.o microblaze_0
TRACE::2026-06-09.11:55:10::SCWMssOS::/lib/print.o microblaze_0/lib/pvr.o microblaze_0/lib/xbram.o microblaze_0/lib/xbram_g.o microblaze_0/lib/xbram_intr.o microblaz
TRACE::2026-06-09.11:55:10::SCWMssOS::e_0/lib/xbram_selftest.o microblaze_0/lib/xbram_sinit.o microblaze_0/lib/xil_assert.o microblaze_0/lib/xil_cache.o microblaze_0
TRACE::2026-06-09.11:55:10::SCWMssOS::/lib/xil_clocking.o microblaze_0/lib/xil_exception.o microblaze_0/lib/xil_mem.o microblaze_0/lib/xil_misc_psreset_api.o microbl
TRACE::2026-06-09.11:55:10::SCWMssOS::aze_0/lib/xil_printf.o microblaze_0/lib/xil_sleepcommon.o microblaze_0/lib/xil_testcache.o microblaze_0/lib/xil_testio.o microb
TRACE::2026-06-09.11:55:10::SCWMssOS::laze_0/lib/xil_testmem.o microblaze_0/lib/xil_util.o microblaze_0/lib/xinterrupt_wrap.o microblaze_0/lib/xio.o microblaze_0/lib
TRACE::2026-06-09.11:55:10::SCWMssOS::/xplatform_info.o microblaze_0/lib/xuartlite.o microblaze_0/lib/xuartlite_g.o microblaze_0/lib/xuartlite_intr.o microblaze_0/li
TRACE::2026-06-09.11:55:10::SCWMssOS::b/xuartlite_l.o microblaze_0/lib/xuartlite_selftest.o microblaze_0/lib/xuartlite_sinit.o microblaze_0/lib/xuartlite_stats.o

TRACE::2026-06-09.11:55:10::SCWMssOS::'Finished building libraries'

TRACE::2026-06-09.11:55:10::SCWMssOS:: Checking if to create the Supporting Applications
TRACE::2026-06-09.11:55:10::SCWMssOS:: No Linux domain exists, trying to generate FSBL 
LOG::2026-06-09.11:55:10::SCWSystem::Completed Processing the domain standalone_microblaze_0
LOG::2026-06-09.11:55:10::SCWSystem::Completed Processing the sysconfig rtc_fnd_axi_wrapper
LOG::2026-06-09.11:55:10::SCWPlatform::Completed generating the artifacts for system configuration rtc_fnd_axi_wrapper
TRACE::2026-06-09.11:55:10::SCWPlatform::Started preparing the platform 
TRACE::2026-06-09.11:55:10::SCWSystem::Writing the bif file for system config rtc_fnd_axi_wrapper
TRACE::2026-06-09.11:55:10::SCWSystem::dir created 
TRACE::2026-06-09.11:55:10::SCWSystem::Writing the bif 
TRACE::2026-06-09.11:55:10::SCWPlatform::Started writing the spfm file 
TRACE::2026-06-09.11:55:10::SCWPlatform::Started writing the xpfm file 
TRACE::2026-06-09.11:55:10::SCWPlatform::Completed generating the platform
TRACE::2026-06-09.11:55:10::SCWMssOS::Saving the mss changes D:/vivado_pj/RTC_FND_AXI/workspace/rtc_fnd_axi_wrapper/microblaze_0/standalone_microblaze_0/bsp/system.mss
TRACE::2026-06-09.11:55:10::SCWMssOS::Adding the swdes entry, mss present, able to open swdb D:/vivado_pj/RTC_FND_AXI/workspace/rtc_fnd_axi_wrapper/microblaze_0/standalone_microblaze_0/bsp/system.mss with des name system
TRACE::2026-06-09.11:55:10::SCWMssOS::Writing the mss file completed D:/vivado_pj/RTC_FND_AXI/workspace/rtc_fnd_axi_wrapper/microblaze_0/standalone_microblaze_0/bsp/system.mss
TRACE::2026-06-09.11:55:10::SCWMssOS::Commit changes completed.
TRACE::2026-06-09.11:55:10::SCWPlatform::Trying to open the hw design at D:/vivado_pj/RTC_FND_AXI/workspace/rtc_fnd_axi_wrapper/hw/rtc_fnd_axi_wrapper3.xsa
TRACE::2026-06-09.11:55:10::SCWPlatform::DSA given D:/vivado_pj/RTC_FND_AXI/workspace/rtc_fnd_axi_wrapper/hw/rtc_fnd_axi_wrapper3.xsa
TRACE::2026-06-09.11:55:10::SCWPlatform::DSA absoulate path D:/vivado_pj/RTC_FND_AXI/workspace/rtc_fnd_axi_wrapper/hw/rtc_fnd_axi_wrapper3.xsa
TRACE::2026-06-09.11:55:10::SCWPlatform::DSA directory D:/vivado_pj/RTC_FND_AXI/workspace/rtc_fnd_axi_wrapper/hw
TRACE::2026-06-09.11:55:10::SCWPlatform:: Platform Path D:/vivado_pj/RTC_FND_AXI/workspace/rtc_fnd_axi_wrapper/hw/rtc_fnd_axi_wrapper3.xsa
TRACE::2026-06-09.11:55:10::SCWPlatform:: Unique name xilinx:basys3::0.0
TRACE::2026-06-09.11:55:10::SCWPlatform::Trying to set the existing hwdb with name rtc_fnd_axi_wrapper_8
TRACE::2026-06-09.11:55:10::SCWPlatform::Opened existing hwdb rtc_fnd_axi_wrapper_8
TRACE::2026-06-09.11:55:10::SCWPlatform::Found the Hw Db part of the input DSA
TRACE::2026-06-09.11:55:10::SCWMssOS::Checking the sw design at  D:/vivado_pj/RTC_FND_AXI/workspace/rtc_fnd_axi_wrapper/microblaze_0/standalone_microblaze_0/bsp/system.mss
TRACE::2026-06-09.11:55:10::SCWMssOS::DEBUG:  swdes dump  D:/vivado_pj/RTC_FND_AXI/workspace/rtc_fnd_axi_wrapper/microblaze_0/standalone_microblaze_0/bsp/system.mss|system||

TRACE::2026-06-09.11:55:10::SCWMssOS::Sw design exists and opened at  D:/vivado_pj/RTC_FND_AXI/workspace/rtc_fnd_axi_wrapper/microblaze_0/standalone_microblaze_0/bsp/system.mss
TRACE::2026-06-09.11:55:10::SCWWriter::formatted JSON is {
	"platformName":	"rtc_fnd_axi_wrapper",
	"sprVersion":	"2.0",
	"mode":	"gui",
	"dsaType":	"Fixed",
	"platformDesc":	"rtc_fnd_axi_wrapper",
	"platHandOff":	"D:/vivado_pj/RTC_FND_AXI/rtc_fnd_axi_wrapper3.xsa",
	"platIntHandOff":	"<platformDir>/hw/rtc_fnd_axi_wrapper3.xsa",
	"deviceType":	"FPGA",
	"platIsPrebuiltAutogen":	"false",
	"platIsNoBootBsp":	"false",
	"hasFsblMakeHasChanges":	"false",
	"hasPmufwMakeHasChanges":	"false",
	"platPreBuiltFlag":	false,
	"platformSamplesDir":	"",
	"platActiveSys":	"rtc_fnd_axi_wrapper",
	"systems":	[{
			"systemName":	"rtc_fnd_axi_wrapper",
			"systemDesc":	"rtc_fnd_axi_wrapper",
			"sysIsBootAutoGen":	"true",
			"systemDispName":	"rtc_fnd_axi_wrapper",
			"sysActiveDom":	"standalone_microblaze_0",
			"sysDefaultDom":	"standalone_microblaze_0",
			"domains":	[{
					"domainName":	"standalone_microblaze_0",
					"domainDispName":	"standalone_microblaze_0",
					"domainDesc":	"standalone_microblaze_0",
					"processors":	"microblaze_0",
					"os":	"standalone",
					"sdxOs":	"standalone",
					"debugEnable":	"False",
					"domRuntimes":	["cpp"],
					"swRepo":	"",
					"mssOsVer":	"8.1",
					"mssFile":	"",
					"md5Digest":	"3916ba371a6c5525b0331437d0164d92",
					"compatibleApp":	"",
					"domType":	"mssDomain",
					"arch":	"32-bit",
					"appSettings":	{
						"appCompilerFlags":	"",
						"appLinkerFlags":	""
					},
					"addedLibs":	[],
					"libOptions":	{
						"libsContainingOptions":	[]
					},
					"prebuiltLibs":	{
						"prebuiltIncPath":	[],
						"prebuiltLibPath":	[]
					},
					"isolation":	{
					}
				}]
		}]
}
KEYINFO::2026-06-09.11:55:10::SCWPlatform::updated the xpfm file.
TRACE::2026-06-09.11:55:11::SCWPlatform::Trying to open the hw design at D:/vivado_pj/RTC_FND_AXI/workspace/rtc_fnd_axi_wrapper/hw/rtc_fnd_axi_wrapper3.xsa
TRACE::2026-06-09.11:55:11::SCWPlatform::DSA given D:/vivado_pj/RTC_FND_AXI/workspace/rtc_fnd_axi_wrapper/hw/rtc_fnd_axi_wrapper3.xsa
TRACE::2026-06-09.11:55:11::SCWPlatform::DSA absoulate path D:/vivado_pj/RTC_FND_AXI/workspace/rtc_fnd_axi_wrapper/hw/rtc_fnd_axi_wrapper3.xsa
TRACE::2026-06-09.11:55:11::SCWPlatform::DSA directory D:/vivado_pj/RTC_FND_AXI/workspace/rtc_fnd_axi_wrapper/hw
TRACE::2026-06-09.11:55:11::SCWPlatform:: Platform Path D:/vivado_pj/RTC_FND_AXI/workspace/rtc_fnd_axi_wrapper/hw/rtc_fnd_axi_wrapper3.xsa
TRACE::2026-06-09.11:55:11::SCWPlatform:: Unique name xilinx:basys3::0.0
TRACE::2026-06-09.11:55:11::SCWPlatform::Trying to set the existing hwdb with name rtc_fnd_axi_wrapper_8
TRACE::2026-06-09.11:55:11::SCWPlatform::Opened existing hwdb rtc_fnd_axi_wrapper_8
TRACE::2026-06-09.11:55:11::SCWPlatform::Found the Hw Db part of the input DSA
TRACE::2026-06-09.11:55:11::SCWMssOS::Checking the sw design at  D:/vivado_pj/RTC_FND_AXI/workspace/rtc_fnd_axi_wrapper/microblaze_0/standalone_microblaze_0/bsp/system.mss
TRACE::2026-06-09.11:55:11::SCWMssOS::DEBUG:  swdes dump  D:/vivado_pj/RTC_FND_AXI/workspace/rtc_fnd_axi_wrapper/microblaze_0/standalone_microblaze_0/bsp/system.mss|system||

TRACE::2026-06-09.11:55:11::SCWMssOS::Sw design exists and opened at  D:/vivado_pj/RTC_FND_AXI/workspace/rtc_fnd_axi_wrapper/microblaze_0/standalone_microblaze_0/bsp/system.mss
TRACE::2026-06-09.12:06:28::SCWPlatform::Clearing the existing platform
TRACE::2026-06-09.12:06:28::SCWSystem::Clearing the existing sysconfig
TRACE::2026-06-09.12:06:28::SCWMssOS::Removing the swdes entry for  D:/vivado_pj/RTC_FND_AXI/workspace/rtc_fnd_axi_wrapper/microblaze_0/standalone_microblaze_0/bsp/system.mss
TRACE::2026-06-09.12:06:28::SCWSystem::Clearing the domains completed.
TRACE::2026-06-09.12:06:28::SCWPlatform::Clearing the opened hw db.
TRACE::2026-06-09.12:06:28::SCWPlatform::DSA given D:/vivado_pj/RTC_FND_AXI/workspace/rtc_fnd_axi_wrapper/hw/rtc_fnd_axi_wrapper3.xsa
TRACE::2026-06-09.12:06:28::SCWPlatform::DSA absoulate path D:/vivado_pj/RTC_FND_AXI/workspace/rtc_fnd_axi_wrapper/hw/rtc_fnd_axi_wrapper3.xsa
TRACE::2026-06-09.12:06:28::SCWPlatform:: Platform location is D:/vivado_pj/RTC_FND_AXI/workspace/rtc_fnd_axi_wrapper/hw
TRACE::2026-06-09.12:06:28::SCWPlatform:: Platform Path D:/vivado_pj/RTC_FND_AXI/workspace/rtc_fnd_axi_wrapper/hw/rtc_fnd_axi_wrapper3.xsa
TRACE::2026-06-09.12:06:28::SCWPlatform:: Unique name xilinx:basys3::0.0
TRACE::2026-06-09.12:06:28::SCWPlatform::Removing the HwDB with name D:/vivado_pj/RTC_FND_AXI/workspace/rtc_fnd_axi_wrapper/hw/rtc_fnd_axi_wrapper3.xsa
TRACE::2026-06-09.12:06:28::SCWPlatform::Trying to open the hw design at D:/vivado_pj/RTC_FND_AXI/workspace/rtc_fnd_axi_wrapper/hw/rtc_fnd_axi_wrapper3.xsa
TRACE::2026-06-09.12:06:28::SCWPlatform::DSA given D:/vivado_pj/RTC_FND_AXI/workspace/rtc_fnd_axi_wrapper/hw/rtc_fnd_axi_wrapper3.xsa
TRACE::2026-06-09.12:06:28::SCWPlatform::DSA absoulate path D:/vivado_pj/RTC_FND_AXI/workspace/rtc_fnd_axi_wrapper/hw/rtc_fnd_axi_wrapper3.xsa
TRACE::2026-06-09.12:06:28::SCWPlatform::DSA directory D:/vivado_pj/RTC_FND_AXI/workspace/rtc_fnd_axi_wrapper/hw
TRACE::2026-06-09.12:06:28::SCWPlatform:: Platform Path D:/vivado_pj/RTC_FND_AXI/workspace/rtc_fnd_axi_wrapper/hw/rtc_fnd_axi_wrapper3.xsa
TRACE::2026-06-09.12:06:28::SCWPlatform:: Unique name xilinx:basys3::0.0
TRACE::2026-06-09.12:06:28::SCWPlatform::Do not have an existing db opened. 
TRACE::2026-06-09.12:06:28::SCWPlatform::Opened new HwDB with name rtc_fnd_axi_wrapper_10
TRACE::2026-06-09.12:06:28::SCWReader::Active system found as  rtc_fnd_axi_wrapper
TRACE::2026-06-09.12:06:28::SCWReader::Handling sysconfig rtc_fnd_axi_wrapper
TRACE::2026-06-09.12:06:28::SCWDomain::checking for install qemu data   : 
TRACE::2026-06-09.12:06:28::SCWPlatform::Trying to open the hw design at D:/vivado_pj/RTC_FND_AXI/workspace/rtc_fnd_axi_wrapper/hw/rtc_fnd_axi_wrapper3.xsa
TRACE::2026-06-09.12:06:28::SCWPlatform::DSA given D:/vivado_pj/RTC_FND_AXI/workspace/rtc_fnd_axi_wrapper/hw/rtc_fnd_axi_wrapper3.xsa
TRACE::2026-06-09.12:06:28::SCWPlatform::DSA absoulate path D:/vivado_pj/RTC_FND_AXI/workspace/rtc_fnd_axi_wrapper/hw/rtc_fnd_axi_wrapper3.xsa
TRACE::2026-06-09.12:06:28::SCWPlatform::DSA directory D:/vivado_pj/RTC_FND_AXI/workspace/rtc_fnd_axi_wrapper/hw
TRACE::2026-06-09.12:06:28::SCWPlatform:: Platform Path D:/vivado_pj/RTC_FND_AXI/workspace/rtc_fnd_axi_wrapper/hw/rtc_fnd_axi_wrapper3.xsa
TRACE::2026-06-09.12:06:28::SCWPlatform:: Unique name xilinx:basys3::0.0
TRACE::2026-06-09.12:06:28::SCWPlatform::Trying to set the existing hwdb with name rtc_fnd_axi_wrapper_10
TRACE::2026-06-09.12:06:28::SCWPlatform::Opened existing hwdb rtc_fnd_axi_wrapper_10
TRACE::2026-06-09.12:06:28::SCWPlatform::Found the Hw Db part of the input DSA
TRACE::2026-06-09.12:06:28::SCWPlatform::Trying to open the hw design at D:/vivado_pj/RTC_FND_AXI/workspace/rtc_fnd_axi_wrapper/hw/rtc_fnd_axi_wrapper3.xsa
TRACE::2026-06-09.12:06:28::SCWPlatform::DSA given D:/vivado_pj/RTC_FND_AXI/workspace/rtc_fnd_axi_wrapper/hw/rtc_fnd_axi_wrapper3.xsa
TRACE::2026-06-09.12:06:28::SCWPlatform::DSA absoulate path D:/vivado_pj/RTC_FND_AXI/workspace/rtc_fnd_axi_wrapper/hw/rtc_fnd_axi_wrapper3.xsa
TRACE::2026-06-09.12:06:28::SCWPlatform::DSA directory D:/vivado_pj/RTC_FND_AXI/workspace/rtc_fnd_axi_wrapper/hw
TRACE::2026-06-09.12:06:28::SCWPlatform:: Platform Path D:/vivado_pj/RTC_FND_AXI/workspace/rtc_fnd_axi_wrapper/hw/rtc_fnd_axi_wrapper3.xsa
TRACE::2026-06-09.12:06:28::SCWPlatform:: Unique name xilinx:basys3::0.0
TRACE::2026-06-09.12:06:28::SCWPlatform::Trying to set the existing hwdb with name rtc_fnd_axi_wrapper_10
TRACE::2026-06-09.12:06:28::SCWPlatform::Opened existing hwdb rtc_fnd_axi_wrapper_10
TRACE::2026-06-09.12:06:28::SCWPlatform::Found the Hw Db part of the input DSA
TRACE::2026-06-09.12:06:28::SCWPlatform::Trying to open the hw design at D:/vivado_pj/RTC_FND_AXI/workspace/rtc_fnd_axi_wrapper/hw/rtc_fnd_axi_wrapper3.xsa
TRACE::2026-06-09.12:06:28::SCWPlatform::DSA given D:/vivado_pj/RTC_FND_AXI/workspace/rtc_fnd_axi_wrapper/hw/rtc_fnd_axi_wrapper3.xsa
TRACE::2026-06-09.12:06:28::SCWPlatform::DSA absoulate path D:/vivado_pj/RTC_FND_AXI/workspace/rtc_fnd_axi_wrapper/hw/rtc_fnd_axi_wrapper3.xsa
TRACE::2026-06-09.12:06:28::SCWPlatform::DSA directory D:/vivado_pj/RTC_FND_AXI/workspace/rtc_fnd_axi_wrapper/hw
TRACE::2026-06-09.12:06:28::SCWPlatform:: Platform Path D:/vivado_pj/RTC_FND_AXI/workspace/rtc_fnd_axi_wrapper/hw/rtc_fnd_axi_wrapper3.xsa
TRACE::2026-06-09.12:06:28::SCWPlatform:: Unique name xilinx:basys3::0.0
TRACE::2026-06-09.12:06:28::SCWPlatform::Trying to set the existing hwdb with name rtc_fnd_axi_wrapper_10
TRACE::2026-06-09.12:06:28::SCWPlatform::Opened existing hwdb rtc_fnd_axi_wrapper_10
TRACE::2026-06-09.12:06:28::SCWPlatform::Found the Hw Db part of the input DSA
TRACE::2026-06-09.12:06:28::SCWPlatform::Trying to open the hw design at D:/vivado_pj/RTC_FND_AXI/workspace/rtc_fnd_axi_wrapper/hw/rtc_fnd_axi_wrapper3.xsa
TRACE::2026-06-09.12:06:28::SCWPlatform::DSA given D:/vivado_pj/RTC_FND_AXI/workspace/rtc_fnd_axi_wrapper/hw/rtc_fnd_axi_wrapper3.xsa
TRACE::2026-06-09.12:06:28::SCWPlatform::DSA absoulate path D:/vivado_pj/RTC_FND_AXI/workspace/rtc_fnd_axi_wrapper/hw/rtc_fnd_axi_wrapper3.xsa
TRACE::2026-06-09.12:06:28::SCWPlatform::DSA directory D:/vivado_pj/RTC_FND_AXI/workspace/rtc_fnd_axi_wrapper/hw
TRACE::2026-06-09.12:06:28::SCWPlatform:: Platform Path D:/vivado_pj/RTC_FND_AXI/workspace/rtc_fnd_axi_wrapper/hw/rtc_fnd_axi_wrapper3.xsa
TRACE::2026-06-09.12:06:28::SCWPlatform:: Unique name xilinx:basys3::0.0
TRACE::2026-06-09.12:06:28::SCWPlatform::Trying to set the existing hwdb with name rtc_fnd_axi_wrapper_10
TRACE::2026-06-09.12:06:28::SCWPlatform::Opened existing hwdb rtc_fnd_axi_wrapper_10
TRACE::2026-06-09.12:06:28::SCWPlatform::Found the Hw Db part of the input DSA
TRACE::2026-06-09.12:06:28::SCWMssOS::Checking the sw design at  D:/vivado_pj/RTC_FND_AXI/workspace/rtc_fnd_axi_wrapper/microblaze_0/standalone_microblaze_0/bsp/system.mss
TRACE::2026-06-09.12:06:28::SCWMssOS::DEBUG:  swdes dump  
TRACE::2026-06-09.12:06:28::SCWMssOS::No sw design opened at  D:/vivado_pj/RTC_FND_AXI/workspace/rtc_fnd_axi_wrapper/microblaze_0/standalone_microblaze_0/bsp/system.mss
TRACE::2026-06-09.12:06:28::SCWMssOS::mss exists loading the mss file  D:/vivado_pj/RTC_FND_AXI/workspace/rtc_fnd_axi_wrapper/microblaze_0/standalone_microblaze_0/bsp/system.mss
TRACE::2026-06-09.12:06:28::SCWMssOS::Opened the sw design from mss  D:/vivado_pj/RTC_FND_AXI/workspace/rtc_fnd_axi_wrapper/microblaze_0/standalone_microblaze_0/bsp/system.mss
TRACE::2026-06-09.12:06:28::SCWMssOS::Adding the swdes entry D:/vivado_pj/RTC_FND_AXI/workspace/rtc_fnd_axi_wrapper/microblaze_0/standalone_microblaze_0/bsp/system.mss with des name system
TRACE::2026-06-09.12:06:28::SCWMssOS::updating the scw layer about changes
TRACE::2026-06-09.12:06:28::SCWMssOS::Opened the sw design.  D:/vivado_pj/RTC_FND_AXI/workspace/rtc_fnd_axi_wrapper/microblaze_0/standalone_microblaze_0/bsp/system.mss
TRACE::2026-06-09.12:06:28::SCWMssOS::Saving the mss changes D:/vivado_pj/RTC_FND_AXI/workspace/rtc_fnd_axi_wrapper/microblaze_0/standalone_microblaze_0/bsp/system.mss
TRACE::2026-06-09.12:06:28::SCWMssOS::Found a swdesign opened with the mssfile.
TRACE::2026-06-09.12:06:28::SCWMssOS::Completed writemss as part of save.
TRACE::2026-06-09.12:06:28::SCWMssOS::Commit changes completed.
TRACE::2026-06-09.12:06:28::SCWReader::Adding prebuilt librarypaths as   
TRACE::2026-06-09.12:06:28::SCWReader::Adding prebuilt incpaths  as   
TRACE::2026-06-09.12:06:28::SCWPlatform::Trying to open the hw design at D:/vivado_pj/RTC_FND_AXI/workspace/rtc_fnd_axi_wrapper/hw/rtc_fnd_axi_wrapper3.xsa
TRACE::2026-06-09.12:06:28::SCWPlatform::DSA given D:/vivado_pj/RTC_FND_AXI/workspace/rtc_fnd_axi_wrapper/hw/rtc_fnd_axi_wrapper3.xsa
TRACE::2026-06-09.12:06:28::SCWPlatform::DSA absoulate path D:/vivado_pj/RTC_FND_AXI/workspace/rtc_fnd_axi_wrapper/hw/rtc_fnd_axi_wrapper3.xsa
TRACE::2026-06-09.12:06:28::SCWPlatform::DSA directory D:/vivado_pj/RTC_FND_AXI/workspace/rtc_fnd_axi_wrapper/hw
TRACE::2026-06-09.12:06:28::SCWPlatform:: Platform Path D:/vivado_pj/RTC_FND_AXI/workspace/rtc_fnd_axi_wrapper/hw/rtc_fnd_axi_wrapper3.xsa
TRACE::2026-06-09.12:06:28::SCWPlatform:: Unique name xilinx:basys3::0.0
TRACE::2026-06-09.12:06:28::SCWPlatform::Trying to set the existing hwdb with name rtc_fnd_axi_wrapper_10
TRACE::2026-06-09.12:06:28::SCWPlatform::Opened existing hwdb rtc_fnd_axi_wrapper_10
TRACE::2026-06-09.12:06:28::SCWPlatform::Found the Hw Db part of the input DSA
TRACE::2026-06-09.12:06:28::SCWMssOS::Checking the sw design at  D:/vivado_pj/RTC_FND_AXI/workspace/rtc_fnd_axi_wrapper/microblaze_0/standalone_microblaze_0/bsp/system.mss
TRACE::2026-06-09.12:06:28::SCWMssOS::DEBUG:  swdes dump  D:/vivado_pj/RTC_FND_AXI/workspace/rtc_fnd_axi_wrapper/microblaze_0/standalone_microblaze_0/bsp/system.mss|system||

TRACE::2026-06-09.12:06:28::SCWMssOS::Sw design exists and opened at  D:/vivado_pj/RTC_FND_AXI/workspace/rtc_fnd_axi_wrapper/microblaze_0/standalone_microblaze_0/bsp/system.mss
TRACE::2026-06-09.12:06:28::SCWReader::No isolation master present  
TRACE::2026-06-09.12:06:46::SCWPlatform::Clearing the existing platform
TRACE::2026-06-09.12:06:46::SCWSystem::Clearing the existing sysconfig
TRACE::2026-06-09.12:06:46::SCWMssOS::Removing the swdes entry for  D:/vivado_pj/RTC_FND_AXI/workspace/rtc_fnd_axi_wrapper/microblaze_0/standalone_microblaze_0/bsp/system.mss
TRACE::2026-06-09.12:06:46::SCWSystem::Clearing the domains completed.
TRACE::2026-06-09.12:06:46::SCWPlatform::Clearing the opened hw db.
TRACE::2026-06-09.12:06:46::SCWPlatform::DSA given D:/vivado_pj/RTC_FND_AXI/workspace/rtc_fnd_axi_wrapper/hw/rtc_fnd_axi_wrapper3.xsa
TRACE::2026-06-09.12:06:46::SCWPlatform::DSA absoulate path D:/vivado_pj/RTC_FND_AXI/workspace/rtc_fnd_axi_wrapper/hw/rtc_fnd_axi_wrapper3.xsa
TRACE::2026-06-09.12:06:46::SCWPlatform:: Platform location is D:/vivado_pj/RTC_FND_AXI/workspace/rtc_fnd_axi_wrapper/hw
TRACE::2026-06-09.12:06:46::SCWPlatform:: Platform Path D:/vivado_pj/RTC_FND_AXI/workspace/rtc_fnd_axi_wrapper/hw/rtc_fnd_axi_wrapper3.xsa
TRACE::2026-06-09.12:06:46::SCWPlatform:: Unique name xilinx:basys3::0.0
TRACE::2026-06-09.12:06:46::SCWPlatform::Removing the HwDB with name D:/vivado_pj/RTC_FND_AXI/workspace/rtc_fnd_axi_wrapper/hw/rtc_fnd_axi_wrapper3.xsa
TRACE::2026-06-09.12:06:46::SCWPlatform::Trying to open the hw design at D:/vivado_pj/RTC_FND_AXI/workspace/rtc_fnd_axi_wrapper/hw/rtc_fnd_axi_wrapper3.xsa
TRACE::2026-06-09.12:06:46::SCWPlatform::DSA given D:/vivado_pj/RTC_FND_AXI/workspace/rtc_fnd_axi_wrapper/hw/rtc_fnd_axi_wrapper3.xsa
TRACE::2026-06-09.12:06:46::SCWPlatform::DSA absoulate path D:/vivado_pj/RTC_FND_AXI/workspace/rtc_fnd_axi_wrapper/hw/rtc_fnd_axi_wrapper3.xsa
TRACE::2026-06-09.12:06:46::SCWPlatform::DSA directory D:/vivado_pj/RTC_FND_AXI/workspace/rtc_fnd_axi_wrapper/hw
TRACE::2026-06-09.12:06:46::SCWPlatform:: Platform Path D:/vivado_pj/RTC_FND_AXI/workspace/rtc_fnd_axi_wrapper/hw/rtc_fnd_axi_wrapper3.xsa
TRACE::2026-06-09.12:06:46::SCWPlatform:: Unique name xilinx:basys3::0.0
TRACE::2026-06-09.12:06:46::SCWPlatform::Do not have an existing db opened. 
TRACE::2026-06-09.12:06:46::SCWPlatform::Opened new HwDB with name rtc_fnd_axi_wrapper_11
TRACE::2026-06-09.12:06:46::SCWReader::Active system found as  rtc_fnd_axi_wrapper
TRACE::2026-06-09.12:06:46::SCWReader::Handling sysconfig rtc_fnd_axi_wrapper
TRACE::2026-06-09.12:06:46::SCWDomain::checking for install qemu data   : 
TRACE::2026-06-09.12:06:46::SCWPlatform::Trying to open the hw design at D:/vivado_pj/RTC_FND_AXI/workspace/rtc_fnd_axi_wrapper/hw/rtc_fnd_axi_wrapper3.xsa
TRACE::2026-06-09.12:06:46::SCWPlatform::DSA given D:/vivado_pj/RTC_FND_AXI/workspace/rtc_fnd_axi_wrapper/hw/rtc_fnd_axi_wrapper3.xsa
TRACE::2026-06-09.12:06:46::SCWPlatform::DSA absoulate path D:/vivado_pj/RTC_FND_AXI/workspace/rtc_fnd_axi_wrapper/hw/rtc_fnd_axi_wrapper3.xsa
TRACE::2026-06-09.12:06:46::SCWPlatform::DSA directory D:/vivado_pj/RTC_FND_AXI/workspace/rtc_fnd_axi_wrapper/hw
TRACE::2026-06-09.12:06:46::SCWPlatform:: Platform Path D:/vivado_pj/RTC_FND_AXI/workspace/rtc_fnd_axi_wrapper/hw/rtc_fnd_axi_wrapper3.xsa
TRACE::2026-06-09.12:06:46::SCWPlatform:: Unique name xilinx:basys3::0.0
TRACE::2026-06-09.12:06:46::SCWPlatform::Trying to set the existing hwdb with name rtc_fnd_axi_wrapper_11
TRACE::2026-06-09.12:06:46::SCWPlatform::Opened existing hwdb rtc_fnd_axi_wrapper_11
TRACE::2026-06-09.12:06:46::SCWPlatform::Found the Hw Db part of the input DSA
TRACE::2026-06-09.12:06:46::SCWPlatform::Trying to open the hw design at D:/vivado_pj/RTC_FND_AXI/workspace/rtc_fnd_axi_wrapper/hw/rtc_fnd_axi_wrapper3.xsa
TRACE::2026-06-09.12:06:46::SCWPlatform::DSA given D:/vivado_pj/RTC_FND_AXI/workspace/rtc_fnd_axi_wrapper/hw/rtc_fnd_axi_wrapper3.xsa
TRACE::2026-06-09.12:06:46::SCWPlatform::DSA absoulate path D:/vivado_pj/RTC_FND_AXI/workspace/rtc_fnd_axi_wrapper/hw/rtc_fnd_axi_wrapper3.xsa
TRACE::2026-06-09.12:06:46::SCWPlatform::DSA directory D:/vivado_pj/RTC_FND_AXI/workspace/rtc_fnd_axi_wrapper/hw
TRACE::2026-06-09.12:06:46::SCWPlatform:: Platform Path D:/vivado_pj/RTC_FND_AXI/workspace/rtc_fnd_axi_wrapper/hw/rtc_fnd_axi_wrapper3.xsa
TRACE::2026-06-09.12:06:46::SCWPlatform:: Unique name xilinx:basys3::0.0
TRACE::2026-06-09.12:06:46::SCWPlatform::Trying to set the existing hwdb with name rtc_fnd_axi_wrapper_11
TRACE::2026-06-09.12:06:46::SCWPlatform::Opened existing hwdb rtc_fnd_axi_wrapper_11
TRACE::2026-06-09.12:06:46::SCWPlatform::Found the Hw Db part of the input DSA
TRACE::2026-06-09.12:06:46::SCWPlatform::Trying to open the hw design at D:/vivado_pj/RTC_FND_AXI/workspace/rtc_fnd_axi_wrapper/hw/rtc_fnd_axi_wrapper3.xsa
TRACE::2026-06-09.12:06:46::SCWPlatform::DSA given D:/vivado_pj/RTC_FND_AXI/workspace/rtc_fnd_axi_wrapper/hw/rtc_fnd_axi_wrapper3.xsa
TRACE::2026-06-09.12:06:46::SCWPlatform::DSA absoulate path D:/vivado_pj/RTC_FND_AXI/workspace/rtc_fnd_axi_wrapper/hw/rtc_fnd_axi_wrapper3.xsa
TRACE::2026-06-09.12:06:46::SCWPlatform::DSA directory D:/vivado_pj/RTC_FND_AXI/workspace/rtc_fnd_axi_wrapper/hw
TRACE::2026-06-09.12:06:46::SCWPlatform:: Platform Path D:/vivado_pj/RTC_FND_AXI/workspace/rtc_fnd_axi_wrapper/hw/rtc_fnd_axi_wrapper3.xsa
TRACE::2026-06-09.12:06:46::SCWPlatform:: Unique name xilinx:basys3::0.0
TRACE::2026-06-09.12:06:46::SCWPlatform::Trying to set the existing hwdb with name rtc_fnd_axi_wrapper_11
TRACE::2026-06-09.12:06:46::SCWPlatform::Opened existing hwdb rtc_fnd_axi_wrapper_11
TRACE::2026-06-09.12:06:46::SCWPlatform::Found the Hw Db part of the input DSA
TRACE::2026-06-09.12:06:46::SCWPlatform::Trying to open the hw design at D:/vivado_pj/RTC_FND_AXI/workspace/rtc_fnd_axi_wrapper/hw/rtc_fnd_axi_wrapper3.xsa
TRACE::2026-06-09.12:06:46::SCWPlatform::DSA given D:/vivado_pj/RTC_FND_AXI/workspace/rtc_fnd_axi_wrapper/hw/rtc_fnd_axi_wrapper3.xsa
TRACE::2026-06-09.12:06:46::SCWPlatform::DSA absoulate path D:/vivado_pj/RTC_FND_AXI/workspace/rtc_fnd_axi_wrapper/hw/rtc_fnd_axi_wrapper3.xsa
TRACE::2026-06-09.12:06:46::SCWPlatform::DSA directory D:/vivado_pj/RTC_FND_AXI/workspace/rtc_fnd_axi_wrapper/hw
TRACE::2026-06-09.12:06:46::SCWPlatform:: Platform Path D:/vivado_pj/RTC_FND_AXI/workspace/rtc_fnd_axi_wrapper/hw/rtc_fnd_axi_wrapper3.xsa
TRACE::2026-06-09.12:06:46::SCWPlatform:: Unique name xilinx:basys3::0.0
TRACE::2026-06-09.12:06:46::SCWPlatform::Trying to set the existing hwdb with name rtc_fnd_axi_wrapper_11
TRACE::2026-06-09.12:06:46::SCWPlatform::Opened existing hwdb rtc_fnd_axi_wrapper_11
TRACE::2026-06-09.12:06:46::SCWPlatform::Found the Hw Db part of the input DSA
TRACE::2026-06-09.12:06:46::SCWMssOS::Checking the sw design at  D:/vivado_pj/RTC_FND_AXI/workspace/rtc_fnd_axi_wrapper/microblaze_0/standalone_microblaze_0/bsp/system.mss
TRACE::2026-06-09.12:06:46::SCWMssOS::DEBUG:  swdes dump  
TRACE::2026-06-09.12:06:46::SCWMssOS::No sw design opened at  D:/vivado_pj/RTC_FND_AXI/workspace/rtc_fnd_axi_wrapper/microblaze_0/standalone_microblaze_0/bsp/system.mss
TRACE::2026-06-09.12:06:46::SCWMssOS::mss exists loading the mss file  D:/vivado_pj/RTC_FND_AXI/workspace/rtc_fnd_axi_wrapper/microblaze_0/standalone_microblaze_0/bsp/system.mss
TRACE::2026-06-09.12:06:46::SCWMssOS::Opened the sw design from mss  D:/vivado_pj/RTC_FND_AXI/workspace/rtc_fnd_axi_wrapper/microblaze_0/standalone_microblaze_0/bsp/system.mss
TRACE::2026-06-09.12:06:46::SCWMssOS::Adding the swdes entry D:/vivado_pj/RTC_FND_AXI/workspace/rtc_fnd_axi_wrapper/microblaze_0/standalone_microblaze_0/bsp/system.mss with des name system
TRACE::2026-06-09.12:06:46::SCWMssOS::updating the scw layer about changes
TRACE::2026-06-09.12:06:46::SCWMssOS::Opened the sw design.  D:/vivado_pj/RTC_FND_AXI/workspace/rtc_fnd_axi_wrapper/microblaze_0/standalone_microblaze_0/bsp/system.mss
TRACE::2026-06-09.12:06:46::SCWMssOS::Saving the mss changes D:/vivado_pj/RTC_FND_AXI/workspace/rtc_fnd_axi_wrapper/microblaze_0/standalone_microblaze_0/bsp/system.mss
TRACE::2026-06-09.12:06:46::SCWMssOS::Found a swdesign opened with the mssfile.
TRACE::2026-06-09.12:06:46::SCWMssOS::Completed writemss as part of save.
TRACE::2026-06-09.12:06:46::SCWMssOS::Commit changes completed.
TRACE::2026-06-09.12:06:46::SCWReader::Adding prebuilt librarypaths as   
TRACE::2026-06-09.12:06:46::SCWReader::Adding prebuilt incpaths  as   
TRACE::2026-06-09.12:06:46::SCWPlatform::Trying to open the hw design at D:/vivado_pj/RTC_FND_AXI/workspace/rtc_fnd_axi_wrapper/hw/rtc_fnd_axi_wrapper3.xsa
TRACE::2026-06-09.12:06:46::SCWPlatform::DSA given D:/vivado_pj/RTC_FND_AXI/workspace/rtc_fnd_axi_wrapper/hw/rtc_fnd_axi_wrapper3.xsa
TRACE::2026-06-09.12:06:46::SCWPlatform::DSA absoulate path D:/vivado_pj/RTC_FND_AXI/workspace/rtc_fnd_axi_wrapper/hw/rtc_fnd_axi_wrapper3.xsa
TRACE::2026-06-09.12:06:46::SCWPlatform::DSA directory D:/vivado_pj/RTC_FND_AXI/workspace/rtc_fnd_axi_wrapper/hw
TRACE::2026-06-09.12:06:46::SCWPlatform:: Platform Path D:/vivado_pj/RTC_FND_AXI/workspace/rtc_fnd_axi_wrapper/hw/rtc_fnd_axi_wrapper3.xsa
TRACE::2026-06-09.12:06:46::SCWPlatform:: Unique name xilinx:basys3::0.0
TRACE::2026-06-09.12:06:46::SCWPlatform::Trying to set the existing hwdb with name rtc_fnd_axi_wrapper_11
TRACE::2026-06-09.12:06:46::SCWPlatform::Opened existing hwdb rtc_fnd_axi_wrapper_11
TRACE::2026-06-09.12:06:46::SCWPlatform::Found the Hw Db part of the input DSA
TRACE::2026-06-09.12:06:46::SCWMssOS::Checking the sw design at  D:/vivado_pj/RTC_FND_AXI/workspace/rtc_fnd_axi_wrapper/microblaze_0/standalone_microblaze_0/bsp/system.mss
TRACE::2026-06-09.12:06:46::SCWMssOS::DEBUG:  swdes dump  D:/vivado_pj/RTC_FND_AXI/workspace/rtc_fnd_axi_wrapper/microblaze_0/standalone_microblaze_0/bsp/system.mss|system||

TRACE::2026-06-09.12:06:46::SCWMssOS::Sw design exists and opened at  D:/vivado_pj/RTC_FND_AXI/workspace/rtc_fnd_axi_wrapper/microblaze_0/standalone_microblaze_0/bsp/system.mss
TRACE::2026-06-09.12:06:46::SCWReader::No isolation master present  
TRACE::2026-06-09.12:06:51::SCWPlatform::DSA given D:/vivado_pj/RTC_FND_AXI/workspace/rtc_fnd_axi_wrapper/tempdsa/rtc_fnd_axi_wrapper4.xsa
TRACE::2026-06-09.12:06:51::SCWPlatform::DSA absoulate path D:/vivado_pj/RTC_FND_AXI/workspace/rtc_fnd_axi_wrapper/tempdsa/rtc_fnd_axi_wrapper4.xsa
TRACE::2026-06-09.12:06:51::SCWPlatform:: Platform location is D:/vivado_pj/RTC_FND_AXI/workspace/rtc_fnd_axi_wrapper/tempdsa
TRACE::2026-06-09.12:06:51::SCWPlatform:: Platform Path D:/vivado_pj/RTC_FND_AXI/workspace/rtc_fnd_axi_wrapper/tempdsa/rtc_fnd_axi_wrapper4.xsa
TRACE::2026-06-09.12:06:51::SCWPlatform:: Unique name xilinx:basys3::0.0
TRACE::2026-06-09.12:06:51::SCWPlatform::Found the Hw Db part of the input DSA
TRACE::2026-06-09.12:06:51::SCWMssOS::Doing hw sync for the mss in domain: standalone_microblaze_0
TRACE::2026-06-09.12:06:51::SCWPlatform::Trying to open the hw design at D:/vivado_pj/RTC_FND_AXI/workspace/rtc_fnd_axi_wrapper/hw/rtc_fnd_axi_wrapper3.xsa
TRACE::2026-06-09.12:06:51::SCWPlatform::DSA given D:/vivado_pj/RTC_FND_AXI/workspace/rtc_fnd_axi_wrapper/hw/rtc_fnd_axi_wrapper3.xsa
TRACE::2026-06-09.12:06:51::SCWPlatform::DSA absoulate path D:/vivado_pj/RTC_FND_AXI/workspace/rtc_fnd_axi_wrapper/hw/rtc_fnd_axi_wrapper3.xsa
TRACE::2026-06-09.12:06:51::SCWPlatform::DSA directory D:/vivado_pj/RTC_FND_AXI/workspace/rtc_fnd_axi_wrapper/hw
TRACE::2026-06-09.12:06:51::SCWPlatform:: Platform Path D:/vivado_pj/RTC_FND_AXI/workspace/rtc_fnd_axi_wrapper/hw/rtc_fnd_axi_wrapper3.xsa
TRACE::2026-06-09.12:06:51::SCWPlatform:: Unique name xilinx:basys3::0.0
TRACE::2026-06-09.12:06:51::SCWPlatform::Trying to set the existing hwdb with name rtc_fnd_axi_wrapper_11
TRACE::2026-06-09.12:06:51::SCWPlatform::Opened existing hwdb rtc_fnd_axi_wrapper_11
TRACE::2026-06-09.12:06:51::SCWPlatform::Found the Hw Db part of the input DSA
TRACE::2026-06-09.12:06:51::SCWPlatform::Trying to open the hw design at D:/vivado_pj/RTC_FND_AXI/workspace/rtc_fnd_axi_wrapper/hw/rtc_fnd_axi_wrapper3.xsa
TRACE::2026-06-09.12:06:51::SCWPlatform::DSA given D:/vivado_pj/RTC_FND_AXI/workspace/rtc_fnd_axi_wrapper/hw/rtc_fnd_axi_wrapper3.xsa
TRACE::2026-06-09.12:06:51::SCWPlatform::DSA absoulate path D:/vivado_pj/RTC_FND_AXI/workspace/rtc_fnd_axi_wrapper/hw/rtc_fnd_axi_wrapper3.xsa
TRACE::2026-06-09.12:06:51::SCWPlatform::DSA directory D:/vivado_pj/RTC_FND_AXI/workspace/rtc_fnd_axi_wrapper/hw
TRACE::2026-06-09.12:06:51::SCWPlatform:: Platform Path D:/vivado_pj/RTC_FND_AXI/workspace/rtc_fnd_axi_wrapper/hw/rtc_fnd_axi_wrapper3.xsa
TRACE::2026-06-09.12:06:51::SCWPlatform:: Unique name xilinx:basys3::0.0
TRACE::2026-06-09.12:06:51::SCWPlatform::Trying to set the existing hwdb with name rtc_fnd_axi_wrapper_11
TRACE::2026-06-09.12:06:51::SCWPlatform::Opened existing hwdb rtc_fnd_axi_wrapper_11
TRACE::2026-06-09.12:06:51::SCWPlatform::Found the Hw Db part of the input DSA
TRACE::2026-06-09.12:06:51::SCWMssOS::Checking the sw design at  D:/vivado_pj/RTC_FND_AXI/workspace/rtc_fnd_axi_wrapper/microblaze_0/standalone_microblaze_0/bsp/system.mss
TRACE::2026-06-09.12:06:51::SCWMssOS::DEBUG:  swdes dump  D:/vivado_pj/RTC_FND_AXI/workspace/rtc_fnd_axi_wrapper/microblaze_0/standalone_microblaze_0/bsp/system.mss|system||

TRACE::2026-06-09.12:06:51::SCWMssOS::Sw design exists and opened at  D:/vivado_pj/RTC_FND_AXI/workspace/rtc_fnd_axi_wrapper/microblaze_0/standalone_microblaze_0/bsp/system.mss
TRACE::2026-06-09.12:06:51::SCWPlatform::Trying to open the hw design at D:/vivado_pj/RTC_FND_AXI/workspace/rtc_fnd_axi_wrapper/tempdsa/rtc_fnd_axi_wrapper4.xsa
TRACE::2026-06-09.12:06:51::SCWPlatform::DSA given D:/vivado_pj/RTC_FND_AXI/workspace/rtc_fnd_axi_wrapper/tempdsa/rtc_fnd_axi_wrapper4.xsa
TRACE::2026-06-09.12:06:51::SCWPlatform::DSA absoulate path D:/vivado_pj/RTC_FND_AXI/workspace/rtc_fnd_axi_wrapper/tempdsa/rtc_fnd_axi_wrapper4.xsa
TRACE::2026-06-09.12:06:51::SCWPlatform::DSA directory D:/vivado_pj/RTC_FND_AXI/workspace/rtc_fnd_axi_wrapper/tempdsa
TRACE::2026-06-09.12:06:51::SCWPlatform:: Platform Path D:/vivado_pj/RTC_FND_AXI/workspace/rtc_fnd_axi_wrapper/tempdsa/rtc_fnd_axi_wrapper4.xsa
TRACE::2026-06-09.12:06:51::SCWPlatform:: Unique name xilinx:basys3::0.0
TRACE::2026-06-09.12:06:51::SCWPlatform::update - Opened existing hwdb rtc_fnd_axi_wrapper_12
TRACE::2026-06-09.12:06:51::SCWPlatform::Found the Hw Db part of the input DSA
TRACE::2026-06-09.12:06:51::SCWMssOS::Saving the mss changes D:/vivado_pj/RTC_FND_AXI/workspace/rtc_fnd_axi_wrapper/microblaze_0/standalone_microblaze_0/bsp/system.mss
TRACE::2026-06-09.12:06:51::SCWMssOS::Found a swdesign opened with the mssfile.
TRACE::2026-06-09.12:06:51::SCWMssOS::Completed writemss as part of save.
TRACE::2026-06-09.12:06:51::SCWMssOS::Commit changes completed.
TRACE::2026-06-09.12:06:51::SCWMssOS::Completed hw sync for the mss in domain: standalone_microblaze_0
TRACE::2026-06-09.12:06:51::SCWMssOS::Removing the swdes entry for  D:/vivado_pj/RTC_FND_AXI/workspace/rtc_fnd_axi_wrapper/microblaze_0/standalone_microblaze_0/bsp/system.mss
TRACE::2026-06-09.12:06:51::SCWPlatform::Trying to open the hw design at D:/vivado_pj/RTC_FND_AXI/workspace/rtc_fnd_axi_wrapper/hw/rtc_fnd_axi_wrapper4.xsa
TRACE::2026-06-09.12:06:51::SCWPlatform::DSA given D:/vivado_pj/RTC_FND_AXI/workspace/rtc_fnd_axi_wrapper/hw/rtc_fnd_axi_wrapper4.xsa
TRACE::2026-06-09.12:06:51::SCWPlatform::DSA absoulate path D:/vivado_pj/RTC_FND_AXI/workspace/rtc_fnd_axi_wrapper/hw/rtc_fnd_axi_wrapper4.xsa
TRACE::2026-06-09.12:06:51::SCWPlatform::DSA directory D:/vivado_pj/RTC_FND_AXI/workspace/rtc_fnd_axi_wrapper/hw
TRACE::2026-06-09.12:06:51::SCWPlatform:: Platform Path D:/vivado_pj/RTC_FND_AXI/workspace/rtc_fnd_axi_wrapper/hw/rtc_fnd_axi_wrapper4.xsa
TRACE::2026-06-09.12:06:51::SCWPlatform:: Unique name xilinx:basys3::0.0
TRACE::2026-06-09.12:06:51::SCWPlatform::Do not have an existing db opened. 
TRACE::2026-06-09.12:06:51::SCWPlatform::Opened new HwDB with name rtc_fnd_axi_wrapper_13
TRACE::2026-06-09.12:06:51::SCWMssOS::Saving the mss changes D:/vivado_pj/RTC_FND_AXI/workspace/rtc_fnd_axi_wrapper/microblaze_0/standalone_microblaze_0/bsp/system.mss
TRACE::2026-06-09.12:06:51::SCWMssOS::Adding the swdes entry, mss present, able to open swdb D:/vivado_pj/RTC_FND_AXI/workspace/rtc_fnd_axi_wrapper/microblaze_0/standalone_microblaze_0/bsp/system.mss with des name system
TRACE::2026-06-09.12:06:51::SCWMssOS::Writing the mss file completed D:/vivado_pj/RTC_FND_AXI/workspace/rtc_fnd_axi_wrapper/microblaze_0/standalone_microblaze_0/bsp/system.mss
TRACE::2026-06-09.12:06:51::SCWMssOS::Commit changes completed.
TRACE::2026-06-09.12:06:51::SCWPlatform::Trying to open the hw design at D:/vivado_pj/RTC_FND_AXI/workspace/rtc_fnd_axi_wrapper/hw/rtc_fnd_axi_wrapper4.xsa
TRACE::2026-06-09.12:06:51::SCWPlatform::DSA given D:/vivado_pj/RTC_FND_AXI/workspace/rtc_fnd_axi_wrapper/hw/rtc_fnd_axi_wrapper4.xsa
TRACE::2026-06-09.12:06:51::SCWPlatform::DSA absoulate path D:/vivado_pj/RTC_FND_AXI/workspace/rtc_fnd_axi_wrapper/hw/rtc_fnd_axi_wrapper4.xsa
TRACE::2026-06-09.12:06:51::SCWPlatform::DSA directory D:/vivado_pj/RTC_FND_AXI/workspace/rtc_fnd_axi_wrapper/hw
TRACE::2026-06-09.12:06:51::SCWPlatform:: Platform Path D:/vivado_pj/RTC_FND_AXI/workspace/rtc_fnd_axi_wrapper/hw/rtc_fnd_axi_wrapper4.xsa
TRACE::2026-06-09.12:06:51::SCWPlatform:: Unique name xilinx:basys3::0.0
TRACE::2026-06-09.12:06:51::SCWPlatform::Trying to set the existing hwdb with name rtc_fnd_axi_wrapper_13
TRACE::2026-06-09.12:06:51::SCWPlatform::Opened existing hwdb rtc_fnd_axi_wrapper_13
TRACE::2026-06-09.12:06:51::SCWPlatform::Found the Hw Db part of the input DSA
TRACE::2026-06-09.12:06:51::SCWMssOS::Checking the sw design at  D:/vivado_pj/RTC_FND_AXI/workspace/rtc_fnd_axi_wrapper/microblaze_0/standalone_microblaze_0/bsp/system.mss
TRACE::2026-06-09.12:06:51::SCWMssOS::DEBUG:  swdes dump  D:/vivado_pj/RTC_FND_AXI/workspace/rtc_fnd_axi_wrapper/microblaze_0/standalone_microblaze_0/bsp/system.mss|system||

TRACE::2026-06-09.12:06:51::SCWMssOS::Sw design exists and opened at  D:/vivado_pj/RTC_FND_AXI/workspace/rtc_fnd_axi_wrapper/microblaze_0/standalone_microblaze_0/bsp/system.mss
TRACE::2026-06-09.12:06:51::SCWWriter::formatted JSON is {
	"platformName":	"rtc_fnd_axi_wrapper",
	"sprVersion":	"2.0",
	"mode":	"gui",
	"dsaType":	"Fixed",
	"platformDesc":	"rtc_fnd_axi_wrapper",
	"platHandOff":	"D:/vivado_pj/RTC_FND_AXI/rtc_fnd_axi_wrapper4.xsa",
	"platIntHandOff":	"<platformDir>/hw/rtc_fnd_axi_wrapper4.xsa",
	"deviceType":	"FPGA",
	"platIsPrebuiltAutogen":	"false",
	"platIsNoBootBsp":	"false",
	"hasFsblMakeHasChanges":	"false",
	"hasPmufwMakeHasChanges":	"false",
	"platPreBuiltFlag":	false,
	"platformSamplesDir":	"",
	"platActiveSys":	"rtc_fnd_axi_wrapper",
	"systems":	[{
			"systemName":	"rtc_fnd_axi_wrapper",
			"systemDesc":	"rtc_fnd_axi_wrapper",
			"sysIsBootAutoGen":	"true",
			"systemDispName":	"rtc_fnd_axi_wrapper",
			"sysActiveDom":	"standalone_microblaze_0",
			"sysDefaultDom":	"standalone_microblaze_0",
			"domains":	[{
					"domainName":	"standalone_microblaze_0",
					"domainDispName":	"standalone_microblaze_0",
					"domainDesc":	"standalone_microblaze_0",
					"processors":	"microblaze_0",
					"os":	"standalone",
					"sdxOs":	"standalone",
					"debugEnable":	"False",
					"domRuntimes":	["cpp"],
					"swRepo":	"",
					"mssOsVer":	"8.1",
					"mssFile":	"",
					"md5Digest":	"3916ba371a6c5525b0331437d0164d921",
					"compatibleApp":	"",
					"domType":	"mssDomain",
					"arch":	"32-bit",
					"appSettings":	{
						"appCompilerFlags":	"",
						"appLinkerFlags":	""
					},
					"addedLibs":	[],
					"libOptions":	{
						"libsContainingOptions":	[]
					},
					"prebuiltLibs":	{
						"prebuiltIncPath":	[],
						"prebuiltLibPath":	[]
					},
					"isolation":	{
					}
				}]
		}]
}
LOG::2026-06-09.12:06:57::SCWPlatform::Started generating the artifacts platform rtc_fnd_axi_wrapper
TRACE::2026-06-09.12:06:57::SCWPlatform::Sanity checking of platform is completed
LOG::2026-06-09.12:06:57::SCWPlatform::Started generating the artifacts for system configuration rtc_fnd_axi_wrapper
LOG::2026-06-09.12:06:57::SCWSystem::Checking the domain standalone_microblaze_0
LOG::2026-06-09.12:06:57::SCWSystem::Not a boot domain 
LOG::2026-06-09.12:06:57::SCWSystem::Started Processing the domain standalone_microblaze_0
TRACE::2026-06-09.12:06:57::SCWDomain::Generating domain artifcats
TRACE::2026-06-09.12:06:57::SCWMssOS::Generating standalone artifcats
TRACE::2026-06-09.12:06:57::SCWMssOS:: Copying the user libraries. 
TRACE::2026-06-09.12:06:57::SCWPlatform::Trying to open the hw design at D:/vivado_pj/RTC_FND_AXI/workspace/rtc_fnd_axi_wrapper/hw/rtc_fnd_axi_wrapper4.xsa
TRACE::2026-06-09.12:06:57::SCWPlatform::DSA given D:/vivado_pj/RTC_FND_AXI/workspace/rtc_fnd_axi_wrapper/hw/rtc_fnd_axi_wrapper4.xsa
TRACE::2026-06-09.12:06:57::SCWPlatform::DSA absoulate path D:/vivado_pj/RTC_FND_AXI/workspace/rtc_fnd_axi_wrapper/hw/rtc_fnd_axi_wrapper4.xsa
TRACE::2026-06-09.12:06:57::SCWPlatform::DSA directory D:/vivado_pj/RTC_FND_AXI/workspace/rtc_fnd_axi_wrapper/hw
TRACE::2026-06-09.12:06:57::SCWPlatform:: Platform Path D:/vivado_pj/RTC_FND_AXI/workspace/rtc_fnd_axi_wrapper/hw/rtc_fnd_axi_wrapper4.xsa
TRACE::2026-06-09.12:06:57::SCWPlatform:: Unique name xilinx:basys3::0.0
TRACE::2026-06-09.12:06:57::SCWPlatform::Trying to set the existing hwdb with name rtc_fnd_axi_wrapper_13
TRACE::2026-06-09.12:06:57::SCWPlatform::Opened existing hwdb rtc_fnd_axi_wrapper_13
TRACE::2026-06-09.12:06:57::SCWPlatform::Found the Hw Db part of the input DSA
TRACE::2026-06-09.12:06:57::SCWMssOS::Checking the sw design at  D:/vivado_pj/RTC_FND_AXI/workspace/rtc_fnd_axi_wrapper/microblaze_0/standalone_microblaze_0/bsp/system.mss
TRACE::2026-06-09.12:06:57::SCWMssOS::DEBUG:  swdes dump  D:/vivado_pj/RTC_FND_AXI/workspace/rtc_fnd_axi_wrapper/microblaze_0/standalone_microblaze_0/bsp/system.mss|system||

TRACE::2026-06-09.12:06:57::SCWMssOS::Sw design exists and opened at  D:/vivado_pj/RTC_FND_AXI/workspace/rtc_fnd_axi_wrapper/microblaze_0/standalone_microblaze_0/bsp/system.mss
TRACE::2026-06-09.12:06:57::SCWMssOS::Completed writing the mss file at D:/vivado_pj/RTC_FND_AXI/workspace/rtc_fnd_axi_wrapper/microblaze_0/standalone_microblaze_0/bsp
TRACE::2026-06-09.12:06:57::SCWMssOS::Mss edits present, copying mssfile into export location D:/vivado_pj/RTC_FND_AXI/workspace/rtc_fnd_axi_wrapper/microblaze_0/standalone_microblaze_0/bsp/system.mss
TRACE::2026-06-09.12:06:57::SCWMssOS::bsp generated is stale removing and regenerating. 
TRACE::2026-06-09.12:06:58::SCWMssOS::doing bsp build ... 
TRACE::2026-06-09.12:06:58::SCWMssOS::System Command Ran  D: & cd  D:/vivado_pj/RTC_FND_AXI/workspace/rtc_fnd_axi_wrapper/microblaze_0/standalone_microblaze_0/bsp & make 
TRACE::2026-06-09.12:06:58::SCWMssOS::make --no-print-directory seq_libs

TRACE::2026-06-09.12:06:58::SCWMssOS::'Finished building libraries sequentially.'

TRACE::2026-06-09.12:06:58::SCWMssOS::make -j 18 --no-print-directory par_libs

TRACE::2026-06-09.12:06:58::SCWMssOS::"Running Make include in microblaze_0/libsrc/bram_v4_8/src"

TRACE::2026-06-09.12:06:58::SCWMssOS::make -C microblaze_0/libsrc/bram_v4_8/src -s include  "SHELL=CMD" "COMPILER=mb-gcc" "ASSEMBLER=mb-as" "ARCHIVER=mb-ar" "COMPILE
TRACE::2026-06-09.12:06:58::SCWMssOS::R_FLAGS=  -O2 -c -mcpu=v11.0 -mlittle-endian -mxl-soft-mul" "EXTRA_COMPILER_FLAGS=-g -ffunction-sections -fdata-sections -Wall 
TRACE::2026-06-09.12:06:58::SCWMssOS::-Wextra -fno-tree-loop-distribute-patterns"

TRACE::2026-06-09.12:06:58::SCWMssOS::"Running Make include in microblaze_0/libsrc/cpu_v2_17/src"

TRACE::2026-06-09.12:06:58::SCWMssOS::make -C microblaze_0/libsrc/cpu_v2_17/src -s include  "SHELL=CMD" "COMPILER=mb-gcc" "ASSEMBLER=mb-as" "ARCHIVER=mb-ar" "COMPILE
TRACE::2026-06-09.12:06:58::SCWMssOS::R_FLAGS=  -O2 -c -mcpu=v11.0 -mlittle-endian -mxl-soft-mul" "EXTRA_COMPILER_FLAGS=-g -ffunction-sections -fdata-sections -Wall 
TRACE::2026-06-09.12:06:58::SCWMssOS::-Wextra -fno-tree-loop-distribute-patterns"

TRACE::2026-06-09.12:06:58::SCWMssOS::"Running Make include in microblaze_0/libsrc/standalone_v8_1/src"

TRACE::2026-06-09.12:06:58::SCWMssOS::make -C microblaze_0/libsrc/standalone_v8_1/src -s include  "SHELL=CMD" "COMPILER=mb-gcc" "ASSEMBLER=mb-as" "ARCHIVER=mb-ar" "C
TRACE::2026-06-09.12:06:58::SCWMssOS::OMPILER_FLAGS=  -O2 -c -mcpu=v11.0 -mlittle-endian -mxl-soft-mul" "EXTRA_COMPILER_FLAGS=-g -ffunction-sections -fdata-sections 
TRACE::2026-06-09.12:06:58::SCWMssOS::-Wall -Wextra -fno-tree-loop-distribute-patterns"

TRACE::2026-06-09.12:06:58::SCWMssOS::"Running Make include in microblaze_0/libsrc/uartlite_v3_8/src"

TRACE::2026-06-09.12:06:58::SCWMssOS::make -C microblaze_0/libsrc/uartlite_v3_8/src -s include  "SHELL=CMD" "COMPILER=mb-gcc" "ASSEMBLER=mb-as" "ARCHIVER=mb-ar" "COM
TRACE::2026-06-09.12:06:58::SCWMssOS::PILER_FLAGS=  -O2 -c -mcpu=v11.0 -mlittle-endian -mxl-soft-mul" "EXTRA_COMPILER_FLAGS=-g -ffunction-sections -fdata-sections -W
TRACE::2026-06-09.12:06:58::SCWMssOS::all -Wextra -fno-tree-loop-distribute-patterns"

TRACE::2026-06-09.12:06:58::SCWMssOS::"Running Make libs in microblaze_0/libsrc/bram_v4_8/src"

TRACE::2026-06-09.12:06:58::SCWMssOS::make -C microblaze_0/libsrc/bram_v4_8/src -s libs  "SHELL=CMD" "COMPILER=mb-gcc" "ASSEMBLER=mb-as" "ARCHIVER=mb-ar" "COMPILER_F
TRACE::2026-06-09.12:06:58::SCWMssOS::LAGS=  -O2 -c -mcpu=v11.0 -mlittle-endian -mxl-soft-mul" "EXTRA_COMPILER_FLAGS=-g -ffunction-sections -fdata-sections -Wall -We
TRACE::2026-06-09.12:06:58::SCWMssOS::xtra -fno-tree-loop-distribute-patterns"

TRACE::2026-06-09.12:06:59::SCWMssOS::"Running Make libs in microblaze_0/libsrc/cpu_v2_17/src"

TRACE::2026-06-09.12:06:59::SCWMssOS::make -C microblaze_0/libsrc/cpu_v2_17/src -s libs  "SHELL=CMD" "COMPILER=mb-gcc" "ASSEMBLER=mb-as" "ARCHIVER=mb-ar" "COMPILER_F
TRACE::2026-06-09.12:06:59::SCWMssOS::LAGS=  -O2 -c -mcpu=v11.0 -mlittle-endian -mxl-soft-mul" "EXTRA_COMPILER_FLAGS=-g -ffunction-sections -fdata-sections -Wall -We
TRACE::2026-06-09.12:06:59::SCWMssOS::xtra -fno-tree-loop-distribute-patterns"

TRACE::2026-06-09.12:06:59::SCWMssOS::"Running Make libs in microblaze_0/libsrc/standalone_v8_1/src"

TRACE::2026-06-09.12:06:59::SCWMssOS::make -C microblaze_0/libsrc/standalone_v8_1/src -s libs  "SHELL=CMD" "COMPILER=mb-gcc" "ASSEMBLER=mb-as" "ARCHIVER=mb-ar" "COMP
TRACE::2026-06-09.12:06:59::SCWMssOS::ILER_FLAGS=  -O2 -c -mcpu=v11.0 -mlittle-endian -mxl-soft-mul" "EXTRA_COMPILER_FLAGS=-g -ffunction-sections -fdata-sections -Wa
TRACE::2026-06-09.12:06:59::SCWMssOS::ll -Wextra -fno-tree-loop-distribute-patterns"

TRACE::2026-06-09.12:06:59::SCWMssOS::"Running Make libs in microblaze_0/libsrc/uartlite_v3_8/src"

TRACE::2026-06-09.12:06:59::SCWMssOS::make -C microblaze_0/libsrc/uartlite_v3_8/src -s libs  "SHELL=CMD" "COMPILER=mb-gcc" "ASSEMBLER=mb-as" "ARCHIVER=mb-ar" "COMPIL
TRACE::2026-06-09.12:06:59::SCWMssOS::ER_FLAGS=  -O2 -c -mcpu=v11.0 -mlittle-endian -mxl-soft-mul" "EXTRA_COMPILER_FLAGS=-g -ffunction-sections -fdata-sections -Wall
TRACE::2026-06-09.12:06:59::SCWMssOS:: -Wextra -fno-tree-loop-distribute-patterns"

TRACE::2026-06-09.12:06:59::SCWMssOS::"DEBUG NON_LTO_OBJECTS is ../../../lib/microblaze_interrupt_handler.o"

TRACE::2026-06-09.12:06:59::SCWMssOS::'Finished building libraries parallelly.'

TRACE::2026-06-09.12:06:59::SCWMssOS::make --no-print-directory archive

TRACE::2026-06-09.12:06:59::SCWMssOS::mb-ar -r  microblaze_0/lib/libxil.a microblaze_0/lib/_exit.o microblaze_0/lib/errno.o microblaze_0/lib/fcntl.o microblaze_0/lib
TRACE::2026-06-09.12:06:59::SCWMssOS::/hw_exception_handler.o microblaze_0/lib/inbyte.o microblaze_0/lib/microblaze_disable_dcache.o microblaze_0/lib/microblaze_disa
TRACE::2026-06-09.12:06:59::SCWMssOS::ble_exceptions.o microblaze_0/lib/microblaze_disable_icache.o microblaze_0/lib/microblaze_disable_interrupts.o microblaze_0/lib
TRACE::2026-06-09.12:06:59::SCWMssOS::/microblaze_enable_dcache.o microblaze_0/lib/microblaze_enable_exceptions.o microblaze_0/lib/microblaze_enable_icache.o microbl
TRACE::2026-06-09.12:06:59::SCWMssOS::aze_0/lib/microblaze_enable_interrupts.o microblaze_0/lib/microblaze_exception_handler.o microblaze_0/lib/microblaze_flush_cach
TRACE::2026-06-09.12:06:59::SCWMssOS::e_ext.o microblaze_0/lib/microblaze_flush_cache_ext_range.o microblaze_0/lib/microblaze_flush_dcache.o microblaze_0/lib/microbl
TRACE::2026-06-09.12:06:59::SCWMssOS::aze_flush_dcache_range.o microblaze_0/lib/microblaze_init_dcache_range.o microblaze_0/lib/microblaze_init_icache_range.o microb
TRACE::2026-06-09.12:06:59::SCWMssOS::laze_0/lib/microblaze_interrupt_handler.o microblaze_0/lib/microblaze_interrupts_g.o microblaze_0/lib/microblaze_invalidate_cac
TRACE::2026-06-09.12:06:59::SCWMssOS::he_ext.o microblaze_0/lib/microblaze_invalidate_cache_ext_range.o microblaze_0/lib/microblaze_invalidate_dcache.o microblaze_0/
TRACE::2026-06-09.12:06:59::SCWMssOS::lib/microblaze_invalidate_dcache_range.o microblaze_0/lib/microblaze_invalidate_icache.o microblaze_0/lib/microblaze_invalidate
TRACE::2026-06-09.12:06:59::SCWMssOS::_icache_range.o microblaze_0/lib/microblaze_scrub.o microblaze_0/lib/microblaze_selftest.o microblaze_0/lib/microblaze_sleep.o 
TRACE::2026-06-09.12:06:59::SCWMssOS::microblaze_0/lib/microblaze_update_dcache.o microblaze_0/lib/microblaze_update_icache.o microblaze_0/lib/outbyte.o microblaze_0
TRACE::2026-06-09.12:06:59::SCWMssOS::/lib/print.o microblaze_0/lib/pvr.o microblaze_0/lib/xbram.o microblaze_0/lib/xbram_g.o microblaze_0/lib/xbram_intr.o microblaz
TRACE::2026-06-09.12:06:59::SCWMssOS::e_0/lib/xbram_selftest.o microblaze_0/lib/xbram_sinit.o microblaze_0/lib/xil_assert.o microblaze_0/lib/xil_cache.o microblaze_0
TRACE::2026-06-09.12:06:59::SCWMssOS::/lib/xil_clocking.o microblaze_0/lib/xil_exception.o microblaze_0/lib/xil_mem.o microblaze_0/lib/xil_misc_psreset_api.o microbl
TRACE::2026-06-09.12:06:59::SCWMssOS::aze_0/lib/xil_printf.o microblaze_0/lib/xil_sleepcommon.o microblaze_0/lib/xil_testcache.o microblaze_0/lib/xil_testio.o microb
TRACE::2026-06-09.12:06:59::SCWMssOS::laze_0/lib/xil_testmem.o microblaze_0/lib/xil_util.o microblaze_0/lib/xinterrupt_wrap.o microblaze_0/lib/xio.o microblaze_0/lib
TRACE::2026-06-09.12:06:59::SCWMssOS::/xplatform_info.o microblaze_0/lib/xuartlite.o microblaze_0/lib/xuartlite_g.o microblaze_0/lib/xuartlite_intr.o microblaze_0/li
TRACE::2026-06-09.12:06:59::SCWMssOS::b/xuartlite_l.o microblaze_0/lib/xuartlite_selftest.o microblaze_0/lib/xuartlite_sinit.o microblaze_0/lib/xuartlite_stats.o

TRACE::2026-06-09.12:06:59::SCWMssOS::'Finished building libraries'

TRACE::2026-06-09.12:06:59::SCWMssOS:: Checking if to create the Supporting Applications
TRACE::2026-06-09.12:06:59::SCWMssOS:: No Linux domain exists, trying to generate FSBL 
LOG::2026-06-09.12:06:59::SCWSystem::Completed Processing the domain standalone_microblaze_0
LOG::2026-06-09.12:06:59::SCWSystem::Completed Processing the sysconfig rtc_fnd_axi_wrapper
LOG::2026-06-09.12:06:59::SCWPlatform::Completed generating the artifacts for system configuration rtc_fnd_axi_wrapper
TRACE::2026-06-09.12:06:59::SCWPlatform::Started preparing the platform 
TRACE::2026-06-09.12:06:59::SCWSystem::Writing the bif file for system config rtc_fnd_axi_wrapper
TRACE::2026-06-09.12:06:59::SCWSystem::dir created 
TRACE::2026-06-09.12:06:59::SCWSystem::Writing the bif 
TRACE::2026-06-09.12:06:59::SCWPlatform::Started writing the spfm file 
TRACE::2026-06-09.12:06:59::SCWPlatform::Started writing the xpfm file 
TRACE::2026-06-09.12:06:59::SCWPlatform::Completed generating the platform
TRACE::2026-06-09.12:06:59::SCWMssOS::Saving the mss changes D:/vivado_pj/RTC_FND_AXI/workspace/rtc_fnd_axi_wrapper/microblaze_0/standalone_microblaze_0/bsp/system.mss
TRACE::2026-06-09.12:06:59::SCWMssOS::Adding the swdes entry, mss present, able to open swdb D:/vivado_pj/RTC_FND_AXI/workspace/rtc_fnd_axi_wrapper/microblaze_0/standalone_microblaze_0/bsp/system.mss with des name system
TRACE::2026-06-09.12:06:59::SCWMssOS::Writing the mss file completed D:/vivado_pj/RTC_FND_AXI/workspace/rtc_fnd_axi_wrapper/microblaze_0/standalone_microblaze_0/bsp/system.mss
TRACE::2026-06-09.12:06:59::SCWMssOS::Commit changes completed.
TRACE::2026-06-09.12:06:59::SCWPlatform::Trying to open the hw design at D:/vivado_pj/RTC_FND_AXI/workspace/rtc_fnd_axi_wrapper/hw/rtc_fnd_axi_wrapper4.xsa
TRACE::2026-06-09.12:06:59::SCWPlatform::DSA given D:/vivado_pj/RTC_FND_AXI/workspace/rtc_fnd_axi_wrapper/hw/rtc_fnd_axi_wrapper4.xsa
TRACE::2026-06-09.12:06:59::SCWPlatform::DSA absoulate path D:/vivado_pj/RTC_FND_AXI/workspace/rtc_fnd_axi_wrapper/hw/rtc_fnd_axi_wrapper4.xsa
TRACE::2026-06-09.12:06:59::SCWPlatform::DSA directory D:/vivado_pj/RTC_FND_AXI/workspace/rtc_fnd_axi_wrapper/hw
TRACE::2026-06-09.12:06:59::SCWPlatform:: Platform Path D:/vivado_pj/RTC_FND_AXI/workspace/rtc_fnd_axi_wrapper/hw/rtc_fnd_axi_wrapper4.xsa
TRACE::2026-06-09.12:06:59::SCWPlatform:: Unique name xilinx:basys3::0.0
TRACE::2026-06-09.12:06:59::SCWPlatform::Trying to set the existing hwdb with name rtc_fnd_axi_wrapper_13
TRACE::2026-06-09.12:06:59::SCWPlatform::Opened existing hwdb rtc_fnd_axi_wrapper_13
TRACE::2026-06-09.12:06:59::SCWPlatform::Found the Hw Db part of the input DSA
TRACE::2026-06-09.12:06:59::SCWMssOS::Checking the sw design at  D:/vivado_pj/RTC_FND_AXI/workspace/rtc_fnd_axi_wrapper/microblaze_0/standalone_microblaze_0/bsp/system.mss
TRACE::2026-06-09.12:06:59::SCWMssOS::DEBUG:  swdes dump  D:/vivado_pj/RTC_FND_AXI/workspace/rtc_fnd_axi_wrapper/microblaze_0/standalone_microblaze_0/bsp/system.mss|system||

TRACE::2026-06-09.12:06:59::SCWMssOS::Sw design exists and opened at  D:/vivado_pj/RTC_FND_AXI/workspace/rtc_fnd_axi_wrapper/microblaze_0/standalone_microblaze_0/bsp/system.mss
TRACE::2026-06-09.12:06:59::SCWWriter::formatted JSON is {
	"platformName":	"rtc_fnd_axi_wrapper",
	"sprVersion":	"2.0",
	"mode":	"gui",
	"dsaType":	"Fixed",
	"platformDesc":	"rtc_fnd_axi_wrapper",
	"platHandOff":	"D:/vivado_pj/RTC_FND_AXI/rtc_fnd_axi_wrapper4.xsa",
	"platIntHandOff":	"<platformDir>/hw/rtc_fnd_axi_wrapper4.xsa",
	"deviceType":	"FPGA",
	"platIsPrebuiltAutogen":	"false",
	"platIsNoBootBsp":	"false",
	"hasFsblMakeHasChanges":	"false",
	"hasPmufwMakeHasChanges":	"false",
	"platPreBuiltFlag":	false,
	"platformSamplesDir":	"",
	"platActiveSys":	"rtc_fnd_axi_wrapper",
	"systems":	[{
			"systemName":	"rtc_fnd_axi_wrapper",
			"systemDesc":	"rtc_fnd_axi_wrapper",
			"sysIsBootAutoGen":	"true",
			"systemDispName":	"rtc_fnd_axi_wrapper",
			"sysActiveDom":	"standalone_microblaze_0",
			"sysDefaultDom":	"standalone_microblaze_0",
			"domains":	[{
					"domainName":	"standalone_microblaze_0",
					"domainDispName":	"standalone_microblaze_0",
					"domainDesc":	"standalone_microblaze_0",
					"processors":	"microblaze_0",
					"os":	"standalone",
					"sdxOs":	"standalone",
					"debugEnable":	"False",
					"domRuntimes":	["cpp"],
					"swRepo":	"",
					"mssOsVer":	"8.1",
					"mssFile":	"",
					"md5Digest":	"3916ba371a6c5525b0331437d0164d92",
					"compatibleApp":	"",
					"domType":	"mssDomain",
					"arch":	"32-bit",
					"appSettings":	{
						"appCompilerFlags":	"",
						"appLinkerFlags":	""
					},
					"addedLibs":	[],
					"libOptions":	{
						"libsContainingOptions":	[]
					},
					"prebuiltLibs":	{
						"prebuiltIncPath":	[],
						"prebuiltLibPath":	[]
					},
					"isolation":	{
					}
				}]
		}]
}
KEYINFO::2026-06-09.12:06:59::SCWPlatform::updated the xpfm file.
TRACE::2026-06-09.12:07:00::SCWPlatform::Trying to open the hw design at D:/vivado_pj/RTC_FND_AXI/workspace/rtc_fnd_axi_wrapper/hw/rtc_fnd_axi_wrapper4.xsa
TRACE::2026-06-09.12:07:00::SCWPlatform::DSA given D:/vivado_pj/RTC_FND_AXI/workspace/rtc_fnd_axi_wrapper/hw/rtc_fnd_axi_wrapper4.xsa
TRACE::2026-06-09.12:07:00::SCWPlatform::DSA absoulate path D:/vivado_pj/RTC_FND_AXI/workspace/rtc_fnd_axi_wrapper/hw/rtc_fnd_axi_wrapper4.xsa
TRACE::2026-06-09.12:07:00::SCWPlatform::DSA directory D:/vivado_pj/RTC_FND_AXI/workspace/rtc_fnd_axi_wrapper/hw
TRACE::2026-06-09.12:07:00::SCWPlatform:: Platform Path D:/vivado_pj/RTC_FND_AXI/workspace/rtc_fnd_axi_wrapper/hw/rtc_fnd_axi_wrapper4.xsa
TRACE::2026-06-09.12:07:00::SCWPlatform:: Unique name xilinx:basys3::0.0
TRACE::2026-06-09.12:07:00::SCWPlatform::Trying to set the existing hwdb with name rtc_fnd_axi_wrapper_13
TRACE::2026-06-09.12:07:00::SCWPlatform::Opened existing hwdb rtc_fnd_axi_wrapper_13
TRACE::2026-06-09.12:07:00::SCWPlatform::Found the Hw Db part of the input DSA
TRACE::2026-06-09.12:07:00::SCWMssOS::Checking the sw design at  D:/vivado_pj/RTC_FND_AXI/workspace/rtc_fnd_axi_wrapper/microblaze_0/standalone_microblaze_0/bsp/system.mss
TRACE::2026-06-09.12:07:00::SCWMssOS::DEBUG:  swdes dump  D:/vivado_pj/RTC_FND_AXI/workspace/rtc_fnd_axi_wrapper/microblaze_0/standalone_microblaze_0/bsp/system.mss|system||

TRACE::2026-06-09.12:07:00::SCWMssOS::Sw design exists and opened at  D:/vivado_pj/RTC_FND_AXI/workspace/rtc_fnd_axi_wrapper/microblaze_0/standalone_microblaze_0/bsp/system.mss
TRACE::2026-06-09.12:23:38::SCWPlatform::Clearing the existing platform
TRACE::2026-06-09.12:23:38::SCWSystem::Clearing the existing sysconfig
TRACE::2026-06-09.12:23:38::SCWMssOS::Removing the swdes entry for  D:/vivado_pj/RTC_FND_AXI/workspace/rtc_fnd_axi_wrapper/microblaze_0/standalone_microblaze_0/bsp/system.mss
TRACE::2026-06-09.12:23:38::SCWSystem::Clearing the domains completed.
TRACE::2026-06-09.12:23:38::SCWPlatform::Clearing the opened hw db.
TRACE::2026-06-09.12:23:38::SCWPlatform::DSA given D:/vivado_pj/RTC_FND_AXI/workspace/rtc_fnd_axi_wrapper/hw/rtc_fnd_axi_wrapper4.xsa
TRACE::2026-06-09.12:23:38::SCWPlatform::DSA absoulate path D:/vivado_pj/RTC_FND_AXI/workspace/rtc_fnd_axi_wrapper/hw/rtc_fnd_axi_wrapper4.xsa
TRACE::2026-06-09.12:23:38::SCWPlatform:: Platform location is D:/vivado_pj/RTC_FND_AXI/workspace/rtc_fnd_axi_wrapper/hw
TRACE::2026-06-09.12:23:38::SCWPlatform:: Platform Path D:/vivado_pj/RTC_FND_AXI/workspace/rtc_fnd_axi_wrapper/hw/rtc_fnd_axi_wrapper4.xsa
TRACE::2026-06-09.12:23:38::SCWPlatform:: Unique name xilinx:basys3::0.0
TRACE::2026-06-09.12:23:38::SCWPlatform::Removing the HwDB with name D:/vivado_pj/RTC_FND_AXI/workspace/rtc_fnd_axi_wrapper/hw/rtc_fnd_axi_wrapper4.xsa
TRACE::2026-06-09.12:23:38::SCWPlatform::Trying to open the hw design at D:/vivado_pj/RTC_FND_AXI/workspace/rtc_fnd_axi_wrapper/hw/rtc_fnd_axi_wrapper4.xsa
TRACE::2026-06-09.12:23:38::SCWPlatform::DSA given D:/vivado_pj/RTC_FND_AXI/workspace/rtc_fnd_axi_wrapper/hw/rtc_fnd_axi_wrapper4.xsa
TRACE::2026-06-09.12:23:38::SCWPlatform::DSA absoulate path D:/vivado_pj/RTC_FND_AXI/workspace/rtc_fnd_axi_wrapper/hw/rtc_fnd_axi_wrapper4.xsa
TRACE::2026-06-09.12:23:38::SCWPlatform::DSA directory D:/vivado_pj/RTC_FND_AXI/workspace/rtc_fnd_axi_wrapper/hw
TRACE::2026-06-09.12:23:38::SCWPlatform:: Platform Path D:/vivado_pj/RTC_FND_AXI/workspace/rtc_fnd_axi_wrapper/hw/rtc_fnd_axi_wrapper4.xsa
TRACE::2026-06-09.12:23:38::SCWPlatform:: Unique name xilinx:basys3::0.0
TRACE::2026-06-09.12:23:38::SCWPlatform::Do not have an existing db opened. 
TRACE::2026-06-09.12:23:38::SCWPlatform::Opened new HwDB with name rtc_fnd_axi_wrapper_15
TRACE::2026-06-09.12:23:38::SCWReader::Active system found as  rtc_fnd_axi_wrapper
TRACE::2026-06-09.12:23:38::SCWReader::Handling sysconfig rtc_fnd_axi_wrapper
TRACE::2026-06-09.12:23:38::SCWDomain::checking for install qemu data   : 
TRACE::2026-06-09.12:23:38::SCWPlatform::Trying to open the hw design at D:/vivado_pj/RTC_FND_AXI/workspace/rtc_fnd_axi_wrapper/hw/rtc_fnd_axi_wrapper4.xsa
TRACE::2026-06-09.12:23:38::SCWPlatform::DSA given D:/vivado_pj/RTC_FND_AXI/workspace/rtc_fnd_axi_wrapper/hw/rtc_fnd_axi_wrapper4.xsa
TRACE::2026-06-09.12:23:38::SCWPlatform::DSA absoulate path D:/vivado_pj/RTC_FND_AXI/workspace/rtc_fnd_axi_wrapper/hw/rtc_fnd_axi_wrapper4.xsa
TRACE::2026-06-09.12:23:38::SCWPlatform::DSA directory D:/vivado_pj/RTC_FND_AXI/workspace/rtc_fnd_axi_wrapper/hw
TRACE::2026-06-09.12:23:38::SCWPlatform:: Platform Path D:/vivado_pj/RTC_FND_AXI/workspace/rtc_fnd_axi_wrapper/hw/rtc_fnd_axi_wrapper4.xsa
TRACE::2026-06-09.12:23:38::SCWPlatform:: Unique name xilinx:basys3::0.0
TRACE::2026-06-09.12:23:38::SCWPlatform::Trying to set the existing hwdb with name rtc_fnd_axi_wrapper_15
TRACE::2026-06-09.12:23:38::SCWPlatform::Opened existing hwdb rtc_fnd_axi_wrapper_15
TRACE::2026-06-09.12:23:38::SCWPlatform::Found the Hw Db part of the input DSA
TRACE::2026-06-09.12:23:38::SCWPlatform::Trying to open the hw design at D:/vivado_pj/RTC_FND_AXI/workspace/rtc_fnd_axi_wrapper/hw/rtc_fnd_axi_wrapper4.xsa
TRACE::2026-06-09.12:23:38::SCWPlatform::DSA given D:/vivado_pj/RTC_FND_AXI/workspace/rtc_fnd_axi_wrapper/hw/rtc_fnd_axi_wrapper4.xsa
TRACE::2026-06-09.12:23:38::SCWPlatform::DSA absoulate path D:/vivado_pj/RTC_FND_AXI/workspace/rtc_fnd_axi_wrapper/hw/rtc_fnd_axi_wrapper4.xsa
TRACE::2026-06-09.12:23:38::SCWPlatform::DSA directory D:/vivado_pj/RTC_FND_AXI/workspace/rtc_fnd_axi_wrapper/hw
TRACE::2026-06-09.12:23:38::SCWPlatform:: Platform Path D:/vivado_pj/RTC_FND_AXI/workspace/rtc_fnd_axi_wrapper/hw/rtc_fnd_axi_wrapper4.xsa
TRACE::2026-06-09.12:23:38::SCWPlatform:: Unique name xilinx:basys3::0.0
TRACE::2026-06-09.12:23:38::SCWPlatform::Trying to set the existing hwdb with name rtc_fnd_axi_wrapper_15
TRACE::2026-06-09.12:23:38::SCWPlatform::Opened existing hwdb rtc_fnd_axi_wrapper_15
TRACE::2026-06-09.12:23:38::SCWPlatform::Found the Hw Db part of the input DSA
TRACE::2026-06-09.12:23:38::SCWPlatform::Trying to open the hw design at D:/vivado_pj/RTC_FND_AXI/workspace/rtc_fnd_axi_wrapper/hw/rtc_fnd_axi_wrapper4.xsa
TRACE::2026-06-09.12:23:38::SCWPlatform::DSA given D:/vivado_pj/RTC_FND_AXI/workspace/rtc_fnd_axi_wrapper/hw/rtc_fnd_axi_wrapper4.xsa
TRACE::2026-06-09.12:23:38::SCWPlatform::DSA absoulate path D:/vivado_pj/RTC_FND_AXI/workspace/rtc_fnd_axi_wrapper/hw/rtc_fnd_axi_wrapper4.xsa
TRACE::2026-06-09.12:23:38::SCWPlatform::DSA directory D:/vivado_pj/RTC_FND_AXI/workspace/rtc_fnd_axi_wrapper/hw
TRACE::2026-06-09.12:23:38::SCWPlatform:: Platform Path D:/vivado_pj/RTC_FND_AXI/workspace/rtc_fnd_axi_wrapper/hw/rtc_fnd_axi_wrapper4.xsa
TRACE::2026-06-09.12:23:38::SCWPlatform:: Unique name xilinx:basys3::0.0
TRACE::2026-06-09.12:23:38::SCWPlatform::Trying to set the existing hwdb with name rtc_fnd_axi_wrapper_15
TRACE::2026-06-09.12:23:38::SCWPlatform::Opened existing hwdb rtc_fnd_axi_wrapper_15
TRACE::2026-06-09.12:23:38::SCWPlatform::Found the Hw Db part of the input DSA
TRACE::2026-06-09.12:23:38::SCWPlatform::Trying to open the hw design at D:/vivado_pj/RTC_FND_AXI/workspace/rtc_fnd_axi_wrapper/hw/rtc_fnd_axi_wrapper4.xsa
TRACE::2026-06-09.12:23:38::SCWPlatform::DSA given D:/vivado_pj/RTC_FND_AXI/workspace/rtc_fnd_axi_wrapper/hw/rtc_fnd_axi_wrapper4.xsa
TRACE::2026-06-09.12:23:38::SCWPlatform::DSA absoulate path D:/vivado_pj/RTC_FND_AXI/workspace/rtc_fnd_axi_wrapper/hw/rtc_fnd_axi_wrapper4.xsa
TRACE::2026-06-09.12:23:38::SCWPlatform::DSA directory D:/vivado_pj/RTC_FND_AXI/workspace/rtc_fnd_axi_wrapper/hw
TRACE::2026-06-09.12:23:38::SCWPlatform:: Platform Path D:/vivado_pj/RTC_FND_AXI/workspace/rtc_fnd_axi_wrapper/hw/rtc_fnd_axi_wrapper4.xsa
TRACE::2026-06-09.12:23:38::SCWPlatform:: Unique name xilinx:basys3::0.0
TRACE::2026-06-09.12:23:38::SCWPlatform::Trying to set the existing hwdb with name rtc_fnd_axi_wrapper_15
TRACE::2026-06-09.12:23:38::SCWPlatform::Opened existing hwdb rtc_fnd_axi_wrapper_15
TRACE::2026-06-09.12:23:38::SCWPlatform::Found the Hw Db part of the input DSA
TRACE::2026-06-09.12:23:38::SCWMssOS::Checking the sw design at  D:/vivado_pj/RTC_FND_AXI/workspace/rtc_fnd_axi_wrapper/microblaze_0/standalone_microblaze_0/bsp/system.mss
TRACE::2026-06-09.12:23:38::SCWMssOS::DEBUG:  swdes dump  
TRACE::2026-06-09.12:23:38::SCWMssOS::No sw design opened at  D:/vivado_pj/RTC_FND_AXI/workspace/rtc_fnd_axi_wrapper/microblaze_0/standalone_microblaze_0/bsp/system.mss
TRACE::2026-06-09.12:23:38::SCWMssOS::mss exists loading the mss file  D:/vivado_pj/RTC_FND_AXI/workspace/rtc_fnd_axi_wrapper/microblaze_0/standalone_microblaze_0/bsp/system.mss
TRACE::2026-06-09.12:23:38::SCWMssOS::Opened the sw design from mss  D:/vivado_pj/RTC_FND_AXI/workspace/rtc_fnd_axi_wrapper/microblaze_0/standalone_microblaze_0/bsp/system.mss
TRACE::2026-06-09.12:23:38::SCWMssOS::Adding the swdes entry D:/vivado_pj/RTC_FND_AXI/workspace/rtc_fnd_axi_wrapper/microblaze_0/standalone_microblaze_0/bsp/system.mss with des name system
TRACE::2026-06-09.12:23:38::SCWMssOS::updating the scw layer about changes
TRACE::2026-06-09.12:23:38::SCWMssOS::Opened the sw design.  D:/vivado_pj/RTC_FND_AXI/workspace/rtc_fnd_axi_wrapper/microblaze_0/standalone_microblaze_0/bsp/system.mss
TRACE::2026-06-09.12:23:38::SCWMssOS::Saving the mss changes D:/vivado_pj/RTC_FND_AXI/workspace/rtc_fnd_axi_wrapper/microblaze_0/standalone_microblaze_0/bsp/system.mss
TRACE::2026-06-09.12:23:38::SCWMssOS::Found a swdesign opened with the mssfile.
TRACE::2026-06-09.12:23:38::SCWMssOS::Completed writemss as part of save.
TRACE::2026-06-09.12:23:38::SCWMssOS::Commit changes completed.
TRACE::2026-06-09.12:23:38::SCWReader::Adding prebuilt librarypaths as   
TRACE::2026-06-09.12:23:38::SCWReader::Adding prebuilt incpaths  as   
TRACE::2026-06-09.12:23:38::SCWPlatform::Trying to open the hw design at D:/vivado_pj/RTC_FND_AXI/workspace/rtc_fnd_axi_wrapper/hw/rtc_fnd_axi_wrapper4.xsa
TRACE::2026-06-09.12:23:38::SCWPlatform::DSA given D:/vivado_pj/RTC_FND_AXI/workspace/rtc_fnd_axi_wrapper/hw/rtc_fnd_axi_wrapper4.xsa
TRACE::2026-06-09.12:23:38::SCWPlatform::DSA absoulate path D:/vivado_pj/RTC_FND_AXI/workspace/rtc_fnd_axi_wrapper/hw/rtc_fnd_axi_wrapper4.xsa
TRACE::2026-06-09.12:23:38::SCWPlatform::DSA directory D:/vivado_pj/RTC_FND_AXI/workspace/rtc_fnd_axi_wrapper/hw
TRACE::2026-06-09.12:23:38::SCWPlatform:: Platform Path D:/vivado_pj/RTC_FND_AXI/workspace/rtc_fnd_axi_wrapper/hw/rtc_fnd_axi_wrapper4.xsa
TRACE::2026-06-09.12:23:38::SCWPlatform:: Unique name xilinx:basys3::0.0
TRACE::2026-06-09.12:23:38::SCWPlatform::Trying to set the existing hwdb with name rtc_fnd_axi_wrapper_15
TRACE::2026-06-09.12:23:38::SCWPlatform::Opened existing hwdb rtc_fnd_axi_wrapper_15
TRACE::2026-06-09.12:23:38::SCWPlatform::Found the Hw Db part of the input DSA
TRACE::2026-06-09.12:23:38::SCWMssOS::Checking the sw design at  D:/vivado_pj/RTC_FND_AXI/workspace/rtc_fnd_axi_wrapper/microblaze_0/standalone_microblaze_0/bsp/system.mss
TRACE::2026-06-09.12:23:38::SCWMssOS::DEBUG:  swdes dump  D:/vivado_pj/RTC_FND_AXI/workspace/rtc_fnd_axi_wrapper/microblaze_0/standalone_microblaze_0/bsp/system.mss|system||

TRACE::2026-06-09.12:23:38::SCWMssOS::Sw design exists and opened at  D:/vivado_pj/RTC_FND_AXI/workspace/rtc_fnd_axi_wrapper/microblaze_0/standalone_microblaze_0/bsp/system.mss
TRACE::2026-06-09.12:23:38::SCWReader::No isolation master present  
TRACE::2026-06-09.12:23:44::SCWPlatform::DSA given D:/vivado_pj/RTC_FND_AXI/workspace/rtc_fnd_axi_wrapper/tempdsa/rtc_fnd_axi_wrapper5.xsa
TRACE::2026-06-09.12:23:44::SCWPlatform::DSA absoulate path D:/vivado_pj/RTC_FND_AXI/workspace/rtc_fnd_axi_wrapper/tempdsa/rtc_fnd_axi_wrapper5.xsa
TRACE::2026-06-09.12:23:44::SCWPlatform:: Platform location is D:/vivado_pj/RTC_FND_AXI/workspace/rtc_fnd_axi_wrapper/tempdsa
TRACE::2026-06-09.12:23:44::SCWPlatform:: Platform Path D:/vivado_pj/RTC_FND_AXI/workspace/rtc_fnd_axi_wrapper/tempdsa/rtc_fnd_axi_wrapper5.xsa
TRACE::2026-06-09.12:23:44::SCWPlatform:: Unique name xilinx:basys3::0.0
TRACE::2026-06-09.12:23:44::SCWPlatform::Found the Hw Db part of the input DSA
TRACE::2026-06-09.12:23:44::SCWMssOS::Doing hw sync for the mss in domain: standalone_microblaze_0
TRACE::2026-06-09.12:23:44::SCWPlatform::Trying to open the hw design at D:/vivado_pj/RTC_FND_AXI/workspace/rtc_fnd_axi_wrapper/hw/rtc_fnd_axi_wrapper4.xsa
TRACE::2026-06-09.12:23:44::SCWPlatform::DSA given D:/vivado_pj/RTC_FND_AXI/workspace/rtc_fnd_axi_wrapper/hw/rtc_fnd_axi_wrapper4.xsa
TRACE::2026-06-09.12:23:44::SCWPlatform::DSA absoulate path D:/vivado_pj/RTC_FND_AXI/workspace/rtc_fnd_axi_wrapper/hw/rtc_fnd_axi_wrapper4.xsa
TRACE::2026-06-09.12:23:44::SCWPlatform::DSA directory D:/vivado_pj/RTC_FND_AXI/workspace/rtc_fnd_axi_wrapper/hw
TRACE::2026-06-09.12:23:44::SCWPlatform:: Platform Path D:/vivado_pj/RTC_FND_AXI/workspace/rtc_fnd_axi_wrapper/hw/rtc_fnd_axi_wrapper4.xsa
TRACE::2026-06-09.12:23:44::SCWPlatform:: Unique name xilinx:basys3::0.0
TRACE::2026-06-09.12:23:44::SCWPlatform::Trying to set the existing hwdb with name rtc_fnd_axi_wrapper_15
TRACE::2026-06-09.12:23:44::SCWPlatform::Opened existing hwdb rtc_fnd_axi_wrapper_15
TRACE::2026-06-09.12:23:44::SCWPlatform::Found the Hw Db part of the input DSA
TRACE::2026-06-09.12:23:44::SCWPlatform::Trying to open the hw design at D:/vivado_pj/RTC_FND_AXI/workspace/rtc_fnd_axi_wrapper/hw/rtc_fnd_axi_wrapper4.xsa
TRACE::2026-06-09.12:23:44::SCWPlatform::DSA given D:/vivado_pj/RTC_FND_AXI/workspace/rtc_fnd_axi_wrapper/hw/rtc_fnd_axi_wrapper4.xsa
TRACE::2026-06-09.12:23:44::SCWPlatform::DSA absoulate path D:/vivado_pj/RTC_FND_AXI/workspace/rtc_fnd_axi_wrapper/hw/rtc_fnd_axi_wrapper4.xsa
TRACE::2026-06-09.12:23:44::SCWPlatform::DSA directory D:/vivado_pj/RTC_FND_AXI/workspace/rtc_fnd_axi_wrapper/hw
TRACE::2026-06-09.12:23:44::SCWPlatform:: Platform Path D:/vivado_pj/RTC_FND_AXI/workspace/rtc_fnd_axi_wrapper/hw/rtc_fnd_axi_wrapper4.xsa
TRACE::2026-06-09.12:23:44::SCWPlatform:: Unique name xilinx:basys3::0.0
TRACE::2026-06-09.12:23:44::SCWPlatform::Trying to set the existing hwdb with name rtc_fnd_axi_wrapper_15
TRACE::2026-06-09.12:23:44::SCWPlatform::Opened existing hwdb rtc_fnd_axi_wrapper_15
TRACE::2026-06-09.12:23:44::SCWPlatform::Found the Hw Db part of the input DSA
TRACE::2026-06-09.12:23:44::SCWMssOS::Checking the sw design at  D:/vivado_pj/RTC_FND_AXI/workspace/rtc_fnd_axi_wrapper/microblaze_0/standalone_microblaze_0/bsp/system.mss
TRACE::2026-06-09.12:23:44::SCWMssOS::DEBUG:  swdes dump  D:/vivado_pj/RTC_FND_AXI/workspace/rtc_fnd_axi_wrapper/microblaze_0/standalone_microblaze_0/bsp/system.mss|system||

TRACE::2026-06-09.12:23:44::SCWMssOS::Sw design exists and opened at  D:/vivado_pj/RTC_FND_AXI/workspace/rtc_fnd_axi_wrapper/microblaze_0/standalone_microblaze_0/bsp/system.mss
TRACE::2026-06-09.12:23:44::SCWPlatform::Trying to open the hw design at D:/vivado_pj/RTC_FND_AXI/workspace/rtc_fnd_axi_wrapper/tempdsa/rtc_fnd_axi_wrapper5.xsa
TRACE::2026-06-09.12:23:44::SCWPlatform::DSA given D:/vivado_pj/RTC_FND_AXI/workspace/rtc_fnd_axi_wrapper/tempdsa/rtc_fnd_axi_wrapper5.xsa
TRACE::2026-06-09.12:23:44::SCWPlatform::DSA absoulate path D:/vivado_pj/RTC_FND_AXI/workspace/rtc_fnd_axi_wrapper/tempdsa/rtc_fnd_axi_wrapper5.xsa
TRACE::2026-06-09.12:23:44::SCWPlatform::DSA directory D:/vivado_pj/RTC_FND_AXI/workspace/rtc_fnd_axi_wrapper/tempdsa
TRACE::2026-06-09.12:23:44::SCWPlatform:: Platform Path D:/vivado_pj/RTC_FND_AXI/workspace/rtc_fnd_axi_wrapper/tempdsa/rtc_fnd_axi_wrapper5.xsa
TRACE::2026-06-09.12:23:44::SCWPlatform:: Unique name xilinx:basys3::0.0
TRACE::2026-06-09.12:23:44::SCWPlatform::update - Opened existing hwdb rtc_fnd_axi_wrapper_16
TRACE::2026-06-09.12:23:44::SCWPlatform::Found the Hw Db part of the input DSA
TRACE::2026-06-09.12:23:44::SCWMssOS::Saving the mss changes D:/vivado_pj/RTC_FND_AXI/workspace/rtc_fnd_axi_wrapper/microblaze_0/standalone_microblaze_0/bsp/system.mss
TRACE::2026-06-09.12:23:44::SCWMssOS::Found a swdesign opened with the mssfile.
TRACE::2026-06-09.12:23:44::SCWMssOS::Completed writemss as part of save.
TRACE::2026-06-09.12:23:44::SCWMssOS::Commit changes completed.
TRACE::2026-06-09.12:23:44::SCWMssOS::Completed hw sync for the mss in domain: standalone_microblaze_0
TRACE::2026-06-09.12:23:44::SCWMssOS::Removing the swdes entry for  D:/vivado_pj/RTC_FND_AXI/workspace/rtc_fnd_axi_wrapper/microblaze_0/standalone_microblaze_0/bsp/system.mss
TRACE::2026-06-09.12:23:44::SCWPlatform::Trying to open the hw design at D:/vivado_pj/RTC_FND_AXI/workspace/rtc_fnd_axi_wrapper/hw/rtc_fnd_axi_wrapper5.xsa
TRACE::2026-06-09.12:23:44::SCWPlatform::DSA given D:/vivado_pj/RTC_FND_AXI/workspace/rtc_fnd_axi_wrapper/hw/rtc_fnd_axi_wrapper5.xsa
TRACE::2026-06-09.12:23:44::SCWPlatform::DSA absoulate path D:/vivado_pj/RTC_FND_AXI/workspace/rtc_fnd_axi_wrapper/hw/rtc_fnd_axi_wrapper5.xsa
TRACE::2026-06-09.12:23:44::SCWPlatform::DSA directory D:/vivado_pj/RTC_FND_AXI/workspace/rtc_fnd_axi_wrapper/hw
TRACE::2026-06-09.12:23:44::SCWPlatform:: Platform Path D:/vivado_pj/RTC_FND_AXI/workspace/rtc_fnd_axi_wrapper/hw/rtc_fnd_axi_wrapper5.xsa
TRACE::2026-06-09.12:23:44::SCWPlatform:: Unique name xilinx:basys3::0.0
TRACE::2026-06-09.12:23:44::SCWPlatform::Do not have an existing db opened. 
TRACE::2026-06-09.12:23:44::SCWPlatform::Opened new HwDB with name rtc_fnd_axi_wrapper_17
TRACE::2026-06-09.12:23:44::SCWMssOS::Saving the mss changes D:/vivado_pj/RTC_FND_AXI/workspace/rtc_fnd_axi_wrapper/microblaze_0/standalone_microblaze_0/bsp/system.mss
TRACE::2026-06-09.12:23:44::SCWMssOS::Adding the swdes entry, mss present, able to open swdb D:/vivado_pj/RTC_FND_AXI/workspace/rtc_fnd_axi_wrapper/microblaze_0/standalone_microblaze_0/bsp/system.mss with des name system
TRACE::2026-06-09.12:23:44::SCWMssOS::Writing the mss file completed D:/vivado_pj/RTC_FND_AXI/workspace/rtc_fnd_axi_wrapper/microblaze_0/standalone_microblaze_0/bsp/system.mss
TRACE::2026-06-09.12:23:44::SCWMssOS::Commit changes completed.
TRACE::2026-06-09.12:23:44::SCWPlatform::Trying to open the hw design at D:/vivado_pj/RTC_FND_AXI/workspace/rtc_fnd_axi_wrapper/hw/rtc_fnd_axi_wrapper5.xsa
TRACE::2026-06-09.12:23:44::SCWPlatform::DSA given D:/vivado_pj/RTC_FND_AXI/workspace/rtc_fnd_axi_wrapper/hw/rtc_fnd_axi_wrapper5.xsa
TRACE::2026-06-09.12:23:44::SCWPlatform::DSA absoulate path D:/vivado_pj/RTC_FND_AXI/workspace/rtc_fnd_axi_wrapper/hw/rtc_fnd_axi_wrapper5.xsa
TRACE::2026-06-09.12:23:44::SCWPlatform::DSA directory D:/vivado_pj/RTC_FND_AXI/workspace/rtc_fnd_axi_wrapper/hw
TRACE::2026-06-09.12:23:44::SCWPlatform:: Platform Path D:/vivado_pj/RTC_FND_AXI/workspace/rtc_fnd_axi_wrapper/hw/rtc_fnd_axi_wrapper5.xsa
TRACE::2026-06-09.12:23:44::SCWPlatform:: Unique name xilinx:basys3::0.0
TRACE::2026-06-09.12:23:44::SCWPlatform::Trying to set the existing hwdb with name rtc_fnd_axi_wrapper_17
TRACE::2026-06-09.12:23:44::SCWPlatform::Opened existing hwdb rtc_fnd_axi_wrapper_17
TRACE::2026-06-09.12:23:44::SCWPlatform::Found the Hw Db part of the input DSA
TRACE::2026-06-09.12:23:44::SCWMssOS::Checking the sw design at  D:/vivado_pj/RTC_FND_AXI/workspace/rtc_fnd_axi_wrapper/microblaze_0/standalone_microblaze_0/bsp/system.mss
TRACE::2026-06-09.12:23:44::SCWMssOS::DEBUG:  swdes dump  D:/vivado_pj/RTC_FND_AXI/workspace/rtc_fnd_axi_wrapper/microblaze_0/standalone_microblaze_0/bsp/system.mss|system||

TRACE::2026-06-09.12:23:44::SCWMssOS::Sw design exists and opened at  D:/vivado_pj/RTC_FND_AXI/workspace/rtc_fnd_axi_wrapper/microblaze_0/standalone_microblaze_0/bsp/system.mss
TRACE::2026-06-09.12:23:44::SCWWriter::formatted JSON is {
	"platformName":	"rtc_fnd_axi_wrapper",
	"sprVersion":	"2.0",
	"mode":	"gui",
	"dsaType":	"Fixed",
	"platformDesc":	"rtc_fnd_axi_wrapper",
	"platHandOff":	"D:/vivado_pj/RTC_FND_AXI/rtc_fnd_axi_wrapper5.xsa",
	"platIntHandOff":	"<platformDir>/hw/rtc_fnd_axi_wrapper5.xsa",
	"deviceType":	"FPGA",
	"platIsPrebuiltAutogen":	"false",
	"platIsNoBootBsp":	"false",
	"hasFsblMakeHasChanges":	"false",
	"hasPmufwMakeHasChanges":	"false",
	"platPreBuiltFlag":	false,
	"platformSamplesDir":	"",
	"platActiveSys":	"rtc_fnd_axi_wrapper",
	"systems":	[{
			"systemName":	"rtc_fnd_axi_wrapper",
			"systemDesc":	"rtc_fnd_axi_wrapper",
			"sysIsBootAutoGen":	"true",
			"systemDispName":	"rtc_fnd_axi_wrapper",
			"sysActiveDom":	"standalone_microblaze_0",
			"sysDefaultDom":	"standalone_microblaze_0",
			"domains":	[{
					"domainName":	"standalone_microblaze_0",
					"domainDispName":	"standalone_microblaze_0",
					"domainDesc":	"standalone_microblaze_0",
					"processors":	"microblaze_0",
					"os":	"standalone",
					"sdxOs":	"standalone",
					"debugEnable":	"False",
					"domRuntimes":	["cpp"],
					"swRepo":	"",
					"mssOsVer":	"8.1",
					"mssFile":	"",
					"md5Digest":	"3916ba371a6c5525b0331437d0164d921",
					"compatibleApp":	"",
					"domType":	"mssDomain",
					"arch":	"32-bit",
					"appSettings":	{
						"appCompilerFlags":	"",
						"appLinkerFlags":	""
					},
					"addedLibs":	[],
					"libOptions":	{
						"libsContainingOptions":	[]
					},
					"prebuiltLibs":	{
						"prebuiltIncPath":	[],
						"prebuiltLibPath":	[]
					},
					"isolation":	{
					}
				}]
		}]
}
LOG::2026-06-09.12:23:50::SCWPlatform::Started generating the artifacts platform rtc_fnd_axi_wrapper
TRACE::2026-06-09.12:23:50::SCWPlatform::Sanity checking of platform is completed
LOG::2026-06-09.12:23:50::SCWPlatform::Started generating the artifacts for system configuration rtc_fnd_axi_wrapper
LOG::2026-06-09.12:23:50::SCWSystem::Checking the domain standalone_microblaze_0
LOG::2026-06-09.12:23:50::SCWSystem::Not a boot domain 
LOG::2026-06-09.12:23:50::SCWSystem::Started Processing the domain standalone_microblaze_0
TRACE::2026-06-09.12:23:50::SCWDomain::Generating domain artifcats
TRACE::2026-06-09.12:23:50::SCWMssOS::Generating standalone artifcats
TRACE::2026-06-09.12:23:50::SCWMssOS:: Copying the user libraries. 
TRACE::2026-06-09.12:23:50::SCWPlatform::Trying to open the hw design at D:/vivado_pj/RTC_FND_AXI/workspace/rtc_fnd_axi_wrapper/hw/rtc_fnd_axi_wrapper5.xsa
TRACE::2026-06-09.12:23:50::SCWPlatform::DSA given D:/vivado_pj/RTC_FND_AXI/workspace/rtc_fnd_axi_wrapper/hw/rtc_fnd_axi_wrapper5.xsa
TRACE::2026-06-09.12:23:50::SCWPlatform::DSA absoulate path D:/vivado_pj/RTC_FND_AXI/workspace/rtc_fnd_axi_wrapper/hw/rtc_fnd_axi_wrapper5.xsa
TRACE::2026-06-09.12:23:50::SCWPlatform::DSA directory D:/vivado_pj/RTC_FND_AXI/workspace/rtc_fnd_axi_wrapper/hw
TRACE::2026-06-09.12:23:50::SCWPlatform:: Platform Path D:/vivado_pj/RTC_FND_AXI/workspace/rtc_fnd_axi_wrapper/hw/rtc_fnd_axi_wrapper5.xsa
TRACE::2026-06-09.12:23:50::SCWPlatform:: Unique name xilinx:basys3::0.0
TRACE::2026-06-09.12:23:50::SCWPlatform::Trying to set the existing hwdb with name rtc_fnd_axi_wrapper_17
TRACE::2026-06-09.12:23:50::SCWPlatform::Opened existing hwdb rtc_fnd_axi_wrapper_17
TRACE::2026-06-09.12:23:50::SCWPlatform::Found the Hw Db part of the input DSA
TRACE::2026-06-09.12:23:50::SCWMssOS::Checking the sw design at  D:/vivado_pj/RTC_FND_AXI/workspace/rtc_fnd_axi_wrapper/microblaze_0/standalone_microblaze_0/bsp/system.mss
TRACE::2026-06-09.12:23:50::SCWMssOS::DEBUG:  swdes dump  D:/vivado_pj/RTC_FND_AXI/workspace/rtc_fnd_axi_wrapper/microblaze_0/standalone_microblaze_0/bsp/system.mss|system||

TRACE::2026-06-09.12:23:50::SCWMssOS::Sw design exists and opened at  D:/vivado_pj/RTC_FND_AXI/workspace/rtc_fnd_axi_wrapper/microblaze_0/standalone_microblaze_0/bsp/system.mss
TRACE::2026-06-09.12:23:50::SCWMssOS::Completed writing the mss file at D:/vivado_pj/RTC_FND_AXI/workspace/rtc_fnd_axi_wrapper/microblaze_0/standalone_microblaze_0/bsp
TRACE::2026-06-09.12:23:50::SCWMssOS::Mss edits present, copying mssfile into export location D:/vivado_pj/RTC_FND_AXI/workspace/rtc_fnd_axi_wrapper/microblaze_0/standalone_microblaze_0/bsp/system.mss
TRACE::2026-06-09.12:23:50::SCWMssOS::bsp generated is stale removing and regenerating. 
TRACE::2026-06-09.12:23:50::SCWMssOS::doing bsp build ... 
TRACE::2026-06-09.12:23:50::SCWMssOS::System Command Ran  D: & cd  D:/vivado_pj/RTC_FND_AXI/workspace/rtc_fnd_axi_wrapper/microblaze_0/standalone_microblaze_0/bsp & make 
TRACE::2026-06-09.12:23:50::SCWMssOS::make --no-print-directory seq_libs

TRACE::2026-06-09.12:23:50::SCWMssOS::'Finished building libraries sequentially.'

TRACE::2026-06-09.12:23:50::SCWMssOS::make -j 18 --no-print-directory par_libs

TRACE::2026-06-09.12:23:51::SCWMssOS::"Running Make include in microblaze_0/libsrc/bram_v4_8/src"

TRACE::2026-06-09.12:23:51::SCWMssOS::make -C microblaze_0/libsrc/bram_v4_8/src -s include  "SHELL=CMD" "COMPILER=mb-gcc" "ASSEMBLER=mb-as" "ARCHIVER=mb-ar" "COMPILE
TRACE::2026-06-09.12:23:51::SCWMssOS::R_FLAGS=  -O2 -c -mcpu=v11.0 -mlittle-endian -mxl-soft-mul" "EXTRA_COMPILER_FLAGS=-g -ffunction-sections -fdata-sections -Wall 
TRACE::2026-06-09.12:23:51::SCWMssOS::-Wextra -fno-tree-loop-distribute-patterns"

TRACE::2026-06-09.12:23:51::SCWMssOS::"Running Make include in microblaze_0/libsrc/cpu_v2_17/src"

TRACE::2026-06-09.12:23:51::SCWMssOS::make -C microblaze_0/libsrc/cpu_v2_17/src -s include  "SHELL=CMD" "COMPILER=mb-gcc" "ASSEMBLER=mb-as" "ARCHIVER=mb-ar" "COMPILE
TRACE::2026-06-09.12:23:51::SCWMssOS::R_FLAGS=  -O2 -c -mcpu=v11.0 -mlittle-endian -mxl-soft-mul" "EXTRA_COMPILER_FLAGS=-g -ffunction-sections -fdata-sections -Wall 
TRACE::2026-06-09.12:23:51::SCWMssOS::-Wextra -fno-tree-loop-distribute-patterns"

TRACE::2026-06-09.12:23:51::SCWMssOS::"Running Make include in microblaze_0/libsrc/standalone_v8_1/src"

TRACE::2026-06-09.12:23:51::SCWMssOS::make -C microblaze_0/libsrc/standalone_v8_1/src -s include  "SHELL=CMD" "COMPILER=mb-gcc" "ASSEMBLER=mb-as" "ARCHIVER=mb-ar" "C
TRACE::2026-06-09.12:23:51::SCWMssOS::OMPILER_FLAGS=  -O2 -c -mcpu=v11.0 -mlittle-endian -mxl-soft-mul" "EXTRA_COMPILER_FLAGS=-g -ffunction-sections -fdata-sections 
TRACE::2026-06-09.12:23:51::SCWMssOS::-Wall -Wextra -fno-tree-loop-distribute-patterns"

TRACE::2026-06-09.12:23:51::SCWMssOS::"Running Make include in microblaze_0/libsrc/uartlite_v3_8/src"

TRACE::2026-06-09.12:23:51::SCWMssOS::make -C microblaze_0/libsrc/uartlite_v3_8/src -s include  "SHELL=CMD" "COMPILER=mb-gcc" "ASSEMBLER=mb-as" "ARCHIVER=mb-ar" "COM
TRACE::2026-06-09.12:23:51::SCWMssOS::PILER_FLAGS=  -O2 -c -mcpu=v11.0 -mlittle-endian -mxl-soft-mul" "EXTRA_COMPILER_FLAGS=-g -ffunction-sections -fdata-sections -W
TRACE::2026-06-09.12:23:51::SCWMssOS::all -Wextra -fno-tree-loop-distribute-patterns"

TRACE::2026-06-09.12:23:51::SCWMssOS::"Running Make libs in microblaze_0/libsrc/bram_v4_8/src"

TRACE::2026-06-09.12:23:51::SCWMssOS::make -C microblaze_0/libsrc/bram_v4_8/src -s libs  "SHELL=CMD" "COMPILER=mb-gcc" "ASSEMBLER=mb-as" "ARCHIVER=mb-ar" "COMPILER_F
TRACE::2026-06-09.12:23:51::SCWMssOS::LAGS=  -O2 -c -mcpu=v11.0 -mlittle-endian -mxl-soft-mul" "EXTRA_COMPILER_FLAGS=-g -ffunction-sections -fdata-sections -Wall -We
TRACE::2026-06-09.12:23:51::SCWMssOS::xtra -fno-tree-loop-distribute-patterns"

TRACE::2026-06-09.12:23:51::SCWMssOS::"Running Make libs in microblaze_0/libsrc/cpu_v2_17/src"

TRACE::2026-06-09.12:23:51::SCWMssOS::make -C microblaze_0/libsrc/cpu_v2_17/src -s libs  "SHELL=CMD" "COMPILER=mb-gcc" "ASSEMBLER=mb-as" "ARCHIVER=mb-ar" "COMPILER_F
TRACE::2026-06-09.12:23:51::SCWMssOS::LAGS=  -O2 -c -mcpu=v11.0 -mlittle-endian -mxl-soft-mul" "EXTRA_COMPILER_FLAGS=-g -ffunction-sections -fdata-sections -Wall -We
TRACE::2026-06-09.12:23:51::SCWMssOS::xtra -fno-tree-loop-distribute-patterns"

TRACE::2026-06-09.12:23:51::SCWMssOS::"Running Make libs in microblaze_0/libsrc/standalone_v8_1/src"

TRACE::2026-06-09.12:23:51::SCWMssOS::make -C microblaze_0/libsrc/standalone_v8_1/src -s libs  "SHELL=CMD" "COMPILER=mb-gcc" "ASSEMBLER=mb-as" "ARCHIVER=mb-ar" "COMP
TRACE::2026-06-09.12:23:51::SCWMssOS::ILER_FLAGS=  -O2 -c -mcpu=v11.0 -mlittle-endian -mxl-soft-mul" "EXTRA_COMPILER_FLAGS=-g -ffunction-sections -fdata-sections -Wa
TRACE::2026-06-09.12:23:51::SCWMssOS::ll -Wextra -fno-tree-loop-distribute-patterns"

TRACE::2026-06-09.12:23:51::SCWMssOS::"Running Make libs in microblaze_0/libsrc/uartlite_v3_8/src"

TRACE::2026-06-09.12:23:51::SCWMssOS::make -C microblaze_0/libsrc/uartlite_v3_8/src -s libs  "SHELL=CMD" "COMPILER=mb-gcc" "ASSEMBLER=mb-as" "ARCHIVER=mb-ar" "COMPIL
TRACE::2026-06-09.12:23:51::SCWMssOS::ER_FLAGS=  -O2 -c -mcpu=v11.0 -mlittle-endian -mxl-soft-mul" "EXTRA_COMPILER_FLAGS=-g -ffunction-sections -fdata-sections -Wall
TRACE::2026-06-09.12:23:51::SCWMssOS:: -Wextra -fno-tree-loop-distribute-patterns"

TRACE::2026-06-09.12:23:51::SCWMssOS::"DEBUG NON_LTO_OBJECTS is ../../../lib/microblaze_interrupt_handler.o"

TRACE::2026-06-09.12:23:52::SCWMssOS::'Finished building libraries parallelly.'

TRACE::2026-06-09.12:23:52::SCWMssOS::make --no-print-directory archive

TRACE::2026-06-09.12:23:52::SCWMssOS::mb-ar -r  microblaze_0/lib/libxil.a microblaze_0/lib/_exit.o microblaze_0/lib/errno.o microblaze_0/lib/fcntl.o microblaze_0/lib
TRACE::2026-06-09.12:23:52::SCWMssOS::/hw_exception_handler.o microblaze_0/lib/inbyte.o microblaze_0/lib/microblaze_disable_dcache.o microblaze_0/lib/microblaze_disa
TRACE::2026-06-09.12:23:52::SCWMssOS::ble_exceptions.o microblaze_0/lib/microblaze_disable_icache.o microblaze_0/lib/microblaze_disable_interrupts.o microblaze_0/lib
TRACE::2026-06-09.12:23:52::SCWMssOS::/microblaze_enable_dcache.o microblaze_0/lib/microblaze_enable_exceptions.o microblaze_0/lib/microblaze_enable_icache.o microbl
TRACE::2026-06-09.12:23:52::SCWMssOS::aze_0/lib/microblaze_enable_interrupts.o microblaze_0/lib/microblaze_exception_handler.o microblaze_0/lib/microblaze_flush_cach
TRACE::2026-06-09.12:23:52::SCWMssOS::e_ext.o microblaze_0/lib/microblaze_flush_cache_ext_range.o microblaze_0/lib/microblaze_flush_dcache.o microblaze_0/lib/microbl
TRACE::2026-06-09.12:23:52::SCWMssOS::aze_flush_dcache_range.o microblaze_0/lib/microblaze_init_dcache_range.o microblaze_0/lib/microblaze_init_icache_range.o microb
TRACE::2026-06-09.12:23:52::SCWMssOS::laze_0/lib/microblaze_interrupt_handler.o microblaze_0/lib/microblaze_interrupts_g.o microblaze_0/lib/microblaze_invalidate_cac
TRACE::2026-06-09.12:23:52::SCWMssOS::he_ext.o microblaze_0/lib/microblaze_invalidate_cache_ext_range.o microblaze_0/lib/microblaze_invalidate_dcache.o microblaze_0/
TRACE::2026-06-09.12:23:52::SCWMssOS::lib/microblaze_invalidate_dcache_range.o microblaze_0/lib/microblaze_invalidate_icache.o microblaze_0/lib/microblaze_invalidate
TRACE::2026-06-09.12:23:52::SCWMssOS::_icache_range.o microblaze_0/lib/microblaze_scrub.o microblaze_0/lib/microblaze_selftest.o microblaze_0/lib/microblaze_sleep.o 
TRACE::2026-06-09.12:23:52::SCWMssOS::microblaze_0/lib/microblaze_update_dcache.o microblaze_0/lib/microblaze_update_icache.o microblaze_0/lib/outbyte.o microblaze_0
TRACE::2026-06-09.12:23:52::SCWMssOS::/lib/print.o microblaze_0/lib/pvr.o microblaze_0/lib/xbram.o microblaze_0/lib/xbram_g.o microblaze_0/lib/xbram_intr.o microblaz
TRACE::2026-06-09.12:23:52::SCWMssOS::e_0/lib/xbram_selftest.o microblaze_0/lib/xbram_sinit.o microblaze_0/lib/xil_assert.o microblaze_0/lib/xil_cache.o microblaze_0
TRACE::2026-06-09.12:23:52::SCWMssOS::/lib/xil_clocking.o microblaze_0/lib/xil_exception.o microblaze_0/lib/xil_mem.o microblaze_0/lib/xil_misc_psreset_api.o microbl
TRACE::2026-06-09.12:23:52::SCWMssOS::aze_0/lib/xil_printf.o microblaze_0/lib/xil_sleepcommon.o microblaze_0/lib/xil_testcache.o microblaze_0/lib/xil_testio.o microb
TRACE::2026-06-09.12:23:52::SCWMssOS::laze_0/lib/xil_testmem.o microblaze_0/lib/xil_util.o microblaze_0/lib/xinterrupt_wrap.o microblaze_0/lib/xio.o microblaze_0/lib
TRACE::2026-06-09.12:23:52::SCWMssOS::/xplatform_info.o microblaze_0/lib/xuartlite.o microblaze_0/lib/xuartlite_g.o microblaze_0/lib/xuartlite_intr.o microblaze_0/li
TRACE::2026-06-09.12:23:52::SCWMssOS::b/xuartlite_l.o microblaze_0/lib/xuartlite_selftest.o microblaze_0/lib/xuartlite_sinit.o microblaze_0/lib/xuartlite_stats.o

TRACE::2026-06-09.12:23:52::SCWMssOS::'Finished building libraries'

TRACE::2026-06-09.12:23:52::SCWMssOS:: Checking if to create the Supporting Applications
TRACE::2026-06-09.12:23:52::SCWMssOS:: No Linux domain exists, trying to generate FSBL 
LOG::2026-06-09.12:23:52::SCWSystem::Completed Processing the domain standalone_microblaze_0
LOG::2026-06-09.12:23:52::SCWSystem::Completed Processing the sysconfig rtc_fnd_axi_wrapper
LOG::2026-06-09.12:23:52::SCWPlatform::Completed generating the artifacts for system configuration rtc_fnd_axi_wrapper
TRACE::2026-06-09.12:23:52::SCWPlatform::Started preparing the platform 
TRACE::2026-06-09.12:23:52::SCWSystem::Writing the bif file for system config rtc_fnd_axi_wrapper
TRACE::2026-06-09.12:23:52::SCWSystem::dir created 
TRACE::2026-06-09.12:23:52::SCWSystem::Writing the bif 
TRACE::2026-06-09.12:23:52::SCWPlatform::Started writing the spfm file 
TRACE::2026-06-09.12:23:52::SCWPlatform::Started writing the xpfm file 
TRACE::2026-06-09.12:23:52::SCWPlatform::Completed generating the platform
TRACE::2026-06-09.12:23:52::SCWMssOS::Saving the mss changes D:/vivado_pj/RTC_FND_AXI/workspace/rtc_fnd_axi_wrapper/microblaze_0/standalone_microblaze_0/bsp/system.mss
TRACE::2026-06-09.12:23:52::SCWMssOS::Adding the swdes entry, mss present, able to open swdb D:/vivado_pj/RTC_FND_AXI/workspace/rtc_fnd_axi_wrapper/microblaze_0/standalone_microblaze_0/bsp/system.mss with des name system
TRACE::2026-06-09.12:23:52::SCWMssOS::Writing the mss file completed D:/vivado_pj/RTC_FND_AXI/workspace/rtc_fnd_axi_wrapper/microblaze_0/standalone_microblaze_0/bsp/system.mss
TRACE::2026-06-09.12:23:52::SCWMssOS::Commit changes completed.
TRACE::2026-06-09.12:23:52::SCWPlatform::Trying to open the hw design at D:/vivado_pj/RTC_FND_AXI/workspace/rtc_fnd_axi_wrapper/hw/rtc_fnd_axi_wrapper5.xsa
TRACE::2026-06-09.12:23:52::SCWPlatform::DSA given D:/vivado_pj/RTC_FND_AXI/workspace/rtc_fnd_axi_wrapper/hw/rtc_fnd_axi_wrapper5.xsa
TRACE::2026-06-09.12:23:52::SCWPlatform::DSA absoulate path D:/vivado_pj/RTC_FND_AXI/workspace/rtc_fnd_axi_wrapper/hw/rtc_fnd_axi_wrapper5.xsa
TRACE::2026-06-09.12:23:52::SCWPlatform::DSA directory D:/vivado_pj/RTC_FND_AXI/workspace/rtc_fnd_axi_wrapper/hw
TRACE::2026-06-09.12:23:52::SCWPlatform:: Platform Path D:/vivado_pj/RTC_FND_AXI/workspace/rtc_fnd_axi_wrapper/hw/rtc_fnd_axi_wrapper5.xsa
TRACE::2026-06-09.12:23:52::SCWPlatform:: Unique name xilinx:basys3::0.0
TRACE::2026-06-09.12:23:52::SCWPlatform::Trying to set the existing hwdb with name rtc_fnd_axi_wrapper_17
TRACE::2026-06-09.12:23:52::SCWPlatform::Opened existing hwdb rtc_fnd_axi_wrapper_17
TRACE::2026-06-09.12:23:52::SCWPlatform::Found the Hw Db part of the input DSA
TRACE::2026-06-09.12:23:52::SCWMssOS::Checking the sw design at  D:/vivado_pj/RTC_FND_AXI/workspace/rtc_fnd_axi_wrapper/microblaze_0/standalone_microblaze_0/bsp/system.mss
TRACE::2026-06-09.12:23:52::SCWMssOS::DEBUG:  swdes dump  D:/vivado_pj/RTC_FND_AXI/workspace/rtc_fnd_axi_wrapper/microblaze_0/standalone_microblaze_0/bsp/system.mss|system||

TRACE::2026-06-09.12:23:52::SCWMssOS::Sw design exists and opened at  D:/vivado_pj/RTC_FND_AXI/workspace/rtc_fnd_axi_wrapper/microblaze_0/standalone_microblaze_0/bsp/system.mss
TRACE::2026-06-09.12:23:52::SCWWriter::formatted JSON is {
	"platformName":	"rtc_fnd_axi_wrapper",
	"sprVersion":	"2.0",
	"mode":	"gui",
	"dsaType":	"Fixed",
	"platformDesc":	"rtc_fnd_axi_wrapper",
	"platHandOff":	"D:/vivado_pj/RTC_FND_AXI/rtc_fnd_axi_wrapper5.xsa",
	"platIntHandOff":	"<platformDir>/hw/rtc_fnd_axi_wrapper5.xsa",
	"deviceType":	"FPGA",
	"platIsPrebuiltAutogen":	"false",
	"platIsNoBootBsp":	"false",
	"hasFsblMakeHasChanges":	"false",
	"hasPmufwMakeHasChanges":	"false",
	"platPreBuiltFlag":	false,
	"platformSamplesDir":	"",
	"platActiveSys":	"rtc_fnd_axi_wrapper",
	"systems":	[{
			"systemName":	"rtc_fnd_axi_wrapper",
			"systemDesc":	"rtc_fnd_axi_wrapper",
			"sysIsBootAutoGen":	"true",
			"systemDispName":	"rtc_fnd_axi_wrapper",
			"sysActiveDom":	"standalone_microblaze_0",
			"sysDefaultDom":	"standalone_microblaze_0",
			"domains":	[{
					"domainName":	"standalone_microblaze_0",
					"domainDispName":	"standalone_microblaze_0",
					"domainDesc":	"standalone_microblaze_0",
					"processors":	"microblaze_0",
					"os":	"standalone",
					"sdxOs":	"standalone",
					"debugEnable":	"False",
					"domRuntimes":	["cpp"],
					"swRepo":	"",
					"mssOsVer":	"8.1",
					"mssFile":	"",
					"md5Digest":	"3916ba371a6c5525b0331437d0164d92",
					"compatibleApp":	"",
					"domType":	"mssDomain",
					"arch":	"32-bit",
					"appSettings":	{
						"appCompilerFlags":	"",
						"appLinkerFlags":	""
					},
					"addedLibs":	[],
					"libOptions":	{
						"libsContainingOptions":	[]
					},
					"prebuiltLibs":	{
						"prebuiltIncPath":	[],
						"prebuiltLibPath":	[]
					},
					"isolation":	{
					}
				}]
		}]
}
KEYINFO::2026-06-09.12:23:52::SCWPlatform::updated the xpfm file.
TRACE::2026-06-09.12:23:52::SCWPlatform::Trying to open the hw design at D:/vivado_pj/RTC_FND_AXI/workspace/rtc_fnd_axi_wrapper/hw/rtc_fnd_axi_wrapper5.xsa
TRACE::2026-06-09.12:23:52::SCWPlatform::DSA given D:/vivado_pj/RTC_FND_AXI/workspace/rtc_fnd_axi_wrapper/hw/rtc_fnd_axi_wrapper5.xsa
TRACE::2026-06-09.12:23:52::SCWPlatform::DSA absoulate path D:/vivado_pj/RTC_FND_AXI/workspace/rtc_fnd_axi_wrapper/hw/rtc_fnd_axi_wrapper5.xsa
TRACE::2026-06-09.12:23:52::SCWPlatform::DSA directory D:/vivado_pj/RTC_FND_AXI/workspace/rtc_fnd_axi_wrapper/hw
TRACE::2026-06-09.12:23:52::SCWPlatform:: Platform Path D:/vivado_pj/RTC_FND_AXI/workspace/rtc_fnd_axi_wrapper/hw/rtc_fnd_axi_wrapper5.xsa
TRACE::2026-06-09.12:23:52::SCWPlatform:: Unique name xilinx:basys3::0.0
TRACE::2026-06-09.12:23:52::SCWPlatform::Trying to set the existing hwdb with name rtc_fnd_axi_wrapper_17
TRACE::2026-06-09.12:23:52::SCWPlatform::Opened existing hwdb rtc_fnd_axi_wrapper_17
TRACE::2026-06-09.12:23:52::SCWPlatform::Found the Hw Db part of the input DSA
TRACE::2026-06-09.12:23:52::SCWMssOS::Checking the sw design at  D:/vivado_pj/RTC_FND_AXI/workspace/rtc_fnd_axi_wrapper/microblaze_0/standalone_microblaze_0/bsp/system.mss
TRACE::2026-06-09.12:23:52::SCWMssOS::DEBUG:  swdes dump  D:/vivado_pj/RTC_FND_AXI/workspace/rtc_fnd_axi_wrapper/microblaze_0/standalone_microblaze_0/bsp/system.mss|system||

TRACE::2026-06-09.12:23:52::SCWMssOS::Sw design exists and opened at  D:/vivado_pj/RTC_FND_AXI/workspace/rtc_fnd_axi_wrapper/microblaze_0/standalone_microblaze_0/bsp/system.mss
TRACE::2026-06-09.12:30:59::SCWPlatform::Clearing the existing platform
TRACE::2026-06-09.12:30:59::SCWSystem::Clearing the existing sysconfig
TRACE::2026-06-09.12:30:59::SCWMssOS::Removing the swdes entry for  D:/vivado_pj/RTC_FND_AXI/workspace/rtc_fnd_axi_wrapper/microblaze_0/standalone_microblaze_0/bsp/system.mss
TRACE::2026-06-09.12:30:59::SCWSystem::Clearing the domains completed.
TRACE::2026-06-09.12:30:59::SCWPlatform::Clearing the opened hw db.
TRACE::2026-06-09.12:30:59::SCWPlatform::DSA given D:/vivado_pj/RTC_FND_AXI/workspace/rtc_fnd_axi_wrapper/hw/rtc_fnd_axi_wrapper5.xsa
TRACE::2026-06-09.12:30:59::SCWPlatform::DSA absoulate path D:/vivado_pj/RTC_FND_AXI/workspace/rtc_fnd_axi_wrapper/hw/rtc_fnd_axi_wrapper5.xsa
TRACE::2026-06-09.12:30:59::SCWPlatform:: Platform location is D:/vivado_pj/RTC_FND_AXI/workspace/rtc_fnd_axi_wrapper/hw
TRACE::2026-06-09.12:30:59::SCWPlatform:: Platform Path D:/vivado_pj/RTC_FND_AXI/workspace/rtc_fnd_axi_wrapper/hw/rtc_fnd_axi_wrapper5.xsa
TRACE::2026-06-09.12:30:59::SCWPlatform:: Unique name xilinx:basys3::0.0
TRACE::2026-06-09.12:30:59::SCWPlatform::Removing the HwDB with name D:/vivado_pj/RTC_FND_AXI/workspace/rtc_fnd_axi_wrapper/hw/rtc_fnd_axi_wrapper5.xsa
TRACE::2026-06-09.12:30:59::SCWPlatform::Trying to open the hw design at D:/vivado_pj/RTC_FND_AXI/workspace/rtc_fnd_axi_wrapper/hw/rtc_fnd_axi_wrapper5.xsa
TRACE::2026-06-09.12:30:59::SCWPlatform::DSA given D:/vivado_pj/RTC_FND_AXI/workspace/rtc_fnd_axi_wrapper/hw/rtc_fnd_axi_wrapper5.xsa
TRACE::2026-06-09.12:30:59::SCWPlatform::DSA absoulate path D:/vivado_pj/RTC_FND_AXI/workspace/rtc_fnd_axi_wrapper/hw/rtc_fnd_axi_wrapper5.xsa
TRACE::2026-06-09.12:30:59::SCWPlatform::DSA directory D:/vivado_pj/RTC_FND_AXI/workspace/rtc_fnd_axi_wrapper/hw
TRACE::2026-06-09.12:30:59::SCWPlatform:: Platform Path D:/vivado_pj/RTC_FND_AXI/workspace/rtc_fnd_axi_wrapper/hw/rtc_fnd_axi_wrapper5.xsa
TRACE::2026-06-09.12:30:59::SCWPlatform:: Unique name xilinx:basys3::0.0
TRACE::2026-06-09.12:30:59::SCWPlatform::Do not have an existing db opened. 
TRACE::2026-06-09.12:30:59::SCWPlatform::Opened new HwDB with name rtc_fnd_axi_wrapper_19
TRACE::2026-06-09.12:30:59::SCWReader::Active system found as  rtc_fnd_axi_wrapper
TRACE::2026-06-09.12:30:59::SCWReader::Handling sysconfig rtc_fnd_axi_wrapper
TRACE::2026-06-09.12:30:59::SCWDomain::checking for install qemu data   : 
TRACE::2026-06-09.12:30:59::SCWPlatform::Trying to open the hw design at D:/vivado_pj/RTC_FND_AXI/workspace/rtc_fnd_axi_wrapper/hw/rtc_fnd_axi_wrapper5.xsa
TRACE::2026-06-09.12:30:59::SCWPlatform::DSA given D:/vivado_pj/RTC_FND_AXI/workspace/rtc_fnd_axi_wrapper/hw/rtc_fnd_axi_wrapper5.xsa
TRACE::2026-06-09.12:30:59::SCWPlatform::DSA absoulate path D:/vivado_pj/RTC_FND_AXI/workspace/rtc_fnd_axi_wrapper/hw/rtc_fnd_axi_wrapper5.xsa
TRACE::2026-06-09.12:30:59::SCWPlatform::DSA directory D:/vivado_pj/RTC_FND_AXI/workspace/rtc_fnd_axi_wrapper/hw
TRACE::2026-06-09.12:30:59::SCWPlatform:: Platform Path D:/vivado_pj/RTC_FND_AXI/workspace/rtc_fnd_axi_wrapper/hw/rtc_fnd_axi_wrapper5.xsa
TRACE::2026-06-09.12:30:59::SCWPlatform:: Unique name xilinx:basys3::0.0
TRACE::2026-06-09.12:30:59::SCWPlatform::Trying to set the existing hwdb with name rtc_fnd_axi_wrapper_19
TRACE::2026-06-09.12:30:59::SCWPlatform::Opened existing hwdb rtc_fnd_axi_wrapper_19
TRACE::2026-06-09.12:30:59::SCWPlatform::Found the Hw Db part of the input DSA
TRACE::2026-06-09.12:30:59::SCWPlatform::Trying to open the hw design at D:/vivado_pj/RTC_FND_AXI/workspace/rtc_fnd_axi_wrapper/hw/rtc_fnd_axi_wrapper5.xsa
TRACE::2026-06-09.12:30:59::SCWPlatform::DSA given D:/vivado_pj/RTC_FND_AXI/workspace/rtc_fnd_axi_wrapper/hw/rtc_fnd_axi_wrapper5.xsa
TRACE::2026-06-09.12:30:59::SCWPlatform::DSA absoulate path D:/vivado_pj/RTC_FND_AXI/workspace/rtc_fnd_axi_wrapper/hw/rtc_fnd_axi_wrapper5.xsa
TRACE::2026-06-09.12:30:59::SCWPlatform::DSA directory D:/vivado_pj/RTC_FND_AXI/workspace/rtc_fnd_axi_wrapper/hw
TRACE::2026-06-09.12:30:59::SCWPlatform:: Platform Path D:/vivado_pj/RTC_FND_AXI/workspace/rtc_fnd_axi_wrapper/hw/rtc_fnd_axi_wrapper5.xsa
TRACE::2026-06-09.12:30:59::SCWPlatform:: Unique name xilinx:basys3::0.0
TRACE::2026-06-09.12:30:59::SCWPlatform::Trying to set the existing hwdb with name rtc_fnd_axi_wrapper_19
TRACE::2026-06-09.12:30:59::SCWPlatform::Opened existing hwdb rtc_fnd_axi_wrapper_19
TRACE::2026-06-09.12:30:59::SCWPlatform::Found the Hw Db part of the input DSA
TRACE::2026-06-09.12:30:59::SCWPlatform::Trying to open the hw design at D:/vivado_pj/RTC_FND_AXI/workspace/rtc_fnd_axi_wrapper/hw/rtc_fnd_axi_wrapper5.xsa
TRACE::2026-06-09.12:30:59::SCWPlatform::DSA given D:/vivado_pj/RTC_FND_AXI/workspace/rtc_fnd_axi_wrapper/hw/rtc_fnd_axi_wrapper5.xsa
TRACE::2026-06-09.12:30:59::SCWPlatform::DSA absoulate path D:/vivado_pj/RTC_FND_AXI/workspace/rtc_fnd_axi_wrapper/hw/rtc_fnd_axi_wrapper5.xsa
TRACE::2026-06-09.12:30:59::SCWPlatform::DSA directory D:/vivado_pj/RTC_FND_AXI/workspace/rtc_fnd_axi_wrapper/hw
TRACE::2026-06-09.12:30:59::SCWPlatform:: Platform Path D:/vivado_pj/RTC_FND_AXI/workspace/rtc_fnd_axi_wrapper/hw/rtc_fnd_axi_wrapper5.xsa
TRACE::2026-06-09.12:30:59::SCWPlatform:: Unique name xilinx:basys3::0.0
TRACE::2026-06-09.12:30:59::SCWPlatform::Trying to set the existing hwdb with name rtc_fnd_axi_wrapper_19
TRACE::2026-06-09.12:30:59::SCWPlatform::Opened existing hwdb rtc_fnd_axi_wrapper_19
TRACE::2026-06-09.12:30:59::SCWPlatform::Found the Hw Db part of the input DSA
TRACE::2026-06-09.12:30:59::SCWPlatform::Trying to open the hw design at D:/vivado_pj/RTC_FND_AXI/workspace/rtc_fnd_axi_wrapper/hw/rtc_fnd_axi_wrapper5.xsa
TRACE::2026-06-09.12:30:59::SCWPlatform::DSA given D:/vivado_pj/RTC_FND_AXI/workspace/rtc_fnd_axi_wrapper/hw/rtc_fnd_axi_wrapper5.xsa
TRACE::2026-06-09.12:30:59::SCWPlatform::DSA absoulate path D:/vivado_pj/RTC_FND_AXI/workspace/rtc_fnd_axi_wrapper/hw/rtc_fnd_axi_wrapper5.xsa
TRACE::2026-06-09.12:30:59::SCWPlatform::DSA directory D:/vivado_pj/RTC_FND_AXI/workspace/rtc_fnd_axi_wrapper/hw
TRACE::2026-06-09.12:30:59::SCWPlatform:: Platform Path D:/vivado_pj/RTC_FND_AXI/workspace/rtc_fnd_axi_wrapper/hw/rtc_fnd_axi_wrapper5.xsa
TRACE::2026-06-09.12:30:59::SCWPlatform:: Unique name xilinx:basys3::0.0
TRACE::2026-06-09.12:30:59::SCWPlatform::Trying to set the existing hwdb with name rtc_fnd_axi_wrapper_19
TRACE::2026-06-09.12:30:59::SCWPlatform::Opened existing hwdb rtc_fnd_axi_wrapper_19
TRACE::2026-06-09.12:30:59::SCWPlatform::Found the Hw Db part of the input DSA
TRACE::2026-06-09.12:30:59::SCWMssOS::Checking the sw design at  D:/vivado_pj/RTC_FND_AXI/workspace/rtc_fnd_axi_wrapper/microblaze_0/standalone_microblaze_0/bsp/system.mss
TRACE::2026-06-09.12:30:59::SCWMssOS::DEBUG:  swdes dump  
TRACE::2026-06-09.12:30:59::SCWMssOS::No sw design opened at  D:/vivado_pj/RTC_FND_AXI/workspace/rtc_fnd_axi_wrapper/microblaze_0/standalone_microblaze_0/bsp/system.mss
TRACE::2026-06-09.12:30:59::SCWMssOS::mss exists loading the mss file  D:/vivado_pj/RTC_FND_AXI/workspace/rtc_fnd_axi_wrapper/microblaze_0/standalone_microblaze_0/bsp/system.mss
TRACE::2026-06-09.12:30:59::SCWMssOS::Opened the sw design from mss  D:/vivado_pj/RTC_FND_AXI/workspace/rtc_fnd_axi_wrapper/microblaze_0/standalone_microblaze_0/bsp/system.mss
TRACE::2026-06-09.12:30:59::SCWMssOS::Adding the swdes entry D:/vivado_pj/RTC_FND_AXI/workspace/rtc_fnd_axi_wrapper/microblaze_0/standalone_microblaze_0/bsp/system.mss with des name system
TRACE::2026-06-09.12:30:59::SCWMssOS::updating the scw layer about changes
TRACE::2026-06-09.12:30:59::SCWMssOS::Opened the sw design.  D:/vivado_pj/RTC_FND_AXI/workspace/rtc_fnd_axi_wrapper/microblaze_0/standalone_microblaze_0/bsp/system.mss
TRACE::2026-06-09.12:30:59::SCWMssOS::Saving the mss changes D:/vivado_pj/RTC_FND_AXI/workspace/rtc_fnd_axi_wrapper/microblaze_0/standalone_microblaze_0/bsp/system.mss
TRACE::2026-06-09.12:30:59::SCWMssOS::Found a swdesign opened with the mssfile.
TRACE::2026-06-09.12:30:59::SCWMssOS::Completed writemss as part of save.
TRACE::2026-06-09.12:30:59::SCWMssOS::Commit changes completed.
TRACE::2026-06-09.12:30:59::SCWReader::Adding prebuilt librarypaths as   
TRACE::2026-06-09.12:30:59::SCWReader::Adding prebuilt incpaths  as   
TRACE::2026-06-09.12:30:59::SCWPlatform::Trying to open the hw design at D:/vivado_pj/RTC_FND_AXI/workspace/rtc_fnd_axi_wrapper/hw/rtc_fnd_axi_wrapper5.xsa
TRACE::2026-06-09.12:30:59::SCWPlatform::DSA given D:/vivado_pj/RTC_FND_AXI/workspace/rtc_fnd_axi_wrapper/hw/rtc_fnd_axi_wrapper5.xsa
TRACE::2026-06-09.12:30:59::SCWPlatform::DSA absoulate path D:/vivado_pj/RTC_FND_AXI/workspace/rtc_fnd_axi_wrapper/hw/rtc_fnd_axi_wrapper5.xsa
TRACE::2026-06-09.12:30:59::SCWPlatform::DSA directory D:/vivado_pj/RTC_FND_AXI/workspace/rtc_fnd_axi_wrapper/hw
TRACE::2026-06-09.12:30:59::SCWPlatform:: Platform Path D:/vivado_pj/RTC_FND_AXI/workspace/rtc_fnd_axi_wrapper/hw/rtc_fnd_axi_wrapper5.xsa
TRACE::2026-06-09.12:30:59::SCWPlatform:: Unique name xilinx:basys3::0.0
TRACE::2026-06-09.12:30:59::SCWPlatform::Trying to set the existing hwdb with name rtc_fnd_axi_wrapper_19
TRACE::2026-06-09.12:30:59::SCWPlatform::Opened existing hwdb rtc_fnd_axi_wrapper_19
TRACE::2026-06-09.12:30:59::SCWPlatform::Found the Hw Db part of the input DSA
TRACE::2026-06-09.12:30:59::SCWMssOS::Checking the sw design at  D:/vivado_pj/RTC_FND_AXI/workspace/rtc_fnd_axi_wrapper/microblaze_0/standalone_microblaze_0/bsp/system.mss
TRACE::2026-06-09.12:30:59::SCWMssOS::DEBUG:  swdes dump  D:/vivado_pj/RTC_FND_AXI/workspace/rtc_fnd_axi_wrapper/microblaze_0/standalone_microblaze_0/bsp/system.mss|system||

TRACE::2026-06-09.12:30:59::SCWMssOS::Sw design exists and opened at  D:/vivado_pj/RTC_FND_AXI/workspace/rtc_fnd_axi_wrapper/microblaze_0/standalone_microblaze_0/bsp/system.mss
TRACE::2026-06-09.12:30:59::SCWReader::No isolation master present  
TRACE::2026-06-09.12:31:05::SCWPlatform::DSA given D:/vivado_pj/RTC_FND_AXI/workspace/rtc_fnd_axi_wrapper/tempdsa/rtc_fnd_axi_wrapper.xsa
TRACE::2026-06-09.12:31:05::SCWPlatform::DSA absoulate path D:/vivado_pj/RTC_FND_AXI/workspace/rtc_fnd_axi_wrapper/tempdsa/rtc_fnd_axi_wrapper.xsa
TRACE::2026-06-09.12:31:05::SCWPlatform:: Platform location is D:/vivado_pj/RTC_FND_AXI/workspace/rtc_fnd_axi_wrapper/tempdsa
TRACE::2026-06-09.12:31:05::SCWPlatform:: Platform Path D:/vivado_pj/RTC_FND_AXI/workspace/rtc_fnd_axi_wrapper/tempdsa/rtc_fnd_axi_wrapper.xsa
TRACE::2026-06-09.12:31:05::SCWPlatform:: Unique name xilinx:basys3::0.0
TRACE::2026-06-09.12:31:05::SCWPlatform::Found the Hw Db part of the input DSA
TRACE::2026-06-09.12:31:05::SCWMssOS::Doing hw sync for the mss in domain: standalone_microblaze_0
TRACE::2026-06-09.12:31:05::SCWPlatform::Trying to open the hw design at D:/vivado_pj/RTC_FND_AXI/workspace/rtc_fnd_axi_wrapper/hw/rtc_fnd_axi_wrapper5.xsa
TRACE::2026-06-09.12:31:05::SCWPlatform::DSA given D:/vivado_pj/RTC_FND_AXI/workspace/rtc_fnd_axi_wrapper/hw/rtc_fnd_axi_wrapper5.xsa
TRACE::2026-06-09.12:31:05::SCWPlatform::DSA absoulate path D:/vivado_pj/RTC_FND_AXI/workspace/rtc_fnd_axi_wrapper/hw/rtc_fnd_axi_wrapper5.xsa
TRACE::2026-06-09.12:31:05::SCWPlatform::DSA directory D:/vivado_pj/RTC_FND_AXI/workspace/rtc_fnd_axi_wrapper/hw
TRACE::2026-06-09.12:31:05::SCWPlatform:: Platform Path D:/vivado_pj/RTC_FND_AXI/workspace/rtc_fnd_axi_wrapper/hw/rtc_fnd_axi_wrapper5.xsa
TRACE::2026-06-09.12:31:05::SCWPlatform:: Unique name xilinx:basys3::0.0
TRACE::2026-06-09.12:31:05::SCWPlatform::Trying to set the existing hwdb with name rtc_fnd_axi_wrapper_19
TRACE::2026-06-09.12:31:05::SCWPlatform::Opened existing hwdb rtc_fnd_axi_wrapper_19
TRACE::2026-06-09.12:31:05::SCWPlatform::Found the Hw Db part of the input DSA
TRACE::2026-06-09.12:31:05::SCWPlatform::Trying to open the hw design at D:/vivado_pj/RTC_FND_AXI/workspace/rtc_fnd_axi_wrapper/hw/rtc_fnd_axi_wrapper5.xsa
TRACE::2026-06-09.12:31:05::SCWPlatform::DSA given D:/vivado_pj/RTC_FND_AXI/workspace/rtc_fnd_axi_wrapper/hw/rtc_fnd_axi_wrapper5.xsa
TRACE::2026-06-09.12:31:05::SCWPlatform::DSA absoulate path D:/vivado_pj/RTC_FND_AXI/workspace/rtc_fnd_axi_wrapper/hw/rtc_fnd_axi_wrapper5.xsa
TRACE::2026-06-09.12:31:05::SCWPlatform::DSA directory D:/vivado_pj/RTC_FND_AXI/workspace/rtc_fnd_axi_wrapper/hw
TRACE::2026-06-09.12:31:05::SCWPlatform:: Platform Path D:/vivado_pj/RTC_FND_AXI/workspace/rtc_fnd_axi_wrapper/hw/rtc_fnd_axi_wrapper5.xsa
TRACE::2026-06-09.12:31:05::SCWPlatform:: Unique name xilinx:basys3::0.0
TRACE::2026-06-09.12:31:05::SCWPlatform::Trying to set the existing hwdb with name rtc_fnd_axi_wrapper_19
TRACE::2026-06-09.12:31:05::SCWPlatform::Opened existing hwdb rtc_fnd_axi_wrapper_19
TRACE::2026-06-09.12:31:05::SCWPlatform::Found the Hw Db part of the input DSA
TRACE::2026-06-09.12:31:05::SCWMssOS::Checking the sw design at  D:/vivado_pj/RTC_FND_AXI/workspace/rtc_fnd_axi_wrapper/microblaze_0/standalone_microblaze_0/bsp/system.mss
TRACE::2026-06-09.12:31:05::SCWMssOS::DEBUG:  swdes dump  D:/vivado_pj/RTC_FND_AXI/workspace/rtc_fnd_axi_wrapper/microblaze_0/standalone_microblaze_0/bsp/system.mss|system||

TRACE::2026-06-09.12:31:05::SCWMssOS::Sw design exists and opened at  D:/vivado_pj/RTC_FND_AXI/workspace/rtc_fnd_axi_wrapper/microblaze_0/standalone_microblaze_0/bsp/system.mss
TRACE::2026-06-09.12:31:05::SCWPlatform::Trying to open the hw design at D:/vivado_pj/RTC_FND_AXI/workspace/rtc_fnd_axi_wrapper/tempdsa/rtc_fnd_axi_wrapper.xsa
TRACE::2026-06-09.12:31:05::SCWPlatform::DSA given D:/vivado_pj/RTC_FND_AXI/workspace/rtc_fnd_axi_wrapper/tempdsa/rtc_fnd_axi_wrapper.xsa
TRACE::2026-06-09.12:31:05::SCWPlatform::DSA absoulate path D:/vivado_pj/RTC_FND_AXI/workspace/rtc_fnd_axi_wrapper/tempdsa/rtc_fnd_axi_wrapper.xsa
TRACE::2026-06-09.12:31:05::SCWPlatform::DSA directory D:/vivado_pj/RTC_FND_AXI/workspace/rtc_fnd_axi_wrapper/tempdsa
TRACE::2026-06-09.12:31:05::SCWPlatform:: Platform Path D:/vivado_pj/RTC_FND_AXI/workspace/rtc_fnd_axi_wrapper/tempdsa/rtc_fnd_axi_wrapper.xsa
TRACE::2026-06-09.12:31:05::SCWPlatform:: Unique name xilinx:basys3::0.0
TRACE::2026-06-09.12:31:05::SCWPlatform::update - Opened existing hwdb rtc_fnd_axi_wrapper_20
TRACE::2026-06-09.12:31:05::SCWPlatform::Found the Hw Db part of the input DSA
TRACE::2026-06-09.12:31:05::SCWMssOS::Saving the mss changes D:/vivado_pj/RTC_FND_AXI/workspace/rtc_fnd_axi_wrapper/microblaze_0/standalone_microblaze_0/bsp/system.mss
TRACE::2026-06-09.12:31:05::SCWMssOS::Found a swdesign opened with the mssfile.
TRACE::2026-06-09.12:31:05::SCWMssOS::Completed writemss as part of save.
TRACE::2026-06-09.12:31:05::SCWMssOS::Commit changes completed.
TRACE::2026-06-09.12:31:05::SCWMssOS::Completed hw sync for the mss in domain: standalone_microblaze_0
TRACE::2026-06-09.12:31:05::SCWMssOS::Removing the swdes entry for  D:/vivado_pj/RTC_FND_AXI/workspace/rtc_fnd_axi_wrapper/microblaze_0/standalone_microblaze_0/bsp/system.mss
TRACE::2026-06-09.12:31:05::SCWPlatform::Trying to open the hw design at D:/vivado_pj/RTC_FND_AXI/workspace/rtc_fnd_axi_wrapper/hw/rtc_fnd_axi_wrapper.xsa
TRACE::2026-06-09.12:31:05::SCWPlatform::DSA given D:/vivado_pj/RTC_FND_AXI/workspace/rtc_fnd_axi_wrapper/hw/rtc_fnd_axi_wrapper.xsa
TRACE::2026-06-09.12:31:05::SCWPlatform::DSA absoulate path D:/vivado_pj/RTC_FND_AXI/workspace/rtc_fnd_axi_wrapper/hw/rtc_fnd_axi_wrapper.xsa
TRACE::2026-06-09.12:31:05::SCWPlatform::DSA directory D:/vivado_pj/RTC_FND_AXI/workspace/rtc_fnd_axi_wrapper/hw
TRACE::2026-06-09.12:31:05::SCWPlatform:: Platform Path D:/vivado_pj/RTC_FND_AXI/workspace/rtc_fnd_axi_wrapper/hw/rtc_fnd_axi_wrapper.xsa
TRACE::2026-06-09.12:31:05::SCWPlatform:: Unique name xilinx:basys3::0.0
TRACE::2026-06-09.12:31:05::SCWPlatform::Do not have an existing db opened. 
TRACE::2026-06-09.12:31:05::SCWPlatform::Opened new HwDB with name rtc_fnd_axi_wrapper_21
TRACE::2026-06-09.12:31:05::SCWMssOS::Saving the mss changes D:/vivado_pj/RTC_FND_AXI/workspace/rtc_fnd_axi_wrapper/microblaze_0/standalone_microblaze_0/bsp/system.mss
TRACE::2026-06-09.12:31:05::SCWMssOS::Adding the swdes entry, mss present, able to open swdb D:/vivado_pj/RTC_FND_AXI/workspace/rtc_fnd_axi_wrapper/microblaze_0/standalone_microblaze_0/bsp/system.mss with des name system
TRACE::2026-06-09.12:31:05::SCWMssOS::Writing the mss file completed D:/vivado_pj/RTC_FND_AXI/workspace/rtc_fnd_axi_wrapper/microblaze_0/standalone_microblaze_0/bsp/system.mss
TRACE::2026-06-09.12:31:05::SCWMssOS::Commit changes completed.
TRACE::2026-06-09.12:31:05::SCWPlatform::Trying to open the hw design at D:/vivado_pj/RTC_FND_AXI/workspace/rtc_fnd_axi_wrapper/hw/rtc_fnd_axi_wrapper.xsa
TRACE::2026-06-09.12:31:05::SCWPlatform::DSA given D:/vivado_pj/RTC_FND_AXI/workspace/rtc_fnd_axi_wrapper/hw/rtc_fnd_axi_wrapper.xsa
TRACE::2026-06-09.12:31:05::SCWPlatform::DSA absoulate path D:/vivado_pj/RTC_FND_AXI/workspace/rtc_fnd_axi_wrapper/hw/rtc_fnd_axi_wrapper.xsa
TRACE::2026-06-09.12:31:05::SCWPlatform::DSA directory D:/vivado_pj/RTC_FND_AXI/workspace/rtc_fnd_axi_wrapper/hw
TRACE::2026-06-09.12:31:05::SCWPlatform:: Platform Path D:/vivado_pj/RTC_FND_AXI/workspace/rtc_fnd_axi_wrapper/hw/rtc_fnd_axi_wrapper.xsa
TRACE::2026-06-09.12:31:05::SCWPlatform:: Unique name xilinx:basys3::0.0
TRACE::2026-06-09.12:31:05::SCWPlatform::Trying to set the existing hwdb with name rtc_fnd_axi_wrapper_21
TRACE::2026-06-09.12:31:05::SCWPlatform::Opened existing hwdb rtc_fnd_axi_wrapper_21
TRACE::2026-06-09.12:31:05::SCWPlatform::Found the Hw Db part of the input DSA
TRACE::2026-06-09.12:31:05::SCWMssOS::Checking the sw design at  D:/vivado_pj/RTC_FND_AXI/workspace/rtc_fnd_axi_wrapper/microblaze_0/standalone_microblaze_0/bsp/system.mss
TRACE::2026-06-09.12:31:05::SCWMssOS::DEBUG:  swdes dump  D:/vivado_pj/RTC_FND_AXI/workspace/rtc_fnd_axi_wrapper/microblaze_0/standalone_microblaze_0/bsp/system.mss|system||

TRACE::2026-06-09.12:31:05::SCWMssOS::Sw design exists and opened at  D:/vivado_pj/RTC_FND_AXI/workspace/rtc_fnd_axi_wrapper/microblaze_0/standalone_microblaze_0/bsp/system.mss
TRACE::2026-06-09.12:31:05::SCWWriter::formatted JSON is {
	"platformName":	"rtc_fnd_axi_wrapper",
	"sprVersion":	"2.0",
	"mode":	"gui",
	"dsaType":	"Fixed",
	"platformDesc":	"rtc_fnd_axi_wrapper",
	"platHandOff":	"D:/vivado_pj/RTC_FND_AXI/rtc_fnd_axi_wrapper.xsa",
	"platIntHandOff":	"<platformDir>/hw/rtc_fnd_axi_wrapper.xsa",
	"deviceType":	"FPGA",
	"platIsPrebuiltAutogen":	"false",
	"platIsNoBootBsp":	"false",
	"hasFsblMakeHasChanges":	"false",
	"hasPmufwMakeHasChanges":	"false",
	"platPreBuiltFlag":	false,
	"platformSamplesDir":	"",
	"platActiveSys":	"rtc_fnd_axi_wrapper",
	"systems":	[{
			"systemName":	"rtc_fnd_axi_wrapper",
			"systemDesc":	"rtc_fnd_axi_wrapper",
			"sysIsBootAutoGen":	"true",
			"systemDispName":	"rtc_fnd_axi_wrapper",
			"sysActiveDom":	"standalone_microblaze_0",
			"sysDefaultDom":	"standalone_microblaze_0",
			"domains":	[{
					"domainName":	"standalone_microblaze_0",
					"domainDispName":	"standalone_microblaze_0",
					"domainDesc":	"standalone_microblaze_0",
					"processors":	"microblaze_0",
					"os":	"standalone",
					"sdxOs":	"standalone",
					"debugEnable":	"False",
					"domRuntimes":	["cpp"],
					"swRepo":	"",
					"mssOsVer":	"8.1",
					"mssFile":	"",
					"md5Digest":	"3916ba371a6c5525b0331437d0164d921",
					"compatibleApp":	"",
					"domType":	"mssDomain",
					"arch":	"32-bit",
					"appSettings":	{
						"appCompilerFlags":	"",
						"appLinkerFlags":	""
					},
					"addedLibs":	[],
					"libOptions":	{
						"libsContainingOptions":	[]
					},
					"prebuiltLibs":	{
						"prebuiltIncPath":	[],
						"prebuiltLibPath":	[]
					},
					"isolation":	{
					}
				}]
		}]
}
LOG::2026-06-09.12:31:12::SCWPlatform::Started generating the artifacts platform rtc_fnd_axi_wrapper
TRACE::2026-06-09.12:31:12::SCWPlatform::Sanity checking of platform is completed
LOG::2026-06-09.12:31:12::SCWPlatform::Started generating the artifacts for system configuration rtc_fnd_axi_wrapper
LOG::2026-06-09.12:31:12::SCWSystem::Checking the domain standalone_microblaze_0
LOG::2026-06-09.12:31:12::SCWSystem::Not a boot domain 
LOG::2026-06-09.12:31:12::SCWSystem::Started Processing the domain standalone_microblaze_0
TRACE::2026-06-09.12:31:12::SCWDomain::Generating domain artifcats
TRACE::2026-06-09.12:31:12::SCWMssOS::Generating standalone artifcats
TRACE::2026-06-09.12:31:12::SCWMssOS:: Copying the user libraries. 
TRACE::2026-06-09.12:31:12::SCWPlatform::Trying to open the hw design at D:/vivado_pj/RTC_FND_AXI/workspace/rtc_fnd_axi_wrapper/hw/rtc_fnd_axi_wrapper.xsa
TRACE::2026-06-09.12:31:12::SCWPlatform::DSA given D:/vivado_pj/RTC_FND_AXI/workspace/rtc_fnd_axi_wrapper/hw/rtc_fnd_axi_wrapper.xsa
TRACE::2026-06-09.12:31:12::SCWPlatform::DSA absoulate path D:/vivado_pj/RTC_FND_AXI/workspace/rtc_fnd_axi_wrapper/hw/rtc_fnd_axi_wrapper.xsa
TRACE::2026-06-09.12:31:12::SCWPlatform::DSA directory D:/vivado_pj/RTC_FND_AXI/workspace/rtc_fnd_axi_wrapper/hw
TRACE::2026-06-09.12:31:12::SCWPlatform:: Platform Path D:/vivado_pj/RTC_FND_AXI/workspace/rtc_fnd_axi_wrapper/hw/rtc_fnd_axi_wrapper.xsa
TRACE::2026-06-09.12:31:12::SCWPlatform:: Unique name xilinx:basys3::0.0
TRACE::2026-06-09.12:31:12::SCWPlatform::Trying to set the existing hwdb with name rtc_fnd_axi_wrapper_21
TRACE::2026-06-09.12:31:12::SCWPlatform::Opened existing hwdb rtc_fnd_axi_wrapper_21
TRACE::2026-06-09.12:31:12::SCWPlatform::Found the Hw Db part of the input DSA
TRACE::2026-06-09.12:31:12::SCWMssOS::Checking the sw design at  D:/vivado_pj/RTC_FND_AXI/workspace/rtc_fnd_axi_wrapper/microblaze_0/standalone_microblaze_0/bsp/system.mss
TRACE::2026-06-09.12:31:12::SCWMssOS::DEBUG:  swdes dump  D:/vivado_pj/RTC_FND_AXI/workspace/rtc_fnd_axi_wrapper/microblaze_0/standalone_microblaze_0/bsp/system.mss|system||

TRACE::2026-06-09.12:31:12::SCWMssOS::Sw design exists and opened at  D:/vivado_pj/RTC_FND_AXI/workspace/rtc_fnd_axi_wrapper/microblaze_0/standalone_microblaze_0/bsp/system.mss
TRACE::2026-06-09.12:31:12::SCWMssOS::Completed writing the mss file at D:/vivado_pj/RTC_FND_AXI/workspace/rtc_fnd_axi_wrapper/microblaze_0/standalone_microblaze_0/bsp
TRACE::2026-06-09.12:31:12::SCWMssOS::Mss edits present, copying mssfile into export location D:/vivado_pj/RTC_FND_AXI/workspace/rtc_fnd_axi_wrapper/microblaze_0/standalone_microblaze_0/bsp/system.mss
TRACE::2026-06-09.12:31:12::SCWMssOS::bsp generated is stale removing and regenerating. 
TRACE::2026-06-09.12:31:13::SCWMssOS::doing bsp build ... 
TRACE::2026-06-09.12:31:13::SCWMssOS::System Command Ran  D: & cd  D:/vivado_pj/RTC_FND_AXI/workspace/rtc_fnd_axi_wrapper/microblaze_0/standalone_microblaze_0/bsp & make 
TRACE::2026-06-09.12:31:13::SCWMssOS::make --no-print-directory seq_libs

TRACE::2026-06-09.12:31:13::SCWMssOS::'Finished building libraries sequentially.'

TRACE::2026-06-09.12:31:13::SCWMssOS::make -j 18 --no-print-directory par_libs

TRACE::2026-06-09.12:31:13::SCWMssOS::"Running Make include in microblaze_0/libsrc/bram_v4_8/src"

TRACE::2026-06-09.12:31:13::SCWMssOS::make -C microblaze_0/libsrc/bram_v4_8/src -s include  "SHELL=CMD" "COMPILER=mb-gcc" "ASSEMBLER=mb-as" "ARCHIVER=mb-ar" "COMPILE
TRACE::2026-06-09.12:31:13::SCWMssOS::R_FLAGS=  -O2 -c -mcpu=v11.0 -mlittle-endian -mxl-soft-mul" "EXTRA_COMPILER_FLAGS=-g -ffunction-sections -fdata-sections -Wall 
TRACE::2026-06-09.12:31:13::SCWMssOS::-Wextra -fno-tree-loop-distribute-patterns"

TRACE::2026-06-09.12:31:13::SCWMssOS::"Running Make include in microblaze_0/libsrc/cpu_v2_17/src"

TRACE::2026-06-09.12:31:13::SCWMssOS::make -C microblaze_0/libsrc/cpu_v2_17/src -s include  "SHELL=CMD" "COMPILER=mb-gcc" "ASSEMBLER=mb-as" "ARCHIVER=mb-ar" "COMPILE
TRACE::2026-06-09.12:31:13::SCWMssOS::R_FLAGS=  -O2 -c -mcpu=v11.0 -mlittle-endian -mxl-soft-mul" "EXTRA_COMPILER_FLAGS=-g -ffunction-sections -fdata-sections -Wall 
TRACE::2026-06-09.12:31:13::SCWMssOS::-Wextra -fno-tree-loop-distribute-patterns"

TRACE::2026-06-09.12:31:13::SCWMssOS::"Running Make include in microblaze_0/libsrc/standalone_v8_1/src"

TRACE::2026-06-09.12:31:13::SCWMssOS::make -C microblaze_0/libsrc/standalone_v8_1/src -s include  "SHELL=CMD" "COMPILER=mb-gcc" "ASSEMBLER=mb-as" "ARCHIVER=mb-ar" "C
TRACE::2026-06-09.12:31:13::SCWMssOS::OMPILER_FLAGS=  -O2 -c -mcpu=v11.0 -mlittle-endian -mxl-soft-mul" "EXTRA_COMPILER_FLAGS=-g -ffunction-sections -fdata-sections 
TRACE::2026-06-09.12:31:13::SCWMssOS::-Wall -Wextra -fno-tree-loop-distribute-patterns"

TRACE::2026-06-09.12:31:13::SCWMssOS::"Running Make include in microblaze_0/libsrc/uartlite_v3_8/src"

TRACE::2026-06-09.12:31:13::SCWMssOS::make -C microblaze_0/libsrc/uartlite_v3_8/src -s include  "SHELL=CMD" "COMPILER=mb-gcc" "ASSEMBLER=mb-as" "ARCHIVER=mb-ar" "COM
TRACE::2026-06-09.12:31:13::SCWMssOS::PILER_FLAGS=  -O2 -c -mcpu=v11.0 -mlittle-endian -mxl-soft-mul" "EXTRA_COMPILER_FLAGS=-g -ffunction-sections -fdata-sections -W
TRACE::2026-06-09.12:31:13::SCWMssOS::all -Wextra -fno-tree-loop-distribute-patterns"

TRACE::2026-06-09.12:31:13::SCWMssOS::"Running Make libs in microblaze_0/libsrc/bram_v4_8/src"

TRACE::2026-06-09.12:31:13::SCWMssOS::make -C microblaze_0/libsrc/bram_v4_8/src -s libs  "SHELL=CMD" "COMPILER=mb-gcc" "ASSEMBLER=mb-as" "ARCHIVER=mb-ar" "COMPILER_F
TRACE::2026-06-09.12:31:13::SCWMssOS::LAGS=  -O2 -c -mcpu=v11.0 -mlittle-endian -mxl-soft-mul" "EXTRA_COMPILER_FLAGS=-g -ffunction-sections -fdata-sections -Wall -We
TRACE::2026-06-09.12:31:13::SCWMssOS::xtra -fno-tree-loop-distribute-patterns"

TRACE::2026-06-09.12:31:13::SCWMssOS::"Running Make libs in microblaze_0/libsrc/cpu_v2_17/src"

TRACE::2026-06-09.12:31:13::SCWMssOS::make -C microblaze_0/libsrc/cpu_v2_17/src -s libs  "SHELL=CMD" "COMPILER=mb-gcc" "ASSEMBLER=mb-as" "ARCHIVER=mb-ar" "COMPILER_F
TRACE::2026-06-09.12:31:13::SCWMssOS::LAGS=  -O2 -c -mcpu=v11.0 -mlittle-endian -mxl-soft-mul" "EXTRA_COMPILER_FLAGS=-g -ffunction-sections -fdata-sections -Wall -We
TRACE::2026-06-09.12:31:13::SCWMssOS::xtra -fno-tree-loop-distribute-patterns"

TRACE::2026-06-09.12:31:13::SCWMssOS::"Running Make libs in microblaze_0/libsrc/standalone_v8_1/src"

TRACE::2026-06-09.12:31:13::SCWMssOS::make -C microblaze_0/libsrc/standalone_v8_1/src -s libs  "SHELL=CMD" "COMPILER=mb-gcc" "ASSEMBLER=mb-as" "ARCHIVER=mb-ar" "COMP
TRACE::2026-06-09.12:31:13::SCWMssOS::ILER_FLAGS=  -O2 -c -mcpu=v11.0 -mlittle-endian -mxl-soft-mul" "EXTRA_COMPILER_FLAGS=-g -ffunction-sections -fdata-sections -Wa
TRACE::2026-06-09.12:31:13::SCWMssOS::ll -Wextra -fno-tree-loop-distribute-patterns"

TRACE::2026-06-09.12:31:13::SCWMssOS::"Running Make libs in microblaze_0/libsrc/uartlite_v3_8/src"

TRACE::2026-06-09.12:31:13::SCWMssOS::make -C microblaze_0/libsrc/uartlite_v3_8/src -s libs  "SHELL=CMD" "COMPILER=mb-gcc" "ASSEMBLER=mb-as" "ARCHIVER=mb-ar" "COMPIL
TRACE::2026-06-09.12:31:13::SCWMssOS::ER_FLAGS=  -O2 -c -mcpu=v11.0 -mlittle-endian -mxl-soft-mul" "EXTRA_COMPILER_FLAGS=-g -ffunction-sections -fdata-sections -Wall
TRACE::2026-06-09.12:31:13::SCWMssOS:: -Wextra -fno-tree-loop-distribute-patterns"

TRACE::2026-06-09.12:31:14::SCWMssOS::"DEBUG NON_LTO_OBJECTS is ../../../lib/microblaze_interrupt_handler.o"

TRACE::2026-06-09.12:31:14::SCWMssOS::'Finished building libraries parallelly.'

TRACE::2026-06-09.12:31:14::SCWMssOS::make --no-print-directory archive

TRACE::2026-06-09.12:31:14::SCWMssOS::mb-ar -r  microblaze_0/lib/libxil.a microblaze_0/lib/_exit.o microblaze_0/lib/errno.o microblaze_0/lib/fcntl.o microblaze_0/lib
TRACE::2026-06-09.12:31:14::SCWMssOS::/hw_exception_handler.o microblaze_0/lib/inbyte.o microblaze_0/lib/microblaze_disable_dcache.o microblaze_0/lib/microblaze_disa
TRACE::2026-06-09.12:31:14::SCWMssOS::ble_exceptions.o microblaze_0/lib/microblaze_disable_icache.o microblaze_0/lib/microblaze_disable_interrupts.o microblaze_0/lib
TRACE::2026-06-09.12:31:14::SCWMssOS::/microblaze_enable_dcache.o microblaze_0/lib/microblaze_enable_exceptions.o microblaze_0/lib/microblaze_enable_icache.o microbl
TRACE::2026-06-09.12:31:14::SCWMssOS::aze_0/lib/microblaze_enable_interrupts.o microblaze_0/lib/microblaze_exception_handler.o microblaze_0/lib/microblaze_flush_cach
TRACE::2026-06-09.12:31:14::SCWMssOS::e_ext.o microblaze_0/lib/microblaze_flush_cache_ext_range.o microblaze_0/lib/microblaze_flush_dcache.o microblaze_0/lib/microbl
TRACE::2026-06-09.12:31:14::SCWMssOS::aze_flush_dcache_range.o microblaze_0/lib/microblaze_init_dcache_range.o microblaze_0/lib/microblaze_init_icache_range.o microb
TRACE::2026-06-09.12:31:14::SCWMssOS::laze_0/lib/microblaze_interrupt_handler.o microblaze_0/lib/microblaze_interrupts_g.o microblaze_0/lib/microblaze_invalidate_cac
TRACE::2026-06-09.12:31:14::SCWMssOS::he_ext.o microblaze_0/lib/microblaze_invalidate_cache_ext_range.o microblaze_0/lib/microblaze_invalidate_dcache.o microblaze_0/
TRACE::2026-06-09.12:31:14::SCWMssOS::lib/microblaze_invalidate_dcache_range.o microblaze_0/lib/microblaze_invalidate_icache.o microblaze_0/lib/microblaze_invalidate
TRACE::2026-06-09.12:31:14::SCWMssOS::_icache_range.o microblaze_0/lib/microblaze_scrub.o microblaze_0/lib/microblaze_selftest.o microblaze_0/lib/microblaze_sleep.o 
TRACE::2026-06-09.12:31:14::SCWMssOS::microblaze_0/lib/microblaze_update_dcache.o microblaze_0/lib/microblaze_update_icache.o microblaze_0/lib/outbyte.o microblaze_0
TRACE::2026-06-09.12:31:14::SCWMssOS::/lib/print.o microblaze_0/lib/pvr.o microblaze_0/lib/xbram.o microblaze_0/lib/xbram_g.o microblaze_0/lib/xbram_intr.o microblaz
TRACE::2026-06-09.12:31:14::SCWMssOS::e_0/lib/xbram_selftest.o microblaze_0/lib/xbram_sinit.o microblaze_0/lib/xil_assert.o microblaze_0/lib/xil_cache.o microblaze_0
TRACE::2026-06-09.12:31:14::SCWMssOS::/lib/xil_clocking.o microblaze_0/lib/xil_exception.o microblaze_0/lib/xil_mem.o microblaze_0/lib/xil_misc_psreset_api.o microbl
TRACE::2026-06-09.12:31:14::SCWMssOS::aze_0/lib/xil_printf.o microblaze_0/lib/xil_sleepcommon.o microblaze_0/lib/xil_testcache.o microblaze_0/lib/xil_testio.o microb
TRACE::2026-06-09.12:31:14::SCWMssOS::laze_0/lib/xil_testmem.o microblaze_0/lib/xil_util.o microblaze_0/lib/xinterrupt_wrap.o microblaze_0/lib/xio.o microblaze_0/lib
TRACE::2026-06-09.12:31:14::SCWMssOS::/xplatform_info.o microblaze_0/lib/xuartlite.o microblaze_0/lib/xuartlite_g.o microblaze_0/lib/xuartlite_intr.o microblaze_0/li
TRACE::2026-06-09.12:31:14::SCWMssOS::b/xuartlite_l.o microblaze_0/lib/xuartlite_selftest.o microblaze_0/lib/xuartlite_sinit.o microblaze_0/lib/xuartlite_stats.o

TRACE::2026-06-09.12:31:14::SCWMssOS::'Finished building libraries'

TRACE::2026-06-09.12:31:14::SCWMssOS:: Checking if to create the Supporting Applications
TRACE::2026-06-09.12:31:14::SCWMssOS:: No Linux domain exists, trying to generate FSBL 
LOG::2026-06-09.12:31:14::SCWSystem::Completed Processing the domain standalone_microblaze_0
LOG::2026-06-09.12:31:14::SCWSystem::Completed Processing the sysconfig rtc_fnd_axi_wrapper
LOG::2026-06-09.12:31:14::SCWPlatform::Completed generating the artifacts for system configuration rtc_fnd_axi_wrapper
TRACE::2026-06-09.12:31:14::SCWPlatform::Started preparing the platform 
TRACE::2026-06-09.12:31:14::SCWSystem::Writing the bif file for system config rtc_fnd_axi_wrapper
TRACE::2026-06-09.12:31:14::SCWSystem::dir created 
TRACE::2026-06-09.12:31:14::SCWSystem::Writing the bif 
TRACE::2026-06-09.12:31:14::SCWPlatform::Started writing the spfm file 
TRACE::2026-06-09.12:31:14::SCWPlatform::Started writing the xpfm file 
TRACE::2026-06-09.12:31:14::SCWPlatform::Completed generating the platform
TRACE::2026-06-09.12:31:14::SCWMssOS::Saving the mss changes D:/vivado_pj/RTC_FND_AXI/workspace/rtc_fnd_axi_wrapper/microblaze_0/standalone_microblaze_0/bsp/system.mss
TRACE::2026-06-09.12:31:14::SCWMssOS::Adding the swdes entry, mss present, able to open swdb D:/vivado_pj/RTC_FND_AXI/workspace/rtc_fnd_axi_wrapper/microblaze_0/standalone_microblaze_0/bsp/system.mss with des name system
TRACE::2026-06-09.12:31:14::SCWMssOS::Writing the mss file completed D:/vivado_pj/RTC_FND_AXI/workspace/rtc_fnd_axi_wrapper/microblaze_0/standalone_microblaze_0/bsp/system.mss
TRACE::2026-06-09.12:31:14::SCWMssOS::Commit changes completed.
TRACE::2026-06-09.12:31:14::SCWPlatform::Trying to open the hw design at D:/vivado_pj/RTC_FND_AXI/workspace/rtc_fnd_axi_wrapper/hw/rtc_fnd_axi_wrapper.xsa
TRACE::2026-06-09.12:31:14::SCWPlatform::DSA given D:/vivado_pj/RTC_FND_AXI/workspace/rtc_fnd_axi_wrapper/hw/rtc_fnd_axi_wrapper.xsa
TRACE::2026-06-09.12:31:14::SCWPlatform::DSA absoulate path D:/vivado_pj/RTC_FND_AXI/workspace/rtc_fnd_axi_wrapper/hw/rtc_fnd_axi_wrapper.xsa
TRACE::2026-06-09.12:31:14::SCWPlatform::DSA directory D:/vivado_pj/RTC_FND_AXI/workspace/rtc_fnd_axi_wrapper/hw
TRACE::2026-06-09.12:31:14::SCWPlatform:: Platform Path D:/vivado_pj/RTC_FND_AXI/workspace/rtc_fnd_axi_wrapper/hw/rtc_fnd_axi_wrapper.xsa
TRACE::2026-06-09.12:31:14::SCWPlatform:: Unique name xilinx:basys3::0.0
TRACE::2026-06-09.12:31:14::SCWPlatform::Trying to set the existing hwdb with name rtc_fnd_axi_wrapper_21
TRACE::2026-06-09.12:31:14::SCWPlatform::Opened existing hwdb rtc_fnd_axi_wrapper_21
TRACE::2026-06-09.12:31:14::SCWPlatform::Found the Hw Db part of the input DSA
TRACE::2026-06-09.12:31:14::SCWMssOS::Checking the sw design at  D:/vivado_pj/RTC_FND_AXI/workspace/rtc_fnd_axi_wrapper/microblaze_0/standalone_microblaze_0/bsp/system.mss
TRACE::2026-06-09.12:31:14::SCWMssOS::DEBUG:  swdes dump  D:/vivado_pj/RTC_FND_AXI/workspace/rtc_fnd_axi_wrapper/microblaze_0/standalone_microblaze_0/bsp/system.mss|system||

TRACE::2026-06-09.12:31:14::SCWMssOS::Sw design exists and opened at  D:/vivado_pj/RTC_FND_AXI/workspace/rtc_fnd_axi_wrapper/microblaze_0/standalone_microblaze_0/bsp/system.mss
TRACE::2026-06-09.12:31:14::SCWWriter::formatted JSON is {
	"platformName":	"rtc_fnd_axi_wrapper",
	"sprVersion":	"2.0",
	"mode":	"gui",
	"dsaType":	"Fixed",
	"platformDesc":	"rtc_fnd_axi_wrapper",
	"platHandOff":	"D:/vivado_pj/RTC_FND_AXI/rtc_fnd_axi_wrapper.xsa",
	"platIntHandOff":	"<platformDir>/hw/rtc_fnd_axi_wrapper.xsa",
	"deviceType":	"FPGA",
	"platIsPrebuiltAutogen":	"false",
	"platIsNoBootBsp":	"false",
	"hasFsblMakeHasChanges":	"false",
	"hasPmufwMakeHasChanges":	"false",
	"platPreBuiltFlag":	false,
	"platformSamplesDir":	"",
	"platActiveSys":	"rtc_fnd_axi_wrapper",
	"systems":	[{
			"systemName":	"rtc_fnd_axi_wrapper",
			"systemDesc":	"rtc_fnd_axi_wrapper",
			"sysIsBootAutoGen":	"true",
			"systemDispName":	"rtc_fnd_axi_wrapper",
			"sysActiveDom":	"standalone_microblaze_0",
			"sysDefaultDom":	"standalone_microblaze_0",
			"domains":	[{
					"domainName":	"standalone_microblaze_0",
					"domainDispName":	"standalone_microblaze_0",
					"domainDesc":	"standalone_microblaze_0",
					"processors":	"microblaze_0",
					"os":	"standalone",
					"sdxOs":	"standalone",
					"debugEnable":	"False",
					"domRuntimes":	["cpp"],
					"swRepo":	"",
					"mssOsVer":	"8.1",
					"mssFile":	"",
					"md5Digest":	"3916ba371a6c5525b0331437d0164d92",
					"compatibleApp":	"",
					"domType":	"mssDomain",
					"arch":	"32-bit",
					"appSettings":	{
						"appCompilerFlags":	"",
						"appLinkerFlags":	""
					},
					"addedLibs":	[],
					"libOptions":	{
						"libsContainingOptions":	[]
					},
					"prebuiltLibs":	{
						"prebuiltIncPath":	[],
						"prebuiltLibPath":	[]
					},
					"isolation":	{
					}
				}]
		}]
}
KEYINFO::2026-06-09.12:31:14::SCWPlatform::updated the xpfm file.
TRACE::2026-06-09.12:31:15::SCWPlatform::Trying to open the hw design at D:/vivado_pj/RTC_FND_AXI/workspace/rtc_fnd_axi_wrapper/hw/rtc_fnd_axi_wrapper.xsa
TRACE::2026-06-09.12:31:15::SCWPlatform::DSA given D:/vivado_pj/RTC_FND_AXI/workspace/rtc_fnd_axi_wrapper/hw/rtc_fnd_axi_wrapper.xsa
TRACE::2026-06-09.12:31:15::SCWPlatform::DSA absoulate path D:/vivado_pj/RTC_FND_AXI/workspace/rtc_fnd_axi_wrapper/hw/rtc_fnd_axi_wrapper.xsa
TRACE::2026-06-09.12:31:15::SCWPlatform::DSA directory D:/vivado_pj/RTC_FND_AXI/workspace/rtc_fnd_axi_wrapper/hw
TRACE::2026-06-09.12:31:15::SCWPlatform:: Platform Path D:/vivado_pj/RTC_FND_AXI/workspace/rtc_fnd_axi_wrapper/hw/rtc_fnd_axi_wrapper.xsa
TRACE::2026-06-09.12:31:15::SCWPlatform:: Unique name xilinx:basys3::0.0
TRACE::2026-06-09.12:31:15::SCWPlatform::Trying to set the existing hwdb with name rtc_fnd_axi_wrapper_21
TRACE::2026-06-09.12:31:15::SCWPlatform::Opened existing hwdb rtc_fnd_axi_wrapper_21
TRACE::2026-06-09.12:31:15::SCWPlatform::Found the Hw Db part of the input DSA
TRACE::2026-06-09.12:31:15::SCWMssOS::Checking the sw design at  D:/vivado_pj/RTC_FND_AXI/workspace/rtc_fnd_axi_wrapper/microblaze_0/standalone_microblaze_0/bsp/system.mss
TRACE::2026-06-09.12:31:15::SCWMssOS::DEBUG:  swdes dump  D:/vivado_pj/RTC_FND_AXI/workspace/rtc_fnd_axi_wrapper/microblaze_0/standalone_microblaze_0/bsp/system.mss|system||

TRACE::2026-06-09.12:31:15::SCWMssOS::Sw design exists and opened at  D:/vivado_pj/RTC_FND_AXI/workspace/rtc_fnd_axi_wrapper/microblaze_0/standalone_microblaze_0/bsp/system.mss
TRACE::2026-06-09.12:50:16::SCWPlatform::Clearing the existing platform
TRACE::2026-06-09.12:50:16::SCWSystem::Clearing the existing sysconfig
TRACE::2026-06-09.12:50:16::SCWMssOS::Removing the swdes entry for  D:/vivado_pj/RTC_FND_AXI/workspace/rtc_fnd_axi_wrapper/microblaze_0/standalone_microblaze_0/bsp/system.mss
TRACE::2026-06-09.12:50:16::SCWSystem::Clearing the domains completed.
TRACE::2026-06-09.12:50:16::SCWPlatform::Clearing the opened hw db.
TRACE::2026-06-09.12:50:16::SCWPlatform::DSA given D:/vivado_pj/RTC_FND_AXI/workspace/rtc_fnd_axi_wrapper/hw/rtc_fnd_axi_wrapper.xsa
TRACE::2026-06-09.12:50:16::SCWPlatform::DSA absoulate path D:/vivado_pj/RTC_FND_AXI/workspace/rtc_fnd_axi_wrapper/hw/rtc_fnd_axi_wrapper.xsa
TRACE::2026-06-09.12:50:16::SCWPlatform:: Platform location is D:/vivado_pj/RTC_FND_AXI/workspace/rtc_fnd_axi_wrapper/hw
TRACE::2026-06-09.12:50:16::SCWPlatform:: Platform Path D:/vivado_pj/RTC_FND_AXI/workspace/rtc_fnd_axi_wrapper/hw/rtc_fnd_axi_wrapper.xsa
TRACE::2026-06-09.12:50:16::SCWPlatform:: Unique name xilinx:basys3::0.0
TRACE::2026-06-09.12:50:16::SCWPlatform::Removing the HwDB with name D:/vivado_pj/RTC_FND_AXI/workspace/rtc_fnd_axi_wrapper/hw/rtc_fnd_axi_wrapper.xsa
TRACE::2026-06-09.12:50:16::SCWPlatform::Trying to open the hw design at D:/vivado_pj/RTC_FND_AXI/workspace/rtc_fnd_axi_wrapper/hw/rtc_fnd_axi_wrapper.xsa
TRACE::2026-06-09.12:50:16::SCWPlatform::DSA given D:/vivado_pj/RTC_FND_AXI/workspace/rtc_fnd_axi_wrapper/hw/rtc_fnd_axi_wrapper.xsa
TRACE::2026-06-09.12:50:16::SCWPlatform::DSA absoulate path D:/vivado_pj/RTC_FND_AXI/workspace/rtc_fnd_axi_wrapper/hw/rtc_fnd_axi_wrapper.xsa
TRACE::2026-06-09.12:50:16::SCWPlatform::DSA directory D:/vivado_pj/RTC_FND_AXI/workspace/rtc_fnd_axi_wrapper/hw
TRACE::2026-06-09.12:50:16::SCWPlatform:: Platform Path D:/vivado_pj/RTC_FND_AXI/workspace/rtc_fnd_axi_wrapper/hw/rtc_fnd_axi_wrapper.xsa
TRACE::2026-06-09.12:50:16::SCWPlatform:: Unique name xilinx:basys3::0.0
TRACE::2026-06-09.12:50:16::SCWPlatform::Do not have an existing db opened. 
TRACE::2026-06-09.12:50:16::SCWPlatform::Opened new HwDB with name rtc_fnd_axi_wrapper_23
TRACE::2026-06-09.12:50:16::SCWReader::Active system found as  rtc_fnd_axi_wrapper
TRACE::2026-06-09.12:50:16::SCWReader::Handling sysconfig rtc_fnd_axi_wrapper
TRACE::2026-06-09.12:50:16::SCWDomain::checking for install qemu data   : 
TRACE::2026-06-09.12:50:16::SCWPlatform::Trying to open the hw design at D:/vivado_pj/RTC_FND_AXI/workspace/rtc_fnd_axi_wrapper/hw/rtc_fnd_axi_wrapper.xsa
TRACE::2026-06-09.12:50:16::SCWPlatform::DSA given D:/vivado_pj/RTC_FND_AXI/workspace/rtc_fnd_axi_wrapper/hw/rtc_fnd_axi_wrapper.xsa
TRACE::2026-06-09.12:50:16::SCWPlatform::DSA absoulate path D:/vivado_pj/RTC_FND_AXI/workspace/rtc_fnd_axi_wrapper/hw/rtc_fnd_axi_wrapper.xsa
TRACE::2026-06-09.12:50:16::SCWPlatform::DSA directory D:/vivado_pj/RTC_FND_AXI/workspace/rtc_fnd_axi_wrapper/hw
TRACE::2026-06-09.12:50:16::SCWPlatform:: Platform Path D:/vivado_pj/RTC_FND_AXI/workspace/rtc_fnd_axi_wrapper/hw/rtc_fnd_axi_wrapper.xsa
TRACE::2026-06-09.12:50:16::SCWPlatform:: Unique name xilinx:basys3::0.0
TRACE::2026-06-09.12:50:16::SCWPlatform::Trying to set the existing hwdb with name rtc_fnd_axi_wrapper_23
TRACE::2026-06-09.12:50:16::SCWPlatform::Opened existing hwdb rtc_fnd_axi_wrapper_23
TRACE::2026-06-09.12:50:16::SCWPlatform::Found the Hw Db part of the input DSA
TRACE::2026-06-09.12:50:16::SCWPlatform::Trying to open the hw design at D:/vivado_pj/RTC_FND_AXI/workspace/rtc_fnd_axi_wrapper/hw/rtc_fnd_axi_wrapper.xsa
TRACE::2026-06-09.12:50:16::SCWPlatform::DSA given D:/vivado_pj/RTC_FND_AXI/workspace/rtc_fnd_axi_wrapper/hw/rtc_fnd_axi_wrapper.xsa
TRACE::2026-06-09.12:50:16::SCWPlatform::DSA absoulate path D:/vivado_pj/RTC_FND_AXI/workspace/rtc_fnd_axi_wrapper/hw/rtc_fnd_axi_wrapper.xsa
TRACE::2026-06-09.12:50:16::SCWPlatform::DSA directory D:/vivado_pj/RTC_FND_AXI/workspace/rtc_fnd_axi_wrapper/hw
TRACE::2026-06-09.12:50:16::SCWPlatform:: Platform Path D:/vivado_pj/RTC_FND_AXI/workspace/rtc_fnd_axi_wrapper/hw/rtc_fnd_axi_wrapper.xsa
TRACE::2026-06-09.12:50:16::SCWPlatform:: Unique name xilinx:basys3::0.0
TRACE::2026-06-09.12:50:16::SCWPlatform::Trying to set the existing hwdb with name rtc_fnd_axi_wrapper_23
TRACE::2026-06-09.12:50:16::SCWPlatform::Opened existing hwdb rtc_fnd_axi_wrapper_23
TRACE::2026-06-09.12:50:16::SCWPlatform::Found the Hw Db part of the input DSA
TRACE::2026-06-09.12:50:16::SCWPlatform::Trying to open the hw design at D:/vivado_pj/RTC_FND_AXI/workspace/rtc_fnd_axi_wrapper/hw/rtc_fnd_axi_wrapper.xsa
TRACE::2026-06-09.12:50:16::SCWPlatform::DSA given D:/vivado_pj/RTC_FND_AXI/workspace/rtc_fnd_axi_wrapper/hw/rtc_fnd_axi_wrapper.xsa
TRACE::2026-06-09.12:50:16::SCWPlatform::DSA absoulate path D:/vivado_pj/RTC_FND_AXI/workspace/rtc_fnd_axi_wrapper/hw/rtc_fnd_axi_wrapper.xsa
TRACE::2026-06-09.12:50:16::SCWPlatform::DSA directory D:/vivado_pj/RTC_FND_AXI/workspace/rtc_fnd_axi_wrapper/hw
TRACE::2026-06-09.12:50:16::SCWPlatform:: Platform Path D:/vivado_pj/RTC_FND_AXI/workspace/rtc_fnd_axi_wrapper/hw/rtc_fnd_axi_wrapper.xsa
TRACE::2026-06-09.12:50:16::SCWPlatform:: Unique name xilinx:basys3::0.0
TRACE::2026-06-09.12:50:16::SCWPlatform::Trying to set the existing hwdb with name rtc_fnd_axi_wrapper_23
TRACE::2026-06-09.12:50:16::SCWPlatform::Opened existing hwdb rtc_fnd_axi_wrapper_23
TRACE::2026-06-09.12:50:16::SCWPlatform::Found the Hw Db part of the input DSA
TRACE::2026-06-09.12:50:16::SCWPlatform::Trying to open the hw design at D:/vivado_pj/RTC_FND_AXI/workspace/rtc_fnd_axi_wrapper/hw/rtc_fnd_axi_wrapper.xsa
TRACE::2026-06-09.12:50:16::SCWPlatform::DSA given D:/vivado_pj/RTC_FND_AXI/workspace/rtc_fnd_axi_wrapper/hw/rtc_fnd_axi_wrapper.xsa
TRACE::2026-06-09.12:50:16::SCWPlatform::DSA absoulate path D:/vivado_pj/RTC_FND_AXI/workspace/rtc_fnd_axi_wrapper/hw/rtc_fnd_axi_wrapper.xsa
TRACE::2026-06-09.12:50:16::SCWPlatform::DSA directory D:/vivado_pj/RTC_FND_AXI/workspace/rtc_fnd_axi_wrapper/hw
TRACE::2026-06-09.12:50:16::SCWPlatform:: Platform Path D:/vivado_pj/RTC_FND_AXI/workspace/rtc_fnd_axi_wrapper/hw/rtc_fnd_axi_wrapper.xsa
TRACE::2026-06-09.12:50:16::SCWPlatform:: Unique name xilinx:basys3::0.0
TRACE::2026-06-09.12:50:16::SCWPlatform::Trying to set the existing hwdb with name rtc_fnd_axi_wrapper_23
TRACE::2026-06-09.12:50:16::SCWPlatform::Opened existing hwdb rtc_fnd_axi_wrapper_23
TRACE::2026-06-09.12:50:16::SCWPlatform::Found the Hw Db part of the input DSA
TRACE::2026-06-09.12:50:16::SCWMssOS::Checking the sw design at  D:/vivado_pj/RTC_FND_AXI/workspace/rtc_fnd_axi_wrapper/microblaze_0/standalone_microblaze_0/bsp/system.mss
TRACE::2026-06-09.12:50:16::SCWMssOS::DEBUG:  swdes dump  
TRACE::2026-06-09.12:50:16::SCWMssOS::No sw design opened at  D:/vivado_pj/RTC_FND_AXI/workspace/rtc_fnd_axi_wrapper/microblaze_0/standalone_microblaze_0/bsp/system.mss
TRACE::2026-06-09.12:50:16::SCWMssOS::mss exists loading the mss file  D:/vivado_pj/RTC_FND_AXI/workspace/rtc_fnd_axi_wrapper/microblaze_0/standalone_microblaze_0/bsp/system.mss
TRACE::2026-06-09.12:50:16::SCWMssOS::Opened the sw design from mss  D:/vivado_pj/RTC_FND_AXI/workspace/rtc_fnd_axi_wrapper/microblaze_0/standalone_microblaze_0/bsp/system.mss
TRACE::2026-06-09.12:50:16::SCWMssOS::Adding the swdes entry D:/vivado_pj/RTC_FND_AXI/workspace/rtc_fnd_axi_wrapper/microblaze_0/standalone_microblaze_0/bsp/system.mss with des name system
TRACE::2026-06-09.12:50:16::SCWMssOS::updating the scw layer about changes
TRACE::2026-06-09.12:50:16::SCWMssOS::Opened the sw design.  D:/vivado_pj/RTC_FND_AXI/workspace/rtc_fnd_axi_wrapper/microblaze_0/standalone_microblaze_0/bsp/system.mss
TRACE::2026-06-09.12:50:16::SCWMssOS::Saving the mss changes D:/vivado_pj/RTC_FND_AXI/workspace/rtc_fnd_axi_wrapper/microblaze_0/standalone_microblaze_0/bsp/system.mss
TRACE::2026-06-09.12:50:16::SCWMssOS::Found a swdesign opened with the mssfile.
TRACE::2026-06-09.12:50:16::SCWMssOS::Completed writemss as part of save.
TRACE::2026-06-09.12:50:16::SCWMssOS::Commit changes completed.
TRACE::2026-06-09.12:50:16::SCWReader::Adding prebuilt librarypaths as   
TRACE::2026-06-09.12:50:16::SCWReader::Adding prebuilt incpaths  as   
TRACE::2026-06-09.12:50:16::SCWPlatform::Trying to open the hw design at D:/vivado_pj/RTC_FND_AXI/workspace/rtc_fnd_axi_wrapper/hw/rtc_fnd_axi_wrapper.xsa
TRACE::2026-06-09.12:50:16::SCWPlatform::DSA given D:/vivado_pj/RTC_FND_AXI/workspace/rtc_fnd_axi_wrapper/hw/rtc_fnd_axi_wrapper.xsa
TRACE::2026-06-09.12:50:16::SCWPlatform::DSA absoulate path D:/vivado_pj/RTC_FND_AXI/workspace/rtc_fnd_axi_wrapper/hw/rtc_fnd_axi_wrapper.xsa
TRACE::2026-06-09.12:50:16::SCWPlatform::DSA directory D:/vivado_pj/RTC_FND_AXI/workspace/rtc_fnd_axi_wrapper/hw
TRACE::2026-06-09.12:50:16::SCWPlatform:: Platform Path D:/vivado_pj/RTC_FND_AXI/workspace/rtc_fnd_axi_wrapper/hw/rtc_fnd_axi_wrapper.xsa
TRACE::2026-06-09.12:50:16::SCWPlatform:: Unique name xilinx:basys3::0.0
TRACE::2026-06-09.12:50:16::SCWPlatform::Trying to set the existing hwdb with name rtc_fnd_axi_wrapper_23
TRACE::2026-06-09.12:50:16::SCWPlatform::Opened existing hwdb rtc_fnd_axi_wrapper_23
TRACE::2026-06-09.12:50:16::SCWPlatform::Found the Hw Db part of the input DSA
TRACE::2026-06-09.12:50:16::SCWMssOS::Checking the sw design at  D:/vivado_pj/RTC_FND_AXI/workspace/rtc_fnd_axi_wrapper/microblaze_0/standalone_microblaze_0/bsp/system.mss
TRACE::2026-06-09.12:50:16::SCWMssOS::DEBUG:  swdes dump  D:/vivado_pj/RTC_FND_AXI/workspace/rtc_fnd_axi_wrapper/microblaze_0/standalone_microblaze_0/bsp/system.mss|system||

TRACE::2026-06-09.12:50:16::SCWMssOS::Sw design exists and opened at  D:/vivado_pj/RTC_FND_AXI/workspace/rtc_fnd_axi_wrapper/microblaze_0/standalone_microblaze_0/bsp/system.mss
TRACE::2026-06-09.12:50:16::SCWReader::No isolation master present  
TRACE::2026-06-09.12:50:21::SCWPlatform::DSA given D:/vivado_pj/RTC_FND_AXI/workspace/rtc_fnd_axi_wrapper/tempdsa/rtc_fnd_axi_wrapper2.xsa
TRACE::2026-06-09.12:50:21::SCWPlatform::DSA absoulate path D:/vivado_pj/RTC_FND_AXI/workspace/rtc_fnd_axi_wrapper/tempdsa/rtc_fnd_axi_wrapper2.xsa
TRACE::2026-06-09.12:50:21::SCWPlatform:: Platform location is D:/vivado_pj/RTC_FND_AXI/workspace/rtc_fnd_axi_wrapper/tempdsa
TRACE::2026-06-09.12:50:21::SCWPlatform:: Platform Path D:/vivado_pj/RTC_FND_AXI/workspace/rtc_fnd_axi_wrapper/tempdsa/rtc_fnd_axi_wrapper2.xsa
TRACE::2026-06-09.12:50:21::SCWPlatform:: Unique name xilinx:basys3::0.0
TRACE::2026-06-09.12:50:21::SCWPlatform::Found the Hw Db part of the input DSA
TRACE::2026-06-09.12:50:21::SCWMssOS::Doing hw sync for the mss in domain: standalone_microblaze_0
TRACE::2026-06-09.12:50:21::SCWPlatform::Trying to open the hw design at D:/vivado_pj/RTC_FND_AXI/workspace/rtc_fnd_axi_wrapper/hw/rtc_fnd_axi_wrapper.xsa
TRACE::2026-06-09.12:50:21::SCWPlatform::DSA given D:/vivado_pj/RTC_FND_AXI/workspace/rtc_fnd_axi_wrapper/hw/rtc_fnd_axi_wrapper.xsa
TRACE::2026-06-09.12:50:21::SCWPlatform::DSA absoulate path D:/vivado_pj/RTC_FND_AXI/workspace/rtc_fnd_axi_wrapper/hw/rtc_fnd_axi_wrapper.xsa
TRACE::2026-06-09.12:50:21::SCWPlatform::DSA directory D:/vivado_pj/RTC_FND_AXI/workspace/rtc_fnd_axi_wrapper/hw
TRACE::2026-06-09.12:50:21::SCWPlatform:: Platform Path D:/vivado_pj/RTC_FND_AXI/workspace/rtc_fnd_axi_wrapper/hw/rtc_fnd_axi_wrapper.xsa
TRACE::2026-06-09.12:50:21::SCWPlatform:: Unique name xilinx:basys3::0.0
TRACE::2026-06-09.12:50:21::SCWPlatform::Trying to set the existing hwdb with name rtc_fnd_axi_wrapper_23
TRACE::2026-06-09.12:50:21::SCWPlatform::Opened existing hwdb rtc_fnd_axi_wrapper_23
TRACE::2026-06-09.12:50:21::SCWPlatform::Found the Hw Db part of the input DSA
TRACE::2026-06-09.12:50:21::SCWPlatform::Trying to open the hw design at D:/vivado_pj/RTC_FND_AXI/workspace/rtc_fnd_axi_wrapper/hw/rtc_fnd_axi_wrapper.xsa
TRACE::2026-06-09.12:50:21::SCWPlatform::DSA given D:/vivado_pj/RTC_FND_AXI/workspace/rtc_fnd_axi_wrapper/hw/rtc_fnd_axi_wrapper.xsa
TRACE::2026-06-09.12:50:21::SCWPlatform::DSA absoulate path D:/vivado_pj/RTC_FND_AXI/workspace/rtc_fnd_axi_wrapper/hw/rtc_fnd_axi_wrapper.xsa
TRACE::2026-06-09.12:50:21::SCWPlatform::DSA directory D:/vivado_pj/RTC_FND_AXI/workspace/rtc_fnd_axi_wrapper/hw
TRACE::2026-06-09.12:50:21::SCWPlatform:: Platform Path D:/vivado_pj/RTC_FND_AXI/workspace/rtc_fnd_axi_wrapper/hw/rtc_fnd_axi_wrapper.xsa
TRACE::2026-06-09.12:50:21::SCWPlatform:: Unique name xilinx:basys3::0.0
TRACE::2026-06-09.12:50:21::SCWPlatform::Trying to set the existing hwdb with name rtc_fnd_axi_wrapper_23
TRACE::2026-06-09.12:50:21::SCWPlatform::Opened existing hwdb rtc_fnd_axi_wrapper_23
TRACE::2026-06-09.12:50:21::SCWPlatform::Found the Hw Db part of the input DSA
TRACE::2026-06-09.12:50:21::SCWMssOS::Checking the sw design at  D:/vivado_pj/RTC_FND_AXI/workspace/rtc_fnd_axi_wrapper/microblaze_0/standalone_microblaze_0/bsp/system.mss
TRACE::2026-06-09.12:50:21::SCWMssOS::DEBUG:  swdes dump  D:/vivado_pj/RTC_FND_AXI/workspace/rtc_fnd_axi_wrapper/microblaze_0/standalone_microblaze_0/bsp/system.mss|system||

TRACE::2026-06-09.12:50:21::SCWMssOS::Sw design exists and opened at  D:/vivado_pj/RTC_FND_AXI/workspace/rtc_fnd_axi_wrapper/microblaze_0/standalone_microblaze_0/bsp/system.mss
TRACE::2026-06-09.12:50:21::SCWPlatform::Trying to open the hw design at D:/vivado_pj/RTC_FND_AXI/workspace/rtc_fnd_axi_wrapper/tempdsa/rtc_fnd_axi_wrapper2.xsa
TRACE::2026-06-09.12:50:21::SCWPlatform::DSA given D:/vivado_pj/RTC_FND_AXI/workspace/rtc_fnd_axi_wrapper/tempdsa/rtc_fnd_axi_wrapper2.xsa
TRACE::2026-06-09.12:50:21::SCWPlatform::DSA absoulate path D:/vivado_pj/RTC_FND_AXI/workspace/rtc_fnd_axi_wrapper/tempdsa/rtc_fnd_axi_wrapper2.xsa
TRACE::2026-06-09.12:50:21::SCWPlatform::DSA directory D:/vivado_pj/RTC_FND_AXI/workspace/rtc_fnd_axi_wrapper/tempdsa
TRACE::2026-06-09.12:50:21::SCWPlatform:: Platform Path D:/vivado_pj/RTC_FND_AXI/workspace/rtc_fnd_axi_wrapper/tempdsa/rtc_fnd_axi_wrapper2.xsa
TRACE::2026-06-09.12:50:21::SCWPlatform:: Unique name xilinx:basys3::0.0
TRACE::2026-06-09.12:50:21::SCWPlatform::update - Opened existing hwdb rtc_fnd_axi_wrapper_24
TRACE::2026-06-09.12:50:21::SCWPlatform::Found the Hw Db part of the input DSA
TRACE::2026-06-09.12:50:21::SCWMssOS::Saving the mss changes D:/vivado_pj/RTC_FND_AXI/workspace/rtc_fnd_axi_wrapper/microblaze_0/standalone_microblaze_0/bsp/system.mss
TRACE::2026-06-09.12:50:21::SCWMssOS::Found a swdesign opened with the mssfile.
TRACE::2026-06-09.12:50:21::SCWMssOS::Completed writemss as part of save.
TRACE::2026-06-09.12:50:21::SCWMssOS::Commit changes completed.
TRACE::2026-06-09.12:50:21::SCWMssOS::Completed hw sync for the mss in domain: standalone_microblaze_0
TRACE::2026-06-09.12:50:21::SCWMssOS::Removing the swdes entry for  D:/vivado_pj/RTC_FND_AXI/workspace/rtc_fnd_axi_wrapper/microblaze_0/standalone_microblaze_0/bsp/system.mss
TRACE::2026-06-09.12:50:21::SCWPlatform::Trying to open the hw design at D:/vivado_pj/RTC_FND_AXI/workspace/rtc_fnd_axi_wrapper/hw/rtc_fnd_axi_wrapper2.xsa
TRACE::2026-06-09.12:50:21::SCWPlatform::DSA given D:/vivado_pj/RTC_FND_AXI/workspace/rtc_fnd_axi_wrapper/hw/rtc_fnd_axi_wrapper2.xsa
TRACE::2026-06-09.12:50:21::SCWPlatform::DSA absoulate path D:/vivado_pj/RTC_FND_AXI/workspace/rtc_fnd_axi_wrapper/hw/rtc_fnd_axi_wrapper2.xsa
TRACE::2026-06-09.12:50:21::SCWPlatform::DSA directory D:/vivado_pj/RTC_FND_AXI/workspace/rtc_fnd_axi_wrapper/hw
TRACE::2026-06-09.12:50:21::SCWPlatform:: Platform Path D:/vivado_pj/RTC_FND_AXI/workspace/rtc_fnd_axi_wrapper/hw/rtc_fnd_axi_wrapper2.xsa
TRACE::2026-06-09.12:50:21::SCWPlatform:: Unique name xilinx:basys3::0.0
TRACE::2026-06-09.12:50:21::SCWPlatform::Do not have an existing db opened. 
TRACE::2026-06-09.12:50:21::SCWPlatform::Opened new HwDB with name rtc_fnd_axi_wrapper_25
TRACE::2026-06-09.12:50:21::SCWMssOS::Saving the mss changes D:/vivado_pj/RTC_FND_AXI/workspace/rtc_fnd_axi_wrapper/microblaze_0/standalone_microblaze_0/bsp/system.mss
TRACE::2026-06-09.12:50:21::SCWMssOS::Adding the swdes entry, mss present, able to open swdb D:/vivado_pj/RTC_FND_AXI/workspace/rtc_fnd_axi_wrapper/microblaze_0/standalone_microblaze_0/bsp/system.mss with des name system
TRACE::2026-06-09.12:50:21::SCWMssOS::Writing the mss file completed D:/vivado_pj/RTC_FND_AXI/workspace/rtc_fnd_axi_wrapper/microblaze_0/standalone_microblaze_0/bsp/system.mss
TRACE::2026-06-09.12:50:21::SCWMssOS::Commit changes completed.
TRACE::2026-06-09.12:50:21::SCWPlatform::Trying to open the hw design at D:/vivado_pj/RTC_FND_AXI/workspace/rtc_fnd_axi_wrapper/hw/rtc_fnd_axi_wrapper2.xsa
TRACE::2026-06-09.12:50:21::SCWPlatform::DSA given D:/vivado_pj/RTC_FND_AXI/workspace/rtc_fnd_axi_wrapper/hw/rtc_fnd_axi_wrapper2.xsa
TRACE::2026-06-09.12:50:21::SCWPlatform::DSA absoulate path D:/vivado_pj/RTC_FND_AXI/workspace/rtc_fnd_axi_wrapper/hw/rtc_fnd_axi_wrapper2.xsa
TRACE::2026-06-09.12:50:21::SCWPlatform::DSA directory D:/vivado_pj/RTC_FND_AXI/workspace/rtc_fnd_axi_wrapper/hw
TRACE::2026-06-09.12:50:21::SCWPlatform:: Platform Path D:/vivado_pj/RTC_FND_AXI/workspace/rtc_fnd_axi_wrapper/hw/rtc_fnd_axi_wrapper2.xsa
TRACE::2026-06-09.12:50:21::SCWPlatform:: Unique name xilinx:basys3::0.0
TRACE::2026-06-09.12:50:21::SCWPlatform::Trying to set the existing hwdb with name rtc_fnd_axi_wrapper_25
TRACE::2026-06-09.12:50:21::SCWPlatform::Opened existing hwdb rtc_fnd_axi_wrapper_25
TRACE::2026-06-09.12:50:21::SCWPlatform::Found the Hw Db part of the input DSA
TRACE::2026-06-09.12:50:21::SCWMssOS::Checking the sw design at  D:/vivado_pj/RTC_FND_AXI/workspace/rtc_fnd_axi_wrapper/microblaze_0/standalone_microblaze_0/bsp/system.mss
TRACE::2026-06-09.12:50:21::SCWMssOS::DEBUG:  swdes dump  D:/vivado_pj/RTC_FND_AXI/workspace/rtc_fnd_axi_wrapper/microblaze_0/standalone_microblaze_0/bsp/system.mss|system||

TRACE::2026-06-09.12:50:21::SCWMssOS::Sw design exists and opened at  D:/vivado_pj/RTC_FND_AXI/workspace/rtc_fnd_axi_wrapper/microblaze_0/standalone_microblaze_0/bsp/system.mss
TRACE::2026-06-09.12:50:21::SCWWriter::formatted JSON is {
	"platformName":	"rtc_fnd_axi_wrapper",
	"sprVersion":	"2.0",
	"mode":	"gui",
	"dsaType":	"Fixed",
	"platformDesc":	"rtc_fnd_axi_wrapper",
	"platHandOff":	"D:/vivado_pj/RTC_FND_AXI/rtc_fnd_axi_wrapper2.xsa",
	"platIntHandOff":	"<platformDir>/hw/rtc_fnd_axi_wrapper2.xsa",
	"deviceType":	"FPGA",
	"platIsPrebuiltAutogen":	"false",
	"platIsNoBootBsp":	"false",
	"hasFsblMakeHasChanges":	"false",
	"hasPmufwMakeHasChanges":	"false",
	"platPreBuiltFlag":	false,
	"platformSamplesDir":	"",
	"platActiveSys":	"rtc_fnd_axi_wrapper",
	"systems":	[{
			"systemName":	"rtc_fnd_axi_wrapper",
			"systemDesc":	"rtc_fnd_axi_wrapper",
			"sysIsBootAutoGen":	"true",
			"systemDispName":	"rtc_fnd_axi_wrapper",
			"sysActiveDom":	"standalone_microblaze_0",
			"sysDefaultDom":	"standalone_microblaze_0",
			"domains":	[{
					"domainName":	"standalone_microblaze_0",
					"domainDispName":	"standalone_microblaze_0",
					"domainDesc":	"standalone_microblaze_0",
					"processors":	"microblaze_0",
					"os":	"standalone",
					"sdxOs":	"standalone",
					"debugEnable":	"False",
					"domRuntimes":	["cpp"],
					"swRepo":	"",
					"mssOsVer":	"8.1",
					"mssFile":	"",
					"md5Digest":	"3916ba371a6c5525b0331437d0164d921",
					"compatibleApp":	"",
					"domType":	"mssDomain",
					"arch":	"32-bit",
					"appSettings":	{
						"appCompilerFlags":	"",
						"appLinkerFlags":	""
					},
					"addedLibs":	[],
					"libOptions":	{
						"libsContainingOptions":	[]
					},
					"prebuiltLibs":	{
						"prebuiltIncPath":	[],
						"prebuiltLibPath":	[]
					},
					"isolation":	{
					}
				}]
		}]
}
LOG::2026-06-09.12:50:31::SCWPlatform::Started generating the artifacts platform rtc_fnd_axi_wrapper
TRACE::2026-06-09.12:50:31::SCWPlatform::Sanity checking of platform is completed
LOG::2026-06-09.12:50:31::SCWPlatform::Started generating the artifacts for system configuration rtc_fnd_axi_wrapper
LOG::2026-06-09.12:50:31::SCWSystem::Checking the domain standalone_microblaze_0
LOG::2026-06-09.12:50:31::SCWSystem::Not a boot domain 
LOG::2026-06-09.12:50:31::SCWSystem::Started Processing the domain standalone_microblaze_0
TRACE::2026-06-09.12:50:31::SCWDomain::Generating domain artifcats
TRACE::2026-06-09.12:50:31::SCWMssOS::Generating standalone artifcats
TRACE::2026-06-09.12:50:31::SCWMssOS:: Copying the user libraries. 
TRACE::2026-06-09.12:50:31::SCWPlatform::Trying to open the hw design at D:/vivado_pj/RTC_FND_AXI/workspace/rtc_fnd_axi_wrapper/hw/rtc_fnd_axi_wrapper2.xsa
TRACE::2026-06-09.12:50:31::SCWPlatform::DSA given D:/vivado_pj/RTC_FND_AXI/workspace/rtc_fnd_axi_wrapper/hw/rtc_fnd_axi_wrapper2.xsa
TRACE::2026-06-09.12:50:31::SCWPlatform::DSA absoulate path D:/vivado_pj/RTC_FND_AXI/workspace/rtc_fnd_axi_wrapper/hw/rtc_fnd_axi_wrapper2.xsa
TRACE::2026-06-09.12:50:31::SCWPlatform::DSA directory D:/vivado_pj/RTC_FND_AXI/workspace/rtc_fnd_axi_wrapper/hw
TRACE::2026-06-09.12:50:31::SCWPlatform:: Platform Path D:/vivado_pj/RTC_FND_AXI/workspace/rtc_fnd_axi_wrapper/hw/rtc_fnd_axi_wrapper2.xsa
TRACE::2026-06-09.12:50:31::SCWPlatform:: Unique name xilinx:basys3::0.0
TRACE::2026-06-09.12:50:31::SCWPlatform::Trying to set the existing hwdb with name rtc_fnd_axi_wrapper_25
TRACE::2026-06-09.12:50:31::SCWPlatform::Opened existing hwdb rtc_fnd_axi_wrapper_25
TRACE::2026-06-09.12:50:31::SCWPlatform::Found the Hw Db part of the input DSA
TRACE::2026-06-09.12:50:31::SCWMssOS::Checking the sw design at  D:/vivado_pj/RTC_FND_AXI/workspace/rtc_fnd_axi_wrapper/microblaze_0/standalone_microblaze_0/bsp/system.mss
TRACE::2026-06-09.12:50:31::SCWMssOS::DEBUG:  swdes dump  D:/vivado_pj/RTC_FND_AXI/workspace/rtc_fnd_axi_wrapper/microblaze_0/standalone_microblaze_0/bsp/system.mss|system||

TRACE::2026-06-09.12:50:31::SCWMssOS::Sw design exists and opened at  D:/vivado_pj/RTC_FND_AXI/workspace/rtc_fnd_axi_wrapper/microblaze_0/standalone_microblaze_0/bsp/system.mss
TRACE::2026-06-09.12:50:31::SCWMssOS::Completed writing the mss file at D:/vivado_pj/RTC_FND_AXI/workspace/rtc_fnd_axi_wrapper/microblaze_0/standalone_microblaze_0/bsp
TRACE::2026-06-09.12:50:31::SCWMssOS::Mss edits present, copying mssfile into export location D:/vivado_pj/RTC_FND_AXI/workspace/rtc_fnd_axi_wrapper/microblaze_0/standalone_microblaze_0/bsp/system.mss
TRACE::2026-06-09.12:50:31::SCWMssOS::bsp generated is stale removing and regenerating. 
TRACE::2026-06-09.12:50:31::SCWMssOS::doing bsp build ... 
TRACE::2026-06-09.12:50:31::SCWMssOS::System Command Ran  D: & cd  D:/vivado_pj/RTC_FND_AXI/workspace/rtc_fnd_axi_wrapper/microblaze_0/standalone_microblaze_0/bsp & make 
TRACE::2026-06-09.12:50:31::SCWMssOS::make --no-print-directory seq_libs

TRACE::2026-06-09.12:50:31::SCWMssOS::'Finished building libraries sequentially.'

TRACE::2026-06-09.12:50:31::SCWMssOS::make -j 18 --no-print-directory par_libs

TRACE::2026-06-09.12:50:32::SCWMssOS::"Running Make include in microblaze_0/libsrc/bram_v4_8/src"

TRACE::2026-06-09.12:50:32::SCWMssOS::make -C microblaze_0/libsrc/bram_v4_8/src -s include  "SHELL=CMD" "COMPILER=mb-gcc" "ASSEMBLER=mb-as" "ARCHIVER=mb-ar" "COMPILE
TRACE::2026-06-09.12:50:32::SCWMssOS::R_FLAGS=  -O2 -c -mcpu=v11.0 -mlittle-endian -mxl-soft-mul" "EXTRA_COMPILER_FLAGS=-g -ffunction-sections -fdata-sections -Wall 
TRACE::2026-06-09.12:50:32::SCWMssOS::-Wextra -fno-tree-loop-distribute-patterns"

TRACE::2026-06-09.12:50:32::SCWMssOS::"Running Make include in microblaze_0/libsrc/cpu_v2_17/src"

TRACE::2026-06-09.12:50:32::SCWMssOS::make -C microblaze_0/libsrc/cpu_v2_17/src -s include  "SHELL=CMD" "COMPILER=mb-gcc" "ASSEMBLER=mb-as" "ARCHIVER=mb-ar" "COMPILE
TRACE::2026-06-09.12:50:32::SCWMssOS::R_FLAGS=  -O2 -c -mcpu=v11.0 -mlittle-endian -mxl-soft-mul" "EXTRA_COMPILER_FLAGS=-g -ffunction-sections -fdata-sections -Wall 
TRACE::2026-06-09.12:50:32::SCWMssOS::-Wextra -fno-tree-loop-distribute-patterns"

TRACE::2026-06-09.12:50:32::SCWMssOS::"Running Make include in microblaze_0/libsrc/standalone_v8_1/src"

TRACE::2026-06-09.12:50:32::SCWMssOS::make -C microblaze_0/libsrc/standalone_v8_1/src -s include  "SHELL=CMD" "COMPILER=mb-gcc" "ASSEMBLER=mb-as" "ARCHIVER=mb-ar" "C
TRACE::2026-06-09.12:50:32::SCWMssOS::OMPILER_FLAGS=  -O2 -c -mcpu=v11.0 -mlittle-endian -mxl-soft-mul" "EXTRA_COMPILER_FLAGS=-g -ffunction-sections -fdata-sections 
TRACE::2026-06-09.12:50:32::SCWMssOS::-Wall -Wextra -fno-tree-loop-distribute-patterns"

TRACE::2026-06-09.12:50:32::SCWMssOS::"Running Make include in microblaze_0/libsrc/uartlite_v3_8/src"

TRACE::2026-06-09.12:50:32::SCWMssOS::make -C microblaze_0/libsrc/uartlite_v3_8/src -s include  "SHELL=CMD" "COMPILER=mb-gcc" "ASSEMBLER=mb-as" "ARCHIVER=mb-ar" "COM
TRACE::2026-06-09.12:50:32::SCWMssOS::PILER_FLAGS=  -O2 -c -mcpu=v11.0 -mlittle-endian -mxl-soft-mul" "EXTRA_COMPILER_FLAGS=-g -ffunction-sections -fdata-sections -W
TRACE::2026-06-09.12:50:32::SCWMssOS::all -Wextra -fno-tree-loop-distribute-patterns"

TRACE::2026-06-09.12:50:32::SCWMssOS::"Running Make libs in microblaze_0/libsrc/bram_v4_8/src"

TRACE::2026-06-09.12:50:32::SCWMssOS::make -C microblaze_0/libsrc/bram_v4_8/src -s libs  "SHELL=CMD" "COMPILER=mb-gcc" "ASSEMBLER=mb-as" "ARCHIVER=mb-ar" "COMPILER_F
TRACE::2026-06-09.12:50:32::SCWMssOS::LAGS=  -O2 -c -mcpu=v11.0 -mlittle-endian -mxl-soft-mul" "EXTRA_COMPILER_FLAGS=-g -ffunction-sections -fdata-sections -Wall -We
TRACE::2026-06-09.12:50:32::SCWMssOS::xtra -fno-tree-loop-distribute-patterns"

TRACE::2026-06-09.12:50:32::SCWMssOS::"Running Make libs in microblaze_0/libsrc/cpu_v2_17/src"

TRACE::2026-06-09.12:50:32::SCWMssOS::make -C microblaze_0/libsrc/cpu_v2_17/src -s libs  "SHELL=CMD" "COMPILER=mb-gcc" "ASSEMBLER=mb-as" "ARCHIVER=mb-ar" "COMPILER_F
TRACE::2026-06-09.12:50:32::SCWMssOS::LAGS=  -O2 -c -mcpu=v11.0 -mlittle-endian -mxl-soft-mul" "EXTRA_COMPILER_FLAGS=-g -ffunction-sections -fdata-sections -Wall -We
TRACE::2026-06-09.12:50:32::SCWMssOS::xtra -fno-tree-loop-distribute-patterns"

TRACE::2026-06-09.12:50:32::SCWMssOS::"Running Make libs in microblaze_0/libsrc/standalone_v8_1/src"

TRACE::2026-06-09.12:50:32::SCWMssOS::make -C microblaze_0/libsrc/standalone_v8_1/src -s libs  "SHELL=CMD" "COMPILER=mb-gcc" "ASSEMBLER=mb-as" "ARCHIVER=mb-ar" "COMP
TRACE::2026-06-09.12:50:32::SCWMssOS::ILER_FLAGS=  -O2 -c -mcpu=v11.0 -mlittle-endian -mxl-soft-mul" "EXTRA_COMPILER_FLAGS=-g -ffunction-sections -fdata-sections -Wa
TRACE::2026-06-09.12:50:32::SCWMssOS::ll -Wextra -fno-tree-loop-distribute-patterns"

TRACE::2026-06-09.12:50:32::SCWMssOS::"Running Make libs in microblaze_0/libsrc/uartlite_v3_8/src"

TRACE::2026-06-09.12:50:32::SCWMssOS::make -C microblaze_0/libsrc/uartlite_v3_8/src -s libs  "SHELL=CMD" "COMPILER=mb-gcc" "ASSEMBLER=mb-as" "ARCHIVER=mb-ar" "COMPIL
TRACE::2026-06-09.12:50:32::SCWMssOS::ER_FLAGS=  -O2 -c -mcpu=v11.0 -mlittle-endian -mxl-soft-mul" "EXTRA_COMPILER_FLAGS=-g -ffunction-sections -fdata-sections -Wall
TRACE::2026-06-09.12:50:32::SCWMssOS:: -Wextra -fno-tree-loop-distribute-patterns"

TRACE::2026-06-09.12:50:32::SCWMssOS::"DEBUG NON_LTO_OBJECTS is ../../../lib/microblaze_interrupt_handler.o"

TRACE::2026-06-09.12:50:32::SCWMssOS::'Finished building libraries parallelly.'

TRACE::2026-06-09.12:50:32::SCWMssOS::make --no-print-directory archive

TRACE::2026-06-09.12:50:33::SCWMssOS::mb-ar -r  microblaze_0/lib/libxil.a microblaze_0/lib/_exit.o microblaze_0/lib/errno.o microblaze_0/lib/fcntl.o microblaze_0/lib
TRACE::2026-06-09.12:50:33::SCWMssOS::/hw_exception_handler.o microblaze_0/lib/inbyte.o microblaze_0/lib/microblaze_disable_dcache.o microblaze_0/lib/microblaze_disa
TRACE::2026-06-09.12:50:33::SCWMssOS::ble_exceptions.o microblaze_0/lib/microblaze_disable_icache.o microblaze_0/lib/microblaze_disable_interrupts.o microblaze_0/lib
TRACE::2026-06-09.12:50:33::SCWMssOS::/microblaze_enable_dcache.o microblaze_0/lib/microblaze_enable_exceptions.o microblaze_0/lib/microblaze_enable_icache.o microbl
TRACE::2026-06-09.12:50:33::SCWMssOS::aze_0/lib/microblaze_enable_interrupts.o microblaze_0/lib/microblaze_exception_handler.o microblaze_0/lib/microblaze_flush_cach
TRACE::2026-06-09.12:50:33::SCWMssOS::e_ext.o microblaze_0/lib/microblaze_flush_cache_ext_range.o microblaze_0/lib/microblaze_flush_dcache.o microblaze_0/lib/microbl
TRACE::2026-06-09.12:50:33::SCWMssOS::aze_flush_dcache_range.o microblaze_0/lib/microblaze_init_dcache_range.o microblaze_0/lib/microblaze_init_icache_range.o microb
TRACE::2026-06-09.12:50:33::SCWMssOS::laze_0/lib/microblaze_interrupt_handler.o microblaze_0/lib/microblaze_interrupts_g.o microblaze_0/lib/microblaze_invalidate_cac
TRACE::2026-06-09.12:50:33::SCWMssOS::he_ext.o microblaze_0/lib/microblaze_invalidate_cache_ext_range.o microblaze_0/lib/microblaze_invalidate_dcache.o microblaze_0/
TRACE::2026-06-09.12:50:33::SCWMssOS::lib/microblaze_invalidate_dcache_range.o microblaze_0/lib/microblaze_invalidate_icache.o microblaze_0/lib/microblaze_invalidate
TRACE::2026-06-09.12:50:33::SCWMssOS::_icache_range.o microblaze_0/lib/microblaze_scrub.o microblaze_0/lib/microblaze_selftest.o microblaze_0/lib/microblaze_sleep.o 
TRACE::2026-06-09.12:50:33::SCWMssOS::microblaze_0/lib/microblaze_update_dcache.o microblaze_0/lib/microblaze_update_icache.o microblaze_0/lib/outbyte.o microblaze_0
TRACE::2026-06-09.12:50:33::SCWMssOS::/lib/print.o microblaze_0/lib/pvr.o microblaze_0/lib/xbram.o microblaze_0/lib/xbram_g.o microblaze_0/lib/xbram_intr.o microblaz
TRACE::2026-06-09.12:50:33::SCWMssOS::e_0/lib/xbram_selftest.o microblaze_0/lib/xbram_sinit.o microblaze_0/lib/xil_assert.o microblaze_0/lib/xil_cache.o microblaze_0
TRACE::2026-06-09.12:50:33::SCWMssOS::/lib/xil_clocking.o microblaze_0/lib/xil_exception.o microblaze_0/lib/xil_mem.o microblaze_0/lib/xil_misc_psreset_api.o microbl
TRACE::2026-06-09.12:50:33::SCWMssOS::aze_0/lib/xil_printf.o microblaze_0/lib/xil_sleepcommon.o microblaze_0/lib/xil_testcache.o microblaze_0/lib/xil_testio.o microb
TRACE::2026-06-09.12:50:33::SCWMssOS::laze_0/lib/xil_testmem.o microblaze_0/lib/xil_util.o microblaze_0/lib/xinterrupt_wrap.o microblaze_0/lib/xio.o microblaze_0/lib
TRACE::2026-06-09.12:50:33::SCWMssOS::/xplatform_info.o microblaze_0/lib/xuartlite.o microblaze_0/lib/xuartlite_g.o microblaze_0/lib/xuartlite_intr.o microblaze_0/li
TRACE::2026-06-09.12:50:33::SCWMssOS::b/xuartlite_l.o microblaze_0/lib/xuartlite_selftest.o microblaze_0/lib/xuartlite_sinit.o microblaze_0/lib/xuartlite_stats.o

TRACE::2026-06-09.12:50:33::SCWMssOS::'Finished building libraries'

TRACE::2026-06-09.12:50:33::SCWMssOS:: Checking if to create the Supporting Applications
TRACE::2026-06-09.12:50:33::SCWMssOS:: No Linux domain exists, trying to generate FSBL 
LOG::2026-06-09.12:50:33::SCWSystem::Completed Processing the domain standalone_microblaze_0
LOG::2026-06-09.12:50:33::SCWSystem::Completed Processing the sysconfig rtc_fnd_axi_wrapper
LOG::2026-06-09.12:50:33::SCWPlatform::Completed generating the artifacts for system configuration rtc_fnd_axi_wrapper
TRACE::2026-06-09.12:50:33::SCWPlatform::Started preparing the platform 
TRACE::2026-06-09.12:50:33::SCWSystem::Writing the bif file for system config rtc_fnd_axi_wrapper
TRACE::2026-06-09.12:50:33::SCWSystem::dir created 
TRACE::2026-06-09.12:50:33::SCWSystem::Writing the bif 
TRACE::2026-06-09.12:50:33::SCWPlatform::Started writing the spfm file 
TRACE::2026-06-09.12:50:33::SCWPlatform::Started writing the xpfm file 
TRACE::2026-06-09.12:50:33::SCWPlatform::Completed generating the platform
TRACE::2026-06-09.12:50:33::SCWMssOS::Saving the mss changes D:/vivado_pj/RTC_FND_AXI/workspace/rtc_fnd_axi_wrapper/microblaze_0/standalone_microblaze_0/bsp/system.mss
TRACE::2026-06-09.12:50:33::SCWMssOS::Adding the swdes entry, mss present, able to open swdb D:/vivado_pj/RTC_FND_AXI/workspace/rtc_fnd_axi_wrapper/microblaze_0/standalone_microblaze_0/bsp/system.mss with des name system
TRACE::2026-06-09.12:50:33::SCWMssOS::Writing the mss file completed D:/vivado_pj/RTC_FND_AXI/workspace/rtc_fnd_axi_wrapper/microblaze_0/standalone_microblaze_0/bsp/system.mss
TRACE::2026-06-09.12:50:33::SCWMssOS::Commit changes completed.
TRACE::2026-06-09.12:50:33::SCWPlatform::Trying to open the hw design at D:/vivado_pj/RTC_FND_AXI/workspace/rtc_fnd_axi_wrapper/hw/rtc_fnd_axi_wrapper2.xsa
TRACE::2026-06-09.12:50:33::SCWPlatform::DSA given D:/vivado_pj/RTC_FND_AXI/workspace/rtc_fnd_axi_wrapper/hw/rtc_fnd_axi_wrapper2.xsa
TRACE::2026-06-09.12:50:33::SCWPlatform::DSA absoulate path D:/vivado_pj/RTC_FND_AXI/workspace/rtc_fnd_axi_wrapper/hw/rtc_fnd_axi_wrapper2.xsa
TRACE::2026-06-09.12:50:33::SCWPlatform::DSA directory D:/vivado_pj/RTC_FND_AXI/workspace/rtc_fnd_axi_wrapper/hw
TRACE::2026-06-09.12:50:33::SCWPlatform:: Platform Path D:/vivado_pj/RTC_FND_AXI/workspace/rtc_fnd_axi_wrapper/hw/rtc_fnd_axi_wrapper2.xsa
TRACE::2026-06-09.12:50:33::SCWPlatform:: Unique name xilinx:basys3::0.0
TRACE::2026-06-09.12:50:33::SCWPlatform::Trying to set the existing hwdb with name rtc_fnd_axi_wrapper_25
TRACE::2026-06-09.12:50:33::SCWPlatform::Opened existing hwdb rtc_fnd_axi_wrapper_25
TRACE::2026-06-09.12:50:33::SCWPlatform::Found the Hw Db part of the input DSA
TRACE::2026-06-09.12:50:33::SCWMssOS::Checking the sw design at  D:/vivado_pj/RTC_FND_AXI/workspace/rtc_fnd_axi_wrapper/microblaze_0/standalone_microblaze_0/bsp/system.mss
TRACE::2026-06-09.12:50:33::SCWMssOS::DEBUG:  swdes dump  D:/vivado_pj/RTC_FND_AXI/workspace/rtc_fnd_axi_wrapper/microblaze_0/standalone_microblaze_0/bsp/system.mss|system||

TRACE::2026-06-09.12:50:33::SCWMssOS::Sw design exists and opened at  D:/vivado_pj/RTC_FND_AXI/workspace/rtc_fnd_axi_wrapper/microblaze_0/standalone_microblaze_0/bsp/system.mss
TRACE::2026-06-09.12:50:33::SCWWriter::formatted JSON is {
	"platformName":	"rtc_fnd_axi_wrapper",
	"sprVersion":	"2.0",
	"mode":	"gui",
	"dsaType":	"Fixed",
	"platformDesc":	"rtc_fnd_axi_wrapper",
	"platHandOff":	"D:/vivado_pj/RTC_FND_AXI/rtc_fnd_axi_wrapper2.xsa",
	"platIntHandOff":	"<platformDir>/hw/rtc_fnd_axi_wrapper2.xsa",
	"deviceType":	"FPGA",
	"platIsPrebuiltAutogen":	"false",
	"platIsNoBootBsp":	"false",
	"hasFsblMakeHasChanges":	"false",
	"hasPmufwMakeHasChanges":	"false",
	"platPreBuiltFlag":	false,
	"platformSamplesDir":	"",
	"platActiveSys":	"rtc_fnd_axi_wrapper",
	"systems":	[{
			"systemName":	"rtc_fnd_axi_wrapper",
			"systemDesc":	"rtc_fnd_axi_wrapper",
			"sysIsBootAutoGen":	"true",
			"systemDispName":	"rtc_fnd_axi_wrapper",
			"sysActiveDom":	"standalone_microblaze_0",
			"sysDefaultDom":	"standalone_microblaze_0",
			"domains":	[{
					"domainName":	"standalone_microblaze_0",
					"domainDispName":	"standalone_microblaze_0",
					"domainDesc":	"standalone_microblaze_0",
					"processors":	"microblaze_0",
					"os":	"standalone",
					"sdxOs":	"standalone",
					"debugEnable":	"False",
					"domRuntimes":	["cpp"],
					"swRepo":	"",
					"mssOsVer":	"8.1",
					"mssFile":	"",
					"md5Digest":	"3916ba371a6c5525b0331437d0164d92",
					"compatibleApp":	"",
					"domType":	"mssDomain",
					"arch":	"32-bit",
					"appSettings":	{
						"appCompilerFlags":	"",
						"appLinkerFlags":	""
					},
					"addedLibs":	[],
					"libOptions":	{
						"libsContainingOptions":	[]
					},
					"prebuiltLibs":	{
						"prebuiltIncPath":	[],
						"prebuiltLibPath":	[]
					},
					"isolation":	{
					}
				}]
		}]
}
KEYINFO::2026-06-09.12:50:33::SCWPlatform::updated the xpfm file.
TRACE::2026-06-09.12:50:33::SCWPlatform::Trying to open the hw design at D:/vivado_pj/RTC_FND_AXI/workspace/rtc_fnd_axi_wrapper/hw/rtc_fnd_axi_wrapper2.xsa
TRACE::2026-06-09.12:50:33::SCWPlatform::DSA given D:/vivado_pj/RTC_FND_AXI/workspace/rtc_fnd_axi_wrapper/hw/rtc_fnd_axi_wrapper2.xsa
TRACE::2026-06-09.12:50:33::SCWPlatform::DSA absoulate path D:/vivado_pj/RTC_FND_AXI/workspace/rtc_fnd_axi_wrapper/hw/rtc_fnd_axi_wrapper2.xsa
TRACE::2026-06-09.12:50:33::SCWPlatform::DSA directory D:/vivado_pj/RTC_FND_AXI/workspace/rtc_fnd_axi_wrapper/hw
TRACE::2026-06-09.12:50:33::SCWPlatform:: Platform Path D:/vivado_pj/RTC_FND_AXI/workspace/rtc_fnd_axi_wrapper/hw/rtc_fnd_axi_wrapper2.xsa
TRACE::2026-06-09.12:50:33::SCWPlatform:: Unique name xilinx:basys3::0.0
TRACE::2026-06-09.12:50:33::SCWPlatform::Trying to set the existing hwdb with name rtc_fnd_axi_wrapper_25
TRACE::2026-06-09.12:50:33::SCWPlatform::Opened existing hwdb rtc_fnd_axi_wrapper_25
TRACE::2026-06-09.12:50:33::SCWPlatform::Found the Hw Db part of the input DSA
TRACE::2026-06-09.12:50:33::SCWMssOS::Checking the sw design at  D:/vivado_pj/RTC_FND_AXI/workspace/rtc_fnd_axi_wrapper/microblaze_0/standalone_microblaze_0/bsp/system.mss
TRACE::2026-06-09.12:50:33::SCWMssOS::DEBUG:  swdes dump  D:/vivado_pj/RTC_FND_AXI/workspace/rtc_fnd_axi_wrapper/microblaze_0/standalone_microblaze_0/bsp/system.mss|system||

TRACE::2026-06-09.12:50:33::SCWMssOS::Sw design exists and opened at  D:/vivado_pj/RTC_FND_AXI/workspace/rtc_fnd_axi_wrapper/microblaze_0/standalone_microblaze_0/bsp/system.mss
