Copyright 1986-2022 Xilinx, Inc. All Rights Reserved. Copyright 2022-2023 Advanced Micro Devices, Inc. All Rights Reserved.
---------------------------------------------------------------------------------------------------------------------------------------------------------------------------------------------------------------------------------------
| Tool Version : Vivado v.2023.1 (win64) Build 3865809 Sun May  7 15:05:29 MDT 2023
| Date         : Mon Jun 15 17:38:41 2026
| Host         : SmST12 running 64-bit major release  (build 9200)
| Command      : report_timing_summary -max_paths 10 -report_unconstrained -file top_fndcontrol_timing_summary_routed.rpt -pb top_fndcontrol_timing_summary_routed.pb -rpx top_fndcontrol_timing_summary_routed.rpx -warn_on_violation
| Design       : top_fndcontrol
| Device       : 7a35t-cpg236
| Speed File   : -1  PRODUCTION 1.23 2018-06-13
| Design State : Routed
---------------------------------------------------------------------------------------------------------------------------------------------------------------------------------------------------------------------------------------

Timing Summary Report

------------------------------------------------------------------------------------------------
| Timer Settings
| --------------
------------------------------------------------------------------------------------------------

  Enable Multi Corner Analysis               :  Yes
  Enable Pessimism Removal                   :  Yes
  Pessimism Removal Resolution               :  Nearest Common Node
  Enable Input Delay Default Clock           :  No
  Enable Preset / Clear Arcs                 :  No
  Disable Flight Delays                      :  No
  Ignore I/O Paths                           :  No
  Timing Early Launch at Borrowing Latches   :  No
  Borrow Time for Max Delay Exceptions       :  Yes
  Merge Timing Exceptions                    :  Yes

  Corner  Analyze    Analyze    
  Name    Max Paths  Min Paths  
  ------  ---------  ---------  
  Slow    Yes        Yes        
  Fast    Yes        Yes        


------------------------------------------------------------------------------------------------
| Report Methodology
| ------------------
------------------------------------------------------------------------------------------------

Rule       Severity          Description                    Violations  
---------  ----------------  -----------------------------  ----------  
TIMING-17  Critical Warning  Non-clocked sequential cell    63          
TIMING-18  Warning           Missing input or output delay  1           

Note: This report is based on the most recent report_methodology run and may not be up-to-date. Run report_methodology on the current design for the latest report.



check_timing report

Table of Contents
-----------------
1. checking no_clock (63)
2. checking constant_clock (0)
3. checking pulse_width_clock (0)
4. checking unconstrained_internal_endpoints (166)
5. checking no_input_delay (5)
6. checking no_output_delay (19)
7. checking multiple_clock (0)
8. checking generated_clocks (0)
9. checking loops (0)
10. checking partial_input_delay (0)
11. checking partial_output_delay (0)
12. checking latch_loops (0)

1. checking no_clock (63)
-------------------------
 There are 57 register/latch pins with no clock driven by root clock pin: U1/clk1000Hz_reg/Q (HIGH)

 There are 6 register/latch pins with no clock driven by root clock pin: U1/clk50hz_reg/Q (HIGH)


2. checking constant_clock (0)
------------------------------
 There are 0 register/latch pins with constant_clock.


3. checking pulse_width_clock (0)
---------------------------------
 There are 0 register/latch pins which need pulse_width check


4. checking unconstrained_internal_endpoints (166)
--------------------------------------------------
 There are 166 pins that are not constrained for maximum delay. (HIGH)

 There are 0 pins that are not constrained for maximum delay due to constant clock.


5. checking no_input_delay (5)
------------------------------
 There are 5 input ports with no input delay specified. (HIGH)

 There are 0 input ports with no input delay but user has a false path constraint.


6. checking no_output_delay (19)
--------------------------------
 There are 19 ports with no output delay specified. (HIGH)

 There are 0 ports with no output delay but user has a false path constraint

 There are 0 ports with no output delay but with a timing clock defined on it or propagating through it


7. checking multiple_clock (0)
------------------------------
 There are 0 register/latch pins with multiple clocks.


8. checking generated_clocks (0)
--------------------------------
 There are 0 generated clocks that are not connected to a clock source.


9. checking loops (0)
---------------------
 There are 0 combinational loops in the design.


10. checking partial_input_delay (0)
------------------------------------
 There are 0 input ports with partial input delay specified.


11. checking partial_output_delay (0)
-------------------------------------
 There are 0 ports with partial output delay specified.


12. checking latch_loops (0)
----------------------------
 There are 0 combinational latch loops in the design through latch input



------------------------------------------------------------------------------------------------
| Design Timing Summary
| ---------------------
------------------------------------------------------------------------------------------------

    WNS(ns)      TNS(ns)  TNS Failing Endpoints  TNS Total Endpoints      WHS(ns)      THS(ns)  THS Failing Endpoints  THS Total Endpoints     WPWS(ns)     TPWS(ns)  TPWS Failing Endpoints  TPWS Total Endpoints  
    -------      -------  ---------------------  -------------------      -------      -------  ---------------------  -------------------     --------     --------  ----------------------  --------------------  
      5.365        0.000                      0                   54        0.256        0.000                      0                   54        4.500        0.000                       0                    59  


All user specified timing constraints are met.


------------------------------------------------------------------------------------------------
| Clock Summary
| -------------
------------------------------------------------------------------------------------------------

Clock        Waveform(ns)       Period(ns)      Frequency(MHz)
-----        ------------       ----------      --------------
sys_clk_pin  {0.000 5.000}      10.000          100.000         


------------------------------------------------------------------------------------------------
| Intra Clock Table
| -----------------
------------------------------------------------------------------------------------------------

Clock             WNS(ns)      TNS(ns)  TNS Failing Endpoints  TNS Total Endpoints      WHS(ns)      THS(ns)  THS Failing Endpoints  THS Total Endpoints     WPWS(ns)     TPWS(ns)  TPWS Failing Endpoints  TPWS Total Endpoints  
-----             -------      -------  ---------------------  -------------------      -------      -------  ---------------------  -------------------     --------     --------  ----------------------  --------------------  
sys_clk_pin         5.365        0.000                      0                   54        0.256        0.000                      0                   54        4.500        0.000                       0                    59  


------------------------------------------------------------------------------------------------
| Inter Clock Table
| -----------------
------------------------------------------------------------------------------------------------

From Clock    To Clock          WNS(ns)      TNS(ns)  TNS Failing Endpoints  TNS Total Endpoints      WHS(ns)      THS(ns)  THS Failing Endpoints  THS Total Endpoints  
----------    --------          -------      -------  ---------------------  -------------------      -------      -------  ---------------------  -------------------  


------------------------------------------------------------------------------------------------
| Other Path Groups Table
| -----------------------
------------------------------------------------------------------------------------------------

Path Group    From Clock    To Clock          WNS(ns)      TNS(ns)  TNS Failing Endpoints  TNS Total Endpoints      WHS(ns)      THS(ns)  THS Failing Endpoints  THS Total Endpoints  
----------    ----------    --------          -------      -------  ---------------------  -------------------      -------      -------  ---------------------  -------------------  


------------------------------------------------------------------------------------------------
| User Ignored Path Table
| -----------------------
------------------------------------------------------------------------------------------------

Path Group    From Clock    To Clock    
----------    ----------    --------    


------------------------------------------------------------------------------------------------
| Unconstrained Path Table
| ------------------------
------------------------------------------------------------------------------------------------

Path Group    From Clock    To Clock    
----------    ----------    --------    
(none)                                    
(none)        sys_clk_pin                 
(none)                      sys_clk_pin   


------------------------------------------------------------------------------------------------
| Timing Details
| --------------
------------------------------------------------------------------------------------------------


---------------------------------------------------------------------------------------------------
From Clock:  sys_clk_pin
  To Clock:  sys_clk_pin

Setup :            0  Failing Endpoints,  Worst Slack        5.365ns,  Total Violation        0.000ns
Hold  :            0  Failing Endpoints,  Worst Slack        0.256ns,  Total Violation        0.000ns
PW    :            0  Failing Endpoints,  Worst Slack        4.500ns,  Total Violation        0.000ns
---------------------------------------------------------------------------------------------------


Max Delay Paths
--------------------------------------------------------------------------------------
Slack (MET) :             5.365ns  (required time - arrival time)
  Source:                 U1/cnt_1k_reg[19]/C
                            (rising edge-triggered cell FDCE clocked by sys_clk_pin  {rise@0.000ns fall@5.000ns period=10.000ns})
  Destination:            U1/cnt_1k_reg[23]/D
                            (rising edge-triggered cell FDCE clocked by sys_clk_pin  {rise@0.000ns fall@5.000ns period=10.000ns})
  Path Group:             sys_clk_pin
  Path Type:              Setup (Max at Slow Process Corner)
  Requirement:            10.000ns  (sys_clk_pin rise@10.000ns - sys_clk_pin rise@0.000ns)
  Data Path Delay:        4.593ns  (logic 1.076ns (23.429%)  route 3.517ns (76.571%))
  Logic Levels:           5  (LUT2=1 LUT4=1 LUT5=1 LUT6=2)
  Clock Path Skew:        -0.038ns (DCD - SCD + CPR)
    Destination Clock Delay (DCD):    4.779ns = ( 14.779 - 10.000 ) 
    Source Clock Delay      (SCD):    5.075ns
    Clock Pessimism Removal (CPR):    0.258ns
  Clock Uncertainty:      0.035ns  ((TSJ^2 + TIJ^2)^1/2 + DJ) / 2 + PE
    Total System Jitter     (TSJ):    0.071ns
    Total Input Jitter      (TIJ):    0.000ns
    Discrete Jitter          (DJ):    0.000ns
    Phase Error              (PE):    0.000ns

    Location             Delay type                Incr(ns)  Path(ns)    Netlist Resource(s)
  -------------------------------------------------------------------    -------------------
                         (clock sys_clk_pin rise edge)
                                                      0.000     0.000 r  
    W5                                                0.000     0.000 r  clk (IN)
                         net (fo=0)                   0.000     0.000    clk
    W5                   IBUF (Prop_ibuf_I_O)         1.458     1.458 r  clk_IBUF_inst/O
                         net (fo=1, routed)           1.967     3.425    clk_IBUF
    BUFGCTRL_X0Y0        BUFG (Prop_bufg_I_O)         0.096     3.521 r  clk_IBUF_BUFG_inst/O
                         net (fo=58, routed)          1.554     5.075    U1/CLK
    SLICE_X39Y50         FDCE                                         r  U1/cnt_1k_reg[19]/C
  -------------------------------------------------------------------    -------------------
    SLICE_X39Y50         FDCE (Prop_fdce_C_Q)         0.456     5.531 r  U1/cnt_1k_reg[19]/Q
                         net (fo=2, routed)           0.702     6.232    U1/cnt_1k[19]
    SLICE_X39Y50         LUT4 (Prop_lut4_I0_O)        0.124     6.356 r  U1/cnt_1k[25]_i_8/O
                         net (fo=1, routed)           0.599     6.955    U1/cnt_1k[25]_i_8_n_0
    SLICE_X41Y49         LUT5 (Prop_lut5_I4_O)        0.124     7.079 r  U1/cnt_1k[25]_i_7/O
                         net (fo=1, routed)           0.505     7.584    U1/cnt_1k[25]_i_7_n_0
    SLICE_X41Y48         LUT6 (Prop_lut6_I5_O)        0.124     7.708 r  U1/cnt_1k[25]_i_4/O
                         net (fo=1, routed)           0.553     8.261    U1/cnt_1k[25]_i_4_n_0
    SLICE_X41Y46         LUT6 (Prop_lut6_I0_O)        0.124     8.385 r  U1/cnt_1k[25]_i_2/O
                         net (fo=26, routed)          1.158     9.543    U1/cnt_1k[25]_i_2_n_0
    SLICE_X41Y50         LUT2 (Prop_lut2_I0_O)        0.124     9.667 r  U1/cnt_1k[23]_i_1/O
                         net (fo=1, routed)           0.000     9.667    U1/cnt_1k_0[23]
    SLICE_X41Y50         FDCE                                         r  U1/cnt_1k_reg[23]/D
  -------------------------------------------------------------------    -------------------

                         (clock sys_clk_pin rise edge)
                                                     10.000    10.000 r  
    W5                                                0.000    10.000 r  clk (IN)
                         net (fo=0)                   0.000    10.000    clk
    W5                   IBUF (Prop_ibuf_I_O)         1.388    11.388 r  clk_IBUF_inst/O
                         net (fo=1, routed)           1.862    13.250    clk_IBUF
    BUFGCTRL_X0Y0        BUFG (Prop_bufg_I_O)         0.091    13.341 r  clk_IBUF_BUFG_inst/O
                         net (fo=58, routed)          1.438    14.779    U1/CLK
    SLICE_X41Y50         FDCE                                         r  U1/cnt_1k_reg[23]/C
                         clock pessimism              0.258    15.037    
                         clock uncertainty           -0.035    15.002    
    SLICE_X41Y50         FDCE (Setup_fdce_C_D)        0.031    15.033    U1/cnt_1k_reg[23]
  -------------------------------------------------------------------
                         required time                         15.033    
                         arrival time                          -9.667    
  -------------------------------------------------------------------
                         slack                                  5.365    

Slack (MET) :             5.381ns  (required time - arrival time)
  Source:                 U1/cnt_1k_reg[19]/C
                            (rising edge-triggered cell FDCE clocked by sys_clk_pin  {rise@0.000ns fall@5.000ns period=10.000ns})
  Destination:            U1/cnt_1k_reg[24]/D
                            (rising edge-triggered cell FDCE clocked by sys_clk_pin  {rise@0.000ns fall@5.000ns period=10.000ns})
  Path Group:             sys_clk_pin
  Path Type:              Setup (Max at Slow Process Corner)
  Requirement:            10.000ns  (sys_clk_pin rise@10.000ns - sys_clk_pin rise@0.000ns)
  Data Path Delay:        4.621ns  (logic 1.104ns (23.893%)  route 3.517ns (76.107%))
  Logic Levels:           5  (LUT2=1 LUT4=1 LUT5=1 LUT6=2)
  Clock Path Skew:        -0.038ns (DCD - SCD + CPR)
    Destination Clock Delay (DCD):    4.779ns = ( 14.779 - 10.000 ) 
    Source Clock Delay      (SCD):    5.075ns
    Clock Pessimism Removal (CPR):    0.258ns
  Clock Uncertainty:      0.035ns  ((TSJ^2 + TIJ^2)^1/2 + DJ) / 2 + PE
    Total System Jitter     (TSJ):    0.071ns
    Total Input Jitter      (TIJ):    0.000ns
    Discrete Jitter          (DJ):    0.000ns
    Phase Error              (PE):    0.000ns

    Location             Delay type                Incr(ns)  Path(ns)    Netlist Resource(s)
  -------------------------------------------------------------------    -------------------
                         (clock sys_clk_pin rise edge)
                                                      0.000     0.000 r  
    W5                                                0.000     0.000 r  clk (IN)
                         net (fo=0)                   0.000     0.000    clk
    W5                   IBUF (Prop_ibuf_I_O)         1.458     1.458 r  clk_IBUF_inst/O
                         net (fo=1, routed)           1.967     3.425    clk_IBUF
    BUFGCTRL_X0Y0        BUFG (Prop_bufg_I_O)         0.096     3.521 r  clk_IBUF_BUFG_inst/O
                         net (fo=58, routed)          1.554     5.075    U1/CLK
    SLICE_X39Y50         FDCE                                         r  U1/cnt_1k_reg[19]/C
  -------------------------------------------------------------------    -------------------
    SLICE_X39Y50         FDCE (Prop_fdce_C_Q)         0.456     5.531 r  U1/cnt_1k_reg[19]/Q
                         net (fo=2, routed)           0.702     6.232    U1/cnt_1k[19]
    SLICE_X39Y50         LUT4 (Prop_lut4_I0_O)        0.124     6.356 r  U1/cnt_1k[25]_i_8/O
                         net (fo=1, routed)           0.599     6.955    U1/cnt_1k[25]_i_8_n_0
    SLICE_X41Y49         LUT5 (Prop_lut5_I4_O)        0.124     7.079 r  U1/cnt_1k[25]_i_7/O
                         net (fo=1, routed)           0.505     7.584    U1/cnt_1k[25]_i_7_n_0
    SLICE_X41Y48         LUT6 (Prop_lut6_I5_O)        0.124     7.708 r  U1/cnt_1k[25]_i_4/O
                         net (fo=1, routed)           0.553     8.261    U1/cnt_1k[25]_i_4_n_0
    SLICE_X41Y46         LUT6 (Prop_lut6_I0_O)        0.124     8.385 r  U1/cnt_1k[25]_i_2/O
                         net (fo=26, routed)          1.158     9.543    U1/cnt_1k[25]_i_2_n_0
    SLICE_X41Y50         LUT2 (Prop_lut2_I0_O)        0.152     9.695 r  U1/cnt_1k[24]_i_1/O
                         net (fo=1, routed)           0.000     9.695    U1/cnt_1k_0[24]
    SLICE_X41Y50         FDCE                                         r  U1/cnt_1k_reg[24]/D
  -------------------------------------------------------------------    -------------------

                         (clock sys_clk_pin rise edge)
                                                     10.000    10.000 r  
    W5                                                0.000    10.000 r  clk (IN)
                         net (fo=0)                   0.000    10.000    clk
    W5                   IBUF (Prop_ibuf_I_O)         1.388    11.388 r  clk_IBUF_inst/O
                         net (fo=1, routed)           1.862    13.250    clk_IBUF
    BUFGCTRL_X0Y0        BUFG (Prop_bufg_I_O)         0.091    13.341 r  clk_IBUF_BUFG_inst/O
                         net (fo=58, routed)          1.438    14.779    U1/CLK
    SLICE_X41Y50         FDCE                                         r  U1/cnt_1k_reg[24]/C
                         clock pessimism              0.258    15.037    
                         clock uncertainty           -0.035    15.002    
    SLICE_X41Y50         FDCE (Setup_fdce_C_D)        0.075    15.077    U1/cnt_1k_reg[24]
  -------------------------------------------------------------------
                         required time                         15.077    
                         arrival time                          -9.695    
  -------------------------------------------------------------------
                         slack                                  5.381    

Slack (MET) :             5.439ns  (required time - arrival time)
  Source:                 U1/cnt_1k_reg[19]/C
                            (rising edge-triggered cell FDCE clocked by sys_clk_pin  {rise@0.000ns fall@5.000ns period=10.000ns})
  Destination:            U1/cnt_1k_reg[18]/D
                            (rising edge-triggered cell FDCE clocked by sys_clk_pin  {rise@0.000ns fall@5.000ns period=10.000ns})
  Path Group:             sys_clk_pin
  Path Type:              Setup (Max at Slow Process Corner)
  Requirement:            10.000ns  (sys_clk_pin rise@10.000ns - sys_clk_pin rise@0.000ns)
  Data Path Delay:        4.555ns  (logic 1.076ns (23.625%)  route 3.479ns (76.375%))
  Logic Levels:           5  (LUT2=1 LUT4=1 LUT5=1 LUT6=2)
  Clock Path Skew:        0.000ns (DCD - SCD + CPR)
    Destination Clock Delay (DCD):    4.777ns = ( 14.777 - 10.000 ) 
    Source Clock Delay      (SCD):    5.075ns
    Clock Pessimism Removal (CPR):    0.298ns
  Clock Uncertainty:      0.035ns  ((TSJ^2 + TIJ^2)^1/2 + DJ) / 2 + PE
    Total System Jitter     (TSJ):    0.071ns
    Total Input Jitter      (TIJ):    0.000ns
    Discrete Jitter          (DJ):    0.000ns
    Phase Error              (PE):    0.000ns

    Location             Delay type                Incr(ns)  Path(ns)    Netlist Resource(s)
  -------------------------------------------------------------------    -------------------
                         (clock sys_clk_pin rise edge)
                                                      0.000     0.000 r  
    W5                                                0.000     0.000 r  clk (IN)
                         net (fo=0)                   0.000     0.000    clk
    W5                   IBUF (Prop_ibuf_I_O)         1.458     1.458 r  clk_IBUF_inst/O
                         net (fo=1, routed)           1.967     3.425    clk_IBUF
    BUFGCTRL_X0Y0        BUFG (Prop_bufg_I_O)         0.096     3.521 r  clk_IBUF_BUFG_inst/O
                         net (fo=58, routed)          1.554     5.075    U1/CLK
    SLICE_X39Y50         FDCE                                         r  U1/cnt_1k_reg[19]/C
  -------------------------------------------------------------------    -------------------
    SLICE_X39Y50         FDCE (Prop_fdce_C_Q)         0.456     5.531 r  U1/cnt_1k_reg[19]/Q
                         net (fo=2, routed)           0.702     6.232    U1/cnt_1k[19]
    SLICE_X39Y50         LUT4 (Prop_lut4_I0_O)        0.124     6.356 r  U1/cnt_1k[25]_i_8/O
                         net (fo=1, routed)           0.599     6.955    U1/cnt_1k[25]_i_8_n_0
    SLICE_X41Y49         LUT5 (Prop_lut5_I4_O)        0.124     7.079 r  U1/cnt_1k[25]_i_7/O
                         net (fo=1, routed)           0.505     7.584    U1/cnt_1k[25]_i_7_n_0
    SLICE_X41Y48         LUT6 (Prop_lut6_I5_O)        0.124     7.708 r  U1/cnt_1k[25]_i_4/O
                         net (fo=1, routed)           0.553     8.261    U1/cnt_1k[25]_i_4_n_0
    SLICE_X41Y46         LUT6 (Prop_lut6_I0_O)        0.124     8.385 r  U1/cnt_1k[25]_i_2/O
                         net (fo=26, routed)          1.120     9.505    U1/cnt_1k[25]_i_2_n_0
    SLICE_X39Y50         LUT2 (Prop_lut2_I0_O)        0.124     9.629 r  U1/cnt_1k[18]_i_1/O
                         net (fo=1, routed)           0.000     9.629    U1/cnt_1k_0[18]
    SLICE_X39Y50         FDCE                                         r  U1/cnt_1k_reg[18]/D
  -------------------------------------------------------------------    -------------------

                         (clock sys_clk_pin rise edge)
                                                     10.000    10.000 r  
    W5                                                0.000    10.000 r  clk (IN)
                         net (fo=0)                   0.000    10.000    clk
    W5                   IBUF (Prop_ibuf_I_O)         1.388    11.388 r  clk_IBUF_inst/O
                         net (fo=1, routed)           1.862    13.250    clk_IBUF
    BUFGCTRL_X0Y0        BUFG (Prop_bufg_I_O)         0.091    13.341 r  clk_IBUF_BUFG_inst/O
                         net (fo=58, routed)          1.436    14.777    U1/CLK
    SLICE_X39Y50         FDCE                                         r  U1/cnt_1k_reg[18]/C
                         clock pessimism              0.298    15.075    
                         clock uncertainty           -0.035    15.040    
    SLICE_X39Y50         FDCE (Setup_fdce_C_D)        0.029    15.069    U1/cnt_1k_reg[18]
  -------------------------------------------------------------------
                         required time                         15.069    
                         arrival time                          -9.629    
  -------------------------------------------------------------------
                         slack                                  5.439    

Slack (MET) :             5.443ns  (required time - arrival time)
  Source:                 U1/cnt_1k_reg[19]/C
                            (rising edge-triggered cell FDCE clocked by sys_clk_pin  {rise@0.000ns fall@5.000ns period=10.000ns})
  Destination:            U1/cnt_1k_reg[19]/D
                            (rising edge-triggered cell FDCE clocked by sys_clk_pin  {rise@0.000ns fall@5.000ns period=10.000ns})
  Path Group:             sys_clk_pin
  Path Type:              Setup (Max at Slow Process Corner)
  Requirement:            10.000ns  (sys_clk_pin rise@10.000ns - sys_clk_pin rise@0.000ns)
  Data Path Delay:        4.553ns  (logic 1.076ns (23.635%)  route 3.477ns (76.365%))
  Logic Levels:           5  (LUT2=1 LUT4=1 LUT5=1 LUT6=2)
  Clock Path Skew:        0.000ns (DCD - SCD + CPR)
    Destination Clock Delay (DCD):    4.777ns = ( 14.777 - 10.000 ) 
    Source Clock Delay      (SCD):    5.075ns
    Clock Pessimism Removal (CPR):    0.298ns
  Clock Uncertainty:      0.035ns  ((TSJ^2 + TIJ^2)^1/2 + DJ) / 2 + PE
    Total System Jitter     (TSJ):    0.071ns
    Total Input Jitter      (TIJ):    0.000ns
    Discrete Jitter          (DJ):    0.000ns
    Phase Error              (PE):    0.000ns

    Location             Delay type                Incr(ns)  Path(ns)    Netlist Resource(s)
  -------------------------------------------------------------------    -------------------
                         (clock sys_clk_pin rise edge)
                                                      0.000     0.000 r  
    W5                                                0.000     0.000 r  clk (IN)
                         net (fo=0)                   0.000     0.000    clk
    W5                   IBUF (Prop_ibuf_I_O)         1.458     1.458 r  clk_IBUF_inst/O
                         net (fo=1, routed)           1.967     3.425    clk_IBUF
    BUFGCTRL_X0Y0        BUFG (Prop_bufg_I_O)         0.096     3.521 r  clk_IBUF_BUFG_inst/O
                         net (fo=58, routed)          1.554     5.075    U1/CLK
    SLICE_X39Y50         FDCE                                         r  U1/cnt_1k_reg[19]/C
  -------------------------------------------------------------------    -------------------
    SLICE_X39Y50         FDCE (Prop_fdce_C_Q)         0.456     5.531 r  U1/cnt_1k_reg[19]/Q
                         net (fo=2, routed)           0.702     6.232    U1/cnt_1k[19]
    SLICE_X39Y50         LUT4 (Prop_lut4_I0_O)        0.124     6.356 r  U1/cnt_1k[25]_i_8/O
                         net (fo=1, routed)           0.599     6.955    U1/cnt_1k[25]_i_8_n_0
    SLICE_X41Y49         LUT5 (Prop_lut5_I4_O)        0.124     7.079 r  U1/cnt_1k[25]_i_7/O
                         net (fo=1, routed)           0.505     7.584    U1/cnt_1k[25]_i_7_n_0
    SLICE_X41Y48         LUT6 (Prop_lut6_I5_O)        0.124     7.708 r  U1/cnt_1k[25]_i_4/O
                         net (fo=1, routed)           0.553     8.261    U1/cnt_1k[25]_i_4_n_0
    SLICE_X41Y46         LUT6 (Prop_lut6_I0_O)        0.124     8.385 r  U1/cnt_1k[25]_i_2/O
                         net (fo=26, routed)          1.118     9.503    U1/cnt_1k[25]_i_2_n_0
    SLICE_X39Y50         LUT2 (Prop_lut2_I0_O)        0.124     9.627 r  U1/cnt_1k[19]_i_1/O
                         net (fo=1, routed)           0.000     9.627    U1/cnt_1k_0[19]
    SLICE_X39Y50         FDCE                                         r  U1/cnt_1k_reg[19]/D
  -------------------------------------------------------------------    -------------------

                         (clock sys_clk_pin rise edge)
                                                     10.000    10.000 r  
    W5                                                0.000    10.000 r  clk (IN)
                         net (fo=0)                   0.000    10.000    clk
    W5                   IBUF (Prop_ibuf_I_O)         1.388    11.388 r  clk_IBUF_inst/O
                         net (fo=1, routed)           1.862    13.250    clk_IBUF
    BUFGCTRL_X0Y0        BUFG (Prop_bufg_I_O)         0.091    13.341 r  clk_IBUF_BUFG_inst/O
                         net (fo=58, routed)          1.436    14.777    U1/CLK
    SLICE_X39Y50         FDCE                                         r  U1/cnt_1k_reg[19]/C
                         clock pessimism              0.298    15.075    
                         clock uncertainty           -0.035    15.040    
    SLICE_X39Y50         FDCE (Setup_fdce_C_D)        0.031    15.071    U1/cnt_1k_reg[19]
  -------------------------------------------------------------------
                         required time                         15.071    
                         arrival time                          -9.627    
  -------------------------------------------------------------------
                         slack                                  5.443    

Slack (MET) :             5.459ns  (required time - arrival time)
  Source:                 U1/cnt_1k_reg[19]/C
                            (rising edge-triggered cell FDCE clocked by sys_clk_pin  {rise@0.000ns fall@5.000ns period=10.000ns})
  Destination:            U1/cnt_1k_reg[21]/D
                            (rising edge-triggered cell FDCE clocked by sys_clk_pin  {rise@0.000ns fall@5.000ns period=10.000ns})
  Path Group:             sys_clk_pin
  Path Type:              Setup (Max at Slow Process Corner)
  Requirement:            10.000ns  (sys_clk_pin rise@10.000ns - sys_clk_pin rise@0.000ns)
  Data Path Delay:        4.581ns  (logic 1.102ns (24.058%)  route 3.479ns (75.942%))
  Logic Levels:           5  (LUT2=1 LUT4=1 LUT5=1 LUT6=2)
  Clock Path Skew:        0.000ns (DCD - SCD + CPR)
    Destination Clock Delay (DCD):    4.777ns = ( 14.777 - 10.000 ) 
    Source Clock Delay      (SCD):    5.075ns
    Clock Pessimism Removal (CPR):    0.298ns
  Clock Uncertainty:      0.035ns  ((TSJ^2 + TIJ^2)^1/2 + DJ) / 2 + PE
    Total System Jitter     (TSJ):    0.071ns
    Total Input Jitter      (TIJ):    0.000ns
    Discrete Jitter          (DJ):    0.000ns
    Phase Error              (PE):    0.000ns

    Location             Delay type                Incr(ns)  Path(ns)    Netlist Resource(s)
  -------------------------------------------------------------------    -------------------
                         (clock sys_clk_pin rise edge)
                                                      0.000     0.000 r  
    W5                                                0.000     0.000 r  clk (IN)
                         net (fo=0)                   0.000     0.000    clk
    W5                   IBUF (Prop_ibuf_I_O)         1.458     1.458 r  clk_IBUF_inst/O
                         net (fo=1, routed)           1.967     3.425    clk_IBUF
    BUFGCTRL_X0Y0        BUFG (Prop_bufg_I_O)         0.096     3.521 r  clk_IBUF_BUFG_inst/O
                         net (fo=58, routed)          1.554     5.075    U1/CLK
    SLICE_X39Y50         FDCE                                         r  U1/cnt_1k_reg[19]/C
  -------------------------------------------------------------------    -------------------
    SLICE_X39Y50         FDCE (Prop_fdce_C_Q)         0.456     5.531 r  U1/cnt_1k_reg[19]/Q
                         net (fo=2, routed)           0.702     6.232    U1/cnt_1k[19]
    SLICE_X39Y50         LUT4 (Prop_lut4_I0_O)        0.124     6.356 r  U1/cnt_1k[25]_i_8/O
                         net (fo=1, routed)           0.599     6.955    U1/cnt_1k[25]_i_8_n_0
    SLICE_X41Y49         LUT5 (Prop_lut5_I4_O)        0.124     7.079 r  U1/cnt_1k[25]_i_7/O
                         net (fo=1, routed)           0.505     7.584    U1/cnt_1k[25]_i_7_n_0
    SLICE_X41Y48         LUT6 (Prop_lut6_I5_O)        0.124     7.708 r  U1/cnt_1k[25]_i_4/O
                         net (fo=1, routed)           0.553     8.261    U1/cnt_1k[25]_i_4_n_0
    SLICE_X41Y46         LUT6 (Prop_lut6_I0_O)        0.124     8.385 r  U1/cnt_1k[25]_i_2/O
                         net (fo=26, routed)          1.120     9.505    U1/cnt_1k[25]_i_2_n_0
    SLICE_X39Y50         LUT2 (Prop_lut2_I0_O)        0.150     9.655 r  U1/cnt_1k[21]_i_1/O
                         net (fo=1, routed)           0.000     9.655    U1/cnt_1k_0[21]
    SLICE_X39Y50         FDCE                                         r  U1/cnt_1k_reg[21]/D
  -------------------------------------------------------------------    -------------------

                         (clock sys_clk_pin rise edge)
                                                     10.000    10.000 r  
    W5                                                0.000    10.000 r  clk (IN)
                         net (fo=0)                   0.000    10.000    clk
    W5                   IBUF (Prop_ibuf_I_O)         1.388    11.388 r  clk_IBUF_inst/O
                         net (fo=1, routed)           1.862    13.250    clk_IBUF
    BUFGCTRL_X0Y0        BUFG (Prop_bufg_I_O)         0.091    13.341 r  clk_IBUF_BUFG_inst/O
                         net (fo=58, routed)          1.436    14.777    U1/CLK
    SLICE_X39Y50         FDCE                                         r  U1/cnt_1k_reg[21]/C
                         clock pessimism              0.298    15.075    
                         clock uncertainty           -0.035    15.040    
    SLICE_X39Y50         FDCE (Setup_fdce_C_D)        0.075    15.115    U1/cnt_1k_reg[21]
  -------------------------------------------------------------------
                         required time                         15.115    
                         arrival time                          -9.655    
  -------------------------------------------------------------------
                         slack                                  5.459    

Slack (MET) :             5.461ns  (required time - arrival time)
  Source:                 U1/cnt_1k_reg[19]/C
                            (rising edge-triggered cell FDCE clocked by sys_clk_pin  {rise@0.000ns fall@5.000ns period=10.000ns})
  Destination:            U1/cnt_1k_reg[20]/D
                            (rising edge-triggered cell FDCE clocked by sys_clk_pin  {rise@0.000ns fall@5.000ns period=10.000ns})
  Path Group:             sys_clk_pin
  Path Type:              Setup (Max at Slow Process Corner)
  Requirement:            10.000ns  (sys_clk_pin rise@10.000ns - sys_clk_pin rise@0.000ns)
  Data Path Delay:        4.579ns  (logic 1.102ns (24.069%)  route 3.477ns (75.931%))
  Logic Levels:           5  (LUT2=1 LUT4=1 LUT5=1 LUT6=2)
  Clock Path Skew:        0.000ns (DCD - SCD + CPR)
    Destination Clock Delay (DCD):    4.777ns = ( 14.777 - 10.000 ) 
    Source Clock Delay      (SCD):    5.075ns
    Clock Pessimism Removal (CPR):    0.298ns
  Clock Uncertainty:      0.035ns  ((TSJ^2 + TIJ^2)^1/2 + DJ) / 2 + PE
    Total System Jitter     (TSJ):    0.071ns
    Total Input Jitter      (TIJ):    0.000ns
    Discrete Jitter          (DJ):    0.000ns
    Phase Error              (PE):    0.000ns

    Location             Delay type                Incr(ns)  Path(ns)    Netlist Resource(s)
  -------------------------------------------------------------------    -------------------
                         (clock sys_clk_pin rise edge)
                                                      0.000     0.000 r  
    W5                                                0.000     0.000 r  clk (IN)
                         net (fo=0)                   0.000     0.000    clk
    W5                   IBUF (Prop_ibuf_I_O)         1.458     1.458 r  clk_IBUF_inst/O
                         net (fo=1, routed)           1.967     3.425    clk_IBUF
    BUFGCTRL_X0Y0        BUFG (Prop_bufg_I_O)         0.096     3.521 r  clk_IBUF_BUFG_inst/O
                         net (fo=58, routed)          1.554     5.075    U1/CLK
    SLICE_X39Y50         FDCE                                         r  U1/cnt_1k_reg[19]/C
  -------------------------------------------------------------------    -------------------
    SLICE_X39Y50         FDCE (Prop_fdce_C_Q)         0.456     5.531 r  U1/cnt_1k_reg[19]/Q
                         net (fo=2, routed)           0.702     6.232    U1/cnt_1k[19]
    SLICE_X39Y50         LUT4 (Prop_lut4_I0_O)        0.124     6.356 r  U1/cnt_1k[25]_i_8/O
                         net (fo=1, routed)           0.599     6.955    U1/cnt_1k[25]_i_8_n_0
    SLICE_X41Y49         LUT5 (Prop_lut5_I4_O)        0.124     7.079 r  U1/cnt_1k[25]_i_7/O
                         net (fo=1, routed)           0.505     7.584    U1/cnt_1k[25]_i_7_n_0
    SLICE_X41Y48         LUT6 (Prop_lut6_I5_O)        0.124     7.708 r  U1/cnt_1k[25]_i_4/O
                         net (fo=1, routed)           0.553     8.261    U1/cnt_1k[25]_i_4_n_0
    SLICE_X41Y46         LUT6 (Prop_lut6_I0_O)        0.124     8.385 r  U1/cnt_1k[25]_i_2/O
                         net (fo=26, routed)          1.118     9.503    U1/cnt_1k[25]_i_2_n_0
    SLICE_X39Y50         LUT2 (Prop_lut2_I0_O)        0.150     9.653 r  U1/cnt_1k[20]_i_1/O
                         net (fo=1, routed)           0.000     9.653    U1/cnt_1k_0[20]
    SLICE_X39Y50         FDCE                                         r  U1/cnt_1k_reg[20]/D
  -------------------------------------------------------------------    -------------------

                         (clock sys_clk_pin rise edge)
                                                     10.000    10.000 r  
    W5                                                0.000    10.000 r  clk (IN)
                         net (fo=0)                   0.000    10.000    clk
    W5                   IBUF (Prop_ibuf_I_O)         1.388    11.388 r  clk_IBUF_inst/O
                         net (fo=1, routed)           1.862    13.250    clk_IBUF
    BUFGCTRL_X0Y0        BUFG (Prop_bufg_I_O)         0.091    13.341 r  clk_IBUF_BUFG_inst/O
                         net (fo=58, routed)          1.436    14.777    U1/CLK
    SLICE_X39Y50         FDCE                                         r  U1/cnt_1k_reg[20]/C
                         clock pessimism              0.298    15.075    
                         clock uncertainty           -0.035    15.040    
    SLICE_X39Y50         FDCE (Setup_fdce_C_D)        0.075    15.115    U1/cnt_1k_reg[20]
  -------------------------------------------------------------------
                         required time                         15.115    
                         arrival time                          -9.653    
  -------------------------------------------------------------------
                         slack                                  5.461    

Slack (MET) :             5.474ns  (required time - arrival time)
  Source:                 U1/cnt_1k_reg[19]/C
                            (rising edge-triggered cell FDCE clocked by sys_clk_pin  {rise@0.000ns fall@5.000ns period=10.000ns})
  Destination:            U1/cnt_1k_reg[15]/D
                            (rising edge-triggered cell FDCE clocked by sys_clk_pin  {rise@0.000ns fall@5.000ns period=10.000ns})
  Path Group:             sys_clk_pin
  Path Type:              Setup (Max at Slow Process Corner)
  Requirement:            10.000ns  (sys_clk_pin rise@10.000ns - sys_clk_pin rise@0.000ns)
  Data Path Delay:        4.416ns  (logic 1.076ns (24.365%)  route 3.340ns (75.635%))
  Logic Levels:           5  (LUT2=1 LUT4=1 LUT5=1 LUT6=2)
  Clock Path Skew:        -0.106ns (DCD - SCD + CPR)
    Destination Clock Delay (DCD):    4.789ns = ( 14.789 - 10.000 ) 
    Source Clock Delay      (SCD):    5.075ns
    Clock Pessimism Removal (CPR):    0.180ns
  Clock Uncertainty:      0.035ns  ((TSJ^2 + TIJ^2)^1/2 + DJ) / 2 + PE
    Total System Jitter     (TSJ):    0.071ns
    Total Input Jitter      (TIJ):    0.000ns
    Discrete Jitter          (DJ):    0.000ns
    Phase Error              (PE):    0.000ns

    Location             Delay type                Incr(ns)  Path(ns)    Netlist Resource(s)
  -------------------------------------------------------------------    -------------------
                         (clock sys_clk_pin rise edge)
                                                      0.000     0.000 r  
    W5                                                0.000     0.000 r  clk (IN)
                         net (fo=0)                   0.000     0.000    clk
    W5                   IBUF (Prop_ibuf_I_O)         1.458     1.458 r  clk_IBUF_inst/O
                         net (fo=1, routed)           1.967     3.425    clk_IBUF
    BUFGCTRL_X0Y0        BUFG (Prop_bufg_I_O)         0.096     3.521 r  clk_IBUF_BUFG_inst/O
                         net (fo=58, routed)          1.554     5.075    U1/CLK
    SLICE_X39Y50         FDCE                                         r  U1/cnt_1k_reg[19]/C
  -------------------------------------------------------------------    -------------------
    SLICE_X39Y50         FDCE (Prop_fdce_C_Q)         0.456     5.531 r  U1/cnt_1k_reg[19]/Q
                         net (fo=2, routed)           0.702     6.232    U1/cnt_1k[19]
    SLICE_X39Y50         LUT4 (Prop_lut4_I0_O)        0.124     6.356 r  U1/cnt_1k[25]_i_8/O
                         net (fo=1, routed)           0.599     6.955    U1/cnt_1k[25]_i_8_n_0
    SLICE_X41Y49         LUT5 (Prop_lut5_I4_O)        0.124     7.079 r  U1/cnt_1k[25]_i_7/O
                         net (fo=1, routed)           0.505     7.584    U1/cnt_1k[25]_i_7_n_0
    SLICE_X41Y48         LUT6 (Prop_lut6_I5_O)        0.124     7.708 r  U1/cnt_1k[25]_i_4/O
                         net (fo=1, routed)           0.553     8.261    U1/cnt_1k[25]_i_4_n_0
    SLICE_X41Y46         LUT6 (Prop_lut6_I0_O)        0.124     8.385 r  U1/cnt_1k[25]_i_2/O
                         net (fo=26, routed)          0.982     9.367    U1/cnt_1k[25]_i_2_n_0
    SLICE_X41Y49         LUT2 (Prop_lut2_I0_O)        0.124     9.491 r  U1/cnt_1k[15]_i_1/O
                         net (fo=1, routed)           0.000     9.491    U1/cnt_1k_0[15]
    SLICE_X41Y49         FDCE                                         r  U1/cnt_1k_reg[15]/D
  -------------------------------------------------------------------    -------------------

                         (clock sys_clk_pin rise edge)
                                                     10.000    10.000 r  
    W5                                                0.000    10.000 r  clk (IN)
                         net (fo=0)                   0.000    10.000    clk
    W5                   IBUF (Prop_ibuf_I_O)         1.388    11.388 r  clk_IBUF_inst/O
                         net (fo=1, routed)           1.862    13.250    clk_IBUF
    BUFGCTRL_X0Y0        BUFG (Prop_bufg_I_O)         0.091    13.341 r  clk_IBUF_BUFG_inst/O
                         net (fo=58, routed)          1.448    14.789    U1/CLK
    SLICE_X41Y49         FDCE                                         r  U1/cnt_1k_reg[15]/C
                         clock pessimism              0.180    14.969    
                         clock uncertainty           -0.035    14.934    
    SLICE_X41Y49         FDCE (Setup_fdce_C_D)        0.031    14.965    U1/cnt_1k_reg[15]
  -------------------------------------------------------------------
                         required time                         14.965    
                         arrival time                          -9.491    
  -------------------------------------------------------------------
                         slack                                  5.474    

Slack (MET) :             5.488ns  (required time - arrival time)
  Source:                 U1/cnt_1k_reg[19]/C
                            (rising edge-triggered cell FDCE clocked by sys_clk_pin  {rise@0.000ns fall@5.000ns period=10.000ns})
  Destination:            U1/cnt_1k_reg[16]/D
                            (rising edge-triggered cell FDCE clocked by sys_clk_pin  {rise@0.000ns fall@5.000ns period=10.000ns})
  Path Group:             sys_clk_pin
  Path Type:              Setup (Max at Slow Process Corner)
  Requirement:            10.000ns  (sys_clk_pin rise@10.000ns - sys_clk_pin rise@0.000ns)
  Data Path Delay:        4.446ns  (logic 1.106ns (24.875%)  route 3.340ns (75.125%))
  Logic Levels:           5  (LUT2=1 LUT4=1 LUT5=1 LUT6=2)
  Clock Path Skew:        -0.106ns (DCD - SCD + CPR)
    Destination Clock Delay (DCD):    4.789ns = ( 14.789 - 10.000 ) 
    Source Clock Delay      (SCD):    5.075ns
    Clock Pessimism Removal (CPR):    0.180ns
  Clock Uncertainty:      0.035ns  ((TSJ^2 + TIJ^2)^1/2 + DJ) / 2 + PE
    Total System Jitter     (TSJ):    0.071ns
    Total Input Jitter      (TIJ):    0.000ns
    Discrete Jitter          (DJ):    0.000ns
    Phase Error              (PE):    0.000ns

    Location             Delay type                Incr(ns)  Path(ns)    Netlist Resource(s)
  -------------------------------------------------------------------    -------------------
                         (clock sys_clk_pin rise edge)
                                                      0.000     0.000 r  
    W5                                                0.000     0.000 r  clk (IN)
                         net (fo=0)                   0.000     0.000    clk
    W5                   IBUF (Prop_ibuf_I_O)         1.458     1.458 r  clk_IBUF_inst/O
                         net (fo=1, routed)           1.967     3.425    clk_IBUF
    BUFGCTRL_X0Y0        BUFG (Prop_bufg_I_O)         0.096     3.521 r  clk_IBUF_BUFG_inst/O
                         net (fo=58, routed)          1.554     5.075    U1/CLK
    SLICE_X39Y50         FDCE                                         r  U1/cnt_1k_reg[19]/C
  -------------------------------------------------------------------    -------------------
    SLICE_X39Y50         FDCE (Prop_fdce_C_Q)         0.456     5.531 r  U1/cnt_1k_reg[19]/Q
                         net (fo=2, routed)           0.702     6.232    U1/cnt_1k[19]
    SLICE_X39Y50         LUT4 (Prop_lut4_I0_O)        0.124     6.356 r  U1/cnt_1k[25]_i_8/O
                         net (fo=1, routed)           0.599     6.955    U1/cnt_1k[25]_i_8_n_0
    SLICE_X41Y49         LUT5 (Prop_lut5_I4_O)        0.124     7.079 r  U1/cnt_1k[25]_i_7/O
                         net (fo=1, routed)           0.505     7.584    U1/cnt_1k[25]_i_7_n_0
    SLICE_X41Y48         LUT6 (Prop_lut6_I5_O)        0.124     7.708 r  U1/cnt_1k[25]_i_4/O
                         net (fo=1, routed)           0.553     8.261    U1/cnt_1k[25]_i_4_n_0
    SLICE_X41Y46         LUT6 (Prop_lut6_I0_O)        0.124     8.385 r  U1/cnt_1k[25]_i_2/O
                         net (fo=26, routed)          0.982     9.367    U1/cnt_1k[25]_i_2_n_0
    SLICE_X41Y49         LUT2 (Prop_lut2_I0_O)        0.154     9.521 r  U1/cnt_1k[16]_i_1/O
                         net (fo=1, routed)           0.000     9.521    U1/cnt_1k_0[16]
    SLICE_X41Y49         FDCE                                         r  U1/cnt_1k_reg[16]/D
  -------------------------------------------------------------------    -------------------

                         (clock sys_clk_pin rise edge)
                                                     10.000    10.000 r  
    W5                                                0.000    10.000 r  clk (IN)
                         net (fo=0)                   0.000    10.000    clk
    W5                   IBUF (Prop_ibuf_I_O)         1.388    11.388 r  clk_IBUF_inst/O
                         net (fo=1, routed)           1.862    13.250    clk_IBUF
    BUFGCTRL_X0Y0        BUFG (Prop_bufg_I_O)         0.091    13.341 r  clk_IBUF_BUFG_inst/O
                         net (fo=58, routed)          1.448    14.789    U1/CLK
    SLICE_X41Y49         FDCE                                         r  U1/cnt_1k_reg[16]/C
                         clock pessimism              0.180    14.969    
                         clock uncertainty           -0.035    14.934    
    SLICE_X41Y49         FDCE (Setup_fdce_C_D)        0.075    15.009    U1/cnt_1k_reg[16]
  -------------------------------------------------------------------
                         required time                         15.009    
                         arrival time                          -9.521    
  -------------------------------------------------------------------
                         slack                                  5.488    

Slack (MET) :             5.509ns  (required time - arrival time)
  Source:                 U1/cnt_1k_reg[19]/C
                            (rising edge-triggered cell FDCE clocked by sys_clk_pin  {rise@0.000ns fall@5.000ns period=10.000ns})
  Destination:            U1/cnt_1k_reg[11]/D
                            (rising edge-triggered cell FDCE clocked by sys_clk_pin  {rise@0.000ns fall@5.000ns period=10.000ns})
  Path Group:             sys_clk_pin
  Path Type:              Setup (Max at Slow Process Corner)
  Requirement:            10.000ns  (sys_clk_pin rise@10.000ns - sys_clk_pin rise@0.000ns)
  Data Path Delay:        4.379ns  (logic 1.076ns (24.573%)  route 3.303ns (75.427%))
  Logic Levels:           5  (LUT2=1 LUT4=1 LUT5=1 LUT6=2)
  Clock Path Skew:        -0.106ns (DCD - SCD + CPR)
    Destination Clock Delay (DCD):    4.789ns = ( 14.789 - 10.000 ) 
    Source Clock Delay      (SCD):    5.075ns
    Clock Pessimism Removal (CPR):    0.180ns
  Clock Uncertainty:      0.035ns  ((TSJ^2 + TIJ^2)^1/2 + DJ) / 2 + PE
    Total System Jitter     (TSJ):    0.071ns
    Total Input Jitter      (TIJ):    0.000ns
    Discrete Jitter          (DJ):    0.000ns
    Phase Error              (PE):    0.000ns

    Location             Delay type                Incr(ns)  Path(ns)    Netlist Resource(s)
  -------------------------------------------------------------------    -------------------
                         (clock sys_clk_pin rise edge)
                                                      0.000     0.000 r  
    W5                                                0.000     0.000 r  clk (IN)
                         net (fo=0)                   0.000     0.000    clk
    W5                   IBUF (Prop_ibuf_I_O)         1.458     1.458 r  clk_IBUF_inst/O
                         net (fo=1, routed)           1.967     3.425    clk_IBUF
    BUFGCTRL_X0Y0        BUFG (Prop_bufg_I_O)         0.096     3.521 r  clk_IBUF_BUFG_inst/O
                         net (fo=58, routed)          1.554     5.075    U1/CLK
    SLICE_X39Y50         FDCE                                         r  U1/cnt_1k_reg[19]/C
  -------------------------------------------------------------------    -------------------
    SLICE_X39Y50         FDCE (Prop_fdce_C_Q)         0.456     5.531 r  U1/cnt_1k_reg[19]/Q
                         net (fo=2, routed)           0.702     6.232    U1/cnt_1k[19]
    SLICE_X39Y50         LUT4 (Prop_lut4_I0_O)        0.124     6.356 r  U1/cnt_1k[25]_i_8/O
                         net (fo=1, routed)           0.599     6.955    U1/cnt_1k[25]_i_8_n_0
    SLICE_X41Y49         LUT5 (Prop_lut5_I4_O)        0.124     7.079 r  U1/cnt_1k[25]_i_7/O
                         net (fo=1, routed)           0.505     7.584    U1/cnt_1k[25]_i_7_n_0
    SLICE_X41Y48         LUT6 (Prop_lut6_I5_O)        0.124     7.708 r  U1/cnt_1k[25]_i_4/O
                         net (fo=1, routed)           0.553     8.261    U1/cnt_1k[25]_i_4_n_0
    SLICE_X41Y46         LUT6 (Prop_lut6_I0_O)        0.124     8.385 r  U1/cnt_1k[25]_i_2/O
                         net (fo=26, routed)          0.945     9.330    U1/cnt_1k[25]_i_2_n_0
    SLICE_X41Y49         LUT2 (Prop_lut2_I0_O)        0.124     9.454 r  U1/cnt_1k[11]_i_1/O
                         net (fo=1, routed)           0.000     9.454    U1/cnt_1k_0[11]
    SLICE_X41Y49         FDCE                                         r  U1/cnt_1k_reg[11]/D
  -------------------------------------------------------------------    -------------------

                         (clock sys_clk_pin rise edge)
                                                     10.000    10.000 r  
    W5                                                0.000    10.000 r  clk (IN)
                         net (fo=0)                   0.000    10.000    clk
    W5                   IBUF (Prop_ibuf_I_O)         1.388    11.388 r  clk_IBUF_inst/O
                         net (fo=1, routed)           1.862    13.250    clk_IBUF
    BUFGCTRL_X0Y0        BUFG (Prop_bufg_I_O)         0.091    13.341 r  clk_IBUF_BUFG_inst/O
                         net (fo=58, routed)          1.448    14.789    U1/CLK
    SLICE_X41Y49         FDCE                                         r  U1/cnt_1k_reg[11]/C
                         clock pessimism              0.180    14.969    
                         clock uncertainty           -0.035    14.934    
    SLICE_X41Y49         FDCE (Setup_fdce_C_D)        0.029    14.963    U1/cnt_1k_reg[11]
  -------------------------------------------------------------------
                         required time                         14.963    
                         arrival time                          -9.454    
  -------------------------------------------------------------------
                         slack                                  5.509    

Slack (MET) :             5.513ns  (required time - arrival time)
  Source:                 U1/cnt_1k_reg[19]/C
                            (rising edge-triggered cell FDCE clocked by sys_clk_pin  {rise@0.000ns fall@5.000ns period=10.000ns})
  Destination:            U1/cnt_1k_reg[14]/D
                            (rising edge-triggered cell FDCE clocked by sys_clk_pin  {rise@0.000ns fall@5.000ns period=10.000ns})
  Path Group:             sys_clk_pin
  Path Type:              Setup (Max at Slow Process Corner)
  Requirement:            10.000ns  (sys_clk_pin rise@10.000ns - sys_clk_pin rise@0.000ns)
  Data Path Delay:        4.377ns  (logic 1.076ns (24.584%)  route 3.301ns (75.416%))
  Logic Levels:           5  (LUT2=1 LUT4=1 LUT5=1 LUT6=2)
  Clock Path Skew:        -0.106ns (DCD - SCD + CPR)
    Destination Clock Delay (DCD):    4.789ns = ( 14.789 - 10.000 ) 
    Source Clock Delay      (SCD):    5.075ns
    Clock Pessimism Removal (CPR):    0.180ns
  Clock Uncertainty:      0.035ns  ((TSJ^2 + TIJ^2)^1/2 + DJ) / 2 + PE
    Total System Jitter     (TSJ):    0.071ns
    Total Input Jitter      (TIJ):    0.000ns
    Discrete Jitter          (DJ):    0.000ns
    Phase Error              (PE):    0.000ns

    Location             Delay type                Incr(ns)  Path(ns)    Netlist Resource(s)
  -------------------------------------------------------------------    -------------------
                         (clock sys_clk_pin rise edge)
                                                      0.000     0.000 r  
    W5                                                0.000     0.000 r  clk (IN)
                         net (fo=0)                   0.000     0.000    clk
    W5                   IBUF (Prop_ibuf_I_O)         1.458     1.458 r  clk_IBUF_inst/O
                         net (fo=1, routed)           1.967     3.425    clk_IBUF
    BUFGCTRL_X0Y0        BUFG (Prop_bufg_I_O)         0.096     3.521 r  clk_IBUF_BUFG_inst/O
                         net (fo=58, routed)          1.554     5.075    U1/CLK
    SLICE_X39Y50         FDCE                                         r  U1/cnt_1k_reg[19]/C
  -------------------------------------------------------------------    -------------------
    SLICE_X39Y50         FDCE (Prop_fdce_C_Q)         0.456     5.531 r  U1/cnt_1k_reg[19]/Q
                         net (fo=2, routed)           0.702     6.232    U1/cnt_1k[19]
    SLICE_X39Y50         LUT4 (Prop_lut4_I0_O)        0.124     6.356 r  U1/cnt_1k[25]_i_8/O
                         net (fo=1, routed)           0.599     6.955    U1/cnt_1k[25]_i_8_n_0
    SLICE_X41Y49         LUT5 (Prop_lut5_I4_O)        0.124     7.079 r  U1/cnt_1k[25]_i_7/O
                         net (fo=1, routed)           0.505     7.584    U1/cnt_1k[25]_i_7_n_0
    SLICE_X41Y48         LUT6 (Prop_lut6_I5_O)        0.124     7.708 r  U1/cnt_1k[25]_i_4/O
                         net (fo=1, routed)           0.553     8.261    U1/cnt_1k[25]_i_4_n_0
    SLICE_X41Y46         LUT6 (Prop_lut6_I0_O)        0.124     8.385 r  U1/cnt_1k[25]_i_2/O
                         net (fo=26, routed)          0.943     9.328    U1/cnt_1k[25]_i_2_n_0
    SLICE_X41Y49         LUT2 (Prop_lut2_I0_O)        0.124     9.452 r  U1/cnt_1k[14]_i_1/O
                         net (fo=1, routed)           0.000     9.452    U1/cnt_1k_0[14]
    SLICE_X41Y49         FDCE                                         r  U1/cnt_1k_reg[14]/D
  -------------------------------------------------------------------    -------------------

                         (clock sys_clk_pin rise edge)
                                                     10.000    10.000 r  
    W5                                                0.000    10.000 r  clk (IN)
                         net (fo=0)                   0.000    10.000    clk
    W5                   IBUF (Prop_ibuf_I_O)         1.388    11.388 r  clk_IBUF_inst/O
                         net (fo=1, routed)           1.862    13.250    clk_IBUF
    BUFGCTRL_X0Y0        BUFG (Prop_bufg_I_O)         0.091    13.341 r  clk_IBUF_BUFG_inst/O
                         net (fo=58, routed)          1.448    14.789    U1/CLK
    SLICE_X41Y49         FDCE                                         r  U1/cnt_1k_reg[14]/C
                         clock pessimism              0.180    14.969    
                         clock uncertainty           -0.035    14.934    
    SLICE_X41Y49         FDCE (Setup_fdce_C_D)        0.031    14.965    U1/cnt_1k_reg[14]
  -------------------------------------------------------------------
                         required time                         14.965    
                         arrival time                          -9.452    
  -------------------------------------------------------------------
                         slack                                  5.513    





Min Delay Paths
--------------------------------------------------------------------------------------
Slack (MET) :             0.256ns  (arrival time - required time)
  Source:                 U1/cnt_50_reg[4]/C
                            (rising edge-triggered cell FDCE clocked by sys_clk_pin  {rise@0.000ns fall@5.000ns period=10.000ns})
  Destination:            U1/cnt_50_reg[17]/D
                            (rising edge-triggered cell FDCE clocked by sys_clk_pin  {rise@0.000ns fall@5.000ns period=10.000ns})
  Path Group:             sys_clk_pin
  Path Type:              Hold (Min at Fast Process Corner)
  Requirement:            0.000ns  (sys_clk_pin rise@0.000ns - sys_clk_pin rise@0.000ns)
  Data Path Delay:        0.654ns  (logic 0.294ns (44.956%)  route 0.360ns (55.044%))
  Logic Levels:           2  (LUT2=1 LUT6=1)
  Clock Path Skew:        0.267ns (DCD - SCD - CPR)
    Destination Clock Delay (DCD):    1.958ns
    Source Clock Delay      (SCD):    1.447ns
    Clock Pessimism Removal (CPR):    0.244ns

    Location             Delay type                Incr(ns)  Path(ns)    Netlist Resource(s)
  -------------------------------------------------------------------    -------------------
                         (clock sys_clk_pin rise edge)
                                                      0.000     0.000 r  
    W5                                                0.000     0.000 r  clk (IN)
                         net (fo=0)                   0.000     0.000    clk
    W5                   IBUF (Prop_ibuf_I_O)         0.226     0.226 r  clk_IBUF_inst/O
                         net (fo=1, routed)           0.631     0.858    clk_IBUF
    BUFGCTRL_X0Y0        BUFG (Prop_bufg_I_O)         0.026     0.884 r  clk_IBUF_BUFG_inst/O
                         net (fo=58, routed)          0.564     1.447    U1/CLK
    SLICE_X30Y47         FDCE                                         r  U1/cnt_50_reg[4]/C
  -------------------------------------------------------------------    -------------------
    SLICE_X30Y47         FDCE (Prop_fdce_C_Q)         0.148     1.595 f  U1/cnt_50_reg[4]/Q
                         net (fo=2, routed)           0.128     1.723    U1/cnt_50[4]
    SLICE_X30Y48         LUT6 (Prop_lut6_I4_O)        0.099     1.822 r  U1/cnt_50[25]_i_2/O
                         net (fo=26, routed)          0.232     2.054    U1/cnt_50[25]_i_2_n_0
    SLICE_X30Y50         LUT2 (Prop_lut2_I0_O)        0.047     2.101 r  U1/cnt_50[17]_i_1/O
                         net (fo=1, routed)           0.000     2.101    U1/cnt_50_1[17]
    SLICE_X30Y50         FDCE                                         r  U1/cnt_50_reg[17]/D
  -------------------------------------------------------------------    -------------------

                         (clock sys_clk_pin rise edge)
                                                      0.000     0.000 r  
    W5                                                0.000     0.000 r  clk (IN)
                         net (fo=0)                   0.000     0.000    clk
    W5                   IBUF (Prop_ibuf_I_O)         0.414     0.414 r  clk_IBUF_inst/O
                         net (fo=1, routed)           0.685     1.099    clk_IBUF
    BUFGCTRL_X0Y0        BUFG (Prop_bufg_I_O)         0.029     1.128 r  clk_IBUF_BUFG_inst/O
                         net (fo=58, routed)          0.830     1.958    U1/CLK
    SLICE_X30Y50         FDCE                                         r  U1/cnt_50_reg[17]/C
                         clock pessimism             -0.244     1.714    
    SLICE_X30Y50         FDCE (Hold_fdce_C_D)         0.131     1.845    U1/cnt_50_reg[17]
  -------------------------------------------------------------------
                         required time                         -1.845    
                         arrival time                           2.101    
  -------------------------------------------------------------------
                         slack                                  0.256    

Slack (MET) :             0.257ns  (arrival time - required time)
  Source:                 U1/cnt_50_reg[4]/C
                            (rising edge-triggered cell FDCE clocked by sys_clk_pin  {rise@0.000ns fall@5.000ns period=10.000ns})
  Destination:            U1/cnt_50_reg[16]/D
                            (rising edge-triggered cell FDCE clocked by sys_clk_pin  {rise@0.000ns fall@5.000ns period=10.000ns})
  Path Group:             sys_clk_pin
  Path Type:              Hold (Min at Fast Process Corner)
  Requirement:            0.000ns  (sys_clk_pin rise@0.000ns - sys_clk_pin rise@0.000ns)
  Data Path Delay:        0.655ns  (logic 0.296ns (45.193%)  route 0.359ns (54.807%))
  Logic Levels:           2  (LUT2=1 LUT6=1)
  Clock Path Skew:        0.267ns (DCD - SCD - CPR)
    Destination Clock Delay (DCD):    1.958ns
    Source Clock Delay      (SCD):    1.447ns
    Clock Pessimism Removal (CPR):    0.244ns

    Location             Delay type                Incr(ns)  Path(ns)    Netlist Resource(s)
  -------------------------------------------------------------------    -------------------
                         (clock sys_clk_pin rise edge)
                                                      0.000     0.000 r  
    W5                                                0.000     0.000 r  clk (IN)
                         net (fo=0)                   0.000     0.000    clk
    W5                   IBUF (Prop_ibuf_I_O)         0.226     0.226 r  clk_IBUF_inst/O
                         net (fo=1, routed)           0.631     0.858    clk_IBUF
    BUFGCTRL_X0Y0        BUFG (Prop_bufg_I_O)         0.026     0.884 r  clk_IBUF_BUFG_inst/O
                         net (fo=58, routed)          0.564     1.447    U1/CLK
    SLICE_X30Y47         FDCE                                         r  U1/cnt_50_reg[4]/C
  -------------------------------------------------------------------    -------------------
    SLICE_X30Y47         FDCE (Prop_fdce_C_Q)         0.148     1.595 f  U1/cnt_50_reg[4]/Q
                         net (fo=2, routed)           0.128     1.723    U1/cnt_50[4]
    SLICE_X30Y48         LUT6 (Prop_lut6_I4_O)        0.099     1.822 r  U1/cnt_50[25]_i_2/O
                         net (fo=26, routed)          0.231     2.053    U1/cnt_50[25]_i_2_n_0
    SLICE_X30Y50         LUT2 (Prop_lut2_I0_O)        0.049     2.102 r  U1/cnt_50[16]_i_1/O
                         net (fo=1, routed)           0.000     2.102    U1/cnt_50_1[16]
    SLICE_X30Y50         FDCE                                         r  U1/cnt_50_reg[16]/D
  -------------------------------------------------------------------    -------------------

                         (clock sys_clk_pin rise edge)
                                                      0.000     0.000 r  
    W5                                                0.000     0.000 r  clk (IN)
                         net (fo=0)                   0.000     0.000    clk
    W5                   IBUF (Prop_ibuf_I_O)         0.414     0.414 r  clk_IBUF_inst/O
                         net (fo=1, routed)           0.685     1.099    clk_IBUF
    BUFGCTRL_X0Y0        BUFG (Prop_bufg_I_O)         0.029     1.128 r  clk_IBUF_BUFG_inst/O
                         net (fo=58, routed)          0.830     1.958    U1/CLK
    SLICE_X30Y50         FDCE                                         r  U1/cnt_50_reg[16]/C
                         clock pessimism             -0.244     1.714    
    SLICE_X30Y50         FDCE (Hold_fdce_C_D)         0.131     1.845    U1/cnt_50_reg[16]
  -------------------------------------------------------------------
                         required time                         -1.845    
                         arrival time                           2.102    
  -------------------------------------------------------------------
                         slack                                  0.257    

Slack (MET) :             0.263ns  (arrival time - required time)
  Source:                 U1/cnt_50_reg[4]/C
                            (rising edge-triggered cell FDCE clocked by sys_clk_pin  {rise@0.000ns fall@5.000ns period=10.000ns})
  Destination:            U1/cnt_50_reg[15]/D
                            (rising edge-triggered cell FDCE clocked by sys_clk_pin  {rise@0.000ns fall@5.000ns period=10.000ns})
  Path Group:             sys_clk_pin
  Path Type:              Hold (Min at Fast Process Corner)
  Requirement:            0.000ns  (sys_clk_pin rise@0.000ns - sys_clk_pin rise@0.000ns)
  Data Path Delay:        0.651ns  (logic 0.292ns (44.856%)  route 0.359ns (55.144%))
  Logic Levels:           2  (LUT2=1 LUT6=1)
  Clock Path Skew:        0.267ns (DCD - SCD - CPR)
    Destination Clock Delay (DCD):    1.958ns
    Source Clock Delay      (SCD):    1.447ns
    Clock Pessimism Removal (CPR):    0.244ns

    Location             Delay type                Incr(ns)  Path(ns)    Netlist Resource(s)
  -------------------------------------------------------------------    -------------------
                         (clock sys_clk_pin rise edge)
                                                      0.000     0.000 r  
    W5                                                0.000     0.000 r  clk (IN)
                         net (fo=0)                   0.000     0.000    clk
    W5                   IBUF (Prop_ibuf_I_O)         0.226     0.226 r  clk_IBUF_inst/O
                         net (fo=1, routed)           0.631     0.858    clk_IBUF
    BUFGCTRL_X0Y0        BUFG (Prop_bufg_I_O)         0.026     0.884 r  clk_IBUF_BUFG_inst/O
                         net (fo=58, routed)          0.564     1.447    U1/CLK
    SLICE_X30Y47         FDCE                                         r  U1/cnt_50_reg[4]/C
  -------------------------------------------------------------------    -------------------
    SLICE_X30Y47         FDCE (Prop_fdce_C_Q)         0.148     1.595 f  U1/cnt_50_reg[4]/Q
                         net (fo=2, routed)           0.128     1.723    U1/cnt_50[4]
    SLICE_X30Y48         LUT6 (Prop_lut6_I4_O)        0.099     1.822 r  U1/cnt_50[25]_i_2/O
                         net (fo=26, routed)          0.231     2.053    U1/cnt_50[25]_i_2_n_0
    SLICE_X30Y50         LUT2 (Prop_lut2_I0_O)        0.045     2.098 r  U1/cnt_50[15]_i_1/O
                         net (fo=1, routed)           0.000     2.098    U1/cnt_50_1[15]
    SLICE_X30Y50         FDCE                                         r  U1/cnt_50_reg[15]/D
  -------------------------------------------------------------------    -------------------

                         (clock sys_clk_pin rise edge)
                                                      0.000     0.000 r  
    W5                                                0.000     0.000 r  clk (IN)
                         net (fo=0)                   0.000     0.000    clk
    W5                   IBUF (Prop_ibuf_I_O)         0.414     0.414 r  clk_IBUF_inst/O
                         net (fo=1, routed)           0.685     1.099    clk_IBUF
    BUFGCTRL_X0Y0        BUFG (Prop_bufg_I_O)         0.029     1.128 r  clk_IBUF_BUFG_inst/O
                         net (fo=58, routed)          0.830     1.958    U1/CLK
    SLICE_X30Y50         FDCE                                         r  U1/cnt_50_reg[15]/C
                         clock pessimism             -0.244     1.714    
    SLICE_X30Y50         FDCE (Hold_fdce_C_D)         0.121     1.835    U1/cnt_50_reg[15]
  -------------------------------------------------------------------
                         required time                         -1.835    
                         arrival time                           2.098    
  -------------------------------------------------------------------
                         slack                                  0.263    

Slack (MET) :             0.264ns  (arrival time - required time)
  Source:                 U1/cnt_50_reg[4]/C
                            (rising edge-triggered cell FDCE clocked by sys_clk_pin  {rise@0.000ns fall@5.000ns period=10.000ns})
  Destination:            U1/cnt_50_reg[14]/D
                            (rising edge-triggered cell FDCE clocked by sys_clk_pin  {rise@0.000ns fall@5.000ns period=10.000ns})
  Path Group:             sys_clk_pin
  Path Type:              Hold (Min at Fast Process Corner)
  Requirement:            0.000ns  (sys_clk_pin rise@0.000ns - sys_clk_pin rise@0.000ns)
  Data Path Delay:        0.652ns  (logic 0.292ns (44.787%)  route 0.360ns (55.213%))
  Logic Levels:           2  (LUT2=1 LUT6=1)
  Clock Path Skew:        0.267ns (DCD - SCD - CPR)
    Destination Clock Delay (DCD):    1.958ns
    Source Clock Delay      (SCD):    1.447ns
    Clock Pessimism Removal (CPR):    0.244ns

    Location             Delay type                Incr(ns)  Path(ns)    Netlist Resource(s)
  -------------------------------------------------------------------    -------------------
                         (clock sys_clk_pin rise edge)
                                                      0.000     0.000 r  
    W5                                                0.000     0.000 r  clk (IN)
                         net (fo=0)                   0.000     0.000    clk
    W5                   IBUF (Prop_ibuf_I_O)         0.226     0.226 r  clk_IBUF_inst/O
                         net (fo=1, routed)           0.631     0.858    clk_IBUF
    BUFGCTRL_X0Y0        BUFG (Prop_bufg_I_O)         0.026     0.884 r  clk_IBUF_BUFG_inst/O
                         net (fo=58, routed)          0.564     1.447    U1/CLK
    SLICE_X30Y47         FDCE                                         r  U1/cnt_50_reg[4]/C
  -------------------------------------------------------------------    -------------------
    SLICE_X30Y47         FDCE (Prop_fdce_C_Q)         0.148     1.595 f  U1/cnt_50_reg[4]/Q
                         net (fo=2, routed)           0.128     1.723    U1/cnt_50[4]
    SLICE_X30Y48         LUT6 (Prop_lut6_I4_O)        0.099     1.822 r  U1/cnt_50[25]_i_2/O
                         net (fo=26, routed)          0.232     2.054    U1/cnt_50[25]_i_2_n_0
    SLICE_X30Y50         LUT2 (Prop_lut2_I0_O)        0.045     2.099 r  U1/cnt_50[14]_i_1/O
                         net (fo=1, routed)           0.000     2.099    U1/cnt_50_1[14]
    SLICE_X30Y50         FDCE                                         r  U1/cnt_50_reg[14]/D
  -------------------------------------------------------------------    -------------------

                         (clock sys_clk_pin rise edge)
                                                      0.000     0.000 r  
    W5                                                0.000     0.000 r  clk (IN)
                         net (fo=0)                   0.000     0.000    clk
    W5                   IBUF (Prop_ibuf_I_O)         0.414     0.414 r  clk_IBUF_inst/O
                         net (fo=1, routed)           0.685     1.099    clk_IBUF
    BUFGCTRL_X0Y0        BUFG (Prop_bufg_I_O)         0.029     1.128 r  clk_IBUF_BUFG_inst/O
                         net (fo=58, routed)          0.830     1.958    U1/CLK
    SLICE_X30Y50         FDCE                                         r  U1/cnt_50_reg[14]/C
                         clock pessimism             -0.244     1.714    
    SLICE_X30Y50         FDCE (Hold_fdce_C_D)         0.121     1.835    U1/cnt_50_reg[14]
  -------------------------------------------------------------------
                         required time                         -1.835    
                         arrival time                           2.099    
  -------------------------------------------------------------------
                         slack                                  0.264    

Slack (MET) :             0.264ns  (arrival time - required time)
  Source:                 U1/clk50hz_reg/C
                            (rising edge-triggered cell FDCE clocked by sys_clk_pin  {rise@0.000ns fall@5.000ns period=10.000ns})
  Destination:            U1/clk50hz_reg/D
                            (rising edge-triggered cell FDCE clocked by sys_clk_pin  {rise@0.000ns fall@5.000ns period=10.000ns})
  Path Group:             sys_clk_pin
  Path Type:              Hold (Min at Fast Process Corner)
  Requirement:            0.000ns  (sys_clk_pin rise@0.000ns - sys_clk_pin rise@0.000ns)
  Data Path Delay:        0.384ns  (logic 0.209ns (54.384%)  route 0.175ns (45.616%))
  Logic Levels:           1  (LUT2=1)
  Clock Path Skew:        0.000ns (DCD - SCD - CPR)
    Destination Clock Delay (DCD):    1.960ns
    Source Clock Delay      (SCD):    1.447ns
    Clock Pessimism Removal (CPR):    0.513ns

    Location             Delay type                Incr(ns)  Path(ns)    Netlist Resource(s)
  -------------------------------------------------------------------    -------------------
                         (clock sys_clk_pin rise edge)
                                                      0.000     0.000 r  
    W5                                                0.000     0.000 r  clk (IN)
                         net (fo=0)                   0.000     0.000    clk
    W5                   IBUF (Prop_ibuf_I_O)         0.226     0.226 r  clk_IBUF_inst/O
                         net (fo=1, routed)           0.631     0.858    clk_IBUF
    BUFGCTRL_X0Y0        BUFG (Prop_bufg_I_O)         0.026     0.884 r  clk_IBUF_BUFG_inst/O
                         net (fo=58, routed)          0.564     1.447    U1/CLK
    SLICE_X30Y49         FDCE                                         r  U1/clk50hz_reg/C
  -------------------------------------------------------------------    -------------------
    SLICE_X30Y49         FDCE (Prop_fdce_C_Q)         0.164     1.611 r  U1/clk50hz_reg/Q
                         net (fo=7, routed)           0.175     1.786    U1/clk50hz_reg_0
    SLICE_X30Y49         LUT2 (Prop_lut2_I1_O)        0.045     1.831 r  U1/clk50hz_i_1/O
                         net (fo=1, routed)           0.000     1.831    U1/clk50hz_i_1_n_0
    SLICE_X30Y49         FDCE                                         r  U1/clk50hz_reg/D
  -------------------------------------------------------------------    -------------------

                         (clock sys_clk_pin rise edge)
                                                      0.000     0.000 r  
    W5                                                0.000     0.000 r  clk (IN)
                         net (fo=0)                   0.000     0.000    clk
    W5                   IBUF (Prop_ibuf_I_O)         0.414     0.414 r  clk_IBUF_inst/O
                         net (fo=1, routed)           0.685     1.099    clk_IBUF
    BUFGCTRL_X0Y0        BUFG (Prop_bufg_I_O)         0.029     1.128 r  clk_IBUF_BUFG_inst/O
                         net (fo=58, routed)          0.833     1.960    U1/CLK
    SLICE_X30Y49         FDCE                                         r  U1/clk50hz_reg/C
                         clock pessimism             -0.513     1.447    
    SLICE_X30Y49         FDCE (Hold_fdce_C_D)         0.120     1.567    U1/clk50hz_reg
  -------------------------------------------------------------------
                         required time                         -1.567    
                         arrival time                           1.831    
  -------------------------------------------------------------------
                         slack                                  0.264    

Slack (MET) :             0.277ns  (arrival time - required time)
  Source:                 U1/cnt_50_reg[0]/C
                            (rising edge-triggered cell FDCE clocked by sys_clk_pin  {rise@0.000ns fall@5.000ns period=10.000ns})
  Destination:            U1/cnt_50_reg[0]/D
                            (rising edge-triggered cell FDCE clocked by sys_clk_pin  {rise@0.000ns fall@5.000ns period=10.000ns})
  Path Group:             sys_clk_pin
  Path Type:              Hold (Min at Fast Process Corner)
  Requirement:            0.000ns  (sys_clk_pin rise@0.000ns - sys_clk_pin rise@0.000ns)
  Data Path Delay:        0.397ns  (logic 0.209ns (52.711%)  route 0.188ns (47.289%))
  Logic Levels:           1  (LUT1=1)
  Clock Path Skew:        0.000ns (DCD - SCD - CPR)
    Destination Clock Delay (DCD):    1.958ns
    Source Clock Delay      (SCD):    1.445ns
    Clock Pessimism Removal (CPR):    0.513ns

    Location             Delay type                Incr(ns)  Path(ns)    Netlist Resource(s)
  -------------------------------------------------------------------    -------------------
                         (clock sys_clk_pin rise edge)
                                                      0.000     0.000 r  
    W5                                                0.000     0.000 r  clk (IN)
                         net (fo=0)                   0.000     0.000    clk
    W5                   IBUF (Prop_ibuf_I_O)         0.226     0.226 r  clk_IBUF_inst/O
                         net (fo=1, routed)           0.631     0.858    clk_IBUF
    BUFGCTRL_X0Y0        BUFG (Prop_bufg_I_O)         0.026     0.884 r  clk_IBUF_BUFG_inst/O
                         net (fo=58, routed)          0.562     1.445    U1/CLK
    SLICE_X30Y50         FDCE                                         r  U1/cnt_50_reg[0]/C
  -------------------------------------------------------------------    -------------------
    SLICE_X30Y50         FDCE (Prop_fdce_C_Q)         0.164     1.609 f  U1/cnt_50_reg[0]/Q
                         net (fo=3, routed)           0.188     1.797    U1/cnt_50[0]
    SLICE_X30Y50         LUT1 (Prop_lut1_I0_O)        0.045     1.842 r  U1/cnt_50[0]_i_1/O
                         net (fo=1, routed)           0.000     1.842    U1/cnt_50_1[0]
    SLICE_X30Y50         FDCE                                         r  U1/cnt_50_reg[0]/D
  -------------------------------------------------------------------    -------------------

                         (clock sys_clk_pin rise edge)
                                                      0.000     0.000 r  
    W5                                                0.000     0.000 r  clk (IN)
                         net (fo=0)                   0.000     0.000    clk
    W5                   IBUF (Prop_ibuf_I_O)         0.414     0.414 r  clk_IBUF_inst/O
                         net (fo=1, routed)           0.685     1.099    clk_IBUF
    BUFGCTRL_X0Y0        BUFG (Prop_bufg_I_O)         0.029     1.128 r  clk_IBUF_BUFG_inst/O
                         net (fo=58, routed)          0.830     1.958    U1/CLK
    SLICE_X30Y50         FDCE                                         r  U1/cnt_50_reg[0]/C
                         clock pessimism             -0.513     1.445    
    SLICE_X30Y50         FDCE (Hold_fdce_C_D)         0.120     1.565    U1/cnt_50_reg[0]
  -------------------------------------------------------------------
                         required time                         -1.565    
                         arrival time                           1.842    
  -------------------------------------------------------------------
                         slack                                  0.277    

Slack (MET) :             0.340ns  (arrival time - required time)
  Source:                 U1/cnt_1k_reg[0]/C
                            (rising edge-triggered cell FDCE clocked by sys_clk_pin  {rise@0.000ns fall@5.000ns period=10.000ns})
  Destination:            U1/cnt_1k_reg[0]/D
                            (rising edge-triggered cell FDCE clocked by sys_clk_pin  {rise@0.000ns fall@5.000ns period=10.000ns})
  Path Group:             sys_clk_pin
  Path Type:              Hold (Min at Fast Process Corner)
  Requirement:            0.000ns  (sys_clk_pin rise@0.000ns - sys_clk_pin rise@0.000ns)
  Data Path Delay:        0.432ns  (logic 0.186ns (43.098%)  route 0.246ns (56.902%))
  Logic Levels:           1  (LUT1=1)
  Clock Path Skew:        0.000ns (DCD - SCD - CPR)
    Destination Clock Delay (DCD):    1.959ns
    Source Clock Delay      (SCD):    1.445ns
    Clock Pessimism Removal (CPR):    0.514ns

    Location             Delay type                Incr(ns)  Path(ns)    Netlist Resource(s)
  -------------------------------------------------------------------    -------------------
                         (clock sys_clk_pin rise edge)
                                                      0.000     0.000 r  
    W5                                                0.000     0.000 r  clk (IN)
                         net (fo=0)                   0.000     0.000    clk
    W5                   IBUF (Prop_ibuf_I_O)         0.226     0.226 r  clk_IBUF_inst/O
                         net (fo=1, routed)           0.631     0.858    clk_IBUF
    BUFGCTRL_X0Y0        BUFG (Prop_bufg_I_O)         0.026     0.884 r  clk_IBUF_BUFG_inst/O
                         net (fo=58, routed)          0.562     1.445    U1/CLK
    SLICE_X41Y50         FDCE                                         r  U1/cnt_1k_reg[0]/C
  -------------------------------------------------------------------    -------------------
    SLICE_X41Y50         FDCE (Prop_fdce_C_Q)         0.141     1.586 f  U1/cnt_1k_reg[0]/Q
                         net (fo=3, routed)           0.246     1.832    U1/cnt_1k[0]
    SLICE_X41Y50         LUT1 (Prop_lut1_I0_O)        0.045     1.877 r  U1/cnt_1k[0]_i_1/O
                         net (fo=1, routed)           0.000     1.877    U1/cnt_1k_0[0]
    SLICE_X41Y50         FDCE                                         r  U1/cnt_1k_reg[0]/D
  -------------------------------------------------------------------    -------------------

                         (clock sys_clk_pin rise edge)
                                                      0.000     0.000 r  
    W5                                                0.000     0.000 r  clk (IN)
                         net (fo=0)                   0.000     0.000    clk
    W5                   IBUF (Prop_ibuf_I_O)         0.414     0.414 r  clk_IBUF_inst/O
                         net (fo=1, routed)           0.685     1.099    clk_IBUF
    BUFGCTRL_X0Y0        BUFG (Prop_bufg_I_O)         0.029     1.128 r  clk_IBUF_BUFG_inst/O
                         net (fo=58, routed)          0.832     1.959    U1/CLK
    SLICE_X41Y50         FDCE                                         r  U1/cnt_1k_reg[0]/C
                         clock pessimism             -0.514     1.445    
    SLICE_X41Y50         FDCE (Hold_fdce_C_D)         0.092     1.537    U1/cnt_1k_reg[0]
  -------------------------------------------------------------------
                         required time                         -1.537    
                         arrival time                           1.877    
  -------------------------------------------------------------------
                         slack                                  0.340    

Slack (MET) :             0.348ns  (arrival time - required time)
  Source:                 U1/cnt_50_reg[4]/C
                            (rising edge-triggered cell FDCE clocked by sys_clk_pin  {rise@0.000ns fall@5.000ns period=10.000ns})
  Destination:            U1/cnt_50_reg[20]/D
                            (rising edge-triggered cell FDCE clocked by sys_clk_pin  {rise@0.000ns fall@5.000ns period=10.000ns})
  Path Group:             sys_clk_pin
  Path Type:              Hold (Min at Fast Process Corner)
  Requirement:            0.000ns  (sys_clk_pin rise@0.000ns - sys_clk_pin rise@0.000ns)
  Data Path Delay:        0.746ns  (logic 0.290ns (38.878%)  route 0.456ns (61.122%))
  Logic Levels:           2  (LUT2=1 LUT6=1)
  Clock Path Skew:        0.267ns (DCD - SCD - CPR)
    Destination Clock Delay (DCD):    1.958ns
    Source Clock Delay      (SCD):    1.447ns
    Clock Pessimism Removal (CPR):    0.244ns

    Location             Delay type                Incr(ns)  Path(ns)    Netlist Resource(s)
  -------------------------------------------------------------------    -------------------
                         (clock sys_clk_pin rise edge)
                                                      0.000     0.000 r  
    W5                                                0.000     0.000 r  clk (IN)
                         net (fo=0)                   0.000     0.000    clk
    W5                   IBUF (Prop_ibuf_I_O)         0.226     0.226 r  clk_IBUF_inst/O
                         net (fo=1, routed)           0.631     0.858    clk_IBUF
    BUFGCTRL_X0Y0        BUFG (Prop_bufg_I_O)         0.026     0.884 r  clk_IBUF_BUFG_inst/O
                         net (fo=58, routed)          0.564     1.447    U1/CLK
    SLICE_X30Y47         FDCE                                         r  U1/cnt_50_reg[4]/C
  -------------------------------------------------------------------    -------------------
    SLICE_X30Y47         FDCE (Prop_fdce_C_Q)         0.148     1.595 f  U1/cnt_50_reg[4]/Q
                         net (fo=2, routed)           0.128     1.723    U1/cnt_50[4]
    SLICE_X30Y48         LUT6 (Prop_lut6_I4_O)        0.099     1.822 r  U1/cnt_50[25]_i_2/O
                         net (fo=26, routed)          0.328     2.150    U1/cnt_50[25]_i_2_n_0
    SLICE_X30Y51         LUT2 (Prop_lut2_I0_O)        0.043     2.193 r  U1/cnt_50[20]_i_1/O
                         net (fo=1, routed)           0.000     2.193    U1/cnt_50_1[20]
    SLICE_X30Y51         FDCE                                         r  U1/cnt_50_reg[20]/D
  -------------------------------------------------------------------    -------------------

                         (clock sys_clk_pin rise edge)
                                                      0.000     0.000 r  
    W5                                                0.000     0.000 r  clk (IN)
                         net (fo=0)                   0.000     0.000    clk
    W5                   IBUF (Prop_ibuf_I_O)         0.414     0.414 r  clk_IBUF_inst/O
                         net (fo=1, routed)           0.685     1.099    clk_IBUF
    BUFGCTRL_X0Y0        BUFG (Prop_bufg_I_O)         0.029     1.128 r  clk_IBUF_BUFG_inst/O
                         net (fo=58, routed)          0.830     1.958    U1/CLK
    SLICE_X30Y51         FDCE                                         r  U1/cnt_50_reg[20]/C
                         clock pessimism             -0.244     1.714    
    SLICE_X30Y51         FDCE (Hold_fdce_C_D)         0.131     1.845    U1/cnt_50_reg[20]
  -------------------------------------------------------------------
                         required time                         -1.845    
                         arrival time                           2.193    
  -------------------------------------------------------------------
                         slack                                  0.348    

Slack (MET) :             0.348ns  (arrival time - required time)
  Source:                 U1/cnt_50_reg[4]/C
                            (rising edge-triggered cell FDCE clocked by sys_clk_pin  {rise@0.000ns fall@5.000ns period=10.000ns})
  Destination:            U1/cnt_50_reg[21]/D
                            (rising edge-triggered cell FDCE clocked by sys_clk_pin  {rise@0.000ns fall@5.000ns period=10.000ns})
  Path Group:             sys_clk_pin
  Path Type:              Hold (Min at Fast Process Corner)
  Requirement:            0.000ns  (sys_clk_pin rise@0.000ns - sys_clk_pin rise@0.000ns)
  Data Path Delay:        0.746ns  (logic 0.290ns (38.878%)  route 0.456ns (61.122%))
  Logic Levels:           2  (LUT2=1 LUT6=1)
  Clock Path Skew:        0.267ns (DCD - SCD - CPR)
    Destination Clock Delay (DCD):    1.958ns
    Source Clock Delay      (SCD):    1.447ns
    Clock Pessimism Removal (CPR):    0.244ns

    Location             Delay type                Incr(ns)  Path(ns)    Netlist Resource(s)
  -------------------------------------------------------------------    -------------------
                         (clock sys_clk_pin rise edge)
                                                      0.000     0.000 r  
    W5                                                0.000     0.000 r  clk (IN)
                         net (fo=0)                   0.000     0.000    clk
    W5                   IBUF (Prop_ibuf_I_O)         0.226     0.226 r  clk_IBUF_inst/O
                         net (fo=1, routed)           0.631     0.858    clk_IBUF
    BUFGCTRL_X0Y0        BUFG (Prop_bufg_I_O)         0.026     0.884 r  clk_IBUF_BUFG_inst/O
                         net (fo=58, routed)          0.564     1.447    U1/CLK
    SLICE_X30Y47         FDCE                                         r  U1/cnt_50_reg[4]/C
  -------------------------------------------------------------------    -------------------
    SLICE_X30Y47         FDCE (Prop_fdce_C_Q)         0.148     1.595 f  U1/cnt_50_reg[4]/Q
                         net (fo=2, routed)           0.128     1.723    U1/cnt_50[4]
    SLICE_X30Y48         LUT6 (Prop_lut6_I4_O)        0.099     1.822 r  U1/cnt_50[25]_i_2/O
                         net (fo=26, routed)          0.328     2.150    U1/cnt_50[25]_i_2_n_0
    SLICE_X30Y51         LUT2 (Prop_lut2_I0_O)        0.043     2.193 r  U1/cnt_50[21]_i_1/O
                         net (fo=1, routed)           0.000     2.193    U1/cnt_50_1[21]
    SLICE_X30Y51         FDCE                                         r  U1/cnt_50_reg[21]/D
  -------------------------------------------------------------------    -------------------

                         (clock sys_clk_pin rise edge)
                                                      0.000     0.000 r  
    W5                                                0.000     0.000 r  clk (IN)
                         net (fo=0)                   0.000     0.000    clk
    W5                   IBUF (Prop_ibuf_I_O)         0.414     0.414 r  clk_IBUF_inst/O
                         net (fo=1, routed)           0.685     1.099    clk_IBUF
    BUFGCTRL_X0Y0        BUFG (Prop_bufg_I_O)         0.029     1.128 r  clk_IBUF_BUFG_inst/O
                         net (fo=58, routed)          0.830     1.958    U1/CLK
    SLICE_X30Y51         FDCE                                         r  U1/cnt_50_reg[21]/C
                         clock pessimism             -0.244     1.714    
    SLICE_X30Y51         FDCE (Hold_fdce_C_D)         0.131     1.845    U1/cnt_50_reg[21]
  -------------------------------------------------------------------
                         required time                         -1.845    
                         arrival time                           2.193    
  -------------------------------------------------------------------
                         slack                                  0.348    

Slack (MET) :             0.360ns  (arrival time - required time)
  Source:                 U1/cnt_50_reg[4]/C
                            (rising edge-triggered cell FDCE clocked by sys_clk_pin  {rise@0.000ns fall@5.000ns period=10.000ns})
  Destination:            U1/cnt_50_reg[19]/D
                            (rising edge-triggered cell FDCE clocked by sys_clk_pin  {rise@0.000ns fall@5.000ns period=10.000ns})
  Path Group:             sys_clk_pin
  Path Type:              Hold (Min at Fast Process Corner)
  Requirement:            0.000ns  (sys_clk_pin rise@0.000ns - sys_clk_pin rise@0.000ns)
  Data Path Delay:        0.748ns  (logic 0.292ns (39.041%)  route 0.456ns (60.959%))
  Logic Levels:           2  (LUT2=1 LUT6=1)
  Clock Path Skew:        0.267ns (DCD - SCD - CPR)
    Destination Clock Delay (DCD):    1.958ns
    Source Clock Delay      (SCD):    1.447ns
    Clock Pessimism Removal (CPR):    0.244ns

    Location             Delay type                Incr(ns)  Path(ns)    Netlist Resource(s)
  -------------------------------------------------------------------    -------------------
                         (clock sys_clk_pin rise edge)
                                                      0.000     0.000 r  
    W5                                                0.000     0.000 r  clk (IN)
                         net (fo=0)                   0.000     0.000    clk
    W5                   IBUF (Prop_ibuf_I_O)         0.226     0.226 r  clk_IBUF_inst/O
                         net (fo=1, routed)           0.631     0.858    clk_IBUF
    BUFGCTRL_X0Y0        BUFG (Prop_bufg_I_O)         0.026     0.884 r  clk_IBUF_BUFG_inst/O
                         net (fo=58, routed)          0.564     1.447    U1/CLK
    SLICE_X30Y47         FDCE                                         r  U1/cnt_50_reg[4]/C
  -------------------------------------------------------------------    -------------------
    SLICE_X30Y47         FDCE (Prop_fdce_C_Q)         0.148     1.595 f  U1/cnt_50_reg[4]/Q
                         net (fo=2, routed)           0.128     1.723    U1/cnt_50[4]
    SLICE_X30Y48         LUT6 (Prop_lut6_I4_O)        0.099     1.822 r  U1/cnt_50[25]_i_2/O
                         net (fo=26, routed)          0.328     2.150    U1/cnt_50[25]_i_2_n_0
    SLICE_X30Y51         LUT2 (Prop_lut2_I0_O)        0.045     2.195 r  U1/cnt_50[19]_i_1/O
                         net (fo=1, routed)           0.000     2.195    U1/cnt_50_1[19]
    SLICE_X30Y51         FDCE                                         r  U1/cnt_50_reg[19]/D
  -------------------------------------------------------------------    -------------------

                         (clock sys_clk_pin rise edge)
                                                      0.000     0.000 r  
    W5                                                0.000     0.000 r  clk (IN)
                         net (fo=0)                   0.000     0.000    clk
    W5                   IBUF (Prop_ibuf_I_O)         0.414     0.414 r  clk_IBUF_inst/O
                         net (fo=1, routed)           0.685     1.099    clk_IBUF
    BUFGCTRL_X0Y0        BUFG (Prop_bufg_I_O)         0.029     1.128 r  clk_IBUF_BUFG_inst/O
                         net (fo=58, routed)          0.830     1.958    U1/CLK
    SLICE_X30Y51         FDCE                                         r  U1/cnt_50_reg[19]/C
                         clock pessimism             -0.244     1.714    
    SLICE_X30Y51         FDCE (Hold_fdce_C_D)         0.121     1.835    U1/cnt_50_reg[19]
  -------------------------------------------------------------------
                         required time                         -1.835    
                         arrival time                           2.195    
  -------------------------------------------------------------------
                         slack                                  0.360    





Pulse Width Checks
--------------------------------------------------------------------------------------
Clock Name:         sys_clk_pin
Waveform(ns):       { 0.000 5.000 }
Period(ns):         10.000
Sources:            { clk }

Check Type        Corner  Lib Pin  Reference Pin  Required(ns)  Actual(ns)  Slack(ns)  Location       Pin
Min Period        n/a     BUFG/I   n/a            2.155         10.000      7.845      BUFGCTRL_X0Y0  clk_IBUF_BUFG_inst/I
Min Period        n/a     FDCE/C   n/a            1.000         10.000      9.000      SLICE_X41Y46   U1/clk1000Hz_reg/C
Min Period        n/a     FDCE/C   n/a            1.000         10.000      9.000      SLICE_X30Y49   U1/clk50hz_reg/C
Min Period        n/a     FDCE/C   n/a            1.000         10.000      9.000      SLICE_X41Y50   U1/cnt_1k_reg[0]/C
Min Period        n/a     FDCE/C   n/a            1.000         10.000      9.000      SLICE_X41Y48   U1/cnt_1k_reg[10]/C
Min Period        n/a     FDCE/C   n/a            1.000         10.000      9.000      SLICE_X41Y49   U1/cnt_1k_reg[11]/C
Min Period        n/a     FDCE/C   n/a            1.000         10.000      9.000      SLICE_X41Y49   U1/cnt_1k_reg[12]/C
Min Period        n/a     FDCE/C   n/a            1.000         10.000      9.000      SLICE_X41Y48   U1/cnt_1k_reg[13]/C
Min Period        n/a     FDCE/C   n/a            1.000         10.000      9.000      SLICE_X41Y49   U1/cnt_1k_reg[14]/C
Min Period        n/a     FDCE/C   n/a            1.000         10.000      9.000      SLICE_X41Y49   U1/cnt_1k_reg[15]/C
Low Pulse Width   Slow    FDCE/C   n/a            0.500         5.000       4.500      SLICE_X41Y46   U1/clk1000Hz_reg/C
Low Pulse Width   Fast    FDCE/C   n/a            0.500         5.000       4.500      SLICE_X41Y46   U1/clk1000Hz_reg/C
Low Pulse Width   Slow    FDCE/C   n/a            0.500         5.000       4.500      SLICE_X30Y49   U1/clk50hz_reg/C
Low Pulse Width   Fast    FDCE/C   n/a            0.500         5.000       4.500      SLICE_X30Y49   U1/clk50hz_reg/C
Low Pulse Width   Slow    FDCE/C   n/a            0.500         5.000       4.500      SLICE_X41Y50   U1/cnt_1k_reg[0]/C
Low Pulse Width   Fast    FDCE/C   n/a            0.500         5.000       4.500      SLICE_X41Y50   U1/cnt_1k_reg[0]/C
Low Pulse Width   Slow    FDCE/C   n/a            0.500         5.000       4.500      SLICE_X41Y48   U1/cnt_1k_reg[10]/C
Low Pulse Width   Fast    FDCE/C   n/a            0.500         5.000       4.500      SLICE_X41Y48   U1/cnt_1k_reg[10]/C
Low Pulse Width   Slow    FDCE/C   n/a            0.500         5.000       4.500      SLICE_X41Y49   U1/cnt_1k_reg[11]/C
Low Pulse Width   Fast    FDCE/C   n/a            0.500         5.000       4.500      SLICE_X41Y49   U1/cnt_1k_reg[11]/C
High Pulse Width  Slow    FDCE/C   n/a            0.500         5.000       4.500      SLICE_X41Y46   U1/clk1000Hz_reg/C
High Pulse Width  Fast    FDCE/C   n/a            0.500         5.000       4.500      SLICE_X41Y46   U1/clk1000Hz_reg/C
High Pulse Width  Slow    FDCE/C   n/a            0.500         5.000       4.500      SLICE_X30Y49   U1/clk50hz_reg/C
High Pulse Width  Fast    FDCE/C   n/a            0.500         5.000       4.500      SLICE_X30Y49   U1/clk50hz_reg/C
High Pulse Width  Slow    FDCE/C   n/a            0.500         5.000       4.500      SLICE_X41Y50   U1/cnt_1k_reg[0]/C
High Pulse Width  Fast    FDCE/C   n/a            0.500         5.000       4.500      SLICE_X41Y50   U1/cnt_1k_reg[0]/C
High Pulse Width  Slow    FDCE/C   n/a            0.500         5.000       4.500      SLICE_X41Y48   U1/cnt_1k_reg[10]/C
High Pulse Width  Fast    FDCE/C   n/a            0.500         5.000       4.500      SLICE_X41Y48   U1/cnt_1k_reg[10]/C
High Pulse Width  Slow    FDCE/C   n/a            0.500         5.000       4.500      SLICE_X41Y49   U1/cnt_1k_reg[11]/C
High Pulse Width  Fast    FDCE/C   n/a            0.500         5.000       4.500      SLICE_X41Y49   U1/cnt_1k_reg[11]/C



--------------------------------------------------------------------------------------
Path Group:  (none)
From Clock:  
  To Clock:  

Max Delay           181 Endpoints
Min Delay           181 Endpoints
--------------------------------------------------------------------------------------


Max Delay Paths
--------------------------------------------------------------------------------------
Slack:                    inf
  Source:                 U5/A_reg[1]/C
                            (rising edge-triggered cell FDCE)
  Destination:            U5/digit3_reg[0]/D
  Path Group:             (none)
  Path Type:              Max at Slow Process Corner
  Data Path Delay:        26.876ns  (logic 9.016ns (33.547%)  route 17.860ns (66.453%))
  Logic Levels:           26  (CARRY4=11 FDCE=1 LUT2=1 LUT3=5 LUT4=4 LUT6=4)

    Location             Delay type                Incr(ns)  Path(ns)    Netlist Resource(s)
  -------------------------------------------------------------------    -------------------
    SLICE_X30Y44         FDCE                         0.000     0.000 r  U5/A_reg[1]/C
    SLICE_X30Y44         FDCE (Prop_fdce_C_Q)         0.518     0.518 f  U5/A_reg[1]/Q
                         net (fo=85, routed)          2.781     3.299    U5/A_reg_n_0_[1]
    SLICE_X32Y37         LUT6 (Prop_lut6_I3_O)        0.124     3.423 f  U5/digit2[0]_i_34/O
                         net (fo=29, routed)          1.716     5.139    U5/digit2[0]_i_34_n_0
    SLICE_X36Y37         LUT3 (Prop_lut3_I0_O)        0.124     5.263 r  U5/digit3[3]_i_10/O
                         net (fo=125, routed)         0.714     5.977    U5/digit2[0]_i_257_n_0
    SLICE_X36Y37         LUT4 (Prop_lut4_I0_O)        0.124     6.101 r  U5/digit3[3]_i_137/O
                         net (fo=12, routed)          1.133     7.234    U5/digit3[3]_i_137_n_0
    SLICE_X33Y35         LUT4 (Prop_lut4_I0_O)        0.124     7.358 r  U5/digit3[3]_i_288/O
                         net (fo=1, routed)           0.000     7.358    U5/digit3[3]_i_288_n_0
    SLICE_X33Y35         CARRY4 (Prop_carry4_S[3]_CO[3])
                                                      0.401     7.759 r  U5/digit3_reg[3]_i_219/CO[3]
                         net (fo=1, routed)           0.000     7.759    U5/digit3_reg[3]_i_219_n_0
    SLICE_X33Y36         CARRY4 (Prop_carry4_CI_CO[3])
                                                      0.114     7.873 r  U5/digit3_reg[3]_i_151/CO[3]
                         net (fo=36, routed)          1.525     9.398    U5/digit3_reg[3]_i_151_n_0
    SLICE_X36Y40         CARRY4 (Prop_carry4_CYINIT_CO[2])
                                                      0.592     9.990 r  U5/digit3_reg[3]_i_150/CO[2]
                         net (fo=4, routed)           0.351    10.341    U5/digit3_reg[3]_i_150_n_1
    SLICE_X36Y41         CARRY4 (Prop_carry4_CYINIT_CO[2])
                                                      0.781    11.122 r  U5/digit3_reg[3]_i_152/CO[2]
                         net (fo=3, routed)           0.357    11.479    U5/digit3_reg[3]_i_152_n_1
    SLICE_X36Y42         CARRY4 (Prop_carry4_CYINIT_CO[2])
                                                      0.781    12.260 f  U5/digit3_reg[3]_i_238/CO[2]
                         net (fo=34, routed)          1.655    13.915    U5/digit3_reg[3]_i_238_n_1
    SLICE_X34Y47         LUT3 (Prop_lut3_I1_O)        0.342    14.257 r  U5/digit3[3]_i_171/O
                         net (fo=19, routed)          1.488    15.745    U5/digit3[3]_i_171_n_0
    SLICE_X34Y46         LUT4 (Prop_lut4_I0_O)        0.331    16.076 r  U5/digit3[3]_i_190/O
                         net (fo=1, routed)           0.000    16.076    U5/digit3[3]_i_190_n_0
    SLICE_X34Y46         CARRY4 (Prop_carry4_S[1]_CO[3])
                                                      0.533    16.609 r  U5/digit3_reg[3]_i_117/CO[3]
                         net (fo=1, routed)           0.000    16.609    U5/digit3_reg[3]_i_117_n_0
    SLICE_X34Y47         CARRY4 (Prop_carry4_CI_O[0])
                                                      0.219    16.828 r  U5/digit3_reg[3]_i_106/O[0]
                         net (fo=2, routed)           0.625    17.453    U5/digit3_reg[3]_i_106_n_7
    SLICE_X35Y47         LUT3 (Prop_lut3_I2_O)        0.321    17.774 r  U5/digit3[3]_i_53/O
                         net (fo=2, routed)           0.666    18.440    U5/digit3[3]_i_53_n_0
    SLICE_X35Y47         LUT4 (Prop_lut4_I3_O)        0.326    18.766 r  U5/digit3[3]_i_57/O
                         net (fo=1, routed)           0.000    18.766    U5/digit3[3]_i_57_n_0
    SLICE_X35Y47         CARRY4 (Prop_carry4_S[1]_O[2])
                                                      0.580    19.346 r  U5/digit3_reg[3]_i_24/O[2]
                         net (fo=3, routed)           1.172    20.518    U5/digit3_reg[3]_i_24_n_5
    SLICE_X33Y48         LUT2 (Prop_lut2_I0_O)        0.302    20.820 r  U5/digit3[3]_i_47/O
                         net (fo=1, routed)           0.000    20.820    U5/digit3[3]_i_47_n_0
    SLICE_X33Y48         CARRY4 (Prop_carry4_S[1]_CO[3])
                                                      0.550    21.370 r  U5/digit3_reg[3]_i_22/CO[3]
                         net (fo=1, routed)           0.000    21.370    U5/digit3_reg[3]_i_22_n_0
    SLICE_X33Y49         CARRY4 (Prop_carry4_CI_O[1])
                                                      0.334    21.704 r  U5/digit3_reg[3]_i_9/O[1]
                         net (fo=3, routed)           0.821    22.525    U5/digit3_reg[3]_i_9_n_6
    SLICE_X32Y49         LUT3 (Prop_lut3_I2_O)        0.303    22.828 r  U5/digit3[3]_i_28/O
                         net (fo=1, routed)           0.000    22.828    U5/digit3[3]_i_28_n_0
    SLICE_X32Y49         CARRY4 (Prop_carry4_S[1]_CO[1])
                                                      0.491    23.319 f  U5/digit3_reg[3]_i_11/CO[1]
                         net (fo=2, routed)           0.634    23.953    U5/digit3_reg[3]_i_11_n_2
    SLICE_X31Y42         LUT3 (Prop_lut3_I0_O)        0.329    24.282 r  U5/digit3[2]_i_6/O
                         net (fo=3, routed)           0.310    24.593    U5/digit3[2]_i_6_n_0
    SLICE_X31Y41         LUT6 (Prop_lut6_I3_O)        0.124    24.717 f  U5/digit3[0]_i_5/O
                         net (fo=1, routed)           0.877    25.593    U5/digit3[0]_i_5_n_0
    SLICE_X31Y41         LUT6 (Prop_lut6_I1_O)        0.124    25.717 r  U5/digit3[0]_i_2/O
                         net (fo=1, routed)           1.035    26.752    U5/digit3[0]_i_2_n_0
    SLICE_X29Y42         LUT6 (Prop_lut6_I0_O)        0.124    26.876 r  U5/digit3[0]_i_1/O
                         net (fo=1, routed)           0.000    26.876    U5/digit3[0]_i_1_n_0
    SLICE_X29Y42         FDCE                                         r  U5/digit3_reg[0]/D
  -------------------------------------------------------------------    -------------------

Slack:                    inf
  Source:                 U5/A_reg[1]/C
                            (rising edge-triggered cell FDCE)
  Destination:            U5/digit3_reg[1]/D
  Path Group:             (none)
  Path Type:              Max at Slow Process Corner
  Data Path Delay:        26.829ns  (logic 9.016ns (33.606%)  route 17.813ns (66.394%))
  Logic Levels:           26  (CARRY4=11 FDCE=1 LUT2=1 LUT3=5 LUT4=4 LUT5=1 LUT6=3)

    Location             Delay type                Incr(ns)  Path(ns)    Netlist Resource(s)
  -------------------------------------------------------------------    -------------------
    SLICE_X30Y44         FDCE                         0.000     0.000 r  U5/A_reg[1]/C
    SLICE_X30Y44         FDCE (Prop_fdce_C_Q)         0.518     0.518 f  U5/A_reg[1]/Q
                         net (fo=85, routed)          2.781     3.299    U5/A_reg_n_0_[1]
    SLICE_X32Y37         LUT6 (Prop_lut6_I3_O)        0.124     3.423 f  U5/digit2[0]_i_34/O
                         net (fo=29, routed)          1.716     5.139    U5/digit2[0]_i_34_n_0
    SLICE_X36Y37         LUT3 (Prop_lut3_I0_O)        0.124     5.263 r  U5/digit3[3]_i_10/O
                         net (fo=125, routed)         0.714     5.977    U5/digit2[0]_i_257_n_0
    SLICE_X36Y37         LUT4 (Prop_lut4_I0_O)        0.124     6.101 r  U5/digit3[3]_i_137/O
                         net (fo=12, routed)          1.133     7.234    U5/digit3[3]_i_137_n_0
    SLICE_X33Y35         LUT4 (Prop_lut4_I0_O)        0.124     7.358 r  U5/digit3[3]_i_288/O
                         net (fo=1, routed)           0.000     7.358    U5/digit3[3]_i_288_n_0
    SLICE_X33Y35         CARRY4 (Prop_carry4_S[3]_CO[3])
                                                      0.401     7.759 r  U5/digit3_reg[3]_i_219/CO[3]
                         net (fo=1, routed)           0.000     7.759    U5/digit3_reg[3]_i_219_n_0
    SLICE_X33Y36         CARRY4 (Prop_carry4_CI_CO[3])
                                                      0.114     7.873 r  U5/digit3_reg[3]_i_151/CO[3]
                         net (fo=36, routed)          1.525     9.398    U5/digit3_reg[3]_i_151_n_0
    SLICE_X36Y40         CARRY4 (Prop_carry4_CYINIT_CO[2])
                                                      0.592     9.990 r  U5/digit3_reg[3]_i_150/CO[2]
                         net (fo=4, routed)           0.351    10.341    U5/digit3_reg[3]_i_150_n_1
    SLICE_X36Y41         CARRY4 (Prop_carry4_CYINIT_CO[2])
                                                      0.781    11.122 r  U5/digit3_reg[3]_i_152/CO[2]
                         net (fo=3, routed)           0.357    11.479    U5/digit3_reg[3]_i_152_n_1
    SLICE_X36Y42         CARRY4 (Prop_carry4_CYINIT_CO[2])
                                                      0.781    12.260 f  U5/digit3_reg[3]_i_238/CO[2]
                         net (fo=34, routed)          1.655    13.915    U5/digit3_reg[3]_i_238_n_1
    SLICE_X34Y47         LUT3 (Prop_lut3_I1_O)        0.342    14.257 r  U5/digit3[3]_i_171/O
                         net (fo=19, routed)          1.488    15.745    U5/digit3[3]_i_171_n_0
    SLICE_X34Y46         LUT4 (Prop_lut4_I0_O)        0.331    16.076 r  U5/digit3[3]_i_190/O
                         net (fo=1, routed)           0.000    16.076    U5/digit3[3]_i_190_n_0
    SLICE_X34Y46         CARRY4 (Prop_carry4_S[1]_CO[3])
                                                      0.533    16.609 r  U5/digit3_reg[3]_i_117/CO[3]
                         net (fo=1, routed)           0.000    16.609    U5/digit3_reg[3]_i_117_n_0
    SLICE_X34Y47         CARRY4 (Prop_carry4_CI_O[0])
                                                      0.219    16.828 r  U5/digit3_reg[3]_i_106/O[0]
                         net (fo=2, routed)           0.625    17.453    U5/digit3_reg[3]_i_106_n_7
    SLICE_X35Y47         LUT3 (Prop_lut3_I2_O)        0.321    17.774 r  U5/digit3[3]_i_53/O
                         net (fo=2, routed)           0.666    18.440    U5/digit3[3]_i_53_n_0
    SLICE_X35Y47         LUT4 (Prop_lut4_I3_O)        0.326    18.766 r  U5/digit3[3]_i_57/O
                         net (fo=1, routed)           0.000    18.766    U5/digit3[3]_i_57_n_0
    SLICE_X35Y47         CARRY4 (Prop_carry4_S[1]_O[2])
                                                      0.580    19.346 r  U5/digit3_reg[3]_i_24/O[2]
                         net (fo=3, routed)           1.172    20.518    U5/digit3_reg[3]_i_24_n_5
    SLICE_X33Y48         LUT2 (Prop_lut2_I0_O)        0.302    20.820 r  U5/digit3[3]_i_47/O
                         net (fo=1, routed)           0.000    20.820    U5/digit3[3]_i_47_n_0
    SLICE_X33Y48         CARRY4 (Prop_carry4_S[1]_CO[3])
                                                      0.550    21.370 r  U5/digit3_reg[3]_i_22/CO[3]
                         net (fo=1, routed)           0.000    21.370    U5/digit3_reg[3]_i_22_n_0
    SLICE_X33Y49         CARRY4 (Prop_carry4_CI_O[1])
                                                      0.334    21.704 r  U5/digit3_reg[3]_i_9/O[1]
                         net (fo=3, routed)           0.821    22.525    U5/digit3_reg[3]_i_9_n_6
    SLICE_X32Y49         LUT3 (Prop_lut3_I2_O)        0.303    22.828 r  U5/digit3[3]_i_28/O
                         net (fo=1, routed)           0.000    22.828    U5/digit3[3]_i_28_n_0
    SLICE_X32Y49         CARRY4 (Prop_carry4_S[1]_CO[1])
                                                      0.491    23.319 f  U5/digit3_reg[3]_i_11/CO[1]
                         net (fo=2, routed)           0.634    23.953    U5/digit3_reg[3]_i_11_n_2
    SLICE_X31Y42         LUT3 (Prop_lut3_I0_O)        0.329    24.282 r  U5/digit3[2]_i_6/O
                         net (fo=3, routed)           0.817    25.100    U5/digit3[2]_i_6_n_0
    SLICE_X31Y41         LUT5 (Prop_lut5_I3_O)        0.124    25.224 r  U5/digit3[1]_i_4/O
                         net (fo=1, routed)           0.526    25.750    U5/digit3[1]_i_4_n_0
    SLICE_X30Y41         LUT6 (Prop_lut6_I4_O)        0.124    25.874 r  U5/digit3[1]_i_3/O
                         net (fo=1, routed)           0.831    26.705    U5/digit3[1]_i_3_n_0
    SLICE_X29Y42         LUT6 (Prop_lut6_I4_O)        0.124    26.829 r  U5/digit3[1]_i_1/O
                         net (fo=1, routed)           0.000    26.829    U5/digit3[1]_i_1_n_0
    SLICE_X29Y42         FDCE                                         r  U5/digit3_reg[1]/D
  -------------------------------------------------------------------    -------------------

Slack:                    inf
  Source:                 U5/A_reg[1]/C
                            (rising edge-triggered cell FDCE)
  Destination:            U5/digit3_reg[2]/D
  Path Group:             (none)
  Path Type:              Max at Slow Process Corner
  Data Path Delay:        26.697ns  (logic 9.016ns (33.771%)  route 17.681ns (66.229%))
  Logic Levels:           26  (CARRY4=11 FDCE=1 LUT2=1 LUT3=5 LUT4=4 LUT5=1 LUT6=3)

    Location             Delay type                Incr(ns)  Path(ns)    Netlist Resource(s)
  -------------------------------------------------------------------    -------------------
    SLICE_X30Y44         FDCE                         0.000     0.000 r  U5/A_reg[1]/C
    SLICE_X30Y44         FDCE (Prop_fdce_C_Q)         0.518     0.518 f  U5/A_reg[1]/Q
                         net (fo=85, routed)          2.781     3.299    U5/A_reg_n_0_[1]
    SLICE_X32Y37         LUT6 (Prop_lut6_I3_O)        0.124     3.423 f  U5/digit2[0]_i_34/O
                         net (fo=29, routed)          1.716     5.139    U5/digit2[0]_i_34_n_0
    SLICE_X36Y37         LUT3 (Prop_lut3_I0_O)        0.124     5.263 r  U5/digit3[3]_i_10/O
                         net (fo=125, routed)         0.714     5.977    U5/digit2[0]_i_257_n_0
    SLICE_X36Y37         LUT4 (Prop_lut4_I0_O)        0.124     6.101 r  U5/digit3[3]_i_137/O
                         net (fo=12, routed)          1.133     7.234    U5/digit3[3]_i_137_n_0
    SLICE_X33Y35         LUT4 (Prop_lut4_I0_O)        0.124     7.358 r  U5/digit3[3]_i_288/O
                         net (fo=1, routed)           0.000     7.358    U5/digit3[3]_i_288_n_0
    SLICE_X33Y35         CARRY4 (Prop_carry4_S[3]_CO[3])
                                                      0.401     7.759 r  U5/digit3_reg[3]_i_219/CO[3]
                         net (fo=1, routed)           0.000     7.759    U5/digit3_reg[3]_i_219_n_0
    SLICE_X33Y36         CARRY4 (Prop_carry4_CI_CO[3])
                                                      0.114     7.873 r  U5/digit3_reg[3]_i_151/CO[3]
                         net (fo=36, routed)          1.525     9.398    U5/digit3_reg[3]_i_151_n_0
    SLICE_X36Y40         CARRY4 (Prop_carry4_CYINIT_CO[2])
                                                      0.592     9.990 r  U5/digit3_reg[3]_i_150/CO[2]
                         net (fo=4, routed)           0.351    10.341    U5/digit3_reg[3]_i_150_n_1
    SLICE_X36Y41         CARRY4 (Prop_carry4_CYINIT_CO[2])
                                                      0.781    11.122 r  U5/digit3_reg[3]_i_152/CO[2]
                         net (fo=3, routed)           0.357    11.479    U5/digit3_reg[3]_i_152_n_1
    SLICE_X36Y42         CARRY4 (Prop_carry4_CYINIT_CO[2])
                                                      0.781    12.260 f  U5/digit3_reg[3]_i_238/CO[2]
                         net (fo=34, routed)          1.655    13.915    U5/digit3_reg[3]_i_238_n_1
    SLICE_X34Y47         LUT3 (Prop_lut3_I1_O)        0.342    14.257 r  U5/digit3[3]_i_171/O
                         net (fo=19, routed)          1.488    15.745    U5/digit3[3]_i_171_n_0
    SLICE_X34Y46         LUT4 (Prop_lut4_I0_O)        0.331    16.076 r  U5/digit3[3]_i_190/O
                         net (fo=1, routed)           0.000    16.076    U5/digit3[3]_i_190_n_0
    SLICE_X34Y46         CARRY4 (Prop_carry4_S[1]_CO[3])
                                                      0.533    16.609 r  U5/digit3_reg[3]_i_117/CO[3]
                         net (fo=1, routed)           0.000    16.609    U5/digit3_reg[3]_i_117_n_0
    SLICE_X34Y47         CARRY4 (Prop_carry4_CI_O[0])
                                                      0.219    16.828 r  U5/digit3_reg[3]_i_106/O[0]
                         net (fo=2, routed)           0.625    17.453    U5/digit3_reg[3]_i_106_n_7
    SLICE_X35Y47         LUT3 (Prop_lut3_I2_O)        0.321    17.774 r  U5/digit3[3]_i_53/O
                         net (fo=2, routed)           0.666    18.440    U5/digit3[3]_i_53_n_0
    SLICE_X35Y47         LUT4 (Prop_lut4_I3_O)        0.326    18.766 r  U5/digit3[3]_i_57/O
                         net (fo=1, routed)           0.000    18.766    U5/digit3[3]_i_57_n_0
    SLICE_X35Y47         CARRY4 (Prop_carry4_S[1]_O[2])
                                                      0.580    19.346 r  U5/digit3_reg[3]_i_24/O[2]
                         net (fo=3, routed)           1.172    20.518    U5/digit3_reg[3]_i_24_n_5
    SLICE_X33Y48         LUT2 (Prop_lut2_I0_O)        0.302    20.820 r  U5/digit3[3]_i_47/O
                         net (fo=1, routed)           0.000    20.820    U5/digit3[3]_i_47_n_0
    SLICE_X33Y48         CARRY4 (Prop_carry4_S[1]_CO[3])
                                                      0.550    21.370 r  U5/digit3_reg[3]_i_22/CO[3]
                         net (fo=1, routed)           0.000    21.370    U5/digit3_reg[3]_i_22_n_0
    SLICE_X33Y49         CARRY4 (Prop_carry4_CI_O[1])
                                                      0.334    21.704 r  U5/digit3_reg[3]_i_9/O[1]
                         net (fo=3, routed)           0.821    22.525    U5/digit3_reg[3]_i_9_n_6
    SLICE_X32Y49         LUT3 (Prop_lut3_I2_O)        0.303    22.828 r  U5/digit3[3]_i_28/O
                         net (fo=1, routed)           0.000    22.828    U5/digit3[3]_i_28_n_0
    SLICE_X32Y49         CARRY4 (Prop_carry4_S[1]_CO[1])
                                                      0.491    23.319 f  U5/digit3_reg[3]_i_11/CO[1]
                         net (fo=2, routed)           0.634    23.953    U5/digit3_reg[3]_i_11_n_2
    SLICE_X31Y42         LUT3 (Prop_lut3_I0_O)        0.329    24.282 r  U5/digit3[2]_i_6/O
                         net (fo=3, routed)           0.589    24.872    U5/digit3[2]_i_6_n_0
    SLICE_X31Y41         LUT6 (Prop_lut6_I4_O)        0.124    24.996 r  U5/digit3[2]_i_4/O
                         net (fo=1, routed)           0.860    25.855    U5/digit3[2]_i_4_n_0
    SLICE_X30Y41         LUT5 (Prop_lut5_I1_O)        0.124    25.979 r  U5/digit3[2]_i_3/O
                         net (fo=1, routed)           0.594    26.573    U5/digit3[2]_i_3_n_0
    SLICE_X29Y42         LUT6 (Prop_lut6_I4_O)        0.124    26.697 r  U5/digit3[2]_i_1/O
                         net (fo=1, routed)           0.000    26.697    U5/digit3[2]_i_1_n_0
    SLICE_X29Y42         FDCE                                         r  U5/digit3_reg[2]/D
  -------------------------------------------------------------------    -------------------

Slack:                    inf
  Source:                 U5/A_reg[1]/C
                            (rising edge-triggered cell FDCE)
  Destination:            U5/digit3_reg[3]/D
  Path Group:             (none)
  Path Type:              Max at Slow Process Corner
  Data Path Delay:        26.148ns  (logic 8.892ns (34.006%)  route 17.256ns (65.994%))
  Logic Levels:           25  (CARRY4=11 FDCE=1 LUT2=1 LUT3=4 LUT4=4 LUT5=1 LUT6=3)

    Location             Delay type                Incr(ns)  Path(ns)    Netlist Resource(s)
  -------------------------------------------------------------------    -------------------
    SLICE_X30Y44         FDCE                         0.000     0.000 r  U5/A_reg[1]/C
    SLICE_X30Y44         FDCE (Prop_fdce_C_Q)         0.518     0.518 f  U5/A_reg[1]/Q
                         net (fo=85, routed)          2.781     3.299    U5/A_reg_n_0_[1]
    SLICE_X32Y37         LUT6 (Prop_lut6_I3_O)        0.124     3.423 f  U5/digit2[0]_i_34/O
                         net (fo=29, routed)          1.716     5.139    U5/digit2[0]_i_34_n_0
    SLICE_X36Y37         LUT3 (Prop_lut3_I0_O)        0.124     5.263 r  U5/digit3[3]_i_10/O
                         net (fo=125, routed)         0.714     5.977    U5/digit2[0]_i_257_n_0
    SLICE_X36Y37         LUT4 (Prop_lut4_I0_O)        0.124     6.101 r  U5/digit3[3]_i_137/O
                         net (fo=12, routed)          1.133     7.234    U5/digit3[3]_i_137_n_0
    SLICE_X33Y35         LUT4 (Prop_lut4_I0_O)        0.124     7.358 r  U5/digit3[3]_i_288/O
                         net (fo=1, routed)           0.000     7.358    U5/digit3[3]_i_288_n_0
    SLICE_X33Y35         CARRY4 (Prop_carry4_S[3]_CO[3])
                                                      0.401     7.759 r  U5/digit3_reg[3]_i_219/CO[3]
                         net (fo=1, routed)           0.000     7.759    U5/digit3_reg[3]_i_219_n_0
    SLICE_X33Y36         CARRY4 (Prop_carry4_CI_CO[3])
                                                      0.114     7.873 r  U5/digit3_reg[3]_i_151/CO[3]
                         net (fo=36, routed)          1.525     9.398    U5/digit3_reg[3]_i_151_n_0
    SLICE_X36Y40         CARRY4 (Prop_carry4_CYINIT_CO[2])
                                                      0.592     9.990 r  U5/digit3_reg[3]_i_150/CO[2]
                         net (fo=4, routed)           0.351    10.341    U5/digit3_reg[3]_i_150_n_1
    SLICE_X36Y41         CARRY4 (Prop_carry4_CYINIT_CO[2])
                                                      0.781    11.122 r  U5/digit3_reg[3]_i_152/CO[2]
                         net (fo=3, routed)           0.357    11.479    U5/digit3_reg[3]_i_152_n_1
    SLICE_X36Y42         CARRY4 (Prop_carry4_CYINIT_CO[2])
                                                      0.781    12.260 f  U5/digit3_reg[3]_i_238/CO[2]
                         net (fo=34, routed)          1.655    13.915    U5/digit3_reg[3]_i_238_n_1
    SLICE_X34Y47         LUT3 (Prop_lut3_I1_O)        0.342    14.257 r  U5/digit3[3]_i_171/O
                         net (fo=19, routed)          1.488    15.745    U5/digit3[3]_i_171_n_0
    SLICE_X34Y46         LUT4 (Prop_lut4_I0_O)        0.331    16.076 r  U5/digit3[3]_i_190/O
                         net (fo=1, routed)           0.000    16.076    U5/digit3[3]_i_190_n_0
    SLICE_X34Y46         CARRY4 (Prop_carry4_S[1]_CO[3])
                                                      0.533    16.609 r  U5/digit3_reg[3]_i_117/CO[3]
                         net (fo=1, routed)           0.000    16.609    U5/digit3_reg[3]_i_117_n_0
    SLICE_X34Y47         CARRY4 (Prop_carry4_CI_O[0])
                                                      0.219    16.828 r  U5/digit3_reg[3]_i_106/O[0]
                         net (fo=2, routed)           0.625    17.453    U5/digit3_reg[3]_i_106_n_7
    SLICE_X35Y47         LUT3 (Prop_lut3_I2_O)        0.321    17.774 r  U5/digit3[3]_i_53/O
                         net (fo=2, routed)           0.666    18.440    U5/digit3[3]_i_53_n_0
    SLICE_X35Y47         LUT4 (Prop_lut4_I3_O)        0.326    18.766 r  U5/digit3[3]_i_57/O
                         net (fo=1, routed)           0.000    18.766    U5/digit3[3]_i_57_n_0
    SLICE_X35Y47         CARRY4 (Prop_carry4_S[1]_O[2])
                                                      0.580    19.346 r  U5/digit3_reg[3]_i_24/O[2]
                         net (fo=3, routed)           1.172    20.518    U5/digit3_reg[3]_i_24_n_5
    SLICE_X33Y48         LUT2 (Prop_lut2_I0_O)        0.302    20.820 r  U5/digit3[3]_i_47/O
                         net (fo=1, routed)           0.000    20.820    U5/digit3[3]_i_47_n_0
    SLICE_X33Y48         CARRY4 (Prop_carry4_S[1]_CO[3])
                                                      0.550    21.370 r  U5/digit3_reg[3]_i_22/CO[3]
                         net (fo=1, routed)           0.000    21.370    U5/digit3_reg[3]_i_22_n_0
    SLICE_X33Y49         CARRY4 (Prop_carry4_CI_O[1])
                                                      0.334    21.704 r  U5/digit3_reg[3]_i_9/O[1]
                         net (fo=3, routed)           0.821    22.525    U5/digit3_reg[3]_i_9_n_6
    SLICE_X32Y49         LUT3 (Prop_lut3_I2_O)        0.303    22.828 r  U5/digit3[3]_i_28/O
                         net (fo=1, routed)           0.000    22.828    U5/digit3[3]_i_28_n_0
    SLICE_X32Y49         CARRY4 (Prop_carry4_S[1]_CO[1])
                                                      0.491    23.319 r  U5/digit3_reg[3]_i_11/CO[1]
                         net (fo=2, routed)           0.943    24.262    U5/digit3_reg[3]_i_11_n_2
    SLICE_X31Y42         LUT6 (Prop_lut6_I4_O)        0.329    24.591 r  U5/digit3[3]_i_6/O
                         net (fo=1, routed)           0.653    25.244    U5/digit3[3]_i_6_n_0
    SLICE_X30Y42         LUT5 (Prop_lut5_I1_O)        0.124    25.368 r  U5/digit3[3]_i_4/O
                         net (fo=1, routed)           0.656    26.024    U5/digit3[3]_i_4_n_0
    SLICE_X31Y42         LUT6 (Prop_lut6_I4_O)        0.124    26.148 r  U5/digit3[3]_i_2/O
                         net (fo=1, routed)           0.000    26.148    U5/digit3[3]_i_2_n_0
    SLICE_X31Y42         FDCE                                         r  U5/digit3_reg[3]/D
  -------------------------------------------------------------------    -------------------

Slack:                    inf
  Source:                 U5/A_reg[1]/C
                            (rising edge-triggered cell FDCE)
  Destination:            U5/digit2_reg[2]/D
  Path Group:             (none)
  Path Type:              Max at Slow Process Corner
  Data Path Delay:        22.858ns  (logic 6.412ns (28.051%)  route 16.446ns (71.949%))
  Logic Levels:           22  (CARRY4=8 FDCE=1 LUT2=3 LUT3=3 LUT4=3 LUT5=1 LUT6=3)

    Location             Delay type                Incr(ns)  Path(ns)    Netlist Resource(s)
  -------------------------------------------------------------------    -------------------
    SLICE_X30Y44         FDCE                         0.000     0.000 r  U5/A_reg[1]/C
    SLICE_X30Y44         FDCE (Prop_fdce_C_Q)         0.518     0.518 r  U5/A_reg[1]/Q
                         net (fo=85, routed)          2.781     3.299    U5/A_reg_n_0_[1]
    SLICE_X32Y37         LUT6 (Prop_lut6_I3_O)        0.124     3.423 r  U5/digit2[0]_i_34/O
                         net (fo=29, routed)          1.716     5.139    U5/digit2[0]_i_34_n_0
    SLICE_X36Y37         LUT3 (Prop_lut3_I0_O)        0.150     5.289 r  U5/digit2[0]_i_35/O
                         net (fo=68, routed)          2.743     8.032    U5/digit2[0]_i_35_n_0
    SLICE_X39Y39         LUT2 (Prop_lut2_I1_O)        0.326     8.358 r  U5/digit2[0]_i_252/O
                         net (fo=1, routed)           0.000     8.358    U5/digit2[0]_i_252_n_0
    SLICE_X39Y39         CARRY4 (Prop_carry4_S[1]_CO[3])
                                                      0.550     8.908 f  U5/digit2_reg[0]_i_200/CO[3]
                         net (fo=17, routed)          1.361    10.270    U5/digit2_reg[0]_i_200_n_0
    SLICE_X38Y41         LUT3 (Prop_lut3_I0_O)        0.156    10.426 r  U5/digit2[0]_i_134/O
                         net (fo=20, routed)          1.064    11.489    U5/digit2[0]_i_134_n_0
    SLICE_X38Y39         LUT4 (Prop_lut4_I0_O)        0.355    11.844 r  U5/digit2[0]_i_240/O
                         net (fo=1, routed)           0.000    11.844    U5/digit2[0]_i_240_n_0
    SLICE_X38Y39         CARRY4 (Prop_carry4_S[3]_CO[3])
                                                      0.376    12.220 r  U5/digit2_reg[0]_i_185/CO[3]
                         net (fo=1, routed)           0.000    12.220    U5/digit2_reg[0]_i_185_n_0
    SLICE_X38Y40         CARRY4 (Prop_carry4_CI_CO[3])
                                                      0.117    12.337 r  U5/digit2_reg[0]_i_124/CO[3]
                         net (fo=1, routed)           0.000    12.337    U5/digit2_reg[0]_i_124_n_0
    SLICE_X38Y41         CARRY4 (Prop_carry4_CI_O[0])
                                                      0.219    12.556 r  U5/digit2_reg[0]_i_83/O[0]
                         net (fo=2, routed)           0.948    13.504    U5/digit2_reg[0]_i_83_n_7
    SLICE_X41Y41         LUT3 (Prop_lut3_I2_O)        0.323    13.827 r  U5/digit2[0]_i_74/O
                         net (fo=2, routed)           0.859    14.686    U5/digit2[0]_i_74_n_0
    SLICE_X41Y41         LUT4 (Prop_lut4_I3_O)        0.326    15.012 r  U5/digit2[0]_i_78/O
                         net (fo=1, routed)           0.000    15.012    U5/digit2[0]_i_78_n_0
    SLICE_X41Y41         CARRY4 (Prop_carry4_S[1]_CO[3])
                                                      0.550    15.562 r  U5/digit2_reg[0]_i_50/CO[3]
                         net (fo=1, routed)           0.000    15.562    U5/digit2_reg[0]_i_50_n_0
    SLICE_X41Y42         CARRY4 (Prop_carry4_CI_O[0])
                                                      0.223    15.785 r  U5/digit2_reg[0]_i_37/O[0]
                         net (fo=2, routed)           0.960    16.746    U5/digit2_reg[0]_i_37_n_7
    SLICE_X41Y44         LUT2 (Prop_lut2_I1_O)        0.299    17.045 r  U5/digit2[0]_i_49/O
                         net (fo=1, routed)           0.000    17.045    U5/digit2[0]_i_49_n_0
    SLICE_X41Y44         CARRY4 (Prop_carry4_S[1]_O[2])
                                                      0.580    17.625 r  U5/digit2_reg[0]_i_36/O[2]
                         net (fo=1, routed)           0.651    18.276    U5/digit2_reg[0]_i_36_n_5
    SLICE_X40Y45         LUT2 (Prop_lut2_I0_O)        0.302    18.578 r  U5/digit2[3]_i_42/O
                         net (fo=1, routed)           0.000    18.578    U5/digit2[3]_i_42_n_0
    SLICE_X40Y45         CARRY4 (Prop_carry4_S[0]_O[0])
                                                      0.247    18.825 r  U5/digit2_reg[3]_i_37/O[0]
                         net (fo=3, routed)           0.819    19.644    U5/digit2_reg[3]_i_37_n_7
    SLICE_X41Y43         LUT4 (Prop_lut4_I0_O)        0.299    19.943 f  U5/digit2[2]_i_9/O
                         net (fo=1, routed)           0.812    20.755    U5/digit2[2]_i_9_n_0
    SLICE_X38Y43         LUT6 (Prop_lut6_I5_O)        0.124    20.879 f  U5/digit2[2]_i_7/O
                         net (fo=1, routed)           0.908    21.788    U5/digit2[2]_i_7_n_0
    SLICE_X30Y41         LUT6 (Prop_lut6_I4_O)        0.124    21.912 f  U5/digit2[2]_i_2/O
                         net (fo=1, routed)           0.823    22.734    U5/digit2[2]_i_2_n_0
    SLICE_X28Y41         LUT5 (Prop_lut5_I2_O)        0.124    22.858 r  U5/digit2[2]_i_1/O
                         net (fo=1, routed)           0.000    22.858    U5/digit2[2]_i_1_n_0
    SLICE_X28Y41         FDCE                                         r  U5/digit2_reg[2]/D
  -------------------------------------------------------------------    -------------------

Slack:                    inf
  Source:                 U5/A_reg[1]/C
                            (rising edge-triggered cell FDCE)
  Destination:            U5/digit2_reg[3]/D
  Path Group:             (none)
  Path Type:              Max at Slow Process Corner
  Data Path Delay:        22.518ns  (logic 6.642ns (29.496%)  route 15.876ns (70.504%))
  Logic Levels:           22  (CARRY4=8 FDCE=1 LUT2=3 LUT3=3 LUT4=4 LUT6=3)

    Location             Delay type                Incr(ns)  Path(ns)    Netlist Resource(s)
  -------------------------------------------------------------------    -------------------
    SLICE_X30Y44         FDCE                         0.000     0.000 r  U5/A_reg[1]/C
    SLICE_X30Y44         FDCE (Prop_fdce_C_Q)         0.518     0.518 r  U5/A_reg[1]/Q
                         net (fo=85, routed)          2.781     3.299    U5/A_reg_n_0_[1]
    SLICE_X32Y37         LUT6 (Prop_lut6_I3_O)        0.124     3.423 r  U5/digit2[0]_i_34/O
                         net (fo=29, routed)          1.716     5.139    U5/digit2[0]_i_34_n_0
    SLICE_X36Y37         LUT3 (Prop_lut3_I0_O)        0.150     5.289 r  U5/digit2[0]_i_35/O
                         net (fo=68, routed)          2.743     8.032    U5/digit2[0]_i_35_n_0
    SLICE_X39Y39         LUT2 (Prop_lut2_I1_O)        0.326     8.358 r  U5/digit2[0]_i_252/O
                         net (fo=1, routed)           0.000     8.358    U5/digit2[0]_i_252_n_0
    SLICE_X39Y39         CARRY4 (Prop_carry4_S[1]_CO[3])
                                                      0.550     8.908 f  U5/digit2_reg[0]_i_200/CO[3]
                         net (fo=17, routed)          1.361    10.270    U5/digit2_reg[0]_i_200_n_0
    SLICE_X38Y41         LUT3 (Prop_lut3_I0_O)        0.156    10.426 r  U5/digit2[0]_i_134/O
                         net (fo=20, routed)          1.064    11.489    U5/digit2[0]_i_134_n_0
    SLICE_X38Y39         LUT4 (Prop_lut4_I0_O)        0.355    11.844 r  U5/digit2[0]_i_240/O
                         net (fo=1, routed)           0.000    11.844    U5/digit2[0]_i_240_n_0
    SLICE_X38Y39         CARRY4 (Prop_carry4_S[3]_CO[3])
                                                      0.376    12.220 r  U5/digit2_reg[0]_i_185/CO[3]
                         net (fo=1, routed)           0.000    12.220    U5/digit2_reg[0]_i_185_n_0
    SLICE_X38Y40         CARRY4 (Prop_carry4_CI_CO[3])
                                                      0.117    12.337 r  U5/digit2_reg[0]_i_124/CO[3]
                         net (fo=1, routed)           0.000    12.337    U5/digit2_reg[0]_i_124_n_0
    SLICE_X38Y41         CARRY4 (Prop_carry4_CI_O[0])
                                                      0.219    12.556 r  U5/digit2_reg[0]_i_83/O[0]
                         net (fo=2, routed)           0.948    13.504    U5/digit2_reg[0]_i_83_n_7
    SLICE_X41Y41         LUT3 (Prop_lut3_I2_O)        0.323    13.827 r  U5/digit2[0]_i_74/O
                         net (fo=2, routed)           0.859    14.686    U5/digit2[0]_i_74_n_0
    SLICE_X41Y41         LUT4 (Prop_lut4_I3_O)        0.326    15.012 r  U5/digit2[0]_i_78/O
                         net (fo=1, routed)           0.000    15.012    U5/digit2[0]_i_78_n_0
    SLICE_X41Y41         CARRY4 (Prop_carry4_S[1]_CO[3])
                                                      0.550    15.562 r  U5/digit2_reg[0]_i_50/CO[3]
                         net (fo=1, routed)           0.000    15.562    U5/digit2_reg[0]_i_50_n_0
    SLICE_X41Y42         CARRY4 (Prop_carry4_CI_O[0])
                                                      0.223    15.785 r  U5/digit2_reg[0]_i_37/O[0]
                         net (fo=2, routed)           0.960    16.746    U5/digit2_reg[0]_i_37_n_7
    SLICE_X41Y44         LUT2 (Prop_lut2_I1_O)        0.299    17.045 r  U5/digit2[0]_i_49/O
                         net (fo=1, routed)           0.000    17.045    U5/digit2[0]_i_49_n_0
    SLICE_X41Y44         CARRY4 (Prop_carry4_S[1]_O[2])
                                                      0.580    17.625 r  U5/digit2_reg[0]_i_36/O[2]
                         net (fo=1, routed)           0.651    18.276    U5/digit2_reg[0]_i_36_n_5
    SLICE_X40Y45         LUT2 (Prop_lut2_I0_O)        0.302    18.578 r  U5/digit2[3]_i_42/O
                         net (fo=1, routed)           0.000    18.578    U5/digit2[3]_i_42_n_0
    SLICE_X40Y45         CARRY4 (Prop_carry4_S[0]_O[0])
                                                      0.247    18.825 r  U5/digit2_reg[3]_i_37/O[0]
                         net (fo=3, routed)           0.819    19.644    U5/digit2_reg[3]_i_37_n_7
    SLICE_X41Y43         LUT4 (Prop_lut4_I3_O)        0.327    19.971 r  U5/digit2[3]_i_26/O
                         net (fo=1, routed)           0.603    20.575    U5/digit2[3]_i_26_n_0
    SLICE_X38Y43         LUT6 (Prop_lut6_I5_O)        0.326    20.901 r  U5/digit2[3]_i_14/O
                         net (fo=1, routed)           0.722    21.623    U5/digit2[3]_i_14_n_0
    SLICE_X31Y40         LUT6 (Prop_lut6_I3_O)        0.124    21.747 r  U5/digit2[3]_i_5/O
                         net (fo=1, routed)           0.647    22.394    U5/digit2[3]_i_5_n_0
    SLICE_X28Y41         LUT4 (Prop_lut4_I2_O)        0.124    22.518 r  U5/digit2[3]_i_2/O
                         net (fo=1, routed)           0.000    22.518    U5/digit2[3]_i_2_n_0
    SLICE_X28Y41         FDCE                                         r  U5/digit2_reg[3]/D
  -------------------------------------------------------------------    -------------------

Slack:                    inf
  Source:                 U5/A_reg[1]/C
                            (rising edge-triggered cell FDCE)
  Destination:            U5/digit2_reg[1]/D
  Path Group:             (none)
  Path Type:              Max at Slow Process Corner
  Data Path Delay:        21.703ns  (logic 6.571ns (30.277%)  route 15.132ns (69.723%))
  Logic Levels:           21  (CARRY4=8 FDCE=1 LUT2=2 LUT3=3 LUT4=3 LUT5=1 LUT6=2 MUXF7=1)

    Location             Delay type                Incr(ns)  Path(ns)    Netlist Resource(s)
  -------------------------------------------------------------------    -------------------
    SLICE_X30Y44         FDCE                         0.000     0.000 r  U5/A_reg[1]/C
    SLICE_X30Y44         FDCE (Prop_fdce_C_Q)         0.518     0.518 r  U5/A_reg[1]/Q
                         net (fo=85, routed)          2.781     3.299    U5/A_reg_n_0_[1]
    SLICE_X32Y37         LUT6 (Prop_lut6_I3_O)        0.124     3.423 r  U5/digit2[0]_i_34/O
                         net (fo=29, routed)          1.716     5.139    U5/digit2[0]_i_34_n_0
    SLICE_X36Y37         LUT3 (Prop_lut3_I0_O)        0.150     5.289 r  U5/digit2[0]_i_35/O
                         net (fo=68, routed)          2.743     8.032    U5/digit2[0]_i_35_n_0
    SLICE_X39Y39         LUT2 (Prop_lut2_I1_O)        0.326     8.358 r  U5/digit2[0]_i_252/O
                         net (fo=1, routed)           0.000     8.358    U5/digit2[0]_i_252_n_0
    SLICE_X39Y39         CARRY4 (Prop_carry4_S[1]_CO[3])
                                                      0.550     8.908 f  U5/digit2_reg[0]_i_200/CO[3]
                         net (fo=17, routed)          1.361    10.270    U5/digit2_reg[0]_i_200_n_0
    SLICE_X38Y41         LUT3 (Prop_lut3_I0_O)        0.156    10.426 r  U5/digit2[0]_i_134/O
                         net (fo=20, routed)          1.064    11.489    U5/digit2[0]_i_134_n_0
    SLICE_X38Y39         LUT4 (Prop_lut4_I0_O)        0.355    11.844 r  U5/digit2[0]_i_240/O
                         net (fo=1, routed)           0.000    11.844    U5/digit2[0]_i_240_n_0
    SLICE_X38Y39         CARRY4 (Prop_carry4_S[3]_CO[3])
                                                      0.376    12.220 r  U5/digit2_reg[0]_i_185/CO[3]
                         net (fo=1, routed)           0.000    12.220    U5/digit2_reg[0]_i_185_n_0
    SLICE_X38Y40         CARRY4 (Prop_carry4_CI_CO[3])
                                                      0.117    12.337 r  U5/digit2_reg[0]_i_124/CO[3]
                         net (fo=1, routed)           0.000    12.337    U5/digit2_reg[0]_i_124_n_0
    SLICE_X38Y41         CARRY4 (Prop_carry4_CI_O[0])
                                                      0.219    12.556 r  U5/digit2_reg[0]_i_83/O[0]
                         net (fo=2, routed)           0.948    13.504    U5/digit2_reg[0]_i_83_n_7
    SLICE_X41Y41         LUT3 (Prop_lut3_I2_O)        0.323    13.827 r  U5/digit2[0]_i_74/O
                         net (fo=2, routed)           0.859    14.686    U5/digit2[0]_i_74_n_0
    SLICE_X41Y41         LUT4 (Prop_lut4_I3_O)        0.326    15.012 r  U5/digit2[0]_i_78/O
                         net (fo=1, routed)           0.000    15.012    U5/digit2[0]_i_78_n_0
    SLICE_X41Y41         CARRY4 (Prop_carry4_S[1]_CO[3])
                                                      0.550    15.562 r  U5/digit2_reg[0]_i_50/CO[3]
                         net (fo=1, routed)           0.000    15.562    U5/digit2_reg[0]_i_50_n_0
    SLICE_X41Y42         CARRY4 (Prop_carry4_CI_O[1])
                                                      0.334    15.896 r  U5/digit2_reg[0]_i_37/O[1]
                         net (fo=2, routed)           0.583    16.479    U5/digit2_reg[0]_i_37_n_6
    SLICE_X41Y44         CARRY4 (Prop_carry4_S[0]_O[0])
                                                      0.550    17.029 r  U5/digit2_reg[0]_i_36/O[0]
                         net (fo=1, routed)           0.667    17.696    U5/digit2_reg[0]_i_36_n_7
    SLICE_X40Y44         LUT2 (Prop_lut2_I1_O)        0.299    17.995 r  U5/digit2[0]_i_28/O
                         net (fo=1, routed)           0.000    17.995    U5/digit2[0]_i_28_n_0
    SLICE_X40Y44         CARRY4 (Prop_carry4_S[2]_O[3])
                                                      0.352    18.347 f  U5/digit2_reg[0]_i_10/O[3]
                         net (fo=3, routed)           0.811    19.158    U5/digit2_reg[0]_i_10_n_4
    SLICE_X41Y43         LUT4 (Prop_lut4_I3_O)        0.306    19.464 r  U5/digit2[1]_i_13/O
                         net (fo=1, routed)           0.811    20.275    U5/digit2[1]_i_13_n_0
    SLICE_X37Y43         LUT5 (Prop_lut5_I4_O)        0.124    20.399 f  U5/digit2[1]_i_7/O
                         net (fo=1, routed)           0.000    20.399    U5/digit2[1]_i_7_n_0
    SLICE_X37Y43         MUXF7 (Prop_muxf7_I1_O)      0.217    20.616 f  U5/digit2_reg[1]_i_3/O
                         net (fo=1, routed)           0.787    21.404    U5/digit2_reg[1]_i_3_n_0
    SLICE_X28Y42         LUT6 (Prop_lut6_I4_O)        0.299    21.703 r  U5/digit2[1]_i_1/O
                         net (fo=1, routed)           0.000    21.703    U5/digit2[1]_i_1_n_0
    SLICE_X28Y42         FDCE                                         r  U5/digit2_reg[1]/D
  -------------------------------------------------------------------    -------------------

Slack:                    inf
  Source:                 reset
                            (input port)
  Destination:            fnd[4]
                            (output port)
  Path Group:             (none)
  Path Type:              Max at Slow Process Corner
  Data Path Delay:        11.561ns  (logic 5.325ns (46.058%)  route 6.236ns (53.942%))
  Logic Levels:           3  (IBUF=1 LUT5=1 OBUF=1)

    Location             Delay type                Incr(ns)  Path(ns)    Netlist Resource(s)
  -------------------------------------------------------------------    -------------------
    V17                                               0.000     0.000 f  reset (IN)
                         net (fo=0)                   0.000     0.000    reset
    V17                  IBUF (Prop_ibuf_I_O)         1.453     1.453 f  reset_IBUF_inst/O
                         net (fo=9, routed)           2.698     4.150    U5/reset_IBUF
    SLICE_X29Y40         LUT5 (Prop_lut5_I0_O)        0.150     4.300 r  U5/fnd_OBUF[4]_inst_i_1/O
                         net (fo=1, routed)           3.538     7.839    fnd_OBUF[4]
    U5                   OBUF (Prop_obuf_I_O)         3.722    11.561 r  fnd_OBUF[4]_inst/O
                         net (fo=0)                   0.000    11.561    fnd[4]
    U5                                                                r  fnd[4] (OUT)
  -------------------------------------------------------------------    -------------------

Slack:                    inf
  Source:                 reset
                            (input port)
  Destination:            fnd[6]
                            (output port)
  Path Group:             (none)
  Path Type:              Max at Slow Process Corner
  Data Path Delay:        11.552ns  (logic 5.307ns (45.945%)  route 6.244ns (54.055%))
  Logic Levels:           3  (IBUF=1 LUT5=1 OBUF=1)

    Location             Delay type                Incr(ns)  Path(ns)    Netlist Resource(s)
  -------------------------------------------------------------------    -------------------
    V17                                               0.000     0.000 f  reset (IN)
                         net (fo=0)                   0.000     0.000    reset
    V17                  IBUF (Prop_ibuf_I_O)         1.453     1.453 f  reset_IBUF_inst/O
                         net (fo=9, routed)           2.617     4.070    U5/reset_IBUF
    SLICE_X29Y40         LUT5 (Prop_lut5_I0_O)        0.120     4.190 r  U5/fnd_OBUF[6]_inst_i_1/O
                         net (fo=1, routed)           3.628     7.817    fnd_OBUF[6]
    U7                   OBUF (Prop_obuf_I_O)         3.734    11.552 r  fnd_OBUF[6]_inst/O
                         net (fo=0)                   0.000    11.552    fnd[6]
    U7                                                                r  fnd[6] (OUT)
  -------------------------------------------------------------------    -------------------

Slack:                    inf
  Source:                 reset
                            (input port)
  Destination:            fnd[5]
                            (output port)
  Path Group:             (none)
  Path Type:              Max at Slow Process Corner
  Data Path Delay:        11.298ns  (logic 5.081ns (44.975%)  route 6.217ns (55.025%))
  Logic Levels:           3  (IBUF=1 LUT5=1 OBUF=1)

    Location             Delay type                Incr(ns)  Path(ns)    Netlist Resource(s)
  -------------------------------------------------------------------    -------------------
    V17                                               0.000     0.000 f  reset (IN)
                         net (fo=0)                   0.000     0.000    reset
    V17                  IBUF (Prop_ibuf_I_O)         1.453     1.453 f  reset_IBUF_inst/O
                         net (fo=9, routed)           2.617     4.070    U5/reset_IBUF
    SLICE_X29Y40         LUT5 (Prop_lut5_I0_O)        0.124     4.194 r  U5/fnd_OBUF[5]_inst_i_1/O
                         net (fo=1, routed)           3.600     7.793    fnd_OBUF[5]
    V5                   OBUF (Prop_obuf_I_O)         3.504    11.298 r  fnd_OBUF[5]_inst/O
                         net (fo=0)                   0.000    11.298    fnd[5]
    V5                                                                r  fnd[5] (OUT)
  -------------------------------------------------------------------    -------------------





Min Delay Paths
--------------------------------------------------------------------------------------
Slack:                    inf
  Source:                 keypad/FSM_onehot_next_state_reg[0]/C
                            (rising edge-triggered cell FDPE)
  Destination:            keypad/FSM_onehot_state_reg[0]/D
  Path Group:             (none)
  Path Type:              Min at Fast Process Corner
  Data Path Delay:        0.219ns  (logic 0.141ns (64.281%)  route 0.078ns (35.719%))
  Logic Levels:           1  (FDPE=1)

    Location             Delay type                Incr(ns)  Path(ns)    Netlist Resource(s)
  -------------------------------------------------------------------    -------------------
    SLICE_X28Y51         FDPE                         0.000     0.000 r  keypad/FSM_onehot_next_state_reg[0]/C
    SLICE_X28Y51         FDPE (Prop_fdpe_C_Q)         0.141     0.141 r  keypad/FSM_onehot_next_state_reg[0]/Q
                         net (fo=3, routed)           0.078     0.219    keypad/FSM_onehot_next_state_reg_n_0_[0]
    SLICE_X29Y51         FDPE                                         r  keypad/FSM_onehot_state_reg[0]/D
  -------------------------------------------------------------------    -------------------

Slack:                    inf
  Source:                 keypad/FSM_onehot_state_reg[3]/C
                            (rising edge-triggered cell FDCE)
  Destination:            keypad/FSM_onehot_next_state_reg[4]/D
  Path Group:             (none)
  Path Type:              Min at Fast Process Corner
  Data Path Delay:        0.255ns  (logic 0.186ns (73.059%)  route 0.069ns (26.941%))
  Logic Levels:           2  (FDCE=1 LUT5=1)

    Location             Delay type                Incr(ns)  Path(ns)    Netlist Resource(s)
  -------------------------------------------------------------------    -------------------
    SLICE_X29Y51         FDCE                         0.000     0.000 r  keypad/FSM_onehot_state_reg[3]/C
    SLICE_X29Y51         FDCE (Prop_fdce_C_Q)         0.141     0.141 r  keypad/FSM_onehot_state_reg[3]/Q
                         net (fo=2, routed)           0.069     0.210    keypad/FSM_onehot_state_reg_n_0_[3]
    SLICE_X28Y51         LUT5 (Prop_lut5_I0_O)        0.045     0.255 r  keypad/FSM_onehot_next_state[4]_i_1/O
                         net (fo=1, routed)           0.000     0.255    keypad/FSM_onehot_next_state[4]_i_1_n_0
    SLICE_X28Y51         FDCE                                         r  keypad/FSM_onehot_next_state_reg[4]/D
  -------------------------------------------------------------------    -------------------

Slack:                    inf
  Source:                 keypad/FSM_onehot_state_reg[1]/C
                            (rising edge-triggered cell FDCE)
  Destination:            keypad/FSM_onehot_next_state_reg[5]/D
  Path Group:             (none)
  Path Type:              Min at Fast Process Corner
  Data Path Delay:        0.258ns  (logic 0.186ns (72.200%)  route 0.072ns (27.800%))
  Logic Levels:           2  (FDCE=1 LUT6=1)

    Location             Delay type                Incr(ns)  Path(ns)    Netlist Resource(s)
  -------------------------------------------------------------------    -------------------
    SLICE_X29Y51         FDCE                         0.000     0.000 r  keypad/FSM_onehot_state_reg[1]/C
    SLICE_X29Y51         FDCE (Prop_fdce_C_Q)         0.141     0.141 r  keypad/FSM_onehot_state_reg[1]/Q
                         net (fo=2, routed)           0.072     0.213    keypad/FSM_onehot_state_reg_n_0_[1]
    SLICE_X28Y51         LUT6 (Prop_lut6_I3_O)        0.045     0.258 r  keypad/FSM_onehot_next_state[5]_i_1/O
                         net (fo=1, routed)           0.000     0.258    keypad/FSM_onehot_next_state[5]_i_1_n_0
    SLICE_X28Y51         FDCE                                         r  keypad/FSM_onehot_next_state_reg[5]/D
  -------------------------------------------------------------------    -------------------

Slack:                    inf
  Source:                 keypad/FSM_onehot_next_state_reg[3]/C
                            (rising edge-triggered cell FDCE)
  Destination:            keypad/FSM_onehot_state_reg[3]/D
  Path Group:             (none)
  Path Type:              Min at Fast Process Corner
  Data Path Delay:        0.269ns  (logic 0.141ns (52.459%)  route 0.128ns (47.541%))
  Logic Levels:           1  (FDCE=1)

    Location             Delay type                Incr(ns)  Path(ns)    Netlist Resource(s)
  -------------------------------------------------------------------    -------------------
    SLICE_X28Y52         FDCE                         0.000     0.000 r  keypad/FSM_onehot_next_state_reg[3]/C
    SLICE_X28Y52         FDCE (Prop_fdce_C_Q)         0.141     0.141 r  keypad/FSM_onehot_next_state_reg[3]/Q
                         net (fo=5, routed)           0.128     0.269    keypad/FSM_onehot_next_state_reg_n_0_[3]
    SLICE_X29Y51         FDCE                                         r  keypad/FSM_onehot_state_reg[3]/D
  -------------------------------------------------------------------    -------------------

Slack:                    inf
  Source:                 keypad/FSM_onehot_next_state_reg[2]/C
                            (rising edge-triggered cell FDCE)
  Destination:            keypad/FSM_onehot_state_reg[2]/D
  Path Group:             (none)
  Path Type:              Min at Fast Process Corner
  Data Path Delay:        0.271ns  (logic 0.141ns (51.993%)  route 0.130ns (48.007%))
  Logic Levels:           1  (FDCE=1)

    Location             Delay type                Incr(ns)  Path(ns)    Netlist Resource(s)
  -------------------------------------------------------------------    -------------------
    SLICE_X28Y52         FDCE                         0.000     0.000 r  keypad/FSM_onehot_next_state_reg[2]/C
    SLICE_X28Y52         FDCE (Prop_fdce_C_Q)         0.141     0.141 r  keypad/FSM_onehot_next_state_reg[2]/Q
                         net (fo=5, routed)           0.130     0.271    keypad/FSM_onehot_next_state_reg_n_0_[2]
    SLICE_X29Y52         FDCE                                         r  keypad/FSM_onehot_state_reg[2]/D
  -------------------------------------------------------------------    -------------------

Slack:                    inf
  Source:                 keypad/FSM_onehot_next_state_reg[4]/C
                            (rising edge-triggered cell FDCE)
  Destination:            keypad/FSM_onehot_state_reg[4]/D
  Path Group:             (none)
  Path Type:              Min at Fast Process Corner
  Data Path Delay:        0.276ns  (logic 0.141ns (51.112%)  route 0.135ns (48.888%))
  Logic Levels:           1  (FDCE=1)

    Location             Delay type                Incr(ns)  Path(ns)    Netlist Resource(s)
  -------------------------------------------------------------------    -------------------
    SLICE_X28Y51         FDCE                         0.000     0.000 r  keypad/FSM_onehot_next_state_reg[4]/C
    SLICE_X28Y51         FDCE (Prop_fdce_C_Q)         0.141     0.141 r  keypad/FSM_onehot_next_state_reg[4]/Q
                         net (fo=5, routed)           0.135     0.276    keypad/FSM_onehot_next_state_reg_n_0_[4]
    SLICE_X29Y51         FDCE                                         r  keypad/FSM_onehot_state_reg[4]/D
  -------------------------------------------------------------------    -------------------

Slack:                    inf
  Source:                 keypad/FSM_onehot_state_reg[0]/C
                            (rising edge-triggered cell FDPE)
  Destination:            keypad/FSM_onehot_next_state_reg[1]/D
  Path Group:             (none)
  Path Type:              Min at Fast Process Corner
  Data Path Delay:        0.294ns  (logic 0.186ns (63.272%)  route 0.108ns (36.728%))
  Logic Levels:           2  (FDPE=1 LUT5=1)

    Location             Delay type                Incr(ns)  Path(ns)    Netlist Resource(s)
  -------------------------------------------------------------------    -------------------
    SLICE_X29Y51         FDPE                         0.000     0.000 r  keypad/FSM_onehot_state_reg[0]/C
    SLICE_X29Y51         FDPE (Prop_fdpe_C_Q)         0.141     0.141 r  keypad/FSM_onehot_state_reg[0]/Q
                         net (fo=2, routed)           0.108     0.249    keypad/FSM_onehot_state_reg_n_0_[0]
    SLICE_X28Y51         LUT5 (Prop_lut5_I0_O)        0.045     0.294 r  keypad/FSM_onehot_next_state[1]_i_1/O
                         net (fo=1, routed)           0.000     0.294    keypad/FSM_onehot_next_state[1]_i_1_n_0
    SLICE_X28Y51         FDCE                                         r  keypad/FSM_onehot_next_state_reg[1]/D
  -------------------------------------------------------------------    -------------------

Slack:                    inf
  Source:                 keypad/FSM_onehot_state_reg[2]/C
                            (rising edge-triggered cell FDCE)
  Destination:            keypad/FSM_onehot_next_state_reg[3]/D
  Path Group:             (none)
  Path Type:              Min at Fast Process Corner
  Data Path Delay:        0.295ns  (logic 0.186ns (63.050%)  route 0.109ns (36.950%))
  Logic Levels:           2  (FDCE=1 LUT5=1)

    Location             Delay type                Incr(ns)  Path(ns)    Netlist Resource(s)
  -------------------------------------------------------------------    -------------------
    SLICE_X29Y52         FDCE                         0.000     0.000 r  keypad/FSM_onehot_state_reg[2]/C
    SLICE_X29Y52         FDCE (Prop_fdce_C_Q)         0.141     0.141 r  keypad/FSM_onehot_state_reg[2]/Q
                         net (fo=2, routed)           0.109     0.250    keypad/FSM_onehot_state_reg_n_0_[2]
    SLICE_X28Y52         LUT5 (Prop_lut5_I0_O)        0.045     0.295 r  keypad/FSM_onehot_next_state[3]_i_1/O
                         net (fo=1, routed)           0.000     0.295    keypad/FSM_onehot_next_state[3]_i_1_n_0
    SLICE_X28Y52         FDCE                                         r  keypad/FSM_onehot_next_state_reg[3]/D
  -------------------------------------------------------------------    -------------------

Slack:                    inf
  Source:                 keypad/FSM_onehot_state_reg[4]/C
                            (rising edge-triggered cell FDCE)
  Destination:            keypad/FSM_onehot_next_state_reg[0]/D
  Path Group:             (none)
  Path Type:              Min at Fast Process Corner
  Data Path Delay:        0.296ns  (logic 0.186ns (62.877%)  route 0.110ns (37.123%))
  Logic Levels:           2  (FDCE=1 LUT4=1)

    Location             Delay type                Incr(ns)  Path(ns)    Netlist Resource(s)
  -------------------------------------------------------------------    -------------------
    SLICE_X29Y51         FDCE                         0.000     0.000 r  keypad/FSM_onehot_state_reg[4]/C
    SLICE_X29Y51         FDCE (Prop_fdce_C_Q)         0.141     0.141 r  keypad/FSM_onehot_state_reg[4]/Q
                         net (fo=2, routed)           0.110     0.251    keypad/FSM_onehot_state_reg_n_0_[4]
    SLICE_X28Y51         LUT4 (Prop_lut4_I0_O)        0.045     0.296 r  keypad/FSM_onehot_next_state[0]_i_1/O
                         net (fo=1, routed)           0.000     0.296    keypad/FSM_onehot_next_state[0]_i_1_n_0
    SLICE_X28Y51         FDPE                                         r  keypad/FSM_onehot_next_state_reg[0]/D
  -------------------------------------------------------------------    -------------------

Slack:                    inf
  Source:                 keypad/FSM_onehot_next_state_reg[5]/C
                            (rising edge-triggered cell FDCE)
  Destination:            keypad/FSM_onehot_state_reg[5]/D
  Path Group:             (none)
  Path Type:              Min at Fast Process Corner
  Data Path Delay:        0.301ns  (logic 0.141ns (46.828%)  route 0.160ns (53.172%))
  Logic Levels:           1  (FDCE=1)

    Location             Delay type                Incr(ns)  Path(ns)    Netlist Resource(s)
  -------------------------------------------------------------------    -------------------
    SLICE_X28Y51         FDCE                         0.000     0.000 r  keypad/FSM_onehot_next_state_reg[5]/C
    SLICE_X28Y51         FDCE (Prop_fdce_C_Q)         0.141     0.141 r  keypad/FSM_onehot_next_state_reg[5]/Q
                         net (fo=3, routed)           0.160     0.301    keypad/col_val
    SLICE_X29Y51         FDCE                                         r  keypad/FSM_onehot_state_reg[5]/D
  -------------------------------------------------------------------    -------------------





--------------------------------------------------------------------------------------
Path Group:  (none)
From Clock:  sys_clk_pin
  To Clock:  

Max Delay            64 Endpoints
Min Delay            64 Endpoints
--------------------------------------------------------------------------------------


Max Delay Paths
--------------------------------------------------------------------------------------
Slack:                    inf
  Source:                 keypad/key_value_reg[0]/C
                            (rising edge-triggered cell FDCE clocked by sys_clk_pin  {rise@0.000ns fall@5.000ns period=10.000ns})
  Destination:            U5/digit3_reg[3]/CE
  Path Group:             (none)
  Path Type:              Max at Slow Process Corner
  Data Path Delay:        4.878ns  (logic 0.980ns (20.091%)  route 3.898ns (79.909%))
  Logic Levels:           4  (LUT3=1 LUT4=2 LUT6=1)
  Clock Uncertainty:      0.025ns  ((TSJ^2 + TIJ^2)^1/2 + DJ) / 2 + PE
    Total System Jitter     (TSJ):    0.050ns
    Total Input Jitter      (TIJ):    0.000ns
    Discrete Jitter          (DJ):    0.000ns
    Phase Error              (PE):    0.000ns

    Location             Delay type                Incr(ns)  Path(ns)    Netlist Resource(s)
  -------------------------------------------------------------------    -------------------
                         (clock sys_clk_pin rise edge)
                                                      0.000     0.000 r  
    W5                                                0.000     0.000 r  clk (IN)
                         net (fo=0)                   0.000     0.000    clk
    W5                   IBUF (Prop_ibuf_I_O)         1.458     1.458 r  clk_IBUF_inst/O
                         net (fo=1, routed)           1.967     3.425    clk_IBUF
    BUFGCTRL_X0Y0        BUFG (Prop_bufg_I_O)         0.096     3.521 r  clk_IBUF_BUFG_inst/O
                         net (fo=58, routed)          1.566     5.087    keypad/key_value_reg[3]_4
    SLICE_X28Y46         FDCE                                         r  keypad/key_value_reg[0]/C
  -------------------------------------------------------------------    -------------------
    SLICE_X28Y46         FDCE (Prop_fdce_C_Q)         0.456     5.543 f  keypad/key_value_reg[0]/Q
                         net (fo=10, routed)          1.318     6.861    keypad/key_value_reg[3]_0[0]
    SLICE_X30Y43         LUT4 (Prop_lut4_I3_O)        0.124     6.985 f  keypad/countbit[3]_i_5/O
                         net (fo=5, routed)           0.619     7.604    U5/countbit_reg[3]_3
    SLICE_X28Y45         LUT4 (Prop_lut4_I0_O)        0.124     7.728 f  U5/digit2[3]_i_6/O
                         net (fo=1, routed)           0.302     8.030    U5/digit2[3]_i_6_n_0
    SLICE_X28Y44         LUT6 (Prop_lut6_I0_O)        0.124     8.154 r  U5/digit2[3]_i_3/O
                         net (fo=2, routed)           0.887     9.041    keypad/digit3_reg[3]
    SLICE_X29Y44         LUT3 (Prop_lut3_I1_O)        0.152     9.193 r  keypad/digit3[3]_i_1/O
                         net (fo=4, routed)           0.772     9.965    U5/digit3_reg[3]_2[0]
    SLICE_X31Y42         FDCE                                         r  U5/digit3_reg[3]/CE
  -------------------------------------------------------------------    -------------------

Slack:                    inf
  Source:                 keypad/key_value_reg[2]/C
                            (rising edge-triggered cell FDCE clocked by sys_clk_pin  {rise@0.000ns fall@5.000ns period=10.000ns})
  Destination:            U5/B_reg[0]/CE
  Path Group:             (none)
  Path Type:              Max at Slow Process Corner
  Data Path Delay:        4.808ns  (logic 1.080ns (22.464%)  route 3.728ns (77.536%))
  Logic Levels:           3  (LUT3=1 LUT4=1 LUT6=1)
  Clock Uncertainty:      0.025ns  ((TSJ^2 + TIJ^2)^1/2 + DJ) / 2 + PE
    Total System Jitter     (TSJ):    0.050ns
    Total Input Jitter      (TIJ):    0.000ns
    Discrete Jitter          (DJ):    0.000ns
    Phase Error              (PE):    0.000ns

    Location             Delay type                Incr(ns)  Path(ns)    Netlist Resource(s)
  -------------------------------------------------------------------    -------------------
                         (clock sys_clk_pin rise edge)
                                                      0.000     0.000 r  
    W5                                                0.000     0.000 r  clk (IN)
                         net (fo=0)                   0.000     0.000    clk
    W5                   IBUF (Prop_ibuf_I_O)         1.458     1.458 r  clk_IBUF_inst/O
                         net (fo=1, routed)           1.967     3.425    clk_IBUF
    BUFGCTRL_X0Y0        BUFG (Prop_bufg_I_O)         0.096     3.521 r  clk_IBUF_BUFG_inst/O
                         net (fo=58, routed)          1.566     5.087    keypad/key_value_reg[3]_4
    SLICE_X28Y46         FDCE                                         r  keypad/key_value_reg[2]/C
  -------------------------------------------------------------------    -------------------
    SLICE_X28Y46         FDCE (Prop_fdce_C_Q)         0.456     5.543 r  keypad/key_value_reg[2]/Q
                         net (fo=22, routed)          1.398     6.941    keypad/key_value_reg[3]_0[2]
    SLICE_X30Y43         LUT4 (Prop_lut4_I0_O)        0.152     7.093 r  keypad/countbit[3]_i_3/O
                         net (fo=5, routed)           0.975     8.068    U5/A_reg[0]_1
    SLICE_X29Y44         LUT6 (Prop_lut6_I5_O)        0.348     8.416 r  U5/B[3]_i_2/O
                         net (fo=1, routed)           0.433     8.849    U5/B[3]_i_2_n_0
    SLICE_X29Y44         LUT3 (Prop_lut3_I1_O)        0.124     8.973 r  U5/B[3]_i_1/O
                         net (fo=4, routed)           0.922     9.895    U5/B[3]_i_1_n_0
    SLICE_X30Y42         FDCE                                         r  U5/B_reg[0]/CE
  -------------------------------------------------------------------    -------------------

Slack:                    inf
  Source:                 keypad/key_value_reg[0]/C
                            (rising edge-triggered cell FDCE clocked by sys_clk_pin  {rise@0.000ns fall@5.000ns period=10.000ns})
  Destination:            U5/digit3_reg[0]/CE
  Path Group:             (none)
  Path Type:              Max at Slow Process Corner
  Data Path Delay:        4.640ns  (logic 0.980ns (21.119%)  route 3.660ns (78.881%))
  Logic Levels:           4  (LUT3=1 LUT4=2 LUT6=1)
  Clock Uncertainty:      0.025ns  ((TSJ^2 + TIJ^2)^1/2 + DJ) / 2 + PE
    Total System Jitter     (TSJ):    0.050ns
    Total Input Jitter      (TIJ):    0.000ns
    Discrete Jitter          (DJ):    0.000ns
    Phase Error              (PE):    0.000ns

    Location             Delay type                Incr(ns)  Path(ns)    Netlist Resource(s)
  -------------------------------------------------------------------    -------------------
                         (clock sys_clk_pin rise edge)
                                                      0.000     0.000 r  
    W5                                                0.000     0.000 r  clk (IN)
                         net (fo=0)                   0.000     0.000    clk
    W5                   IBUF (Prop_ibuf_I_O)         1.458     1.458 r  clk_IBUF_inst/O
                         net (fo=1, routed)           1.967     3.425    clk_IBUF
    BUFGCTRL_X0Y0        BUFG (Prop_bufg_I_O)         0.096     3.521 r  clk_IBUF_BUFG_inst/O
                         net (fo=58, routed)          1.566     5.087    keypad/key_value_reg[3]_4
    SLICE_X28Y46         FDCE                                         r  keypad/key_value_reg[0]/C
  -------------------------------------------------------------------    -------------------
    SLICE_X28Y46         FDCE (Prop_fdce_C_Q)         0.456     5.543 f  keypad/key_value_reg[0]/Q
                         net (fo=10, routed)          1.318     6.861    keypad/key_value_reg[3]_0[0]
    SLICE_X30Y43         LUT4 (Prop_lut4_I3_O)        0.124     6.985 f  keypad/countbit[3]_i_5/O
                         net (fo=5, routed)           0.619     7.604    U5/countbit_reg[3]_3
    SLICE_X28Y45         LUT4 (Prop_lut4_I0_O)        0.124     7.728 f  U5/digit2[3]_i_6/O
                         net (fo=1, routed)           0.302     8.030    U5/digit2[3]_i_6_n_0
    SLICE_X28Y44         LUT6 (Prop_lut6_I0_O)        0.124     8.154 r  U5/digit2[3]_i_3/O
                         net (fo=2, routed)           0.887     9.041    keypad/digit3_reg[3]
    SLICE_X29Y44         LUT3 (Prop_lut3_I1_O)        0.152     9.193 r  keypad/digit3[3]_i_1/O
                         net (fo=4, routed)           0.534     9.728    U5/digit3_reg[3]_2[0]
    SLICE_X29Y42         FDCE                                         r  U5/digit3_reg[0]/CE
  -------------------------------------------------------------------    -------------------

Slack:                    inf
  Source:                 keypad/key_value_reg[0]/C
                            (rising edge-triggered cell FDCE clocked by sys_clk_pin  {rise@0.000ns fall@5.000ns period=10.000ns})
  Destination:            U5/digit3_reg[1]/CE
  Path Group:             (none)
  Path Type:              Max at Slow Process Corner
  Data Path Delay:        4.640ns  (logic 0.980ns (21.119%)  route 3.660ns (78.881%))
  Logic Levels:           4  (LUT3=1 LUT4=2 LUT6=1)
  Clock Uncertainty:      0.025ns  ((TSJ^2 + TIJ^2)^1/2 + DJ) / 2 + PE
    Total System Jitter     (TSJ):    0.050ns
    Total Input Jitter      (TIJ):    0.000ns
    Discrete Jitter          (DJ):    0.000ns
    Phase Error              (PE):    0.000ns

    Location             Delay type                Incr(ns)  Path(ns)    Netlist Resource(s)
  -------------------------------------------------------------------    -------------------
                         (clock sys_clk_pin rise edge)
                                                      0.000     0.000 r  
    W5                                                0.000     0.000 r  clk (IN)
                         net (fo=0)                   0.000     0.000    clk
    W5                   IBUF (Prop_ibuf_I_O)         1.458     1.458 r  clk_IBUF_inst/O
                         net (fo=1, routed)           1.967     3.425    clk_IBUF
    BUFGCTRL_X0Y0        BUFG (Prop_bufg_I_O)         0.096     3.521 r  clk_IBUF_BUFG_inst/O
                         net (fo=58, routed)          1.566     5.087    keypad/key_value_reg[3]_4
    SLICE_X28Y46         FDCE                                         r  keypad/key_value_reg[0]/C
  -------------------------------------------------------------------    -------------------
    SLICE_X28Y46         FDCE (Prop_fdce_C_Q)         0.456     5.543 f  keypad/key_value_reg[0]/Q
                         net (fo=10, routed)          1.318     6.861    keypad/key_value_reg[3]_0[0]
    SLICE_X30Y43         LUT4 (Prop_lut4_I3_O)        0.124     6.985 f  keypad/countbit[3]_i_5/O
                         net (fo=5, routed)           0.619     7.604    U5/countbit_reg[3]_3
    SLICE_X28Y45         LUT4 (Prop_lut4_I0_O)        0.124     7.728 f  U5/digit2[3]_i_6/O
                         net (fo=1, routed)           0.302     8.030    U5/digit2[3]_i_6_n_0
    SLICE_X28Y44         LUT6 (Prop_lut6_I0_O)        0.124     8.154 r  U5/digit2[3]_i_3/O
                         net (fo=2, routed)           0.887     9.041    keypad/digit3_reg[3]
    SLICE_X29Y44         LUT3 (Prop_lut3_I1_O)        0.152     9.193 r  keypad/digit3[3]_i_1/O
                         net (fo=4, routed)           0.534     9.728    U5/digit3_reg[3]_2[0]
    SLICE_X29Y42         FDCE                                         r  U5/digit3_reg[1]/CE
  -------------------------------------------------------------------    -------------------

Slack:                    inf
  Source:                 keypad/key_value_reg[0]/C
                            (rising edge-triggered cell FDCE clocked by sys_clk_pin  {rise@0.000ns fall@5.000ns period=10.000ns})
  Destination:            U5/digit3_reg[2]/CE
  Path Group:             (none)
  Path Type:              Max at Slow Process Corner
  Data Path Delay:        4.640ns  (logic 0.980ns (21.119%)  route 3.660ns (78.881%))
  Logic Levels:           4  (LUT3=1 LUT4=2 LUT6=1)
  Clock Uncertainty:      0.025ns  ((TSJ^2 + TIJ^2)^1/2 + DJ) / 2 + PE
    Total System Jitter     (TSJ):    0.050ns
    Total Input Jitter      (TIJ):    0.000ns
    Discrete Jitter          (DJ):    0.000ns
    Phase Error              (PE):    0.000ns

    Location             Delay type                Incr(ns)  Path(ns)    Netlist Resource(s)
  -------------------------------------------------------------------    -------------------
                         (clock sys_clk_pin rise edge)
                                                      0.000     0.000 r  
    W5                                                0.000     0.000 r  clk (IN)
                         net (fo=0)                   0.000     0.000    clk
    W5                   IBUF (Prop_ibuf_I_O)         1.458     1.458 r  clk_IBUF_inst/O
                         net (fo=1, routed)           1.967     3.425    clk_IBUF
    BUFGCTRL_X0Y0        BUFG (Prop_bufg_I_O)         0.096     3.521 r  clk_IBUF_BUFG_inst/O
                         net (fo=58, routed)          1.566     5.087    keypad/key_value_reg[3]_4
    SLICE_X28Y46         FDCE                                         r  keypad/key_value_reg[0]/C
  -------------------------------------------------------------------    -------------------
    SLICE_X28Y46         FDCE (Prop_fdce_C_Q)         0.456     5.543 f  keypad/key_value_reg[0]/Q
                         net (fo=10, routed)          1.318     6.861    keypad/key_value_reg[3]_0[0]
    SLICE_X30Y43         LUT4 (Prop_lut4_I3_O)        0.124     6.985 f  keypad/countbit[3]_i_5/O
                         net (fo=5, routed)           0.619     7.604    U5/countbit_reg[3]_3
    SLICE_X28Y45         LUT4 (Prop_lut4_I0_O)        0.124     7.728 f  U5/digit2[3]_i_6/O
                         net (fo=1, routed)           0.302     8.030    U5/digit2[3]_i_6_n_0
    SLICE_X28Y44         LUT6 (Prop_lut6_I0_O)        0.124     8.154 r  U5/digit2[3]_i_3/O
                         net (fo=2, routed)           0.887     9.041    keypad/digit3_reg[3]
    SLICE_X29Y44         LUT3 (Prop_lut3_I1_O)        0.152     9.193 r  keypad/digit3[3]_i_1/O
                         net (fo=4, routed)           0.534     9.728    U5/digit3_reg[3]_2[0]
    SLICE_X29Y42         FDCE                                         r  U5/digit3_reg[2]/CE
  -------------------------------------------------------------------    -------------------

Slack:                    inf
  Source:                 keypad/key_value_reg[0]/C
                            (rising edge-triggered cell FDCE clocked by sys_clk_pin  {rise@0.000ns fall@5.000ns period=10.000ns})
  Destination:            U5/digit3_reg[1]/D
  Path Group:             (none)
  Path Type:              Max at Slow Process Corner
  Data Path Delay:        4.639ns  (logic 0.952ns (20.522%)  route 3.687ns (79.478%))
  Logic Levels:           4  (LUT4=2 LUT6=2)
  Clock Uncertainty:      0.025ns  ((TSJ^2 + TIJ^2)^1/2 + DJ) / 2 + PE
    Total System Jitter     (TSJ):    0.050ns
    Total Input Jitter      (TIJ):    0.000ns
    Discrete Jitter          (DJ):    0.000ns
    Phase Error              (PE):    0.000ns

    Location             Delay type                Incr(ns)  Path(ns)    Netlist Resource(s)
  -------------------------------------------------------------------    -------------------
                         (clock sys_clk_pin rise edge)
                                                      0.000     0.000 r  
    W5                                                0.000     0.000 r  clk (IN)
                         net (fo=0)                   0.000     0.000    clk
    W5                   IBUF (Prop_ibuf_I_O)         1.458     1.458 r  clk_IBUF_inst/O
                         net (fo=1, routed)           1.967     3.425    clk_IBUF
    BUFGCTRL_X0Y0        BUFG (Prop_bufg_I_O)         0.096     3.521 r  clk_IBUF_BUFG_inst/O
                         net (fo=58, routed)          1.566     5.087    keypad/key_value_reg[3]_4
    SLICE_X28Y46         FDCE                                         r  keypad/key_value_reg[0]/C
  -------------------------------------------------------------------    -------------------
    SLICE_X28Y46         FDCE (Prop_fdce_C_Q)         0.456     5.543 r  keypad/key_value_reg[0]/Q
                         net (fo=10, routed)          1.318     6.861    keypad/key_value_reg[3]_0[0]
    SLICE_X30Y43         LUT4 (Prop_lut4_I3_O)        0.124     6.985 r  keypad/countbit[3]_i_5/O
                         net (fo=5, routed)           0.687     7.672    U5/countbit_reg[3]_3
    SLICE_X30Y42         LUT4 (Prop_lut4_I3_O)        0.124     7.796 r  U5/digit3[3]_i_5/O
                         net (fo=3, routed)           0.851     8.647    U5/digit3[3]_i_5_n_0
    SLICE_X30Y41         LUT6 (Prop_lut6_I0_O)        0.124     8.771 r  U5/digit3[1]_i_3/O
                         net (fo=1, routed)           0.831     9.602    U5/digit3[1]_i_3_n_0
    SLICE_X29Y42         LUT6 (Prop_lut6_I4_O)        0.124     9.726 r  U5/digit3[1]_i_1/O
                         net (fo=1, routed)           0.000     9.726    U5/digit3[1]_i_1_n_0
    SLICE_X29Y42         FDCE                                         r  U5/digit3_reg[1]/D
  -------------------------------------------------------------------    -------------------

Slack:                    inf
  Source:                 keypad/key_value_reg[2]/C
                            (rising edge-triggered cell FDCE clocked by sys_clk_pin  {rise@0.000ns fall@5.000ns period=10.000ns})
  Destination:            U5/B_reg[1]/CE
  Path Group:             (none)
  Path Type:              Max at Slow Process Corner
  Data Path Delay:        4.506ns  (logic 1.080ns (23.969%)  route 3.426ns (76.031%))
  Logic Levels:           3  (LUT3=1 LUT4=1 LUT6=1)
  Clock Uncertainty:      0.025ns  ((TSJ^2 + TIJ^2)^1/2 + DJ) / 2 + PE
    Total System Jitter     (TSJ):    0.050ns
    Total Input Jitter      (TIJ):    0.000ns
    Discrete Jitter          (DJ):    0.000ns
    Phase Error              (PE):    0.000ns

    Location             Delay type                Incr(ns)  Path(ns)    Netlist Resource(s)
  -------------------------------------------------------------------    -------------------
                         (clock sys_clk_pin rise edge)
                                                      0.000     0.000 r  
    W5                                                0.000     0.000 r  clk (IN)
                         net (fo=0)                   0.000     0.000    clk
    W5                   IBUF (Prop_ibuf_I_O)         1.458     1.458 r  clk_IBUF_inst/O
                         net (fo=1, routed)           1.967     3.425    clk_IBUF
    BUFGCTRL_X0Y0        BUFG (Prop_bufg_I_O)         0.096     3.521 r  clk_IBUF_BUFG_inst/O
                         net (fo=58, routed)          1.566     5.087    keypad/key_value_reg[3]_4
    SLICE_X28Y46         FDCE                                         r  keypad/key_value_reg[2]/C
  -------------------------------------------------------------------    -------------------
    SLICE_X28Y46         FDCE (Prop_fdce_C_Q)         0.456     5.543 r  keypad/key_value_reg[2]/Q
                         net (fo=22, routed)          1.398     6.941    keypad/key_value_reg[3]_0[2]
    SLICE_X30Y43         LUT4 (Prop_lut4_I0_O)        0.152     7.093 r  keypad/countbit[3]_i_3/O
                         net (fo=5, routed)           0.975     8.068    U5/A_reg[0]_1
    SLICE_X29Y44         LUT6 (Prop_lut6_I5_O)        0.348     8.416 r  U5/B[3]_i_2/O
                         net (fo=1, routed)           0.433     8.849    U5/B[3]_i_2_n_0
    SLICE_X29Y44         LUT3 (Prop_lut3_I1_O)        0.124     8.973 r  U5/B[3]_i_1/O
                         net (fo=4, routed)           0.620     9.593    U5/B[3]_i_1_n_0
    SLICE_X28Y45         FDCE                                         r  U5/B_reg[1]/CE
  -------------------------------------------------------------------    -------------------

Slack:                    inf
  Source:                 keypad/key_value_reg[2]/C
                            (rising edge-triggered cell FDCE clocked by sys_clk_pin  {rise@0.000ns fall@5.000ns period=10.000ns})
  Destination:            U5/B_reg[2]/CE
  Path Group:             (none)
  Path Type:              Max at Slow Process Corner
  Data Path Delay:        4.506ns  (logic 1.080ns (23.969%)  route 3.426ns (76.031%))
  Logic Levels:           3  (LUT3=1 LUT4=1 LUT6=1)
  Clock Uncertainty:      0.025ns  ((TSJ^2 + TIJ^2)^1/2 + DJ) / 2 + PE
    Total System Jitter     (TSJ):    0.050ns
    Total Input Jitter      (TIJ):    0.000ns
    Discrete Jitter          (DJ):    0.000ns
    Phase Error              (PE):    0.000ns

    Location             Delay type                Incr(ns)  Path(ns)    Netlist Resource(s)
  -------------------------------------------------------------------    -------------------
                         (clock sys_clk_pin rise edge)
                                                      0.000     0.000 r  
    W5                                                0.000     0.000 r  clk (IN)
                         net (fo=0)                   0.000     0.000    clk
    W5                   IBUF (Prop_ibuf_I_O)         1.458     1.458 r  clk_IBUF_inst/O
                         net (fo=1, routed)           1.967     3.425    clk_IBUF
    BUFGCTRL_X0Y0        BUFG (Prop_bufg_I_O)         0.096     3.521 r  clk_IBUF_BUFG_inst/O
                         net (fo=58, routed)          1.566     5.087    keypad/key_value_reg[3]_4
    SLICE_X28Y46         FDCE                                         r  keypad/key_value_reg[2]/C
  -------------------------------------------------------------------    -------------------
    SLICE_X28Y46         FDCE (Prop_fdce_C_Q)         0.456     5.543 r  keypad/key_value_reg[2]/Q
                         net (fo=22, routed)          1.398     6.941    keypad/key_value_reg[3]_0[2]
    SLICE_X30Y43         LUT4 (Prop_lut4_I0_O)        0.152     7.093 r  keypad/countbit[3]_i_3/O
                         net (fo=5, routed)           0.975     8.068    U5/A_reg[0]_1
    SLICE_X29Y44         LUT6 (Prop_lut6_I5_O)        0.348     8.416 r  U5/B[3]_i_2/O
                         net (fo=1, routed)           0.433     8.849    U5/B[3]_i_2_n_0
    SLICE_X29Y44         LUT3 (Prop_lut3_I1_O)        0.124     8.973 r  U5/B[3]_i_1/O
                         net (fo=4, routed)           0.620     9.593    U5/B[3]_i_1_n_0
    SLICE_X28Y45         FDCE                                         r  U5/B_reg[2]/CE
  -------------------------------------------------------------------    -------------------

Slack:                    inf
  Source:                 keypad/key_value_reg[2]/C
                            (rising edge-triggered cell FDCE clocked by sys_clk_pin  {rise@0.000ns fall@5.000ns period=10.000ns})
  Destination:            U5/B_reg[3]/CE
  Path Group:             (none)
  Path Type:              Max at Slow Process Corner
  Data Path Delay:        4.506ns  (logic 1.080ns (23.969%)  route 3.426ns (76.031%))
  Logic Levels:           3  (LUT3=1 LUT4=1 LUT6=1)
  Clock Uncertainty:      0.025ns  ((TSJ^2 + TIJ^2)^1/2 + DJ) / 2 + PE
    Total System Jitter     (TSJ):    0.050ns
    Total Input Jitter      (TIJ):    0.000ns
    Discrete Jitter          (DJ):    0.000ns
    Phase Error              (PE):    0.000ns

    Location             Delay type                Incr(ns)  Path(ns)    Netlist Resource(s)
  -------------------------------------------------------------------    -------------------
                         (clock sys_clk_pin rise edge)
                                                      0.000     0.000 r  
    W5                                                0.000     0.000 r  clk (IN)
                         net (fo=0)                   0.000     0.000    clk
    W5                   IBUF (Prop_ibuf_I_O)         1.458     1.458 r  clk_IBUF_inst/O
                         net (fo=1, routed)           1.967     3.425    clk_IBUF
    BUFGCTRL_X0Y0        BUFG (Prop_bufg_I_O)         0.096     3.521 r  clk_IBUF_BUFG_inst/O
                         net (fo=58, routed)          1.566     5.087    keypad/key_value_reg[3]_4
    SLICE_X28Y46         FDCE                                         r  keypad/key_value_reg[2]/C
  -------------------------------------------------------------------    -------------------
    SLICE_X28Y46         FDCE (Prop_fdce_C_Q)         0.456     5.543 r  keypad/key_value_reg[2]/Q
                         net (fo=22, routed)          1.398     6.941    keypad/key_value_reg[3]_0[2]
    SLICE_X30Y43         LUT4 (Prop_lut4_I0_O)        0.152     7.093 r  keypad/countbit[3]_i_3/O
                         net (fo=5, routed)           0.975     8.068    U5/A_reg[0]_1
    SLICE_X29Y44         LUT6 (Prop_lut6_I5_O)        0.348     8.416 r  U5/B[3]_i_2/O
                         net (fo=1, routed)           0.433     8.849    U5/B[3]_i_2_n_0
    SLICE_X29Y44         LUT3 (Prop_lut3_I1_O)        0.124     8.973 r  U5/B[3]_i_1/O
                         net (fo=4, routed)           0.620     9.593    U5/B[3]_i_1_n_0
    SLICE_X28Y45         FDCE                                         r  U5/B_reg[3]/CE
  -------------------------------------------------------------------    -------------------

Slack:                    inf
  Source:                 keypad/key_value_reg[0]/C
                            (rising edge-triggered cell FDCE clocked by sys_clk_pin  {rise@0.000ns fall@5.000ns period=10.000ns})
  Destination:            U5/digit2_reg[0]/CE
  Path Group:             (none)
  Path Type:              Max at Slow Process Corner
  Data Path Delay:        4.392ns  (logic 0.952ns (21.678%)  route 3.440ns (78.322%))
  Logic Levels:           4  (LUT4=2 LUT6=2)
  Clock Uncertainty:      0.025ns  ((TSJ^2 + TIJ^2)^1/2 + DJ) / 2 + PE
    Total System Jitter     (TSJ):    0.050ns
    Total Input Jitter      (TIJ):    0.000ns
    Discrete Jitter          (DJ):    0.000ns
    Phase Error              (PE):    0.000ns

    Location             Delay type                Incr(ns)  Path(ns)    Netlist Resource(s)
  -------------------------------------------------------------------    -------------------
                         (clock sys_clk_pin rise edge)
                                                      0.000     0.000 r  
    W5                                                0.000     0.000 r  clk (IN)
                         net (fo=0)                   0.000     0.000    clk
    W5                   IBUF (Prop_ibuf_I_O)         1.458     1.458 r  clk_IBUF_inst/O
                         net (fo=1, routed)           1.967     3.425    clk_IBUF
    BUFGCTRL_X0Y0        BUFG (Prop_bufg_I_O)         0.096     3.521 r  clk_IBUF_BUFG_inst/O
                         net (fo=58, routed)          1.566     5.087    keypad/key_value_reg[3]_4
    SLICE_X28Y46         FDCE                                         r  keypad/key_value_reg[0]/C
  -------------------------------------------------------------------    -------------------
    SLICE_X28Y46         FDCE (Prop_fdce_C_Q)         0.456     5.543 f  keypad/key_value_reg[0]/Q
                         net (fo=10, routed)          1.318     6.861    keypad/key_value_reg[3]_0[0]
    SLICE_X30Y43         LUT4 (Prop_lut4_I3_O)        0.124     6.985 f  keypad/countbit[3]_i_5/O
                         net (fo=5, routed)           0.619     7.604    U5/countbit_reg[3]_3
    SLICE_X28Y45         LUT4 (Prop_lut4_I0_O)        0.124     7.728 f  U5/digit2[3]_i_6/O
                         net (fo=1, routed)           0.302     8.030    U5/digit2[3]_i_6_n_0
    SLICE_X28Y44         LUT6 (Prop_lut6_I0_O)        0.124     8.154 r  U5/digit2[3]_i_3/O
                         net (fo=2, routed)           0.389     8.544    U5/countbit_reg[3]_0
    SLICE_X28Y44         LUT6 (Prop_lut6_I1_O)        0.124     8.668 r  U5/digit2[3]_i_1/O
                         net (fo=4, routed)           0.811     9.479    U5/digit2[3]_i_1_n_0
    SLICE_X29Y41         FDCE                                         r  U5/digit2_reg[0]/CE
  -------------------------------------------------------------------    -------------------





Min Delay Paths
--------------------------------------------------------------------------------------
Slack:                    inf
  Source:                 keypad/key_value_reg[3]/C
                            (rising edge-triggered cell FDCE clocked by sys_clk_pin  {rise@0.000ns fall@5.000ns period=10.000ns})
  Destination:            U5/digit0_reg[3]/D
  Path Group:             (none)
  Path Type:              Min at Fast Process Corner
  Data Path Delay:        0.271ns  (logic 0.141ns (51.986%)  route 0.130ns (48.014%))
  Logic Levels:           0  
  Clock Uncertainty:      0.025ns  ((TSJ^2 + TIJ^2)^1/2 + DJ) / 2 + PE
    Total System Jitter     (TSJ):    0.050ns
    Total Input Jitter      (TIJ):    0.000ns
    Discrete Jitter          (DJ):    0.000ns
    Phase Error              (PE):    0.000ns

    Location             Delay type                Incr(ns)  Path(ns)    Netlist Resource(s)
  -------------------------------------------------------------------    -------------------
                         (clock sys_clk_pin rise edge)
                                                      0.000     0.000 r  
    W5                                                0.000     0.000 r  clk (IN)
                         net (fo=0)                   0.000     0.000    clk
    W5                   IBUF (Prop_ibuf_I_O)         0.226     0.226 r  clk_IBUF_inst/O
                         net (fo=1, routed)           0.631     0.858    clk_IBUF
    BUFGCTRL_X0Y0        BUFG (Prop_bufg_I_O)         0.026     0.884 r  clk_IBUF_BUFG_inst/O
                         net (fo=58, routed)          0.563     1.446    keypad/key_value_reg[3]_4
    SLICE_X28Y46         FDCE                                         r  keypad/key_value_reg[3]/C
  -------------------------------------------------------------------    -------------------
    SLICE_X28Y46         FDCE (Prop_fdce_C_Q)         0.141     1.587 r  keypad/key_value_reg[3]/Q
                         net (fo=24, routed)          0.130     1.717    U5/digit0_reg[3]_1[3]
    SLICE_X28Y44         FDCE                                         r  U5/digit0_reg[3]/D
  -------------------------------------------------------------------    -------------------

Slack:                    inf
  Source:                 keypad/key_value_reg[1]/C
                            (rising edge-triggered cell FDCE clocked by sys_clk_pin  {rise@0.000ns fall@5.000ns period=10.000ns})
  Destination:            U5/digit0_reg[1]/D
  Path Group:             (none)
  Path Type:              Min at Fast Process Corner
  Data Path Delay:        0.383ns  (logic 0.141ns (36.794%)  route 0.242ns (63.206%))
  Logic Levels:           0  
  Clock Uncertainty:      0.025ns  ((TSJ^2 + TIJ^2)^1/2 + DJ) / 2 + PE
    Total System Jitter     (TSJ):    0.050ns
    Total Input Jitter      (TIJ):    0.000ns
    Discrete Jitter          (DJ):    0.000ns
    Phase Error              (PE):    0.000ns

    Location             Delay type                Incr(ns)  Path(ns)    Netlist Resource(s)
  -------------------------------------------------------------------    -------------------
                         (clock sys_clk_pin rise edge)
                                                      0.000     0.000 r  
    W5                                                0.000     0.000 r  clk (IN)
                         net (fo=0)                   0.000     0.000    clk
    W5                   IBUF (Prop_ibuf_I_O)         0.226     0.226 r  clk_IBUF_inst/O
                         net (fo=1, routed)           0.631     0.858    clk_IBUF
    BUFGCTRL_X0Y0        BUFG (Prop_bufg_I_O)         0.026     0.884 r  clk_IBUF_BUFG_inst/O
                         net (fo=58, routed)          0.563     1.446    keypad/key_value_reg[3]_4
    SLICE_X28Y46         FDCE                                         r  keypad/key_value_reg[1]/C
  -------------------------------------------------------------------    -------------------
    SLICE_X28Y46         FDCE (Prop_fdce_C_Q)         0.141     1.587 r  keypad/key_value_reg[1]/Q
                         net (fo=22, routed)          0.242     1.829    U5/digit0_reg[3]_1[1]
    SLICE_X29Y44         FDCE                                         r  U5/digit0_reg[1]/D
  -------------------------------------------------------------------    -------------------

Slack:                    inf
  Source:                 keypad/key_value_reg[0]/C
                            (rising edge-triggered cell FDCE clocked by sys_clk_pin  {rise@0.000ns fall@5.000ns period=10.000ns})
  Destination:            U5/digit0_reg[0]/D
  Path Group:             (none)
  Path Type:              Min at Fast Process Corner
  Data Path Delay:        0.403ns  (logic 0.141ns (34.947%)  route 0.262ns (65.053%))
  Logic Levels:           0  
  Clock Uncertainty:      0.025ns  ((TSJ^2 + TIJ^2)^1/2 + DJ) / 2 + PE
    Total System Jitter     (TSJ):    0.050ns
    Total Input Jitter      (TIJ):    0.000ns
    Discrete Jitter          (DJ):    0.000ns
    Phase Error              (PE):    0.000ns

    Location             Delay type                Incr(ns)  Path(ns)    Netlist Resource(s)
  -------------------------------------------------------------------    -------------------
                         (clock sys_clk_pin rise edge)
                                                      0.000     0.000 r  
    W5                                                0.000     0.000 r  clk (IN)
                         net (fo=0)                   0.000     0.000    clk
    W5                   IBUF (Prop_ibuf_I_O)         0.226     0.226 r  clk_IBUF_inst/O
                         net (fo=1, routed)           0.631     0.858    clk_IBUF
    BUFGCTRL_X0Y0        BUFG (Prop_bufg_I_O)         0.026     0.884 r  clk_IBUF_BUFG_inst/O
                         net (fo=58, routed)          0.563     1.446    keypad/key_value_reg[3]_4
    SLICE_X28Y46         FDCE                                         r  keypad/key_value_reg[0]/C
  -------------------------------------------------------------------    -------------------
    SLICE_X28Y46         FDCE (Prop_fdce_C_Q)         0.141     1.587 r  keypad/key_value_reg[0]/Q
                         net (fo=10, routed)          0.262     1.850    U5/digit0_reg[3]_1[0]
    SLICE_X29Y44         FDCE                                         r  U5/digit0_reg[0]/D
  -------------------------------------------------------------------    -------------------

Slack:                    inf
  Source:                 keypad/key_value_reg[2]/C
                            (rising edge-triggered cell FDCE clocked by sys_clk_pin  {rise@0.000ns fall@5.000ns period=10.000ns})
  Destination:            U5/digit0_reg[2]/D
  Path Group:             (none)
  Path Type:              Min at Fast Process Corner
  Data Path Delay:        0.418ns  (logic 0.141ns (33.728%)  route 0.277ns (66.272%))
  Logic Levels:           0  
  Clock Uncertainty:      0.025ns  ((TSJ^2 + TIJ^2)^1/2 + DJ) / 2 + PE
    Total System Jitter     (TSJ):    0.050ns
    Total Input Jitter      (TIJ):    0.000ns
    Discrete Jitter          (DJ):    0.000ns
    Phase Error              (PE):    0.000ns

    Location             Delay type                Incr(ns)  Path(ns)    Netlist Resource(s)
  -------------------------------------------------------------------    -------------------
                         (clock sys_clk_pin rise edge)
                                                      0.000     0.000 r  
    W5                                                0.000     0.000 r  clk (IN)
                         net (fo=0)                   0.000     0.000    clk
    W5                   IBUF (Prop_ibuf_I_O)         0.226     0.226 r  clk_IBUF_inst/O
                         net (fo=1, routed)           0.631     0.858    clk_IBUF
    BUFGCTRL_X0Y0        BUFG (Prop_bufg_I_O)         0.026     0.884 r  clk_IBUF_BUFG_inst/O
                         net (fo=58, routed)          0.563     1.446    keypad/key_value_reg[3]_4
    SLICE_X28Y46         FDCE                                         r  keypad/key_value_reg[2]/C
  -------------------------------------------------------------------    -------------------
    SLICE_X28Y46         FDCE (Prop_fdce_C_Q)         0.141     1.587 r  keypad/key_value_reg[2]/Q
                         net (fo=22, routed)          0.277     1.864    U5/digit0_reg[3]_1[2]
    SLICE_X29Y44         FDCE                                         r  U5/digit0_reg[2]/D
  -------------------------------------------------------------------    -------------------

Slack:                    inf
  Source:                 keypad/key_value_reg[1]/C
                            (rising edge-triggered cell FDCE clocked by sys_clk_pin  {rise@0.000ns fall@5.000ns period=10.000ns})
  Destination:            U5/B_reg[1]/D
  Path Group:             (none)
  Path Type:              Min at Fast Process Corner
  Data Path Delay:        0.423ns  (logic 0.186ns (43.973%)  route 0.237ns (56.027%))
  Logic Levels:           1  (LUT5=1)
  Clock Uncertainty:      0.025ns  ((TSJ^2 + TIJ^2)^1/2 + DJ) / 2 + PE
    Total System Jitter     (TSJ):    0.050ns
    Total Input Jitter      (TIJ):    0.000ns
    Discrete Jitter          (DJ):    0.000ns
    Phase Error              (PE):    0.000ns

    Location             Delay type                Incr(ns)  Path(ns)    Netlist Resource(s)
  -------------------------------------------------------------------    -------------------
                         (clock sys_clk_pin rise edge)
                                                      0.000     0.000 r  
    W5                                                0.000     0.000 r  clk (IN)
                         net (fo=0)                   0.000     0.000    clk
    W5                   IBUF (Prop_ibuf_I_O)         0.226     0.226 r  clk_IBUF_inst/O
                         net (fo=1, routed)           0.631     0.858    clk_IBUF
    BUFGCTRL_X0Y0        BUFG (Prop_bufg_I_O)         0.026     0.884 r  clk_IBUF_BUFG_inst/O
                         net (fo=58, routed)          0.563     1.446    keypad/key_value_reg[3]_4
    SLICE_X28Y46         FDCE                                         r  keypad/key_value_reg[1]/C
  -------------------------------------------------------------------    -------------------
    SLICE_X28Y46         FDCE (Prop_fdce_C_Q)         0.141     1.587 r  keypad/key_value_reg[1]/Q
                         net (fo=22, routed)          0.237     1.824    keypad/key_value_reg[3]_0[1]
    SLICE_X28Y45         LUT5 (Prop_lut5_I4_O)        0.045     1.869 r  keypad/B[1]_i_1/O
                         net (fo=1, routed)           0.000     1.869    U5/D[1]
    SLICE_X28Y45         FDCE                                         r  U5/B_reg[1]/D
  -------------------------------------------------------------------    -------------------

Slack:                    inf
  Source:                 keypad/key_value_reg[1]/C
                            (rising edge-triggered cell FDCE clocked by sys_clk_pin  {rise@0.000ns fall@5.000ns period=10.000ns})
  Destination:            U5/B_reg[2]/D
  Path Group:             (none)
  Path Type:              Min at Fast Process Corner
  Data Path Delay:        0.424ns  (logic 0.187ns (44.105%)  route 0.237ns (55.895%))
  Logic Levels:           1  (LUT5=1)
  Clock Uncertainty:      0.025ns  ((TSJ^2 + TIJ^2)^1/2 + DJ) / 2 + PE
    Total System Jitter     (TSJ):    0.050ns
    Total Input Jitter      (TIJ):    0.000ns
    Discrete Jitter          (DJ):    0.000ns
    Phase Error              (PE):    0.000ns

    Location             Delay type                Incr(ns)  Path(ns)    Netlist Resource(s)
  -------------------------------------------------------------------    -------------------
                         (clock sys_clk_pin rise edge)
                                                      0.000     0.000 r  
    W5                                                0.000     0.000 r  clk (IN)
                         net (fo=0)                   0.000     0.000    clk
    W5                   IBUF (Prop_ibuf_I_O)         0.226     0.226 r  clk_IBUF_inst/O
                         net (fo=1, routed)           0.631     0.858    clk_IBUF
    BUFGCTRL_X0Y0        BUFG (Prop_bufg_I_O)         0.026     0.884 r  clk_IBUF_BUFG_inst/O
                         net (fo=58, routed)          0.563     1.446    keypad/key_value_reg[3]_4
    SLICE_X28Y46         FDCE                                         r  keypad/key_value_reg[1]/C
  -------------------------------------------------------------------    -------------------
    SLICE_X28Y46         FDCE (Prop_fdce_C_Q)         0.141     1.587 f  keypad/key_value_reg[1]/Q
                         net (fo=22, routed)          0.237     1.824    keypad/key_value_reg[3]_0[1]
    SLICE_X28Y45         LUT5 (Prop_lut5_I4_O)        0.046     1.870 r  keypad/B[2]_i_1/O
                         net (fo=1, routed)           0.000     1.870    U5/D[2]
    SLICE_X28Y45         FDCE                                         r  U5/B_reg[2]/D
  -------------------------------------------------------------------    -------------------

Slack:                    inf
  Source:                 keypad/key_value_reg[1]/C
                            (rising edge-triggered cell FDCE clocked by sys_clk_pin  {rise@0.000ns fall@5.000ns period=10.000ns})
  Destination:            U5/A_reg[1]/D
  Path Group:             (none)
  Path Type:              Min at Fast Process Corner
  Data Path Delay:        0.483ns  (logic 0.186ns (38.512%)  route 0.297ns (61.488%))
  Logic Levels:           1  (LUT6=1)
  Clock Uncertainty:      0.025ns  ((TSJ^2 + TIJ^2)^1/2 + DJ) / 2 + PE
    Total System Jitter     (TSJ):    0.050ns
    Total Input Jitter      (TIJ):    0.000ns
    Discrete Jitter          (DJ):    0.000ns
    Phase Error              (PE):    0.000ns

    Location             Delay type                Incr(ns)  Path(ns)    Netlist Resource(s)
  -------------------------------------------------------------------    -------------------
                         (clock sys_clk_pin rise edge)
                                                      0.000     0.000 r  
    W5                                                0.000     0.000 r  clk (IN)
                         net (fo=0)                   0.000     0.000    clk
    W5                   IBUF (Prop_ibuf_I_O)         0.226     0.226 r  clk_IBUF_inst/O
                         net (fo=1, routed)           0.631     0.858    clk_IBUF
    BUFGCTRL_X0Y0        BUFG (Prop_bufg_I_O)         0.026     0.884 r  clk_IBUF_BUFG_inst/O
                         net (fo=58, routed)          0.563     1.446    keypad/key_value_reg[3]_4
    SLICE_X28Y46         FDCE                                         r  keypad/key_value_reg[1]/C
  -------------------------------------------------------------------    -------------------
    SLICE_X28Y46         FDCE (Prop_fdce_C_Q)         0.141     1.587 r  keypad/key_value_reg[1]/Q
                         net (fo=22, routed)          0.297     1.884    U5/digit0_reg[3]_1[1]
    SLICE_X30Y44         LUT6 (Prop_lut6_I4_O)        0.045     1.929 r  U5/A[1]_i_1/O
                         net (fo=1, routed)           0.000     1.929    U5/A[1]_i_1_n_0
    SLICE_X30Y44         FDCE                                         r  U5/A_reg[1]/D
  -------------------------------------------------------------------    -------------------

Slack:                    inf
  Source:                 keypad/key_value_reg[1]/C
                            (rising edge-triggered cell FDCE clocked by sys_clk_pin  {rise@0.000ns fall@5.000ns period=10.000ns})
  Destination:            U5/digit2_reg[1]/D
  Path Group:             (none)
  Path Type:              Min at Fast Process Corner
  Data Path Delay:        0.529ns  (logic 0.186ns (35.188%)  route 0.343ns (64.812%))
  Logic Levels:           1  (LUT6=1)
  Clock Uncertainty:      0.025ns  ((TSJ^2 + TIJ^2)^1/2 + DJ) / 2 + PE
    Total System Jitter     (TSJ):    0.050ns
    Total Input Jitter      (TIJ):    0.000ns
    Discrete Jitter          (DJ):    0.000ns
    Phase Error              (PE):    0.000ns

    Location             Delay type                Incr(ns)  Path(ns)    Netlist Resource(s)
  -------------------------------------------------------------------    -------------------
                         (clock sys_clk_pin rise edge)
                                                      0.000     0.000 r  
    W5                                                0.000     0.000 r  clk (IN)
                         net (fo=0)                   0.000     0.000    clk
    W5                   IBUF (Prop_ibuf_I_O)         0.226     0.226 r  clk_IBUF_inst/O
                         net (fo=1, routed)           0.631     0.858    clk_IBUF
    BUFGCTRL_X0Y0        BUFG (Prop_bufg_I_O)         0.026     0.884 r  clk_IBUF_BUFG_inst/O
                         net (fo=58, routed)          0.563     1.446    keypad/key_value_reg[3]_4
    SLICE_X28Y46         FDCE                                         r  keypad/key_value_reg[1]/C
  -------------------------------------------------------------------    -------------------
    SLICE_X28Y46         FDCE (Prop_fdce_C_Q)         0.141     1.587 r  keypad/key_value_reg[1]/Q
                         net (fo=22, routed)          0.343     1.930    U5/digit0_reg[3]_1[1]
    SLICE_X28Y42         LUT6 (Prop_lut6_I1_O)        0.045     1.975 r  U5/digit2[1]_i_1/O
                         net (fo=1, routed)           0.000     1.975    U5/digit2[1]_i_1_n_0
    SLICE_X28Y42         FDCE                                         r  U5/digit2_reg[1]/D
  -------------------------------------------------------------------    -------------------

Slack:                    inf
  Source:                 keypad/key_value_reg[2]/C
                            (rising edge-triggered cell FDCE clocked by sys_clk_pin  {rise@0.000ns fall@5.000ns period=10.000ns})
  Destination:            U5/B_reg[3]/D
  Path Group:             (none)
  Path Type:              Min at Fast Process Corner
  Data Path Delay:        0.530ns  (logic 0.186ns (35.074%)  route 0.344ns (64.926%))
  Logic Levels:           1  (LUT5=1)
  Clock Uncertainty:      0.025ns  ((TSJ^2 + TIJ^2)^1/2 + DJ) / 2 + PE
    Total System Jitter     (TSJ):    0.050ns
    Total Input Jitter      (TIJ):    0.000ns
    Discrete Jitter          (DJ):    0.000ns
    Phase Error              (PE):    0.000ns

    Location             Delay type                Incr(ns)  Path(ns)    Netlist Resource(s)
  -------------------------------------------------------------------    -------------------
                         (clock sys_clk_pin rise edge)
                                                      0.000     0.000 r  
    W5                                                0.000     0.000 r  clk (IN)
                         net (fo=0)                   0.000     0.000    clk
    W5                   IBUF (Prop_ibuf_I_O)         0.226     0.226 r  clk_IBUF_inst/O
                         net (fo=1, routed)           0.631     0.858    clk_IBUF
    BUFGCTRL_X0Y0        BUFG (Prop_bufg_I_O)         0.026     0.884 r  clk_IBUF_BUFG_inst/O
                         net (fo=58, routed)          0.563     1.446    keypad/key_value_reg[3]_4
    SLICE_X28Y46         FDCE                                         r  keypad/key_value_reg[2]/C
  -------------------------------------------------------------------    -------------------
    SLICE_X28Y46         FDCE (Prop_fdce_C_Q)         0.141     1.587 r  keypad/key_value_reg[2]/Q
                         net (fo=22, routed)          0.220     1.808    keypad/key_value_reg[3]_0[2]
    SLICE_X28Y44         LUT5 (Prop_lut5_I1_O)        0.045     1.853 r  keypad/countbit[1]_i_1/O
                         net (fo=5, routed)           0.124     1.976    U5/B_reg[3]_0
    SLICE_X28Y45         FDCE                                         r  U5/B_reg[3]/D
  -------------------------------------------------------------------    -------------------

Slack:                    inf
  Source:                 keypad/key_value_reg[3]/C
                            (rising edge-triggered cell FDCE clocked by sys_clk_pin  {rise@0.000ns fall@5.000ns period=10.000ns})
  Destination:            U5/C_reg[2]/D
  Path Group:             (none)
  Path Type:              Min at Fast Process Corner
  Data Path Delay:        0.534ns  (logic 0.186ns (34.836%)  route 0.348ns (65.164%))
  Logic Levels:           1  (LUT3=1)
  Clock Uncertainty:      0.025ns  ((TSJ^2 + TIJ^2)^1/2 + DJ) / 2 + PE
    Total System Jitter     (TSJ):    0.050ns
    Total Input Jitter      (TIJ):    0.000ns
    Discrete Jitter          (DJ):    0.000ns
    Phase Error              (PE):    0.000ns

    Location             Delay type                Incr(ns)  Path(ns)    Netlist Resource(s)
  -------------------------------------------------------------------    -------------------
                         (clock sys_clk_pin rise edge)
                                                      0.000     0.000 r  
    W5                                                0.000     0.000 r  clk (IN)
                         net (fo=0)                   0.000     0.000    clk
    W5                   IBUF (Prop_ibuf_I_O)         0.226     0.226 r  clk_IBUF_inst/O
                         net (fo=1, routed)           0.631     0.858    clk_IBUF
    BUFGCTRL_X0Y0        BUFG (Prop_bufg_I_O)         0.026     0.884 r  clk_IBUF_BUFG_inst/O
                         net (fo=58, routed)          0.563     1.446    keypad/key_value_reg[3]_4
    SLICE_X28Y46         FDCE                                         r  keypad/key_value_reg[3]/C
  -------------------------------------------------------------------    -------------------
    SLICE_X28Y46         FDCE (Prop_fdce_C_Q)         0.141     1.587 f  keypad/key_value_reg[3]/Q
                         net (fo=24, routed)          0.348     1.935    keypad/key_value_reg[3]_0[3]
    SLICE_X30Y43         LUT3 (Prop_lut3_I1_O)        0.045     1.980 r  keypad/digit1[2]_i_1/O
                         net (fo=2, routed)           0.000     1.980    U5/digit1_reg[3]_0[2]
    SLICE_X30Y43         FDCE                                         r  U5/C_reg[2]/D
  -------------------------------------------------------------------    -------------------





--------------------------------------------------------------------------------------
Path Group:  (none)
From Clock:  
  To Clock:  sys_clk_pin

Max Delay            66 Endpoints
Min Delay            66 Endpoints
--------------------------------------------------------------------------------------


Max Delay Paths
--------------------------------------------------------------------------------------
Slack:                    inf
  Source:                 reset
                            (input port)
  Destination:            keypad/key_value_reg[0]/CLR
                            (recovery check against rising-edge clock sys_clk_pin  {rise@0.000ns fall@5.000ns period=10.000ns})
  Path Group:             (none)
  Path Type:              Recovery (Max at Slow Process Corner)
  Data Path Delay:        6.168ns  (logic 1.603ns (25.988%)  route 4.565ns (74.012%))
  Logic Levels:           2  (IBUF=1 LUT1=1)
  Clock Path Skew:        4.788ns (DCD - SCD + CPR)
    Destination Clock Delay (DCD):    4.788ns
    Source Clock Delay      (SCD):    0.000ns
    Clock Pessimism Removal (CPR):    0.000ns
  Clock Uncertainty:      0.025ns  ((TSJ^2 + TIJ^2)^1/2 + DJ) / 2 + PE
    Total System Jitter     (TSJ):    0.050ns
    Total Input Jitter      (TIJ):    0.000ns
    Discrete Jitter          (DJ):    0.000ns
    Phase Error              (PE):    0.000ns

    Location             Delay type                Incr(ns)  Path(ns)    Netlist Resource(s)
  -------------------------------------------------------------------    -------------------
    V17                                               0.000     0.000 r  reset (IN)
                         net (fo=0)                   0.000     0.000    reset
    V17                  IBUF (Prop_ibuf_I_O)         1.453     1.453 r  reset_IBUF_inst/O
                         net (fo=9, routed)           3.045     4.498    U1/reset_IBUF
    SLICE_X28Y48         LUT1 (Prop_lut1_I0_O)        0.150     4.648 f  U1/FSM_onehot_state[5]_i_1/O
                         net (fo=113, routed)         1.520     6.168    keypad/key_pressed_flag_reg_2
    SLICE_X28Y46         FDCE                                         f  keypad/key_value_reg[0]/CLR
  -------------------------------------------------------------------    -------------------

                         (clock sys_clk_pin rise edge)
                                                      0.000     0.000 r  
    W5                                                0.000     0.000 r  clk (IN)
                         net (fo=0)                   0.000     0.000    clk
    W5                   IBUF (Prop_ibuf_I_O)         1.388     1.388 r  clk_IBUF_inst/O
                         net (fo=1, routed)           1.862     3.250    clk_IBUF
    BUFGCTRL_X0Y0        BUFG (Prop_bufg_I_O)         0.091     3.341 r  clk_IBUF_BUFG_inst/O
                         net (fo=58, routed)          1.447     4.788    keypad/key_value_reg[3]_4
    SLICE_X28Y46         FDCE                                         r  keypad/key_value_reg[0]/C

Slack:                    inf
  Source:                 reset
                            (input port)
  Destination:            keypad/key_value_reg[1]/CLR
                            (recovery check against rising-edge clock sys_clk_pin  {rise@0.000ns fall@5.000ns period=10.000ns})
  Path Group:             (none)
  Path Type:              Recovery (Max at Slow Process Corner)
  Data Path Delay:        6.168ns  (logic 1.603ns (25.988%)  route 4.565ns (74.012%))
  Logic Levels:           2  (IBUF=1 LUT1=1)
  Clock Path Skew:        4.788ns (DCD - SCD + CPR)
    Destination Clock Delay (DCD):    4.788ns
    Source Clock Delay      (SCD):    0.000ns
    Clock Pessimism Removal (CPR):    0.000ns
  Clock Uncertainty:      0.025ns  ((TSJ^2 + TIJ^2)^1/2 + DJ) / 2 + PE
    Total System Jitter     (TSJ):    0.050ns
    Total Input Jitter      (TIJ):    0.000ns
    Discrete Jitter          (DJ):    0.000ns
    Phase Error              (PE):    0.000ns

    Location             Delay type                Incr(ns)  Path(ns)    Netlist Resource(s)
  -------------------------------------------------------------------    -------------------
    V17                                               0.000     0.000 r  reset (IN)
                         net (fo=0)                   0.000     0.000    reset
    V17                  IBUF (Prop_ibuf_I_O)         1.453     1.453 r  reset_IBUF_inst/O
                         net (fo=9, routed)           3.045     4.498    U1/reset_IBUF
    SLICE_X28Y48         LUT1 (Prop_lut1_I0_O)        0.150     4.648 f  U1/FSM_onehot_state[5]_i_1/O
                         net (fo=113, routed)         1.520     6.168    keypad/key_pressed_flag_reg_2
    SLICE_X28Y46         FDCE                                         f  keypad/key_value_reg[1]/CLR
  -------------------------------------------------------------------    -------------------

                         (clock sys_clk_pin rise edge)
                                                      0.000     0.000 r  
    W5                                                0.000     0.000 r  clk (IN)
                         net (fo=0)                   0.000     0.000    clk
    W5                   IBUF (Prop_ibuf_I_O)         1.388     1.388 r  clk_IBUF_inst/O
                         net (fo=1, routed)           1.862     3.250    clk_IBUF
    BUFGCTRL_X0Y0        BUFG (Prop_bufg_I_O)         0.091     3.341 r  clk_IBUF_BUFG_inst/O
                         net (fo=58, routed)          1.447     4.788    keypad/key_value_reg[3]_4
    SLICE_X28Y46         FDCE                                         r  keypad/key_value_reg[1]/C

Slack:                    inf
  Source:                 reset
                            (input port)
  Destination:            keypad/key_value_reg[2]/CLR
                            (recovery check against rising-edge clock sys_clk_pin  {rise@0.000ns fall@5.000ns period=10.000ns})
  Path Group:             (none)
  Path Type:              Recovery (Max at Slow Process Corner)
  Data Path Delay:        6.168ns  (logic 1.603ns (25.988%)  route 4.565ns (74.012%))
  Logic Levels:           2  (IBUF=1 LUT1=1)
  Clock Path Skew:        4.788ns (DCD - SCD + CPR)
    Destination Clock Delay (DCD):    4.788ns
    Source Clock Delay      (SCD):    0.000ns
    Clock Pessimism Removal (CPR):    0.000ns
  Clock Uncertainty:      0.025ns  ((TSJ^2 + TIJ^2)^1/2 + DJ) / 2 + PE
    Total System Jitter     (TSJ):    0.050ns
    Total Input Jitter      (TIJ):    0.000ns
    Discrete Jitter          (DJ):    0.000ns
    Phase Error              (PE):    0.000ns

    Location             Delay type                Incr(ns)  Path(ns)    Netlist Resource(s)
  -------------------------------------------------------------------    -------------------
    V17                                               0.000     0.000 r  reset (IN)
                         net (fo=0)                   0.000     0.000    reset
    V17                  IBUF (Prop_ibuf_I_O)         1.453     1.453 r  reset_IBUF_inst/O
                         net (fo=9, routed)           3.045     4.498    U1/reset_IBUF
    SLICE_X28Y48         LUT1 (Prop_lut1_I0_O)        0.150     4.648 f  U1/FSM_onehot_state[5]_i_1/O
                         net (fo=113, routed)         1.520     6.168    keypad/key_pressed_flag_reg_2
    SLICE_X28Y46         FDCE                                         f  keypad/key_value_reg[2]/CLR
  -------------------------------------------------------------------    -------------------

                         (clock sys_clk_pin rise edge)
                                                      0.000     0.000 r  
    W5                                                0.000     0.000 r  clk (IN)
                         net (fo=0)                   0.000     0.000    clk
    W5                   IBUF (Prop_ibuf_I_O)         1.388     1.388 r  clk_IBUF_inst/O
                         net (fo=1, routed)           1.862     3.250    clk_IBUF
    BUFGCTRL_X0Y0        BUFG (Prop_bufg_I_O)         0.091     3.341 r  clk_IBUF_BUFG_inst/O
                         net (fo=58, routed)          1.447     4.788    keypad/key_value_reg[3]_4
    SLICE_X28Y46         FDCE                                         r  keypad/key_value_reg[2]/C

Slack:                    inf
  Source:                 reset
                            (input port)
  Destination:            keypad/key_value_reg[3]/CLR
                            (recovery check against rising-edge clock sys_clk_pin  {rise@0.000ns fall@5.000ns period=10.000ns})
  Path Group:             (none)
  Path Type:              Recovery (Max at Slow Process Corner)
  Data Path Delay:        6.168ns  (logic 1.603ns (25.988%)  route 4.565ns (74.012%))
  Logic Levels:           2  (IBUF=1 LUT1=1)
  Clock Path Skew:        4.788ns (DCD - SCD + CPR)
    Destination Clock Delay (DCD):    4.788ns
    Source Clock Delay      (SCD):    0.000ns
    Clock Pessimism Removal (CPR):    0.000ns
  Clock Uncertainty:      0.025ns  ((TSJ^2 + TIJ^2)^1/2 + DJ) / 2 + PE
    Total System Jitter     (TSJ):    0.050ns
    Total Input Jitter      (TIJ):    0.000ns
    Discrete Jitter          (DJ):    0.000ns
    Phase Error              (PE):    0.000ns

    Location             Delay type                Incr(ns)  Path(ns)    Netlist Resource(s)
  -------------------------------------------------------------------    -------------------
    V17                                               0.000     0.000 r  reset (IN)
                         net (fo=0)                   0.000     0.000    reset
    V17                  IBUF (Prop_ibuf_I_O)         1.453     1.453 r  reset_IBUF_inst/O
                         net (fo=9, routed)           3.045     4.498    U1/reset_IBUF
    SLICE_X28Y48         LUT1 (Prop_lut1_I0_O)        0.150     4.648 f  U1/FSM_onehot_state[5]_i_1/O
                         net (fo=113, routed)         1.520     6.168    keypad/key_pressed_flag_reg_2
    SLICE_X28Y46         FDCE                                         f  keypad/key_value_reg[3]/CLR
  -------------------------------------------------------------------    -------------------

                         (clock sys_clk_pin rise edge)
                                                      0.000     0.000 r  
    W5                                                0.000     0.000 r  clk (IN)
                         net (fo=0)                   0.000     0.000    clk
    W5                   IBUF (Prop_ibuf_I_O)         1.388     1.388 r  clk_IBUF_inst/O
                         net (fo=1, routed)           1.862     3.250    clk_IBUF
    BUFGCTRL_X0Y0        BUFG (Prop_bufg_I_O)         0.091     3.341 r  clk_IBUF_BUFG_inst/O
                         net (fo=58, routed)          1.447     4.788    keypad/key_value_reg[3]_4
    SLICE_X28Y46         FDCE                                         r  keypad/key_value_reg[3]/C

Slack:                    inf
  Source:                 reset
                            (input port)
  Destination:            U1/cnt_1k_reg[0]/CLR
                            (recovery check against rising-edge clock sys_clk_pin  {rise@0.000ns fall@5.000ns period=10.000ns})
  Path Group:             (none)
  Path Type:              Recovery (Max at Slow Process Corner)
  Data Path Delay:        6.012ns  (logic 1.603ns (26.659%)  route 4.410ns (73.341%))
  Logic Levels:           2  (IBUF=1 LUT1=1)
  Clock Path Skew:        4.779ns (DCD - SCD + CPR)
    Destination Clock Delay (DCD):    4.779ns
    Source Clock Delay      (SCD):    0.000ns
    Clock Pessimism Removal (CPR):    0.000ns
  Clock Uncertainty:      0.025ns  ((TSJ^2 + TIJ^2)^1/2 + DJ) / 2 + PE
    Total System Jitter     (TSJ):    0.050ns
    Total Input Jitter      (TIJ):    0.000ns
    Discrete Jitter          (DJ):    0.000ns
    Phase Error              (PE):    0.000ns

    Location             Delay type                Incr(ns)  Path(ns)    Netlist Resource(s)
  -------------------------------------------------------------------    -------------------
    V17                                               0.000     0.000 r  reset (IN)
                         net (fo=0)                   0.000     0.000    reset
    V17                  IBUF (Prop_ibuf_I_O)         1.453     1.453 r  reset_IBUF_inst/O
                         net (fo=9, routed)           3.045     4.498    U1/reset_IBUF
    SLICE_X28Y48         LUT1 (Prop_lut1_I0_O)        0.150     4.648 f  U1/FSM_onehot_state[5]_i_1/O
                         net (fo=113, routed)         1.364     6.012    U1/reset
    SLICE_X41Y50         FDCE                                         f  U1/cnt_1k_reg[0]/CLR
  -------------------------------------------------------------------    -------------------

                         (clock sys_clk_pin rise edge)
                                                      0.000     0.000 r  
    W5                                                0.000     0.000 r  clk (IN)
                         net (fo=0)                   0.000     0.000    clk
    W5                   IBUF (Prop_ibuf_I_O)         1.388     1.388 r  clk_IBUF_inst/O
                         net (fo=1, routed)           1.862     3.250    clk_IBUF
    BUFGCTRL_X0Y0        BUFG (Prop_bufg_I_O)         0.091     3.341 r  clk_IBUF_BUFG_inst/O
                         net (fo=58, routed)          1.438     4.779    U1/CLK
    SLICE_X41Y50         FDCE                                         r  U1/cnt_1k_reg[0]/C

Slack:                    inf
  Source:                 reset
                            (input port)
  Destination:            U1/cnt_1k_reg[22]/CLR
                            (recovery check against rising-edge clock sys_clk_pin  {rise@0.000ns fall@5.000ns period=10.000ns})
  Path Group:             (none)
  Path Type:              Recovery (Max at Slow Process Corner)
  Data Path Delay:        6.012ns  (logic 1.603ns (26.659%)  route 4.410ns (73.341%))
  Logic Levels:           2  (IBUF=1 LUT1=1)
  Clock Path Skew:        4.779ns (DCD - SCD + CPR)
    Destination Clock Delay (DCD):    4.779ns
    Source Clock Delay      (SCD):    0.000ns
    Clock Pessimism Removal (CPR):    0.000ns
  Clock Uncertainty:      0.025ns  ((TSJ^2 + TIJ^2)^1/2 + DJ) / 2 + PE
    Total System Jitter     (TSJ):    0.050ns
    Total Input Jitter      (TIJ):    0.000ns
    Discrete Jitter          (DJ):    0.000ns
    Phase Error              (PE):    0.000ns

    Location             Delay type                Incr(ns)  Path(ns)    Netlist Resource(s)
  -------------------------------------------------------------------    -------------------
    V17                                               0.000     0.000 r  reset (IN)
                         net (fo=0)                   0.000     0.000    reset
    V17                  IBUF (Prop_ibuf_I_O)         1.453     1.453 r  reset_IBUF_inst/O
                         net (fo=9, routed)           3.045     4.498    U1/reset_IBUF
    SLICE_X28Y48         LUT1 (Prop_lut1_I0_O)        0.150     4.648 f  U1/FSM_onehot_state[5]_i_1/O
                         net (fo=113, routed)         1.364     6.012    U1/reset
    SLICE_X41Y50         FDCE                                         f  U1/cnt_1k_reg[22]/CLR
  -------------------------------------------------------------------    -------------------

                         (clock sys_clk_pin rise edge)
                                                      0.000     0.000 r  
    W5                                                0.000     0.000 r  clk (IN)
                         net (fo=0)                   0.000     0.000    clk
    W5                   IBUF (Prop_ibuf_I_O)         1.388     1.388 r  clk_IBUF_inst/O
                         net (fo=1, routed)           1.862     3.250    clk_IBUF
    BUFGCTRL_X0Y0        BUFG (Prop_bufg_I_O)         0.091     3.341 r  clk_IBUF_BUFG_inst/O
                         net (fo=58, routed)          1.438     4.779    U1/CLK
    SLICE_X41Y50         FDCE                                         r  U1/cnt_1k_reg[22]/C

Slack:                    inf
  Source:                 reset
                            (input port)
  Destination:            U1/cnt_1k_reg[23]/CLR
                            (recovery check against rising-edge clock sys_clk_pin  {rise@0.000ns fall@5.000ns period=10.000ns})
  Path Group:             (none)
  Path Type:              Recovery (Max at Slow Process Corner)
  Data Path Delay:        6.012ns  (logic 1.603ns (26.659%)  route 4.410ns (73.341%))
  Logic Levels:           2  (IBUF=1 LUT1=1)
  Clock Path Skew:        4.779ns (DCD - SCD + CPR)
    Destination Clock Delay (DCD):    4.779ns
    Source Clock Delay      (SCD):    0.000ns
    Clock Pessimism Removal (CPR):    0.000ns
  Clock Uncertainty:      0.025ns  ((TSJ^2 + TIJ^2)^1/2 + DJ) / 2 + PE
    Total System Jitter     (TSJ):    0.050ns
    Total Input Jitter      (TIJ):    0.000ns
    Discrete Jitter          (DJ):    0.000ns
    Phase Error              (PE):    0.000ns

    Location             Delay type                Incr(ns)  Path(ns)    Netlist Resource(s)
  -------------------------------------------------------------------    -------------------
    V17                                               0.000     0.000 r  reset (IN)
                         net (fo=0)                   0.000     0.000    reset
    V17                  IBUF (Prop_ibuf_I_O)         1.453     1.453 r  reset_IBUF_inst/O
                         net (fo=9, routed)           3.045     4.498    U1/reset_IBUF
    SLICE_X28Y48         LUT1 (Prop_lut1_I0_O)        0.150     4.648 f  U1/FSM_onehot_state[5]_i_1/O
                         net (fo=113, routed)         1.364     6.012    U1/reset
    SLICE_X41Y50         FDCE                                         f  U1/cnt_1k_reg[23]/CLR
  -------------------------------------------------------------------    -------------------

                         (clock sys_clk_pin rise edge)
                                                      0.000     0.000 r  
    W5                                                0.000     0.000 r  clk (IN)
                         net (fo=0)                   0.000     0.000    clk
    W5                   IBUF (Prop_ibuf_I_O)         1.388     1.388 r  clk_IBUF_inst/O
                         net (fo=1, routed)           1.862     3.250    clk_IBUF
    BUFGCTRL_X0Y0        BUFG (Prop_bufg_I_O)         0.091     3.341 r  clk_IBUF_BUFG_inst/O
                         net (fo=58, routed)          1.438     4.779    U1/CLK
    SLICE_X41Y50         FDCE                                         r  U1/cnt_1k_reg[23]/C

Slack:                    inf
  Source:                 reset
                            (input port)
  Destination:            U1/cnt_1k_reg[24]/CLR
                            (recovery check against rising-edge clock sys_clk_pin  {rise@0.000ns fall@5.000ns period=10.000ns})
  Path Group:             (none)
  Path Type:              Recovery (Max at Slow Process Corner)
  Data Path Delay:        6.012ns  (logic 1.603ns (26.659%)  route 4.410ns (73.341%))
  Logic Levels:           2  (IBUF=1 LUT1=1)
  Clock Path Skew:        4.779ns (DCD - SCD + CPR)
    Destination Clock Delay (DCD):    4.779ns
    Source Clock Delay      (SCD):    0.000ns
    Clock Pessimism Removal (CPR):    0.000ns
  Clock Uncertainty:      0.025ns  ((TSJ^2 + TIJ^2)^1/2 + DJ) / 2 + PE
    Total System Jitter     (TSJ):    0.050ns
    Total Input Jitter      (TIJ):    0.000ns
    Discrete Jitter          (DJ):    0.000ns
    Phase Error              (PE):    0.000ns

    Location             Delay type                Incr(ns)  Path(ns)    Netlist Resource(s)
  -------------------------------------------------------------------    -------------------
    V17                                               0.000     0.000 r  reset (IN)
                         net (fo=0)                   0.000     0.000    reset
    V17                  IBUF (Prop_ibuf_I_O)         1.453     1.453 r  reset_IBUF_inst/O
                         net (fo=9, routed)           3.045     4.498    U1/reset_IBUF
    SLICE_X28Y48         LUT1 (Prop_lut1_I0_O)        0.150     4.648 f  U1/FSM_onehot_state[5]_i_1/O
                         net (fo=113, routed)         1.364     6.012    U1/reset
    SLICE_X41Y50         FDCE                                         f  U1/cnt_1k_reg[24]/CLR
  -------------------------------------------------------------------    -------------------

                         (clock sys_clk_pin rise edge)
                                                      0.000     0.000 r  
    W5                                                0.000     0.000 r  clk (IN)
                         net (fo=0)                   0.000     0.000    clk
    W5                   IBUF (Prop_ibuf_I_O)         1.388     1.388 r  clk_IBUF_inst/O
                         net (fo=1, routed)           1.862     3.250    clk_IBUF
    BUFGCTRL_X0Y0        BUFG (Prop_bufg_I_O)         0.091     3.341 r  clk_IBUF_BUFG_inst/O
                         net (fo=58, routed)          1.438     4.779    U1/CLK
    SLICE_X41Y50         FDCE                                         r  U1/cnt_1k_reg[24]/C

Slack:                    inf
  Source:                 reset
                            (input port)
  Destination:            U1/cnt_1k_reg[25]/CLR
                            (recovery check against rising-edge clock sys_clk_pin  {rise@0.000ns fall@5.000ns period=10.000ns})
  Path Group:             (none)
  Path Type:              Recovery (Max at Slow Process Corner)
  Data Path Delay:        6.012ns  (logic 1.603ns (26.659%)  route 4.410ns (73.341%))
  Logic Levels:           2  (IBUF=1 LUT1=1)
  Clock Path Skew:        4.779ns (DCD - SCD + CPR)
    Destination Clock Delay (DCD):    4.779ns
    Source Clock Delay      (SCD):    0.000ns
    Clock Pessimism Removal (CPR):    0.000ns
  Clock Uncertainty:      0.025ns  ((TSJ^2 + TIJ^2)^1/2 + DJ) / 2 + PE
    Total System Jitter     (TSJ):    0.050ns
    Total Input Jitter      (TIJ):    0.000ns
    Discrete Jitter          (DJ):    0.000ns
    Phase Error              (PE):    0.000ns

    Location             Delay type                Incr(ns)  Path(ns)    Netlist Resource(s)
  -------------------------------------------------------------------    -------------------
    V17                                               0.000     0.000 r  reset (IN)
                         net (fo=0)                   0.000     0.000    reset
    V17                  IBUF (Prop_ibuf_I_O)         1.453     1.453 r  reset_IBUF_inst/O
                         net (fo=9, routed)           3.045     4.498    U1/reset_IBUF
    SLICE_X28Y48         LUT1 (Prop_lut1_I0_O)        0.150     4.648 f  U1/FSM_onehot_state[5]_i_1/O
                         net (fo=113, routed)         1.364     6.012    U1/reset
    SLICE_X41Y50         FDCE                                         f  U1/cnt_1k_reg[25]/CLR
  -------------------------------------------------------------------    -------------------

                         (clock sys_clk_pin rise edge)
                                                      0.000     0.000 r  
    W5                                                0.000     0.000 r  clk (IN)
                         net (fo=0)                   0.000     0.000    clk
    W5                   IBUF (Prop_ibuf_I_O)         1.388     1.388 r  clk_IBUF_inst/O
                         net (fo=1, routed)           1.862     3.250    clk_IBUF
    BUFGCTRL_X0Y0        BUFG (Prop_bufg_I_O)         0.091     3.341 r  clk_IBUF_BUFG_inst/O
                         net (fo=58, routed)          1.438     4.779    U1/CLK
    SLICE_X41Y50         FDCE                                         r  U1/cnt_1k_reg[25]/C

Slack:                    inf
  Source:                 reset
                            (input port)
  Destination:            U1/clk1000Hz_reg/CLR
                            (recovery check against rising-edge clock sys_clk_pin  {rise@0.000ns fall@5.000ns period=10.000ns})
  Path Group:             (none)
  Path Type:              Recovery (Max at Slow Process Corner)
  Data Path Delay:        5.996ns  (logic 1.603ns (26.733%)  route 4.393ns (73.267%))
  Logic Levels:           2  (IBUF=1 LUT1=1)
  Clock Path Skew:        4.788ns (DCD - SCD + CPR)
    Destination Clock Delay (DCD):    4.788ns
    Source Clock Delay      (SCD):    0.000ns
    Clock Pessimism Removal (CPR):    0.000ns
  Clock Uncertainty:      0.025ns  ((TSJ^2 + TIJ^2)^1/2 + DJ) / 2 + PE
    Total System Jitter     (TSJ):    0.050ns
    Total Input Jitter      (TIJ):    0.000ns
    Discrete Jitter          (DJ):    0.000ns
    Phase Error              (PE):    0.000ns

    Location             Delay type                Incr(ns)  Path(ns)    Netlist Resource(s)
  -------------------------------------------------------------------    -------------------
    V17                                               0.000     0.000 r  reset (IN)
                         net (fo=0)                   0.000     0.000    reset
    V17                  IBUF (Prop_ibuf_I_O)         1.453     1.453 r  reset_IBUF_inst/O
                         net (fo=9, routed)           3.045     4.498    U1/reset_IBUF
    SLICE_X28Y48         LUT1 (Prop_lut1_I0_O)        0.150     4.648 f  U1/FSM_onehot_state[5]_i_1/O
                         net (fo=113, routed)         1.348     5.996    U1/reset
    SLICE_X41Y46         FDCE                                         f  U1/clk1000Hz_reg/CLR
  -------------------------------------------------------------------    -------------------

                         (clock sys_clk_pin rise edge)
                                                      0.000     0.000 r  
    W5                                                0.000     0.000 r  clk (IN)
                         net (fo=0)                   0.000     0.000    clk
    W5                   IBUF (Prop_ibuf_I_O)         1.388     1.388 r  clk_IBUF_inst/O
                         net (fo=1, routed)           1.862     3.250    clk_IBUF
    BUFGCTRL_X0Y0        BUFG (Prop_bufg_I_O)         0.091     3.341 r  clk_IBUF_BUFG_inst/O
                         net (fo=58, routed)          1.447     4.788    U1/CLK
    SLICE_X41Y46         FDCE                                         r  U1/clk1000Hz_reg/C





Min Delay Paths
--------------------------------------------------------------------------------------
Slack:                    inf
  Source:                 keypad/row_val_reg[1]/C
                            (rising edge-triggered cell FDRE)
  Destination:            keypad/key_value_reg[2]/D
                            (rising edge-triggered cell FDCE clocked by sys_clk_pin  {rise@0.000ns fall@5.000ns period=10.000ns})
  Path Group:             (none)
  Path Type:              Hold (Min at Fast Process Corner)
  Data Path Delay:        0.338ns  (logic 0.186ns (54.962%)  route 0.152ns (45.038%))
  Logic Levels:           2  (FDRE=1 LUT6=1)
  Clock Uncertainty:      0.025ns  ((TSJ^2 + TIJ^2)^1/2 + DJ) / 2 + PE
    Total System Jitter     (TSJ):    0.050ns
    Total Input Jitter      (TIJ):    0.000ns
    Discrete Jitter          (DJ):    0.000ns
    Phase Error              (PE):    0.000ns

    Location             Delay type                Incr(ns)  Path(ns)    Netlist Resource(s)
  -------------------------------------------------------------------    -------------------
    SLICE_X28Y47         FDRE                         0.000     0.000 r  keypad/row_val_reg[1]/C
    SLICE_X28Y47         FDRE (Prop_fdre_C_Q)         0.141     0.141 r  keypad/row_val_reg[1]/Q
                         net (fo=5, routed)           0.152     0.293    keypad/sel0[5]
    SLICE_X28Y46         LUT6 (Prop_lut6_I2_O)        0.045     0.338 r  keypad/key_value[2]_i_1/O
                         net (fo=1, routed)           0.000     0.338    keypad/key_value[2]_i_1_n_0
    SLICE_X28Y46         FDCE                                         r  keypad/key_value_reg[2]/D
  -------------------------------------------------------------------    -------------------

                         (clock sys_clk_pin rise edge)
                                                      0.000     0.000 r  
    W5                                                0.000     0.000 r  clk (IN)
                         net (fo=0)                   0.000     0.000    clk
    W5                   IBUF (Prop_ibuf_I_O)         0.414     0.414 r  clk_IBUF_inst/O
                         net (fo=1, routed)           0.685     1.099    clk_IBUF
    BUFGCTRL_X0Y0        BUFG (Prop_bufg_I_O)         0.029     1.128 r  clk_IBUF_BUFG_inst/O
                         net (fo=58, routed)          0.833     1.960    keypad/key_value_reg[3]_4
    SLICE_X28Y46         FDCE                                         r  keypad/key_value_reg[2]/C

Slack:                    inf
  Source:                 keypad/row_val_reg[0]/C
                            (rising edge-triggered cell FDRE)
  Destination:            keypad/key_value_reg[3]/D
                            (rising edge-triggered cell FDCE clocked by sys_clk_pin  {rise@0.000ns fall@5.000ns period=10.000ns})
  Path Group:             (none)
  Path Type:              Hold (Min at Fast Process Corner)
  Data Path Delay:        0.338ns  (logic 0.186ns (54.958%)  route 0.152ns (45.042%))
  Logic Levels:           2  (FDRE=1 LUT6=1)
  Clock Uncertainty:      0.025ns  ((TSJ^2 + TIJ^2)^1/2 + DJ) / 2 + PE
    Total System Jitter     (TSJ):    0.050ns
    Total Input Jitter      (TIJ):    0.000ns
    Discrete Jitter          (DJ):    0.000ns
    Phase Error              (PE):    0.000ns

    Location             Delay type                Incr(ns)  Path(ns)    Netlist Resource(s)
  -------------------------------------------------------------------    -------------------
    SLICE_X28Y47         FDRE                         0.000     0.000 r  keypad/row_val_reg[0]/C
    SLICE_X28Y47         FDRE (Prop_fdre_C_Q)         0.141     0.141 r  keypad/row_val_reg[0]/Q
                         net (fo=5, routed)           0.152     0.293    keypad/sel0[4]
    SLICE_X28Y46         LUT6 (Prop_lut6_I4_O)        0.045     0.338 r  keypad/key_value[3]_i_2/O
                         net (fo=1, routed)           0.000     0.338    keypad/key_value[3]_i_2_n_0
    SLICE_X28Y46         FDCE                                         r  keypad/key_value_reg[3]/D
  -------------------------------------------------------------------    -------------------

                         (clock sys_clk_pin rise edge)
                                                      0.000     0.000 r  
    W5                                                0.000     0.000 r  clk (IN)
                         net (fo=0)                   0.000     0.000    clk
    W5                   IBUF (Prop_ibuf_I_O)         0.414     0.414 r  clk_IBUF_inst/O
                         net (fo=1, routed)           0.685     1.099    clk_IBUF
    BUFGCTRL_X0Y0        BUFG (Prop_bufg_I_O)         0.029     1.128 r  clk_IBUF_BUFG_inst/O
                         net (fo=58, routed)          0.833     1.960    keypad/key_value_reg[3]_4
    SLICE_X28Y46         FDCE                                         r  keypad/key_value_reg[3]/C

Slack:                    inf
  Source:                 keypad/row_val_reg[1]/C
                            (rising edge-triggered cell FDRE)
  Destination:            keypad/key_value_reg[1]/D
                            (rising edge-triggered cell FDCE clocked by sys_clk_pin  {rise@0.000ns fall@5.000ns period=10.000ns})
  Path Group:             (none)
  Path Type:              Hold (Min at Fast Process Corner)
  Data Path Delay:        0.339ns  (logic 0.186ns (54.800%)  route 0.153ns (45.200%))
  Logic Levels:           2  (FDRE=1 LUT6=1)
  Clock Uncertainty:      0.025ns  ((TSJ^2 + TIJ^2)^1/2 + DJ) / 2 + PE
    Total System Jitter     (TSJ):    0.050ns
    Total Input Jitter      (TIJ):    0.000ns
    Discrete Jitter          (DJ):    0.000ns
    Phase Error              (PE):    0.000ns

    Location             Delay type                Incr(ns)  Path(ns)    Netlist Resource(s)
  -------------------------------------------------------------------    -------------------
    SLICE_X28Y47         FDRE                         0.000     0.000 r  keypad/row_val_reg[1]/C
    SLICE_X28Y47         FDRE (Prop_fdre_C_Q)         0.141     0.141 r  keypad/row_val_reg[1]/Q
                         net (fo=5, routed)           0.153     0.294    keypad/sel0[5]
    SLICE_X28Y46         LUT6 (Prop_lut6_I3_O)        0.045     0.339 r  keypad/key_value[1]_i_1/O
                         net (fo=1, routed)           0.000     0.339    keypad/key_value[1]_i_1_n_0
    SLICE_X28Y46         FDCE                                         r  keypad/key_value_reg[1]/D
  -------------------------------------------------------------------    -------------------

                         (clock sys_clk_pin rise edge)
                                                      0.000     0.000 r  
    W5                                                0.000     0.000 r  clk (IN)
                         net (fo=0)                   0.000     0.000    clk
    W5                   IBUF (Prop_ibuf_I_O)         0.414     0.414 r  clk_IBUF_inst/O
                         net (fo=1, routed)           0.685     1.099    clk_IBUF
    BUFGCTRL_X0Y0        BUFG (Prop_bufg_I_O)         0.029     1.128 r  clk_IBUF_BUFG_inst/O
                         net (fo=58, routed)          0.833     1.960    keypad/key_value_reg[3]_4
    SLICE_X28Y46         FDCE                                         r  keypad/key_value_reg[1]/C

Slack:                    inf
  Source:                 keypad/row_val_reg[0]/C
                            (rising edge-triggered cell FDRE)
  Destination:            keypad/key_value_reg[0]/D
                            (rising edge-triggered cell FDCE clocked by sys_clk_pin  {rise@0.000ns fall@5.000ns period=10.000ns})
  Path Group:             (none)
  Path Type:              Hold (Min at Fast Process Corner)
  Data Path Delay:        0.340ns  (logic 0.186ns (54.771%)  route 0.154ns (45.229%))
  Logic Levels:           2  (FDRE=1 LUT6=1)
  Clock Uncertainty:      0.025ns  ((TSJ^2 + TIJ^2)^1/2 + DJ) / 2 + PE
    Total System Jitter     (TSJ):    0.050ns
    Total Input Jitter      (TIJ):    0.000ns
    Discrete Jitter          (DJ):    0.000ns
    Phase Error              (PE):    0.000ns

    Location             Delay type                Incr(ns)  Path(ns)    Netlist Resource(s)
  -------------------------------------------------------------------    -------------------
    SLICE_X28Y47         FDRE                         0.000     0.000 r  keypad/row_val_reg[0]/C
    SLICE_X28Y47         FDRE (Prop_fdre_C_Q)         0.141     0.141 r  keypad/row_val_reg[0]/Q
                         net (fo=5, routed)           0.154     0.295    keypad/sel0[4]
    SLICE_X28Y46         LUT6 (Prop_lut6_I2_O)        0.045     0.340 r  keypad/key_value[0]_i_1/O
                         net (fo=1, routed)           0.000     0.340    keypad/key_value[0]_i_1_n_0
    SLICE_X28Y46         FDCE                                         r  keypad/key_value_reg[0]/D
  -------------------------------------------------------------------    -------------------

                         (clock sys_clk_pin rise edge)
                                                      0.000     0.000 r  
    W5                                                0.000     0.000 r  clk (IN)
                         net (fo=0)                   0.000     0.000    clk
    W5                   IBUF (Prop_ibuf_I_O)         0.414     0.414 r  clk_IBUF_inst/O
                         net (fo=1, routed)           0.685     1.099    clk_IBUF
    BUFGCTRL_X0Y0        BUFG (Prop_bufg_I_O)         0.029     1.128 r  clk_IBUF_BUFG_inst/O
                         net (fo=58, routed)          0.833     1.960    keypad/key_value_reg[3]_4
    SLICE_X28Y46         FDCE                                         r  keypad/key_value_reg[0]/C

Slack:                    inf
  Source:                 keypad/col_val_reg[2]/C
                            (rising edge-triggered cell FDRE)
  Destination:            keypad/key_value_reg[0]/CE
                            (rising edge-triggered cell FDCE clocked by sys_clk_pin  {rise@0.000ns fall@5.000ns period=10.000ns})
  Path Group:             (none)
  Path Type:              Hold (Min at Fast Process Corner)
  Data Path Delay:        0.368ns  (logic 0.186ns (50.577%)  route 0.182ns (49.423%))
  Logic Levels:           2  (FDRE=1 LUT5=1)
  Clock Uncertainty:      0.025ns  ((TSJ^2 + TIJ^2)^1/2 + DJ) / 2 + PE
    Total System Jitter     (TSJ):    0.050ns
    Total Input Jitter      (TIJ):    0.000ns
    Discrete Jitter          (DJ):    0.000ns
    Phase Error              (PE):    0.000ns

    Location             Delay type                Incr(ns)  Path(ns)    Netlist Resource(s)
  -------------------------------------------------------------------    -------------------
    SLICE_X29Y47         FDRE                         0.000     0.000 r  keypad/col_val_reg[2]/C
    SLICE_X29Y47         FDRE (Prop_fdre_C_Q)         0.141     0.141 r  keypad/col_val_reg[2]/Q
                         net (fo=5, routed)           0.071     0.212    keypad/sel0[2]
    SLICE_X28Y47         LUT5 (Prop_lut5_I0_O)        0.045     0.257 r  keypad/key_value[3]_i_1/O
                         net (fo=4, routed)           0.111     0.368    keypad/key_value
    SLICE_X28Y46         FDCE                                         r  keypad/key_value_reg[0]/CE
  -------------------------------------------------------------------    -------------------

                         (clock sys_clk_pin rise edge)
                                                      0.000     0.000 r  
    W5                                                0.000     0.000 r  clk (IN)
                         net (fo=0)                   0.000     0.000    clk
    W5                   IBUF (Prop_ibuf_I_O)         0.414     0.414 r  clk_IBUF_inst/O
                         net (fo=1, routed)           0.685     1.099    clk_IBUF
    BUFGCTRL_X0Y0        BUFG (Prop_bufg_I_O)         0.029     1.128 r  clk_IBUF_BUFG_inst/O
                         net (fo=58, routed)          0.833     1.960    keypad/key_value_reg[3]_4
    SLICE_X28Y46         FDCE                                         r  keypad/key_value_reg[0]/C

Slack:                    inf
  Source:                 keypad/col_val_reg[2]/C
                            (rising edge-triggered cell FDRE)
  Destination:            keypad/key_value_reg[1]/CE
                            (rising edge-triggered cell FDCE clocked by sys_clk_pin  {rise@0.000ns fall@5.000ns period=10.000ns})
  Path Group:             (none)
  Path Type:              Hold (Min at Fast Process Corner)
  Data Path Delay:        0.368ns  (logic 0.186ns (50.577%)  route 0.182ns (49.423%))
  Logic Levels:           2  (FDRE=1 LUT5=1)
  Clock Uncertainty:      0.025ns  ((TSJ^2 + TIJ^2)^1/2 + DJ) / 2 + PE
    Total System Jitter     (TSJ):    0.050ns
    Total Input Jitter      (TIJ):    0.000ns
    Discrete Jitter          (DJ):    0.000ns
    Phase Error              (PE):    0.000ns

    Location             Delay type                Incr(ns)  Path(ns)    Netlist Resource(s)
  -------------------------------------------------------------------    -------------------
    SLICE_X29Y47         FDRE                         0.000     0.000 r  keypad/col_val_reg[2]/C
    SLICE_X29Y47         FDRE (Prop_fdre_C_Q)         0.141     0.141 r  keypad/col_val_reg[2]/Q
                         net (fo=5, routed)           0.071     0.212    keypad/sel0[2]
    SLICE_X28Y47         LUT5 (Prop_lut5_I0_O)        0.045     0.257 r  keypad/key_value[3]_i_1/O
                         net (fo=4, routed)           0.111     0.368    keypad/key_value
    SLICE_X28Y46         FDCE                                         r  keypad/key_value_reg[1]/CE
  -------------------------------------------------------------------    -------------------

                         (clock sys_clk_pin rise edge)
                                                      0.000     0.000 r  
    W5                                                0.000     0.000 r  clk (IN)
                         net (fo=0)                   0.000     0.000    clk
    W5                   IBUF (Prop_ibuf_I_O)         0.414     0.414 r  clk_IBUF_inst/O
                         net (fo=1, routed)           0.685     1.099    clk_IBUF
    BUFGCTRL_X0Y0        BUFG (Prop_bufg_I_O)         0.029     1.128 r  clk_IBUF_BUFG_inst/O
                         net (fo=58, routed)          0.833     1.960    keypad/key_value_reg[3]_4
    SLICE_X28Y46         FDCE                                         r  keypad/key_value_reg[1]/C

Slack:                    inf
  Source:                 keypad/col_val_reg[2]/C
                            (rising edge-triggered cell FDRE)
  Destination:            keypad/key_value_reg[2]/CE
                            (rising edge-triggered cell FDCE clocked by sys_clk_pin  {rise@0.000ns fall@5.000ns period=10.000ns})
  Path Group:             (none)
  Path Type:              Hold (Min at Fast Process Corner)
  Data Path Delay:        0.368ns  (logic 0.186ns (50.577%)  route 0.182ns (49.423%))
  Logic Levels:           2  (FDRE=1 LUT5=1)
  Clock Uncertainty:      0.025ns  ((TSJ^2 + TIJ^2)^1/2 + DJ) / 2 + PE
    Total System Jitter     (TSJ):    0.050ns
    Total Input Jitter      (TIJ):    0.000ns
    Discrete Jitter          (DJ):    0.000ns
    Phase Error              (PE):    0.000ns

    Location             Delay type                Incr(ns)  Path(ns)    Netlist Resource(s)
  -------------------------------------------------------------------    -------------------
    SLICE_X29Y47         FDRE                         0.000     0.000 r  keypad/col_val_reg[2]/C
    SLICE_X29Y47         FDRE (Prop_fdre_C_Q)         0.141     0.141 r  keypad/col_val_reg[2]/Q
                         net (fo=5, routed)           0.071     0.212    keypad/sel0[2]
    SLICE_X28Y47         LUT5 (Prop_lut5_I0_O)        0.045     0.257 r  keypad/key_value[3]_i_1/O
                         net (fo=4, routed)           0.111     0.368    keypad/key_value
    SLICE_X28Y46         FDCE                                         r  keypad/key_value_reg[2]/CE
  -------------------------------------------------------------------    -------------------

                         (clock sys_clk_pin rise edge)
                                                      0.000     0.000 r  
    W5                                                0.000     0.000 r  clk (IN)
                         net (fo=0)                   0.000     0.000    clk
    W5                   IBUF (Prop_ibuf_I_O)         0.414     0.414 r  clk_IBUF_inst/O
                         net (fo=1, routed)           0.685     1.099    clk_IBUF
    BUFGCTRL_X0Y0        BUFG (Prop_bufg_I_O)         0.029     1.128 r  clk_IBUF_BUFG_inst/O
                         net (fo=58, routed)          0.833     1.960    keypad/key_value_reg[3]_4
    SLICE_X28Y46         FDCE                                         r  keypad/key_value_reg[2]/C

Slack:                    inf
  Source:                 keypad/col_val_reg[2]/C
                            (rising edge-triggered cell FDRE)
  Destination:            keypad/key_value_reg[3]/CE
                            (rising edge-triggered cell FDCE clocked by sys_clk_pin  {rise@0.000ns fall@5.000ns period=10.000ns})
  Path Group:             (none)
  Path Type:              Hold (Min at Fast Process Corner)
  Data Path Delay:        0.368ns  (logic 0.186ns (50.577%)  route 0.182ns (49.423%))
  Logic Levels:           2  (FDRE=1 LUT5=1)
  Clock Uncertainty:      0.025ns  ((TSJ^2 + TIJ^2)^1/2 + DJ) / 2 + PE
    Total System Jitter     (TSJ):    0.050ns
    Total Input Jitter      (TIJ):    0.000ns
    Discrete Jitter          (DJ):    0.000ns
    Phase Error              (PE):    0.000ns

    Location             Delay type                Incr(ns)  Path(ns)    Netlist Resource(s)
  -------------------------------------------------------------------    -------------------
    SLICE_X29Y47         FDRE                         0.000     0.000 r  keypad/col_val_reg[2]/C
    SLICE_X29Y47         FDRE (Prop_fdre_C_Q)         0.141     0.141 r  keypad/col_val_reg[2]/Q
                         net (fo=5, routed)           0.071     0.212    keypad/sel0[2]
    SLICE_X28Y47         LUT5 (Prop_lut5_I0_O)        0.045     0.257 r  keypad/key_value[3]_i_1/O
                         net (fo=4, routed)           0.111     0.368    keypad/key_value
    SLICE_X28Y46         FDCE                                         r  keypad/key_value_reg[3]/CE
  -------------------------------------------------------------------    -------------------

                         (clock sys_clk_pin rise edge)
                                                      0.000     0.000 r  
    W5                                                0.000     0.000 r  clk (IN)
                         net (fo=0)                   0.000     0.000    clk
    W5                   IBUF (Prop_ibuf_I_O)         0.414     0.414 r  clk_IBUF_inst/O
                         net (fo=1, routed)           0.685     1.099    clk_IBUF
    BUFGCTRL_X0Y0        BUFG (Prop_bufg_I_O)         0.029     1.128 r  clk_IBUF_BUFG_inst/O
                         net (fo=58, routed)          0.833     1.960    keypad/key_value_reg[3]_4
    SLICE_X28Y46         FDCE                                         r  keypad/key_value_reg[3]/C

Slack:                    inf
  Source:                 reset
                            (input port)
  Destination:            U1/cnt_50_reg[6]/CLR
                            (removal check against rising-edge clock sys_clk_pin  {rise@0.000ns fall@5.000ns period=10.000ns})
  Path Group:             (none)
  Path Type:              Removal (Min at Fast Process Corner)
  Data Path Delay:        1.863ns  (logic 0.263ns (14.113%)  route 1.600ns (85.887%))
  Logic Levels:           2  (IBUF=1 LUT1=1)
  Clock Path Skew:        1.960ns (DCD - SCD - CPR)
    Destination Clock Delay (DCD):    1.960ns
    Source Clock Delay      (SCD):    0.000ns
    Clock Pessimism Removal (CPR):    -0.000ns

    Location             Delay type                Incr(ns)  Path(ns)    Netlist Resource(s)
  -------------------------------------------------------------------    -------------------
    V17                                               0.000     0.000 r  reset (IN)
                         net (fo=0)                   0.000     0.000    reset
    V17                  IBUF (Prop_ibuf_I_O)         0.221     0.221 r  reset_IBUF_inst/O
                         net (fo=9, routed)           1.385     1.606    U1/reset_IBUF
    SLICE_X28Y48         LUT1 (Prop_lut1_I0_O)        0.042     1.648 f  U1/FSM_onehot_state[5]_i_1/O
                         net (fo=113, routed)         0.215     1.863    U1/reset
    SLICE_X30Y48         FDCE                                         f  U1/cnt_50_reg[6]/CLR
  -------------------------------------------------------------------    -------------------

                         (clock sys_clk_pin rise edge)
                                                      0.000     0.000 r  
    W5                                                0.000     0.000 r  clk (IN)
                         net (fo=0)                   0.000     0.000    clk
    W5                   IBUF (Prop_ibuf_I_O)         0.414     0.414 r  clk_IBUF_inst/O
                         net (fo=1, routed)           0.685     1.099    clk_IBUF
    BUFGCTRL_X0Y0        BUFG (Prop_bufg_I_O)         0.029     1.128 r  clk_IBUF_BUFG_inst/O
                         net (fo=58, routed)          0.833     1.960    U1/CLK
    SLICE_X30Y48         FDCE                                         r  U1/cnt_50_reg[6]/C

Slack:                    inf
  Source:                 reset
                            (input port)
  Destination:            U1/cnt_50_reg[7]/CLR
                            (removal check against rising-edge clock sys_clk_pin  {rise@0.000ns fall@5.000ns period=10.000ns})
  Path Group:             (none)
  Path Type:              Removal (Min at Fast Process Corner)
  Data Path Delay:        1.863ns  (logic 0.263ns (14.113%)  route 1.600ns (85.887%))
  Logic Levels:           2  (IBUF=1 LUT1=1)
  Clock Path Skew:        1.960ns (DCD - SCD - CPR)
    Destination Clock Delay (DCD):    1.960ns
    Source Clock Delay      (SCD):    0.000ns
    Clock Pessimism Removal (CPR):    -0.000ns

    Location             Delay type                Incr(ns)  Path(ns)    Netlist Resource(s)
  -------------------------------------------------------------------    -------------------
    V17                                               0.000     0.000 r  reset (IN)
                         net (fo=0)                   0.000     0.000    reset
    V17                  IBUF (Prop_ibuf_I_O)         0.221     0.221 r  reset_IBUF_inst/O
                         net (fo=9, routed)           1.385     1.606    U1/reset_IBUF
    SLICE_X28Y48         LUT1 (Prop_lut1_I0_O)        0.042     1.648 f  U1/FSM_onehot_state[5]_i_1/O
                         net (fo=113, routed)         0.215     1.863    U1/reset
    SLICE_X30Y48         FDCE                                         f  U1/cnt_50_reg[7]/CLR
  -------------------------------------------------------------------    -------------------

                         (clock sys_clk_pin rise edge)
                                                      0.000     0.000 r  
    W5                                                0.000     0.000 r  clk (IN)
                         net (fo=0)                   0.000     0.000    clk
    W5                   IBUF (Prop_ibuf_I_O)         0.414     0.414 r  clk_IBUF_inst/O
                         net (fo=1, routed)           0.685     1.099    clk_IBUF
    BUFGCTRL_X0Y0        BUFG (Prop_bufg_I_O)         0.029     1.128 r  clk_IBUF_BUFG_inst/O
                         net (fo=58, routed)          0.833     1.960    U1/CLK
    SLICE_X30Y48         FDCE                                         r  U1/cnt_50_reg[7]/C





