Copyright 1986-2022 Xilinx, Inc. All Rights Reserved. Copyright 2022-2023 Advanced Micro Devices, Inc. All Rights Reserved.
------------------------------------------------------------------------------------------------------------------------------------------------------------------------------------------------------
| Tool Version : Vivado v.2023.1 (win64) Build 3865809 Sun May  7 15:05:29 MDT 2023
| Date         : Sat Jun 27 21:27:44 2026
| Host         : DESKTOP-A2AGG41 running 64-bit major release  (build 9200)
| Command      : report_timing_summary -max_paths 10 -report_unconstrained -file top_timing_summary_routed.rpt -pb top_timing_summary_routed.pb -rpx top_timing_summary_routed.rpx -warn_on_violation
| Design       : top
| Device       : 7a35t-cpg236
| Speed File   : -1  PRODUCTION 1.23 2018-06-13
| Design State : Routed
------------------------------------------------------------------------------------------------------------------------------------------------------------------------------------------------------

Timing Summary Report

------------------------------------------------------------------------------------------------
| Timer Settings
| --------------
------------------------------------------------------------------------------------------------

  Enable Multi Corner Analysis               :  Yes
  Enable Pessimism Removal                   :  Yes
  Pessimism Removal Resolution               :  Nearest Common Node
  Enable Input Delay Default Clock           :  No
  Enable Preset / Clear Arcs                 :  No
  Disable Flight Delays                      :  No
  Ignore I/O Paths                           :  No
  Timing Early Launch at Borrowing Latches   :  No
  Borrow Time for Max Delay Exceptions       :  Yes
  Merge Timing Exceptions                    :  Yes

  Corner  Analyze    Analyze    
  Name    Max Paths  Min Paths  
  ------  ---------  ---------  
  Slow    Yes        Yes        
  Fast    Yes        Yes        


------------------------------------------------------------------------------------------------
| Report Methodology
| ------------------
------------------------------------------------------------------------------------------------

Rule       Severity  Description                    Violations  
---------  --------  -----------------------------  ----------  
TIMING-18  Warning   Missing input or output delay  18          

Note: This report is based on the most recent report_methodology run and may not be up-to-date. Run report_methodology on the current design for the latest report.



check_timing report

Table of Contents
-----------------
1. checking no_clock (0)
2. checking constant_clock (0)
3. checking pulse_width_clock (0)
4. checking unconstrained_internal_endpoints (0)
5. checking no_input_delay (1)
6. checking no_output_delay (16)
7. checking multiple_clock (0)
8. checking generated_clocks (0)
9. checking loops (0)
10. checking partial_input_delay (0)
11. checking partial_output_delay (0)
12. checking latch_loops (0)

1. checking no_clock (0)
------------------------
 There are 0 register/latch pins with no clock.


2. checking constant_clock (0)
------------------------------
 There are 0 register/latch pins with constant_clock.


3. checking pulse_width_clock (0)
---------------------------------
 There are 0 register/latch pins which need pulse_width check


4. checking unconstrained_internal_endpoints (0)
------------------------------------------------
 There are 0 pins that are not constrained for maximum delay.

 There are 0 pins that are not constrained for maximum delay due to constant clock.


5. checking no_input_delay (1)
------------------------------
 There is 1 input port with no input delay specified. (HIGH)

 There are 0 input ports with no input delay but user has a false path constraint.


6. checking no_output_delay (16)
--------------------------------
 There are 16 ports with no output delay specified. (HIGH)

 There are 0 ports with no output delay but user has a false path constraint

 There are 0 ports with no output delay but with a timing clock defined on it or propagating through it


7. checking multiple_clock (0)
------------------------------
 There are 0 register/latch pins with multiple clocks.


8. checking generated_clocks (0)
--------------------------------
 There are 0 generated clocks that are not connected to a clock source.


9. checking loops (0)
---------------------
 There are 0 combinational loops in the design.


10. checking partial_input_delay (0)
------------------------------------
 There are 0 input ports with partial input delay specified.


11. checking partial_output_delay (0)
-------------------------------------
 There are 0 ports with partial output delay specified.


12. checking latch_loops (0)
----------------------------
 There are 0 combinational latch loops in the design through latch input



------------------------------------------------------------------------------------------------
| Design Timing Summary
| ---------------------
------------------------------------------------------------------------------------------------

    WNS(ns)      TNS(ns)  TNS Failing Endpoints  TNS Total Endpoints      WHS(ns)      THS(ns)  THS Failing Endpoints  THS Total Endpoints     WPWS(ns)     TPWS(ns)  TPWS Failing Endpoints  TPWS Total Endpoints  
    -------      -------  ---------------------  -------------------      -------      -------  ---------------------  -------------------     --------     --------  ----------------------  --------------------  
      6.034        0.000                      0                   42        0.193        0.000                      0                   42        4.500        0.000                       0                    23  


All user specified timing constraints are met.


------------------------------------------------------------------------------------------------
| Clock Summary
| -------------
------------------------------------------------------------------------------------------------

Clock        Waveform(ns)       Period(ns)      Frequency(MHz)
-----        ------------       ----------      --------------
sys_clk_pin  {0.000 5.000}      10.000          100.000         


------------------------------------------------------------------------------------------------
| Intra Clock Table
| -----------------
------------------------------------------------------------------------------------------------

Clock             WNS(ns)      TNS(ns)  TNS Failing Endpoints  TNS Total Endpoints      WHS(ns)      THS(ns)  THS Failing Endpoints  THS Total Endpoints     WPWS(ns)     TPWS(ns)  TPWS Failing Endpoints  TPWS Total Endpoints  
-----             -------      -------  ---------------------  -------------------      -------      -------  ---------------------  -------------------     --------     --------  ----------------------  --------------------  
sys_clk_pin         6.034        0.000                      0                   42        0.193        0.000                      0                   42        4.500        0.000                       0                    23  


------------------------------------------------------------------------------------------------
| Inter Clock Table
| -----------------
------------------------------------------------------------------------------------------------

From Clock    To Clock          WNS(ns)      TNS(ns)  TNS Failing Endpoints  TNS Total Endpoints      WHS(ns)      THS(ns)  THS Failing Endpoints  THS Total Endpoints  
----------    --------          -------      -------  ---------------------  -------------------      -------      -------  ---------------------  -------------------  


------------------------------------------------------------------------------------------------
| Other Path Groups Table
| -----------------------
------------------------------------------------------------------------------------------------

Path Group    From Clock    To Clock          WNS(ns)      TNS(ns)  TNS Failing Endpoints  TNS Total Endpoints      WHS(ns)      THS(ns)  THS Failing Endpoints  THS Total Endpoints  
----------    ----------    --------          -------      -------  ---------------------  -------------------      -------      -------  ---------------------  -------------------  


------------------------------------------------------------------------------------------------
| User Ignored Path Table
| -----------------------
------------------------------------------------------------------------------------------------

Path Group    From Clock    To Clock    
----------    ----------    --------    


------------------------------------------------------------------------------------------------
| Unconstrained Path Table
| ------------------------
------------------------------------------------------------------------------------------------

Path Group    From Clock    To Clock    
----------    ----------    --------    
(none)                                    
(none)        sys_clk_pin                 
(none)                      sys_clk_pin   


------------------------------------------------------------------------------------------------
| Timing Details
| --------------
------------------------------------------------------------------------------------------------


---------------------------------------------------------------------------------------------------
From Clock:  sys_clk_pin
  To Clock:  sys_clk_pin

Setup :            0  Failing Endpoints,  Worst Slack        6.034ns,  Total Violation        0.000ns
Hold  :            0  Failing Endpoints,  Worst Slack        0.193ns,  Total Violation        0.000ns
PW    :            0  Failing Endpoints,  Worst Slack        4.500ns,  Total Violation        0.000ns
---------------------------------------------------------------------------------------------------


Max Delay Paths
--------------------------------------------------------------------------------------
Slack (MET) :             6.034ns  (required time - arrival time)
  Source:                 vga/h_count_reg_reg[3]/C
                            (rising edge-triggered cell FDCE clocked by sys_clk_pin  {rise@0.000ns fall@5.000ns period=10.000ns})
  Destination:            vga/v_count_reg_reg[2]/CE
                            (rising edge-triggered cell FDCE clocked by sys_clk_pin  {rise@0.000ns fall@5.000ns period=10.000ns})
  Path Group:             sys_clk_pin
  Path Type:              Setup (Max at Slow Process Corner)
  Requirement:            10.000ns  (sys_clk_pin rise@10.000ns - sys_clk_pin rise@0.000ns)
  Data Path Delay:        3.703ns  (logic 1.249ns (33.727%)  route 2.454ns (66.273%))
  Logic Levels:           3  (LUT3=1 LUT5=1 LUT6=1)
  Clock Path Skew:        -0.022ns (DCD - SCD + CPR)
    Destination Clock Delay (DCD):    4.849ns = ( 14.849 - 10.000 ) 
    Source Clock Delay      (SCD):    5.146ns
    Clock Pessimism Removal (CPR):    0.275ns
  Clock Uncertainty:      0.035ns  ((TSJ^2 + TIJ^2)^1/2 + DJ) / 2 + PE
    Total System Jitter     (TSJ):    0.071ns
    Total Input Jitter      (TIJ):    0.000ns
    Discrete Jitter          (DJ):    0.000ns
    Phase Error              (PE):    0.000ns

    Location             Delay type                Incr(ns)  Path(ns)    Netlist Resource(s)
  -------------------------------------------------------------------    -------------------
                         (clock sys_clk_pin rise edge)
                                                      0.000     0.000 r  
    W5                                                0.000     0.000 r  clk (IN)
                         net (fo=0)                   0.000     0.000    clk
    W5                   IBUF (Prop_ibuf_I_O)         1.458     1.458 r  clk_IBUF_inst/O
                         net (fo=1, routed)           1.967     3.425    clk_IBUF
    BUFGCTRL_X0Y0        BUFG (Prop_bufg_I_O)         0.096     3.521 r  clk_IBUF_BUFG_inst/O
                         net (fo=22, routed)          1.625     5.146    vga/CLK
    SLICE_X2Y29          FDCE                                         r  vga/h_count_reg_reg[3]/C
  -------------------------------------------------------------------    -------------------
    SLICE_X2Y29          FDCE (Prop_fdce_C_Q)         0.478     5.624 r  vga/h_count_reg_reg[3]/Q
                         net (fo=6, routed)           0.866     6.490    vga/h_count_reg_reg_n_0_[3]
    SLICE_X1Y29          LUT6 (Prop_lut6_I1_O)        0.295     6.785 f  vga/h_count_reg[9]_i_5/O
                         net (fo=1, routed)           0.433     7.218    vga/h_count_reg[9]_i_5_n_0
    SLICE_X1Y29          LUT5 (Prop_lut5_I0_O)        0.150     7.368 f  vga/h_count_reg[9]_i_3/O
                         net (fo=11, routed)          0.637     8.005    vga/h_count_reg[9]_i_3_n_0
    SLICE_X4Y29          LUT3 (Prop_lut3_I2_O)        0.326     8.331 r  vga/v_count_reg[9]_i_1/O
                         net (fo=10, routed)          0.519     8.850    vga/v_count_reg
    SLICE_X3Y29          FDCE                                         r  vga/v_count_reg_reg[2]/CE
  -------------------------------------------------------------------    -------------------

                         (clock sys_clk_pin rise edge)
                                                     10.000    10.000 r  
    W5                                                0.000    10.000 r  clk (IN)
                         net (fo=0)                   0.000    10.000    clk
    W5                   IBUF (Prop_ibuf_I_O)         1.388    11.388 r  clk_IBUF_inst/O
                         net (fo=1, routed)           1.862    13.250    clk_IBUF
    BUFGCTRL_X0Y0        BUFG (Prop_bufg_I_O)         0.091    13.341 r  clk_IBUF_BUFG_inst/O
                         net (fo=22, routed)          1.508    14.849    vga/CLK
    SLICE_X3Y29          FDCE                                         r  vga/v_count_reg_reg[2]/C
                         clock pessimism              0.275    15.124    
                         clock uncertainty           -0.035    15.089    
    SLICE_X3Y29          FDCE (Setup_fdce_C_CE)      -0.205    14.884    vga/v_count_reg_reg[2]
  -------------------------------------------------------------------
                         required time                         14.884    
                         arrival time                          -8.850    
  -------------------------------------------------------------------
                         slack                                  6.034    

Slack (MET) :             6.034ns  (required time - arrival time)
  Source:                 vga/h_count_reg_reg[3]/C
                            (rising edge-triggered cell FDCE clocked by sys_clk_pin  {rise@0.000ns fall@5.000ns period=10.000ns})
  Destination:            vga/v_count_reg_reg[3]/CE
                            (rising edge-triggered cell FDCE clocked by sys_clk_pin  {rise@0.000ns fall@5.000ns period=10.000ns})
  Path Group:             sys_clk_pin
  Path Type:              Setup (Max at Slow Process Corner)
  Requirement:            10.000ns  (sys_clk_pin rise@10.000ns - sys_clk_pin rise@0.000ns)
  Data Path Delay:        3.703ns  (logic 1.249ns (33.727%)  route 2.454ns (66.273%))
  Logic Levels:           3  (LUT3=1 LUT5=1 LUT6=1)
  Clock Path Skew:        -0.022ns (DCD - SCD + CPR)
    Destination Clock Delay (DCD):    4.849ns = ( 14.849 - 10.000 ) 
    Source Clock Delay      (SCD):    5.146ns
    Clock Pessimism Removal (CPR):    0.275ns
  Clock Uncertainty:      0.035ns  ((TSJ^2 + TIJ^2)^1/2 + DJ) / 2 + PE
    Total System Jitter     (TSJ):    0.071ns
    Total Input Jitter      (TIJ):    0.000ns
    Discrete Jitter          (DJ):    0.000ns
    Phase Error              (PE):    0.000ns

    Location             Delay type                Incr(ns)  Path(ns)    Netlist Resource(s)
  -------------------------------------------------------------------    -------------------
                         (clock sys_clk_pin rise edge)
                                                      0.000     0.000 r  
    W5                                                0.000     0.000 r  clk (IN)
                         net (fo=0)                   0.000     0.000    clk
    W5                   IBUF (Prop_ibuf_I_O)         1.458     1.458 r  clk_IBUF_inst/O
                         net (fo=1, routed)           1.967     3.425    clk_IBUF
    BUFGCTRL_X0Y0        BUFG (Prop_bufg_I_O)         0.096     3.521 r  clk_IBUF_BUFG_inst/O
                         net (fo=22, routed)          1.625     5.146    vga/CLK
    SLICE_X2Y29          FDCE                                         r  vga/h_count_reg_reg[3]/C
  -------------------------------------------------------------------    -------------------
    SLICE_X2Y29          FDCE (Prop_fdce_C_Q)         0.478     5.624 r  vga/h_count_reg_reg[3]/Q
                         net (fo=6, routed)           0.866     6.490    vga/h_count_reg_reg_n_0_[3]
    SLICE_X1Y29          LUT6 (Prop_lut6_I1_O)        0.295     6.785 f  vga/h_count_reg[9]_i_5/O
                         net (fo=1, routed)           0.433     7.218    vga/h_count_reg[9]_i_5_n_0
    SLICE_X1Y29          LUT5 (Prop_lut5_I0_O)        0.150     7.368 f  vga/h_count_reg[9]_i_3/O
                         net (fo=11, routed)          0.637     8.005    vga/h_count_reg[9]_i_3_n_0
    SLICE_X4Y29          LUT3 (Prop_lut3_I2_O)        0.326     8.331 r  vga/v_count_reg[9]_i_1/O
                         net (fo=10, routed)          0.519     8.850    vga/v_count_reg
    SLICE_X3Y29          FDCE                                         r  vga/v_count_reg_reg[3]/CE
  -------------------------------------------------------------------    -------------------

                         (clock sys_clk_pin rise edge)
                                                     10.000    10.000 r  
    W5                                                0.000    10.000 r  clk (IN)
                         net (fo=0)                   0.000    10.000    clk
    W5                   IBUF (Prop_ibuf_I_O)         1.388    11.388 r  clk_IBUF_inst/O
                         net (fo=1, routed)           1.862    13.250    clk_IBUF
    BUFGCTRL_X0Y0        BUFG (Prop_bufg_I_O)         0.091    13.341 r  clk_IBUF_BUFG_inst/O
                         net (fo=22, routed)          1.508    14.849    vga/CLK
    SLICE_X3Y29          FDCE                                         r  vga/v_count_reg_reg[3]/C
                         clock pessimism              0.275    15.124    
                         clock uncertainty           -0.035    15.089    
    SLICE_X3Y29          FDCE (Setup_fdce_C_CE)      -0.205    14.884    vga/v_count_reg_reg[3]
  -------------------------------------------------------------------
                         required time                         14.884    
                         arrival time                          -8.850    
  -------------------------------------------------------------------
                         slack                                  6.034    

Slack (MET) :             6.034ns  (required time - arrival time)
  Source:                 vga/h_count_reg_reg[3]/C
                            (rising edge-triggered cell FDCE clocked by sys_clk_pin  {rise@0.000ns fall@5.000ns period=10.000ns})
  Destination:            vga/v_count_reg_reg[5]/CE
                            (rising edge-triggered cell FDCE clocked by sys_clk_pin  {rise@0.000ns fall@5.000ns period=10.000ns})
  Path Group:             sys_clk_pin
  Path Type:              Setup (Max at Slow Process Corner)
  Requirement:            10.000ns  (sys_clk_pin rise@10.000ns - sys_clk_pin rise@0.000ns)
  Data Path Delay:        3.703ns  (logic 1.249ns (33.727%)  route 2.454ns (66.273%))
  Logic Levels:           3  (LUT3=1 LUT5=1 LUT6=1)
  Clock Path Skew:        -0.022ns (DCD - SCD + CPR)
    Destination Clock Delay (DCD):    4.849ns = ( 14.849 - 10.000 ) 
    Source Clock Delay      (SCD):    5.146ns
    Clock Pessimism Removal (CPR):    0.275ns
  Clock Uncertainty:      0.035ns  ((TSJ^2 + TIJ^2)^1/2 + DJ) / 2 + PE
    Total System Jitter     (TSJ):    0.071ns
    Total Input Jitter      (TIJ):    0.000ns
    Discrete Jitter          (DJ):    0.000ns
    Phase Error              (PE):    0.000ns

    Location             Delay type                Incr(ns)  Path(ns)    Netlist Resource(s)
  -------------------------------------------------------------------    -------------------
                         (clock sys_clk_pin rise edge)
                                                      0.000     0.000 r  
    W5                                                0.000     0.000 r  clk (IN)
                         net (fo=0)                   0.000     0.000    clk
    W5                   IBUF (Prop_ibuf_I_O)         1.458     1.458 r  clk_IBUF_inst/O
                         net (fo=1, routed)           1.967     3.425    clk_IBUF
    BUFGCTRL_X0Y0        BUFG (Prop_bufg_I_O)         0.096     3.521 r  clk_IBUF_BUFG_inst/O
                         net (fo=22, routed)          1.625     5.146    vga/CLK
    SLICE_X2Y29          FDCE                                         r  vga/h_count_reg_reg[3]/C
  -------------------------------------------------------------------    -------------------
    SLICE_X2Y29          FDCE (Prop_fdce_C_Q)         0.478     5.624 r  vga/h_count_reg_reg[3]/Q
                         net (fo=6, routed)           0.866     6.490    vga/h_count_reg_reg_n_0_[3]
    SLICE_X1Y29          LUT6 (Prop_lut6_I1_O)        0.295     6.785 f  vga/h_count_reg[9]_i_5/O
                         net (fo=1, routed)           0.433     7.218    vga/h_count_reg[9]_i_5_n_0
    SLICE_X1Y29          LUT5 (Prop_lut5_I0_O)        0.150     7.368 f  vga/h_count_reg[9]_i_3/O
                         net (fo=11, routed)          0.637     8.005    vga/h_count_reg[9]_i_3_n_0
    SLICE_X4Y29          LUT3 (Prop_lut3_I2_O)        0.326     8.331 r  vga/v_count_reg[9]_i_1/O
                         net (fo=10, routed)          0.519     8.850    vga/v_count_reg
    SLICE_X3Y29          FDCE                                         r  vga/v_count_reg_reg[5]/CE
  -------------------------------------------------------------------    -------------------

                         (clock sys_clk_pin rise edge)
                                                     10.000    10.000 r  
    W5                                                0.000    10.000 r  clk (IN)
                         net (fo=0)                   0.000    10.000    clk
    W5                   IBUF (Prop_ibuf_I_O)         1.388    11.388 r  clk_IBUF_inst/O
                         net (fo=1, routed)           1.862    13.250    clk_IBUF
    BUFGCTRL_X0Y0        BUFG (Prop_bufg_I_O)         0.091    13.341 r  clk_IBUF_BUFG_inst/O
                         net (fo=22, routed)          1.508    14.849    vga/CLK
    SLICE_X3Y29          FDCE                                         r  vga/v_count_reg_reg[5]/C
                         clock pessimism              0.275    15.124    
                         clock uncertainty           -0.035    15.089    
    SLICE_X3Y29          FDCE (Setup_fdce_C_CE)      -0.205    14.884    vga/v_count_reg_reg[5]
  -------------------------------------------------------------------
                         required time                         14.884    
                         arrival time                          -8.850    
  -------------------------------------------------------------------
                         slack                                  6.034    

Slack (MET) :             6.034ns  (required time - arrival time)
  Source:                 vga/h_count_reg_reg[3]/C
                            (rising edge-triggered cell FDCE clocked by sys_clk_pin  {rise@0.000ns fall@5.000ns period=10.000ns})
  Destination:            vga/v_count_reg_reg[6]/CE
                            (rising edge-triggered cell FDCE clocked by sys_clk_pin  {rise@0.000ns fall@5.000ns period=10.000ns})
  Path Group:             sys_clk_pin
  Path Type:              Setup (Max at Slow Process Corner)
  Requirement:            10.000ns  (sys_clk_pin rise@10.000ns - sys_clk_pin rise@0.000ns)
  Data Path Delay:        3.703ns  (logic 1.249ns (33.727%)  route 2.454ns (66.273%))
  Logic Levels:           3  (LUT3=1 LUT5=1 LUT6=1)
  Clock Path Skew:        -0.022ns (DCD - SCD + CPR)
    Destination Clock Delay (DCD):    4.849ns = ( 14.849 - 10.000 ) 
    Source Clock Delay      (SCD):    5.146ns
    Clock Pessimism Removal (CPR):    0.275ns
  Clock Uncertainty:      0.035ns  ((TSJ^2 + TIJ^2)^1/2 + DJ) / 2 + PE
    Total System Jitter     (TSJ):    0.071ns
    Total Input Jitter      (TIJ):    0.000ns
    Discrete Jitter          (DJ):    0.000ns
    Phase Error              (PE):    0.000ns

    Location             Delay type                Incr(ns)  Path(ns)    Netlist Resource(s)
  -------------------------------------------------------------------    -------------------
                         (clock sys_clk_pin rise edge)
                                                      0.000     0.000 r  
    W5                                                0.000     0.000 r  clk (IN)
                         net (fo=0)                   0.000     0.000    clk
    W5                   IBUF (Prop_ibuf_I_O)         1.458     1.458 r  clk_IBUF_inst/O
                         net (fo=1, routed)           1.967     3.425    clk_IBUF
    BUFGCTRL_X0Y0        BUFG (Prop_bufg_I_O)         0.096     3.521 r  clk_IBUF_BUFG_inst/O
                         net (fo=22, routed)          1.625     5.146    vga/CLK
    SLICE_X2Y29          FDCE                                         r  vga/h_count_reg_reg[3]/C
  -------------------------------------------------------------------    -------------------
    SLICE_X2Y29          FDCE (Prop_fdce_C_Q)         0.478     5.624 r  vga/h_count_reg_reg[3]/Q
                         net (fo=6, routed)           0.866     6.490    vga/h_count_reg_reg_n_0_[3]
    SLICE_X1Y29          LUT6 (Prop_lut6_I1_O)        0.295     6.785 f  vga/h_count_reg[9]_i_5/O
                         net (fo=1, routed)           0.433     7.218    vga/h_count_reg[9]_i_5_n_0
    SLICE_X1Y29          LUT5 (Prop_lut5_I0_O)        0.150     7.368 f  vga/h_count_reg[9]_i_3/O
                         net (fo=11, routed)          0.637     8.005    vga/h_count_reg[9]_i_3_n_0
    SLICE_X4Y29          LUT3 (Prop_lut3_I2_O)        0.326     8.331 r  vga/v_count_reg[9]_i_1/O
                         net (fo=10, routed)          0.519     8.850    vga/v_count_reg
    SLICE_X3Y29          FDCE                                         r  vga/v_count_reg_reg[6]/CE
  -------------------------------------------------------------------    -------------------

                         (clock sys_clk_pin rise edge)
                                                     10.000    10.000 r  
    W5                                                0.000    10.000 r  clk (IN)
                         net (fo=0)                   0.000    10.000    clk
    W5                   IBUF (Prop_ibuf_I_O)         1.388    11.388 r  clk_IBUF_inst/O
                         net (fo=1, routed)           1.862    13.250    clk_IBUF
    BUFGCTRL_X0Y0        BUFG (Prop_bufg_I_O)         0.091    13.341 r  clk_IBUF_BUFG_inst/O
                         net (fo=22, routed)          1.508    14.849    vga/CLK
    SLICE_X3Y29          FDCE                                         r  vga/v_count_reg_reg[6]/C
                         clock pessimism              0.275    15.124    
                         clock uncertainty           -0.035    15.089    
    SLICE_X3Y29          FDCE (Setup_fdce_C_CE)      -0.205    14.884    vga/v_count_reg_reg[6]
  -------------------------------------------------------------------
                         required time                         14.884    
                         arrival time                          -8.850    
  -------------------------------------------------------------------
                         slack                                  6.034    

Slack (MET) :             6.049ns  (required time - arrival time)
  Source:                 vga/h_count_reg_reg[3]/C
                            (rising edge-triggered cell FDCE clocked by sys_clk_pin  {rise@0.000ns fall@5.000ns period=10.000ns})
  Destination:            vga/v_count_reg_reg[9]/CE
                            (rising edge-triggered cell FDCE clocked by sys_clk_pin  {rise@0.000ns fall@5.000ns period=10.000ns})
  Path Group:             sys_clk_pin
  Path Type:              Setup (Max at Slow Process Corner)
  Requirement:            10.000ns  (sys_clk_pin rise@10.000ns - sys_clk_pin rise@0.000ns)
  Data Path Delay:        3.688ns  (logic 1.249ns (33.870%)  route 2.439ns (66.130%))
  Logic Levels:           3  (LUT3=1 LUT5=1 LUT6=1)
  Clock Path Skew:        -0.023ns (DCD - SCD + CPR)
    Destination Clock Delay (DCD):    4.849ns = ( 14.849 - 10.000 ) 
    Source Clock Delay      (SCD):    5.146ns
    Clock Pessimism Removal (CPR):    0.274ns
  Clock Uncertainty:      0.035ns  ((TSJ^2 + TIJ^2)^1/2 + DJ) / 2 + PE
    Total System Jitter     (TSJ):    0.071ns
    Total Input Jitter      (TIJ):    0.000ns
    Discrete Jitter          (DJ):    0.000ns
    Phase Error              (PE):    0.000ns

    Location             Delay type                Incr(ns)  Path(ns)    Netlist Resource(s)
  -------------------------------------------------------------------    -------------------
                         (clock sys_clk_pin rise edge)
                                                      0.000     0.000 r  
    W5                                                0.000     0.000 r  clk (IN)
                         net (fo=0)                   0.000     0.000    clk
    W5                   IBUF (Prop_ibuf_I_O)         1.458     1.458 r  clk_IBUF_inst/O
                         net (fo=1, routed)           1.967     3.425    clk_IBUF
    BUFGCTRL_X0Y0        BUFG (Prop_bufg_I_O)         0.096     3.521 r  clk_IBUF_BUFG_inst/O
                         net (fo=22, routed)          1.625     5.146    vga/CLK
    SLICE_X2Y29          FDCE                                         r  vga/h_count_reg_reg[3]/C
  -------------------------------------------------------------------    -------------------
    SLICE_X2Y29          FDCE (Prop_fdce_C_Q)         0.478     5.624 r  vga/h_count_reg_reg[3]/Q
                         net (fo=6, routed)           0.866     6.490    vga/h_count_reg_reg_n_0_[3]
    SLICE_X1Y29          LUT6 (Prop_lut6_I1_O)        0.295     6.785 f  vga/h_count_reg[9]_i_5/O
                         net (fo=1, routed)           0.433     7.218    vga/h_count_reg[9]_i_5_n_0
    SLICE_X1Y29          LUT5 (Prop_lut5_I0_O)        0.150     7.368 f  vga/h_count_reg[9]_i_3/O
                         net (fo=11, routed)          0.637     8.005    vga/h_count_reg[9]_i_3_n_0
    SLICE_X4Y29          LUT3 (Prop_lut3_I2_O)        0.326     8.331 r  vga/v_count_reg[9]_i_1/O
                         net (fo=10, routed)          0.503     8.834    vga/v_count_reg
    SLICE_X3Y30          FDCE                                         r  vga/v_count_reg_reg[9]/CE
  -------------------------------------------------------------------    -------------------

                         (clock sys_clk_pin rise edge)
                                                     10.000    10.000 r  
    W5                                                0.000    10.000 r  clk (IN)
                         net (fo=0)                   0.000    10.000    clk
    W5                   IBUF (Prop_ibuf_I_O)         1.388    11.388 r  clk_IBUF_inst/O
                         net (fo=1, routed)           1.862    13.250    clk_IBUF
    BUFGCTRL_X0Y0        BUFG (Prop_bufg_I_O)         0.091    13.341 r  clk_IBUF_BUFG_inst/O
                         net (fo=22, routed)          1.508    14.849    vga/CLK
    SLICE_X3Y30          FDCE                                         r  vga/v_count_reg_reg[9]/C
                         clock pessimism              0.274    15.123    
                         clock uncertainty           -0.035    15.088    
    SLICE_X3Y30          FDCE (Setup_fdce_C_CE)      -0.205    14.883    vga/v_count_reg_reg[9]
  -------------------------------------------------------------------
                         required time                         14.883    
                         arrival time                          -8.834    
  -------------------------------------------------------------------
                         slack                                  6.049    

Slack (MET) :             6.179ns  (required time - arrival time)
  Source:                 vga/h_count_reg_reg[3]/C
                            (rising edge-triggered cell FDCE clocked by sys_clk_pin  {rise@0.000ns fall@5.000ns period=10.000ns})
  Destination:            vga/v_count_reg_reg[0]/CE
                            (rising edge-triggered cell FDCE clocked by sys_clk_pin  {rise@0.000ns fall@5.000ns period=10.000ns})
  Path Group:             sys_clk_pin
  Path Type:              Setup (Max at Slow Process Corner)
  Requirement:            10.000ns  (sys_clk_pin rise@10.000ns - sys_clk_pin rise@0.000ns)
  Data Path Delay:        3.556ns  (logic 1.249ns (35.121%)  route 2.307ns (64.879%))
  Logic Levels:           3  (LUT3=1 LUT5=1 LUT6=1)
  Clock Path Skew:        -0.024ns (DCD - SCD + CPR)
    Destination Clock Delay (DCD):    4.848ns = ( 14.848 - 10.000 ) 
    Source Clock Delay      (SCD):    5.146ns
    Clock Pessimism Removal (CPR):    0.274ns
  Clock Uncertainty:      0.035ns  ((TSJ^2 + TIJ^2)^1/2 + DJ) / 2 + PE
    Total System Jitter     (TSJ):    0.071ns
    Total Input Jitter      (TIJ):    0.000ns
    Discrete Jitter          (DJ):    0.000ns
    Phase Error              (PE):    0.000ns

    Location             Delay type                Incr(ns)  Path(ns)    Netlist Resource(s)
  -------------------------------------------------------------------    -------------------
                         (clock sys_clk_pin rise edge)
                                                      0.000     0.000 r  
    W5                                                0.000     0.000 r  clk (IN)
                         net (fo=0)                   0.000     0.000    clk
    W5                   IBUF (Prop_ibuf_I_O)         1.458     1.458 r  clk_IBUF_inst/O
                         net (fo=1, routed)           1.967     3.425    clk_IBUF
    BUFGCTRL_X0Y0        BUFG (Prop_bufg_I_O)         0.096     3.521 r  clk_IBUF_BUFG_inst/O
                         net (fo=22, routed)          1.625     5.146    vga/CLK
    SLICE_X2Y29          FDCE                                         r  vga/h_count_reg_reg[3]/C
  -------------------------------------------------------------------    -------------------
    SLICE_X2Y29          FDCE (Prop_fdce_C_Q)         0.478     5.624 r  vga/h_count_reg_reg[3]/Q
                         net (fo=6, routed)           0.866     6.490    vga/h_count_reg_reg_n_0_[3]
    SLICE_X1Y29          LUT6 (Prop_lut6_I1_O)        0.295     6.785 f  vga/h_count_reg[9]_i_5/O
                         net (fo=1, routed)           0.433     7.218    vga/h_count_reg[9]_i_5_n_0
    SLICE_X1Y29          LUT5 (Prop_lut5_I0_O)        0.150     7.368 f  vga/h_count_reg[9]_i_3/O
                         net (fo=11, routed)          0.637     8.005    vga/h_count_reg[9]_i_3_n_0
    SLICE_X4Y29          LUT3 (Prop_lut3_I2_O)        0.326     8.331 r  vga/v_count_reg[9]_i_1/O
                         net (fo=10, routed)          0.372     8.703    vga/v_count_reg
    SLICE_X3Y28          FDCE                                         r  vga/v_count_reg_reg[0]/CE
  -------------------------------------------------------------------    -------------------

                         (clock sys_clk_pin rise edge)
                                                     10.000    10.000 r  
    W5                                                0.000    10.000 r  clk (IN)
                         net (fo=0)                   0.000    10.000    clk
    W5                   IBUF (Prop_ibuf_I_O)         1.388    11.388 r  clk_IBUF_inst/O
                         net (fo=1, routed)           1.862    13.250    clk_IBUF
    BUFGCTRL_X0Y0        BUFG (Prop_bufg_I_O)         0.091    13.341 r  clk_IBUF_BUFG_inst/O
                         net (fo=22, routed)          1.507    14.848    vga/CLK
    SLICE_X3Y28          FDCE                                         r  vga/v_count_reg_reg[0]/C
                         clock pessimism              0.274    15.122    
                         clock uncertainty           -0.035    15.087    
    SLICE_X3Y28          FDCE (Setup_fdce_C_CE)      -0.205    14.882    vga/v_count_reg_reg[0]
  -------------------------------------------------------------------
                         required time                         14.882    
                         arrival time                          -8.703    
  -------------------------------------------------------------------
                         slack                                  6.179    

Slack (MET) :             6.179ns  (required time - arrival time)
  Source:                 vga/h_count_reg_reg[3]/C
                            (rising edge-triggered cell FDCE clocked by sys_clk_pin  {rise@0.000ns fall@5.000ns period=10.000ns})
  Destination:            vga/v_count_reg_reg[1]/CE
                            (rising edge-triggered cell FDCE clocked by sys_clk_pin  {rise@0.000ns fall@5.000ns period=10.000ns})
  Path Group:             sys_clk_pin
  Path Type:              Setup (Max at Slow Process Corner)
  Requirement:            10.000ns  (sys_clk_pin rise@10.000ns - sys_clk_pin rise@0.000ns)
  Data Path Delay:        3.556ns  (logic 1.249ns (35.121%)  route 2.307ns (64.879%))
  Logic Levels:           3  (LUT3=1 LUT5=1 LUT6=1)
  Clock Path Skew:        -0.024ns (DCD - SCD + CPR)
    Destination Clock Delay (DCD):    4.848ns = ( 14.848 - 10.000 ) 
    Source Clock Delay      (SCD):    5.146ns
    Clock Pessimism Removal (CPR):    0.274ns
  Clock Uncertainty:      0.035ns  ((TSJ^2 + TIJ^2)^1/2 + DJ) / 2 + PE
    Total System Jitter     (TSJ):    0.071ns
    Total Input Jitter      (TIJ):    0.000ns
    Discrete Jitter          (DJ):    0.000ns
    Phase Error              (PE):    0.000ns

    Location             Delay type                Incr(ns)  Path(ns)    Netlist Resource(s)
  -------------------------------------------------------------------    -------------------
                         (clock sys_clk_pin rise edge)
                                                      0.000     0.000 r  
    W5                                                0.000     0.000 r  clk (IN)
                         net (fo=0)                   0.000     0.000    clk
    W5                   IBUF (Prop_ibuf_I_O)         1.458     1.458 r  clk_IBUF_inst/O
                         net (fo=1, routed)           1.967     3.425    clk_IBUF
    BUFGCTRL_X0Y0        BUFG (Prop_bufg_I_O)         0.096     3.521 r  clk_IBUF_BUFG_inst/O
                         net (fo=22, routed)          1.625     5.146    vga/CLK
    SLICE_X2Y29          FDCE                                         r  vga/h_count_reg_reg[3]/C
  -------------------------------------------------------------------    -------------------
    SLICE_X2Y29          FDCE (Prop_fdce_C_Q)         0.478     5.624 r  vga/h_count_reg_reg[3]/Q
                         net (fo=6, routed)           0.866     6.490    vga/h_count_reg_reg_n_0_[3]
    SLICE_X1Y29          LUT6 (Prop_lut6_I1_O)        0.295     6.785 f  vga/h_count_reg[9]_i_5/O
                         net (fo=1, routed)           0.433     7.218    vga/h_count_reg[9]_i_5_n_0
    SLICE_X1Y29          LUT5 (Prop_lut5_I0_O)        0.150     7.368 f  vga/h_count_reg[9]_i_3/O
                         net (fo=11, routed)          0.637     8.005    vga/h_count_reg[9]_i_3_n_0
    SLICE_X4Y29          LUT3 (Prop_lut3_I2_O)        0.326     8.331 r  vga/v_count_reg[9]_i_1/O
                         net (fo=10, routed)          0.372     8.703    vga/v_count_reg
    SLICE_X3Y28          FDCE                                         r  vga/v_count_reg_reg[1]/CE
  -------------------------------------------------------------------    -------------------

                         (clock sys_clk_pin rise edge)
                                                     10.000    10.000 r  
    W5                                                0.000    10.000 r  clk (IN)
                         net (fo=0)                   0.000    10.000    clk
    W5                   IBUF (Prop_ibuf_I_O)         1.388    11.388 r  clk_IBUF_inst/O
                         net (fo=1, routed)           1.862    13.250    clk_IBUF
    BUFGCTRL_X0Y0        BUFG (Prop_bufg_I_O)         0.091    13.341 r  clk_IBUF_BUFG_inst/O
                         net (fo=22, routed)          1.507    14.848    vga/CLK
    SLICE_X3Y28          FDCE                                         r  vga/v_count_reg_reg[1]/C
                         clock pessimism              0.274    15.122    
                         clock uncertainty           -0.035    15.087    
    SLICE_X3Y28          FDCE (Setup_fdce_C_CE)      -0.205    14.882    vga/v_count_reg_reg[1]
  -------------------------------------------------------------------
                         required time                         14.882    
                         arrival time                          -8.703    
  -------------------------------------------------------------------
                         slack                                  6.179    

Slack (MET) :             6.179ns  (required time - arrival time)
  Source:                 vga/h_count_reg_reg[3]/C
                            (rising edge-triggered cell FDCE clocked by sys_clk_pin  {rise@0.000ns fall@5.000ns period=10.000ns})
  Destination:            vga/v_count_reg_reg[4]/CE
                            (rising edge-triggered cell FDCE clocked by sys_clk_pin  {rise@0.000ns fall@5.000ns period=10.000ns})
  Path Group:             sys_clk_pin
  Path Type:              Setup (Max at Slow Process Corner)
  Requirement:            10.000ns  (sys_clk_pin rise@10.000ns - sys_clk_pin rise@0.000ns)
  Data Path Delay:        3.556ns  (logic 1.249ns (35.121%)  route 2.307ns (64.879%))
  Logic Levels:           3  (LUT3=1 LUT5=1 LUT6=1)
  Clock Path Skew:        -0.024ns (DCD - SCD + CPR)
    Destination Clock Delay (DCD):    4.848ns = ( 14.848 - 10.000 ) 
    Source Clock Delay      (SCD):    5.146ns
    Clock Pessimism Removal (CPR):    0.274ns
  Clock Uncertainty:      0.035ns  ((TSJ^2 + TIJ^2)^1/2 + DJ) / 2 + PE
    Total System Jitter     (TSJ):    0.071ns
    Total Input Jitter      (TIJ):    0.000ns
    Discrete Jitter          (DJ):    0.000ns
    Phase Error              (PE):    0.000ns

    Location             Delay type                Incr(ns)  Path(ns)    Netlist Resource(s)
  -------------------------------------------------------------------    -------------------
                         (clock sys_clk_pin rise edge)
                                                      0.000     0.000 r  
    W5                                                0.000     0.000 r  clk (IN)
                         net (fo=0)                   0.000     0.000    clk
    W5                   IBUF (Prop_ibuf_I_O)         1.458     1.458 r  clk_IBUF_inst/O
                         net (fo=1, routed)           1.967     3.425    clk_IBUF
    BUFGCTRL_X0Y0        BUFG (Prop_bufg_I_O)         0.096     3.521 r  clk_IBUF_BUFG_inst/O
                         net (fo=22, routed)          1.625     5.146    vga/CLK
    SLICE_X2Y29          FDCE                                         r  vga/h_count_reg_reg[3]/C
  -------------------------------------------------------------------    -------------------
    SLICE_X2Y29          FDCE (Prop_fdce_C_Q)         0.478     5.624 r  vga/h_count_reg_reg[3]/Q
                         net (fo=6, routed)           0.866     6.490    vga/h_count_reg_reg_n_0_[3]
    SLICE_X1Y29          LUT6 (Prop_lut6_I1_O)        0.295     6.785 f  vga/h_count_reg[9]_i_5/O
                         net (fo=1, routed)           0.433     7.218    vga/h_count_reg[9]_i_5_n_0
    SLICE_X1Y29          LUT5 (Prop_lut5_I0_O)        0.150     7.368 f  vga/h_count_reg[9]_i_3/O
                         net (fo=11, routed)          0.637     8.005    vga/h_count_reg[9]_i_3_n_0
    SLICE_X4Y29          LUT3 (Prop_lut3_I2_O)        0.326     8.331 r  vga/v_count_reg[9]_i_1/O
                         net (fo=10, routed)          0.372     8.703    vga/v_count_reg
    SLICE_X3Y28          FDCE                                         r  vga/v_count_reg_reg[4]/CE
  -------------------------------------------------------------------    -------------------

                         (clock sys_clk_pin rise edge)
                                                     10.000    10.000 r  
    W5                                                0.000    10.000 r  clk (IN)
                         net (fo=0)                   0.000    10.000    clk
    W5                   IBUF (Prop_ibuf_I_O)         1.388    11.388 r  clk_IBUF_inst/O
                         net (fo=1, routed)           1.862    13.250    clk_IBUF
    BUFGCTRL_X0Y0        BUFG (Prop_bufg_I_O)         0.091    13.341 r  clk_IBUF_BUFG_inst/O
                         net (fo=22, routed)          1.507    14.848    vga/CLK
    SLICE_X3Y28          FDCE                                         r  vga/v_count_reg_reg[4]/C
                         clock pessimism              0.274    15.122    
                         clock uncertainty           -0.035    15.087    
    SLICE_X3Y28          FDCE (Setup_fdce_C_CE)      -0.205    14.882    vga/v_count_reg_reg[4]
  -------------------------------------------------------------------
                         required time                         14.882    
                         arrival time                          -8.703    
  -------------------------------------------------------------------
                         slack                                  6.179    

Slack (MET) :             6.179ns  (required time - arrival time)
  Source:                 vga/h_count_reg_reg[3]/C
                            (rising edge-triggered cell FDCE clocked by sys_clk_pin  {rise@0.000ns fall@5.000ns period=10.000ns})
  Destination:            vga/v_count_reg_reg[7]/CE
                            (rising edge-triggered cell FDCE clocked by sys_clk_pin  {rise@0.000ns fall@5.000ns period=10.000ns})
  Path Group:             sys_clk_pin
  Path Type:              Setup (Max at Slow Process Corner)
  Requirement:            10.000ns  (sys_clk_pin rise@10.000ns - sys_clk_pin rise@0.000ns)
  Data Path Delay:        3.556ns  (logic 1.249ns (35.121%)  route 2.307ns (64.879%))
  Logic Levels:           3  (LUT3=1 LUT5=1 LUT6=1)
  Clock Path Skew:        -0.024ns (DCD - SCD + CPR)
    Destination Clock Delay (DCD):    4.848ns = ( 14.848 - 10.000 ) 
    Source Clock Delay      (SCD):    5.146ns
    Clock Pessimism Removal (CPR):    0.274ns
  Clock Uncertainty:      0.035ns  ((TSJ^2 + TIJ^2)^1/2 + DJ) / 2 + PE
    Total System Jitter     (TSJ):    0.071ns
    Total Input Jitter      (TIJ):    0.000ns
    Discrete Jitter          (DJ):    0.000ns
    Phase Error              (PE):    0.000ns

    Location             Delay type                Incr(ns)  Path(ns)    Netlist Resource(s)
  -------------------------------------------------------------------    -------------------
                         (clock sys_clk_pin rise edge)
                                                      0.000     0.000 r  
    W5                                                0.000     0.000 r  clk (IN)
                         net (fo=0)                   0.000     0.000    clk
    W5                   IBUF (Prop_ibuf_I_O)         1.458     1.458 r  clk_IBUF_inst/O
                         net (fo=1, routed)           1.967     3.425    clk_IBUF
    BUFGCTRL_X0Y0        BUFG (Prop_bufg_I_O)         0.096     3.521 r  clk_IBUF_BUFG_inst/O
                         net (fo=22, routed)          1.625     5.146    vga/CLK
    SLICE_X2Y29          FDCE                                         r  vga/h_count_reg_reg[3]/C
  -------------------------------------------------------------------    -------------------
    SLICE_X2Y29          FDCE (Prop_fdce_C_Q)         0.478     5.624 r  vga/h_count_reg_reg[3]/Q
                         net (fo=6, routed)           0.866     6.490    vga/h_count_reg_reg_n_0_[3]
    SLICE_X1Y29          LUT6 (Prop_lut6_I1_O)        0.295     6.785 f  vga/h_count_reg[9]_i_5/O
                         net (fo=1, routed)           0.433     7.218    vga/h_count_reg[9]_i_5_n_0
    SLICE_X1Y29          LUT5 (Prop_lut5_I0_O)        0.150     7.368 f  vga/h_count_reg[9]_i_3/O
                         net (fo=11, routed)          0.637     8.005    vga/h_count_reg[9]_i_3_n_0
    SLICE_X4Y29          LUT3 (Prop_lut3_I2_O)        0.326     8.331 r  vga/v_count_reg[9]_i_1/O
                         net (fo=10, routed)          0.372     8.703    vga/v_count_reg
    SLICE_X3Y28          FDCE                                         r  vga/v_count_reg_reg[7]/CE
  -------------------------------------------------------------------    -------------------

                         (clock sys_clk_pin rise edge)
                                                     10.000    10.000 r  
    W5                                                0.000    10.000 r  clk (IN)
                         net (fo=0)                   0.000    10.000    clk
    W5                   IBUF (Prop_ibuf_I_O)         1.388    11.388 r  clk_IBUF_inst/O
                         net (fo=1, routed)           1.862    13.250    clk_IBUF
    BUFGCTRL_X0Y0        BUFG (Prop_bufg_I_O)         0.091    13.341 r  clk_IBUF_BUFG_inst/O
                         net (fo=22, routed)          1.507    14.848    vga/CLK
    SLICE_X3Y28          FDCE                                         r  vga/v_count_reg_reg[7]/C
                         clock pessimism              0.274    15.122    
                         clock uncertainty           -0.035    15.087    
    SLICE_X3Y28          FDCE (Setup_fdce_C_CE)      -0.205    14.882    vga/v_count_reg_reg[7]
  -------------------------------------------------------------------
                         required time                         14.882    
                         arrival time                          -8.703    
  -------------------------------------------------------------------
                         slack                                  6.179    

Slack (MET) :             6.179ns  (required time - arrival time)
  Source:                 vga/h_count_reg_reg[3]/C
                            (rising edge-triggered cell FDCE clocked by sys_clk_pin  {rise@0.000ns fall@5.000ns period=10.000ns})
  Destination:            vga/v_count_reg_reg[8]/CE
                            (rising edge-triggered cell FDCE clocked by sys_clk_pin  {rise@0.000ns fall@5.000ns period=10.000ns})
  Path Group:             sys_clk_pin
  Path Type:              Setup (Max at Slow Process Corner)
  Requirement:            10.000ns  (sys_clk_pin rise@10.000ns - sys_clk_pin rise@0.000ns)
  Data Path Delay:        3.556ns  (logic 1.249ns (35.121%)  route 2.307ns (64.879%))
  Logic Levels:           3  (LUT3=1 LUT5=1 LUT6=1)
  Clock Path Skew:        -0.024ns (DCD - SCD + CPR)
    Destination Clock Delay (DCD):    4.848ns = ( 14.848 - 10.000 ) 
    Source Clock Delay      (SCD):    5.146ns
    Clock Pessimism Removal (CPR):    0.274ns
  Clock Uncertainty:      0.035ns  ((TSJ^2 + TIJ^2)^1/2 + DJ) / 2 + PE
    Total System Jitter     (TSJ):    0.071ns
    Total Input Jitter      (TIJ):    0.000ns
    Discrete Jitter          (DJ):    0.000ns
    Phase Error              (PE):    0.000ns

    Location             Delay type                Incr(ns)  Path(ns)    Netlist Resource(s)
  -------------------------------------------------------------------    -------------------
                         (clock sys_clk_pin rise edge)
                                                      0.000     0.000 r  
    W5                                                0.000     0.000 r  clk (IN)
                         net (fo=0)                   0.000     0.000    clk
    W5                   IBUF (Prop_ibuf_I_O)         1.458     1.458 r  clk_IBUF_inst/O
                         net (fo=1, routed)           1.967     3.425    clk_IBUF
    BUFGCTRL_X0Y0        BUFG (Prop_bufg_I_O)         0.096     3.521 r  clk_IBUF_BUFG_inst/O
                         net (fo=22, routed)          1.625     5.146    vga/CLK
    SLICE_X2Y29          FDCE                                         r  vga/h_count_reg_reg[3]/C
  -------------------------------------------------------------------    -------------------
    SLICE_X2Y29          FDCE (Prop_fdce_C_Q)         0.478     5.624 r  vga/h_count_reg_reg[3]/Q
                         net (fo=6, routed)           0.866     6.490    vga/h_count_reg_reg_n_0_[3]
    SLICE_X1Y29          LUT6 (Prop_lut6_I1_O)        0.295     6.785 f  vga/h_count_reg[9]_i_5/O
                         net (fo=1, routed)           0.433     7.218    vga/h_count_reg[9]_i_5_n_0
    SLICE_X1Y29          LUT5 (Prop_lut5_I0_O)        0.150     7.368 f  vga/h_count_reg[9]_i_3/O
                         net (fo=11, routed)          0.637     8.005    vga/h_count_reg[9]_i_3_n_0
    SLICE_X4Y29          LUT3 (Prop_lut3_I2_O)        0.326     8.331 r  vga/v_count_reg[9]_i_1/O
                         net (fo=10, routed)          0.372     8.703    vga/v_count_reg
    SLICE_X3Y28          FDCE                                         r  vga/v_count_reg_reg[8]/CE
  -------------------------------------------------------------------    -------------------

                         (clock sys_clk_pin rise edge)
                                                     10.000    10.000 r  
    W5                                                0.000    10.000 r  clk (IN)
                         net (fo=0)                   0.000    10.000    clk
    W5                   IBUF (Prop_ibuf_I_O)         1.388    11.388 r  clk_IBUF_inst/O
                         net (fo=1, routed)           1.862    13.250    clk_IBUF
    BUFGCTRL_X0Y0        BUFG (Prop_bufg_I_O)         0.091    13.341 r  clk_IBUF_BUFG_inst/O
                         net (fo=22, routed)          1.507    14.848    vga/CLK
    SLICE_X3Y28          FDCE                                         r  vga/v_count_reg_reg[8]/C
                         clock pessimism              0.274    15.122    
                         clock uncertainty           -0.035    15.087    
    SLICE_X3Y28          FDCE (Setup_fdce_C_CE)      -0.205    14.882    vga/v_count_reg_reg[8]
  -------------------------------------------------------------------
                         required time                         14.882    
                         arrival time                          -8.703    
  -------------------------------------------------------------------
                         slack                                  6.179    





Min Delay Paths
--------------------------------------------------------------------------------------
Slack (MET) :             0.193ns  (arrival time - required time)
  Source:                 vga/h_count_reg_reg[0]/C
                            (rising edge-triggered cell FDCE clocked by sys_clk_pin  {rise@0.000ns fall@5.000ns period=10.000ns})
  Destination:            vga/h_count_reg_reg[4]/D
                            (rising edge-triggered cell FDCE clocked by sys_clk_pin  {rise@0.000ns fall@5.000ns period=10.000ns})
  Path Group:             sys_clk_pin
  Path Type:              Hold (Min at Fast Process Corner)
  Requirement:            0.000ns  (sys_clk_pin rise@0.000ns - sys_clk_pin rise@0.000ns)
  Data Path Delay:        0.328ns  (logic 0.186ns (56.624%)  route 0.142ns (43.376%))
  Logic Levels:           1  (LUT6=1)
  Clock Path Skew:        0.014ns (DCD - SCD - CPR)
    Destination Clock Delay (DCD):    1.982ns
    Source Clock Delay      (SCD):    1.469ns
    Clock Pessimism Removal (CPR):    0.499ns

    Location             Delay type                Incr(ns)  Path(ns)    Netlist Resource(s)
  -------------------------------------------------------------------    -------------------
                         (clock sys_clk_pin rise edge)
                                                      0.000     0.000 r  
    W5                                                0.000     0.000 r  clk (IN)
                         net (fo=0)                   0.000     0.000    clk
    W5                   IBUF (Prop_ibuf_I_O)         0.226     0.226 r  clk_IBUF_inst/O
                         net (fo=1, routed)           0.631     0.858    clk_IBUF
    BUFGCTRL_X0Y0        BUFG (Prop_bufg_I_O)         0.026     0.884 r  clk_IBUF_BUFG_inst/O
                         net (fo=22, routed)          0.586     1.469    vga/CLK
    SLICE_X0Y29          FDCE                                         r  vga/h_count_reg_reg[0]/C
  -------------------------------------------------------------------    -------------------
    SLICE_X0Y29          FDCE (Prop_fdce_C_Q)         0.141     1.610 r  vga/h_count_reg_reg[0]/Q
                         net (fo=9, routed)           0.142     1.753    vga/h_count_reg_reg_n_0_[0]
    SLICE_X2Y29          LUT6 (Prop_lut6_I4_O)        0.045     1.798 r  vga/h_count_reg[4]_i_1/O
                         net (fo=1, routed)           0.000     1.798    vga/h_count_next[4]
    SLICE_X2Y29          FDCE                                         r  vga/h_count_reg_reg[4]/D
  -------------------------------------------------------------------    -------------------

                         (clock sys_clk_pin rise edge)
                                                      0.000     0.000 r  
    W5                                                0.000     0.000 r  clk (IN)
                         net (fo=0)                   0.000     0.000    clk
    W5                   IBUF (Prop_ibuf_I_O)         0.414     0.414 r  clk_IBUF_inst/O
                         net (fo=1, routed)           0.685     1.099    clk_IBUF
    BUFGCTRL_X0Y0        BUFG (Prop_bufg_I_O)         0.029     1.128 r  clk_IBUF_BUFG_inst/O
                         net (fo=22, routed)          0.855     1.982    vga/CLK
    SLICE_X2Y29          FDCE                                         r  vga/h_count_reg_reg[4]/C
                         clock pessimism             -0.499     1.483    
    SLICE_X2Y29          FDCE (Hold_fdce_C_D)         0.121     1.604    vga/h_count_reg_reg[4]
  -------------------------------------------------------------------
                         required time                         -1.604    
                         arrival time                           1.798    
  -------------------------------------------------------------------
                         slack                                  0.193    

Slack (MET) :             0.261ns  (arrival time - required time)
  Source:                 vga/v_count_reg_reg[0]/C
                            (rising edge-triggered cell FDCE clocked by sys_clk_pin  {rise@0.000ns fall@5.000ns period=10.000ns})
  Destination:            vga/v_count_reg_reg[4]/D
                            (rising edge-triggered cell FDCE clocked by sys_clk_pin  {rise@0.000ns fall@5.000ns period=10.000ns})
  Path Group:             sys_clk_pin
  Path Type:              Hold (Min at Fast Process Corner)
  Requirement:            0.000ns  (sys_clk_pin rise@0.000ns - sys_clk_pin rise@0.000ns)
  Data Path Delay:        0.353ns  (logic 0.186ns (52.658%)  route 0.167ns (47.342%))
  Logic Levels:           1  (LUT6=1)
  Clock Path Skew:        0.000ns (DCD - SCD - CPR)
    Destination Clock Delay (DCD):    1.981ns
    Source Clock Delay      (SCD):    1.468ns
    Clock Pessimism Removal (CPR):    0.513ns

    Location             Delay type                Incr(ns)  Path(ns)    Netlist Resource(s)
  -------------------------------------------------------------------    -------------------
                         (clock sys_clk_pin rise edge)
                                                      0.000     0.000 r  
    W5                                                0.000     0.000 r  clk (IN)
                         net (fo=0)                   0.000     0.000    clk
    W5                   IBUF (Prop_ibuf_I_O)         0.226     0.226 r  clk_IBUF_inst/O
                         net (fo=1, routed)           0.631     0.858    clk_IBUF
    BUFGCTRL_X0Y0        BUFG (Prop_bufg_I_O)         0.026     0.884 r  clk_IBUF_BUFG_inst/O
                         net (fo=22, routed)          0.585     1.468    vga/CLK
    SLICE_X3Y28          FDCE                                         r  vga/v_count_reg_reg[0]/C
  -------------------------------------------------------------------    -------------------
    SLICE_X3Y28          FDCE (Prop_fdce_C_Q)         0.141     1.609 r  vga/v_count_reg_reg[0]/Q
                         net (fo=10, routed)          0.167     1.776    vga/y[0]
    SLICE_X3Y28          LUT6 (Prop_lut6_I4_O)        0.045     1.821 r  vga/v_count_reg[4]_i_1/O
                         net (fo=1, routed)           0.000     1.821    vga/v_count_next[4]
    SLICE_X3Y28          FDCE                                         r  vga/v_count_reg_reg[4]/D
  -------------------------------------------------------------------    -------------------

                         (clock sys_clk_pin rise edge)
                                                      0.000     0.000 r  
    W5                                                0.000     0.000 r  clk (IN)
                         net (fo=0)                   0.000     0.000    clk
    W5                   IBUF (Prop_ibuf_I_O)         0.414     0.414 r  clk_IBUF_inst/O
                         net (fo=1, routed)           0.685     1.099    clk_IBUF
    BUFGCTRL_X0Y0        BUFG (Prop_bufg_I_O)         0.029     1.128 r  clk_IBUF_BUFG_inst/O
                         net (fo=22, routed)          0.854     1.981    vga/CLK
    SLICE_X3Y28          FDCE                                         r  vga/v_count_reg_reg[4]/C
                         clock pessimism             -0.513     1.468    
    SLICE_X3Y28          FDCE (Hold_fdce_C_D)         0.092     1.560    vga/v_count_reg_reg[4]
  -------------------------------------------------------------------
                         required time                         -1.560    
                         arrival time                           1.821    
  -------------------------------------------------------------------
                         slack                                  0.261    

Slack (MET) :             0.270ns  (arrival time - required time)
  Source:                 vga/h_count_reg_reg[0]/C
                            (rising edge-triggered cell FDCE clocked by sys_clk_pin  {rise@0.000ns fall@5.000ns period=10.000ns})
  Destination:            vga/h_count_reg_reg[3]/D
                            (rising edge-triggered cell FDCE clocked by sys_clk_pin  {rise@0.000ns fall@5.000ns period=10.000ns})
  Path Group:             sys_clk_pin
  Path Type:              Hold (Min at Fast Process Corner)
  Requirement:            0.000ns  (sys_clk_pin rise@0.000ns - sys_clk_pin rise@0.000ns)
  Data Path Delay:        0.415ns  (logic 0.187ns (45.008%)  route 0.228ns (54.992%))
  Logic Levels:           1  (LUT5=1)
  Clock Path Skew:        0.014ns (DCD - SCD - CPR)
    Destination Clock Delay (DCD):    1.982ns
    Source Clock Delay      (SCD):    1.469ns
    Clock Pessimism Removal (CPR):    0.499ns

    Location             Delay type                Incr(ns)  Path(ns)    Netlist Resource(s)
  -------------------------------------------------------------------    -------------------
                         (clock sys_clk_pin rise edge)
                                                      0.000     0.000 r  
    W5                                                0.000     0.000 r  clk (IN)
                         net (fo=0)                   0.000     0.000    clk
    W5                   IBUF (Prop_ibuf_I_O)         0.226     0.226 r  clk_IBUF_inst/O
                         net (fo=1, routed)           0.631     0.858    clk_IBUF
    BUFGCTRL_X0Y0        BUFG (Prop_bufg_I_O)         0.026     0.884 r  clk_IBUF_BUFG_inst/O
                         net (fo=22, routed)          0.586     1.469    vga/CLK
    SLICE_X0Y29          FDCE                                         r  vga/h_count_reg_reg[0]/C
  -------------------------------------------------------------------    -------------------
    SLICE_X0Y29          FDCE (Prop_fdce_C_Q)         0.141     1.610 r  vga/h_count_reg_reg[0]/Q
                         net (fo=9, routed)           0.228     1.839    vga/h_count_reg_reg_n_0_[0]
    SLICE_X2Y29          LUT5 (Prop_lut5_I3_O)        0.046     1.885 r  vga/h_count_reg[3]_i_1/O
                         net (fo=1, routed)           0.000     1.885    vga/h_count_next[3]
    SLICE_X2Y29          FDCE                                         r  vga/h_count_reg_reg[3]/D
  -------------------------------------------------------------------    -------------------

                         (clock sys_clk_pin rise edge)
                                                      0.000     0.000 r  
    W5                                                0.000     0.000 r  clk (IN)
                         net (fo=0)                   0.000     0.000    clk
    W5                   IBUF (Prop_ibuf_I_O)         0.414     0.414 r  clk_IBUF_inst/O
                         net (fo=1, routed)           0.685     1.099    clk_IBUF
    BUFGCTRL_X0Y0        BUFG (Prop_bufg_I_O)         0.029     1.128 r  clk_IBUF_BUFG_inst/O
                         net (fo=22, routed)          0.855     1.982    vga/CLK
    SLICE_X2Y29          FDCE                                         r  vga/h_count_reg_reg[3]/C
                         clock pessimism             -0.499     1.483    
    SLICE_X2Y29          FDCE (Hold_fdce_C_D)         0.131     1.614    vga/h_count_reg_reg[3]
  -------------------------------------------------------------------
                         required time                         -1.614    
                         arrival time                           1.885    
  -------------------------------------------------------------------
                         slack                                  0.270    

Slack (MET) :             0.279ns  (arrival time - required time)
  Source:                 vga/v_count_reg_reg[2]/C
                            (rising edge-triggered cell FDCE clocked by sys_clk_pin  {rise@0.000ns fall@5.000ns period=10.000ns})
  Destination:            vga/v_count_reg_reg[3]/D
                            (rising edge-triggered cell FDCE clocked by sys_clk_pin  {rise@0.000ns fall@5.000ns period=10.000ns})
  Path Group:             sys_clk_pin
  Path Type:              Hold (Min at Fast Process Corner)
  Requirement:            0.000ns  (sys_clk_pin rise@0.000ns - sys_clk_pin rise@0.000ns)
  Data Path Delay:        0.386ns  (logic 0.183ns (47.352%)  route 0.203ns (52.648%))
  Logic Levels:           1  (LUT5=1)
  Clock Path Skew:        0.000ns (DCD - SCD - CPR)
    Destination Clock Delay (DCD):    1.982ns
    Source Clock Delay      (SCD):    1.469ns
    Clock Pessimism Removal (CPR):    0.513ns

    Location             Delay type                Incr(ns)  Path(ns)    Netlist Resource(s)
  -------------------------------------------------------------------    -------------------
                         (clock sys_clk_pin rise edge)
                                                      0.000     0.000 r  
    W5                                                0.000     0.000 r  clk (IN)
                         net (fo=0)                   0.000     0.000    clk
    W5                   IBUF (Prop_ibuf_I_O)         0.226     0.226 r  clk_IBUF_inst/O
                         net (fo=1, routed)           0.631     0.858    clk_IBUF
    BUFGCTRL_X0Y0        BUFG (Prop_bufg_I_O)         0.026     0.884 r  clk_IBUF_BUFG_inst/O
                         net (fo=22, routed)          0.586     1.469    vga/CLK
    SLICE_X3Y29          FDCE                                         r  vga/v_count_reg_reg[2]/C
  -------------------------------------------------------------------    -------------------
    SLICE_X3Y29          FDCE (Prop_fdce_C_Q)         0.141     1.610 r  vga/v_count_reg_reg[2]/Q
                         net (fo=10, routed)          0.203     1.814    vga/y[2]
    SLICE_X3Y29          LUT5 (Prop_lut5_I4_O)        0.042     1.856 r  vga/v_count_reg[3]_i_1/O
                         net (fo=1, routed)           0.000     1.856    vga/v_count_next[3]
    SLICE_X3Y29          FDCE                                         r  vga/v_count_reg_reg[3]/D
  -------------------------------------------------------------------    -------------------

                         (clock sys_clk_pin rise edge)
                                                      0.000     0.000 r  
    W5                                                0.000     0.000 r  clk (IN)
                         net (fo=0)                   0.000     0.000    clk
    W5                   IBUF (Prop_ibuf_I_O)         0.414     0.414 r  clk_IBUF_inst/O
                         net (fo=1, routed)           0.685     1.099    clk_IBUF
    BUFGCTRL_X0Y0        BUFG (Prop_bufg_I_O)         0.029     1.128 r  clk_IBUF_BUFG_inst/O
                         net (fo=22, routed)          0.855     1.982    vga/CLK
    SLICE_X3Y29          FDCE                                         r  vga/v_count_reg_reg[3]/C
                         clock pessimism             -0.513     1.469    
    SLICE_X3Y29          FDCE (Hold_fdce_C_D)         0.107     1.576    vga/v_count_reg_reg[3]
  -------------------------------------------------------------------
                         required time                         -1.576    
                         arrival time                           1.856    
  -------------------------------------------------------------------
                         slack                                  0.279    

Slack (MET) :             0.280ns  (arrival time - required time)
  Source:                 vga/h_count_reg_reg[0]/C
                            (rising edge-triggered cell FDCE clocked by sys_clk_pin  {rise@0.000ns fall@5.000ns period=10.000ns})
  Destination:            vga/h_count_reg_reg[2]/D
                            (rising edge-triggered cell FDCE clocked by sys_clk_pin  {rise@0.000ns fall@5.000ns period=10.000ns})
  Path Group:             sys_clk_pin
  Path Type:              Hold (Min at Fast Process Corner)
  Requirement:            0.000ns  (sys_clk_pin rise@0.000ns - sys_clk_pin rise@0.000ns)
  Data Path Delay:        0.414ns  (logic 0.186ns (44.875%)  route 0.228ns (55.125%))
  Logic Levels:           1  (LUT4=1)
  Clock Path Skew:        0.014ns (DCD - SCD - CPR)
    Destination Clock Delay (DCD):    1.982ns
    Source Clock Delay      (SCD):    1.469ns
    Clock Pessimism Removal (CPR):    0.499ns

    Location             Delay type                Incr(ns)  Path(ns)    Netlist Resource(s)
  -------------------------------------------------------------------    -------------------
                         (clock sys_clk_pin rise edge)
                                                      0.000     0.000 r  
    W5                                                0.000     0.000 r  clk (IN)
                         net (fo=0)                   0.000     0.000    clk
    W5                   IBUF (Prop_ibuf_I_O)         0.226     0.226 r  clk_IBUF_inst/O
                         net (fo=1, routed)           0.631     0.858    clk_IBUF
    BUFGCTRL_X0Y0        BUFG (Prop_bufg_I_O)         0.026     0.884 r  clk_IBUF_BUFG_inst/O
                         net (fo=22, routed)          0.586     1.469    vga/CLK
    SLICE_X0Y29          FDCE                                         r  vga/h_count_reg_reg[0]/C
  -------------------------------------------------------------------    -------------------
    SLICE_X0Y29          FDCE (Prop_fdce_C_Q)         0.141     1.610 r  vga/h_count_reg_reg[0]/Q
                         net (fo=9, routed)           0.228     1.839    vga/h_count_reg_reg_n_0_[0]
    SLICE_X2Y29          LUT4 (Prop_lut4_I2_O)        0.045     1.884 r  vga/h_count_reg[2]_i_1/O
                         net (fo=1, routed)           0.000     1.884    vga/h_count_next[2]
    SLICE_X2Y29          FDCE                                         r  vga/h_count_reg_reg[2]/D
  -------------------------------------------------------------------    -------------------

                         (clock sys_clk_pin rise edge)
                                                      0.000     0.000 r  
    W5                                                0.000     0.000 r  clk (IN)
                         net (fo=0)                   0.000     0.000    clk
    W5                   IBUF (Prop_ibuf_I_O)         0.414     0.414 r  clk_IBUF_inst/O
                         net (fo=1, routed)           0.685     1.099    clk_IBUF
    BUFGCTRL_X0Y0        BUFG (Prop_bufg_I_O)         0.029     1.128 r  clk_IBUF_BUFG_inst/O
                         net (fo=22, routed)          0.855     1.982    vga/CLK
    SLICE_X2Y29          FDCE                                         r  vga/h_count_reg_reg[2]/C
                         clock pessimism             -0.499     1.483    
    SLICE_X2Y29          FDCE (Hold_fdce_C_D)         0.120     1.603    vga/h_count_reg_reg[2]
  -------------------------------------------------------------------
                         required time                         -1.603    
                         arrival time                           1.884    
  -------------------------------------------------------------------
                         slack                                  0.280    

Slack (MET) :             0.286ns  (arrival time - required time)
  Source:                 vga/v_count_reg_reg[9]/C
                            (rising edge-triggered cell FDCE clocked by sys_clk_pin  {rise@0.000ns fall@5.000ns period=10.000ns})
  Destination:            vga/v_count_reg_reg[9]/D
                            (rising edge-triggered cell FDCE clocked by sys_clk_pin  {rise@0.000ns fall@5.000ns period=10.000ns})
  Path Group:             sys_clk_pin
  Path Type:              Hold (Min at Fast Process Corner)
  Requirement:            0.000ns  (sys_clk_pin rise@0.000ns - sys_clk_pin rise@0.000ns)
  Data Path Delay:        0.377ns  (logic 0.186ns (49.293%)  route 0.191ns (50.707%))
  Logic Levels:           1  (LUT6=1)
  Clock Path Skew:        0.000ns (DCD - SCD - CPR)
    Destination Clock Delay (DCD):    1.983ns
    Source Clock Delay      (SCD):    1.470ns
    Clock Pessimism Removal (CPR):    0.513ns

    Location             Delay type                Incr(ns)  Path(ns)    Netlist Resource(s)
  -------------------------------------------------------------------    -------------------
                         (clock sys_clk_pin rise edge)
                                                      0.000     0.000 r  
    W5                                                0.000     0.000 r  clk (IN)
                         net (fo=0)                   0.000     0.000    clk
    W5                   IBUF (Prop_ibuf_I_O)         0.226     0.226 r  clk_IBUF_inst/O
                         net (fo=1, routed)           0.631     0.858    clk_IBUF
    BUFGCTRL_X0Y0        BUFG (Prop_bufg_I_O)         0.026     0.884 r  clk_IBUF_BUFG_inst/O
                         net (fo=22, routed)          0.587     1.470    vga/CLK
    SLICE_X3Y30          FDCE                                         r  vga/v_count_reg_reg[9]/C
  -------------------------------------------------------------------    -------------------
    SLICE_X3Y30          FDCE (Prop_fdce_C_Q)         0.141     1.611 r  vga/v_count_reg_reg[9]/Q
                         net (fo=7, routed)           0.191     1.802    vga/v_count_reg_reg_n_0_[9]
    SLICE_X3Y30          LUT6 (Prop_lut6_I1_O)        0.045     1.847 r  vga/v_count_reg[9]_i_2/O
                         net (fo=1, routed)           0.000     1.847    vga/v_count_next[9]
    SLICE_X3Y30          FDCE                                         r  vga/v_count_reg_reg[9]/D
  -------------------------------------------------------------------    -------------------

                         (clock sys_clk_pin rise edge)
                                                      0.000     0.000 r  
    W5                                                0.000     0.000 r  clk (IN)
                         net (fo=0)                   0.000     0.000    clk
    W5                   IBUF (Prop_ibuf_I_O)         0.414     0.414 r  clk_IBUF_inst/O
                         net (fo=1, routed)           0.685     1.099    clk_IBUF
    BUFGCTRL_X0Y0        BUFG (Prop_bufg_I_O)         0.029     1.128 r  clk_IBUF_BUFG_inst/O
                         net (fo=22, routed)          0.856     1.983    vga/CLK
    SLICE_X3Y30          FDCE                                         r  vga/v_count_reg_reg[9]/C
                         clock pessimism             -0.513     1.470    
    SLICE_X3Y30          FDCE (Hold_fdce_C_D)         0.091     1.561    vga/v_count_reg_reg[9]
  -------------------------------------------------------------------
                         required time                         -1.561    
                         arrival time                           1.847    
  -------------------------------------------------------------------
                         slack                                  0.286    

Slack (MET) :             0.296ns  (arrival time - required time)
  Source:                 vga/h_count_reg_reg[8]/C
                            (rising edge-triggered cell FDCE clocked by sys_clk_pin  {rise@0.000ns fall@5.000ns period=10.000ns})
  Destination:            vga/h_count_reg_reg[9]/D
                            (rising edge-triggered cell FDCE clocked by sys_clk_pin  {rise@0.000ns fall@5.000ns period=10.000ns})
  Path Group:             sys_clk_pin
  Path Type:              Hold (Min at Fast Process Corner)
  Requirement:            0.000ns  (sys_clk_pin rise@0.000ns - sys_clk_pin rise@0.000ns)
  Data Path Delay:        0.432ns  (logic 0.246ns (56.982%)  route 0.186ns (43.018%))
  Logic Levels:           1  (LUT6=1)
  Clock Path Skew:        0.015ns (DCD - SCD - CPR)
    Destination Clock Delay (DCD):    1.982ns
    Source Clock Delay      (SCD):    1.468ns
    Clock Pessimism Removal (CPR):    0.499ns

    Location             Delay type                Incr(ns)  Path(ns)    Netlist Resource(s)
  -------------------------------------------------------------------    -------------------
                         (clock sys_clk_pin rise edge)
                                                      0.000     0.000 r  
    W5                                                0.000     0.000 r  clk (IN)
                         net (fo=0)                   0.000     0.000    clk
    W5                   IBUF (Prop_ibuf_I_O)         0.226     0.226 r  clk_IBUF_inst/O
                         net (fo=1, routed)           0.631     0.858    clk_IBUF
    BUFGCTRL_X0Y0        BUFG (Prop_bufg_I_O)         0.026     0.884 r  clk_IBUF_BUFG_inst/O
                         net (fo=22, routed)          0.585     1.468    vga/CLK
    SLICE_X2Y28          FDCE                                         r  vga/h_count_reg_reg[8]/C
  -------------------------------------------------------------------    -------------------
    SLICE_X2Y28          FDCE (Prop_fdce_C_Q)         0.148     1.616 r  vga/h_count_reg_reg[8]/Q
                         net (fo=12, routed)          0.186     1.802    vga/h_count_reg_reg_n_0_[8]
    SLICE_X2Y29          LUT6 (Prop_lut6_I5_O)        0.098     1.900 r  vga/h_count_reg[9]_i_2/O
                         net (fo=1, routed)           0.000     1.900    vga/h_count_next[9]
    SLICE_X2Y29          FDCE                                         r  vga/h_count_reg_reg[9]/D
  -------------------------------------------------------------------    -------------------

                         (clock sys_clk_pin rise edge)
                                                      0.000     0.000 r  
    W5                                                0.000     0.000 r  clk (IN)
                         net (fo=0)                   0.000     0.000    clk
    W5                   IBUF (Prop_ibuf_I_O)         0.414     0.414 r  clk_IBUF_inst/O
                         net (fo=1, routed)           0.685     1.099    clk_IBUF
    BUFGCTRL_X0Y0        BUFG (Prop_bufg_I_O)         0.029     1.128 r  clk_IBUF_BUFG_inst/O
                         net (fo=22, routed)          0.855     1.982    vga/CLK
    SLICE_X2Y29          FDCE                                         r  vga/h_count_reg_reg[9]/C
                         clock pessimism             -0.499     1.483    
    SLICE_X2Y29          FDCE (Hold_fdce_C_D)         0.121     1.604    vga/h_count_reg_reg[9]
  -------------------------------------------------------------------
                         required time                         -1.604    
                         arrival time                           1.900    
  -------------------------------------------------------------------
                         slack                                  0.296    

Slack (MET) :             0.298ns  (arrival time - required time)
  Source:                 vga/v_count_reg_reg[2]/C
                            (rising edge-triggered cell FDCE clocked by sys_clk_pin  {rise@0.000ns fall@5.000ns period=10.000ns})
  Destination:            vga/v_count_reg_reg[2]/D
                            (rising edge-triggered cell FDCE clocked by sys_clk_pin  {rise@0.000ns fall@5.000ns period=10.000ns})
  Path Group:             sys_clk_pin
  Path Type:              Hold (Min at Fast Process Corner)
  Requirement:            0.000ns  (sys_clk_pin rise@0.000ns - sys_clk_pin rise@0.000ns)
  Data Path Delay:        0.389ns  (logic 0.186ns (47.757%)  route 0.203ns (52.243%))
  Logic Levels:           1  (LUT4=1)
  Clock Path Skew:        0.000ns (DCD - SCD - CPR)
    Destination Clock Delay (DCD):    1.982ns
    Source Clock Delay      (SCD):    1.469ns
    Clock Pessimism Removal (CPR):    0.513ns

    Location             Delay type                Incr(ns)  Path(ns)    Netlist Resource(s)
  -------------------------------------------------------------------    -------------------
                         (clock sys_clk_pin rise edge)
                                                      0.000     0.000 r  
    W5                                                0.000     0.000 r  clk (IN)
                         net (fo=0)                   0.000     0.000    clk
    W5                   IBUF (Prop_ibuf_I_O)         0.226     0.226 r  clk_IBUF_inst/O
                         net (fo=1, routed)           0.631     0.858    clk_IBUF
    BUFGCTRL_X0Y0        BUFG (Prop_bufg_I_O)         0.026     0.884 r  clk_IBUF_BUFG_inst/O
                         net (fo=22, routed)          0.586     1.469    vga/CLK
    SLICE_X3Y29          FDCE                                         r  vga/v_count_reg_reg[2]/C
  -------------------------------------------------------------------    -------------------
    SLICE_X3Y29          FDCE (Prop_fdce_C_Q)         0.141     1.610 r  vga/v_count_reg_reg[2]/Q
                         net (fo=10, routed)          0.203     1.814    vga/y[2]
    SLICE_X3Y29          LUT4 (Prop_lut4_I1_O)        0.045     1.859 r  vga/v_count_reg[2]_i_1/O
                         net (fo=1, routed)           0.000     1.859    vga/v_count_next[2]
    SLICE_X3Y29          FDCE                                         r  vga/v_count_reg_reg[2]/D
  -------------------------------------------------------------------    -------------------

                         (clock sys_clk_pin rise edge)
                                                      0.000     0.000 r  
    W5                                                0.000     0.000 r  clk (IN)
                         net (fo=0)                   0.000     0.000    clk
    W5                   IBUF (Prop_ibuf_I_O)         0.414     0.414 r  clk_IBUF_inst/O
                         net (fo=1, routed)           0.685     1.099    clk_IBUF
    BUFGCTRL_X0Y0        BUFG (Prop_bufg_I_O)         0.029     1.128 r  clk_IBUF_BUFG_inst/O
                         net (fo=22, routed)          0.855     1.982    vga/CLK
    SLICE_X3Y29          FDCE                                         r  vga/v_count_reg_reg[2]/C
                         clock pessimism             -0.513     1.469    
    SLICE_X3Y29          FDCE (Hold_fdce_C_D)         0.091     1.560    vga/v_count_reg_reg[2]
  -------------------------------------------------------------------
                         required time                         -1.560    
                         arrival time                           1.859    
  -------------------------------------------------------------------
                         slack                                  0.298    

Slack (MET) :             0.305ns  (arrival time - required time)
  Source:                 vga/h_count_reg_reg[8]/C
                            (rising edge-triggered cell FDCE clocked by sys_clk_pin  {rise@0.000ns fall@5.000ns period=10.000ns})
  Destination:            vga/h_count_reg_reg[8]/D
                            (rising edge-triggered cell FDCE clocked by sys_clk_pin  {rise@0.000ns fall@5.000ns period=10.000ns})
  Path Group:             sys_clk_pin
  Path Type:              Hold (Min at Fast Process Corner)
  Requirement:            0.000ns  (sys_clk_pin rise@0.000ns - sys_clk_pin rise@0.000ns)
  Data Path Delay:        0.436ns  (logic 0.249ns (57.084%)  route 0.187ns (42.916%))
  Logic Levels:           1  (LUT5=1)
  Clock Path Skew:        0.000ns (DCD - SCD - CPR)
    Destination Clock Delay (DCD):    1.981ns
    Source Clock Delay      (SCD):    1.468ns
    Clock Pessimism Removal (CPR):    0.513ns

    Location             Delay type                Incr(ns)  Path(ns)    Netlist Resource(s)
  -------------------------------------------------------------------    -------------------
                         (clock sys_clk_pin rise edge)
                                                      0.000     0.000 r  
    W5                                                0.000     0.000 r  clk (IN)
                         net (fo=0)                   0.000     0.000    clk
    W5                   IBUF (Prop_ibuf_I_O)         0.226     0.226 r  clk_IBUF_inst/O
                         net (fo=1, routed)           0.631     0.858    clk_IBUF
    BUFGCTRL_X0Y0        BUFG (Prop_bufg_I_O)         0.026     0.884 r  clk_IBUF_BUFG_inst/O
                         net (fo=22, routed)          0.585     1.468    vga/CLK
    SLICE_X2Y28          FDCE                                         r  vga/h_count_reg_reg[8]/C
  -------------------------------------------------------------------    -------------------
    SLICE_X2Y28          FDCE (Prop_fdce_C_Q)         0.148     1.616 r  vga/h_count_reg_reg[8]/Q
                         net (fo=12, routed)          0.187     1.803    vga/h_count_reg_reg_n_0_[8]
    SLICE_X2Y28          LUT5 (Prop_lut5_I1_O)        0.101     1.904 r  vga/h_count_reg[8]_i_1/O
                         net (fo=1, routed)           0.000     1.904    vga/h_count_next[8]
    SLICE_X2Y28          FDCE                                         r  vga/h_count_reg_reg[8]/D
  -------------------------------------------------------------------    -------------------

                         (clock sys_clk_pin rise edge)
                                                      0.000     0.000 r  
    W5                                                0.000     0.000 r  clk (IN)
                         net (fo=0)                   0.000     0.000    clk
    W5                   IBUF (Prop_ibuf_I_O)         0.414     0.414 r  clk_IBUF_inst/O
                         net (fo=1, routed)           0.685     1.099    clk_IBUF
    BUFGCTRL_X0Y0        BUFG (Prop_bufg_I_O)         0.029     1.128 r  clk_IBUF_BUFG_inst/O
                         net (fo=22, routed)          0.854     1.981    vga/CLK
    SLICE_X2Y28          FDCE                                         r  vga/h_count_reg_reg[8]/C
                         clock pessimism             -0.513     1.468    
    SLICE_X2Y28          FDCE (Hold_fdce_C_D)         0.131     1.599    vga/h_count_reg_reg[8]
  -------------------------------------------------------------------
                         required time                         -1.599    
                         arrival time                           1.904    
  -------------------------------------------------------------------
                         slack                                  0.305    

Slack (MET) :             0.330ns  (arrival time - required time)
  Source:                 vga/v_count_reg_reg[7]/C
                            (rising edge-triggered cell FDCE clocked by sys_clk_pin  {rise@0.000ns fall@5.000ns period=10.000ns})
  Destination:            vga/v_count_reg_reg[8]/D
                            (rising edge-triggered cell FDCE clocked by sys_clk_pin  {rise@0.000ns fall@5.000ns period=10.000ns})
  Path Group:             sys_clk_pin
  Path Type:              Hold (Min at Fast Process Corner)
  Requirement:            0.000ns  (sys_clk_pin rise@0.000ns - sys_clk_pin rise@0.000ns)
  Data Path Delay:        0.437ns  (logic 0.184ns (42.076%)  route 0.253ns (57.924%))
  Logic Levels:           1  (LUT5=1)
  Clock Path Skew:        0.000ns (DCD - SCD - CPR)
    Destination Clock Delay (DCD):    1.981ns
    Source Clock Delay      (SCD):    1.468ns
    Clock Pessimism Removal (CPR):    0.513ns

    Location             Delay type                Incr(ns)  Path(ns)    Netlist Resource(s)
  -------------------------------------------------------------------    -------------------
                         (clock sys_clk_pin rise edge)
                                                      0.000     0.000 r  
    W5                                                0.000     0.000 r  clk (IN)
                         net (fo=0)                   0.000     0.000    clk
    W5                   IBUF (Prop_ibuf_I_O)         0.226     0.226 r  clk_IBUF_inst/O
                         net (fo=1, routed)           0.631     0.858    clk_IBUF
    BUFGCTRL_X0Y0        BUFG (Prop_bufg_I_O)         0.026     0.884 r  clk_IBUF_BUFG_inst/O
                         net (fo=22, routed)          0.585     1.468    vga/CLK
    SLICE_X3Y28          FDCE                                         r  vga/v_count_reg_reg[7]/C
  -------------------------------------------------------------------    -------------------
    SLICE_X3Y28          FDCE (Prop_fdce_C_Q)         0.141     1.609 r  vga/v_count_reg_reg[7]/Q
                         net (fo=8, routed)           0.253     1.862    vga/v_count_reg_reg_n_0_[7]
    SLICE_X3Y28          LUT5 (Prop_lut5_I4_O)        0.043     1.905 r  vga/v_count_reg[8]_i_1/O
                         net (fo=1, routed)           0.000     1.905    vga/v_count_next[8]
    SLICE_X3Y28          FDCE                                         r  vga/v_count_reg_reg[8]/D
  -------------------------------------------------------------------    -------------------

                         (clock sys_clk_pin rise edge)
                                                      0.000     0.000 r  
    W5                                                0.000     0.000 r  clk (IN)
                         net (fo=0)                   0.000     0.000    clk
    W5                   IBUF (Prop_ibuf_I_O)         0.414     0.414 r  clk_IBUF_inst/O
                         net (fo=1, routed)           0.685     1.099    clk_IBUF
    BUFGCTRL_X0Y0        BUFG (Prop_bufg_I_O)         0.029     1.128 r  clk_IBUF_BUFG_inst/O
                         net (fo=22, routed)          0.854     1.981    vga/CLK
    SLICE_X3Y28          FDCE                                         r  vga/v_count_reg_reg[8]/C
                         clock pessimism             -0.513     1.468    
    SLICE_X3Y28          FDCE (Hold_fdce_C_D)         0.107     1.575    vga/v_count_reg_reg[8]
  -------------------------------------------------------------------
                         required time                         -1.575    
                         arrival time                           1.905    
  -------------------------------------------------------------------
                         slack                                  0.330    





Pulse Width Checks
--------------------------------------------------------------------------------------
Clock Name:         sys_clk_pin
Waveform(ns):       { 0.000 5.000 }
Period(ns):         10.000
Sources:            { clk }

Check Type        Corner  Lib Pin  Reference Pin  Required(ns)  Actual(ns)  Slack(ns)  Location       Pin
Min Period        n/a     BUFG/I   n/a            2.155         10.000      7.845      BUFGCTRL_X0Y0  clk_IBUF_BUFG_inst/I
Min Period        n/a     FDCE/C   n/a            1.000         10.000      9.000      SLICE_X0Y29    vga/h_count_reg_reg[0]/C
Min Period        n/a     FDCE/C   n/a            1.000         10.000      9.000      SLICE_X0Y29    vga/h_count_reg_reg[1]/C
Min Period        n/a     FDCE/C   n/a            1.000         10.000      9.000      SLICE_X2Y29    vga/h_count_reg_reg[2]/C
Min Period        n/a     FDCE/C   n/a            1.000         10.000      9.000      SLICE_X2Y29    vga/h_count_reg_reg[3]/C
Min Period        n/a     FDCE/C   n/a            1.000         10.000      9.000      SLICE_X2Y29    vga/h_count_reg_reg[4]/C
Min Period        n/a     FDCE/C   n/a            1.000         10.000      9.000      SLICE_X0Y29    vga/h_count_reg_reg[5]/C
Min Period        n/a     FDCE/C   n/a            1.000         10.000      9.000      SLICE_X2Y28    vga/h_count_reg_reg[6]/C
Min Period        n/a     FDCE/C   n/a            1.000         10.000      9.000      SLICE_X2Y28    vga/h_count_reg_reg[7]/C
Min Period        n/a     FDCE/C   n/a            1.000         10.000      9.000      SLICE_X2Y28    vga/h_count_reg_reg[8]/C
Low Pulse Width   Slow    FDCE/C   n/a            0.500         5.000       4.500      SLICE_X0Y29    vga/h_count_reg_reg[0]/C
Low Pulse Width   Fast    FDCE/C   n/a            0.500         5.000       4.500      SLICE_X0Y29    vga/h_count_reg_reg[0]/C
Low Pulse Width   Slow    FDCE/C   n/a            0.500         5.000       4.500      SLICE_X0Y29    vga/h_count_reg_reg[1]/C
Low Pulse Width   Fast    FDCE/C   n/a            0.500         5.000       4.500      SLICE_X0Y29    vga/h_count_reg_reg[1]/C
Low Pulse Width   Slow    FDCE/C   n/a            0.500         5.000       4.500      SLICE_X2Y29    vga/h_count_reg_reg[2]/C
Low Pulse Width   Fast    FDCE/C   n/a            0.500         5.000       4.500      SLICE_X2Y29    vga/h_count_reg_reg[2]/C
Low Pulse Width   Slow    FDCE/C   n/a            0.500         5.000       4.500      SLICE_X2Y29    vga/h_count_reg_reg[3]/C
Low Pulse Width   Fast    FDCE/C   n/a            0.500         5.000       4.500      SLICE_X2Y29    vga/h_count_reg_reg[3]/C
Low Pulse Width   Slow    FDCE/C   n/a            0.500         5.000       4.500      SLICE_X2Y29    vga/h_count_reg_reg[4]/C
Low Pulse Width   Fast    FDCE/C   n/a            0.500         5.000       4.500      SLICE_X2Y29    vga/h_count_reg_reg[4]/C
High Pulse Width  Slow    FDCE/C   n/a            0.500         5.000       4.500      SLICE_X0Y29    vga/h_count_reg_reg[0]/C
High Pulse Width  Fast    FDCE/C   n/a            0.500         5.000       4.500      SLICE_X0Y29    vga/h_count_reg_reg[0]/C
High Pulse Width  Slow    FDCE/C   n/a            0.500         5.000       4.500      SLICE_X0Y29    vga/h_count_reg_reg[1]/C
High Pulse Width  Fast    FDCE/C   n/a            0.500         5.000       4.500      SLICE_X0Y29    vga/h_count_reg_reg[1]/C
High Pulse Width  Slow    FDCE/C   n/a            0.500         5.000       4.500      SLICE_X2Y29    vga/h_count_reg_reg[2]/C
High Pulse Width  Fast    FDCE/C   n/a            0.500         5.000       4.500      SLICE_X2Y29    vga/h_count_reg_reg[2]/C
High Pulse Width  Slow    FDCE/C   n/a            0.500         5.000       4.500      SLICE_X2Y29    vga/h_count_reg_reg[3]/C
High Pulse Width  Fast    FDCE/C   n/a            0.500         5.000       4.500      SLICE_X2Y29    vga/h_count_reg_reg[3]/C
High Pulse Width  Slow    FDCE/C   n/a            0.500         5.000       4.500      SLICE_X2Y29    vga/h_count_reg_reg[4]/C
High Pulse Width  Fast    FDCE/C   n/a            0.500         5.000       4.500      SLICE_X2Y29    vga/h_count_reg_reg[4]/C



--------------------------------------------------------------------------------------
Path Group:  (none)
From Clock:  
  To Clock:  

Max Delay            14 Endpoints
Min Delay            14 Endpoints
--------------------------------------------------------------------------------------


Max Delay Paths
--------------------------------------------------------------------------------------
Slack:                    inf
  Source:                 sw[2]
                            (input port)
  Destination:            vgaBlue[3]
                            (output port)
  Path Group:             (none)
  Path Type:              Max at Slow Process Corner
  Data Path Delay:        11.360ns  (logic 5.591ns (49.211%)  route 5.770ns (50.789%))
  Logic Levels:           5  (IBUF=1 LUT4=1 LUT6=2 OBUF=1)

    Location             Delay type                Incr(ns)  Path(ns)    Netlist Resource(s)
  -------------------------------------------------------------------    -------------------
    W16                                               0.000     0.000 f  sw[2] (IN)
                         net (fo=0)                   0.000     0.000    sw[2]
    W16                  IBUF (Prop_ibuf_I_O)         1.464     1.464 f  sw_IBUF[2]_inst/O
                         net (fo=6, routed)           2.348     3.812    vga/sw_IBUF[2]
    SLICE_X0Y30          LUT4 (Prop_lut4_I0_O)        0.152     3.964 r  vga/vgaBlue_OBUF[3]_inst_i_4/O
                         net (fo=1, routed)           0.624     4.587    vga/vgaBlue_OBUF[3]_inst_i_4_n_0
    SLICE_X1Y30          LUT6 (Prop_lut6_I0_O)        0.326     4.913 r  vga/vgaBlue_OBUF[3]_inst_i_3/O
                         net (fo=1, routed)           0.659     5.572    vga/vgaBlue_OBUF[3]_inst_i_3_n_0
    SLICE_X0Y30          LUT6 (Prop_lut6_I1_O)        0.124     5.696 r  vga/vgaBlue_OBUF[3]_inst_i_1/O
                         net (fo=4, routed)           2.140     7.836    vgaBlue_OBUF[0]
    J18                  OBUF (Prop_obuf_I_O)         3.525    11.360 r  vgaBlue_OBUF[3]_inst/O
                         net (fo=0)                   0.000    11.360    vgaBlue[3]
    J18                                                               r  vgaBlue[3] (OUT)
  -------------------------------------------------------------------    -------------------

Slack:                    inf
  Source:                 sw[2]
                            (input port)
  Destination:            vgaBlue[1]
                            (output port)
  Path Group:             (none)
  Path Type:              Max at Slow Process Corner
  Data Path Delay:        11.198ns  (logic 5.569ns (49.734%)  route 5.629ns (50.266%))
  Logic Levels:           5  (IBUF=1 LUT4=1 LUT6=2 OBUF=1)

    Location             Delay type                Incr(ns)  Path(ns)    Netlist Resource(s)
  -------------------------------------------------------------------    -------------------
    W16                                               0.000     0.000 f  sw[2] (IN)
                         net (fo=0)                   0.000     0.000    sw[2]
    W16                  IBUF (Prop_ibuf_I_O)         1.464     1.464 f  sw_IBUF[2]_inst/O
                         net (fo=6, routed)           2.348     3.812    vga/sw_IBUF[2]
    SLICE_X0Y30          LUT4 (Prop_lut4_I0_O)        0.152     3.964 r  vga/vgaBlue_OBUF[3]_inst_i_4/O
                         net (fo=1, routed)           0.624     4.587    vga/vgaBlue_OBUF[3]_inst_i_4_n_0
    SLICE_X1Y30          LUT6 (Prop_lut6_I0_O)        0.326     4.913 r  vga/vgaBlue_OBUF[3]_inst_i_3/O
                         net (fo=1, routed)           0.659     5.572    vga/vgaBlue_OBUF[3]_inst_i_3_n_0
    SLICE_X0Y30          LUT6 (Prop_lut6_I1_O)        0.124     5.696 r  vga/vgaBlue_OBUF[3]_inst_i_1/O
                         net (fo=4, routed)           1.999     7.695    vgaBlue_OBUF[0]
    L18                  OBUF (Prop_obuf_I_O)         3.503    11.198 r  vgaBlue_OBUF[1]_inst/O
                         net (fo=0)                   0.000    11.198    vgaBlue[1]
    L18                                                               r  vgaBlue[1] (OUT)
  -------------------------------------------------------------------    -------------------

Slack:                    inf
  Source:                 sw[2]
                            (input port)
  Destination:            vgaBlue[2]
                            (output port)
  Path Group:             (none)
  Path Type:              Max at Slow Process Corner
  Data Path Delay:        11.062ns  (logic 5.585ns (50.483%)  route 5.478ns (49.517%))
  Logic Levels:           5  (IBUF=1 LUT4=1 LUT6=2 OBUF=1)

    Location             Delay type                Incr(ns)  Path(ns)    Netlist Resource(s)
  -------------------------------------------------------------------    -------------------
    W16                                               0.000     0.000 f  sw[2] (IN)
                         net (fo=0)                   0.000     0.000    sw[2]
    W16                  IBUF (Prop_ibuf_I_O)         1.464     1.464 f  sw_IBUF[2]_inst/O
                         net (fo=6, routed)           2.348     3.812    vga/sw_IBUF[2]
    SLICE_X0Y30          LUT4 (Prop_lut4_I0_O)        0.152     3.964 r  vga/vgaBlue_OBUF[3]_inst_i_4/O
                         net (fo=1, routed)           0.624     4.587    vga/vgaBlue_OBUF[3]_inst_i_4_n_0
    SLICE_X1Y30          LUT6 (Prop_lut6_I0_O)        0.326     4.913 r  vga/vgaBlue_OBUF[3]_inst_i_3/O
                         net (fo=1, routed)           0.659     5.572    vga/vgaBlue_OBUF[3]_inst_i_3_n_0
    SLICE_X0Y30          LUT6 (Prop_lut6_I1_O)        0.124     5.696 r  vga/vgaBlue_OBUF[3]_inst_i_1/O
                         net (fo=4, routed)           1.848     7.544    vgaBlue_OBUF[0]
    K18                  OBUF (Prop_obuf_I_O)         3.519    11.062 r  vgaBlue_OBUF[2]_inst/O
                         net (fo=0)                   0.000    11.062    vgaBlue[2]
    K18                                                               r  vgaBlue[2] (OUT)
  -------------------------------------------------------------------    -------------------

Slack:                    inf
  Source:                 sw[2]
                            (input port)
  Destination:            vgaBlue[0]
                            (output port)
  Path Group:             (none)
  Path Type:              Max at Slow Process Corner
  Data Path Delay:        10.876ns  (logic 5.561ns (51.129%)  route 5.315ns (48.871%))
  Logic Levels:           5  (IBUF=1 LUT4=1 LUT6=2 OBUF=1)

    Location             Delay type                Incr(ns)  Path(ns)    Netlist Resource(s)
  -------------------------------------------------------------------    -------------------
    W16                                               0.000     0.000 f  sw[2] (IN)
                         net (fo=0)                   0.000     0.000    sw[2]
    W16                  IBUF (Prop_ibuf_I_O)         1.464     1.464 f  sw_IBUF[2]_inst/O
                         net (fo=6, routed)           2.348     3.812    vga/sw_IBUF[2]
    SLICE_X0Y30          LUT4 (Prop_lut4_I0_O)        0.152     3.964 r  vga/vgaBlue_OBUF[3]_inst_i_4/O
                         net (fo=1, routed)           0.624     4.587    vga/vgaBlue_OBUF[3]_inst_i_4_n_0
    SLICE_X1Y30          LUT6 (Prop_lut6_I0_O)        0.326     4.913 r  vga/vgaBlue_OBUF[3]_inst_i_3/O
                         net (fo=1, routed)           0.659     5.572    vga/vgaBlue_OBUF[3]_inst_i_3_n_0
    SLICE_X0Y30          LUT6 (Prop_lut6_I1_O)        0.124     5.696 r  vga/vgaBlue_OBUF[3]_inst_i_1/O
                         net (fo=4, routed)           1.685     7.381    vgaBlue_OBUF[0]
    N18                  OBUF (Prop_obuf_I_O)         3.495    10.876 r  vgaBlue_OBUF[0]_inst/O
                         net (fo=0)                   0.000    10.876    vgaBlue[0]
    N18                                                               r  vgaBlue[0] (OUT)
  -------------------------------------------------------------------    -------------------

Slack:                    inf
  Source:                 sw[2]
                            (input port)
  Destination:            vgaGreen[3]
                            (output port)
  Path Group:             (none)
  Path Type:              Max at Slow Process Corner
  Data Path Delay:        10.546ns  (logic 5.242ns (49.710%)  route 5.303ns (50.290%))
  Logic Levels:           4  (IBUF=1 LUT6=2 OBUF=1)

    Location             Delay type                Incr(ns)  Path(ns)    Netlist Resource(s)
  -------------------------------------------------------------------    -------------------
    W16                                               0.000     0.000 r  sw[2] (IN)
                         net (fo=0)                   0.000     0.000    sw[2]
    W16                  IBUF (Prop_ibuf_I_O)         1.464     1.464 r  sw_IBUF[2]_inst/O
                         net (fo=6, routed)           2.326     3.790    vga/sw_IBUF[2]
    SLICE_X1Y30          LUT6 (Prop_lut6_I1_O)        0.124     3.914 r  vga/vgaGreen_OBUF[3]_inst_i_5/O
                         net (fo=1, routed)           0.641     4.555    vga/vgaGreen_OBUF[3]_inst_i_5_n_0
    SLICE_X1Y29          LUT6 (Prop_lut6_I5_O)        0.124     4.679 r  vga/vgaGreen_OBUF[3]_inst_i_1/O
                         net (fo=1, routed)           2.337     7.015    vgaGreen_OBUF[3]
    D17                  OBUF (Prop_obuf_I_O)         3.530    10.546 r  vgaGreen_OBUF[3]_inst/O
                         net (fo=0)                   0.000    10.546    vgaGreen[3]
    D17                                                               r  vgaGreen[3] (OUT)
  -------------------------------------------------------------------    -------------------

Slack:                    inf
  Source:                 sw[2]
                            (input port)
  Destination:            vgaGreen[2]
                            (output port)
  Path Group:             (none)
  Path Type:              Max at Slow Process Corner
  Data Path Delay:        10.380ns  (logic 5.241ns (50.491%)  route 5.139ns (49.509%))
  Logic Levels:           4  (IBUF=1 LUT6=2 OBUF=1)

    Location             Delay type                Incr(ns)  Path(ns)    Netlist Resource(s)
  -------------------------------------------------------------------    -------------------
    W16                                               0.000     0.000 r  sw[2] (IN)
                         net (fo=0)                   0.000     0.000    sw[2]
    W16                  IBUF (Prop_ibuf_I_O)         1.464     1.464 r  sw_IBUF[2]_inst/O
                         net (fo=6, routed)           2.393     3.857    vga/sw_IBUF[2]
    SLICE_X1Y30          LUT6 (Prop_lut6_I0_O)        0.124     3.981 r  vga/vgaGreen_OBUF[2]_inst_i_3/O
                         net (fo=2, routed)           0.669     4.650    vga/vgaGreen_OBUF[2]_inst_i_3_n_0
    SLICE_X0Y30          LUT6 (Prop_lut6_I4_O)        0.124     4.774 r  vga/vgaGreen_OBUF[2]_inst_i_1/O
                         net (fo=3, routed)           2.077     6.851    vgaGreen_OBUF[0]
    G17                  OBUF (Prop_obuf_I_O)         3.529    10.380 r  vgaGreen_OBUF[2]_inst/O
                         net (fo=0)                   0.000    10.380    vgaGreen[2]
    G17                                                               r  vgaGreen[2] (OUT)
  -------------------------------------------------------------------    -------------------

Slack:                    inf
  Source:                 sw[2]
                            (input port)
  Destination:            vgaGreen[1]
                            (output port)
  Path Group:             (none)
  Path Type:              Max at Slow Process Corner
  Data Path Delay:        10.216ns  (logic 5.217ns (51.068%)  route 4.999ns (48.932%))
  Logic Levels:           4  (IBUF=1 LUT6=2 OBUF=1)

    Location             Delay type                Incr(ns)  Path(ns)    Netlist Resource(s)
  -------------------------------------------------------------------    -------------------
    W16                                               0.000     0.000 r  sw[2] (IN)
                         net (fo=0)                   0.000     0.000    sw[2]
    W16                  IBUF (Prop_ibuf_I_O)         1.464     1.464 r  sw_IBUF[2]_inst/O
                         net (fo=6, routed)           2.393     3.857    vga/sw_IBUF[2]
    SLICE_X1Y30          LUT6 (Prop_lut6_I0_O)        0.124     3.981 r  vga/vgaGreen_OBUF[2]_inst_i_3/O
                         net (fo=2, routed)           0.669     4.650    vga/vgaGreen_OBUF[2]_inst_i_3_n_0
    SLICE_X0Y30          LUT6 (Prop_lut6_I4_O)        0.124     4.774 r  vga/vgaGreen_OBUF[2]_inst_i_1/O
                         net (fo=3, routed)           1.937     6.711    vgaGreen_OBUF[0]
    H17                  OBUF (Prop_obuf_I_O)         3.505    10.216 r  vgaGreen_OBUF[1]_inst/O
                         net (fo=0)                   0.000    10.216    vgaGreen[1]
    H17                                                               r  vgaGreen[1] (OUT)
  -------------------------------------------------------------------    -------------------

Slack:                    inf
  Source:                 sw[2]
                            (input port)
  Destination:            vgaGreen[0]
                            (output port)
  Path Group:             (none)
  Path Type:              Max at Slow Process Corner
  Data Path Delay:        10.179ns  (logic 5.233ns (51.409%)  route 4.946ns (48.591%))
  Logic Levels:           4  (IBUF=1 LUT6=2 OBUF=1)

    Location             Delay type                Incr(ns)  Path(ns)    Netlist Resource(s)
  -------------------------------------------------------------------    -------------------
    W16                                               0.000     0.000 r  sw[2] (IN)
                         net (fo=0)                   0.000     0.000    sw[2]
    W16                  IBUF (Prop_ibuf_I_O)         1.464     1.464 r  sw_IBUF[2]_inst/O
                         net (fo=6, routed)           2.393     3.857    vga/sw_IBUF[2]
    SLICE_X1Y30          LUT6 (Prop_lut6_I0_O)        0.124     3.981 r  vga/vgaGreen_OBUF[2]_inst_i_3/O
                         net (fo=2, routed)           0.669     4.650    vga/vgaGreen_OBUF[2]_inst_i_3_n_0
    SLICE_X0Y30          LUT6 (Prop_lut6_I4_O)        0.124     4.774 r  vga/vgaGreen_OBUF[2]_inst_i_1/O
                         net (fo=3, routed)           1.884     6.658    vgaGreen_OBUF[0]
    J17                  OBUF (Prop_obuf_I_O)         3.521    10.179 r  vgaGreen_OBUF[0]_inst/O
                         net (fo=0)                   0.000    10.179    vgaGreen[0]
    J17                                                               r  vgaGreen[0] (OUT)
  -------------------------------------------------------------------    -------------------

Slack:                    inf
  Source:                 sw[1]
                            (input port)
  Destination:            vgaRed[1]
                            (output port)
  Path Group:             (none)
  Path Type:              Max at Slow Process Corner
  Data Path Delay:        10.124ns  (logic 5.229ns (51.648%)  route 4.895ns (48.352%))
  Logic Levels:           4  (IBUF=1 LUT6=2 OBUF=1)

    Location             Delay type                Incr(ns)  Path(ns)    Netlist Resource(s)
  -------------------------------------------------------------------    -------------------
    V16                                               0.000     0.000 r  sw[1] (IN)
                         net (fo=0)                   0.000     0.000    sw[1]
    V16                  IBUF (Prop_ibuf_I_O)         1.461     1.461 r  sw_IBUF[1]_inst/O
                         net (fo=8, routed)           2.256     3.718    vga/sw_IBUF[1]
    SLICE_X0Y28          LUT6 (Prop_lut6_I2_O)        0.124     3.842 r  vga/led_OBUF[2]_inst_i_3/O
                         net (fo=1, routed)           0.159     4.000    vga/led_OBUF[2]_inst_i_3_n_0
    SLICE_X0Y28          LUT6 (Prop_lut6_I5_O)        0.124     4.124 r  vga/led_OBUF[2]_inst_i_1/O
                         net (fo=5, routed)           2.480     6.604    vgaRed_OBUF[0]
    H19                  OBUF (Prop_obuf_I_O)         3.519    10.124 r  vgaRed_OBUF[1]_inst/O
                         net (fo=0)                   0.000    10.124    vgaRed[1]
    H19                                                               r  vgaRed[1] (OUT)
  -------------------------------------------------------------------    -------------------

Slack:                    inf
  Source:                 sw[1]
                            (input port)
  Destination:            vgaRed[0]
                            (output port)
  Path Group:             (none)
  Path Type:              Max at Slow Process Corner
  Data Path Delay:        9.987ns  (logic 5.233ns (52.399%)  route 4.754ns (47.601%))
  Logic Levels:           4  (IBUF=1 LUT6=2 OBUF=1)

    Location             Delay type                Incr(ns)  Path(ns)    Netlist Resource(s)
  -------------------------------------------------------------------    -------------------
    V16                                               0.000     0.000 r  sw[1] (IN)
                         net (fo=0)                   0.000     0.000    sw[1]
    V16                  IBUF (Prop_ibuf_I_O)         1.461     1.461 r  sw_IBUF[1]_inst/O
                         net (fo=8, routed)           2.256     3.718    vga/sw_IBUF[1]
    SLICE_X0Y28          LUT6 (Prop_lut6_I2_O)        0.124     3.842 r  vga/led_OBUF[2]_inst_i_3/O
                         net (fo=1, routed)           0.159     4.000    vga/led_OBUF[2]_inst_i_3_n_0
    SLICE_X0Y28          LUT6 (Prop_lut6_I5_O)        0.124     4.124 r  vga/led_OBUF[2]_inst_i_1/O
                         net (fo=5, routed)           2.339     6.463    vgaRed_OBUF[0]
    G19                  OBUF (Prop_obuf_I_O)         3.524     9.987 r  vgaRed_OBUF[0]_inst/O
                         net (fo=0)                   0.000     9.987    vgaRed[0]
    G19                                                               r  vgaRed[0] (OUT)
  -------------------------------------------------------------------    -------------------





Min Delay Paths
--------------------------------------------------------------------------------------
Slack:                    inf
  Source:                 reset
                            (input port)
  Destination:            led[0]
                            (output port)
  Path Group:             (none)
  Path Type:              Min at Fast Process Corner
  Data Path Delay:        2.065ns  (logic 1.415ns (68.551%)  route 0.649ns (31.449%))
  Logic Levels:           2  (IBUF=1 OBUF=1)

    Location             Delay type                Incr(ns)  Path(ns)    Netlist Resource(s)
  -------------------------------------------------------------------    -------------------
    U18                                               0.000     0.000 r  reset (IN)
                         net (fo=0)                   0.000     0.000    reset
    U18                  IBUF (Prop_ibuf_I_O)         0.210     0.210 r  reset_IBUF_inst/O
                         net (fo=23, routed)          0.649     0.859    led_OBUF[0]
    U16                  OBUF (Prop_obuf_I_O)         1.206     2.065 r  led_OBUF[0]_inst/O
                         net (fo=0)                   0.000     2.065    led[0]
    U16                                                               r  led[0] (OUT)
  -------------------------------------------------------------------    -------------------

Slack:                    inf
  Source:                 sw[1]
                            (input port)
  Destination:            vgaBlue[0]
                            (output port)
  Path Group:             (none)
  Path Type:              Min at Fast Process Corner
  Data Path Delay:        2.463ns  (logic 1.471ns (59.719%)  route 0.992ns (40.281%))
  Logic Levels:           3  (IBUF=1 LUT6=1 OBUF=1)

    Location             Delay type                Incr(ns)  Path(ns)    Netlist Resource(s)
  -------------------------------------------------------------------    -------------------
    V16                                               0.000     0.000 f  sw[1] (IN)
                         net (fo=0)                   0.000     0.000    sw[1]
    V16                  IBUF (Prop_ibuf_I_O)         0.229     0.229 f  sw_IBUF[1]_inst/O
                         net (fo=8, routed)           0.636     0.865    vga/sw_IBUF[1]
    SLICE_X0Y30          LUT6 (Prop_lut6_I2_O)        0.045     0.910 r  vga/vgaBlue_OBUF[3]_inst_i_1/O
                         net (fo=4, routed)           0.356     1.266    vgaBlue_OBUF[0]
    N18                  OBUF (Prop_obuf_I_O)         1.197     2.463 r  vgaBlue_OBUF[0]_inst/O
                         net (fo=0)                   0.000     2.463    vgaBlue[0]
    N18                                                               r  vgaBlue[0] (OUT)
  -------------------------------------------------------------------    -------------------

Slack:                    inf
  Source:                 sw[1]
                            (input port)
  Destination:            vgaBlue[2]
                            (output port)
  Path Group:             (none)
  Path Type:              Min at Fast Process Corner
  Data Path Delay:        2.545ns  (logic 1.494ns (58.716%)  route 1.051ns (41.284%))
  Logic Levels:           3  (IBUF=1 LUT6=1 OBUF=1)

    Location             Delay type                Incr(ns)  Path(ns)    Netlist Resource(s)
  -------------------------------------------------------------------    -------------------
    V16                                               0.000     0.000 f  sw[1] (IN)
                         net (fo=0)                   0.000     0.000    sw[1]
    V16                  IBUF (Prop_ibuf_I_O)         0.229     0.229 f  sw_IBUF[1]_inst/O
                         net (fo=8, routed)           0.636     0.865    vga/sw_IBUF[1]
    SLICE_X0Y30          LUT6 (Prop_lut6_I2_O)        0.045     0.910 r  vga/vgaBlue_OBUF[3]_inst_i_1/O
                         net (fo=4, routed)           0.415     1.325    vgaBlue_OBUF[0]
    K18                  OBUF (Prop_obuf_I_O)         1.220     2.545 r  vgaBlue_OBUF[2]_inst/O
                         net (fo=0)                   0.000     2.545    vgaBlue[2]
    K18                                                               r  vgaBlue[2] (OUT)
  -------------------------------------------------------------------    -------------------

Slack:                    inf
  Source:                 sw[1]
                            (input port)
  Destination:            vgaBlue[1]
                            (output port)
  Path Group:             (none)
  Path Type:              Min at Fast Process Corner
  Data Path Delay:        2.594ns  (logic 1.479ns (57.004%)  route 1.115ns (42.996%))
  Logic Levels:           3  (IBUF=1 LUT6=1 OBUF=1)

    Location             Delay type                Incr(ns)  Path(ns)    Netlist Resource(s)
  -------------------------------------------------------------------    -------------------
    V16                                               0.000     0.000 f  sw[1] (IN)
                         net (fo=0)                   0.000     0.000    sw[1]
    V16                  IBUF (Prop_ibuf_I_O)         0.229     0.229 f  sw_IBUF[1]_inst/O
                         net (fo=8, routed)           0.636     0.865    vga/sw_IBUF[1]
    SLICE_X0Y30          LUT6 (Prop_lut6_I2_O)        0.045     0.910 r  vga/vgaBlue_OBUF[3]_inst_i_1/O
                         net (fo=4, routed)           0.480     1.390    vgaBlue_OBUF[0]
    L18                  OBUF (Prop_obuf_I_O)         1.205     2.594 r  vgaBlue_OBUF[1]_inst/O
                         net (fo=0)                   0.000     2.594    vgaBlue[1]
    L18                                                               r  vgaBlue[1] (OUT)
  -------------------------------------------------------------------    -------------------

Slack:                    inf
  Source:                 sw[2]
                            (input port)
  Destination:            vgaRed[3]
                            (output port)
  Path Group:             (none)
  Path Type:              Min at Fast Process Corner
  Data Path Delay:        2.600ns  (logic 1.480ns (56.936%)  route 1.120ns (43.064%))
  Logic Levels:           3  (IBUF=1 LUT6=1 OBUF=1)

    Location             Delay type                Incr(ns)  Path(ns)    Netlist Resource(s)
  -------------------------------------------------------------------    -------------------
    W16                                               0.000     0.000 r  sw[2] (IN)
                         net (fo=0)                   0.000     0.000    sw[2]
    W16                  IBUF (Prop_ibuf_I_O)         0.232     0.232 r  sw_IBUF[2]_inst/O
                         net (fo=6, routed)           0.700     0.932    vga/sw_IBUF[2]
    SLICE_X0Y28          LUT6 (Prop_lut6_I3_O)        0.045     0.977 r  vga/led_OBUF[2]_inst_i_1/O
                         net (fo=5, routed)           0.420     1.397    vgaRed_OBUF[0]
    N19                  OBUF (Prop_obuf_I_O)         1.204     2.600 r  vgaRed_OBUF[3]_inst/O
                         net (fo=0)                   0.000     2.600    vgaRed[3]
    N19                                                               r  vgaRed[3] (OUT)
  -------------------------------------------------------------------    -------------------

Slack:                    inf
  Source:                 sw[2]
                            (input port)
  Destination:            led[2]
                            (output port)
  Path Group:             (none)
  Path Type:              Min at Fast Process Corner
  Data Path Delay:        2.651ns  (logic 1.479ns (55.789%)  route 1.172ns (44.211%))
  Logic Levels:           3  (IBUF=1 LUT6=1 OBUF=1)

    Location             Delay type                Incr(ns)  Path(ns)    Netlist Resource(s)
  -------------------------------------------------------------------    -------------------
    W16                                               0.000     0.000 r  sw[2] (IN)
                         net (fo=0)                   0.000     0.000    sw[2]
    W16                  IBUF (Prop_ibuf_I_O)         0.232     0.232 r  sw_IBUF[2]_inst/O
                         net (fo=6, routed)           0.700     0.932    vga/sw_IBUF[2]
    SLICE_X0Y28          LUT6 (Prop_lut6_I3_O)        0.045     0.977 r  vga/led_OBUF[2]_inst_i_1/O
                         net (fo=5, routed)           0.472     1.449    vgaRed_OBUF[0]
    U19                  OBUF (Prop_obuf_I_O)         1.202     2.651 r  led_OBUF[2]_inst/O
                         net (fo=0)                   0.000     2.651    led[2]
    U19                                                               r  led[2] (OUT)
  -------------------------------------------------------------------    -------------------

Slack:                    inf
  Source:                 sw[1]
                            (input port)
  Destination:            vgaBlue[3]
                            (output port)
  Path Group:             (none)
  Path Type:              Min at Fast Process Corner
  Data Path Delay:        2.671ns  (logic 1.500ns (56.170%)  route 1.170ns (43.830%))
  Logic Levels:           3  (IBUF=1 LUT6=1 OBUF=1)

    Location             Delay type                Incr(ns)  Path(ns)    Netlist Resource(s)
  -------------------------------------------------------------------    -------------------
    V16                                               0.000     0.000 f  sw[1] (IN)
                         net (fo=0)                   0.000     0.000    sw[1]
    V16                  IBUF (Prop_ibuf_I_O)         0.229     0.229 f  sw_IBUF[1]_inst/O
                         net (fo=8, routed)           0.636     0.865    vga/sw_IBUF[1]
    SLICE_X0Y30          LUT6 (Prop_lut6_I2_O)        0.045     0.910 r  vga/vgaBlue_OBUF[3]_inst_i_1/O
                         net (fo=4, routed)           0.535     1.445    vgaBlue_OBUF[0]
    J18                  OBUF (Prop_obuf_I_O)         1.226     2.671 r  vgaBlue_OBUF[3]_inst/O
                         net (fo=0)                   0.000     2.671    vgaBlue[3]
    J18                                                               r  vgaBlue[3] (OUT)
  -------------------------------------------------------------------    -------------------

Slack:                    inf
  Source:                 sw[1]
                            (input port)
  Destination:            vgaGreen[0]
                            (output port)
  Path Group:             (none)
  Path Type:              Min at Fast Process Corner
  Data Path Delay:        2.697ns  (logic 1.496ns (55.482%)  route 1.201ns (44.518%))
  Logic Levels:           3  (IBUF=1 LUT6=1 OBUF=1)

    Location             Delay type                Incr(ns)  Path(ns)    Netlist Resource(s)
  -------------------------------------------------------------------    -------------------
    V16                                               0.000     0.000 f  sw[1] (IN)
                         net (fo=0)                   0.000     0.000    sw[1]
    V16                  IBUF (Prop_ibuf_I_O)         0.229     0.229 f  sw_IBUF[1]_inst/O
                         net (fo=8, routed)           0.768     0.997    vga/sw_IBUF[1]
    SLICE_X0Y30          LUT6 (Prop_lut6_I5_O)        0.045     1.042 r  vga/vgaGreen_OBUF[2]_inst_i_1/O
                         net (fo=3, routed)           0.433     1.475    vgaGreen_OBUF[0]
    J17                  OBUF (Prop_obuf_I_O)         1.222     2.697 r  vgaGreen_OBUF[0]_inst/O
                         net (fo=0)                   0.000     2.697    vgaGreen[0]
    J17                                                               r  vgaGreen[0] (OUT)
  -------------------------------------------------------------------    -------------------

Slack:                    inf
  Source:                 sw[1]
                            (input port)
  Destination:            vgaGreen[1]
                            (output port)
  Path Group:             (none)
  Path Type:              Min at Fast Process Corner
  Data Path Delay:        2.711ns  (logic 1.481ns (54.636%)  route 1.230ns (45.364%))
  Logic Levels:           3  (IBUF=1 LUT6=1 OBUF=1)

    Location             Delay type                Incr(ns)  Path(ns)    Netlist Resource(s)
  -------------------------------------------------------------------    -------------------
    V16                                               0.000     0.000 f  sw[1] (IN)
                         net (fo=0)                   0.000     0.000    sw[1]
    V16                  IBUF (Prop_ibuf_I_O)         0.229     0.229 f  sw_IBUF[1]_inst/O
                         net (fo=8, routed)           0.768     0.997    vga/sw_IBUF[1]
    SLICE_X0Y30          LUT6 (Prop_lut6_I5_O)        0.045     1.042 r  vga/vgaGreen_OBUF[2]_inst_i_1/O
                         net (fo=3, routed)           0.462     1.504    vgaGreen_OBUF[0]
    H17                  OBUF (Prop_obuf_I_O)         1.207     2.711 r  vgaGreen_OBUF[1]_inst/O
                         net (fo=0)                   0.000     2.711    vgaGreen[1]
    H17                                                               r  vgaGreen[1] (OUT)
  -------------------------------------------------------------------    -------------------

Slack:                    inf
  Source:                 sw[2]
                            (input port)
  Destination:            vgaRed[2]
                            (output port)
  Path Group:             (none)
  Path Type:              Min at Fast Process Corner
  Data Path Delay:        2.719ns  (logic 1.502ns (55.228%)  route 1.217ns (44.772%))
  Logic Levels:           3  (IBUF=1 LUT6=1 OBUF=1)

    Location             Delay type                Incr(ns)  Path(ns)    Netlist Resource(s)
  -------------------------------------------------------------------    -------------------
    W16                                               0.000     0.000 r  sw[2] (IN)
                         net (fo=0)                   0.000     0.000    sw[2]
    W16                  IBUF (Prop_ibuf_I_O)         0.232     0.232 r  sw_IBUF[2]_inst/O
                         net (fo=6, routed)           0.700     0.932    vga/sw_IBUF[2]
    SLICE_X0Y28          LUT6 (Prop_lut6_I3_O)        0.045     0.977 r  vga/led_OBUF[2]_inst_i_1/O
                         net (fo=5, routed)           0.518     1.494    vgaRed_OBUF[0]
    J19                  OBUF (Prop_obuf_I_O)         1.225     2.719 r  vgaRed_OBUF[2]_inst/O
                         net (fo=0)                   0.000     2.719    vgaRed[2]
    J19                                                               r  vgaRed[2] (OUT)
  -------------------------------------------------------------------    -------------------





--------------------------------------------------------------------------------------
Path Group:  (none)
From Clock:  sys_clk_pin
  To Clock:  

Max Delay            16 Endpoints
Min Delay            16 Endpoints
--------------------------------------------------------------------------------------


Max Delay Paths
--------------------------------------------------------------------------------------
Slack:                    inf
  Source:                 vga/v_count_reg_reg[7]/C
                            (rising edge-triggered cell FDCE clocked by sys_clk_pin  {rise@0.000ns fall@5.000ns period=10.000ns})
  Destination:            vgaRed[1]
                            (output port)
  Path Group:             (none)
  Path Type:              Max at Slow Process Corner
  Data Path Delay:        9.995ns  (logic 4.577ns (45.797%)  route 5.417ns (54.203%))
  Logic Levels:           4  (LUT4=1 LUT5=1 LUT6=1 OBUF=1)
  Clock Uncertainty:      0.025ns  ((TSJ^2 + TIJ^2)^1/2 + DJ) / 2 + PE
    Total System Jitter     (TSJ):    0.050ns
    Total Input Jitter      (TIJ):    0.000ns
    Discrete Jitter          (DJ):    0.000ns
    Phase Error              (PE):    0.000ns

    Location             Delay type                Incr(ns)  Path(ns)    Netlist Resource(s)
  -------------------------------------------------------------------    -------------------
                         (clock sys_clk_pin rise edge)
                                                      0.000     0.000 r  
    W5                                                0.000     0.000 r  clk (IN)
                         net (fo=0)                   0.000     0.000    clk
    W5                   IBUF (Prop_ibuf_I_O)         1.458     1.458 r  clk_IBUF_inst/O
                         net (fo=1, routed)           1.967     3.425    clk_IBUF
    BUFGCTRL_X0Y0        BUFG (Prop_bufg_I_O)         0.096     3.521 r  clk_IBUF_BUFG_inst/O
                         net (fo=22, routed)          1.624     5.145    vga/CLK
    SLICE_X3Y28          FDCE                                         r  vga/v_count_reg_reg[7]/C
  -------------------------------------------------------------------    -------------------
    SLICE_X3Y28          FDCE (Prop_fdce_C_Q)         0.456     5.601 f  vga/v_count_reg_reg[7]/Q
                         net (fo=8, routed)           1.084     6.685    vga/v_count_reg_reg_n_0_[7]
    SLICE_X2Y30          LUT4 (Prop_lut4_I3_O)        0.124     6.809 f  vga/led_OBUF[1]_inst_i_2/O
                         net (fo=4, routed)           0.826     7.635    vga/led_OBUF[1]_inst_i_2_n_0
    SLICE_X1Y30          LUT5 (Prop_lut5_I1_O)        0.152     7.787 r  vga/led_OBUF[1]_inst_i_1/O
                         net (fo=3, routed)           1.027     8.815    vga/led_OBUF[0]
    SLICE_X0Y28          LUT6 (Prop_lut6_I4_O)        0.326     9.141 r  vga/led_OBUF[2]_inst_i_1/O
                         net (fo=5, routed)           2.480    11.621    vgaRed_OBUF[0]
    H19                  OBUF (Prop_obuf_I_O)         3.519    15.140 r  vgaRed_OBUF[1]_inst/O
                         net (fo=0)                   0.000    15.140    vgaRed[1]
    H19                                                               r  vgaRed[1] (OUT)
  -------------------------------------------------------------------    -------------------

Slack:                    inf
  Source:                 vga/v_count_reg_reg[7]/C
                            (rising edge-triggered cell FDCE clocked by sys_clk_pin  {rise@0.000ns fall@5.000ns period=10.000ns})
  Destination:            vgaRed[0]
                            (output port)
  Path Group:             (none)
  Path Type:              Max at Slow Process Corner
  Data Path Delay:        9.858ns  (logic 4.582ns (46.477%)  route 5.276ns (53.523%))
  Logic Levels:           4  (LUT4=1 LUT5=1 LUT6=1 OBUF=1)
  Clock Uncertainty:      0.025ns  ((TSJ^2 + TIJ^2)^1/2 + DJ) / 2 + PE
    Total System Jitter     (TSJ):    0.050ns
    Total Input Jitter      (TIJ):    0.000ns
    Discrete Jitter          (DJ):    0.000ns
    Phase Error              (PE):    0.000ns

    Location             Delay type                Incr(ns)  Path(ns)    Netlist Resource(s)
  -------------------------------------------------------------------    -------------------
                         (clock sys_clk_pin rise edge)
                                                      0.000     0.000 r  
    W5                                                0.000     0.000 r  clk (IN)
                         net (fo=0)                   0.000     0.000    clk
    W5                   IBUF (Prop_ibuf_I_O)         1.458     1.458 r  clk_IBUF_inst/O
                         net (fo=1, routed)           1.967     3.425    clk_IBUF
    BUFGCTRL_X0Y0        BUFG (Prop_bufg_I_O)         0.096     3.521 r  clk_IBUF_BUFG_inst/O
                         net (fo=22, routed)          1.624     5.145    vga/CLK
    SLICE_X3Y28          FDCE                                         r  vga/v_count_reg_reg[7]/C
  -------------------------------------------------------------------    -------------------
    SLICE_X3Y28          FDCE (Prop_fdce_C_Q)         0.456     5.601 f  vga/v_count_reg_reg[7]/Q
                         net (fo=8, routed)           1.084     6.685    vga/v_count_reg_reg_n_0_[7]
    SLICE_X2Y30          LUT4 (Prop_lut4_I3_O)        0.124     6.809 f  vga/led_OBUF[1]_inst_i_2/O
                         net (fo=4, routed)           0.826     7.635    vga/led_OBUF[1]_inst_i_2_n_0
    SLICE_X1Y30          LUT5 (Prop_lut5_I1_O)        0.152     7.787 r  vga/led_OBUF[1]_inst_i_1/O
                         net (fo=3, routed)           1.027     8.815    vga/led_OBUF[0]
    SLICE_X0Y28          LUT6 (Prop_lut6_I4_O)        0.326     9.141 r  vga/led_OBUF[2]_inst_i_1/O
                         net (fo=5, routed)           2.339    11.480    vgaRed_OBUF[0]
    G19                  OBUF (Prop_obuf_I_O)         3.524    15.003 r  vgaRed_OBUF[0]_inst/O
                         net (fo=0)                   0.000    15.003    vgaRed[0]
    G19                                                               r  vgaRed[0] (OUT)
  -------------------------------------------------------------------    -------------------

Slack:                    inf
  Source:                 vga/v_count_reg_reg[7]/C
                            (rising edge-triggered cell FDCE clocked by sys_clk_pin  {rise@0.000ns fall@5.000ns period=10.000ns})
  Destination:            vgaRed[2]
                            (output port)
  Path Group:             (none)
  Path Type:              Max at Slow Process Corner
  Data Path Delay:        9.565ns  (logic 4.582ns (47.904%)  route 4.983ns (52.096%))
  Logic Levels:           4  (LUT4=1 LUT5=1 LUT6=1 OBUF=1)
  Clock Uncertainty:      0.025ns  ((TSJ^2 + TIJ^2)^1/2 + DJ) / 2 + PE
    Total System Jitter     (TSJ):    0.050ns
    Total Input Jitter      (TIJ):    0.000ns
    Discrete Jitter          (DJ):    0.000ns
    Phase Error              (PE):    0.000ns

    Location             Delay type                Incr(ns)  Path(ns)    Netlist Resource(s)
  -------------------------------------------------------------------    -------------------
                         (clock sys_clk_pin rise edge)
                                                      0.000     0.000 r  
    W5                                                0.000     0.000 r  clk (IN)
                         net (fo=0)                   0.000     0.000    clk
    W5                   IBUF (Prop_ibuf_I_O)         1.458     1.458 r  clk_IBUF_inst/O
                         net (fo=1, routed)           1.967     3.425    clk_IBUF
    BUFGCTRL_X0Y0        BUFG (Prop_bufg_I_O)         0.096     3.521 r  clk_IBUF_BUFG_inst/O
                         net (fo=22, routed)          1.624     5.145    vga/CLK
    SLICE_X3Y28          FDCE                                         r  vga/v_count_reg_reg[7]/C
  -------------------------------------------------------------------    -------------------
    SLICE_X3Y28          FDCE (Prop_fdce_C_Q)         0.456     5.601 f  vga/v_count_reg_reg[7]/Q
                         net (fo=8, routed)           1.084     6.685    vga/v_count_reg_reg_n_0_[7]
    SLICE_X2Y30          LUT4 (Prop_lut4_I3_O)        0.124     6.809 f  vga/led_OBUF[1]_inst_i_2/O
                         net (fo=4, routed)           0.826     7.635    vga/led_OBUF[1]_inst_i_2_n_0
    SLICE_X1Y30          LUT5 (Prop_lut5_I1_O)        0.152     7.787 r  vga/led_OBUF[1]_inst_i_1/O
                         net (fo=3, routed)           1.027     8.815    vga/led_OBUF[0]
    SLICE_X0Y28          LUT6 (Prop_lut6_I4_O)        0.326     9.141 r  vga/led_OBUF[2]_inst_i_1/O
                         net (fo=5, routed)           2.046    11.186    vgaRed_OBUF[0]
    J19                  OBUF (Prop_obuf_I_O)         3.524    14.710 r  vgaRed_OBUF[2]_inst/O
                         net (fo=0)                   0.000    14.710    vgaRed[2]
    J19                                                               r  vgaRed[2] (OUT)
  -------------------------------------------------------------------    -------------------

Slack:                    inf
  Source:                 vga/v_count_reg_reg[7]/C
                            (rising edge-triggered cell FDCE clocked by sys_clk_pin  {rise@0.000ns fall@5.000ns period=10.000ns})
  Destination:            vgaGreen[3]
                            (output port)
  Path Group:             (none)
  Path Type:              Max at Slow Process Corner
  Data Path Delay:        9.444ns  (logic 4.588ns (48.584%)  route 4.856ns (51.416%))
  Logic Levels:           4  (LUT4=1 LUT5=1 LUT6=1 OBUF=1)
  Clock Uncertainty:      0.025ns  ((TSJ^2 + TIJ^2)^1/2 + DJ) / 2 + PE
    Total System Jitter     (TSJ):    0.050ns
    Total Input Jitter      (TIJ):    0.000ns
    Discrete Jitter          (DJ):    0.000ns
    Phase Error              (PE):    0.000ns

    Location             Delay type                Incr(ns)  Path(ns)    Netlist Resource(s)
  -------------------------------------------------------------------    -------------------
                         (clock sys_clk_pin rise edge)
                                                      0.000     0.000 r  
    W5                                                0.000     0.000 r  clk (IN)
                         net (fo=0)                   0.000     0.000    clk
    W5                   IBUF (Prop_ibuf_I_O)         1.458     1.458 r  clk_IBUF_inst/O
                         net (fo=1, routed)           1.967     3.425    clk_IBUF
    BUFGCTRL_X0Y0        BUFG (Prop_bufg_I_O)         0.096     3.521 r  clk_IBUF_BUFG_inst/O
                         net (fo=22, routed)          1.624     5.145    vga/CLK
    SLICE_X3Y28          FDCE                                         r  vga/v_count_reg_reg[7]/C
  -------------------------------------------------------------------    -------------------
    SLICE_X3Y28          FDCE (Prop_fdce_C_Q)         0.456     5.601 f  vga/v_count_reg_reg[7]/Q
                         net (fo=8, routed)           1.084     6.685    vga/v_count_reg_reg_n_0_[7]
    SLICE_X2Y30          LUT4 (Prop_lut4_I3_O)        0.124     6.809 f  vga/led_OBUF[1]_inst_i_2/O
                         net (fo=4, routed)           0.826     7.635    vga/led_OBUF[1]_inst_i_2_n_0
    SLICE_X1Y30          LUT5 (Prop_lut5_I1_O)        0.152     7.787 r  vga/led_OBUF[1]_inst_i_1/O
                         net (fo=3, routed)           0.609     8.396    vga/led_OBUF[0]
    SLICE_X1Y29          LUT6 (Prop_lut6_I0_O)        0.326     8.722 r  vga/vgaGreen_OBUF[3]_inst_i_1/O
                         net (fo=1, routed)           2.337    11.059    vgaGreen_OBUF[3]
    D17                  OBUF (Prop_obuf_I_O)         3.530    14.590 r  vgaGreen_OBUF[3]_inst/O
                         net (fo=0)                   0.000    14.590    vgaGreen[3]
    D17                                                               r  vgaGreen[3] (OUT)
  -------------------------------------------------------------------    -------------------

Slack:                    inf
  Source:                 vga/v_count_reg_reg[7]/C
                            (rising edge-triggered cell FDCE clocked by sys_clk_pin  {rise@0.000ns fall@5.000ns period=10.000ns})
  Destination:            led[2]
                            (output port)
  Path Group:             (none)
  Path Type:              Max at Slow Process Corner
  Data Path Delay:        9.406ns  (logic 4.559ns (48.471%)  route 4.847ns (51.529%))
  Logic Levels:           4  (LUT4=1 LUT5=1 LUT6=1 OBUF=1)
  Clock Uncertainty:      0.025ns  ((TSJ^2 + TIJ^2)^1/2 + DJ) / 2 + PE
    Total System Jitter     (TSJ):    0.050ns
    Total Input Jitter      (TIJ):    0.000ns
    Discrete Jitter          (DJ):    0.000ns
    Phase Error              (PE):    0.000ns

    Location             Delay type                Incr(ns)  Path(ns)    Netlist Resource(s)
  -------------------------------------------------------------------    -------------------
                         (clock sys_clk_pin rise edge)
                                                      0.000     0.000 r  
    W5                                                0.000     0.000 r  clk (IN)
                         net (fo=0)                   0.000     0.000    clk
    W5                   IBUF (Prop_ibuf_I_O)         1.458     1.458 r  clk_IBUF_inst/O
                         net (fo=1, routed)           1.967     3.425    clk_IBUF
    BUFGCTRL_X0Y0        BUFG (Prop_bufg_I_O)         0.096     3.521 r  clk_IBUF_BUFG_inst/O
                         net (fo=22, routed)          1.624     5.145    vga/CLK
    SLICE_X3Y28          FDCE                                         r  vga/v_count_reg_reg[7]/C
  -------------------------------------------------------------------    -------------------
    SLICE_X3Y28          FDCE (Prop_fdce_C_Q)         0.456     5.601 f  vga/v_count_reg_reg[7]/Q
                         net (fo=8, routed)           1.084     6.685    vga/v_count_reg_reg_n_0_[7]
    SLICE_X2Y30          LUT4 (Prop_lut4_I3_O)        0.124     6.809 f  vga/led_OBUF[1]_inst_i_2/O
                         net (fo=4, routed)           0.826     7.635    vga/led_OBUF[1]_inst_i_2_n_0
    SLICE_X1Y30          LUT5 (Prop_lut5_I1_O)        0.152     7.787 r  vga/led_OBUF[1]_inst_i_1/O
                         net (fo=3, routed)           1.027     8.815    vga/led_OBUF[0]
    SLICE_X0Y28          LUT6 (Prop_lut6_I4_O)        0.326     9.141 r  vga/led_OBUF[2]_inst_i_1/O
                         net (fo=5, routed)           1.909    11.050    vgaRed_OBUF[0]
    U19                  OBUF (Prop_obuf_I_O)         3.501    14.551 r  led_OBUF[2]_inst/O
                         net (fo=0)                   0.000    14.551    led[2]
    U19                                                               r  led[2] (OUT)
  -------------------------------------------------------------------    -------------------

Slack:                    inf
  Source:                 vga/v_count_reg_reg[7]/C
                            (rising edge-triggered cell FDCE clocked by sys_clk_pin  {rise@0.000ns fall@5.000ns period=10.000ns})
  Destination:            vgaRed[3]
                            (output port)
  Path Group:             (none)
  Path Type:              Max at Slow Process Corner
  Data Path Delay:        9.351ns  (logic 4.560ns (48.771%)  route 4.790ns (51.229%))
  Logic Levels:           4  (LUT4=1 LUT5=1 LUT6=1 OBUF=1)
  Clock Uncertainty:      0.025ns  ((TSJ^2 + TIJ^2)^1/2 + DJ) / 2 + PE
    Total System Jitter     (TSJ):    0.050ns
    Total Input Jitter      (TIJ):    0.000ns
    Discrete Jitter          (DJ):    0.000ns
    Phase Error              (PE):    0.000ns

    Location             Delay type                Incr(ns)  Path(ns)    Netlist Resource(s)
  -------------------------------------------------------------------    -------------------
                         (clock sys_clk_pin rise edge)
                                                      0.000     0.000 r  
    W5                                                0.000     0.000 r  clk (IN)
                         net (fo=0)                   0.000     0.000    clk
    W5                   IBUF (Prop_ibuf_I_O)         1.458     1.458 r  clk_IBUF_inst/O
                         net (fo=1, routed)           1.967     3.425    clk_IBUF
    BUFGCTRL_X0Y0        BUFG (Prop_bufg_I_O)         0.096     3.521 r  clk_IBUF_BUFG_inst/O
                         net (fo=22, routed)          1.624     5.145    vga/CLK
    SLICE_X3Y28          FDCE                                         r  vga/v_count_reg_reg[7]/C
  -------------------------------------------------------------------    -------------------
    SLICE_X3Y28          FDCE (Prop_fdce_C_Q)         0.456     5.601 f  vga/v_count_reg_reg[7]/Q
                         net (fo=8, routed)           1.084     6.685    vga/v_count_reg_reg_n_0_[7]
    SLICE_X2Y30          LUT4 (Prop_lut4_I3_O)        0.124     6.809 f  vga/led_OBUF[1]_inst_i_2/O
                         net (fo=4, routed)           0.826     7.635    vga/led_OBUF[1]_inst_i_2_n_0
    SLICE_X1Y30          LUT5 (Prop_lut5_I1_O)        0.152     7.787 r  vga/led_OBUF[1]_inst_i_1/O
                         net (fo=3, routed)           1.027     8.815    vga/led_OBUF[0]
    SLICE_X0Y28          LUT6 (Prop_lut6_I4_O)        0.326     9.141 r  vga/led_OBUF[2]_inst_i_1/O
                         net (fo=5, routed)           1.853    10.994    vgaRed_OBUF[0]
    N19                  OBUF (Prop_obuf_I_O)         3.502    14.496 r  vgaRed_OBUF[3]_inst/O
                         net (fo=0)                   0.000    14.496    vgaRed[3]
    N19                                                               r  vgaRed[3] (OUT)
  -------------------------------------------------------------------    -------------------

Slack:                    inf
  Source:                 vga/h_count_reg_reg[2]/C
                            (rising edge-triggered cell FDCE clocked by sys_clk_pin  {rise@0.000ns fall@5.000ns period=10.000ns})
  Destination:            vgaBlue[3]
                            (output port)
  Path Group:             (none)
  Path Type:              Max at Slow Process Corner
  Data Path Delay:        9.048ns  (logic 4.415ns (48.794%)  route 4.633ns (51.206%))
  Logic Levels:           4  (LUT6=3 OBUF=1)
  Clock Uncertainty:      0.025ns  ((TSJ^2 + TIJ^2)^1/2 + DJ) / 2 + PE
    Total System Jitter     (TSJ):    0.050ns
    Total Input Jitter      (TIJ):    0.000ns
    Discrete Jitter          (DJ):    0.000ns
    Phase Error              (PE):    0.000ns

    Location             Delay type                Incr(ns)  Path(ns)    Netlist Resource(s)
  -------------------------------------------------------------------    -------------------
                         (clock sys_clk_pin rise edge)
                                                      0.000     0.000 r  
    W5                                                0.000     0.000 r  clk (IN)
                         net (fo=0)                   0.000     0.000    clk
    W5                   IBUF (Prop_ibuf_I_O)         1.458     1.458 r  clk_IBUF_inst/O
                         net (fo=1, routed)           1.967     3.425    clk_IBUF
    BUFGCTRL_X0Y0        BUFG (Prop_bufg_I_O)         0.096     3.521 r  clk_IBUF_BUFG_inst/O
                         net (fo=22, routed)          1.625     5.146    vga/CLK
    SLICE_X2Y29          FDCE                                         r  vga/h_count_reg_reg[2]/C
  -------------------------------------------------------------------    -------------------
    SLICE_X2Y29          FDCE (Prop_fdce_C_Q)         0.518     5.664 f  vga/h_count_reg_reg[2]/Q
                         net (fo=7, routed)           1.036     6.700    vga/h_count_reg_reg_n_0_[2]
    SLICE_X0Y29          LUT6 (Prop_lut6_I0_O)        0.124     6.824 r  vga/led_OBUF[2]_inst_i_6/O
                         net (fo=2, routed)           0.723     7.547    vga/led_OBUF[2]_inst_i_6_n_0
    SLICE_X1Y28          LUT6 (Prop_lut6_I0_O)        0.124     7.671 r  vga/vgaGreen_OBUF[3]_inst_i_3/O
                         net (fo=3, routed)           0.735     8.406    vga/p_1_in
    SLICE_X0Y30          LUT6 (Prop_lut6_I5_O)        0.124     8.530 r  vga/vgaBlue_OBUF[3]_inst_i_1/O
                         net (fo=4, routed)           2.140    10.669    vgaBlue_OBUF[0]
    J18                  OBUF (Prop_obuf_I_O)         3.525    14.194 r  vgaBlue_OBUF[3]_inst/O
                         net (fo=0)                   0.000    14.194    vgaBlue[3]
    J18                                                               r  vgaBlue[3] (OUT)
  -------------------------------------------------------------------    -------------------

Slack:                    inf
  Source:                 vga/h_count_reg_reg[2]/C
                            (rising edge-triggered cell FDCE clocked by sys_clk_pin  {rise@0.000ns fall@5.000ns period=10.000ns})
  Destination:            vgaBlue[1]
                            (output port)
  Path Group:             (none)
  Path Type:              Max at Slow Process Corner
  Data Path Delay:        8.885ns  (logic 4.393ns (49.445%)  route 4.492ns (50.555%))
  Logic Levels:           4  (LUT6=3 OBUF=1)
  Clock Uncertainty:      0.025ns  ((TSJ^2 + TIJ^2)^1/2 + DJ) / 2 + PE
    Total System Jitter     (TSJ):    0.050ns
    Total Input Jitter      (TIJ):    0.000ns
    Discrete Jitter          (DJ):    0.000ns
    Phase Error              (PE):    0.000ns

    Location             Delay type                Incr(ns)  Path(ns)    Netlist Resource(s)
  -------------------------------------------------------------------    -------------------
                         (clock sys_clk_pin rise edge)
                                                      0.000     0.000 r  
    W5                                                0.000     0.000 r  clk (IN)
                         net (fo=0)                   0.000     0.000    clk
    W5                   IBUF (Prop_ibuf_I_O)         1.458     1.458 r  clk_IBUF_inst/O
                         net (fo=1, routed)           1.967     3.425    clk_IBUF
    BUFGCTRL_X0Y0        BUFG (Prop_bufg_I_O)         0.096     3.521 r  clk_IBUF_BUFG_inst/O
                         net (fo=22, routed)          1.625     5.146    vga/CLK
    SLICE_X2Y29          FDCE                                         r  vga/h_count_reg_reg[2]/C
  -------------------------------------------------------------------    -------------------
    SLICE_X2Y29          FDCE (Prop_fdce_C_Q)         0.518     5.664 f  vga/h_count_reg_reg[2]/Q
                         net (fo=7, routed)           1.036     6.700    vga/h_count_reg_reg_n_0_[2]
    SLICE_X0Y29          LUT6 (Prop_lut6_I0_O)        0.124     6.824 r  vga/led_OBUF[2]_inst_i_6/O
                         net (fo=2, routed)           0.723     7.547    vga/led_OBUF[2]_inst_i_6_n_0
    SLICE_X1Y28          LUT6 (Prop_lut6_I0_O)        0.124     7.671 r  vga/vgaGreen_OBUF[3]_inst_i_3/O
                         net (fo=3, routed)           0.735     8.406    vga/p_1_in
    SLICE_X0Y30          LUT6 (Prop_lut6_I5_O)        0.124     8.530 r  vga/vgaBlue_OBUF[3]_inst_i_1/O
                         net (fo=4, routed)           1.999    10.528    vgaBlue_OBUF[0]
    L18                  OBUF (Prop_obuf_I_O)         3.503    14.032 r  vgaBlue_OBUF[1]_inst/O
                         net (fo=0)                   0.000    14.032    vgaBlue[1]
    L18                                                               r  vgaBlue[1] (OUT)
  -------------------------------------------------------------------    -------------------

Slack:                    inf
  Source:                 vga/v_count_reg_reg[7]/C
                            (rising edge-triggered cell FDCE clocked by sys_clk_pin  {rise@0.000ns fall@5.000ns period=10.000ns})
  Destination:            vgaGreen[2]
                            (output port)
  Path Group:             (none)
  Path Type:              Max at Slow Process Corner
  Data Path Delay:        8.778ns  (logic 4.357ns (49.635%)  route 4.421ns (50.365%))
  Logic Levels:           4  (LUT4=1 LUT6=2 OBUF=1)
  Clock Uncertainty:      0.025ns  ((TSJ^2 + TIJ^2)^1/2 + DJ) / 2 + PE
    Total System Jitter     (TSJ):    0.050ns
    Total Input Jitter      (TIJ):    0.000ns
    Discrete Jitter          (DJ):    0.000ns
    Phase Error              (PE):    0.000ns

    Location             Delay type                Incr(ns)  Path(ns)    Netlist Resource(s)
  -------------------------------------------------------------------    -------------------
                         (clock sys_clk_pin rise edge)
                                                      0.000     0.000 r  
    W5                                                0.000     0.000 r  clk (IN)
                         net (fo=0)                   0.000     0.000    clk
    W5                   IBUF (Prop_ibuf_I_O)         1.458     1.458 r  clk_IBUF_inst/O
                         net (fo=1, routed)           1.967     3.425    clk_IBUF
    BUFGCTRL_X0Y0        BUFG (Prop_bufg_I_O)         0.096     3.521 r  clk_IBUF_BUFG_inst/O
                         net (fo=22, routed)          1.624     5.145    vga/CLK
    SLICE_X3Y28          FDCE                                         r  vga/v_count_reg_reg[7]/C
  -------------------------------------------------------------------    -------------------
    SLICE_X3Y28          FDCE (Prop_fdce_C_Q)         0.456     5.601 f  vga/v_count_reg_reg[7]/Q
                         net (fo=8, routed)           1.084     6.685    vga/v_count_reg_reg_n_0_[7]
    SLICE_X2Y30          LUT4 (Prop_lut4_I3_O)        0.124     6.809 f  vga/led_OBUF[1]_inst_i_2/O
                         net (fo=4, routed)           0.591     7.400    vga/led_OBUF[1]_inst_i_2_n_0
    SLICE_X1Y30          LUT6 (Prop_lut6_I4_O)        0.124     7.524 r  vga/vgaGreen_OBUF[2]_inst_i_3/O
                         net (fo=2, routed)           0.669     8.194    vga/vgaGreen_OBUF[2]_inst_i_3_n_0
    SLICE_X0Y30          LUT6 (Prop_lut6_I4_O)        0.124     8.318 r  vga/vgaGreen_OBUF[2]_inst_i_1/O
                         net (fo=3, routed)           2.077    10.394    vgaGreen_OBUF[0]
    G17                  OBUF (Prop_obuf_I_O)         3.529    13.924 r  vgaGreen_OBUF[2]_inst/O
                         net (fo=0)                   0.000    13.924    vgaGreen[2]
    G17                                                               r  vgaGreen[2] (OUT)
  -------------------------------------------------------------------    -------------------

Slack:                    inf
  Source:                 vga/h_count_reg_reg[2]/C
                            (rising edge-triggered cell FDCE clocked by sys_clk_pin  {rise@0.000ns fall@5.000ns period=10.000ns})
  Destination:            vgaBlue[2]
                            (output port)
  Path Group:             (none)
  Path Type:              Max at Slow Process Corner
  Data Path Delay:        8.750ns  (logic 4.409ns (50.387%)  route 4.341ns (49.613%))
  Logic Levels:           4  (LUT6=3 OBUF=1)
  Clock Uncertainty:      0.025ns  ((TSJ^2 + TIJ^2)^1/2 + DJ) / 2 + PE
    Total System Jitter     (TSJ):    0.050ns
    Total Input Jitter      (TIJ):    0.000ns
    Discrete Jitter          (DJ):    0.000ns
    Phase Error              (PE):    0.000ns

    Location             Delay type                Incr(ns)  Path(ns)    Netlist Resource(s)
  -------------------------------------------------------------------    -------------------
                         (clock sys_clk_pin rise edge)
                                                      0.000     0.000 r  
    W5                                                0.000     0.000 r  clk (IN)
                         net (fo=0)                   0.000     0.000    clk
    W5                   IBUF (Prop_ibuf_I_O)         1.458     1.458 r  clk_IBUF_inst/O
                         net (fo=1, routed)           1.967     3.425    clk_IBUF
    BUFGCTRL_X0Y0        BUFG (Prop_bufg_I_O)         0.096     3.521 r  clk_IBUF_BUFG_inst/O
                         net (fo=22, routed)          1.625     5.146    vga/CLK
    SLICE_X2Y29          FDCE                                         r  vga/h_count_reg_reg[2]/C
  -------------------------------------------------------------------    -------------------
    SLICE_X2Y29          FDCE (Prop_fdce_C_Q)         0.518     5.664 f  vga/h_count_reg_reg[2]/Q
                         net (fo=7, routed)           1.036     6.700    vga/h_count_reg_reg_n_0_[2]
    SLICE_X0Y29          LUT6 (Prop_lut6_I0_O)        0.124     6.824 r  vga/led_OBUF[2]_inst_i_6/O
                         net (fo=2, routed)           0.723     7.547    vga/led_OBUF[2]_inst_i_6_n_0
    SLICE_X1Y28          LUT6 (Prop_lut6_I0_O)        0.124     7.671 r  vga/vgaGreen_OBUF[3]_inst_i_3/O
                         net (fo=3, routed)           0.735     8.406    vga/p_1_in
    SLICE_X0Y30          LUT6 (Prop_lut6_I5_O)        0.124     8.530 r  vga/vgaBlue_OBUF[3]_inst_i_1/O
                         net (fo=4, routed)           1.848    10.377    vgaBlue_OBUF[0]
    K18                  OBUF (Prop_obuf_I_O)         3.519    13.896 r  vgaBlue_OBUF[2]_inst/O
                         net (fo=0)                   0.000    13.896    vgaBlue[2]
    K18                                                               r  vgaBlue[2] (OUT)
  -------------------------------------------------------------------    -------------------





Min Delay Paths
--------------------------------------------------------------------------------------
Slack:                    inf
  Source:                 vga/h_count_reg_reg[4]/C
                            (rising edge-triggered cell FDCE clocked by sys_clk_pin  {rise@0.000ns fall@5.000ns period=10.000ns})
  Destination:            hsync
                            (output port)
  Path Group:             (none)
  Path Type:              Min at Fast Process Corner
  Data Path Delay:        1.915ns  (logic 1.407ns (73.452%)  route 0.508ns (26.548%))
  Logic Levels:           2  (LUT6=1 OBUF=1)
  Clock Uncertainty:      0.025ns  ((TSJ^2 + TIJ^2)^1/2 + DJ) / 2 + PE
    Total System Jitter     (TSJ):    0.050ns
    Total Input Jitter      (TIJ):    0.000ns
    Discrete Jitter          (DJ):    0.000ns
    Phase Error              (PE):    0.000ns

    Location             Delay type                Incr(ns)  Path(ns)    Netlist Resource(s)
  -------------------------------------------------------------------    -------------------
                         (clock sys_clk_pin rise edge)
                                                      0.000     0.000 r  
    W5                                                0.000     0.000 r  clk (IN)
                         net (fo=0)                   0.000     0.000    clk
    W5                   IBUF (Prop_ibuf_I_O)         0.226     0.226 r  clk_IBUF_inst/O
                         net (fo=1, routed)           0.631     0.858    clk_IBUF
    BUFGCTRL_X0Y0        BUFG (Prop_bufg_I_O)         0.026     0.884 r  clk_IBUF_BUFG_inst/O
                         net (fo=22, routed)          0.586     1.469    vga/CLK
    SLICE_X2Y29          FDCE                                         r  vga/h_count_reg_reg[4]/C
  -------------------------------------------------------------------    -------------------
    SLICE_X2Y29          FDCE (Prop_fdce_C_Q)         0.164     1.633 r  vga/h_count_reg_reg[4]/Q
                         net (fo=7, routed)           0.164     1.797    vga/h_count_reg_reg_n_0_[4]
    SLICE_X0Y29          LUT6 (Prop_lut6_I1_O)        0.045     1.842 r  vga/hsync_OBUF_inst_i_1/O
                         net (fo=1, routed)           0.345     2.187    hsync_OBUF
    P19                  OBUF (Prop_obuf_I_O)         1.198     3.384 r  hsync_OBUF_inst/O
                         net (fo=0)                   0.000     3.384    hsync
    P19                                                               r  hsync (OUT)
  -------------------------------------------------------------------    -------------------

Slack:                    inf
  Source:                 vga/h_count_reg_reg[4]/C
                            (rising edge-triggered cell FDCE clocked by sys_clk_pin  {rise@0.000ns fall@5.000ns period=10.000ns})
  Destination:            vgaBlue[0]
                            (output port)
  Path Group:             (none)
  Path Type:              Min at Fast Process Corner
  Data Path Delay:        2.003ns  (logic 1.451ns (72.433%)  route 0.552ns (27.567%))
  Logic Levels:           3  (LUT6=2 OBUF=1)
  Clock Uncertainty:      0.025ns  ((TSJ^2 + TIJ^2)^1/2 + DJ) / 2 + PE
    Total System Jitter     (TSJ):    0.050ns
    Total Input Jitter      (TIJ):    0.000ns
    Discrete Jitter          (DJ):    0.000ns
    Phase Error              (PE):    0.000ns

    Location             Delay type                Incr(ns)  Path(ns)    Netlist Resource(s)
  -------------------------------------------------------------------    -------------------
                         (clock sys_clk_pin rise edge)
                                                      0.000     0.000 r  
    W5                                                0.000     0.000 r  clk (IN)
                         net (fo=0)                   0.000     0.000    clk
    W5                   IBUF (Prop_ibuf_I_O)         0.226     0.226 r  clk_IBUF_inst/O
                         net (fo=1, routed)           0.631     0.858    clk_IBUF
    BUFGCTRL_X0Y0        BUFG (Prop_bufg_I_O)         0.026     0.884 r  clk_IBUF_BUFG_inst/O
                         net (fo=22, routed)          0.586     1.469    vga/CLK
    SLICE_X2Y29          FDCE                                         r  vga/h_count_reg_reg[4]/C
  -------------------------------------------------------------------    -------------------
    SLICE_X2Y29          FDCE (Prop_fdce_C_Q)         0.164     1.633 f  vga/h_count_reg_reg[4]/Q
                         net (fo=7, routed)           0.138     1.771    vga/h_count_reg_reg_n_0_[4]
    SLICE_X0Y30          LUT6 (Prop_lut6_I5_O)        0.045     1.816 r  vga/vgaBlue_OBUF[3]_inst_i_2/O
                         net (fo=1, routed)           0.058     1.874    vga/vgaBlue_OBUF[3]_inst_i_2_n_0
    SLICE_X0Y30          LUT6 (Prop_lut6_I0_O)        0.045     1.919 r  vga/vgaBlue_OBUF[3]_inst_i_1/O
                         net (fo=4, routed)           0.356     2.275    vgaBlue_OBUF[0]
    N18                  OBUF (Prop_obuf_I_O)         1.197     3.472 r  vgaBlue_OBUF[0]_inst/O
                         net (fo=0)                   0.000     3.472    vgaBlue[0]
    N18                                                               r  vgaBlue[0] (OUT)
  -------------------------------------------------------------------    -------------------

Slack:                    inf
  Source:                 vga/v_count_reg_reg[2]/C
                            (rising edge-triggered cell FDCE clocked by sys_clk_pin  {rise@0.000ns fall@5.000ns period=10.000ns})
  Destination:            vsync
                            (output port)
  Path Group:             (none)
  Path Type:              Min at Fast Process Corner
  Data Path Delay:        2.033ns  (logic 1.435ns (70.622%)  route 0.597ns (29.378%))
  Logic Levels:           3  (LUT5=2 OBUF=1)
  Clock Uncertainty:      0.025ns  ((TSJ^2 + TIJ^2)^1/2 + DJ) / 2 + PE
    Total System Jitter     (TSJ):    0.050ns
    Total Input Jitter      (TIJ):    0.000ns
    Discrete Jitter          (DJ):    0.000ns
    Phase Error              (PE):    0.000ns

    Location             Delay type                Incr(ns)  Path(ns)    Netlist Resource(s)
  -------------------------------------------------------------------    -------------------
                         (clock sys_clk_pin rise edge)
                                                      0.000     0.000 r  
    W5                                                0.000     0.000 r  clk (IN)
                         net (fo=0)                   0.000     0.000    clk
    W5                   IBUF (Prop_ibuf_I_O)         0.226     0.226 r  clk_IBUF_inst/O
                         net (fo=1, routed)           0.631     0.858    clk_IBUF
    BUFGCTRL_X0Y0        BUFG (Prop_bufg_I_O)         0.026     0.884 r  clk_IBUF_BUFG_inst/O
                         net (fo=22, routed)          0.586     1.469    vga/CLK
    SLICE_X3Y29          FDCE                                         r  vga/v_count_reg_reg[2]/C
  -------------------------------------------------------------------    -------------------
    SLICE_X3Y29          FDCE (Prop_fdce_C_Q)         0.141     1.610 f  vga/v_count_reg_reg[2]/Q
                         net (fo=10, routed)          0.217     1.828    vga/y[2]
    SLICE_X2Y30          LUT5 (Prop_lut5_I1_O)        0.045     1.873 r  vga/vsync_OBUF_inst_i_2/O
                         net (fo=1, routed)           0.054     1.926    vga/vsync_OBUF_inst_i_2_n_0
    SLICE_X2Y30          LUT5 (Prop_lut5_I3_O)        0.045     1.971 r  vga/vsync_OBUF_inst_i_1/O
                         net (fo=1, routed)           0.326     2.297    vsync_OBUF
    R19                  OBUF (Prop_obuf_I_O)         1.204     3.502 r  vsync_OBUF_inst/O
                         net (fo=0)                   0.000     3.502    vsync
    R19                                                               r  vsync (OUT)
  -------------------------------------------------------------------    -------------------

Slack:                    inf
  Source:                 vga/v_count_reg_reg[5]/C
                            (rising edge-triggered cell FDCE clocked by sys_clk_pin  {rise@0.000ns fall@5.000ns period=10.000ns})
  Destination:            vgaRed[3]
                            (output port)
  Path Group:             (none)
  Path Type:              Min at Fast Process Corner
  Data Path Delay:        2.047ns  (logic 1.435ns (70.077%)  route 0.613ns (29.923%))
  Logic Levels:           3  (LUT6=2 OBUF=1)
  Clock Uncertainty:      0.025ns  ((TSJ^2 + TIJ^2)^1/2 + DJ) / 2 + PE
    Total System Jitter     (TSJ):    0.050ns
    Total Input Jitter      (TIJ):    0.000ns
    Discrete Jitter          (DJ):    0.000ns
    Phase Error              (PE):    0.000ns

    Location             Delay type                Incr(ns)  Path(ns)    Netlist Resource(s)
  -------------------------------------------------------------------    -------------------
                         (clock sys_clk_pin rise edge)
                                                      0.000     0.000 r  
    W5                                                0.000     0.000 r  clk (IN)
                         net (fo=0)                   0.000     0.000    clk
    W5                   IBUF (Prop_ibuf_I_O)         0.226     0.226 r  clk_IBUF_inst/O
                         net (fo=1, routed)           0.631     0.858    clk_IBUF
    BUFGCTRL_X0Y0        BUFG (Prop_bufg_I_O)         0.026     0.884 r  clk_IBUF_BUFG_inst/O
                         net (fo=22, routed)          0.586     1.469    vga/CLK
    SLICE_X3Y29          FDCE                                         r  vga/v_count_reg_reg[5]/C
  -------------------------------------------------------------------    -------------------
    SLICE_X3Y29          FDCE (Prop_fdce_C_Q)         0.141     1.610 r  vga/v_count_reg_reg[5]/Q
                         net (fo=11, routed)          0.135     1.745    vga/y[5]
    SLICE_X0Y28          LUT6 (Prop_lut6_I5_O)        0.045     1.790 r  vga/led_OBUF[2]_inst_i_3/O
                         net (fo=1, routed)           0.058     1.848    vga/led_OBUF[2]_inst_i_3_n_0
    SLICE_X0Y28          LUT6 (Prop_lut6_I5_O)        0.045     1.893 r  vga/led_OBUF[2]_inst_i_1/O
                         net (fo=5, routed)           0.420     2.313    vgaRed_OBUF[0]
    N19                  OBUF (Prop_obuf_I_O)         1.204     3.516 r  vgaRed_OBUF[3]_inst/O
                         net (fo=0)                   0.000     3.516    vgaRed[3]
    N19                                                               r  vgaRed[3] (OUT)
  -------------------------------------------------------------------    -------------------

Slack:                    inf
  Source:                 vga/h_count_reg_reg[4]/C
                            (rising edge-triggered cell FDCE clocked by sys_clk_pin  {rise@0.000ns fall@5.000ns period=10.000ns})
  Destination:            vgaBlue[2]
                            (output port)
  Path Group:             (none)
  Path Type:              Min at Fast Process Corner
  Data Path Delay:        2.084ns  (logic 1.474ns (70.710%)  route 0.610ns (29.290%))
  Logic Levels:           3  (LUT6=2 OBUF=1)
  Clock Uncertainty:      0.025ns  ((TSJ^2 + TIJ^2)^1/2 + DJ) / 2 + PE
    Total System Jitter     (TSJ):    0.050ns
    Total Input Jitter      (TIJ):    0.000ns
    Discrete Jitter          (DJ):    0.000ns
    Phase Error              (PE):    0.000ns

    Location             Delay type                Incr(ns)  Path(ns)    Netlist Resource(s)
  -------------------------------------------------------------------    -------------------
                         (clock sys_clk_pin rise edge)
                                                      0.000     0.000 r  
    W5                                                0.000     0.000 r  clk (IN)
                         net (fo=0)                   0.000     0.000    clk
    W5                   IBUF (Prop_ibuf_I_O)         0.226     0.226 r  clk_IBUF_inst/O
                         net (fo=1, routed)           0.631     0.858    clk_IBUF
    BUFGCTRL_X0Y0        BUFG (Prop_bufg_I_O)         0.026     0.884 r  clk_IBUF_BUFG_inst/O
                         net (fo=22, routed)          0.586     1.469    vga/CLK
    SLICE_X2Y29          FDCE                                         r  vga/h_count_reg_reg[4]/C
  -------------------------------------------------------------------    -------------------
    SLICE_X2Y29          FDCE (Prop_fdce_C_Q)         0.164     1.633 f  vga/h_count_reg_reg[4]/Q
                         net (fo=7, routed)           0.138     1.771    vga/h_count_reg_reg_n_0_[4]
    SLICE_X0Y30          LUT6 (Prop_lut6_I5_O)        0.045     1.816 r  vga/vgaBlue_OBUF[3]_inst_i_2/O
                         net (fo=1, routed)           0.058     1.874    vga/vgaBlue_OBUF[3]_inst_i_2_n_0
    SLICE_X0Y30          LUT6 (Prop_lut6_I0_O)        0.045     1.919 r  vga/vgaBlue_OBUF[3]_inst_i_1/O
                         net (fo=4, routed)           0.415     2.334    vgaBlue_OBUF[0]
    K18                  OBUF (Prop_obuf_I_O)         1.220     3.553 r  vgaBlue_OBUF[2]_inst/O
                         net (fo=0)                   0.000     3.553    vgaBlue[2]
    K18                                                               r  vgaBlue[2] (OUT)
  -------------------------------------------------------------------    -------------------

Slack:                    inf
  Source:                 vga/v_count_reg_reg[5]/C
                            (rising edge-triggered cell FDCE clocked by sys_clk_pin  {rise@0.000ns fall@5.000ns period=10.000ns})
  Destination:            led[2]
                            (output port)
  Path Group:             (none)
  Path Type:              Min at Fast Process Corner
  Data Path Delay:        2.098ns  (logic 1.433ns (68.310%)  route 0.665ns (31.690%))
  Logic Levels:           3  (LUT6=2 OBUF=1)
  Clock Uncertainty:      0.025ns  ((TSJ^2 + TIJ^2)^1/2 + DJ) / 2 + PE
    Total System Jitter     (TSJ):    0.050ns
    Total Input Jitter      (TIJ):    0.000ns
    Discrete Jitter          (DJ):    0.000ns
    Phase Error              (PE):    0.000ns

    Location             Delay type                Incr(ns)  Path(ns)    Netlist Resource(s)
  -------------------------------------------------------------------    -------------------
                         (clock sys_clk_pin rise edge)
                                                      0.000     0.000 r  
    W5                                                0.000     0.000 r  clk (IN)
                         net (fo=0)                   0.000     0.000    clk
    W5                   IBUF (Prop_ibuf_I_O)         0.226     0.226 r  clk_IBUF_inst/O
                         net (fo=1, routed)           0.631     0.858    clk_IBUF
    BUFGCTRL_X0Y0        BUFG (Prop_bufg_I_O)         0.026     0.884 r  clk_IBUF_BUFG_inst/O
                         net (fo=22, routed)          0.586     1.469    vga/CLK
    SLICE_X3Y29          FDCE                                         r  vga/v_count_reg_reg[5]/C
  -------------------------------------------------------------------    -------------------
    SLICE_X3Y29          FDCE (Prop_fdce_C_Q)         0.141     1.610 r  vga/v_count_reg_reg[5]/Q
                         net (fo=11, routed)          0.135     1.745    vga/y[5]
    SLICE_X0Y28          LUT6 (Prop_lut6_I5_O)        0.045     1.790 r  vga/led_OBUF[2]_inst_i_3/O
                         net (fo=1, routed)           0.058     1.848    vga/led_OBUF[2]_inst_i_3_n_0
    SLICE_X0Y28          LUT6 (Prop_lut6_I5_O)        0.045     1.893 r  vga/led_OBUF[2]_inst_i_1/O
                         net (fo=5, routed)           0.472     2.365    vgaRed_OBUF[0]
    U19                  OBUF (Prop_obuf_I_O)         1.202     3.567 r  led_OBUF[2]_inst/O
                         net (fo=0)                   0.000     3.567    led[2]
    U19                                                               r  led[2] (OUT)
  -------------------------------------------------------------------    -------------------

Slack:                    inf
  Source:                 vga/h_count_reg_reg[4]/C
                            (rising edge-triggered cell FDCE clocked by sys_clk_pin  {rise@0.000ns fall@5.000ns period=10.000ns})
  Destination:            vgaBlue[1]
                            (output port)
  Path Group:             (none)
  Path Type:              Min at Fast Process Corner
  Data Path Delay:        2.134ns  (logic 1.459ns (68.349%)  route 0.675ns (31.651%))
  Logic Levels:           3  (LUT6=2 OBUF=1)
  Clock Uncertainty:      0.025ns  ((TSJ^2 + TIJ^2)^1/2 + DJ) / 2 + PE
    Total System Jitter     (TSJ):    0.050ns
    Total Input Jitter      (TIJ):    0.000ns
    Discrete Jitter          (DJ):    0.000ns
    Phase Error              (PE):    0.000ns

    Location             Delay type                Incr(ns)  Path(ns)    Netlist Resource(s)
  -------------------------------------------------------------------    -------------------
                         (clock sys_clk_pin rise edge)
                                                      0.000     0.000 r  
    W5                                                0.000     0.000 r  clk (IN)
                         net (fo=0)                   0.000     0.000    clk
    W5                   IBUF (Prop_ibuf_I_O)         0.226     0.226 r  clk_IBUF_inst/O
                         net (fo=1, routed)           0.631     0.858    clk_IBUF
    BUFGCTRL_X0Y0        BUFG (Prop_bufg_I_O)         0.026     0.884 r  clk_IBUF_BUFG_inst/O
                         net (fo=22, routed)          0.586     1.469    vga/CLK
    SLICE_X2Y29          FDCE                                         r  vga/h_count_reg_reg[4]/C
  -------------------------------------------------------------------    -------------------
    SLICE_X2Y29          FDCE (Prop_fdce_C_Q)         0.164     1.633 f  vga/h_count_reg_reg[4]/Q
                         net (fo=7, routed)           0.138     1.771    vga/h_count_reg_reg_n_0_[4]
    SLICE_X0Y30          LUT6 (Prop_lut6_I5_O)        0.045     1.816 r  vga/vgaBlue_OBUF[3]_inst_i_2/O
                         net (fo=1, routed)           0.058     1.874    vga/vgaBlue_OBUF[3]_inst_i_2_n_0
    SLICE_X0Y30          LUT6 (Prop_lut6_I0_O)        0.045     1.919 r  vga/vgaBlue_OBUF[3]_inst_i_1/O
                         net (fo=4, routed)           0.480     2.399    vgaBlue_OBUF[0]
    L18                  OBUF (Prop_obuf_I_O)         1.205     3.603 r  vgaBlue_OBUF[1]_inst/O
                         net (fo=0)                   0.000     3.603    vgaBlue[1]
    L18                                                               r  vgaBlue[1] (OUT)
  -------------------------------------------------------------------    -------------------

Slack:                    inf
  Source:                 vga/v_count_reg_reg[5]/C
                            (rising edge-triggered cell FDCE clocked by sys_clk_pin  {rise@0.000ns fall@5.000ns period=10.000ns})
  Destination:            vgaRed[2]
                            (output port)
  Path Group:             (none)
  Path Type:              Min at Fast Process Corner
  Data Path Delay:        2.166ns  (logic 1.456ns (67.213%)  route 0.710ns (32.787%))
  Logic Levels:           3  (LUT6=2 OBUF=1)
  Clock Uncertainty:      0.025ns  ((TSJ^2 + TIJ^2)^1/2 + DJ) / 2 + PE
    Total System Jitter     (TSJ):    0.050ns
    Total Input Jitter      (TIJ):    0.000ns
    Discrete Jitter          (DJ):    0.000ns
    Phase Error              (PE):    0.000ns

    Location             Delay type                Incr(ns)  Path(ns)    Netlist Resource(s)
  -------------------------------------------------------------------    -------------------
                         (clock sys_clk_pin rise edge)
                                                      0.000     0.000 r  
    W5                                                0.000     0.000 r  clk (IN)
                         net (fo=0)                   0.000     0.000    clk
    W5                   IBUF (Prop_ibuf_I_O)         0.226     0.226 r  clk_IBUF_inst/O
                         net (fo=1, routed)           0.631     0.858    clk_IBUF
    BUFGCTRL_X0Y0        BUFG (Prop_bufg_I_O)         0.026     0.884 r  clk_IBUF_BUFG_inst/O
                         net (fo=22, routed)          0.586     1.469    vga/CLK
    SLICE_X3Y29          FDCE                                         r  vga/v_count_reg_reg[5]/C
  -------------------------------------------------------------------    -------------------
    SLICE_X3Y29          FDCE (Prop_fdce_C_Q)         0.141     1.610 r  vga/v_count_reg_reg[5]/Q
                         net (fo=11, routed)          0.135     1.745    vga/y[5]
    SLICE_X0Y28          LUT6 (Prop_lut6_I5_O)        0.045     1.790 r  vga/led_OBUF[2]_inst_i_3/O
                         net (fo=1, routed)           0.058     1.848    vga/led_OBUF[2]_inst_i_3_n_0
    SLICE_X0Y28          LUT6 (Prop_lut6_I5_O)        0.045     1.893 r  vga/led_OBUF[2]_inst_i_1/O
                         net (fo=5, routed)           0.518     2.410    vgaRed_OBUF[0]
    J19                  OBUF (Prop_obuf_I_O)         1.225     3.635 r  vgaRed_OBUF[2]_inst/O
                         net (fo=0)                   0.000     3.635    vgaRed[2]
    J19                                                               r  vgaRed[2] (OUT)
  -------------------------------------------------------------------    -------------------

Slack:                    inf
  Source:                 vga/h_count_reg_reg[4]/C
                            (rising edge-triggered cell FDCE clocked by sys_clk_pin  {rise@0.000ns fall@5.000ns period=10.000ns})
  Destination:            vgaBlue[3]
                            (output port)
  Path Group:             (none)
  Path Type:              Min at Fast Process Corner
  Data Path Delay:        2.210ns  (logic 1.480ns (66.950%)  route 0.730ns (33.050%))
  Logic Levels:           3  (LUT6=2 OBUF=1)
  Clock Uncertainty:      0.025ns  ((TSJ^2 + TIJ^2)^1/2 + DJ) / 2 + PE
    Total System Jitter     (TSJ):    0.050ns
    Total Input Jitter      (TIJ):    0.000ns
    Discrete Jitter          (DJ):    0.000ns
    Phase Error              (PE):    0.000ns

    Location             Delay type                Incr(ns)  Path(ns)    Netlist Resource(s)
  -------------------------------------------------------------------    -------------------
                         (clock sys_clk_pin rise edge)
                                                      0.000     0.000 r  
    W5                                                0.000     0.000 r  clk (IN)
                         net (fo=0)                   0.000     0.000    clk
    W5                   IBUF (Prop_ibuf_I_O)         0.226     0.226 r  clk_IBUF_inst/O
                         net (fo=1, routed)           0.631     0.858    clk_IBUF
    BUFGCTRL_X0Y0        BUFG (Prop_bufg_I_O)         0.026     0.884 r  clk_IBUF_BUFG_inst/O
                         net (fo=22, routed)          0.586     1.469    vga/CLK
    SLICE_X2Y29          FDCE                                         r  vga/h_count_reg_reg[4]/C
  -------------------------------------------------------------------    -------------------
    SLICE_X2Y29          FDCE (Prop_fdce_C_Q)         0.164     1.633 f  vga/h_count_reg_reg[4]/Q
                         net (fo=7, routed)           0.138     1.771    vga/h_count_reg_reg_n_0_[4]
    SLICE_X0Y30          LUT6 (Prop_lut6_I5_O)        0.045     1.816 r  vga/vgaBlue_OBUF[3]_inst_i_2/O
                         net (fo=1, routed)           0.058     1.874    vga/vgaBlue_OBUF[3]_inst_i_2_n_0
    SLICE_X0Y30          LUT6 (Prop_lut6_I0_O)        0.045     1.919 r  vga/vgaBlue_OBUF[3]_inst_i_1/O
                         net (fo=4, routed)           0.535     2.454    vgaBlue_OBUF[0]
    J18                  OBUF (Prop_obuf_I_O)         1.226     3.679 r  vgaBlue_OBUF[3]_inst/O
                         net (fo=0)                   0.000     3.679    vgaBlue[3]
    J18                                                               r  vgaBlue[3] (OUT)
  -------------------------------------------------------------------    -------------------

Slack:                    inf
  Source:                 vga/h_count_reg_reg[9]/C
                            (rising edge-triggered cell FDCE clocked by sys_clk_pin  {rise@0.000ns fall@5.000ns period=10.000ns})
  Destination:            led[1]
                            (output port)
  Path Group:             (none)
  Path Type:              Min at Fast Process Corner
  Data Path Delay:        2.226ns  (logic 1.505ns (67.593%)  route 0.721ns (32.407%))
  Logic Levels:           2  (LUT5=1 OBUF=1)
  Clock Uncertainty:      0.025ns  ((TSJ^2 + TIJ^2)^1/2 + DJ) / 2 + PE
    Total System Jitter     (TSJ):    0.050ns
    Total Input Jitter      (TIJ):    0.000ns
    Discrete Jitter          (DJ):    0.000ns
    Phase Error              (PE):    0.000ns

    Location             Delay type                Incr(ns)  Path(ns)    Netlist Resource(s)
  -------------------------------------------------------------------    -------------------
                         (clock sys_clk_pin rise edge)
                                                      0.000     0.000 r  
    W5                                                0.000     0.000 r  clk (IN)
                         net (fo=0)                   0.000     0.000    clk
    W5                   IBUF (Prop_ibuf_I_O)         0.226     0.226 r  clk_IBUF_inst/O
                         net (fo=1, routed)           0.631     0.858    clk_IBUF
    BUFGCTRL_X0Y0        BUFG (Prop_bufg_I_O)         0.026     0.884 r  clk_IBUF_BUFG_inst/O
                         net (fo=22, routed)          0.586     1.469    vga/CLK
    SLICE_X2Y29          FDCE                                         r  vga/h_count_reg_reg[9]/C
  -------------------------------------------------------------------    -------------------
    SLICE_X2Y29          FDCE (Prop_fdce_C_Q)         0.164     1.633 f  vga/h_count_reg_reg[9]/Q
                         net (fo=11, routed)          0.179     1.812    vga/h_count_reg_reg_n_0_[9]
    SLICE_X1Y30          LUT5 (Prop_lut5_I2_O)        0.048     1.860 r  vga/led_OBUF[1]_inst_i_1/O
                         net (fo=3, routed)           0.542     2.402    led_OBUF[1]
    E19                  OBUF (Prop_obuf_I_O)         1.293     3.695 r  led_OBUF[1]_inst/O
                         net (fo=0)                   0.000     3.695    led[1]
    E19                                                               r  led[1] (OUT)
  -------------------------------------------------------------------    -------------------





--------------------------------------------------------------------------------------
Path Group:  (none)
From Clock:  
  To Clock:  sys_clk_pin

Max Delay            22 Endpoints
Min Delay            22 Endpoints
--------------------------------------------------------------------------------------


Max Delay Paths
--------------------------------------------------------------------------------------
Slack:                    inf
  Source:                 reset
                            (input port)
  Destination:            vga/v_count_reg_reg[9]/CLR
                            (recovery check against rising-edge clock sys_clk_pin  {rise@0.000ns fall@5.000ns period=10.000ns})
  Path Group:             (none)
  Path Type:              Recovery (Max at Slow Process Corner)
  Data Path Delay:        3.786ns  (logic 1.441ns (38.067%)  route 2.345ns (61.933%))
  Logic Levels:           1  (IBUF=1)
  Clock Path Skew:        4.849ns (DCD - SCD + CPR)
    Destination Clock Delay (DCD):    4.849ns
    Source Clock Delay      (SCD):    0.000ns
    Clock Pessimism Removal (CPR):    0.000ns
  Clock Uncertainty:      0.025ns  ((TSJ^2 + TIJ^2)^1/2 + DJ) / 2 + PE
    Total System Jitter     (TSJ):    0.050ns
    Total Input Jitter      (TIJ):    0.000ns
    Discrete Jitter          (DJ):    0.000ns
    Phase Error              (PE):    0.000ns

    Location             Delay type                Incr(ns)  Path(ns)    Netlist Resource(s)
  -------------------------------------------------------------------    -------------------
    U18                                               0.000     0.000 f  reset (IN)
                         net (fo=0)                   0.000     0.000    reset
    U18                  IBUF (Prop_ibuf_I_O)         1.441     1.441 f  reset_IBUF_inst/O
                         net (fo=23, routed)          2.345     3.786    vga/AR[0]
    SLICE_X3Y30          FDCE                                         f  vga/v_count_reg_reg[9]/CLR
  -------------------------------------------------------------------    -------------------

                         (clock sys_clk_pin rise edge)
                                                      0.000     0.000 r  
    W5                                                0.000     0.000 r  clk (IN)
                         net (fo=0)                   0.000     0.000    clk
    W5                   IBUF (Prop_ibuf_I_O)         1.388     1.388 r  clk_IBUF_inst/O
                         net (fo=1, routed)           1.862     3.250    clk_IBUF
    BUFGCTRL_X0Y0        BUFG (Prop_bufg_I_O)         0.091     3.341 r  clk_IBUF_BUFG_inst/O
                         net (fo=22, routed)          1.508     4.849    vga/CLK
    SLICE_X3Y30          FDCE                                         r  vga/v_count_reg_reg[9]/C

Slack:                    inf
  Source:                 reset
                            (input port)
  Destination:            vga/h_count_reg_reg[2]/CLR
                            (recovery check against rising-edge clock sys_clk_pin  {rise@0.000ns fall@5.000ns period=10.000ns})
  Path Group:             (none)
  Path Type:              Recovery (Max at Slow Process Corner)
  Data Path Delay:        3.496ns  (logic 1.441ns (41.230%)  route 2.054ns (58.770%))
  Logic Levels:           1  (IBUF=1)
  Clock Path Skew:        4.849ns (DCD - SCD + CPR)
    Destination Clock Delay (DCD):    4.849ns
    Source Clock Delay      (SCD):    0.000ns
    Clock Pessimism Removal (CPR):    0.000ns
  Clock Uncertainty:      0.025ns  ((TSJ^2 + TIJ^2)^1/2 + DJ) / 2 + PE
    Total System Jitter     (TSJ):    0.050ns
    Total Input Jitter      (TIJ):    0.000ns
    Discrete Jitter          (DJ):    0.000ns
    Phase Error              (PE):    0.000ns

    Location             Delay type                Incr(ns)  Path(ns)    Netlist Resource(s)
  -------------------------------------------------------------------    -------------------
    U18                                               0.000     0.000 f  reset (IN)
                         net (fo=0)                   0.000     0.000    reset
    U18                  IBUF (Prop_ibuf_I_O)         1.441     1.441 f  reset_IBUF_inst/O
                         net (fo=23, routed)          2.054     3.496    vga/AR[0]
    SLICE_X2Y29          FDCE                                         f  vga/h_count_reg_reg[2]/CLR
  -------------------------------------------------------------------    -------------------

                         (clock sys_clk_pin rise edge)
                                                      0.000     0.000 r  
    W5                                                0.000     0.000 r  clk (IN)
                         net (fo=0)                   0.000     0.000    clk
    W5                   IBUF (Prop_ibuf_I_O)         1.388     1.388 r  clk_IBUF_inst/O
                         net (fo=1, routed)           1.862     3.250    clk_IBUF
    BUFGCTRL_X0Y0        BUFG (Prop_bufg_I_O)         0.091     3.341 r  clk_IBUF_BUFG_inst/O
                         net (fo=22, routed)          1.508     4.849    vga/CLK
    SLICE_X2Y29          FDCE                                         r  vga/h_count_reg_reg[2]/C

Slack:                    inf
  Source:                 reset
                            (input port)
  Destination:            vga/h_count_reg_reg[3]/CLR
                            (recovery check against rising-edge clock sys_clk_pin  {rise@0.000ns fall@5.000ns period=10.000ns})
  Path Group:             (none)
  Path Type:              Recovery (Max at Slow Process Corner)
  Data Path Delay:        3.496ns  (logic 1.441ns (41.230%)  route 2.054ns (58.770%))
  Logic Levels:           1  (IBUF=1)
  Clock Path Skew:        4.849ns (DCD - SCD + CPR)
    Destination Clock Delay (DCD):    4.849ns
    Source Clock Delay      (SCD):    0.000ns
    Clock Pessimism Removal (CPR):    0.000ns
  Clock Uncertainty:      0.025ns  ((TSJ^2 + TIJ^2)^1/2 + DJ) / 2 + PE
    Total System Jitter     (TSJ):    0.050ns
    Total Input Jitter      (TIJ):    0.000ns
    Discrete Jitter          (DJ):    0.000ns
    Phase Error              (PE):    0.000ns

    Location             Delay type                Incr(ns)  Path(ns)    Netlist Resource(s)
  -------------------------------------------------------------------    -------------------
    U18                                               0.000     0.000 f  reset (IN)
                         net (fo=0)                   0.000     0.000    reset
    U18                  IBUF (Prop_ibuf_I_O)         1.441     1.441 f  reset_IBUF_inst/O
                         net (fo=23, routed)          2.054     3.496    vga/AR[0]
    SLICE_X2Y29          FDCE                                         f  vga/h_count_reg_reg[3]/CLR
  -------------------------------------------------------------------    -------------------

                         (clock sys_clk_pin rise edge)
                                                      0.000     0.000 r  
    W5                                                0.000     0.000 r  clk (IN)
                         net (fo=0)                   0.000     0.000    clk
    W5                   IBUF (Prop_ibuf_I_O)         1.388     1.388 r  clk_IBUF_inst/O
                         net (fo=1, routed)           1.862     3.250    clk_IBUF
    BUFGCTRL_X0Y0        BUFG (Prop_bufg_I_O)         0.091     3.341 r  clk_IBUF_BUFG_inst/O
                         net (fo=22, routed)          1.508     4.849    vga/CLK
    SLICE_X2Y29          FDCE                                         r  vga/h_count_reg_reg[3]/C

Slack:                    inf
  Source:                 reset
                            (input port)
  Destination:            vga/h_count_reg_reg[4]/CLR
                            (recovery check against rising-edge clock sys_clk_pin  {rise@0.000ns fall@5.000ns period=10.000ns})
  Path Group:             (none)
  Path Type:              Recovery (Max at Slow Process Corner)
  Data Path Delay:        3.496ns  (logic 1.441ns (41.230%)  route 2.054ns (58.770%))
  Logic Levels:           1  (IBUF=1)
  Clock Path Skew:        4.849ns (DCD - SCD + CPR)
    Destination Clock Delay (DCD):    4.849ns
    Source Clock Delay      (SCD):    0.000ns
    Clock Pessimism Removal (CPR):    0.000ns
  Clock Uncertainty:      0.025ns  ((TSJ^2 + TIJ^2)^1/2 + DJ) / 2 + PE
    Total System Jitter     (TSJ):    0.050ns
    Total Input Jitter      (TIJ):    0.000ns
    Discrete Jitter          (DJ):    0.000ns
    Phase Error              (PE):    0.000ns

    Location             Delay type                Incr(ns)  Path(ns)    Netlist Resource(s)
  -------------------------------------------------------------------    -------------------
    U18                                               0.000     0.000 f  reset (IN)
                         net (fo=0)                   0.000     0.000    reset
    U18                  IBUF (Prop_ibuf_I_O)         1.441     1.441 f  reset_IBUF_inst/O
                         net (fo=23, routed)          2.054     3.496    vga/AR[0]
    SLICE_X2Y29          FDCE                                         f  vga/h_count_reg_reg[4]/CLR
  -------------------------------------------------------------------    -------------------

                         (clock sys_clk_pin rise edge)
                                                      0.000     0.000 r  
    W5                                                0.000     0.000 r  clk (IN)
                         net (fo=0)                   0.000     0.000    clk
    W5                   IBUF (Prop_ibuf_I_O)         1.388     1.388 r  clk_IBUF_inst/O
                         net (fo=1, routed)           1.862     3.250    clk_IBUF
    BUFGCTRL_X0Y0        BUFG (Prop_bufg_I_O)         0.091     3.341 r  clk_IBUF_BUFG_inst/O
                         net (fo=22, routed)          1.508     4.849    vga/CLK
    SLICE_X2Y29          FDCE                                         r  vga/h_count_reg_reg[4]/C

Slack:                    inf
  Source:                 reset
                            (input port)
  Destination:            vga/h_count_reg_reg[9]/CLR
                            (recovery check against rising-edge clock sys_clk_pin  {rise@0.000ns fall@5.000ns period=10.000ns})
  Path Group:             (none)
  Path Type:              Recovery (Max at Slow Process Corner)
  Data Path Delay:        3.496ns  (logic 1.441ns (41.230%)  route 2.054ns (58.770%))
  Logic Levels:           1  (IBUF=1)
  Clock Path Skew:        4.849ns (DCD - SCD + CPR)
    Destination Clock Delay (DCD):    4.849ns
    Source Clock Delay      (SCD):    0.000ns
    Clock Pessimism Removal (CPR):    0.000ns
  Clock Uncertainty:      0.025ns  ((TSJ^2 + TIJ^2)^1/2 + DJ) / 2 + PE
    Total System Jitter     (TSJ):    0.050ns
    Total Input Jitter      (TIJ):    0.000ns
    Discrete Jitter          (DJ):    0.000ns
    Phase Error              (PE):    0.000ns

    Location             Delay type                Incr(ns)  Path(ns)    Netlist Resource(s)
  -------------------------------------------------------------------    -------------------
    U18                                               0.000     0.000 f  reset (IN)
                         net (fo=0)                   0.000     0.000    reset
    U18                  IBUF (Prop_ibuf_I_O)         1.441     1.441 f  reset_IBUF_inst/O
                         net (fo=23, routed)          2.054     3.496    vga/AR[0]
    SLICE_X2Y29          FDCE                                         f  vga/h_count_reg_reg[9]/CLR
  -------------------------------------------------------------------    -------------------

                         (clock sys_clk_pin rise edge)
                                                      0.000     0.000 r  
    W5                                                0.000     0.000 r  clk (IN)
                         net (fo=0)                   0.000     0.000    clk
    W5                   IBUF (Prop_ibuf_I_O)         1.388     1.388 r  clk_IBUF_inst/O
                         net (fo=1, routed)           1.862     3.250    clk_IBUF
    BUFGCTRL_X0Y0        BUFG (Prop_bufg_I_O)         0.091     3.341 r  clk_IBUF_BUFG_inst/O
                         net (fo=22, routed)          1.508     4.849    vga/CLK
    SLICE_X2Y29          FDCE                                         r  vga/h_count_reg_reg[9]/C

Slack:                    inf
  Source:                 reset
                            (input port)
  Destination:            vga/v_count_reg_reg[2]/CLR
                            (recovery check against rising-edge clock sys_clk_pin  {rise@0.000ns fall@5.000ns period=10.000ns})
  Path Group:             (none)
  Path Type:              Recovery (Max at Slow Process Corner)
  Data Path Delay:        3.496ns  (logic 1.441ns (41.230%)  route 2.054ns (58.770%))
  Logic Levels:           1  (IBUF=1)
  Clock Path Skew:        4.849ns (DCD - SCD + CPR)
    Destination Clock Delay (DCD):    4.849ns
    Source Clock Delay      (SCD):    0.000ns
    Clock Pessimism Removal (CPR):    0.000ns
  Clock Uncertainty:      0.025ns  ((TSJ^2 + TIJ^2)^1/2 + DJ) / 2 + PE
    Total System Jitter     (TSJ):    0.050ns
    Total Input Jitter      (TIJ):    0.000ns
    Discrete Jitter          (DJ):    0.000ns
    Phase Error              (PE):    0.000ns

    Location             Delay type                Incr(ns)  Path(ns)    Netlist Resource(s)
  -------------------------------------------------------------------    -------------------
    U18                                               0.000     0.000 f  reset (IN)
                         net (fo=0)                   0.000     0.000    reset
    U18                  IBUF (Prop_ibuf_I_O)         1.441     1.441 f  reset_IBUF_inst/O
                         net (fo=23, routed)          2.054     3.496    vga/AR[0]
    SLICE_X3Y29          FDCE                                         f  vga/v_count_reg_reg[2]/CLR
  -------------------------------------------------------------------    -------------------

                         (clock sys_clk_pin rise edge)
                                                      0.000     0.000 r  
    W5                                                0.000     0.000 r  clk (IN)
                         net (fo=0)                   0.000     0.000    clk
    W5                   IBUF (Prop_ibuf_I_O)         1.388     1.388 r  clk_IBUF_inst/O
                         net (fo=1, routed)           1.862     3.250    clk_IBUF
    BUFGCTRL_X0Y0        BUFG (Prop_bufg_I_O)         0.091     3.341 r  clk_IBUF_BUFG_inst/O
                         net (fo=22, routed)          1.508     4.849    vga/CLK
    SLICE_X3Y29          FDCE                                         r  vga/v_count_reg_reg[2]/C

Slack:                    inf
  Source:                 reset
                            (input port)
  Destination:            vga/v_count_reg_reg[3]/CLR
                            (recovery check against rising-edge clock sys_clk_pin  {rise@0.000ns fall@5.000ns period=10.000ns})
  Path Group:             (none)
  Path Type:              Recovery (Max at Slow Process Corner)
  Data Path Delay:        3.496ns  (logic 1.441ns (41.230%)  route 2.054ns (58.770%))
  Logic Levels:           1  (IBUF=1)
  Clock Path Skew:        4.849ns (DCD - SCD + CPR)
    Destination Clock Delay (DCD):    4.849ns
    Source Clock Delay      (SCD):    0.000ns
    Clock Pessimism Removal (CPR):    0.000ns
  Clock Uncertainty:      0.025ns  ((TSJ^2 + TIJ^2)^1/2 + DJ) / 2 + PE
    Total System Jitter     (TSJ):    0.050ns
    Total Input Jitter      (TIJ):    0.000ns
    Discrete Jitter          (DJ):    0.000ns
    Phase Error              (PE):    0.000ns

    Location             Delay type                Incr(ns)  Path(ns)    Netlist Resource(s)
  -------------------------------------------------------------------    -------------------
    U18                                               0.000     0.000 f  reset (IN)
                         net (fo=0)                   0.000     0.000    reset
    U18                  IBUF (Prop_ibuf_I_O)         1.441     1.441 f  reset_IBUF_inst/O
                         net (fo=23, routed)          2.054     3.496    vga/AR[0]
    SLICE_X3Y29          FDCE                                         f  vga/v_count_reg_reg[3]/CLR
  -------------------------------------------------------------------    -------------------

                         (clock sys_clk_pin rise edge)
                                                      0.000     0.000 r  
    W5                                                0.000     0.000 r  clk (IN)
                         net (fo=0)                   0.000     0.000    clk
    W5                   IBUF (Prop_ibuf_I_O)         1.388     1.388 r  clk_IBUF_inst/O
                         net (fo=1, routed)           1.862     3.250    clk_IBUF
    BUFGCTRL_X0Y0        BUFG (Prop_bufg_I_O)         0.091     3.341 r  clk_IBUF_BUFG_inst/O
                         net (fo=22, routed)          1.508     4.849    vga/CLK
    SLICE_X3Y29          FDCE                                         r  vga/v_count_reg_reg[3]/C

Slack:                    inf
  Source:                 reset
                            (input port)
  Destination:            vga/v_count_reg_reg[5]/CLR
                            (recovery check against rising-edge clock sys_clk_pin  {rise@0.000ns fall@5.000ns period=10.000ns})
  Path Group:             (none)
  Path Type:              Recovery (Max at Slow Process Corner)
  Data Path Delay:        3.496ns  (logic 1.441ns (41.230%)  route 2.054ns (58.770%))
  Logic Levels:           1  (IBUF=1)
  Clock Path Skew:        4.849ns (DCD - SCD + CPR)
    Destination Clock Delay (DCD):    4.849ns
    Source Clock Delay      (SCD):    0.000ns
    Clock Pessimism Removal (CPR):    0.000ns
  Clock Uncertainty:      0.025ns  ((TSJ^2 + TIJ^2)^1/2 + DJ) / 2 + PE
    Total System Jitter     (TSJ):    0.050ns
    Total Input Jitter      (TIJ):    0.000ns
    Discrete Jitter          (DJ):    0.000ns
    Phase Error              (PE):    0.000ns

    Location             Delay type                Incr(ns)  Path(ns)    Netlist Resource(s)
  -------------------------------------------------------------------    -------------------
    U18                                               0.000     0.000 f  reset (IN)
                         net (fo=0)                   0.000     0.000    reset
    U18                  IBUF (Prop_ibuf_I_O)         1.441     1.441 f  reset_IBUF_inst/O
                         net (fo=23, routed)          2.054     3.496    vga/AR[0]
    SLICE_X3Y29          FDCE                                         f  vga/v_count_reg_reg[5]/CLR
  -------------------------------------------------------------------    -------------------

                         (clock sys_clk_pin rise edge)
                                                      0.000     0.000 r  
    W5                                                0.000     0.000 r  clk (IN)
                         net (fo=0)                   0.000     0.000    clk
    W5                   IBUF (Prop_ibuf_I_O)         1.388     1.388 r  clk_IBUF_inst/O
                         net (fo=1, routed)           1.862     3.250    clk_IBUF
    BUFGCTRL_X0Y0        BUFG (Prop_bufg_I_O)         0.091     3.341 r  clk_IBUF_BUFG_inst/O
                         net (fo=22, routed)          1.508     4.849    vga/CLK
    SLICE_X3Y29          FDCE                                         r  vga/v_count_reg_reg[5]/C

Slack:                    inf
  Source:                 reset
                            (input port)
  Destination:            vga/v_count_reg_reg[6]/CLR
                            (recovery check against rising-edge clock sys_clk_pin  {rise@0.000ns fall@5.000ns period=10.000ns})
  Path Group:             (none)
  Path Type:              Recovery (Max at Slow Process Corner)
  Data Path Delay:        3.496ns  (logic 1.441ns (41.230%)  route 2.054ns (58.770%))
  Logic Levels:           1  (IBUF=1)
  Clock Path Skew:        4.849ns (DCD - SCD + CPR)
    Destination Clock Delay (DCD):    4.849ns
    Source Clock Delay      (SCD):    0.000ns
    Clock Pessimism Removal (CPR):    0.000ns
  Clock Uncertainty:      0.025ns  ((TSJ^2 + TIJ^2)^1/2 + DJ) / 2 + PE
    Total System Jitter     (TSJ):    0.050ns
    Total Input Jitter      (TIJ):    0.000ns
    Discrete Jitter          (DJ):    0.000ns
    Phase Error              (PE):    0.000ns

    Location             Delay type                Incr(ns)  Path(ns)    Netlist Resource(s)
  -------------------------------------------------------------------    -------------------
    U18                                               0.000     0.000 f  reset (IN)
                         net (fo=0)                   0.000     0.000    reset
    U18                  IBUF (Prop_ibuf_I_O)         1.441     1.441 f  reset_IBUF_inst/O
                         net (fo=23, routed)          2.054     3.496    vga/AR[0]
    SLICE_X3Y29          FDCE                                         f  vga/v_count_reg_reg[6]/CLR
  -------------------------------------------------------------------    -------------------

                         (clock sys_clk_pin rise edge)
                                                      0.000     0.000 r  
    W5                                                0.000     0.000 r  clk (IN)
                         net (fo=0)                   0.000     0.000    clk
    W5                   IBUF (Prop_ibuf_I_O)         1.388     1.388 r  clk_IBUF_inst/O
                         net (fo=1, routed)           1.862     3.250    clk_IBUF
    BUFGCTRL_X0Y0        BUFG (Prop_bufg_I_O)         0.091     3.341 r  clk_IBUF_BUFG_inst/O
                         net (fo=22, routed)          1.508     4.849    vga/CLK
    SLICE_X3Y29          FDCE                                         r  vga/v_count_reg_reg[6]/C

Slack:                    inf
  Source:                 reset
                            (input port)
  Destination:            vga/r_25Mhz_reg[0]/CLR
                            (recovery check against rising-edge clock sys_clk_pin  {rise@0.000ns fall@5.000ns period=10.000ns})
  Path Group:             (none)
  Path Type:              Recovery (Max at Slow Process Corner)
  Data Path Delay:        3.491ns  (logic 1.441ns (41.284%)  route 2.050ns (58.716%))
  Logic Levels:           1  (IBUF=1)
  Clock Path Skew:        4.847ns (DCD - SCD + CPR)
    Destination Clock Delay (DCD):    4.847ns
    Source Clock Delay      (SCD):    0.000ns
    Clock Pessimism Removal (CPR):    0.000ns
  Clock Uncertainty:      0.025ns  ((TSJ^2 + TIJ^2)^1/2 + DJ) / 2 + PE
    Total System Jitter     (TSJ):    0.050ns
    Total Input Jitter      (TIJ):    0.000ns
    Discrete Jitter          (DJ):    0.000ns
    Phase Error              (PE):    0.000ns

    Location             Delay type                Incr(ns)  Path(ns)    Netlist Resource(s)
  -------------------------------------------------------------------    -------------------
    U18                                               0.000     0.000 f  reset (IN)
                         net (fo=0)                   0.000     0.000    reset
    U18                  IBUF (Prop_ibuf_I_O)         1.441     1.441 f  reset_IBUF_inst/O
                         net (fo=23, routed)          2.050     3.491    vga/AR[0]
    SLICE_X4Y29          FDCE                                         f  vga/r_25Mhz_reg[0]/CLR
  -------------------------------------------------------------------    -------------------

                         (clock sys_clk_pin rise edge)
                                                      0.000     0.000 r  
    W5                                                0.000     0.000 r  clk (IN)
                         net (fo=0)                   0.000     0.000    clk
    W5                   IBUF (Prop_ibuf_I_O)         1.388     1.388 r  clk_IBUF_inst/O
                         net (fo=1, routed)           1.862     3.250    clk_IBUF
    BUFGCTRL_X0Y0        BUFG (Prop_bufg_I_O)         0.091     3.341 r  clk_IBUF_BUFG_inst/O
                         net (fo=22, routed)          1.506     4.847    vga/CLK
    SLICE_X4Y29          FDCE                                         r  vga/r_25Mhz_reg[0]/C





Min Delay Paths
--------------------------------------------------------------------------------------
Slack:                    inf
  Source:                 reset
                            (input port)
  Destination:            vga/h_count_reg_reg[0]/CLR
                            (removal check against rising-edge clock sys_clk_pin  {rise@0.000ns fall@5.000ns period=10.000ns})
  Path Group:             (none)
  Path Type:              Removal (Min at Fast Process Corner)
  Data Path Delay:        1.005ns  (logic 0.210ns (20.841%)  route 0.796ns (79.159%))
  Logic Levels:           1  (IBUF=1)
  Clock Path Skew:        1.982ns (DCD - SCD - CPR)
    Destination Clock Delay (DCD):    1.982ns
    Source Clock Delay      (SCD):    0.000ns
    Clock Pessimism Removal (CPR):    -0.000ns

    Location             Delay type                Incr(ns)  Path(ns)    Netlist Resource(s)
  -------------------------------------------------------------------    -------------------
    U18                                               0.000     0.000 f  reset (IN)
                         net (fo=0)                   0.000     0.000    reset
    U18                  IBUF (Prop_ibuf_I_O)         0.210     0.210 f  reset_IBUF_inst/O
                         net (fo=23, routed)          0.796     1.005    vga/AR[0]
    SLICE_X0Y29          FDCE                                         f  vga/h_count_reg_reg[0]/CLR
  -------------------------------------------------------------------    -------------------

                         (clock sys_clk_pin rise edge)
                                                      0.000     0.000 r  
    W5                                                0.000     0.000 r  clk (IN)
                         net (fo=0)                   0.000     0.000    clk
    W5                   IBUF (Prop_ibuf_I_O)         0.414     0.414 r  clk_IBUF_inst/O
                         net (fo=1, routed)           0.685     1.099    clk_IBUF
    BUFGCTRL_X0Y0        BUFG (Prop_bufg_I_O)         0.029     1.128 r  clk_IBUF_BUFG_inst/O
                         net (fo=22, routed)          0.855     1.982    vga/CLK
    SLICE_X0Y29          FDCE                                         r  vga/h_count_reg_reg[0]/C

Slack:                    inf
  Source:                 reset
                            (input port)
  Destination:            vga/h_count_reg_reg[1]/CLR
                            (removal check against rising-edge clock sys_clk_pin  {rise@0.000ns fall@5.000ns period=10.000ns})
  Path Group:             (none)
  Path Type:              Removal (Min at Fast Process Corner)
  Data Path Delay:        1.005ns  (logic 0.210ns (20.841%)  route 0.796ns (79.159%))
  Logic Levels:           1  (IBUF=1)
  Clock Path Skew:        1.982ns (DCD - SCD - CPR)
    Destination Clock Delay (DCD):    1.982ns
    Source Clock Delay      (SCD):    0.000ns
    Clock Pessimism Removal (CPR):    -0.000ns

    Location             Delay type                Incr(ns)  Path(ns)    Netlist Resource(s)
  -------------------------------------------------------------------    -------------------
    U18                                               0.000     0.000 f  reset (IN)
                         net (fo=0)                   0.000     0.000    reset
    U18                  IBUF (Prop_ibuf_I_O)         0.210     0.210 f  reset_IBUF_inst/O
                         net (fo=23, routed)          0.796     1.005    vga/AR[0]
    SLICE_X0Y29          FDCE                                         f  vga/h_count_reg_reg[1]/CLR
  -------------------------------------------------------------------    -------------------

                         (clock sys_clk_pin rise edge)
                                                      0.000     0.000 r  
    W5                                                0.000     0.000 r  clk (IN)
                         net (fo=0)                   0.000     0.000    clk
    W5                   IBUF (Prop_ibuf_I_O)         0.414     0.414 r  clk_IBUF_inst/O
                         net (fo=1, routed)           0.685     1.099    clk_IBUF
    BUFGCTRL_X0Y0        BUFG (Prop_bufg_I_O)         0.029     1.128 r  clk_IBUF_BUFG_inst/O
                         net (fo=22, routed)          0.855     1.982    vga/CLK
    SLICE_X0Y29          FDCE                                         r  vga/h_count_reg_reg[1]/C

Slack:                    inf
  Source:                 reset
                            (input port)
  Destination:            vga/h_count_reg_reg[5]/CLR
                            (removal check against rising-edge clock sys_clk_pin  {rise@0.000ns fall@5.000ns period=10.000ns})
  Path Group:             (none)
  Path Type:              Removal (Min at Fast Process Corner)
  Data Path Delay:        1.005ns  (logic 0.210ns (20.841%)  route 0.796ns (79.159%))
  Logic Levels:           1  (IBUF=1)
  Clock Path Skew:        1.982ns (DCD - SCD - CPR)
    Destination Clock Delay (DCD):    1.982ns
    Source Clock Delay      (SCD):    0.000ns
    Clock Pessimism Removal (CPR):    -0.000ns

    Location             Delay type                Incr(ns)  Path(ns)    Netlist Resource(s)
  -------------------------------------------------------------------    -------------------
    U18                                               0.000     0.000 f  reset (IN)
                         net (fo=0)                   0.000     0.000    reset
    U18                  IBUF (Prop_ibuf_I_O)         0.210     0.210 f  reset_IBUF_inst/O
                         net (fo=23, routed)          0.796     1.005    vga/AR[0]
    SLICE_X0Y29          FDCE                                         f  vga/h_count_reg_reg[5]/CLR
  -------------------------------------------------------------------    -------------------

                         (clock sys_clk_pin rise edge)
                                                      0.000     0.000 r  
    W5                                                0.000     0.000 r  clk (IN)
                         net (fo=0)                   0.000     0.000    clk
    W5                   IBUF (Prop_ibuf_I_O)         0.414     0.414 r  clk_IBUF_inst/O
                         net (fo=1, routed)           0.685     1.099    clk_IBUF
    BUFGCTRL_X0Y0        BUFG (Prop_bufg_I_O)         0.029     1.128 r  clk_IBUF_BUFG_inst/O
                         net (fo=22, routed)          0.855     1.982    vga/CLK
    SLICE_X0Y29          FDCE                                         r  vga/h_count_reg_reg[5]/C

Slack:                    inf
  Source:                 reset
                            (input port)
  Destination:            vga/h_count_reg_reg[6]/CLR
                            (removal check against rising-edge clock sys_clk_pin  {rise@0.000ns fall@5.000ns period=10.000ns})
  Path Group:             (none)
  Path Type:              Removal (Min at Fast Process Corner)
  Data Path Delay:        1.019ns  (logic 0.210ns (20.557%)  route 0.810ns (79.443%))
  Logic Levels:           1  (IBUF=1)
  Clock Path Skew:        1.981ns (DCD - SCD - CPR)
    Destination Clock Delay (DCD):    1.981ns
    Source Clock Delay      (SCD):    0.000ns
    Clock Pessimism Removal (CPR):    -0.000ns

    Location             Delay type                Incr(ns)  Path(ns)    Netlist Resource(s)
  -------------------------------------------------------------------    -------------------
    U18                                               0.000     0.000 f  reset (IN)
                         net (fo=0)                   0.000     0.000    reset
    U18                  IBUF (Prop_ibuf_I_O)         0.210     0.210 f  reset_IBUF_inst/O
                         net (fo=23, routed)          0.810     1.019    vga/AR[0]
    SLICE_X2Y28          FDCE                                         f  vga/h_count_reg_reg[6]/CLR
  -------------------------------------------------------------------    -------------------

                         (clock sys_clk_pin rise edge)
                                                      0.000     0.000 r  
    W5                                                0.000     0.000 r  clk (IN)
                         net (fo=0)                   0.000     0.000    clk
    W5                   IBUF (Prop_ibuf_I_O)         0.414     0.414 r  clk_IBUF_inst/O
                         net (fo=1, routed)           0.685     1.099    clk_IBUF
    BUFGCTRL_X0Y0        BUFG (Prop_bufg_I_O)         0.029     1.128 r  clk_IBUF_BUFG_inst/O
                         net (fo=22, routed)          0.854     1.981    vga/CLK
    SLICE_X2Y28          FDCE                                         r  vga/h_count_reg_reg[6]/C

Slack:                    inf
  Source:                 reset
                            (input port)
  Destination:            vga/h_count_reg_reg[7]/CLR
                            (removal check against rising-edge clock sys_clk_pin  {rise@0.000ns fall@5.000ns period=10.000ns})
  Path Group:             (none)
  Path Type:              Removal (Min at Fast Process Corner)
  Data Path Delay:        1.019ns  (logic 0.210ns (20.557%)  route 0.810ns (79.443%))
  Logic Levels:           1  (IBUF=1)
  Clock Path Skew:        1.981ns (DCD - SCD - CPR)
    Destination Clock Delay (DCD):    1.981ns
    Source Clock Delay      (SCD):    0.000ns
    Clock Pessimism Removal (CPR):    -0.000ns

    Location             Delay type                Incr(ns)  Path(ns)    Netlist Resource(s)
  -------------------------------------------------------------------    -------------------
    U18                                               0.000     0.000 f  reset (IN)
                         net (fo=0)                   0.000     0.000    reset
    U18                  IBUF (Prop_ibuf_I_O)         0.210     0.210 f  reset_IBUF_inst/O
                         net (fo=23, routed)          0.810     1.019    vga/AR[0]
    SLICE_X2Y28          FDCE                                         f  vga/h_count_reg_reg[7]/CLR
  -------------------------------------------------------------------    -------------------

                         (clock sys_clk_pin rise edge)
                                                      0.000     0.000 r  
    W5                                                0.000     0.000 r  clk (IN)
                         net (fo=0)                   0.000     0.000    clk
    W5                   IBUF (Prop_ibuf_I_O)         0.414     0.414 r  clk_IBUF_inst/O
                         net (fo=1, routed)           0.685     1.099    clk_IBUF
    BUFGCTRL_X0Y0        BUFG (Prop_bufg_I_O)         0.029     1.128 r  clk_IBUF_BUFG_inst/O
                         net (fo=22, routed)          0.854     1.981    vga/CLK
    SLICE_X2Y28          FDCE                                         r  vga/h_count_reg_reg[7]/C

Slack:                    inf
  Source:                 reset
                            (input port)
  Destination:            vga/h_count_reg_reg[8]/CLR
                            (removal check against rising-edge clock sys_clk_pin  {rise@0.000ns fall@5.000ns period=10.000ns})
  Path Group:             (none)
  Path Type:              Removal (Min at Fast Process Corner)
  Data Path Delay:        1.019ns  (logic 0.210ns (20.557%)  route 0.810ns (79.443%))
  Logic Levels:           1  (IBUF=1)
  Clock Path Skew:        1.981ns (DCD - SCD - CPR)
    Destination Clock Delay (DCD):    1.981ns
    Source Clock Delay      (SCD):    0.000ns
    Clock Pessimism Removal (CPR):    -0.000ns

    Location             Delay type                Incr(ns)  Path(ns)    Netlist Resource(s)
  -------------------------------------------------------------------    -------------------
    U18                                               0.000     0.000 f  reset (IN)
                         net (fo=0)                   0.000     0.000    reset
    U18                  IBUF (Prop_ibuf_I_O)         0.210     0.210 f  reset_IBUF_inst/O
                         net (fo=23, routed)          0.810     1.019    vga/AR[0]
    SLICE_X2Y28          FDCE                                         f  vga/h_count_reg_reg[8]/CLR
  -------------------------------------------------------------------    -------------------

                         (clock sys_clk_pin rise edge)
                                                      0.000     0.000 r  
    W5                                                0.000     0.000 r  clk (IN)
                         net (fo=0)                   0.000     0.000    clk
    W5                   IBUF (Prop_ibuf_I_O)         0.414     0.414 r  clk_IBUF_inst/O
                         net (fo=1, routed)           0.685     1.099    clk_IBUF
    BUFGCTRL_X0Y0        BUFG (Prop_bufg_I_O)         0.029     1.128 r  clk_IBUF_BUFG_inst/O
                         net (fo=22, routed)          0.854     1.981    vga/CLK
    SLICE_X2Y28          FDCE                                         r  vga/h_count_reg_reg[8]/C

Slack:                    inf
  Source:                 reset
                            (input port)
  Destination:            vga/v_count_reg_reg[0]/CLR
                            (removal check against rising-edge clock sys_clk_pin  {rise@0.000ns fall@5.000ns period=10.000ns})
  Path Group:             (none)
  Path Type:              Removal (Min at Fast Process Corner)
  Data Path Delay:        1.019ns  (logic 0.210ns (20.557%)  route 0.810ns (79.443%))
  Logic Levels:           1  (IBUF=1)
  Clock Path Skew:        1.981ns (DCD - SCD - CPR)
    Destination Clock Delay (DCD):    1.981ns
    Source Clock Delay      (SCD):    0.000ns
    Clock Pessimism Removal (CPR):    -0.000ns

    Location             Delay type                Incr(ns)  Path(ns)    Netlist Resource(s)
  -------------------------------------------------------------------    -------------------
    U18                                               0.000     0.000 f  reset (IN)
                         net (fo=0)                   0.000     0.000    reset
    U18                  IBUF (Prop_ibuf_I_O)         0.210     0.210 f  reset_IBUF_inst/O
                         net (fo=23, routed)          0.810     1.019    vga/AR[0]
    SLICE_X3Y28          FDCE                                         f  vga/v_count_reg_reg[0]/CLR
  -------------------------------------------------------------------    -------------------

                         (clock sys_clk_pin rise edge)
                                                      0.000     0.000 r  
    W5                                                0.000     0.000 r  clk (IN)
                         net (fo=0)                   0.000     0.000    clk
    W5                   IBUF (Prop_ibuf_I_O)         0.414     0.414 r  clk_IBUF_inst/O
                         net (fo=1, routed)           0.685     1.099    clk_IBUF
    BUFGCTRL_X0Y0        BUFG (Prop_bufg_I_O)         0.029     1.128 r  clk_IBUF_BUFG_inst/O
                         net (fo=22, routed)          0.854     1.981    vga/CLK
    SLICE_X3Y28          FDCE                                         r  vga/v_count_reg_reg[0]/C

Slack:                    inf
  Source:                 reset
                            (input port)
  Destination:            vga/v_count_reg_reg[1]/CLR
                            (removal check against rising-edge clock sys_clk_pin  {rise@0.000ns fall@5.000ns period=10.000ns})
  Path Group:             (none)
  Path Type:              Removal (Min at Fast Process Corner)
  Data Path Delay:        1.019ns  (logic 0.210ns (20.557%)  route 0.810ns (79.443%))
  Logic Levels:           1  (IBUF=1)
  Clock Path Skew:        1.981ns (DCD - SCD - CPR)
    Destination Clock Delay (DCD):    1.981ns
    Source Clock Delay      (SCD):    0.000ns
    Clock Pessimism Removal (CPR):    -0.000ns

    Location             Delay type                Incr(ns)  Path(ns)    Netlist Resource(s)
  -------------------------------------------------------------------    -------------------
    U18                                               0.000     0.000 f  reset (IN)
                         net (fo=0)                   0.000     0.000    reset
    U18                  IBUF (Prop_ibuf_I_O)         0.210     0.210 f  reset_IBUF_inst/O
                         net (fo=23, routed)          0.810     1.019    vga/AR[0]
    SLICE_X3Y28          FDCE                                         f  vga/v_count_reg_reg[1]/CLR
  -------------------------------------------------------------------    -------------------

                         (clock sys_clk_pin rise edge)
                                                      0.000     0.000 r  
    W5                                                0.000     0.000 r  clk (IN)
                         net (fo=0)                   0.000     0.000    clk
    W5                   IBUF (Prop_ibuf_I_O)         0.414     0.414 r  clk_IBUF_inst/O
                         net (fo=1, routed)           0.685     1.099    clk_IBUF
    BUFGCTRL_X0Y0        BUFG (Prop_bufg_I_O)         0.029     1.128 r  clk_IBUF_BUFG_inst/O
                         net (fo=22, routed)          0.854     1.981    vga/CLK
    SLICE_X3Y28          FDCE                                         r  vga/v_count_reg_reg[1]/C

Slack:                    inf
  Source:                 reset
                            (input port)
  Destination:            vga/v_count_reg_reg[4]/CLR
                            (removal check against rising-edge clock sys_clk_pin  {rise@0.000ns fall@5.000ns period=10.000ns})
  Path Group:             (none)
  Path Type:              Removal (Min at Fast Process Corner)
  Data Path Delay:        1.019ns  (logic 0.210ns (20.557%)  route 0.810ns (79.443%))
  Logic Levels:           1  (IBUF=1)
  Clock Path Skew:        1.981ns (DCD - SCD - CPR)
    Destination Clock Delay (DCD):    1.981ns
    Source Clock Delay      (SCD):    0.000ns
    Clock Pessimism Removal (CPR):    -0.000ns

    Location             Delay type                Incr(ns)  Path(ns)    Netlist Resource(s)
  -------------------------------------------------------------------    -------------------
    U18                                               0.000     0.000 f  reset (IN)
                         net (fo=0)                   0.000     0.000    reset
    U18                  IBUF (Prop_ibuf_I_O)         0.210     0.210 f  reset_IBUF_inst/O
                         net (fo=23, routed)          0.810     1.019    vga/AR[0]
    SLICE_X3Y28          FDCE                                         f  vga/v_count_reg_reg[4]/CLR
  -------------------------------------------------------------------    -------------------

                         (clock sys_clk_pin rise edge)
                                                      0.000     0.000 r  
    W5                                                0.000     0.000 r  clk (IN)
                         net (fo=0)                   0.000     0.000    clk
    W5                   IBUF (Prop_ibuf_I_O)         0.414     0.414 r  clk_IBUF_inst/O
                         net (fo=1, routed)           0.685     1.099    clk_IBUF
    BUFGCTRL_X0Y0        BUFG (Prop_bufg_I_O)         0.029     1.128 r  clk_IBUF_BUFG_inst/O
                         net (fo=22, routed)          0.854     1.981    vga/CLK
    SLICE_X3Y28          FDCE                                         r  vga/v_count_reg_reg[4]/C

Slack:                    inf
  Source:                 reset
                            (input port)
  Destination:            vga/v_count_reg_reg[7]/CLR
                            (removal check against rising-edge clock sys_clk_pin  {rise@0.000ns fall@5.000ns period=10.000ns})
  Path Group:             (none)
  Path Type:              Removal (Min at Fast Process Corner)
  Data Path Delay:        1.019ns  (logic 0.210ns (20.557%)  route 0.810ns (79.443%))
  Logic Levels:           1  (IBUF=1)
  Clock Path Skew:        1.981ns (DCD - SCD - CPR)
    Destination Clock Delay (DCD):    1.981ns
    Source Clock Delay      (SCD):    0.000ns
    Clock Pessimism Removal (CPR):    -0.000ns

    Location             Delay type                Incr(ns)  Path(ns)    Netlist Resource(s)
  -------------------------------------------------------------------    -------------------
    U18                                               0.000     0.000 f  reset (IN)
                         net (fo=0)                   0.000     0.000    reset
    U18                  IBUF (Prop_ibuf_I_O)         0.210     0.210 f  reset_IBUF_inst/O
                         net (fo=23, routed)          0.810     1.019    vga/AR[0]
    SLICE_X3Y28          FDCE                                         f  vga/v_count_reg_reg[7]/CLR
  -------------------------------------------------------------------    -------------------

                         (clock sys_clk_pin rise edge)
                                                      0.000     0.000 r  
    W5                                                0.000     0.000 r  clk (IN)
                         net (fo=0)                   0.000     0.000    clk
    W5                   IBUF (Prop_ibuf_I_O)         0.414     0.414 r  clk_IBUF_inst/O
                         net (fo=1, routed)           0.685     1.099    clk_IBUF
    BUFGCTRL_X0Y0        BUFG (Prop_bufg_I_O)         0.029     1.128 r  clk_IBUF_BUFG_inst/O
                         net (fo=22, routed)          0.854     1.981    vga/CLK
    SLICE_X3Y28          FDCE                                         r  vga/v_count_reg_reg[7]/C





