TRACE::2026-06-01.14:16:25::SCWPlatform::Trying to open the hw design at D:/vivado_pj/workspace_blaze_w5500_2023/blaze_W5500Top_2023/hw/blaze_W5500Top_2023.xsa
TRACE::2026-06-01.14:16:25::SCWPlatform::DSA given D:/vivado_pj/workspace_blaze_w5500_2023/blaze_W5500Top_2023/hw/blaze_W5500Top_2023.xsa
TRACE::2026-06-01.14:16:25::SCWPlatform::DSA absoulate path D:/vivado_pj/workspace_blaze_w5500_2023/blaze_W5500Top_2023/hw/blaze_W5500Top_2023.xsa
TRACE::2026-06-01.14:16:25::SCWPlatform::DSA directory D:/vivado_pj/workspace_blaze_w5500_2023/blaze_W5500Top_2023/hw
TRACE::2026-06-01.14:16:25::SCWPlatform:: Platform Path D:/vivado_pj/workspace_blaze_w5500_2023/blaze_W5500Top_2023/hw/blaze_W5500Top_2023.xsa
TRACE::2026-06-01.14:16:25::SCWPlatform:: Unique name xilinx:::0.0
TRACE::2026-06-01.14:16:25::SCWPlatform::Do not have an existing db opened. 
TRACE::2026-06-01.14:16:25::SCWPlatform::Opened new HwDB with name blaze_W5500Top_0
TRACE::2026-06-01.14:16:25::SCWWriter::formatted JSON is {
	"platformName":	"blaze_W5500Top_2023",
	"sprVersion":	"2.0",
	"mode":	"gui",
	"dsaType":	"Fixed",
	"platformDesc":	"blaze_W5500Top_2023",
	"platHandOff":	"D:/blaze_w5500_2023/project_1/blaze_W5500Top_2023.xsa",
	"platIntHandOff":	"<platformDir>/hw/blaze_W5500Top_2023.xsa",
	"deviceType":	"FPGA",
	"platIsPrebuiltAutogen":	"false",
	"platIsNoBootBsp":	"false",
	"hasFsblMakeHasChanges":	"false",
	"hasPmufwMakeHasChanges":	"false",
	"platPreBuiltFlag":	false,
	"platformSamplesDir":	""
}
TRACE::2026-06-01.14:16:25::SCWWriter::formatted JSON is {
	"platformName":	"blaze_W5500Top_2023",
	"sprVersion":	"2.0",
	"mode":	"gui",
	"dsaType":	"Fixed",
	"platformDesc":	"blaze_W5500Top_2023",
	"platHandOff":	"D:/blaze_w5500_2023/project_1/blaze_W5500Top_2023.xsa",
	"platIntHandOff":	"<platformDir>/hw/blaze_W5500Top_2023.xsa",
	"deviceType":	"FPGA",
	"platIsPrebuiltAutogen":	"false",
	"platIsNoBootBsp":	"false",
	"hasFsblMakeHasChanges":	"false",
	"hasPmufwMakeHasChanges":	"false",
	"platPreBuiltFlag":	false,
	"platformSamplesDir":	"",
	"platActiveSys":	"blaze_W5500Top_2023",
	"systems":	[{
			"systemName":	"blaze_W5500Top_2023",
			"systemDesc":	"blaze_W5500Top_2023",
			"sysIsBootAutoGen":	"true",
			"systemDispName":	"blaze_W5500Top_2023"
		}]
}
TRACE::2026-06-01.14:16:25::SCWPlatform::Boot application domains not present, creating them
TRACE::2026-06-01.14:16:25::SCWPlatform::Pure FPGA device, no boot application will be created.
TRACE::2026-06-01.14:16:25::SCWWriter::formatted JSON is {
	"platformName":	"blaze_W5500Top_2023",
	"sprVersion":	"2.0",
	"mode":	"gui",
	"dsaType":	"Fixed",
	"platformDesc":	"blaze_W5500Top_2023",
	"platHandOff":	"D:/blaze_w5500_2023/project_1/blaze_W5500Top_2023.xsa",
	"platIntHandOff":	"<platformDir>/hw/blaze_W5500Top_2023.xsa",
	"deviceType":	"FPGA",
	"platIsPrebuiltAutogen":	"false",
	"platIsNoBootBsp":	"false",
	"hasFsblMakeHasChanges":	"false",
	"hasPmufwMakeHasChanges":	"false",
	"platPreBuiltFlag":	false,
	"platformSamplesDir":	"",
	"platActiveSys":	"blaze_W5500Top_2023",
	"systems":	[{
			"systemName":	"blaze_W5500Top_2023",
			"systemDesc":	"blaze_W5500Top_2023",
			"sysIsBootAutoGen":	"true",
			"systemDispName":	"blaze_W5500Top_2023"
		}]
}
TRACE::2026-06-01.14:16:25::SCWWriter::formatted JSON is {
	"platformName":	"blaze_W5500Top_2023",
	"sprVersion":	"2.0",
	"mode":	"gui",
	"dsaType":	"Fixed",
	"platformDesc":	"blaze_W5500Top_2023",
	"platHandOff":	"D:/blaze_w5500_2023/project_1/blaze_W5500Top_2023.xsa",
	"platIntHandOff":	"<platformDir>/hw/blaze_W5500Top_2023.xsa",
	"deviceType":	"FPGA",
	"platIsPrebuiltAutogen":	"false",
	"platIsNoBootBsp":	"false",
	"hasFsblMakeHasChanges":	"false",
	"hasPmufwMakeHasChanges":	"false",
	"platPreBuiltFlag":	false,
	"platformSamplesDir":	"",
	"platActiveSys":	"blaze_W5500Top_2023",
	"systems":	[{
			"systemName":	"blaze_W5500Top_2023",
			"systemDesc":	"blaze_W5500Top_2023",
			"sysIsBootAutoGen":	"true",
			"systemDispName":	"blaze_W5500Top_2023"
		}]
}
TRACE::2026-06-01.14:16:25::SCWPlatform::Trying to open the hw design at D:/vivado_pj/workspace_blaze_w5500_2023/blaze_W5500Top_2023/hw/blaze_W5500Top_2023.xsa
TRACE::2026-06-01.14:16:25::SCWPlatform::DSA given D:/vivado_pj/workspace_blaze_w5500_2023/blaze_W5500Top_2023/hw/blaze_W5500Top_2023.xsa
TRACE::2026-06-01.14:16:25::SCWPlatform::DSA absoulate path D:/vivado_pj/workspace_blaze_w5500_2023/blaze_W5500Top_2023/hw/blaze_W5500Top_2023.xsa
TRACE::2026-06-01.14:16:25::SCWPlatform::DSA directory D:/vivado_pj/workspace_blaze_w5500_2023/blaze_W5500Top_2023/hw
TRACE::2026-06-01.14:16:25::SCWPlatform:: Platform Path D:/vivado_pj/workspace_blaze_w5500_2023/blaze_W5500Top_2023/hw/blaze_W5500Top_2023.xsa
TRACE::2026-06-01.14:16:25::SCWPlatform:: Unique name xilinx:::0.0
TRACE::2026-06-01.14:16:25::SCWPlatform::Trying to set the existing hwdb with name blaze_W5500Top_0
TRACE::2026-06-01.14:16:25::SCWPlatform::Opened existing hwdb blaze_W5500Top_0
TRACE::2026-06-01.14:16:25::SCWPlatform::Found the Hw Db part of the input DSA
TRACE::2026-06-01.14:16:25::SCWPlatform::Trying to open the hw design at D:/vivado_pj/workspace_blaze_w5500_2023/blaze_W5500Top_2023/hw/blaze_W5500Top_2023.xsa
TRACE::2026-06-01.14:16:25::SCWPlatform::DSA given D:/vivado_pj/workspace_blaze_w5500_2023/blaze_W5500Top_2023/hw/blaze_W5500Top_2023.xsa
TRACE::2026-06-01.14:16:25::SCWPlatform::DSA absoulate path D:/vivado_pj/workspace_blaze_w5500_2023/blaze_W5500Top_2023/hw/blaze_W5500Top_2023.xsa
TRACE::2026-06-01.14:16:25::SCWPlatform::DSA directory D:/vivado_pj/workspace_blaze_w5500_2023/blaze_W5500Top_2023/hw
TRACE::2026-06-01.14:16:25::SCWPlatform:: Platform Path D:/vivado_pj/workspace_blaze_w5500_2023/blaze_W5500Top_2023/hw/blaze_W5500Top_2023.xsa
TRACE::2026-06-01.14:16:25::SCWPlatform:: Unique name xilinx:::0.0
TRACE::2026-06-01.14:16:25::SCWPlatform::Trying to set the existing hwdb with name blaze_W5500Top_0
TRACE::2026-06-01.14:16:25::SCWPlatform::Opened existing hwdb blaze_W5500Top_0
TRACE::2026-06-01.14:16:25::SCWPlatform::Found the Hw Db part of the input DSA
TRACE::2026-06-01.14:16:25::SCWDomain::checking for install qemu data   : 
TRACE::2026-06-01.14:16:25::SCWPlatform::Trying to open the hw design at D:/vivado_pj/workspace_blaze_w5500_2023/blaze_W5500Top_2023/hw/blaze_W5500Top_2023.xsa
TRACE::2026-06-01.14:16:25::SCWPlatform::DSA given D:/vivado_pj/workspace_blaze_w5500_2023/blaze_W5500Top_2023/hw/blaze_W5500Top_2023.xsa
TRACE::2026-06-01.14:16:25::SCWPlatform::DSA absoulate path D:/vivado_pj/workspace_blaze_w5500_2023/blaze_W5500Top_2023/hw/blaze_W5500Top_2023.xsa
TRACE::2026-06-01.14:16:25::SCWPlatform::DSA directory D:/vivado_pj/workspace_blaze_w5500_2023/blaze_W5500Top_2023/hw
TRACE::2026-06-01.14:16:25::SCWPlatform:: Platform Path D:/vivado_pj/workspace_blaze_w5500_2023/blaze_W5500Top_2023/hw/blaze_W5500Top_2023.xsa
TRACE::2026-06-01.14:16:25::SCWPlatform:: Unique name xilinx:::0.0
TRACE::2026-06-01.14:16:25::SCWPlatform::Trying to set the existing hwdb with name blaze_W5500Top_0
TRACE::2026-06-01.14:16:25::SCWPlatform::Opened existing hwdb blaze_W5500Top_0
TRACE::2026-06-01.14:16:25::SCWPlatform::Found the Hw Db part of the input DSA
TRACE::2026-06-01.14:16:25::SCWPlatform::Trying to open the hw design at D:/vivado_pj/workspace_blaze_w5500_2023/blaze_W5500Top_2023/hw/blaze_W5500Top_2023.xsa
TRACE::2026-06-01.14:16:25::SCWPlatform::DSA given D:/vivado_pj/workspace_blaze_w5500_2023/blaze_W5500Top_2023/hw/blaze_W5500Top_2023.xsa
TRACE::2026-06-01.14:16:25::SCWPlatform::DSA absoulate path D:/vivado_pj/workspace_blaze_w5500_2023/blaze_W5500Top_2023/hw/blaze_W5500Top_2023.xsa
TRACE::2026-06-01.14:16:25::SCWPlatform::DSA directory D:/vivado_pj/workspace_blaze_w5500_2023/blaze_W5500Top_2023/hw
TRACE::2026-06-01.14:16:25::SCWPlatform:: Platform Path D:/vivado_pj/workspace_blaze_w5500_2023/blaze_W5500Top_2023/hw/blaze_W5500Top_2023.xsa
TRACE::2026-06-01.14:16:25::SCWPlatform:: Unique name xilinx:::0.0
TRACE::2026-06-01.14:16:25::SCWPlatform::Trying to set the existing hwdb with name blaze_W5500Top_0
TRACE::2026-06-01.14:16:25::SCWPlatform::Opened existing hwdb blaze_W5500Top_0
TRACE::2026-06-01.14:16:25::SCWPlatform::Found the Hw Db part of the input DSA
TRACE::2026-06-01.14:16:25::SCWPlatform::Trying to open the hw design at D:/vivado_pj/workspace_blaze_w5500_2023/blaze_W5500Top_2023/hw/blaze_W5500Top_2023.xsa
TRACE::2026-06-01.14:16:25::SCWPlatform::DSA given D:/vivado_pj/workspace_blaze_w5500_2023/blaze_W5500Top_2023/hw/blaze_W5500Top_2023.xsa
TRACE::2026-06-01.14:16:25::SCWPlatform::DSA absoulate path D:/vivado_pj/workspace_blaze_w5500_2023/blaze_W5500Top_2023/hw/blaze_W5500Top_2023.xsa
TRACE::2026-06-01.14:16:25::SCWPlatform::DSA directory D:/vivado_pj/workspace_blaze_w5500_2023/blaze_W5500Top_2023/hw
TRACE::2026-06-01.14:16:25::SCWPlatform:: Platform Path D:/vivado_pj/workspace_blaze_w5500_2023/blaze_W5500Top_2023/hw/blaze_W5500Top_2023.xsa
TRACE::2026-06-01.14:16:25::SCWPlatform:: Unique name xilinx:::0.0
TRACE::2026-06-01.14:16:25::SCWPlatform::Trying to set the existing hwdb with name blaze_W5500Top_0
TRACE::2026-06-01.14:16:25::SCWPlatform::Opened existing hwdb blaze_W5500Top_0
TRACE::2026-06-01.14:16:25::SCWPlatform::Found the Hw Db part of the input DSA
TRACE::2026-06-01.14:16:25::SCWMssOS::Checking the sw design at  D:/vivado_pj/workspace_blaze_w5500_2023/blaze_W5500Top_2023/microblaze_0/standalone_microblaze_0/bsp/system.mss
TRACE::2026-06-01.14:16:25::SCWMssOS::DEBUG:  swdes dump  
TRACE::2026-06-01.14:16:25::SCWMssOS::No sw design opened at  D:/vivado_pj/workspace_blaze_w5500_2023/blaze_W5500Top_2023/microblaze_0/standalone_microblaze_0/bsp/system.mss
TRACE::2026-06-01.14:16:25::SCWMssOS::mss does not exists at D:/vivado_pj/workspace_blaze_w5500_2023/blaze_W5500Top_2023/microblaze_0/standalone_microblaze_0/bsp/system.mss
TRACE::2026-06-01.14:16:25::SCWMssOS::Creating sw design at  D:/vivado_pj/workspace_blaze_w5500_2023/blaze_W5500Top_2023/microblaze_0/standalone_microblaze_0/bsp/system.mss
TRACE::2026-06-01.14:16:25::SCWMssOS::Adding the swdes entry, created swdb D:/vivado_pj/workspace_blaze_w5500_2023/blaze_W5500Top_2023/microblaze_0/standalone_microblaze_0/bsp/system.mss with des name D:/vivado_pj/workspace_blaze_w5500_2023/blaze_W5500Top_2023/microblaze_0/standalone_microblaze_0/bsp/system.mss
TRACE::2026-06-01.14:16:25::SCWMssOS::updating the scw layer changes to swdes at   D:/vivado_pj/workspace_blaze_w5500_2023/blaze_W5500Top_2023/microblaze_0/standalone_microblaze_0/bsp/system.mss
TRACE::2026-06-01.14:16:25::SCWMssOS::Writing mss at D:/vivado_pj/workspace_blaze_w5500_2023/blaze_W5500Top_2023/microblaze_0/standalone_microblaze_0/bsp/system.mss
TRACE::2026-06-01.14:16:25::SCWMssOS::Completed writing the mss file at D:/vivado_pj/workspace_blaze_w5500_2023/blaze_W5500Top_2023/microblaze_0/standalone_microblaze_0/bsp
TRACE::2026-06-01.14:16:25::SCWMssOS::Picking up changes from newly written mss file into SCW Layer. 
TRACE::2026-06-01.14:16:25::SCWMssOS::Updated the changes from newly written mss file into SCW Layer. 
TRACE::2026-06-01.14:16:25::SCWMssOS::Completed writing the mss file at D:/vivado_pj/workspace_blaze_w5500_2023/blaze_W5500Top_2023/microblaze_0/standalone_microblaze_0/bsp
TRACE::2026-06-01.14:16:25::SCWMssOS::Forcing BSP Sources regeneration.
TRACE::2026-06-01.14:16:27::SCWMssOS::Saving the mss changes D:/vivado_pj/workspace_blaze_w5500_2023/blaze_W5500Top_2023/microblaze_0/standalone_microblaze_0/bsp/system.mss
TRACE::2026-06-01.14:16:27::SCWMssOS::Adding the swdes entry, mss present, able to open swdb D:/vivado_pj/workspace_blaze_w5500_2023/blaze_W5500Top_2023/microblaze_0/standalone_microblaze_0/bsp/system.mss with des name system
TRACE::2026-06-01.14:16:27::SCWMssOS::Writing the mss file completed D:/vivado_pj/workspace_blaze_w5500_2023/blaze_W5500Top_2023/microblaze_0/standalone_microblaze_0/bsp/system.mss
TRACE::2026-06-01.14:16:27::SCWMssOS::Commit changes completed.
TRACE::2026-06-01.14:16:27::SCWPlatform::Trying to open the hw design at D:/vivado_pj/workspace_blaze_w5500_2023/blaze_W5500Top_2023/hw/blaze_W5500Top_2023.xsa
TRACE::2026-06-01.14:16:27::SCWPlatform::DSA given D:/vivado_pj/workspace_blaze_w5500_2023/blaze_W5500Top_2023/hw/blaze_W5500Top_2023.xsa
TRACE::2026-06-01.14:16:27::SCWPlatform::DSA absoulate path D:/vivado_pj/workspace_blaze_w5500_2023/blaze_W5500Top_2023/hw/blaze_W5500Top_2023.xsa
TRACE::2026-06-01.14:16:27::SCWPlatform::DSA directory D:/vivado_pj/workspace_blaze_w5500_2023/blaze_W5500Top_2023/hw
TRACE::2026-06-01.14:16:27::SCWPlatform:: Platform Path D:/vivado_pj/workspace_blaze_w5500_2023/blaze_W5500Top_2023/hw/blaze_W5500Top_2023.xsa
TRACE::2026-06-01.14:16:27::SCWPlatform:: Unique name xilinx:::0.0
TRACE::2026-06-01.14:16:27::SCWPlatform::Trying to set the existing hwdb with name blaze_W5500Top_0
TRACE::2026-06-01.14:16:27::SCWPlatform::Opened existing hwdb blaze_W5500Top_0
TRACE::2026-06-01.14:16:27::SCWPlatform::Found the Hw Db part of the input DSA
TRACE::2026-06-01.14:16:27::SCWMssOS::Checking the sw design at  D:/vivado_pj/workspace_blaze_w5500_2023/blaze_W5500Top_2023/microblaze_0/standalone_microblaze_0/bsp/system.mss
TRACE::2026-06-01.14:16:27::SCWMssOS::DEBUG:  swdes dump  D:/vivado_pj/workspace_blaze_w5500_2023/blaze_W5500Top_2023/microblaze_0/standalone_microblaze_0/bsp/system.mss|system||

TRACE::2026-06-01.14:16:27::SCWMssOS::Sw design exists and opened at  D:/vivado_pj/workspace_blaze_w5500_2023/blaze_W5500Top_2023/microblaze_0/standalone_microblaze_0/bsp/system.mss
TRACE::2026-06-01.14:16:27::SCWPlatform::Trying to open the hw design at D:/vivado_pj/workspace_blaze_w5500_2023/blaze_W5500Top_2023/hw/blaze_W5500Top_2023.xsa
TRACE::2026-06-01.14:16:27::SCWPlatform::DSA given D:/vivado_pj/workspace_blaze_w5500_2023/blaze_W5500Top_2023/hw/blaze_W5500Top_2023.xsa
TRACE::2026-06-01.14:16:27::SCWPlatform::DSA absoulate path D:/vivado_pj/workspace_blaze_w5500_2023/blaze_W5500Top_2023/hw/blaze_W5500Top_2023.xsa
TRACE::2026-06-01.14:16:27::SCWPlatform::DSA directory D:/vivado_pj/workspace_blaze_w5500_2023/blaze_W5500Top_2023/hw
TRACE::2026-06-01.14:16:27::SCWPlatform:: Platform Path D:/vivado_pj/workspace_blaze_w5500_2023/blaze_W5500Top_2023/hw/blaze_W5500Top_2023.xsa
TRACE::2026-06-01.14:16:27::SCWPlatform:: Unique name xilinx:::0.0
TRACE::2026-06-01.14:16:27::SCWPlatform::Trying to set the existing hwdb with name blaze_W5500Top_0
TRACE::2026-06-01.14:16:27::SCWPlatform::Opened existing hwdb blaze_W5500Top_0
TRACE::2026-06-01.14:16:27::SCWPlatform::Found the Hw Db part of the input DSA
TRACE::2026-06-01.14:16:27::SCWMssOS::Checking the sw design at  D:/vivado_pj/workspace_blaze_w5500_2023/blaze_W5500Top_2023/microblaze_0/standalone_microblaze_0/bsp/system.mss
TRACE::2026-06-01.14:16:27::SCWMssOS::DEBUG:  swdes dump  D:/vivado_pj/workspace_blaze_w5500_2023/blaze_W5500Top_2023/microblaze_0/standalone_microblaze_0/bsp/system.mss|system||

TRACE::2026-06-01.14:16:27::SCWMssOS::Sw design exists and opened at  D:/vivado_pj/workspace_blaze_w5500_2023/blaze_W5500Top_2023/microblaze_0/standalone_microblaze_0/bsp/system.mss
TRACE::2026-06-01.14:16:27::SCWPlatform::Trying to open the hw design at D:/vivado_pj/workspace_blaze_w5500_2023/blaze_W5500Top_2023/hw/blaze_W5500Top_2023.xsa
TRACE::2026-06-01.14:16:27::SCWPlatform::DSA given D:/vivado_pj/workspace_blaze_w5500_2023/blaze_W5500Top_2023/hw/blaze_W5500Top_2023.xsa
TRACE::2026-06-01.14:16:27::SCWPlatform::DSA absoulate path D:/vivado_pj/workspace_blaze_w5500_2023/blaze_W5500Top_2023/hw/blaze_W5500Top_2023.xsa
TRACE::2026-06-01.14:16:27::SCWPlatform::DSA directory D:/vivado_pj/workspace_blaze_w5500_2023/blaze_W5500Top_2023/hw
TRACE::2026-06-01.14:16:27::SCWPlatform:: Platform Path D:/vivado_pj/workspace_blaze_w5500_2023/blaze_W5500Top_2023/hw/blaze_W5500Top_2023.xsa
TRACE::2026-06-01.14:16:27::SCWPlatform:: Unique name xilinx:::0.0
TRACE::2026-06-01.14:16:27::SCWPlatform::Trying to set the existing hwdb with name blaze_W5500Top_0
TRACE::2026-06-01.14:16:27::SCWPlatform::Opened existing hwdb blaze_W5500Top_0
TRACE::2026-06-01.14:16:27::SCWPlatform::Found the Hw Db part of the input DSA
TRACE::2026-06-01.14:16:27::SCWMssOS::Checking the sw design at  D:/vivado_pj/workspace_blaze_w5500_2023/blaze_W5500Top_2023/microblaze_0/standalone_microblaze_0/bsp/system.mss
TRACE::2026-06-01.14:16:27::SCWMssOS::DEBUG:  swdes dump  D:/vivado_pj/workspace_blaze_w5500_2023/blaze_W5500Top_2023/microblaze_0/standalone_microblaze_0/bsp/system.mss|system||

TRACE::2026-06-01.14:16:27::SCWMssOS::Sw design exists and opened at  D:/vivado_pj/workspace_blaze_w5500_2023/blaze_W5500Top_2023/microblaze_0/standalone_microblaze_0/bsp/system.mss
TRACE::2026-06-01.14:16:27::SCWWriter::formatted JSON is {
	"platformName":	"blaze_W5500Top_2023",
	"sprVersion":	"2.0",
	"mode":	"gui",
	"dsaType":	"Fixed",
	"platformDesc":	"blaze_W5500Top_2023",
	"platHandOff":	"D:/blaze_w5500_2023/project_1/blaze_W5500Top_2023.xsa",
	"platIntHandOff":	"<platformDir>/hw/blaze_W5500Top_2023.xsa",
	"deviceType":	"FPGA",
	"platIsPrebuiltAutogen":	"false",
	"platIsNoBootBsp":	"false",
	"hasFsblMakeHasChanges":	"false",
	"hasPmufwMakeHasChanges":	"false",
	"platPreBuiltFlag":	false,
	"platformSamplesDir":	"",
	"platActiveSys":	"blaze_W5500Top_2023",
	"systems":	[{
			"systemName":	"blaze_W5500Top_2023",
			"systemDesc":	"blaze_W5500Top_2023",
			"sysIsBootAutoGen":	"true",
			"systemDispName":	"blaze_W5500Top_2023",
			"sysActiveDom":	"standalone_microblaze_0",
			"sysDefaultDom":	"standalone_microblaze_0",
			"domains":	[{
					"domainName":	"standalone_microblaze_0",
					"domainDispName":	"standalone_microblaze_0",
					"domainDesc":	"standalone_microblaze_0",
					"processors":	"microblaze_0",
					"os":	"standalone",
					"sdxOs":	"standalone",
					"debugEnable":	"False",
					"domRuntimes":	["cpp"],
					"swRepo":	"",
					"mssOsVer":	"8.1",
					"mssFile":	"",
					"md5Digest":	"0a168e5df40a7ed176c00065c5e90003",
					"compatibleApp":	"hello_world",
					"domType":	"mssDomain",
					"arch":	"32-bit",
					"appSettings":	{
						"appCompilerFlags":	"",
						"appLinkerFlags":	""
					},
					"addedLibs":	[],
					"libOptions":	{
						"libsContainingOptions":	[]
					},
					"prebuiltLibs":	{
						"prebuiltIncPath":	[],
						"prebuiltLibPath":	[]
					},
					"isolation":	{
					}
				}]
		}]
}
LOG::2026-06-01.14:16:27::SCWPlatform::Started generating the artifacts platform blaze_W5500Top_2023
TRACE::2026-06-01.14:16:27::SCWPlatform::Sanity checking of platform is completed
LOG::2026-06-01.14:16:27::SCWPlatform::Started generating the artifacts for system configuration blaze_W5500Top_2023
LOG::2026-06-01.14:16:27::SCWSystem::Checking the domain standalone_microblaze_0
LOG::2026-06-01.14:16:27::SCWSystem::Not a boot domain 
LOG::2026-06-01.14:16:27::SCWSystem::Started Processing the domain standalone_microblaze_0
TRACE::2026-06-01.14:16:27::SCWDomain::Generating domain artifcats
TRACE::2026-06-01.14:16:27::SCWMssOS::Generating standalone artifcats
TRACE::2026-06-01.14:16:27::SCWMssOS:: Copying the user libraries. 
TRACE::2026-06-01.14:16:27::SCWPlatform::Trying to open the hw design at D:/vivado_pj/workspace_blaze_w5500_2023/blaze_W5500Top_2023/hw/blaze_W5500Top_2023.xsa
TRACE::2026-06-01.14:16:27::SCWPlatform::DSA given D:/vivado_pj/workspace_blaze_w5500_2023/blaze_W5500Top_2023/hw/blaze_W5500Top_2023.xsa
TRACE::2026-06-01.14:16:27::SCWPlatform::DSA absoulate path D:/vivado_pj/workspace_blaze_w5500_2023/blaze_W5500Top_2023/hw/blaze_W5500Top_2023.xsa
TRACE::2026-06-01.14:16:27::SCWPlatform::DSA directory D:/vivado_pj/workspace_blaze_w5500_2023/blaze_W5500Top_2023/hw
TRACE::2026-06-01.14:16:27::SCWPlatform:: Platform Path D:/vivado_pj/workspace_blaze_w5500_2023/blaze_W5500Top_2023/hw/blaze_W5500Top_2023.xsa
TRACE::2026-06-01.14:16:27::SCWPlatform:: Unique name xilinx:::0.0
TRACE::2026-06-01.14:16:27::SCWPlatform::Trying to set the existing hwdb with name blaze_W5500Top_0
TRACE::2026-06-01.14:16:27::SCWPlatform::Opened existing hwdb blaze_W5500Top_0
TRACE::2026-06-01.14:16:27::SCWPlatform::Found the Hw Db part of the input DSA
TRACE::2026-06-01.14:16:27::SCWMssOS::Checking the sw design at  D:/vivado_pj/workspace_blaze_w5500_2023/blaze_W5500Top_2023/microblaze_0/standalone_microblaze_0/bsp/system.mss
TRACE::2026-06-01.14:16:27::SCWMssOS::DEBUG:  swdes dump  D:/vivado_pj/workspace_blaze_w5500_2023/blaze_W5500Top_2023/microblaze_0/standalone_microblaze_0/bsp/system.mss|system||

TRACE::2026-06-01.14:16:27::SCWMssOS::Sw design exists and opened at  D:/vivado_pj/workspace_blaze_w5500_2023/blaze_W5500Top_2023/microblaze_0/standalone_microblaze_0/bsp/system.mss
TRACE::2026-06-01.14:16:27::SCWMssOS::Completed writing the mss file at D:/vivado_pj/workspace_blaze_w5500_2023/blaze_W5500Top_2023/microblaze_0/standalone_microblaze_0/bsp
TRACE::2026-06-01.14:16:27::SCWMssOS::Mss edits present, copying mssfile into export location D:/vivado_pj/workspace_blaze_w5500_2023/blaze_W5500Top_2023/microblaze_0/standalone_microblaze_0/bsp/system.mss
TRACE::2026-06-01.14:16:27::SCWMssOS::bsp generated is upto date with the mss file. Skipping bsp generation.
TRACE::2026-06-01.14:16:27::SCWMssOS::BSP is already built. skipping the bsp build ... 
TRACE::2026-06-01.14:16:27::SCWDomain::Skipping the build for domain :  standalone_microblaze_0
TRACE::2026-06-01.14:16:27::SCWMssOS::skipping the bsp build ... 
TRACE::2026-06-01.14:16:27::SCWMssOS::Copying to export directory.
TRACE::2026-06-01.14:16:27::SCWMssOS:: Checking if to create the Supporting Applications
TRACE::2026-06-01.14:16:27::SCWMssOS:: No Linux domain exists, trying to generate FSBL 
LOG::2026-06-01.14:16:27::SCWSystem::Completed Processing the domain standalone_microblaze_0
LOG::2026-06-01.14:16:27::SCWSystem::Completed Processing the sysconfig blaze_W5500Top_2023
LOG::2026-06-01.14:16:27::SCWPlatform::Completed generating the artifacts for system configuration blaze_W5500Top_2023
TRACE::2026-06-01.14:16:27::SCWPlatform::Started preparing the platform 
TRACE::2026-06-01.14:16:27::SCWSystem::Writing the bif file for system config blaze_W5500Top_2023
TRACE::2026-06-01.14:16:27::SCWSystem::dir created 
TRACE::2026-06-01.14:16:27::SCWSystem::Writing the bif 
TRACE::2026-06-01.14:16:27::SCWPlatform::Started writing the spfm file 
TRACE::2026-06-01.14:16:27::SCWPlatform::Started writing the xpfm file 
TRACE::2026-06-01.14:16:27::SCWPlatform::Completed generating the platform
TRACE::2026-06-01.14:16:27::SCWMssOS::Saving the mss changes D:/vivado_pj/workspace_blaze_w5500_2023/blaze_W5500Top_2023/microblaze_0/standalone_microblaze_0/bsp/system.mss
TRACE::2026-06-01.14:16:27::SCWMssOS::Found a swdesign opened with the mssfile.
TRACE::2026-06-01.14:16:27::SCWMssOS::Completed writemss as part of save.
TRACE::2026-06-01.14:16:27::SCWMssOS::Commit changes completed.
TRACE::2026-06-01.14:16:27::SCWPlatform::Trying to open the hw design at D:/vivado_pj/workspace_blaze_w5500_2023/blaze_W5500Top_2023/hw/blaze_W5500Top_2023.xsa
TRACE::2026-06-01.14:16:27::SCWPlatform::DSA given D:/vivado_pj/workspace_blaze_w5500_2023/blaze_W5500Top_2023/hw/blaze_W5500Top_2023.xsa
TRACE::2026-06-01.14:16:27::SCWPlatform::DSA absoulate path D:/vivado_pj/workspace_blaze_w5500_2023/blaze_W5500Top_2023/hw/blaze_W5500Top_2023.xsa
TRACE::2026-06-01.14:16:27::SCWPlatform::DSA directory D:/vivado_pj/workspace_blaze_w5500_2023/blaze_W5500Top_2023/hw
TRACE::2026-06-01.14:16:27::SCWPlatform:: Platform Path D:/vivado_pj/workspace_blaze_w5500_2023/blaze_W5500Top_2023/hw/blaze_W5500Top_2023.xsa
TRACE::2026-06-01.14:16:27::SCWPlatform:: Unique name xilinx:::0.0
TRACE::2026-06-01.14:16:27::SCWPlatform::Trying to set the existing hwdb with name blaze_W5500Top_0
TRACE::2026-06-01.14:16:27::SCWPlatform::Opened existing hwdb blaze_W5500Top_0
TRACE::2026-06-01.14:16:27::SCWPlatform::Found the Hw Db part of the input DSA
TRACE::2026-06-01.14:16:27::SCWMssOS::Checking the sw design at  D:/vivado_pj/workspace_blaze_w5500_2023/blaze_W5500Top_2023/microblaze_0/standalone_microblaze_0/bsp/system.mss
TRACE::2026-06-01.14:16:27::SCWMssOS::DEBUG:  swdes dump  D:/vivado_pj/workspace_blaze_w5500_2023/blaze_W5500Top_2023/microblaze_0/standalone_microblaze_0/bsp/system.mss|system||

TRACE::2026-06-01.14:16:27::SCWMssOS::Sw design exists and opened at  D:/vivado_pj/workspace_blaze_w5500_2023/blaze_W5500Top_2023/microblaze_0/standalone_microblaze_0/bsp/system.mss
TRACE::2026-06-01.14:16:27::SCWPlatform::Trying to open the hw design at D:/vivado_pj/workspace_blaze_w5500_2023/blaze_W5500Top_2023/hw/blaze_W5500Top_2023.xsa
TRACE::2026-06-01.14:16:27::SCWPlatform::DSA given D:/vivado_pj/workspace_blaze_w5500_2023/blaze_W5500Top_2023/hw/blaze_W5500Top_2023.xsa
TRACE::2026-06-01.14:16:27::SCWPlatform::DSA absoulate path D:/vivado_pj/workspace_blaze_w5500_2023/blaze_W5500Top_2023/hw/blaze_W5500Top_2023.xsa
TRACE::2026-06-01.14:16:27::SCWPlatform::DSA directory D:/vivado_pj/workspace_blaze_w5500_2023/blaze_W5500Top_2023/hw
TRACE::2026-06-01.14:16:27::SCWPlatform:: Platform Path D:/vivado_pj/workspace_blaze_w5500_2023/blaze_W5500Top_2023/hw/blaze_W5500Top_2023.xsa
TRACE::2026-06-01.14:16:27::SCWPlatform:: Unique name xilinx:::0.0
TRACE::2026-06-01.14:16:27::SCWPlatform::Trying to set the existing hwdb with name blaze_W5500Top_0
TRACE::2026-06-01.14:16:27::SCWPlatform::Opened existing hwdb blaze_W5500Top_0
TRACE::2026-06-01.14:16:27::SCWPlatform::Found the Hw Db part of the input DSA
TRACE::2026-06-01.14:16:27::SCWMssOS::Checking the sw design at  D:/vivado_pj/workspace_blaze_w5500_2023/blaze_W5500Top_2023/microblaze_0/standalone_microblaze_0/bsp/system.mss
TRACE::2026-06-01.14:16:27::SCWMssOS::DEBUG:  swdes dump  D:/vivado_pj/workspace_blaze_w5500_2023/blaze_W5500Top_2023/microblaze_0/standalone_microblaze_0/bsp/system.mss|system||

TRACE::2026-06-01.14:16:27::SCWMssOS::Sw design exists and opened at  D:/vivado_pj/workspace_blaze_w5500_2023/blaze_W5500Top_2023/microblaze_0/standalone_microblaze_0/bsp/system.mss
TRACE::2026-06-01.14:16:27::SCWPlatform::Trying to open the hw design at D:/vivado_pj/workspace_blaze_w5500_2023/blaze_W5500Top_2023/hw/blaze_W5500Top_2023.xsa
TRACE::2026-06-01.14:16:27::SCWPlatform::DSA given D:/vivado_pj/workspace_blaze_w5500_2023/blaze_W5500Top_2023/hw/blaze_W5500Top_2023.xsa
TRACE::2026-06-01.14:16:27::SCWPlatform::DSA absoulate path D:/vivado_pj/workspace_blaze_w5500_2023/blaze_W5500Top_2023/hw/blaze_W5500Top_2023.xsa
TRACE::2026-06-01.14:16:27::SCWPlatform::DSA directory D:/vivado_pj/workspace_blaze_w5500_2023/blaze_W5500Top_2023/hw
TRACE::2026-06-01.14:16:27::SCWPlatform:: Platform Path D:/vivado_pj/workspace_blaze_w5500_2023/blaze_W5500Top_2023/hw/blaze_W5500Top_2023.xsa
TRACE::2026-06-01.14:16:27::SCWPlatform:: Unique name xilinx:::0.0
TRACE::2026-06-01.14:16:27::SCWPlatform::Trying to set the existing hwdb with name blaze_W5500Top_0
TRACE::2026-06-01.14:16:27::SCWPlatform::Opened existing hwdb blaze_W5500Top_0
TRACE::2026-06-01.14:16:27::SCWPlatform::Found the Hw Db part of the input DSA
TRACE::2026-06-01.14:16:27::SCWMssOS::Checking the sw design at  D:/vivado_pj/workspace_blaze_w5500_2023/blaze_W5500Top_2023/microblaze_0/standalone_microblaze_0/bsp/system.mss
TRACE::2026-06-01.14:16:27::SCWMssOS::DEBUG:  swdes dump  D:/vivado_pj/workspace_blaze_w5500_2023/blaze_W5500Top_2023/microblaze_0/standalone_microblaze_0/bsp/system.mss|system||

TRACE::2026-06-01.14:16:27::SCWMssOS::Sw design exists and opened at  D:/vivado_pj/workspace_blaze_w5500_2023/blaze_W5500Top_2023/microblaze_0/standalone_microblaze_0/bsp/system.mss
TRACE::2026-06-01.14:16:27::SCWWriter::formatted JSON is {
	"platformName":	"blaze_W5500Top_2023",
	"sprVersion":	"2.0",
	"mode":	"gui",
	"dsaType":	"Fixed",
	"platformDesc":	"blaze_W5500Top_2023",
	"platHandOff":	"D:/blaze_w5500_2023/project_1/blaze_W5500Top_2023.xsa",
	"platIntHandOff":	"<platformDir>/hw/blaze_W5500Top_2023.xsa",
	"deviceType":	"FPGA",
	"platIsPrebuiltAutogen":	"false",
	"platIsNoBootBsp":	"false",
	"hasFsblMakeHasChanges":	"false",
	"hasPmufwMakeHasChanges":	"false",
	"platPreBuiltFlag":	false,
	"platformSamplesDir":	"",
	"platActiveSys":	"blaze_W5500Top_2023",
	"systems":	[{
			"systemName":	"blaze_W5500Top_2023",
			"systemDesc":	"blaze_W5500Top_2023",
			"sysIsBootAutoGen":	"true",
			"systemDispName":	"blaze_W5500Top_2023",
			"sysActiveDom":	"standalone_microblaze_0",
			"sysDefaultDom":	"standalone_microblaze_0",
			"domains":	[{
					"domainName":	"standalone_microblaze_0",
					"domainDispName":	"standalone_microblaze_0",
					"domainDesc":	"standalone_microblaze_0",
					"processors":	"microblaze_0",
					"os":	"standalone",
					"sdxOs":	"standalone",
					"debugEnable":	"False",
					"domRuntimes":	["cpp"],
					"swRepo":	"",
					"mssOsVer":	"8.1",
					"mssFile":	"",
					"md5Digest":	"0a168e5df40a7ed176c00065c5e90003",
					"compatibleApp":	"hello_world",
					"domType":	"mssDomain",
					"arch":	"32-bit",
					"appSettings":	{
						"appCompilerFlags":	"",
						"appLinkerFlags":	""
					},
					"addedLibs":	[],
					"libOptions":	{
						"libsContainingOptions":	[]
					},
					"prebuiltLibs":	{
						"prebuiltIncPath":	[],
						"prebuiltLibPath":	[]
					},
					"isolation":	{
					}
				}]
		}]
}
KEYINFO::2026-06-01.14:16:27::SCWPlatform::updated the xpfm file.
TRACE::2026-06-01.14:16:28::SCWPlatform::Trying to open the hw design at D:/vivado_pj/workspace_blaze_w5500_2023/blaze_W5500Top_2023/hw/blaze_W5500Top_2023.xsa
TRACE::2026-06-01.14:16:28::SCWPlatform::DSA given D:/vivado_pj/workspace_blaze_w5500_2023/blaze_W5500Top_2023/hw/blaze_W5500Top_2023.xsa
TRACE::2026-06-01.14:16:28::SCWPlatform::DSA absoulate path D:/vivado_pj/workspace_blaze_w5500_2023/blaze_W5500Top_2023/hw/blaze_W5500Top_2023.xsa
TRACE::2026-06-01.14:16:28::SCWPlatform::DSA directory D:/vivado_pj/workspace_blaze_w5500_2023/blaze_W5500Top_2023/hw
TRACE::2026-06-01.14:16:28::SCWPlatform:: Platform Path D:/vivado_pj/workspace_blaze_w5500_2023/blaze_W5500Top_2023/hw/blaze_W5500Top_2023.xsa
TRACE::2026-06-01.14:16:28::SCWPlatform:: Unique name xilinx:::0.0
TRACE::2026-06-01.14:16:28::SCWPlatform::Trying to set the existing hwdb with name blaze_W5500Top_0
TRACE::2026-06-01.14:16:28::SCWPlatform::Opened existing hwdb blaze_W5500Top_0
TRACE::2026-06-01.14:16:28::SCWPlatform::Found the Hw Db part of the input DSA
TRACE::2026-06-01.14:16:28::SCWMssOS::Checking the sw design at  D:/vivado_pj/workspace_blaze_w5500_2023/blaze_W5500Top_2023/microblaze_0/standalone_microblaze_0/bsp/system.mss
TRACE::2026-06-01.14:16:28::SCWMssOS::DEBUG:  swdes dump  D:/vivado_pj/workspace_blaze_w5500_2023/blaze_W5500Top_2023/microblaze_0/standalone_microblaze_0/bsp/system.mss|system||

TRACE::2026-06-01.14:16:28::SCWMssOS::Sw design exists and opened at  D:/vivado_pj/workspace_blaze_w5500_2023/blaze_W5500Top_2023/microblaze_0/standalone_microblaze_0/bsp/system.mss
TRACE::2026-06-01.14:16:28::SCWMssOS::Saving the mss changes D:/vivado_pj/workspace_blaze_w5500_2023/blaze_W5500Top_2023/microblaze_0/standalone_microblaze_0/bsp/system.mss
TRACE::2026-06-01.14:16:28::SCWMssOS::Found a swdesign opened with the mssfile.
TRACE::2026-06-01.14:16:28::SCWMssOS::Completed writemss as part of save.
TRACE::2026-06-01.14:16:28::SCWMssOS::Commit changes completed.
TRACE::2026-06-01.14:16:28::SCWPlatform::Trying to open the hw design at D:/vivado_pj/workspace_blaze_w5500_2023/blaze_W5500Top_2023/hw/blaze_W5500Top_2023.xsa
TRACE::2026-06-01.14:16:28::SCWPlatform::DSA given D:/vivado_pj/workspace_blaze_w5500_2023/blaze_W5500Top_2023/hw/blaze_W5500Top_2023.xsa
TRACE::2026-06-01.14:16:28::SCWPlatform::DSA absoulate path D:/vivado_pj/workspace_blaze_w5500_2023/blaze_W5500Top_2023/hw/blaze_W5500Top_2023.xsa
TRACE::2026-06-01.14:16:28::SCWPlatform::DSA directory D:/vivado_pj/workspace_blaze_w5500_2023/blaze_W5500Top_2023/hw
TRACE::2026-06-01.14:16:28::SCWPlatform:: Platform Path D:/vivado_pj/workspace_blaze_w5500_2023/blaze_W5500Top_2023/hw/blaze_W5500Top_2023.xsa
TRACE::2026-06-01.14:16:28::SCWPlatform:: Unique name xilinx:::0.0
TRACE::2026-06-01.14:16:28::SCWPlatform::Trying to set the existing hwdb with name blaze_W5500Top_0
TRACE::2026-06-01.14:16:28::SCWPlatform::Opened existing hwdb blaze_W5500Top_0
TRACE::2026-06-01.14:16:28::SCWPlatform::Found the Hw Db part of the input DSA
TRACE::2026-06-01.14:16:28::SCWMssOS::Checking the sw design at  D:/vivado_pj/workspace_blaze_w5500_2023/blaze_W5500Top_2023/microblaze_0/standalone_microblaze_0/bsp/system.mss
TRACE::2026-06-01.14:16:28::SCWMssOS::DEBUG:  swdes dump  D:/vivado_pj/workspace_blaze_w5500_2023/blaze_W5500Top_2023/microblaze_0/standalone_microblaze_0/bsp/system.mss|system||

TRACE::2026-06-01.14:16:28::SCWMssOS::Sw design exists and opened at  D:/vivado_pj/workspace_blaze_w5500_2023/blaze_W5500Top_2023/microblaze_0/standalone_microblaze_0/bsp/system.mss
TRACE::2026-06-01.14:16:28::SCWPlatform::Trying to open the hw design at D:/vivado_pj/workspace_blaze_w5500_2023/blaze_W5500Top_2023/hw/blaze_W5500Top_2023.xsa
TRACE::2026-06-01.14:16:28::SCWPlatform::DSA given D:/vivado_pj/workspace_blaze_w5500_2023/blaze_W5500Top_2023/hw/blaze_W5500Top_2023.xsa
TRACE::2026-06-01.14:16:28::SCWPlatform::DSA absoulate path D:/vivado_pj/workspace_blaze_w5500_2023/blaze_W5500Top_2023/hw/blaze_W5500Top_2023.xsa
TRACE::2026-06-01.14:16:28::SCWPlatform::DSA directory D:/vivado_pj/workspace_blaze_w5500_2023/blaze_W5500Top_2023/hw
TRACE::2026-06-01.14:16:28::SCWPlatform:: Platform Path D:/vivado_pj/workspace_blaze_w5500_2023/blaze_W5500Top_2023/hw/blaze_W5500Top_2023.xsa
TRACE::2026-06-01.14:16:28::SCWPlatform:: Unique name xilinx:::0.0
TRACE::2026-06-01.14:16:28::SCWPlatform::Trying to set the existing hwdb with name blaze_W5500Top_0
TRACE::2026-06-01.14:16:28::SCWPlatform::Opened existing hwdb blaze_W5500Top_0
TRACE::2026-06-01.14:16:28::SCWPlatform::Found the Hw Db part of the input DSA
TRACE::2026-06-01.14:16:28::SCWMssOS::Checking the sw design at  D:/vivado_pj/workspace_blaze_w5500_2023/blaze_W5500Top_2023/microblaze_0/standalone_microblaze_0/bsp/system.mss
TRACE::2026-06-01.14:16:28::SCWMssOS::DEBUG:  swdes dump  D:/vivado_pj/workspace_blaze_w5500_2023/blaze_W5500Top_2023/microblaze_0/standalone_microblaze_0/bsp/system.mss|system||

TRACE::2026-06-01.14:16:28::SCWMssOS::Sw design exists and opened at  D:/vivado_pj/workspace_blaze_w5500_2023/blaze_W5500Top_2023/microblaze_0/standalone_microblaze_0/bsp/system.mss
TRACE::2026-06-01.14:16:28::SCWPlatform::Trying to open the hw design at D:/vivado_pj/workspace_blaze_w5500_2023/blaze_W5500Top_2023/hw/blaze_W5500Top_2023.xsa
TRACE::2026-06-01.14:16:28::SCWPlatform::DSA given D:/vivado_pj/workspace_blaze_w5500_2023/blaze_W5500Top_2023/hw/blaze_W5500Top_2023.xsa
TRACE::2026-06-01.14:16:28::SCWPlatform::DSA absoulate path D:/vivado_pj/workspace_blaze_w5500_2023/blaze_W5500Top_2023/hw/blaze_W5500Top_2023.xsa
TRACE::2026-06-01.14:16:28::SCWPlatform::DSA directory D:/vivado_pj/workspace_blaze_w5500_2023/blaze_W5500Top_2023/hw
TRACE::2026-06-01.14:16:28::SCWPlatform:: Platform Path D:/vivado_pj/workspace_blaze_w5500_2023/blaze_W5500Top_2023/hw/blaze_W5500Top_2023.xsa
TRACE::2026-06-01.14:16:28::SCWPlatform:: Unique name xilinx:::0.0
TRACE::2026-06-01.14:16:28::SCWPlatform::Trying to set the existing hwdb with name blaze_W5500Top_0
TRACE::2026-06-01.14:16:28::SCWPlatform::Opened existing hwdb blaze_W5500Top_0
TRACE::2026-06-01.14:16:28::SCWPlatform::Found the Hw Db part of the input DSA
TRACE::2026-06-01.14:16:28::SCWMssOS::Checking the sw design at  D:/vivado_pj/workspace_blaze_w5500_2023/blaze_W5500Top_2023/microblaze_0/standalone_microblaze_0/bsp/system.mss
TRACE::2026-06-01.14:16:28::SCWMssOS::DEBUG:  swdes dump  D:/vivado_pj/workspace_blaze_w5500_2023/blaze_W5500Top_2023/microblaze_0/standalone_microblaze_0/bsp/system.mss|system||

TRACE::2026-06-01.14:16:28::SCWMssOS::Sw design exists and opened at  D:/vivado_pj/workspace_blaze_w5500_2023/blaze_W5500Top_2023/microblaze_0/standalone_microblaze_0/bsp/system.mss
TRACE::2026-06-01.14:16:28::SCWWriter::formatted JSON is {
	"platformName":	"blaze_W5500Top_2023",
	"sprVersion":	"2.0",
	"mode":	"gui",
	"dsaType":	"Fixed",
	"platformDesc":	"blaze_W5500Top_2023",
	"platHandOff":	"D:/blaze_w5500_2023/project_1/blaze_W5500Top_2023.xsa",
	"platIntHandOff":	"<platformDir>/hw/blaze_W5500Top_2023.xsa",
	"deviceType":	"FPGA",
	"platIsPrebuiltAutogen":	"false",
	"platIsNoBootBsp":	"false",
	"hasFsblMakeHasChanges":	"false",
	"hasPmufwMakeHasChanges":	"false",
	"platPreBuiltFlag":	false,
	"platformSamplesDir":	"",
	"platActiveSys":	"blaze_W5500Top_2023",
	"systems":	[{
			"systemName":	"blaze_W5500Top_2023",
			"systemDesc":	"blaze_W5500Top_2023",
			"sysIsBootAutoGen":	"true",
			"systemDispName":	"blaze_W5500Top_2023",
			"sysActiveDom":	"standalone_microblaze_0",
			"sysDefaultDom":	"standalone_microblaze_0",
			"domains":	[{
					"domainName":	"standalone_microblaze_0",
					"domainDispName":	"standalone_microblaze_0",
					"domainDesc":	"standalone_microblaze_0",
					"processors":	"microblaze_0",
					"os":	"standalone",
					"sdxOs":	"standalone",
					"debugEnable":	"False",
					"domRuntimes":	["cpp"],
					"swRepo":	"",
					"mssOsVer":	"8.1",
					"mssFile":	"",
					"md5Digest":	"0a168e5df40a7ed176c00065c5e90003",
					"compatibleApp":	"hello_world",
					"domType":	"mssDomain",
					"arch":	"32-bit",
					"appSettings":	{
						"appCompilerFlags":	"",
						"appLinkerFlags":	""
					},
					"addedLibs":	[],
					"libOptions":	{
						"libsContainingOptions":	[]
					},
					"prebuiltLibs":	{
						"prebuiltIncPath":	[],
						"prebuiltLibPath":	[]
					},
					"isolation":	{
					}
				}]
		}]
}
TRACE::2026-06-01.14:16:28::SCWPlatform::Trying to open the hw design at D:/vivado_pj/workspace_blaze_w5500_2023/blaze_W5500Top_2023/hw/blaze_W5500Top_2023.xsa
TRACE::2026-06-01.14:16:28::SCWPlatform::DSA given D:/vivado_pj/workspace_blaze_w5500_2023/blaze_W5500Top_2023/hw/blaze_W5500Top_2023.xsa
TRACE::2026-06-01.14:16:28::SCWPlatform::DSA absoulate path D:/vivado_pj/workspace_blaze_w5500_2023/blaze_W5500Top_2023/hw/blaze_W5500Top_2023.xsa
TRACE::2026-06-01.14:16:28::SCWPlatform::DSA directory D:/vivado_pj/workspace_blaze_w5500_2023/blaze_W5500Top_2023/hw
TRACE::2026-06-01.14:16:28::SCWPlatform:: Platform Path D:/vivado_pj/workspace_blaze_w5500_2023/blaze_W5500Top_2023/hw/blaze_W5500Top_2023.xsa
TRACE::2026-06-01.14:16:28::SCWPlatform:: Unique name xilinx:::0.0
TRACE::2026-06-01.14:16:28::SCWPlatform::Trying to set the existing hwdb with name blaze_W5500Top_0
TRACE::2026-06-01.14:16:28::SCWPlatform::Opened existing hwdb blaze_W5500Top_0
TRACE::2026-06-01.14:16:28::SCWPlatform::Found the Hw Db part of the input DSA
TRACE::2026-06-01.14:16:28::SCWMssOS::Checking the sw design at  D:/vivado_pj/workspace_blaze_w5500_2023/blaze_W5500Top_2023/microblaze_0/standalone_microblaze_0/bsp/system.mss
TRACE::2026-06-01.14:16:28::SCWMssOS::DEBUG:  swdes dump  D:/vivado_pj/workspace_blaze_w5500_2023/blaze_W5500Top_2023/microblaze_0/standalone_microblaze_0/bsp/system.mss|system||

TRACE::2026-06-01.14:16:28::SCWMssOS::Sw design exists and opened at  D:/vivado_pj/workspace_blaze_w5500_2023/blaze_W5500Top_2023/microblaze_0/standalone_microblaze_0/bsp/system.mss
TRACE::2026-06-01.14:16:28::SCWPlatform::Trying to open the hw design at D:/vivado_pj/workspace_blaze_w5500_2023/blaze_W5500Top_2023/hw/blaze_W5500Top_2023.xsa
TRACE::2026-06-01.14:16:28::SCWPlatform::DSA given D:/vivado_pj/workspace_blaze_w5500_2023/blaze_W5500Top_2023/hw/blaze_W5500Top_2023.xsa
TRACE::2026-06-01.14:16:28::SCWPlatform::DSA absoulate path D:/vivado_pj/workspace_blaze_w5500_2023/blaze_W5500Top_2023/hw/blaze_W5500Top_2023.xsa
TRACE::2026-06-01.14:16:28::SCWPlatform::DSA directory D:/vivado_pj/workspace_blaze_w5500_2023/blaze_W5500Top_2023/hw
TRACE::2026-06-01.14:16:28::SCWPlatform:: Platform Path D:/vivado_pj/workspace_blaze_w5500_2023/blaze_W5500Top_2023/hw/blaze_W5500Top_2023.xsa
TRACE::2026-06-01.14:16:28::SCWPlatform:: Unique name xilinx:::0.0
TRACE::2026-06-01.14:16:28::SCWPlatform::Trying to set the existing hwdb with name blaze_W5500Top_0
TRACE::2026-06-01.14:16:28::SCWPlatform::Opened existing hwdb blaze_W5500Top_0
TRACE::2026-06-01.14:16:28::SCWPlatform::Found the Hw Db part of the input DSA
TRACE::2026-06-01.14:16:28::SCWMssOS::Checking the sw design at  D:/vivado_pj/workspace_blaze_w5500_2023/blaze_W5500Top_2023/microblaze_0/standalone_microblaze_0/bsp/system.mss
TRACE::2026-06-01.14:16:28::SCWMssOS::DEBUG:  swdes dump  D:/vivado_pj/workspace_blaze_w5500_2023/blaze_W5500Top_2023/microblaze_0/standalone_microblaze_0/bsp/system.mss|system||

TRACE::2026-06-01.14:16:28::SCWMssOS::Sw design exists and opened at  D:/vivado_pj/workspace_blaze_w5500_2023/blaze_W5500Top_2023/microblaze_0/standalone_microblaze_0/bsp/system.mss
TRACE::2026-06-01.14:16:28::SCWMssOS::Saving the mss changes D:/vivado_pj/workspace_blaze_w5500_2023/blaze_W5500Top_2023/microblaze_0/standalone_microblaze_0/bsp/system.mss
TRACE::2026-06-01.14:16:28::SCWMssOS::Found a swdesign opened with the mssfile.
TRACE::2026-06-01.14:16:28::SCWMssOS::Completed writemss as part of save.
TRACE::2026-06-01.14:16:28::SCWMssOS::Commit changes completed.
TRACE::2026-06-01.14:16:28::SCWPlatform::Trying to open the hw design at D:/vivado_pj/workspace_blaze_w5500_2023/blaze_W5500Top_2023/hw/blaze_W5500Top_2023.xsa
TRACE::2026-06-01.14:16:28::SCWPlatform::DSA given D:/vivado_pj/workspace_blaze_w5500_2023/blaze_W5500Top_2023/hw/blaze_W5500Top_2023.xsa
TRACE::2026-06-01.14:16:28::SCWPlatform::DSA absoulate path D:/vivado_pj/workspace_blaze_w5500_2023/blaze_W5500Top_2023/hw/blaze_W5500Top_2023.xsa
TRACE::2026-06-01.14:16:28::SCWPlatform::DSA directory D:/vivado_pj/workspace_blaze_w5500_2023/blaze_W5500Top_2023/hw
TRACE::2026-06-01.14:16:28::SCWPlatform:: Platform Path D:/vivado_pj/workspace_blaze_w5500_2023/blaze_W5500Top_2023/hw/blaze_W5500Top_2023.xsa
TRACE::2026-06-01.14:16:28::SCWPlatform:: Unique name xilinx:::0.0
TRACE::2026-06-01.14:16:28::SCWPlatform::Trying to set the existing hwdb with name blaze_W5500Top_0
TRACE::2026-06-01.14:16:28::SCWPlatform::Opened existing hwdb blaze_W5500Top_0
TRACE::2026-06-01.14:16:28::SCWPlatform::Found the Hw Db part of the input DSA
TRACE::2026-06-01.14:16:28::SCWMssOS::Checking the sw design at  D:/vivado_pj/workspace_blaze_w5500_2023/blaze_W5500Top_2023/microblaze_0/standalone_microblaze_0/bsp/system.mss
TRACE::2026-06-01.14:16:28::SCWMssOS::DEBUG:  swdes dump  D:/vivado_pj/workspace_blaze_w5500_2023/blaze_W5500Top_2023/microblaze_0/standalone_microblaze_0/bsp/system.mss|system||

TRACE::2026-06-01.14:16:28::SCWMssOS::Sw design exists and opened at  D:/vivado_pj/workspace_blaze_w5500_2023/blaze_W5500Top_2023/microblaze_0/standalone_microblaze_0/bsp/system.mss
TRACE::2026-06-01.14:16:28::SCWPlatform::Trying to open the hw design at D:/vivado_pj/workspace_blaze_w5500_2023/blaze_W5500Top_2023/hw/blaze_W5500Top_2023.xsa
TRACE::2026-06-01.14:16:28::SCWPlatform::DSA given D:/vivado_pj/workspace_blaze_w5500_2023/blaze_W5500Top_2023/hw/blaze_W5500Top_2023.xsa
TRACE::2026-06-01.14:16:28::SCWPlatform::DSA absoulate path D:/vivado_pj/workspace_blaze_w5500_2023/blaze_W5500Top_2023/hw/blaze_W5500Top_2023.xsa
TRACE::2026-06-01.14:16:28::SCWPlatform::DSA directory D:/vivado_pj/workspace_blaze_w5500_2023/blaze_W5500Top_2023/hw
TRACE::2026-06-01.14:16:28::SCWPlatform:: Platform Path D:/vivado_pj/workspace_blaze_w5500_2023/blaze_W5500Top_2023/hw/blaze_W5500Top_2023.xsa
TRACE::2026-06-01.14:16:28::SCWPlatform:: Unique name xilinx:::0.0
TRACE::2026-06-01.14:16:28::SCWPlatform::Trying to set the existing hwdb with name blaze_W5500Top_0
TRACE::2026-06-01.14:16:28::SCWPlatform::Opened existing hwdb blaze_W5500Top_0
TRACE::2026-06-01.14:16:28::SCWPlatform::Found the Hw Db part of the input DSA
TRACE::2026-06-01.14:16:28::SCWMssOS::Checking the sw design at  D:/vivado_pj/workspace_blaze_w5500_2023/blaze_W5500Top_2023/microblaze_0/standalone_microblaze_0/bsp/system.mss
TRACE::2026-06-01.14:16:28::SCWMssOS::DEBUG:  swdes dump  D:/vivado_pj/workspace_blaze_w5500_2023/blaze_W5500Top_2023/microblaze_0/standalone_microblaze_0/bsp/system.mss|system||

TRACE::2026-06-01.14:16:28::SCWMssOS::Sw design exists and opened at  D:/vivado_pj/workspace_blaze_w5500_2023/blaze_W5500Top_2023/microblaze_0/standalone_microblaze_0/bsp/system.mss
TRACE::2026-06-01.14:16:28::SCWPlatform::Trying to open the hw design at D:/vivado_pj/workspace_blaze_w5500_2023/blaze_W5500Top_2023/hw/blaze_W5500Top_2023.xsa
TRACE::2026-06-01.14:16:28::SCWPlatform::DSA given D:/vivado_pj/workspace_blaze_w5500_2023/blaze_W5500Top_2023/hw/blaze_W5500Top_2023.xsa
TRACE::2026-06-01.14:16:28::SCWPlatform::DSA absoulate path D:/vivado_pj/workspace_blaze_w5500_2023/blaze_W5500Top_2023/hw/blaze_W5500Top_2023.xsa
TRACE::2026-06-01.14:16:28::SCWPlatform::DSA directory D:/vivado_pj/workspace_blaze_w5500_2023/blaze_W5500Top_2023/hw
TRACE::2026-06-01.14:16:28::SCWPlatform:: Platform Path D:/vivado_pj/workspace_blaze_w5500_2023/blaze_W5500Top_2023/hw/blaze_W5500Top_2023.xsa
TRACE::2026-06-01.14:16:28::SCWPlatform:: Unique name xilinx:::0.0
TRACE::2026-06-01.14:16:28::SCWPlatform::Trying to set the existing hwdb with name blaze_W5500Top_0
TRACE::2026-06-01.14:16:28::SCWPlatform::Opened existing hwdb blaze_W5500Top_0
TRACE::2026-06-01.14:16:28::SCWPlatform::Found the Hw Db part of the input DSA
TRACE::2026-06-01.14:16:28::SCWMssOS::Checking the sw design at  D:/vivado_pj/workspace_blaze_w5500_2023/blaze_W5500Top_2023/microblaze_0/standalone_microblaze_0/bsp/system.mss
TRACE::2026-06-01.14:16:28::SCWMssOS::DEBUG:  swdes dump  D:/vivado_pj/workspace_blaze_w5500_2023/blaze_W5500Top_2023/microblaze_0/standalone_microblaze_0/bsp/system.mss|system||

TRACE::2026-06-01.14:16:28::SCWMssOS::Sw design exists and opened at  D:/vivado_pj/workspace_blaze_w5500_2023/blaze_W5500Top_2023/microblaze_0/standalone_microblaze_0/bsp/system.mss
TRACE::2026-06-01.14:16:28::SCWWriter::formatted JSON is {
	"platformName":	"blaze_W5500Top_2023",
	"sprVersion":	"2.0",
	"mode":	"gui",
	"dsaType":	"Fixed",
	"platformDesc":	"blaze_W5500Top_2023",
	"platHandOff":	"D:/blaze_w5500_2023/project_1/blaze_W5500Top_2023.xsa",
	"platIntHandOff":	"<platformDir>/hw/blaze_W5500Top_2023.xsa",
	"deviceType":	"FPGA",
	"platIsPrebuiltAutogen":	"false",
	"platIsNoBootBsp":	"false",
	"hasFsblMakeHasChanges":	"false",
	"hasPmufwMakeHasChanges":	"false",
	"platPreBuiltFlag":	false,
	"platformSamplesDir":	"",
	"platActiveSys":	"blaze_W5500Top_2023",
	"systems":	[{
			"systemName":	"blaze_W5500Top_2023",
			"systemDesc":	"blaze_W5500Top_2023",
			"sysIsBootAutoGen":	"true",
			"systemDispName":	"blaze_W5500Top_2023",
			"sysActiveDom":	"standalone_microblaze_0",
			"sysDefaultDom":	"standalone_microblaze_0",
			"domains":	[{
					"domainName":	"standalone_microblaze_0",
					"domainDispName":	"standalone_microblaze_0",
					"domainDesc":	"standalone_microblaze_0",
					"processors":	"microblaze_0",
					"os":	"standalone",
					"sdxOs":	"standalone",
					"debugEnable":	"False",
					"domRuntimes":	["cpp"],
					"swRepo":	"",
					"mssOsVer":	"8.1",
					"mssFile":	"",
					"md5Digest":	"0a168e5df40a7ed176c00065c5e90003",
					"compatibleApp":	"hello_world",
					"domType":	"mssDomain",
					"arch":	"32-bit",
					"appSettings":	{
						"appCompilerFlags":	"",
						"appLinkerFlags":	""
					},
					"addedLibs":	[],
					"libOptions":	{
						"libsContainingOptions":	[]
					},
					"prebuiltLibs":	{
						"prebuiltIncPath":	[],
						"prebuiltLibPath":	[]
					},
					"isolation":	{
					}
				}]
		}]
}
LOG::2026-06-01.14:16:28::SCWPlatform::Started generating the artifacts platform blaze_W5500Top_2023
TRACE::2026-06-01.14:16:28::SCWPlatform::Sanity checking of platform is completed
LOG::2026-06-01.14:16:28::SCWPlatform::Started generating the artifacts for system configuration blaze_W5500Top_2023
LOG::2026-06-01.14:16:28::SCWSystem::Started Processing the domain standalone_microblaze_0
TRACE::2026-06-01.14:16:28::SCWDomain::Generating domain artifcats
TRACE::2026-06-01.14:16:28::SCWMssOS::Generating standalone artifcats
TRACE::2026-06-01.14:16:28::SCWMssOS:: Copying the user libraries. 
TRACE::2026-06-01.14:16:28::SCWPlatform::Trying to open the hw design at D:/vivado_pj/workspace_blaze_w5500_2023/blaze_W5500Top_2023/hw/blaze_W5500Top_2023.xsa
TRACE::2026-06-01.14:16:28::SCWPlatform::DSA given D:/vivado_pj/workspace_blaze_w5500_2023/blaze_W5500Top_2023/hw/blaze_W5500Top_2023.xsa
TRACE::2026-06-01.14:16:28::SCWPlatform::DSA absoulate path D:/vivado_pj/workspace_blaze_w5500_2023/blaze_W5500Top_2023/hw/blaze_W5500Top_2023.xsa
TRACE::2026-06-01.14:16:28::SCWPlatform::DSA directory D:/vivado_pj/workspace_blaze_w5500_2023/blaze_W5500Top_2023/hw
TRACE::2026-06-01.14:16:28::SCWPlatform:: Platform Path D:/vivado_pj/workspace_blaze_w5500_2023/blaze_W5500Top_2023/hw/blaze_W5500Top_2023.xsa
TRACE::2026-06-01.14:16:28::SCWPlatform:: Unique name xilinx:::0.0
TRACE::2026-06-01.14:16:28::SCWPlatform::Trying to set the existing hwdb with name blaze_W5500Top_0
TRACE::2026-06-01.14:16:28::SCWPlatform::Opened existing hwdb blaze_W5500Top_0
TRACE::2026-06-01.14:16:28::SCWPlatform::Found the Hw Db part of the input DSA
TRACE::2026-06-01.14:16:28::SCWMssOS::Checking the sw design at  D:/vivado_pj/workspace_blaze_w5500_2023/blaze_W5500Top_2023/microblaze_0/standalone_microblaze_0/bsp/system.mss
TRACE::2026-06-01.14:16:28::SCWMssOS::DEBUG:  swdes dump  D:/vivado_pj/workspace_blaze_w5500_2023/blaze_W5500Top_2023/microblaze_0/standalone_microblaze_0/bsp/system.mss|system||

TRACE::2026-06-01.14:16:28::SCWMssOS::Sw design exists and opened at  D:/vivado_pj/workspace_blaze_w5500_2023/blaze_W5500Top_2023/microblaze_0/standalone_microblaze_0/bsp/system.mss
TRACE::2026-06-01.14:16:28::SCWMssOS::Completed writing the mss file at D:/vivado_pj/workspace_blaze_w5500_2023/blaze_W5500Top_2023/microblaze_0/standalone_microblaze_0/bsp
TRACE::2026-06-01.14:16:28::SCWMssOS::Mss edits present, copying mssfile into export location D:/vivado_pj/workspace_blaze_w5500_2023/blaze_W5500Top_2023/microblaze_0/standalone_microblaze_0/bsp/system.mss
TRACE::2026-06-01.14:16:28::SCWMssOS::bsp generated is upto date with the mss file. Skipping bsp generation.
TRACE::2026-06-01.14:16:28::SCWMssOS::BSP is already built. skipping the bsp build ... 
TRACE::2026-06-01.14:16:28::SCWDomain::Building the domain as part of full build :  standalone_microblaze_0
TRACE::2026-06-01.14:16:28::SCWMssOS::skipping the bsp build ... 
TRACE::2026-06-01.14:16:28::SCWMssOS::Copying to export directory.
TRACE::2026-06-01.14:16:28::SCWMssOS:: Checking if to create the Supporting Applications
TRACE::2026-06-01.14:16:28::SCWMssOS:: No Linux domain exists, trying to generate FSBL 
LOG::2026-06-01.14:16:28::SCWSystem::Completed Processing the domain standalone_microblaze_0
LOG::2026-06-01.14:16:28::SCWSystem::Completed Processing the sysconfig blaze_W5500Top_2023
LOG::2026-06-01.14:16:28::SCWPlatform::Completed generating the artifacts for system configuration blaze_W5500Top_2023
TRACE::2026-06-01.14:16:28::SCWPlatform::Started preparing the platform 
TRACE::2026-06-01.14:16:28::SCWSystem::Writing the bif file for system config blaze_W5500Top_2023
TRACE::2026-06-01.14:16:28::SCWSystem::dir created 
TRACE::2026-06-01.14:16:28::SCWSystem::Writing the bif 
TRACE::2026-06-01.14:16:28::SCWPlatform::Started writing the spfm file 
TRACE::2026-06-01.14:16:28::SCWPlatform::Started writing the xpfm file 
TRACE::2026-06-01.14:16:28::SCWPlatform::Completed generating the platform
TRACE::2026-06-01.14:16:28::SCWMssOS::Saving the mss changes D:/vivado_pj/workspace_blaze_w5500_2023/blaze_W5500Top_2023/microblaze_0/standalone_microblaze_0/bsp/system.mss
TRACE::2026-06-01.14:16:28::SCWMssOS::Found a swdesign opened with the mssfile.
TRACE::2026-06-01.14:16:28::SCWMssOS::Completed writemss as part of save.
TRACE::2026-06-01.14:16:28::SCWMssOS::Commit changes completed.
TRACE::2026-06-01.14:16:28::SCWPlatform::Trying to open the hw design at D:/vivado_pj/workspace_blaze_w5500_2023/blaze_W5500Top_2023/hw/blaze_W5500Top_2023.xsa
TRACE::2026-06-01.14:16:28::SCWPlatform::DSA given D:/vivado_pj/workspace_blaze_w5500_2023/blaze_W5500Top_2023/hw/blaze_W5500Top_2023.xsa
TRACE::2026-06-01.14:16:28::SCWPlatform::DSA absoulate path D:/vivado_pj/workspace_blaze_w5500_2023/blaze_W5500Top_2023/hw/blaze_W5500Top_2023.xsa
TRACE::2026-06-01.14:16:28::SCWPlatform::DSA directory D:/vivado_pj/workspace_blaze_w5500_2023/blaze_W5500Top_2023/hw
TRACE::2026-06-01.14:16:28::SCWPlatform:: Platform Path D:/vivado_pj/workspace_blaze_w5500_2023/blaze_W5500Top_2023/hw/blaze_W5500Top_2023.xsa
TRACE::2026-06-01.14:16:28::SCWPlatform:: Unique name xilinx:::0.0
TRACE::2026-06-01.14:16:28::SCWPlatform::Trying to set the existing hwdb with name blaze_W5500Top_0
TRACE::2026-06-01.14:16:28::SCWPlatform::Opened existing hwdb blaze_W5500Top_0
TRACE::2026-06-01.14:16:28::SCWPlatform::Found the Hw Db part of the input DSA
TRACE::2026-06-01.14:16:28::SCWMssOS::Checking the sw design at  D:/vivado_pj/workspace_blaze_w5500_2023/blaze_W5500Top_2023/microblaze_0/standalone_microblaze_0/bsp/system.mss
TRACE::2026-06-01.14:16:28::SCWMssOS::DEBUG:  swdes dump  D:/vivado_pj/workspace_blaze_w5500_2023/blaze_W5500Top_2023/microblaze_0/standalone_microblaze_0/bsp/system.mss|system||

TRACE::2026-06-01.14:16:28::SCWMssOS::Sw design exists and opened at  D:/vivado_pj/workspace_blaze_w5500_2023/blaze_W5500Top_2023/microblaze_0/standalone_microblaze_0/bsp/system.mss
TRACE::2026-06-01.14:16:28::SCWPlatform::Trying to open the hw design at D:/vivado_pj/workspace_blaze_w5500_2023/blaze_W5500Top_2023/hw/blaze_W5500Top_2023.xsa
TRACE::2026-06-01.14:16:28::SCWPlatform::DSA given D:/vivado_pj/workspace_blaze_w5500_2023/blaze_W5500Top_2023/hw/blaze_W5500Top_2023.xsa
TRACE::2026-06-01.14:16:28::SCWPlatform::DSA absoulate path D:/vivado_pj/workspace_blaze_w5500_2023/blaze_W5500Top_2023/hw/blaze_W5500Top_2023.xsa
TRACE::2026-06-01.14:16:28::SCWPlatform::DSA directory D:/vivado_pj/workspace_blaze_w5500_2023/blaze_W5500Top_2023/hw
TRACE::2026-06-01.14:16:28::SCWPlatform:: Platform Path D:/vivado_pj/workspace_blaze_w5500_2023/blaze_W5500Top_2023/hw/blaze_W5500Top_2023.xsa
TRACE::2026-06-01.14:16:28::SCWPlatform:: Unique name xilinx:::0.0
TRACE::2026-06-01.14:16:28::SCWPlatform::Trying to set the existing hwdb with name blaze_W5500Top_0
TRACE::2026-06-01.14:16:28::SCWPlatform::Opened existing hwdb blaze_W5500Top_0
TRACE::2026-06-01.14:16:28::SCWPlatform::Found the Hw Db part of the input DSA
TRACE::2026-06-01.14:16:28::SCWMssOS::Checking the sw design at  D:/vivado_pj/workspace_blaze_w5500_2023/blaze_W5500Top_2023/microblaze_0/standalone_microblaze_0/bsp/system.mss
TRACE::2026-06-01.14:16:28::SCWMssOS::DEBUG:  swdes dump  D:/vivado_pj/workspace_blaze_w5500_2023/blaze_W5500Top_2023/microblaze_0/standalone_microblaze_0/bsp/system.mss|system||

TRACE::2026-06-01.14:16:28::SCWMssOS::Sw design exists and opened at  D:/vivado_pj/workspace_blaze_w5500_2023/blaze_W5500Top_2023/microblaze_0/standalone_microblaze_0/bsp/system.mss
TRACE::2026-06-01.14:16:28::SCWPlatform::Trying to open the hw design at D:/vivado_pj/workspace_blaze_w5500_2023/blaze_W5500Top_2023/hw/blaze_W5500Top_2023.xsa
TRACE::2026-06-01.14:16:28::SCWPlatform::DSA given D:/vivado_pj/workspace_blaze_w5500_2023/blaze_W5500Top_2023/hw/blaze_W5500Top_2023.xsa
TRACE::2026-06-01.14:16:28::SCWPlatform::DSA absoulate path D:/vivado_pj/workspace_blaze_w5500_2023/blaze_W5500Top_2023/hw/blaze_W5500Top_2023.xsa
TRACE::2026-06-01.14:16:28::SCWPlatform::DSA directory D:/vivado_pj/workspace_blaze_w5500_2023/blaze_W5500Top_2023/hw
TRACE::2026-06-01.14:16:28::SCWPlatform:: Platform Path D:/vivado_pj/workspace_blaze_w5500_2023/blaze_W5500Top_2023/hw/blaze_W5500Top_2023.xsa
TRACE::2026-06-01.14:16:28::SCWPlatform:: Unique name xilinx:::0.0
TRACE::2026-06-01.14:16:28::SCWPlatform::Trying to set the existing hwdb with name blaze_W5500Top_0
TRACE::2026-06-01.14:16:28::SCWPlatform::Opened existing hwdb blaze_W5500Top_0
TRACE::2026-06-01.14:16:28::SCWPlatform::Found the Hw Db part of the input DSA
TRACE::2026-06-01.14:16:28::SCWMssOS::Checking the sw design at  D:/vivado_pj/workspace_blaze_w5500_2023/blaze_W5500Top_2023/microblaze_0/standalone_microblaze_0/bsp/system.mss
TRACE::2026-06-01.14:16:28::SCWMssOS::DEBUG:  swdes dump  D:/vivado_pj/workspace_blaze_w5500_2023/blaze_W5500Top_2023/microblaze_0/standalone_microblaze_0/bsp/system.mss|system||

TRACE::2026-06-01.14:16:28::SCWMssOS::Sw design exists and opened at  D:/vivado_pj/workspace_blaze_w5500_2023/blaze_W5500Top_2023/microblaze_0/standalone_microblaze_0/bsp/system.mss
TRACE::2026-06-01.14:16:28::SCWWriter::formatted JSON is {
	"platformName":	"blaze_W5500Top_2023",
	"sprVersion":	"2.0",
	"mode":	"gui",
	"dsaType":	"Fixed",
	"platformDesc":	"blaze_W5500Top_2023",
	"platHandOff":	"D:/blaze_w5500_2023/project_1/blaze_W5500Top_2023.xsa",
	"platIntHandOff":	"<platformDir>/hw/blaze_W5500Top_2023.xsa",
	"deviceType":	"FPGA",
	"platIsPrebuiltAutogen":	"false",
	"platIsNoBootBsp":	"false",
	"hasFsblMakeHasChanges":	"false",
	"hasPmufwMakeHasChanges":	"false",
	"platPreBuiltFlag":	false,
	"platformSamplesDir":	"",
	"platActiveSys":	"blaze_W5500Top_2023",
	"systems":	[{
			"systemName":	"blaze_W5500Top_2023",
			"systemDesc":	"blaze_W5500Top_2023",
			"sysIsBootAutoGen":	"true",
			"systemDispName":	"blaze_W5500Top_2023",
			"sysActiveDom":	"standalone_microblaze_0",
			"sysDefaultDom":	"standalone_microblaze_0",
			"domains":	[{
					"domainName":	"standalone_microblaze_0",
					"domainDispName":	"standalone_microblaze_0",
					"domainDesc":	"standalone_microblaze_0",
					"processors":	"microblaze_0",
					"os":	"standalone",
					"sdxOs":	"standalone",
					"debugEnable":	"False",
					"domRuntimes":	["cpp"],
					"swRepo":	"",
					"mssOsVer":	"8.1",
					"mssFile":	"",
					"md5Digest":	"0a168e5df40a7ed176c00065c5e90003",
					"compatibleApp":	"hello_world",
					"domType":	"mssDomain",
					"arch":	"32-bit",
					"appSettings":	{
						"appCompilerFlags":	"",
						"appLinkerFlags":	""
					},
					"addedLibs":	[],
					"libOptions":	{
						"libsContainingOptions":	[]
					},
					"prebuiltLibs":	{
						"prebuiltIncPath":	[],
						"prebuiltLibPath":	[]
					},
					"isolation":	{
					}
				}]
		}]
}
KEYINFO::2026-06-01.14:16:28::SCWPlatform::updated the xpfm file.
LOG::2026-06-01.14:19:50::SCWPlatform::Started generating the artifacts platform blaze_W5500Top_2023
TRACE::2026-06-01.14:19:50::SCWPlatform::Sanity checking of platform is completed
LOG::2026-06-01.14:19:50::SCWPlatform::Started generating the artifacts for system configuration blaze_W5500Top_2023
LOG::2026-06-01.14:19:50::SCWSystem::Checking the domain standalone_microblaze_0
LOG::2026-06-01.14:19:50::SCWSystem::Not a boot domain 
LOG::2026-06-01.14:19:50::SCWSystem::Started Processing the domain standalone_microblaze_0
TRACE::2026-06-01.14:19:50::SCWDomain::Generating domain artifcats
TRACE::2026-06-01.14:19:50::SCWMssOS::Generating standalone artifcats
TRACE::2026-06-01.14:19:50::SCWMssOS:: Copying the user libraries. 
TRACE::2026-06-01.14:19:50::SCWPlatform::Trying to open the hw design at D:/vivado_pj/workspace_blaze_w5500_2023/blaze_W5500Top_2023/hw/blaze_W5500Top_2023.xsa
TRACE::2026-06-01.14:19:50::SCWPlatform::DSA given D:/vivado_pj/workspace_blaze_w5500_2023/blaze_W5500Top_2023/hw/blaze_W5500Top_2023.xsa
TRACE::2026-06-01.14:19:51::SCWPlatform::DSA absoulate path D:/vivado_pj/workspace_blaze_w5500_2023/blaze_W5500Top_2023/hw/blaze_W5500Top_2023.xsa
TRACE::2026-06-01.14:19:51::SCWPlatform::DSA directory D:/vivado_pj/workspace_blaze_w5500_2023/blaze_W5500Top_2023/hw
TRACE::2026-06-01.14:19:51::SCWPlatform:: Platform Path D:/vivado_pj/workspace_blaze_w5500_2023/blaze_W5500Top_2023/hw/blaze_W5500Top_2023.xsa
TRACE::2026-06-01.14:19:51::SCWPlatform:: Unique name xilinx:::0.0
TRACE::2026-06-01.14:19:51::SCWPlatform::Trying to set the existing hwdb with name blaze_W5500Top_0
TRACE::2026-06-01.14:19:51::SCWPlatform::Opened existing hwdb blaze_W5500Top_0
TRACE::2026-06-01.14:19:51::SCWPlatform::Found the Hw Db part of the input DSA
TRACE::2026-06-01.14:19:51::SCWMssOS::Checking the sw design at  D:/vivado_pj/workspace_blaze_w5500_2023/blaze_W5500Top_2023/microblaze_0/standalone_microblaze_0/bsp/system.mss
TRACE::2026-06-01.14:19:51::SCWMssOS::DEBUG:  swdes dump  D:/vivado_pj/workspace_blaze_w5500_2023/blaze_W5500Top_2023/microblaze_0/standalone_microblaze_0/bsp/system.mss|system||

TRACE::2026-06-01.14:19:51::SCWMssOS::Sw design exists and opened at  D:/vivado_pj/workspace_blaze_w5500_2023/blaze_W5500Top_2023/microblaze_0/standalone_microblaze_0/bsp/system.mss
TRACE::2026-06-01.14:19:51::SCWMssOS::Completed writing the mss file at D:/vivado_pj/workspace_blaze_w5500_2023/blaze_W5500Top_2023/microblaze_0/standalone_microblaze_0/bsp
TRACE::2026-06-01.14:19:51::SCWMssOS::Mss edits present, copying mssfile into export location D:/vivado_pj/workspace_blaze_w5500_2023/blaze_W5500Top_2023/microblaze_0/standalone_microblaze_0/bsp/system.mss
TRACE::2026-06-01.14:19:51::SCWMssOS::bsp generated is upto date with the mss file. Skipping bsp generation.
TRACE::2026-06-01.14:19:51::SCWMssOS::BSP is already built. skipping the bsp build ... 
TRACE::2026-06-01.14:19:51::SCWDomain::Building the domain as part of full build :  standalone_microblaze_0
TRACE::2026-06-01.14:19:51::SCWMssOS::doing bsp build ... 
TRACE::2026-06-01.14:19:51::SCWMssOS::System Command Ran  D: & cd  D:/vivado_pj/workspace_blaze_w5500_2023/blaze_W5500Top_2023/microblaze_0/standalone_microblaze_0/bsp & make 
TRACE::2026-06-01.14:19:51::SCWMssOS::make --no-print-directory seq_libs

TRACE::2026-06-01.14:19:51::SCWMssOS::'Finished building libraries sequentially.'

TRACE::2026-06-01.14:19:51::SCWMssOS::make -j 18 --no-print-directory par_libs

TRACE::2026-06-01.14:19:51::SCWMssOS::"Running Make include in microblaze_0/libsrc/bram_v4_8/src"

TRACE::2026-06-01.14:19:51::SCWMssOS::make -C microblaze_0/libsrc/bram_v4_8/src -s include  "SHELL=CMD" "COMPILER=mb-gcc" "ASSEMBLER=mb-as" "ARCHIVER=mb-ar" "COMPILE
TRACE::2026-06-01.14:19:51::SCWMssOS::R_FLAGS=  -O2 -c -mcpu=v11.0 -mlittle-endian -mxl-soft-mul" "EXTRA_COMPILER_FLAGS=-g -ffunction-sections -fdata-sections -Wall 
TRACE::2026-06-01.14:19:51::SCWMssOS::-Wextra -fno-tree-loop-distribute-patterns"

TRACE::2026-06-01.14:19:51::SCWMssOS::"Running Make include in microblaze_0/libsrc/cpu_v2_17/src"

TRACE::2026-06-01.14:19:51::SCWMssOS::make -C microblaze_0/libsrc/cpu_v2_17/src -s include  "SHELL=CMD" "COMPILER=mb-gcc" "ASSEMBLER=mb-as" "ARCHIVER=mb-ar" "COMPILE
TRACE::2026-06-01.14:19:51::SCWMssOS::R_FLAGS=  -O2 -c -mcpu=v11.0 -mlittle-endian -mxl-soft-mul" "EXTRA_COMPILER_FLAGS=-g -ffunction-sections -fdata-sections -Wall 
TRACE::2026-06-01.14:19:51::SCWMssOS::-Wextra -fno-tree-loop-distribute-patterns"

TRACE::2026-06-01.14:19:51::SCWMssOS::"Running Make include in microblaze_0/libsrc/gpio_v4_9/src"

TRACE::2026-06-01.14:19:51::SCWMssOS::make -C microblaze_0/libsrc/gpio_v4_9/src -s include  "SHELL=CMD" "COMPILER=mb-gcc" "ASSEMBLER=mb-as" "ARCHIVER=mb-ar" "COMPILE
TRACE::2026-06-01.14:19:51::SCWMssOS::R_FLAGS=  -O2 -c -mcpu=v11.0 -mlittle-endian -mxl-soft-mul" "EXTRA_COMPILER_FLAGS=-g -ffunction-sections -fdata-sections -Wall 
TRACE::2026-06-01.14:19:51::SCWMssOS::-Wextra -fno-tree-loop-distribute-patterns"

TRACE::2026-06-01.14:19:51::SCWMssOS::"Running Make include in microblaze_0/libsrc/intc_v3_16/src"

TRACE::2026-06-01.14:19:51::SCWMssOS::make -C microblaze_0/libsrc/intc_v3_16/src -s include  "SHELL=CMD" "COMPILER=mb-gcc" "ASSEMBLER=mb-as" "ARCHIVER=mb-ar" "COMPIL
TRACE::2026-06-01.14:19:51::SCWMssOS::ER_FLAGS=  -O2 -c -mcpu=v11.0 -mlittle-endian -mxl-soft-mul" "EXTRA_COMPILER_FLAGS=-g -ffunction-sections -fdata-sections -Wall
TRACE::2026-06-01.14:19:51::SCWMssOS:: -Wextra -fno-tree-loop-distribute-patterns"

TRACE::2026-06-01.14:19:51::SCWMssOS::"Running Make include in microblaze_0/libsrc/spi_v4_10/src"

TRACE::2026-06-01.14:19:51::SCWMssOS::make -C microblaze_0/libsrc/spi_v4_10/src -s include  "SHELL=CMD" "COMPILER=mb-gcc" "ASSEMBLER=mb-as" "ARCHIVER=mb-ar" "COMPILE
TRACE::2026-06-01.14:19:51::SCWMssOS::R_FLAGS=  -O2 -c -mcpu=v11.0 -mlittle-endian -mxl-soft-mul" "EXTRA_COMPILER_FLAGS=-g -ffunction-sections -fdata-sections -Wall 
TRACE::2026-06-01.14:19:51::SCWMssOS::-Wextra -fno-tree-loop-distribute-patterns"

TRACE::2026-06-01.14:19:51::SCWMssOS::"Running Make include in microblaze_0/libsrc/standalone_v8_1/src"

TRACE::2026-06-01.14:19:51::SCWMssOS::make -C microblaze_0/libsrc/standalone_v8_1/src -s include  "SHELL=CMD" "COMPILER=mb-gcc" "ASSEMBLER=mb-as" "ARCHIVER=mb-ar" "C
TRACE::2026-06-01.14:19:51::SCWMssOS::OMPILER_FLAGS=  -O2 -c -mcpu=v11.0 -mlittle-endian -mxl-soft-mul" "EXTRA_COMPILER_FLAGS=-g -ffunction-sections -fdata-sections 
TRACE::2026-06-01.14:19:51::SCWMssOS::-Wall -Wextra -fno-tree-loop-distribute-patterns"

TRACE::2026-06-01.14:19:51::SCWMssOS::"Running Make include in microblaze_0/libsrc/uartlite_v3_8/src"

TRACE::2026-06-01.14:19:51::SCWMssOS::make -C microblaze_0/libsrc/uartlite_v3_8/src -s include  "SHELL=CMD" "COMPILER=mb-gcc" "ASSEMBLER=mb-as" "ARCHIVER=mb-ar" "COM
TRACE::2026-06-01.14:19:51::SCWMssOS::PILER_FLAGS=  -O2 -c -mcpu=v11.0 -mlittle-endian -mxl-soft-mul" "EXTRA_COMPILER_FLAGS=-g -ffunction-sections -fdata-sections -W
TRACE::2026-06-01.14:19:51::SCWMssOS::all -Wextra -fno-tree-loop-distribute-patterns"

TRACE::2026-06-01.14:19:51::SCWMssOS::"Running Make libs in microblaze_0/libsrc/bram_v4_8/src"

TRACE::2026-06-01.14:19:51::SCWMssOS::make -C microblaze_0/libsrc/bram_v4_8/src -s libs  "SHELL=CMD" "COMPILER=mb-gcc" "ASSEMBLER=mb-as" "ARCHIVER=mb-ar" "COMPILER_F
TRACE::2026-06-01.14:19:51::SCWMssOS::LAGS=  -O2 -c -mcpu=v11.0 -mlittle-endian -mxl-soft-mul" "EXTRA_COMPILER_FLAGS=-g -ffunction-sections -fdata-sections -Wall -We
TRACE::2026-06-01.14:19:51::SCWMssOS::xtra -fno-tree-loop-distribute-patterns"

TRACE::2026-06-01.14:19:51::SCWMssOS::"Running Make libs in microblaze_0/libsrc/cpu_v2_17/src"

TRACE::2026-06-01.14:19:51::SCWMssOS::make -C microblaze_0/libsrc/cpu_v2_17/src -s libs  "SHELL=CMD" "COMPILER=mb-gcc" "ASSEMBLER=mb-as" "ARCHIVER=mb-ar" "COMPILER_F
TRACE::2026-06-01.14:19:51::SCWMssOS::LAGS=  -O2 -c -mcpu=v11.0 -mlittle-endian -mxl-soft-mul" "EXTRA_COMPILER_FLAGS=-g -ffunction-sections -fdata-sections -Wall -We
TRACE::2026-06-01.14:19:51::SCWMssOS::xtra -fno-tree-loop-distribute-patterns"

TRACE::2026-06-01.14:19:51::SCWMssOS::"Running Make libs in microblaze_0/libsrc/gpio_v4_9/src"

TRACE::2026-06-01.14:19:51::SCWMssOS::make -C microblaze_0/libsrc/gpio_v4_9/src -s libs  "SHELL=CMD" "COMPILER=mb-gcc" "ASSEMBLER=mb-as" "ARCHIVER=mb-ar" "COMPILER_F
TRACE::2026-06-01.14:19:51::SCWMssOS::LAGS=  -O2 -c -mcpu=v11.0 -mlittle-endian -mxl-soft-mul" "EXTRA_COMPILER_FLAGS=-g -ffunction-sections -fdata-sections -Wall -We
TRACE::2026-06-01.14:19:51::SCWMssOS::xtra -fno-tree-loop-distribute-patterns"

TRACE::2026-06-01.14:19:51::SCWMssOS::"Running Make libs in microblaze_0/libsrc/intc_v3_16/src"

TRACE::2026-06-01.14:19:51::SCWMssOS::make -C microblaze_0/libsrc/intc_v3_16/src -s libs  "SHELL=CMD" "COMPILER=mb-gcc" "ASSEMBLER=mb-as" "ARCHIVER=mb-ar" "COMPILER_
TRACE::2026-06-01.14:19:51::SCWMssOS::FLAGS=  -O2 -c -mcpu=v11.0 -mlittle-endian -mxl-soft-mul" "EXTRA_COMPILER_FLAGS=-g -ffunction-sections -fdata-sections -Wall -W
TRACE::2026-06-01.14:19:51::SCWMssOS::extra -fno-tree-loop-distribute-patterns"

TRACE::2026-06-01.14:19:52::SCWMssOS::"Running Make libs in microblaze_0/libsrc/spi_v4_10/src"

TRACE::2026-06-01.14:19:52::SCWMssOS::make -C microblaze_0/libsrc/spi_v4_10/src -s libs  "SHELL=CMD" "COMPILER=mb-gcc" "ASSEMBLER=mb-as" "ARCHIVER=mb-ar" "COMPILER_F
TRACE::2026-06-01.14:19:52::SCWMssOS::LAGS=  -O2 -c -mcpu=v11.0 -mlittle-endian -mxl-soft-mul" "EXTRA_COMPILER_FLAGS=-g -ffunction-sections -fdata-sections -Wall -We
TRACE::2026-06-01.14:19:52::SCWMssOS::xtra -fno-tree-loop-distribute-patterns"

TRACE::2026-06-01.14:19:52::SCWMssOS::"Running Make libs in microblaze_0/libsrc/standalone_v8_1/src"

TRACE::2026-06-01.14:19:52::SCWMssOS::make -C microblaze_0/libsrc/standalone_v8_1/src -s libs  "SHELL=CMD" "COMPILER=mb-gcc" "ASSEMBLER=mb-as" "ARCHIVER=mb-ar" "COMP
TRACE::2026-06-01.14:19:52::SCWMssOS::ILER_FLAGS=  -O2 -c -mcpu=v11.0 -mlittle-endian -mxl-soft-mul" "EXTRA_COMPILER_FLAGS=-g -ffunction-sections -fdata-sections -Wa
TRACE::2026-06-01.14:19:52::SCWMssOS::ll -Wextra -fno-tree-loop-distribute-patterns"

TRACE::2026-06-01.14:19:52::SCWMssOS::"DEBUG NON_LTO_OBJECTS is ../../../lib/microblaze_interrupt_handler.o"

ERROR::2026-06-01.14:19:52::SCWMssOS::Failed to build  the bsp sources for domain - standalone_microblaze_0
ERROR::2026-06-01.14:19:52::SCWSystem::Error in Processing the domain standalone_microblaze_0
LOG::2026-06-01.14:20:20::SCWPlatform::Started generating the artifacts platform blaze_W5500Top_2023
TRACE::2026-06-01.14:20:20::SCWPlatform::Sanity checking of platform is completed
LOG::2026-06-01.14:20:20::SCWPlatform::Started generating the artifacts for system configuration blaze_W5500Top_2023
LOG::2026-06-01.14:20:20::SCWSystem::Checking the domain standalone_microblaze_0
LOG::2026-06-01.14:20:20::SCWSystem::Not a boot domain 
LOG::2026-06-01.14:20:20::SCWSystem::Started Processing the domain standalone_microblaze_0
TRACE::2026-06-01.14:20:20::SCWDomain::Generating domain artifcats
TRACE::2026-06-01.14:20:20::SCWMssOS::Generating standalone artifcats
TRACE::2026-06-01.14:20:20::SCWMssOS:: Copying the user libraries. 
TRACE::2026-06-01.14:20:20::SCWPlatform::Trying to open the hw design at D:/vivado_pj/workspace_blaze_w5500_2023/blaze_W5500Top_2023/hw/blaze_W5500Top_2023.xsa
TRACE::2026-06-01.14:20:20::SCWPlatform::DSA given D:/vivado_pj/workspace_blaze_w5500_2023/blaze_W5500Top_2023/hw/blaze_W5500Top_2023.xsa
TRACE::2026-06-01.14:20:20::SCWPlatform::DSA absoulate path D:/vivado_pj/workspace_blaze_w5500_2023/blaze_W5500Top_2023/hw/blaze_W5500Top_2023.xsa
TRACE::2026-06-01.14:20:20::SCWPlatform::DSA directory D:/vivado_pj/workspace_blaze_w5500_2023/blaze_W5500Top_2023/hw
TRACE::2026-06-01.14:20:20::SCWPlatform:: Platform Path D:/vivado_pj/workspace_blaze_w5500_2023/blaze_W5500Top_2023/hw/blaze_W5500Top_2023.xsa
TRACE::2026-06-01.14:20:20::SCWPlatform:: Unique name xilinx:::0.0
TRACE::2026-06-01.14:20:20::SCWPlatform::Trying to set the existing hwdb with name blaze_W5500Top_0
TRACE::2026-06-01.14:20:20::SCWPlatform::Opened existing hwdb blaze_W5500Top_0
TRACE::2026-06-01.14:20:20::SCWPlatform::Found the Hw Db part of the input DSA
TRACE::2026-06-01.14:20:20::SCWMssOS::Checking the sw design at  D:/vivado_pj/workspace_blaze_w5500_2023/blaze_W5500Top_2023/microblaze_0/standalone_microblaze_0/bsp/system.mss
TRACE::2026-06-01.14:20:20::SCWMssOS::DEBUG:  swdes dump  D:/vivado_pj/workspace_blaze_w5500_2023/blaze_W5500Top_2023/microblaze_0/standalone_microblaze_0/bsp/system.mss|system||

TRACE::2026-06-01.14:20:20::SCWMssOS::Sw design exists and opened at  D:/vivado_pj/workspace_blaze_w5500_2023/blaze_W5500Top_2023/microblaze_0/standalone_microblaze_0/bsp/system.mss
TRACE::2026-06-01.14:20:20::SCWMssOS::Completed writing the mss file at D:/vivado_pj/workspace_blaze_w5500_2023/blaze_W5500Top_2023/microblaze_0/standalone_microblaze_0/bsp
TRACE::2026-06-01.14:20:20::SCWMssOS::Mss edits present, copying mssfile into export location D:/vivado_pj/workspace_blaze_w5500_2023/blaze_W5500Top_2023/microblaze_0/standalone_microblaze_0/bsp/system.mss
TRACE::2026-06-01.14:20:20::SCWMssOS::bsp generated is upto date with the mss file. Skipping bsp generation.
TRACE::2026-06-01.14:20:20::SCWMssOS::BSP is already built. skipping the bsp build ... 
TRACE::2026-06-01.14:20:20::SCWDomain::Building the domain as part of full build :  standalone_microblaze_0
TRACE::2026-06-01.14:20:20::SCWMssOS::doing bsp build ... 
TRACE::2026-06-01.14:20:20::SCWMssOS::System Command Ran  D: & cd  D:/vivado_pj/workspace_blaze_w5500_2023/blaze_W5500Top_2023/microblaze_0/standalone_microblaze_0/bsp & make 
TRACE::2026-06-01.14:20:20::SCWMssOS::make --no-print-directory seq_libs

TRACE::2026-06-01.14:20:20::SCWMssOS::'Finished building libraries sequentially.'

TRACE::2026-06-01.14:20:20::SCWMssOS::make -j 18 --no-print-directory par_libs

TRACE::2026-06-01.14:20:20::SCWMssOS::"Running Make include in microblaze_0/libsrc/bram_v4_8/src"

TRACE::2026-06-01.14:20:20::SCWMssOS::make -C microblaze_0/libsrc/bram_v4_8/src -s include  "SHELL=CMD" "COMPILER=mb-gcc" "ASSEMBLER=mb-as" "ARCHIVER=mb-ar" "COMPILE
TRACE::2026-06-01.14:20:20::SCWMssOS::R_FLAGS=  -O2 -c -mcpu=v11.0 -mlittle-endian -mxl-soft-mul" "EXTRA_COMPILER_FLAGS=-g -ffunction-sections -fdata-sections -Wall 
TRACE::2026-06-01.14:20:20::SCWMssOS::-Wextra -fno-tree-loop-distribute-patterns"

TRACE::2026-06-01.14:20:20::SCWMssOS::"Running Make include in microblaze_0/libsrc/cpu_v2_17/src"

TRACE::2026-06-01.14:20:20::SCWMssOS::make -C microblaze_0/libsrc/cpu_v2_17/src -s include  "SHELL=CMD" "COMPILER=mb-gcc" "ASSEMBLER=mb-as" "ARCHIVER=mb-ar" "COMPILE
TRACE::2026-06-01.14:20:20::SCWMssOS::R_FLAGS=  -O2 -c -mcpu=v11.0 -mlittle-endian -mxl-soft-mul" "EXTRA_COMPILER_FLAGS=-g -ffunction-sections -fdata-sections -Wall 
TRACE::2026-06-01.14:20:20::SCWMssOS::-Wextra -fno-tree-loop-distribute-patterns"

TRACE::2026-06-01.14:20:20::SCWMssOS::"Running Make include in microblaze_0/libsrc/gpio_v4_9/src"

TRACE::2026-06-01.14:20:20::SCWMssOS::make -C microblaze_0/libsrc/gpio_v4_9/src -s include  "SHELL=CMD" "COMPILER=mb-gcc" "ASSEMBLER=mb-as" "ARCHIVER=mb-ar" "COMPILE
TRACE::2026-06-01.14:20:20::SCWMssOS::R_FLAGS=  -O2 -c -mcpu=v11.0 -mlittle-endian -mxl-soft-mul" "EXTRA_COMPILER_FLAGS=-g -ffunction-sections -fdata-sections -Wall 
TRACE::2026-06-01.14:20:20::SCWMssOS::-Wextra -fno-tree-loop-distribute-patterns"

TRACE::2026-06-01.14:20:20::SCWMssOS::"Running Make include in microblaze_0/libsrc/intc_v3_16/src"

TRACE::2026-06-01.14:20:20::SCWMssOS::make -C microblaze_0/libsrc/intc_v3_16/src -s include  "SHELL=CMD" "COMPILER=mb-gcc" "ASSEMBLER=mb-as" "ARCHIVER=mb-ar" "COMPIL
TRACE::2026-06-01.14:20:20::SCWMssOS::ER_FLAGS=  -O2 -c -mcpu=v11.0 -mlittle-endian -mxl-soft-mul" "EXTRA_COMPILER_FLAGS=-g -ffunction-sections -fdata-sections -Wall
TRACE::2026-06-01.14:20:20::SCWMssOS:: -Wextra -fno-tree-loop-distribute-patterns"

TRACE::2026-06-01.14:20:20::SCWMssOS::"Running Make include in microblaze_0/libsrc/spi_v4_10/src"

TRACE::2026-06-01.14:20:20::SCWMssOS::make -C microblaze_0/libsrc/spi_v4_10/src -s include  "SHELL=CMD" "COMPILER=mb-gcc" "ASSEMBLER=mb-as" "ARCHIVER=mb-ar" "COMPILE
TRACE::2026-06-01.14:20:20::SCWMssOS::R_FLAGS=  -O2 -c -mcpu=v11.0 -mlittle-endian -mxl-soft-mul" "EXTRA_COMPILER_FLAGS=-g -ffunction-sections -fdata-sections -Wall 
TRACE::2026-06-01.14:20:20::SCWMssOS::-Wextra -fno-tree-loop-distribute-patterns"

TRACE::2026-06-01.14:20:20::SCWMssOS::"Running Make include in microblaze_0/libsrc/standalone_v8_1/src"

TRACE::2026-06-01.14:20:20::SCWMssOS::make -C microblaze_0/libsrc/standalone_v8_1/src -s include  "SHELL=CMD" "COMPILER=mb-gcc" "ASSEMBLER=mb-as" "ARCHIVER=mb-ar" "C
TRACE::2026-06-01.14:20:20::SCWMssOS::OMPILER_FLAGS=  -O2 -c -mcpu=v11.0 -mlittle-endian -mxl-soft-mul" "EXTRA_COMPILER_FLAGS=-g -ffunction-sections -fdata-sections 
TRACE::2026-06-01.14:20:20::SCWMssOS::-Wall -Wextra -fno-tree-loop-distribute-patterns"

TRACE::2026-06-01.14:20:20::SCWMssOS::"Running Make include in microblaze_0/libsrc/uartlite_v3_8/src"

TRACE::2026-06-01.14:20:20::SCWMssOS::make -C microblaze_0/libsrc/uartlite_v3_8/src -s include  "SHELL=CMD" "COMPILER=mb-gcc" "ASSEMBLER=mb-as" "ARCHIVER=mb-ar" "COM
TRACE::2026-06-01.14:20:20::SCWMssOS::PILER_FLAGS=  -O2 -c -mcpu=v11.0 -mlittle-endian -mxl-soft-mul" "EXTRA_COMPILER_FLAGS=-g -ffunction-sections -fdata-sections -W
TRACE::2026-06-01.14:20:20::SCWMssOS::all -Wextra -fno-tree-loop-distribute-patterns"

TRACE::2026-06-01.14:20:20::SCWMssOS::"Running Make libs in microblaze_0/libsrc/bram_v4_8/src"

TRACE::2026-06-01.14:20:20::SCWMssOS::make -C microblaze_0/libsrc/bram_v4_8/src -s libs  "SHELL=CMD" "COMPILER=mb-gcc" "ASSEMBLER=mb-as" "ARCHIVER=mb-ar" "COMPILER_F
TRACE::2026-06-01.14:20:20::SCWMssOS::LAGS=  -O2 -c -mcpu=v11.0 -mlittle-endian -mxl-soft-mul" "EXTRA_COMPILER_FLAGS=-g -ffunction-sections -fdata-sections -Wall -We
TRACE::2026-06-01.14:20:20::SCWMssOS::xtra -fno-tree-loop-distribute-patterns"

TRACE::2026-06-01.14:20:20::SCWMssOS::"Running Make libs in microblaze_0/libsrc/cpu_v2_17/src"

TRACE::2026-06-01.14:20:20::SCWMssOS::make -C microblaze_0/libsrc/cpu_v2_17/src -s libs  "SHELL=CMD" "COMPILER=mb-gcc" "ASSEMBLER=mb-as" "ARCHIVER=mb-ar" "COMPILER_F
TRACE::2026-06-01.14:20:20::SCWMssOS::LAGS=  -O2 -c -mcpu=v11.0 -mlittle-endian -mxl-soft-mul" "EXTRA_COMPILER_FLAGS=-g -ffunction-sections -fdata-sections -Wall -We
TRACE::2026-06-01.14:20:20::SCWMssOS::xtra -fno-tree-loop-distribute-patterns"

TRACE::2026-06-01.14:20:20::SCWMssOS::"Running Make libs in microblaze_0/libsrc/gpio_v4_9/src"

TRACE::2026-06-01.14:20:20::SCWMssOS::make -C microblaze_0/libsrc/gpio_v4_9/src -s libs  "SHELL=CMD" "COMPILER=mb-gcc" "ASSEMBLER=mb-as" "ARCHIVER=mb-ar" "COMPILER_F
TRACE::2026-06-01.14:20:20::SCWMssOS::LAGS=  -O2 -c -mcpu=v11.0 -mlittle-endian -mxl-soft-mul" "EXTRA_COMPILER_FLAGS=-g -ffunction-sections -fdata-sections -Wall -We
TRACE::2026-06-01.14:20:20::SCWMssOS::xtra -fno-tree-loop-distribute-patterns"

TRACE::2026-06-01.14:20:20::SCWMssOS::"Running Make libs in microblaze_0/libsrc/intc_v3_16/src"

TRACE::2026-06-01.14:20:20::SCWMssOS::make -C microblaze_0/libsrc/intc_v3_16/src -s libs  "SHELL=CMD" "COMPILER=mb-gcc" "ASSEMBLER=mb-as" "ARCHIVER=mb-ar" "COMPILER_
TRACE::2026-06-01.14:20:20::SCWMssOS::FLAGS=  -O2 -c -mcpu=v11.0 -mlittle-endian -mxl-soft-mul" "EXTRA_COMPILER_FLAGS=-g -ffunction-sections -fdata-sections -Wall -W
TRACE::2026-06-01.14:20:20::SCWMssOS::extra -fno-tree-loop-distribute-patterns"

TRACE::2026-06-01.14:20:20::SCWMssOS::"Running Make libs in microblaze_0/libsrc/spi_v4_10/src"

TRACE::2026-06-01.14:20:20::SCWMssOS::make -C microblaze_0/libsrc/spi_v4_10/src -s libs  "SHELL=CMD" "COMPILER=mb-gcc" "ASSEMBLER=mb-as" "ARCHIVER=mb-ar" "COMPILER_F
TRACE::2026-06-01.14:20:20::SCWMssOS::LAGS=  -O2 -c -mcpu=v11.0 -mlittle-endian -mxl-soft-mul" "EXTRA_COMPILER_FLAGS=-g -ffunction-sections -fdata-sections -Wall -We
TRACE::2026-06-01.14:20:20::SCWMssOS::xtra -fno-tree-loop-distribute-patterns"

TRACE::2026-06-01.14:20:20::SCWMssOS::"Running Make libs in microblaze_0/libsrc/standalone_v8_1/src"

TRACE::2026-06-01.14:20:20::SCWMssOS::make -C microblaze_0/libsrc/standalone_v8_1/src -s libs  "SHELL=CMD" "COMPILER=mb-gcc" "ASSEMBLER=mb-as" "ARCHIVER=mb-ar" "COMP
TRACE::2026-06-01.14:20:20::SCWMssOS::ILER_FLAGS=  -O2 -c -mcpu=v11.0 -mlittle-endian -mxl-soft-mul" "EXTRA_COMPILER_FLAGS=-g -ffunction-sections -fdata-sections -Wa
TRACE::2026-06-01.14:20:20::SCWMssOS::ll -Wextra -fno-tree-loop-distribute-patterns"

TRACE::2026-06-01.14:20:20::SCWMssOS::"Running Make libs in microblaze_0/libsrc/uartlite_v3_8/src"

TRACE::2026-06-01.14:20:20::SCWMssOS::make -C microblaze_0/libsrc/uartlite_v3_8/src -s libs  "SHELL=CMD" "COMPILER=mb-gcc" "ASSEMBLER=mb-as" "ARCHIVER=mb-ar" "COMPIL
TRACE::2026-06-01.14:20:20::SCWMssOS::ER_FLAGS=  -O2 -c -mcpu=v11.0 -mlittle-endian -mxl-soft-mul" "EXTRA_COMPILER_FLAGS=-g -ffunction-sections -fdata-sections -Wall
TRACE::2026-06-01.14:20:20::SCWMssOS:: -Wextra -fno-tree-loop-distribute-patterns"

TRACE::2026-06-01.14:20:20::SCWMssOS::'Finished building libraries parallelly.'

TRACE::2026-06-01.14:20:20::SCWMssOS::make --no-print-directory archive

TRACE::2026-06-01.14:20:20::SCWMssOS::mb-ar -r  microblaze_0/lib/libxil.a microblaze_0/lib/_exit.o microblaze_0/lib/errno.o microblaze_0/lib/fcntl.o microblaze_0/lib
TRACE::2026-06-01.14:20:20::SCWMssOS::/hw_exception_handler.o microblaze_0/lib/inbyte.o microblaze_0/lib/microblaze_disable_dcache.o microblaze_0/lib/microblaze_disa
TRACE::2026-06-01.14:20:20::SCWMssOS::ble_exceptions.o microblaze_0/lib/microblaze_disable_icache.o microblaze_0/lib/microblaze_disable_interrupts.o microblaze_0/lib
TRACE::2026-06-01.14:20:20::SCWMssOS::/microblaze_enable_dcache.o microblaze_0/lib/microblaze_enable_exceptions.o microblaze_0/lib/microblaze_enable_icache.o microbl
TRACE::2026-06-01.14:20:20::SCWMssOS::aze_0/lib/microblaze_enable_interrupts.o microblaze_0/lib/microblaze_exception_handler.o microblaze_0/lib/microblaze_flush_cach
TRACE::2026-06-01.14:20:20::SCWMssOS::e_ext.o microblaze_0/lib/microblaze_flush_cache_ext_range.o microblaze_0/lib/microblaze_flush_dcache.o microblaze_0/lib/microbl
TRACE::2026-06-01.14:20:20::SCWMssOS::aze_flush_dcache_range.o microblaze_0/lib/microblaze_init_dcache_range.o microblaze_0/lib/microblaze_init_icache_range.o microb
TRACE::2026-06-01.14:20:20::SCWMssOS::laze_0/lib/microblaze_interrupt_handler.o microblaze_0/lib/microblaze_interrupts_g.o microblaze_0/lib/microblaze_invalidate_cac
TRACE::2026-06-01.14:20:20::SCWMssOS::he_ext.o microblaze_0/lib/microblaze_invalidate_cache_ext_range.o microblaze_0/lib/microblaze_invalidate_dcache.o microblaze_0/
TRACE::2026-06-01.14:20:20::SCWMssOS::lib/microblaze_invalidate_dcache_range.o microblaze_0/lib/microblaze_invalidate_icache.o microblaze_0/lib/microblaze_invalidate
TRACE::2026-06-01.14:20:20::SCWMssOS::_icache_range.o microblaze_0/lib/microblaze_scrub.o microblaze_0/lib/microblaze_selftest.o microblaze_0/lib/microblaze_sleep.o 
TRACE::2026-06-01.14:20:20::SCWMssOS::microblaze_0/lib/microblaze_update_dcache.o microblaze_0/lib/microblaze_update_icache.o microblaze_0/lib/outbyte.o microblaze_0
TRACE::2026-06-01.14:20:20::SCWMssOS::/lib/print.o microblaze_0/lib/pvr.o microblaze_0/lib/xbram.o microblaze_0/lib/xbram_g.o microblaze_0/lib/xbram_intr.o microblaz
TRACE::2026-06-01.14:20:20::SCWMssOS::e_0/lib/xbram_selftest.o microblaze_0/lib/xbram_sinit.o microblaze_0/lib/xgpio.o microblaze_0/lib/xgpio_extra.o microblaze_0/li
TRACE::2026-06-01.14:20:20::SCWMssOS::b/xgpio_g.o microblaze_0/lib/xgpio_intr.o microblaze_0/lib/xgpio_selftest.o microblaze_0/lib/xgpio_sinit.o microblaze_0/lib/xil
TRACE::2026-06-01.14:20:20::SCWMssOS::_assert.o microblaze_0/lib/xil_cache.o microblaze_0/lib/xil_clocking.o microblaze_0/lib/xil_exception.o microblaze_0/lib/xil_me
TRACE::2026-06-01.14:20:20::SCWMssOS::m.o microblaze_0/lib/xil_misc_psreset_api.o microblaze_0/lib/xil_printf.o microblaze_0/lib/xil_sleepcommon.o microblaze_0/lib/x
TRACE::2026-06-01.14:20:20::SCWMssOS::il_testcache.o microblaze_0/lib/xil_testio.o microblaze_0/lib/xil_testmem.o microblaze_0/lib/xil_util.o microblaze_0/lib/xintc.
TRACE::2026-06-01.14:20:20::SCWMssOS::o microblaze_0/lib/xintc_g.o microblaze_0/lib/xintc_intr.o microblaze_0/lib/xintc_l.o microblaze_0/lib/xintc_options.o microbla
TRACE::2026-06-01.14:20:20::SCWMssOS::ze_0/lib/xintc_selftest.o microblaze_0/lib/xinterrupt_wrap.o microblaze_0/lib/xio.o microblaze_0/lib/xplatform_info.o microblaz
TRACE::2026-06-01.14:20:20::SCWMssOS::e_0/lib/xspi.o microblaze_0/lib/xspi_g.o microblaze_0/lib/xspi_options.o microblaze_0/lib/xspi_selftest.o microblaze_0/lib/xspi
TRACE::2026-06-01.14:20:20::SCWMssOS::_sinit.o microblaze_0/lib/xspi_stats.o microblaze_0/lib/xuartlite.o microblaze_0/lib/xuartlite_g.o microblaze_0/lib/xuartlite_i
TRACE::2026-06-01.14:20:20::SCWMssOS::ntr.o microblaze_0/lib/xuartlite_l.o microblaze_0/lib/xuartlite_selftest.o microblaze_0/lib/xuartlite_sinit.o microblaze_0/lib/
TRACE::2026-06-01.14:20:20::SCWMssOS::xuartlite_stats.o

TRACE::2026-06-01.14:20:20::SCWMssOS::'Finished building libraries'

TRACE::2026-06-01.14:20:21::SCWMssOS::Copying to export directory.
TRACE::2026-06-01.14:20:21::SCWMssOS:: Checking if to create the Supporting Applications
TRACE::2026-06-01.14:20:21::SCWMssOS:: No Linux domain exists, trying to generate FSBL 
LOG::2026-06-01.14:20:21::SCWSystem::Completed Processing the domain standalone_microblaze_0
LOG::2026-06-01.14:20:21::SCWSystem::Completed Processing the sysconfig blaze_W5500Top_2023
LOG::2026-06-01.14:20:21::SCWPlatform::Completed generating the artifacts for system configuration blaze_W5500Top_2023
TRACE::2026-06-01.14:20:21::SCWPlatform::Started preparing the platform 
TRACE::2026-06-01.14:20:21::SCWSystem::Writing the bif file for system config blaze_W5500Top_2023
TRACE::2026-06-01.14:20:21::SCWSystem::dir created 
TRACE::2026-06-01.14:20:21::SCWSystem::Writing the bif 
TRACE::2026-06-01.14:20:21::SCWPlatform::Started writing the spfm file 
TRACE::2026-06-01.14:20:21::SCWPlatform::Started writing the xpfm file 
TRACE::2026-06-01.14:20:21::SCWPlatform::Completed generating the platform
TRACE::2026-06-01.14:20:21::SCWMssOS::Saving the mss changes D:/vivado_pj/workspace_blaze_w5500_2023/blaze_W5500Top_2023/microblaze_0/standalone_microblaze_0/bsp/system.mss
TRACE::2026-06-01.14:20:21::SCWMssOS::Found a swdesign opened with the mssfile.
TRACE::2026-06-01.14:20:21::SCWMssOS::Completed writemss as part of save.
TRACE::2026-06-01.14:20:21::SCWMssOS::Commit changes completed.
TRACE::2026-06-01.14:20:21::SCWPlatform::Trying to open the hw design at D:/vivado_pj/workspace_blaze_w5500_2023/blaze_W5500Top_2023/hw/blaze_W5500Top_2023.xsa
TRACE::2026-06-01.14:20:21::SCWPlatform::DSA given D:/vivado_pj/workspace_blaze_w5500_2023/blaze_W5500Top_2023/hw/blaze_W5500Top_2023.xsa
TRACE::2026-06-01.14:20:21::SCWPlatform::DSA absoulate path D:/vivado_pj/workspace_blaze_w5500_2023/blaze_W5500Top_2023/hw/blaze_W5500Top_2023.xsa
TRACE::2026-06-01.14:20:21::SCWPlatform::DSA directory D:/vivado_pj/workspace_blaze_w5500_2023/blaze_W5500Top_2023/hw
TRACE::2026-06-01.14:20:21::SCWPlatform:: Platform Path D:/vivado_pj/workspace_blaze_w5500_2023/blaze_W5500Top_2023/hw/blaze_W5500Top_2023.xsa
TRACE::2026-06-01.14:20:21::SCWPlatform:: Unique name xilinx:::0.0
TRACE::2026-06-01.14:20:21::SCWPlatform::Trying to set the existing hwdb with name blaze_W5500Top_0
TRACE::2026-06-01.14:20:21::SCWPlatform::Opened existing hwdb blaze_W5500Top_0
TRACE::2026-06-01.14:20:21::SCWPlatform::Found the Hw Db part of the input DSA
TRACE::2026-06-01.14:20:21::SCWMssOS::Checking the sw design at  D:/vivado_pj/workspace_blaze_w5500_2023/blaze_W5500Top_2023/microblaze_0/standalone_microblaze_0/bsp/system.mss
TRACE::2026-06-01.14:20:21::SCWMssOS::DEBUG:  swdes dump  D:/vivado_pj/workspace_blaze_w5500_2023/blaze_W5500Top_2023/microblaze_0/standalone_microblaze_0/bsp/system.mss|system||

TRACE::2026-06-01.14:20:21::SCWMssOS::Sw design exists and opened at  D:/vivado_pj/workspace_blaze_w5500_2023/blaze_W5500Top_2023/microblaze_0/standalone_microblaze_0/bsp/system.mss
TRACE::2026-06-01.14:20:21::SCWPlatform::Trying to open the hw design at D:/vivado_pj/workspace_blaze_w5500_2023/blaze_W5500Top_2023/hw/blaze_W5500Top_2023.xsa
TRACE::2026-06-01.14:20:21::SCWPlatform::DSA given D:/vivado_pj/workspace_blaze_w5500_2023/blaze_W5500Top_2023/hw/blaze_W5500Top_2023.xsa
TRACE::2026-06-01.14:20:21::SCWPlatform::DSA absoulate path D:/vivado_pj/workspace_blaze_w5500_2023/blaze_W5500Top_2023/hw/blaze_W5500Top_2023.xsa
TRACE::2026-06-01.14:20:21::SCWPlatform::DSA directory D:/vivado_pj/workspace_blaze_w5500_2023/blaze_W5500Top_2023/hw
TRACE::2026-06-01.14:20:21::SCWPlatform:: Platform Path D:/vivado_pj/workspace_blaze_w5500_2023/blaze_W5500Top_2023/hw/blaze_W5500Top_2023.xsa
TRACE::2026-06-01.14:20:21::SCWPlatform:: Unique name xilinx:::0.0
TRACE::2026-06-01.14:20:21::SCWPlatform::Trying to set the existing hwdb with name blaze_W5500Top_0
TRACE::2026-06-01.14:20:21::SCWPlatform::Opened existing hwdb blaze_W5500Top_0
TRACE::2026-06-01.14:20:21::SCWPlatform::Found the Hw Db part of the input DSA
TRACE::2026-06-01.14:20:21::SCWMssOS::Checking the sw design at  D:/vivado_pj/workspace_blaze_w5500_2023/blaze_W5500Top_2023/microblaze_0/standalone_microblaze_0/bsp/system.mss
TRACE::2026-06-01.14:20:21::SCWMssOS::DEBUG:  swdes dump  D:/vivado_pj/workspace_blaze_w5500_2023/blaze_W5500Top_2023/microblaze_0/standalone_microblaze_0/bsp/system.mss|system||

TRACE::2026-06-01.14:20:21::SCWMssOS::Sw design exists and opened at  D:/vivado_pj/workspace_blaze_w5500_2023/blaze_W5500Top_2023/microblaze_0/standalone_microblaze_0/bsp/system.mss
TRACE::2026-06-01.14:20:21::SCWPlatform::Trying to open the hw design at D:/vivado_pj/workspace_blaze_w5500_2023/blaze_W5500Top_2023/hw/blaze_W5500Top_2023.xsa
TRACE::2026-06-01.14:20:21::SCWPlatform::DSA given D:/vivado_pj/workspace_blaze_w5500_2023/blaze_W5500Top_2023/hw/blaze_W5500Top_2023.xsa
TRACE::2026-06-01.14:20:21::SCWPlatform::DSA absoulate path D:/vivado_pj/workspace_blaze_w5500_2023/blaze_W5500Top_2023/hw/blaze_W5500Top_2023.xsa
TRACE::2026-06-01.14:20:21::SCWPlatform::DSA directory D:/vivado_pj/workspace_blaze_w5500_2023/blaze_W5500Top_2023/hw
TRACE::2026-06-01.14:20:21::SCWPlatform:: Platform Path D:/vivado_pj/workspace_blaze_w5500_2023/blaze_W5500Top_2023/hw/blaze_W5500Top_2023.xsa
TRACE::2026-06-01.14:20:21::SCWPlatform:: Unique name xilinx:::0.0
TRACE::2026-06-01.14:20:21::SCWPlatform::Trying to set the existing hwdb with name blaze_W5500Top_0
TRACE::2026-06-01.14:20:21::SCWPlatform::Opened existing hwdb blaze_W5500Top_0
TRACE::2026-06-01.14:20:21::SCWPlatform::Found the Hw Db part of the input DSA
TRACE::2026-06-01.14:20:21::SCWMssOS::Checking the sw design at  D:/vivado_pj/workspace_blaze_w5500_2023/blaze_W5500Top_2023/microblaze_0/standalone_microblaze_0/bsp/system.mss
TRACE::2026-06-01.14:20:21::SCWMssOS::DEBUG:  swdes dump  D:/vivado_pj/workspace_blaze_w5500_2023/blaze_W5500Top_2023/microblaze_0/standalone_microblaze_0/bsp/system.mss|system||

TRACE::2026-06-01.14:20:21::SCWMssOS::Sw design exists and opened at  D:/vivado_pj/workspace_blaze_w5500_2023/blaze_W5500Top_2023/microblaze_0/standalone_microblaze_0/bsp/system.mss
TRACE::2026-06-01.14:20:21::SCWWriter::formatted JSON is {
	"platformName":	"blaze_W5500Top_2023",
	"sprVersion":	"2.0",
	"mode":	"gui",
	"dsaType":	"Fixed",
	"platformDesc":	"blaze_W5500Top_2023",
	"platHandOff":	"D:/blaze_w5500_2023/project_1/blaze_W5500Top_2023.xsa",
	"platIntHandOff":	"<platformDir>/hw/blaze_W5500Top_2023.xsa",
	"deviceType":	"FPGA",
	"platIsPrebuiltAutogen":	"false",
	"platIsNoBootBsp":	"false",
	"hasFsblMakeHasChanges":	"false",
	"hasPmufwMakeHasChanges":	"false",
	"platPreBuiltFlag":	false,
	"platformSamplesDir":	"",
	"platActiveSys":	"blaze_W5500Top_2023",
	"systems":	[{
			"systemName":	"blaze_W5500Top_2023",
			"systemDesc":	"blaze_W5500Top_2023",
			"sysIsBootAutoGen":	"true",
			"systemDispName":	"blaze_W5500Top_2023",
			"sysActiveDom":	"standalone_microblaze_0",
			"sysDefaultDom":	"standalone_microblaze_0",
			"domains":	[{
					"domainName":	"standalone_microblaze_0",
					"domainDispName":	"standalone_microblaze_0",
					"domainDesc":	"standalone_microblaze_0",
					"processors":	"microblaze_0",
					"os":	"standalone",
					"sdxOs":	"standalone",
					"debugEnable":	"False",
					"domRuntimes":	["cpp"],
					"swRepo":	"",
					"mssOsVer":	"8.1",
					"mssFile":	"",
					"md5Digest":	"0a168e5df40a7ed176c00065c5e90003",
					"compatibleApp":	"hello_world",
					"domType":	"mssDomain",
					"arch":	"32-bit",
					"appSettings":	{
						"appCompilerFlags":	"",
						"appLinkerFlags":	""
					},
					"addedLibs":	[],
					"libOptions":	{
						"libsContainingOptions":	[]
					},
					"prebuiltLibs":	{
						"prebuiltIncPath":	[],
						"prebuiltLibPath":	[]
					},
					"isolation":	{
					}
				}]
		}]
}
KEYINFO::2026-06-01.14:20:21::SCWPlatform::updated the xpfm file.
TRACE::2026-06-01.14:20:21::SCWPlatform::Trying to open the hw design at D:/vivado_pj/workspace_blaze_w5500_2023/blaze_W5500Top_2023/hw/blaze_W5500Top_2023.xsa
TRACE::2026-06-01.14:20:21::SCWPlatform::DSA given D:/vivado_pj/workspace_blaze_w5500_2023/blaze_W5500Top_2023/hw/blaze_W5500Top_2023.xsa
TRACE::2026-06-01.14:20:21::SCWPlatform::DSA absoulate path D:/vivado_pj/workspace_blaze_w5500_2023/blaze_W5500Top_2023/hw/blaze_W5500Top_2023.xsa
TRACE::2026-06-01.14:20:21::SCWPlatform::DSA directory D:/vivado_pj/workspace_blaze_w5500_2023/blaze_W5500Top_2023/hw
TRACE::2026-06-01.14:20:21::SCWPlatform:: Platform Path D:/vivado_pj/workspace_blaze_w5500_2023/blaze_W5500Top_2023/hw/blaze_W5500Top_2023.xsa
TRACE::2026-06-01.14:20:21::SCWPlatform:: Unique name xilinx:::0.0
TRACE::2026-06-01.14:20:21::SCWPlatform::Trying to set the existing hwdb with name blaze_W5500Top_0
TRACE::2026-06-01.14:20:21::SCWPlatform::Opened existing hwdb blaze_W5500Top_0
TRACE::2026-06-01.14:20:21::SCWPlatform::Found the Hw Db part of the input DSA
TRACE::2026-06-01.14:20:21::SCWMssOS::Checking the sw design at  D:/vivado_pj/workspace_blaze_w5500_2023/blaze_W5500Top_2023/microblaze_0/standalone_microblaze_0/bsp/system.mss
TRACE::2026-06-01.14:20:21::SCWMssOS::DEBUG:  swdes dump  D:/vivado_pj/workspace_blaze_w5500_2023/blaze_W5500Top_2023/microblaze_0/standalone_microblaze_0/bsp/system.mss|system||

TRACE::2026-06-01.14:20:21::SCWMssOS::Sw design exists and opened at  D:/vivado_pj/workspace_blaze_w5500_2023/blaze_W5500Top_2023/microblaze_0/standalone_microblaze_0/bsp/system.mss
TRACE::2026-06-01.14:20:29::SCWMssOS::cleaning the bsp 
TRACE::2026-06-01.14:20:29::SCWMssOS::System Command Ran  D: & cd  D:/vivado_pj/workspace_blaze_w5500_2023/blaze_W5500Top_2023/microblaze_0/standalone_microblaze_0/bsp & make clean 
TRACE::2026-06-01.14:20:29::SCWMssOS::make -C microblaze_0/libsrc/bram_v4_8/src -s clean 

TRACE::2026-06-01.14:20:29::SCWMssOS::make -C microblaze_0/libsrc/cpu_v2_17/src -s clean 

TRACE::2026-06-01.14:20:30::SCWMssOS::make -C microblaze_0/libsrc/gpio_v4_9/src -s clean 

TRACE::2026-06-01.14:20:30::SCWMssOS::make -C microblaze_0/libsrc/intc_v3_16/src -s clean 

TRACE::2026-06-01.14:20:30::SCWMssOS::make -C microblaze_0/libsrc/spi_v4_10/src -s clean 

TRACE::2026-06-01.14:20:30::SCWMssOS::make -C microblaze_0/libsrc/standalone_v8_1/src -s clean 

TRACE::2026-06-01.14:20:30::SCWMssOS::make -C microblaze_0/libsrc/uartlite_v3_8/src -s clean 

TRACE::2026-06-01.14:20:30::SCWMssOS::rm -f microblaze_0/lib/libxil.a

TRACE::2026-06-01.14:20:35::SCWMssOS::cleaning the bsp 
TRACE::2026-06-01.14:20:35::SCWMssOS::System Command Ran  D: & cd  D:/vivado_pj/workspace_blaze_w5500_2023/blaze_W5500Top_2023/microblaze_0/standalone_microblaze_0/bsp & make clean 
TRACE::2026-06-01.14:20:35::SCWMssOS::make -C microblaze_0/libsrc/bram_v4_8/src -s clean 

TRACE::2026-06-01.14:20:35::SCWMssOS::make -C microblaze_0/libsrc/cpu_v2_17/src -s clean 

TRACE::2026-06-01.14:20:35::SCWMssOS::make -C microblaze_0/libsrc/gpio_v4_9/src -s clean 

TRACE::2026-06-01.14:20:35::SCWMssOS::make -C microblaze_0/libsrc/intc_v3_16/src -s clean 

TRACE::2026-06-01.14:20:35::SCWMssOS::make -C microblaze_0/libsrc/spi_v4_10/src -s clean 

TRACE::2026-06-01.14:20:35::SCWMssOS::make -C microblaze_0/libsrc/standalone_v8_1/src -s clean 

TRACE::2026-06-01.14:20:35::SCWMssOS::make -C microblaze_0/libsrc/uartlite_v3_8/src -s clean 

TRACE::2026-06-01.14:20:35::SCWMssOS::rm -f microblaze_0/lib/libxil.a

LOG::2026-06-01.14:20:39::SCWPlatform::Started generating the artifacts platform blaze_W5500Top_2023
TRACE::2026-06-01.14:20:39::SCWPlatform::Sanity checking of platform is completed
LOG::2026-06-01.14:20:39::SCWPlatform::Started generating the artifacts for system configuration blaze_W5500Top_2023
LOG::2026-06-01.14:20:39::SCWSystem::Checking the domain standalone_microblaze_0
LOG::2026-06-01.14:20:39::SCWSystem::Not a boot domain 
LOG::2026-06-01.14:20:39::SCWSystem::Started Processing the domain standalone_microblaze_0
TRACE::2026-06-01.14:20:39::SCWDomain::Generating domain artifcats
TRACE::2026-06-01.14:20:39::SCWMssOS::Generating standalone artifcats
TRACE::2026-06-01.14:20:39::SCWMssOS:: Copying the user libraries. 
TRACE::2026-06-01.14:20:39::SCWPlatform::Trying to open the hw design at D:/vivado_pj/workspace_blaze_w5500_2023/blaze_W5500Top_2023/hw/blaze_W5500Top_2023.xsa
TRACE::2026-06-01.14:20:39::SCWPlatform::DSA given D:/vivado_pj/workspace_blaze_w5500_2023/blaze_W5500Top_2023/hw/blaze_W5500Top_2023.xsa
TRACE::2026-06-01.14:20:39::SCWPlatform::DSA absoulate path D:/vivado_pj/workspace_blaze_w5500_2023/blaze_W5500Top_2023/hw/blaze_W5500Top_2023.xsa
TRACE::2026-06-01.14:20:39::SCWPlatform::DSA directory D:/vivado_pj/workspace_blaze_w5500_2023/blaze_W5500Top_2023/hw
TRACE::2026-06-01.14:20:39::SCWPlatform:: Platform Path D:/vivado_pj/workspace_blaze_w5500_2023/blaze_W5500Top_2023/hw/blaze_W5500Top_2023.xsa
TRACE::2026-06-01.14:20:39::SCWPlatform:: Unique name xilinx:::0.0
TRACE::2026-06-01.14:20:39::SCWPlatform::Trying to set the existing hwdb with name blaze_W5500Top_0
TRACE::2026-06-01.14:20:39::SCWPlatform::Opened existing hwdb blaze_W5500Top_0
TRACE::2026-06-01.14:20:39::SCWPlatform::Found the Hw Db part of the input DSA
TRACE::2026-06-01.14:20:39::SCWMssOS::Checking the sw design at  D:/vivado_pj/workspace_blaze_w5500_2023/blaze_W5500Top_2023/microblaze_0/standalone_microblaze_0/bsp/system.mss
TRACE::2026-06-01.14:20:39::SCWMssOS::DEBUG:  swdes dump  D:/vivado_pj/workspace_blaze_w5500_2023/blaze_W5500Top_2023/microblaze_0/standalone_microblaze_0/bsp/system.mss|system||

TRACE::2026-06-01.14:20:39::SCWMssOS::Sw design exists and opened at  D:/vivado_pj/workspace_blaze_w5500_2023/blaze_W5500Top_2023/microblaze_0/standalone_microblaze_0/bsp/system.mss
TRACE::2026-06-01.14:20:39::SCWMssOS::Completed writing the mss file at D:/vivado_pj/workspace_blaze_w5500_2023/blaze_W5500Top_2023/microblaze_0/standalone_microblaze_0/bsp
TRACE::2026-06-01.14:20:39::SCWMssOS::Mss edits present, copying mssfile into export location D:/vivado_pj/workspace_blaze_w5500_2023/blaze_W5500Top_2023/microblaze_0/standalone_microblaze_0/bsp/system.mss
TRACE::2026-06-01.14:20:39::SCWMssOS::bsp generated is upto date with the mss file. Skipping bsp generation.
TRACE::2026-06-01.14:20:39::SCWMssOS::BSP is already built. skipping the bsp build ... 
TRACE::2026-06-01.14:20:39::SCWDomain::Building the domain as part of full build :  standalone_microblaze_0
TRACE::2026-06-01.14:20:39::SCWMssOS::doing bsp build ... 
TRACE::2026-06-01.14:20:39::SCWMssOS::System Command Ran  D: & cd  D:/vivado_pj/workspace_blaze_w5500_2023/blaze_W5500Top_2023/microblaze_0/standalone_microblaze_0/bsp & make 
TRACE::2026-06-01.14:20:39::SCWMssOS::make --no-print-directory seq_libs

TRACE::2026-06-01.14:20:39::SCWMssOS::'Finished building libraries sequentially.'

TRACE::2026-06-01.14:20:39::SCWMssOS::make -j 18 --no-print-directory par_libs

TRACE::2026-06-01.14:20:39::SCWMssOS::"Running Make include in microblaze_0/libsrc/bram_v4_8/src"

TRACE::2026-06-01.14:20:39::SCWMssOS::make -C microblaze_0/libsrc/bram_v4_8/src -s include  "SHELL=CMD" "COMPILER=mb-gcc" "ASSEMBLER=mb-as" "ARCHIVER=mb-ar" "COMPILE
TRACE::2026-06-01.14:20:39::SCWMssOS::R_FLAGS=  -O2 -c -mcpu=v11.0 -mlittle-endian -mxl-soft-mul" "EXTRA_COMPILER_FLAGS=-g -ffunction-sections -fdata-sections -Wall 
TRACE::2026-06-01.14:20:39::SCWMssOS::-Wextra -fno-tree-loop-distribute-patterns"

TRACE::2026-06-01.14:20:39::SCWMssOS::"Running Make include in microblaze_0/libsrc/cpu_v2_17/src"

TRACE::2026-06-01.14:20:39::SCWMssOS::make -C microblaze_0/libsrc/cpu_v2_17/src -s include  "SHELL=CMD" "COMPILER=mb-gcc" "ASSEMBLER=mb-as" "ARCHIVER=mb-ar" "COMPILE
TRACE::2026-06-01.14:20:39::SCWMssOS::R_FLAGS=  -O2 -c -mcpu=v11.0 -mlittle-endian -mxl-soft-mul" "EXTRA_COMPILER_FLAGS=-g -ffunction-sections -fdata-sections -Wall 
TRACE::2026-06-01.14:20:39::SCWMssOS::-Wextra -fno-tree-loop-distribute-patterns"

TRACE::2026-06-01.14:20:39::SCWMssOS::"Running Make include in microblaze_0/libsrc/gpio_v4_9/src"

TRACE::2026-06-01.14:20:39::SCWMssOS::make -C microblaze_0/libsrc/gpio_v4_9/src -s include  "SHELL=CMD" "COMPILER=mb-gcc" "ASSEMBLER=mb-as" "ARCHIVER=mb-ar" "COMPILE
TRACE::2026-06-01.14:20:39::SCWMssOS::R_FLAGS=  -O2 -c -mcpu=v11.0 -mlittle-endian -mxl-soft-mul" "EXTRA_COMPILER_FLAGS=-g -ffunction-sections -fdata-sections -Wall 
TRACE::2026-06-01.14:20:39::SCWMssOS::-Wextra -fno-tree-loop-distribute-patterns"

TRACE::2026-06-01.14:20:39::SCWMssOS::"Running Make include in microblaze_0/libsrc/intc_v3_16/src"

TRACE::2026-06-01.14:20:39::SCWMssOS::make -C microblaze_0/libsrc/intc_v3_16/src -s include  "SHELL=CMD" "COMPILER=mb-gcc" "ASSEMBLER=mb-as" "ARCHIVER=mb-ar" "COMPIL
TRACE::2026-06-01.14:20:39::SCWMssOS::ER_FLAGS=  -O2 -c -mcpu=v11.0 -mlittle-endian -mxl-soft-mul" "EXTRA_COMPILER_FLAGS=-g -ffunction-sections -fdata-sections -Wall
TRACE::2026-06-01.14:20:39::SCWMssOS:: -Wextra -fno-tree-loop-distribute-patterns"

TRACE::2026-06-01.14:20:39::SCWMssOS::"Running Make include in microblaze_0/libsrc/spi_v4_10/src"

TRACE::2026-06-01.14:20:39::SCWMssOS::make -C microblaze_0/libsrc/spi_v4_10/src -s include  "SHELL=CMD" "COMPILER=mb-gcc" "ASSEMBLER=mb-as" "ARCHIVER=mb-ar" "COMPILE
TRACE::2026-06-01.14:20:39::SCWMssOS::R_FLAGS=  -O2 -c -mcpu=v11.0 -mlittle-endian -mxl-soft-mul" "EXTRA_COMPILER_FLAGS=-g -ffunction-sections -fdata-sections -Wall 
TRACE::2026-06-01.14:20:39::SCWMssOS::-Wextra -fno-tree-loop-distribute-patterns"

TRACE::2026-06-01.14:20:39::SCWMssOS::"Running Make include in microblaze_0/libsrc/standalone_v8_1/src"

TRACE::2026-06-01.14:20:39::SCWMssOS::make -C microblaze_0/libsrc/standalone_v8_1/src -s include  "SHELL=CMD" "COMPILER=mb-gcc" "ASSEMBLER=mb-as" "ARCHIVER=mb-ar" "C
TRACE::2026-06-01.14:20:39::SCWMssOS::OMPILER_FLAGS=  -O2 -c -mcpu=v11.0 -mlittle-endian -mxl-soft-mul" "EXTRA_COMPILER_FLAGS=-g -ffunction-sections -fdata-sections 
TRACE::2026-06-01.14:20:39::SCWMssOS::-Wall -Wextra -fno-tree-loop-distribute-patterns"

TRACE::2026-06-01.14:20:39::SCWMssOS::"Running Make include in microblaze_0/libsrc/uartlite_v3_8/src"

TRACE::2026-06-01.14:20:39::SCWMssOS::make -C microblaze_0/libsrc/uartlite_v3_8/src -s include  "SHELL=CMD" "COMPILER=mb-gcc" "ASSEMBLER=mb-as" "ARCHIVER=mb-ar" "COM
TRACE::2026-06-01.14:20:39::SCWMssOS::PILER_FLAGS=  -O2 -c -mcpu=v11.0 -mlittle-endian -mxl-soft-mul" "EXTRA_COMPILER_FLAGS=-g -ffunction-sections -fdata-sections -W
TRACE::2026-06-01.14:20:39::SCWMssOS::all -Wextra -fno-tree-loop-distribute-patterns"

TRACE::2026-06-01.14:20:39::SCWMssOS::"Running Make libs in microblaze_0/libsrc/bram_v4_8/src"

TRACE::2026-06-01.14:20:39::SCWMssOS::make -C microblaze_0/libsrc/bram_v4_8/src -s libs  "SHELL=CMD" "COMPILER=mb-gcc" "ASSEMBLER=mb-as" "ARCHIVER=mb-ar" "COMPILER_F
TRACE::2026-06-01.14:20:39::SCWMssOS::LAGS=  -O2 -c -mcpu=v11.0 -mlittle-endian -mxl-soft-mul" "EXTRA_COMPILER_FLAGS=-g -ffunction-sections -fdata-sections -Wall -We
TRACE::2026-06-01.14:20:39::SCWMssOS::xtra -fno-tree-loop-distribute-patterns"

TRACE::2026-06-01.14:20:39::SCWMssOS::"Running Make libs in microblaze_0/libsrc/cpu_v2_17/src"

TRACE::2026-06-01.14:20:39::SCWMssOS::make -C microblaze_0/libsrc/cpu_v2_17/src -s libs  "SHELL=CMD" "COMPILER=mb-gcc" "ASSEMBLER=mb-as" "ARCHIVER=mb-ar" "COMPILER_F
TRACE::2026-06-01.14:20:39::SCWMssOS::LAGS=  -O2 -c -mcpu=v11.0 -mlittle-endian -mxl-soft-mul" "EXTRA_COMPILER_FLAGS=-g -ffunction-sections -fdata-sections -Wall -We
TRACE::2026-06-01.14:20:39::SCWMssOS::xtra -fno-tree-loop-distribute-patterns"

TRACE::2026-06-01.14:20:39::SCWMssOS::"Running Make libs in microblaze_0/libsrc/gpio_v4_9/src"

TRACE::2026-06-01.14:20:39::SCWMssOS::make -C microblaze_0/libsrc/gpio_v4_9/src -s libs  "SHELL=CMD" "COMPILER=mb-gcc" "ASSEMBLER=mb-as" "ARCHIVER=mb-ar" "COMPILER_F
TRACE::2026-06-01.14:20:39::SCWMssOS::LAGS=  -O2 -c -mcpu=v11.0 -mlittle-endian -mxl-soft-mul" "EXTRA_COMPILER_FLAGS=-g -ffunction-sections -fdata-sections -Wall -We
TRACE::2026-06-01.14:20:39::SCWMssOS::xtra -fno-tree-loop-distribute-patterns"

TRACE::2026-06-01.14:20:39::SCWMssOS::"Running Make libs in microblaze_0/libsrc/intc_v3_16/src"

TRACE::2026-06-01.14:20:39::SCWMssOS::make -C microblaze_0/libsrc/intc_v3_16/src -s libs  "SHELL=CMD" "COMPILER=mb-gcc" "ASSEMBLER=mb-as" "ARCHIVER=mb-ar" "COMPILER_
TRACE::2026-06-01.14:20:39::SCWMssOS::FLAGS=  -O2 -c -mcpu=v11.0 -mlittle-endian -mxl-soft-mul" "EXTRA_COMPILER_FLAGS=-g -ffunction-sections -fdata-sections -Wall -W
TRACE::2026-06-01.14:20:39::SCWMssOS::extra -fno-tree-loop-distribute-patterns"

TRACE::2026-06-01.14:20:39::SCWMssOS::"Running Make libs in microblaze_0/libsrc/spi_v4_10/src"

TRACE::2026-06-01.14:20:39::SCWMssOS::make -C microblaze_0/libsrc/spi_v4_10/src -s libs  "SHELL=CMD" "COMPILER=mb-gcc" "ASSEMBLER=mb-as" "ARCHIVER=mb-ar" "COMPILER_F
TRACE::2026-06-01.14:20:39::SCWMssOS::LAGS=  -O2 -c -mcpu=v11.0 -mlittle-endian -mxl-soft-mul" "EXTRA_COMPILER_FLAGS=-g -ffunction-sections -fdata-sections -Wall -We
TRACE::2026-06-01.14:20:39::SCWMssOS::xtra -fno-tree-loop-distribute-patterns"

TRACE::2026-06-01.14:20:39::SCWMssOS::"Running Make libs in microblaze_0/libsrc/standalone_v8_1/src"

TRACE::2026-06-01.14:20:39::SCWMssOS::make -C microblaze_0/libsrc/standalone_v8_1/src -s libs  "SHELL=CMD" "COMPILER=mb-gcc" "ASSEMBLER=mb-as" "ARCHIVER=mb-ar" "COMP
TRACE::2026-06-01.14:20:39::SCWMssOS::ILER_FLAGS=  -O2 -c -mcpu=v11.0 -mlittle-endian -mxl-soft-mul" "EXTRA_COMPILER_FLAGS=-g -ffunction-sections -fdata-sections -Wa
TRACE::2026-06-01.14:20:39::SCWMssOS::ll -Wextra -fno-tree-loop-distribute-patterns"

TRACE::2026-06-01.14:20:39::SCWMssOS::"Running Make libs in microblaze_0/libsrc/uartlite_v3_8/src"

TRACE::2026-06-01.14:20:40::SCWMssOS::make -C microblaze_0/libsrc/uartlite_v3_8/src -s libs  "SHELL=CMD" "COMPILER=mb-gcc" "ASSEMBLER=mb-as" "ARCHIVER=mb-ar" "COMPIL
TRACE::2026-06-01.14:20:40::SCWMssOS::ER_FLAGS=  -O2 -c -mcpu=v11.0 -mlittle-endian -mxl-soft-mul" "EXTRA_COMPILER_FLAGS=-g -ffunction-sections -fdata-sections -Wall
TRACE::2026-06-01.14:20:40::SCWMssOS:: -Wextra -fno-tree-loop-distribute-patterns"

TRACE::2026-06-01.14:20:40::SCWMssOS::"DEBUG NON_LTO_OBJECTS is ../../../lib/microblaze_interrupt_handler.o"

TRACE::2026-06-01.14:20:40::SCWMssOS::'Finished building libraries parallelly.'

TRACE::2026-06-01.14:20:40::SCWMssOS::make --no-print-directory archive

TRACE::2026-06-01.14:20:40::SCWMssOS::mb-ar -r  microblaze_0/lib/libxil.a microblaze_0/lib/_exit.o microblaze_0/lib/errno.o microblaze_0/lib/fcntl.o microblaze_0/lib
TRACE::2026-06-01.14:20:40::SCWMssOS::/hw_exception_handler.o microblaze_0/lib/inbyte.o microblaze_0/lib/microblaze_disable_dcache.o microblaze_0/lib/microblaze_disa
TRACE::2026-06-01.14:20:40::SCWMssOS::ble_exceptions.o microblaze_0/lib/microblaze_disable_icache.o microblaze_0/lib/microblaze_disable_interrupts.o microblaze_0/lib
TRACE::2026-06-01.14:20:40::SCWMssOS::/microblaze_enable_dcache.o microblaze_0/lib/microblaze_enable_exceptions.o microblaze_0/lib/microblaze_enable_icache.o microbl
TRACE::2026-06-01.14:20:40::SCWMssOS::aze_0/lib/microblaze_enable_interrupts.o microblaze_0/lib/microblaze_exception_handler.o microblaze_0/lib/microblaze_flush_cach
TRACE::2026-06-01.14:20:40::SCWMssOS::e_ext.o microblaze_0/lib/microblaze_flush_cache_ext_range.o microblaze_0/lib/microblaze_flush_dcache.o microblaze_0/lib/microbl
TRACE::2026-06-01.14:20:40::SCWMssOS::aze_flush_dcache_range.o microblaze_0/lib/microblaze_init_dcache_range.o microblaze_0/lib/microblaze_init_icache_range.o microb
TRACE::2026-06-01.14:20:40::SCWMssOS::laze_0/lib/microblaze_interrupt_handler.o microblaze_0/lib/microblaze_interrupts_g.o microblaze_0/lib/microblaze_invalidate_cac
TRACE::2026-06-01.14:20:40::SCWMssOS::he_ext.o microblaze_0/lib/microblaze_invalidate_cache_ext_range.o microblaze_0/lib/microblaze_invalidate_dcache.o microblaze_0/
TRACE::2026-06-01.14:20:40::SCWMssOS::lib/microblaze_invalidate_dcache_range.o microblaze_0/lib/microblaze_invalidate_icache.o microblaze_0/lib/microblaze_invalidate
TRACE::2026-06-01.14:20:40::SCWMssOS::_icache_range.o microblaze_0/lib/microblaze_scrub.o microblaze_0/lib/microblaze_selftest.o microblaze_0/lib/microblaze_sleep.o 
TRACE::2026-06-01.14:20:40::SCWMssOS::microblaze_0/lib/microblaze_update_dcache.o microblaze_0/lib/microblaze_update_icache.o microblaze_0/lib/outbyte.o microblaze_0
TRACE::2026-06-01.14:20:40::SCWMssOS::/lib/print.o microblaze_0/lib/pvr.o microblaze_0/lib/xbram.o microblaze_0/lib/xbram_g.o microblaze_0/lib/xbram_intr.o microblaz
TRACE::2026-06-01.14:20:40::SCWMssOS::e_0/lib/xbram_selftest.o microblaze_0/lib/xbram_sinit.o microblaze_0/lib/xgpio.o microblaze_0/lib/xgpio_extra.o microblaze_0/li
TRACE::2026-06-01.14:20:40::SCWMssOS::b/xgpio_g.o microblaze_0/lib/xgpio_intr.o microblaze_0/lib/xgpio_selftest.o microblaze_0/lib/xgpio_sinit.o microblaze_0/lib/xil
TRACE::2026-06-01.14:20:40::SCWMssOS::_assert.o microblaze_0/lib/xil_cache.o microblaze_0/lib/xil_clocking.o microblaze_0/lib/xil_exception.o microblaze_0/lib/xil_me
TRACE::2026-06-01.14:20:40::SCWMssOS::m.o microblaze_0/lib/xil_misc_psreset_api.o microblaze_0/lib/xil_printf.o microblaze_0/lib/xil_sleepcommon.o microblaze_0/lib/x
TRACE::2026-06-01.14:20:40::SCWMssOS::il_testcache.o microblaze_0/lib/xil_testio.o microblaze_0/lib/xil_testmem.o microblaze_0/lib/xil_util.o microblaze_0/lib/xintc.
TRACE::2026-06-01.14:20:40::SCWMssOS::o microblaze_0/lib/xintc_g.o microblaze_0/lib/xintc_intr.o microblaze_0/lib/xintc_l.o microblaze_0/lib/xintc_options.o microbla
TRACE::2026-06-01.14:20:40::SCWMssOS::ze_0/lib/xintc_selftest.o microblaze_0/lib/xinterrupt_wrap.o microblaze_0/lib/xio.o microblaze_0/lib/xplatform_info.o microblaz
TRACE::2026-06-01.14:20:40::SCWMssOS::e_0/lib/xspi.o microblaze_0/lib/xspi_g.o microblaze_0/lib/xspi_options.o microblaze_0/lib/xspi_selftest.o microblaze_0/lib/xspi
TRACE::2026-06-01.14:20:40::SCWMssOS::_sinit.o microblaze_0/lib/xspi_stats.o microblaze_0/lib/xuartlite.o microblaze_0/lib/xuartlite_g.o microblaze_0/lib/xuartlite_i
TRACE::2026-06-01.14:20:40::SCWMssOS::ntr.o microblaze_0/lib/xuartlite_l.o microblaze_0/lib/xuartlite_selftest.o microblaze_0/lib/xuartlite_sinit.o microblaze_0/lib/
TRACE::2026-06-01.14:20:40::SCWMssOS::xuartlite_stats.o

TRACE::2026-06-01.14:20:40::SCWMssOS::'Finished building libraries'

TRACE::2026-06-01.14:20:40::SCWMssOS::Copying to export directory.
TRACE::2026-06-01.14:20:41::SCWMssOS:: Checking if to create the Supporting Applications
TRACE::2026-06-01.14:20:41::SCWMssOS:: No Linux domain exists, trying to generate FSBL 
LOG::2026-06-01.14:20:41::SCWSystem::Completed Processing the domain standalone_microblaze_0
LOG::2026-06-01.14:20:41::SCWSystem::Completed Processing the sysconfig blaze_W5500Top_2023
LOG::2026-06-01.14:20:41::SCWPlatform::Completed generating the artifacts for system configuration blaze_W5500Top_2023
TRACE::2026-06-01.14:20:41::SCWPlatform::Started preparing the platform 
TRACE::2026-06-01.14:20:41::SCWSystem::Writing the bif file for system config blaze_W5500Top_2023
TRACE::2026-06-01.14:20:41::SCWSystem::dir created 
TRACE::2026-06-01.14:20:41::SCWSystem::Writing the bif 
TRACE::2026-06-01.14:20:41::SCWPlatform::Started writing the spfm file 
TRACE::2026-06-01.14:20:41::SCWPlatform::Started writing the xpfm file 
TRACE::2026-06-01.14:20:41::SCWPlatform::Completed generating the platform
TRACE::2026-06-01.14:20:41::SCWMssOS::Saving the mss changes D:/vivado_pj/workspace_blaze_w5500_2023/blaze_W5500Top_2023/microblaze_0/standalone_microblaze_0/bsp/system.mss
TRACE::2026-06-01.14:20:41::SCWMssOS::Found a swdesign opened with the mssfile.
TRACE::2026-06-01.14:20:41::SCWMssOS::Completed writemss as part of save.
TRACE::2026-06-01.14:20:41::SCWMssOS::Commit changes completed.
TRACE::2026-06-01.14:20:41::SCWPlatform::Trying to open the hw design at D:/vivado_pj/workspace_blaze_w5500_2023/blaze_W5500Top_2023/hw/blaze_W5500Top_2023.xsa
TRACE::2026-06-01.14:20:41::SCWPlatform::DSA given D:/vivado_pj/workspace_blaze_w5500_2023/blaze_W5500Top_2023/hw/blaze_W5500Top_2023.xsa
TRACE::2026-06-01.14:20:41::SCWPlatform::DSA absoulate path D:/vivado_pj/workspace_blaze_w5500_2023/blaze_W5500Top_2023/hw/blaze_W5500Top_2023.xsa
TRACE::2026-06-01.14:20:41::SCWPlatform::DSA directory D:/vivado_pj/workspace_blaze_w5500_2023/blaze_W5500Top_2023/hw
TRACE::2026-06-01.14:20:41::SCWPlatform:: Platform Path D:/vivado_pj/workspace_blaze_w5500_2023/blaze_W5500Top_2023/hw/blaze_W5500Top_2023.xsa
TRACE::2026-06-01.14:20:41::SCWPlatform:: Unique name xilinx:::0.0
TRACE::2026-06-01.14:20:41::SCWPlatform::Trying to set the existing hwdb with name blaze_W5500Top_0
TRACE::2026-06-01.14:20:41::SCWPlatform::Opened existing hwdb blaze_W5500Top_0
TRACE::2026-06-01.14:20:41::SCWPlatform::Found the Hw Db part of the input DSA
TRACE::2026-06-01.14:20:41::SCWMssOS::Checking the sw design at  D:/vivado_pj/workspace_blaze_w5500_2023/blaze_W5500Top_2023/microblaze_0/standalone_microblaze_0/bsp/system.mss
TRACE::2026-06-01.14:20:41::SCWMssOS::DEBUG:  swdes dump  D:/vivado_pj/workspace_blaze_w5500_2023/blaze_W5500Top_2023/microblaze_0/standalone_microblaze_0/bsp/system.mss|system||

TRACE::2026-06-01.14:20:41::SCWMssOS::Sw design exists and opened at  D:/vivado_pj/workspace_blaze_w5500_2023/blaze_W5500Top_2023/microblaze_0/standalone_microblaze_0/bsp/system.mss
TRACE::2026-06-01.14:20:41::SCWPlatform::Trying to open the hw design at D:/vivado_pj/workspace_blaze_w5500_2023/blaze_W5500Top_2023/hw/blaze_W5500Top_2023.xsa
TRACE::2026-06-01.14:20:41::SCWPlatform::DSA given D:/vivado_pj/workspace_blaze_w5500_2023/blaze_W5500Top_2023/hw/blaze_W5500Top_2023.xsa
TRACE::2026-06-01.14:20:41::SCWPlatform::DSA absoulate path D:/vivado_pj/workspace_blaze_w5500_2023/blaze_W5500Top_2023/hw/blaze_W5500Top_2023.xsa
TRACE::2026-06-01.14:20:41::SCWPlatform::DSA directory D:/vivado_pj/workspace_blaze_w5500_2023/blaze_W5500Top_2023/hw
TRACE::2026-06-01.14:20:41::SCWPlatform:: Platform Path D:/vivado_pj/workspace_blaze_w5500_2023/blaze_W5500Top_2023/hw/blaze_W5500Top_2023.xsa
TRACE::2026-06-01.14:20:41::SCWPlatform:: Unique name xilinx:::0.0
TRACE::2026-06-01.14:20:41::SCWPlatform::Trying to set the existing hwdb with name blaze_W5500Top_0
TRACE::2026-06-01.14:20:41::SCWPlatform::Opened existing hwdb blaze_W5500Top_0
TRACE::2026-06-01.14:20:41::SCWPlatform::Found the Hw Db part of the input DSA
TRACE::2026-06-01.14:20:41::SCWMssOS::Checking the sw design at  D:/vivado_pj/workspace_blaze_w5500_2023/blaze_W5500Top_2023/microblaze_0/standalone_microblaze_0/bsp/system.mss
TRACE::2026-06-01.14:20:41::SCWMssOS::DEBUG:  swdes dump  D:/vivado_pj/workspace_blaze_w5500_2023/blaze_W5500Top_2023/microblaze_0/standalone_microblaze_0/bsp/system.mss|system||

TRACE::2026-06-01.14:20:41::SCWMssOS::Sw design exists and opened at  D:/vivado_pj/workspace_blaze_w5500_2023/blaze_W5500Top_2023/microblaze_0/standalone_microblaze_0/bsp/system.mss
TRACE::2026-06-01.14:20:41::SCWPlatform::Trying to open the hw design at D:/vivado_pj/workspace_blaze_w5500_2023/blaze_W5500Top_2023/hw/blaze_W5500Top_2023.xsa
TRACE::2026-06-01.14:20:41::SCWPlatform::DSA given D:/vivado_pj/workspace_blaze_w5500_2023/blaze_W5500Top_2023/hw/blaze_W5500Top_2023.xsa
TRACE::2026-06-01.14:20:41::SCWPlatform::DSA absoulate path D:/vivado_pj/workspace_blaze_w5500_2023/blaze_W5500Top_2023/hw/blaze_W5500Top_2023.xsa
TRACE::2026-06-01.14:20:41::SCWPlatform::DSA directory D:/vivado_pj/workspace_blaze_w5500_2023/blaze_W5500Top_2023/hw
TRACE::2026-06-01.14:20:41::SCWPlatform:: Platform Path D:/vivado_pj/workspace_blaze_w5500_2023/blaze_W5500Top_2023/hw/blaze_W5500Top_2023.xsa
TRACE::2026-06-01.14:20:41::SCWPlatform:: Unique name xilinx:::0.0
TRACE::2026-06-01.14:20:41::SCWPlatform::Trying to set the existing hwdb with name blaze_W5500Top_0
TRACE::2026-06-01.14:20:41::SCWPlatform::Opened existing hwdb blaze_W5500Top_0
TRACE::2026-06-01.14:20:41::SCWPlatform::Found the Hw Db part of the input DSA
TRACE::2026-06-01.14:20:41::SCWMssOS::Checking the sw design at  D:/vivado_pj/workspace_blaze_w5500_2023/blaze_W5500Top_2023/microblaze_0/standalone_microblaze_0/bsp/system.mss
TRACE::2026-06-01.14:20:41::SCWMssOS::DEBUG:  swdes dump  D:/vivado_pj/workspace_blaze_w5500_2023/blaze_W5500Top_2023/microblaze_0/standalone_microblaze_0/bsp/system.mss|system||

TRACE::2026-06-01.14:20:41::SCWMssOS::Sw design exists and opened at  D:/vivado_pj/workspace_blaze_w5500_2023/blaze_W5500Top_2023/microblaze_0/standalone_microblaze_0/bsp/system.mss
TRACE::2026-06-01.14:20:41::SCWWriter::formatted JSON is {
	"platformName":	"blaze_W5500Top_2023",
	"sprVersion":	"2.0",
	"mode":	"gui",
	"dsaType":	"Fixed",
	"platformDesc":	"blaze_W5500Top_2023",
	"platHandOff":	"D:/blaze_w5500_2023/project_1/blaze_W5500Top_2023.xsa",
	"platIntHandOff":	"<platformDir>/hw/blaze_W5500Top_2023.xsa",
	"deviceType":	"FPGA",
	"platIsPrebuiltAutogen":	"false",
	"platIsNoBootBsp":	"false",
	"hasFsblMakeHasChanges":	"false",
	"hasPmufwMakeHasChanges":	"false",
	"platPreBuiltFlag":	false,
	"platformSamplesDir":	"",
	"platActiveSys":	"blaze_W5500Top_2023",
	"systems":	[{
			"systemName":	"blaze_W5500Top_2023",
			"systemDesc":	"blaze_W5500Top_2023",
			"sysIsBootAutoGen":	"true",
			"systemDispName":	"blaze_W5500Top_2023",
			"sysActiveDom":	"standalone_microblaze_0",
			"sysDefaultDom":	"standalone_microblaze_0",
			"domains":	[{
					"domainName":	"standalone_microblaze_0",
					"domainDispName":	"standalone_microblaze_0",
					"domainDesc":	"standalone_microblaze_0",
					"processors":	"microblaze_0",
					"os":	"standalone",
					"sdxOs":	"standalone",
					"debugEnable":	"False",
					"domRuntimes":	["cpp"],
					"swRepo":	"",
					"mssOsVer":	"8.1",
					"mssFile":	"",
					"md5Digest":	"0a168e5df40a7ed176c00065c5e90003",
					"compatibleApp":	"hello_world",
					"domType":	"mssDomain",
					"arch":	"32-bit",
					"appSettings":	{
						"appCompilerFlags":	"",
						"appLinkerFlags":	""
					},
					"addedLibs":	[],
					"libOptions":	{
						"libsContainingOptions":	[]
					},
					"prebuiltLibs":	{
						"prebuiltIncPath":	[],
						"prebuiltLibPath":	[]
					},
					"isolation":	{
					}
				}]
		}]
}
KEYINFO::2026-06-01.14:20:41::SCWPlatform::updated the xpfm file.
TRACE::2026-06-01.14:20:41::SCWPlatform::Trying to open the hw design at D:/vivado_pj/workspace_blaze_w5500_2023/blaze_W5500Top_2023/hw/blaze_W5500Top_2023.xsa
TRACE::2026-06-01.14:20:41::SCWPlatform::DSA given D:/vivado_pj/workspace_blaze_w5500_2023/blaze_W5500Top_2023/hw/blaze_W5500Top_2023.xsa
TRACE::2026-06-01.14:20:41::SCWPlatform::DSA absoulate path D:/vivado_pj/workspace_blaze_w5500_2023/blaze_W5500Top_2023/hw/blaze_W5500Top_2023.xsa
TRACE::2026-06-01.14:20:41::SCWPlatform::DSA directory D:/vivado_pj/workspace_blaze_w5500_2023/blaze_W5500Top_2023/hw
TRACE::2026-06-01.14:20:41::SCWPlatform:: Platform Path D:/vivado_pj/workspace_blaze_w5500_2023/blaze_W5500Top_2023/hw/blaze_W5500Top_2023.xsa
TRACE::2026-06-01.14:20:41::SCWPlatform:: Unique name xilinx:::0.0
TRACE::2026-06-01.14:20:41::SCWPlatform::Trying to set the existing hwdb with name blaze_W5500Top_0
TRACE::2026-06-01.14:20:41::SCWPlatform::Opened existing hwdb blaze_W5500Top_0
TRACE::2026-06-01.14:20:41::SCWPlatform::Found the Hw Db part of the input DSA
TRACE::2026-06-01.14:20:41::SCWMssOS::Checking the sw design at  D:/vivado_pj/workspace_blaze_w5500_2023/blaze_W5500Top_2023/microblaze_0/standalone_microblaze_0/bsp/system.mss
TRACE::2026-06-01.14:20:41::SCWMssOS::DEBUG:  swdes dump  D:/vivado_pj/workspace_blaze_w5500_2023/blaze_W5500Top_2023/microblaze_0/standalone_microblaze_0/bsp/system.mss|system||

TRACE::2026-06-01.14:20:41::SCWMssOS::Sw design exists and opened at  D:/vivado_pj/workspace_blaze_w5500_2023/blaze_W5500Top_2023/microblaze_0/standalone_microblaze_0/bsp/system.mss
