TRACE::2026-06-04.16:49:21::SCWPlatform::Trying to open the hw design at D:/vivado_pj/userMap2023_2/userMapTop1/hw/userMapTop1.xsa
TRACE::2026-06-04.16:49:21::SCWPlatform::DSA given D:/vivado_pj/userMap2023_2/userMapTop1/hw/userMapTop1.xsa
TRACE::2026-06-04.16:49:21::SCWPlatform::DSA absoulate path D:/vivado_pj/userMap2023_2/userMapTop1/hw/userMapTop1.xsa
TRACE::2026-06-04.16:49:21::SCWPlatform::DSA directory D:/vivado_pj/userMap2023_2/userMapTop1/hw
TRACE::2026-06-04.16:49:21::SCWPlatform:: Platform Path D:/vivado_pj/userMap2023_2/userMapTop1/hw/userMapTop1.xsa
TRACE::2026-06-04.16:49:21::SCWPlatform:: Unique name xilinx:basys3::0.0
TRACE::2026-06-04.16:49:21::SCWPlatform::Do not have an existing db opened. 
TRACE::2026-06-04.16:49:21::SCWPlatform::Opened new HwDB with name userMapTop_0
TRACE::2026-06-04.16:49:21::SCWWriter::formatted JSON is {
	"platformName":	"userMapTop1",
	"sprVersion":	"2.0",
	"mode":	"gui",
	"dsaType":	"Fixed",
	"platformDesc":	"userMapTop1",
	"platHandOff":	"D:/vivado_pj/userMap/userMapTop1.xsa",
	"platIntHandOff":	"<platformDir>/hw/userMapTop1.xsa",
	"deviceType":	"FPGA",
	"platIsPrebuiltAutogen":	"false",
	"platIsNoBootBsp":	"false",
	"hasFsblMakeHasChanges":	"false",
	"hasPmufwMakeHasChanges":	"false",
	"platPreBuiltFlag":	false,
	"platformSamplesDir":	""
}
TRACE::2026-06-04.16:49:21::SCWWriter::formatted JSON is {
	"platformName":	"userMapTop1",
	"sprVersion":	"2.0",
	"mode":	"gui",
	"dsaType":	"Fixed",
	"platformDesc":	"userMapTop1",
	"platHandOff":	"D:/vivado_pj/userMap/userMapTop1.xsa",
	"platIntHandOff":	"<platformDir>/hw/userMapTop1.xsa",
	"deviceType":	"FPGA",
	"platIsPrebuiltAutogen":	"false",
	"platIsNoBootBsp":	"false",
	"hasFsblMakeHasChanges":	"false",
	"hasPmufwMakeHasChanges":	"false",
	"platPreBuiltFlag":	false,
	"platformSamplesDir":	"",
	"platActiveSys":	"userMapTop1",
	"systems":	[{
			"systemName":	"userMapTop1",
			"systemDesc":	"userMapTop1",
			"sysIsBootAutoGen":	"true",
			"systemDispName":	"userMapTop1"
		}]
}
TRACE::2026-06-04.16:49:21::SCWPlatform::Boot application domains not present, creating them
TRACE::2026-06-04.16:49:21::SCWPlatform::Pure FPGA device, no boot application will be created.
TRACE::2026-06-04.16:49:21::SCWWriter::formatted JSON is {
	"platformName":	"userMapTop1",
	"sprVersion":	"2.0",
	"mode":	"gui",
	"dsaType":	"Fixed",
	"platformDesc":	"userMapTop1",
	"platHandOff":	"D:/vivado_pj/userMap/userMapTop1.xsa",
	"platIntHandOff":	"<platformDir>/hw/userMapTop1.xsa",
	"deviceType":	"FPGA",
	"platIsPrebuiltAutogen":	"false",
	"platIsNoBootBsp":	"false",
	"hasFsblMakeHasChanges":	"false",
	"hasPmufwMakeHasChanges":	"false",
	"platPreBuiltFlag":	false,
	"platformSamplesDir":	"",
	"platActiveSys":	"userMapTop1",
	"systems":	[{
			"systemName":	"userMapTop1",
			"systemDesc":	"userMapTop1",
			"sysIsBootAutoGen":	"true",
			"systemDispName":	"userMapTop1"
		}]
}
TRACE::2026-06-04.16:49:21::SCWWriter::formatted JSON is {
	"platformName":	"userMapTop1",
	"sprVersion":	"2.0",
	"mode":	"gui",
	"dsaType":	"Fixed",
	"platformDesc":	"userMapTop1",
	"platHandOff":	"D:/vivado_pj/userMap/userMapTop1.xsa",
	"platIntHandOff":	"<platformDir>/hw/userMapTop1.xsa",
	"deviceType":	"FPGA",
	"platIsPrebuiltAutogen":	"false",
	"platIsNoBootBsp":	"false",
	"hasFsblMakeHasChanges":	"false",
	"hasPmufwMakeHasChanges":	"false",
	"platPreBuiltFlag":	false,
	"platformSamplesDir":	"",
	"platActiveSys":	"userMapTop1",
	"systems":	[{
			"systemName":	"userMapTop1",
			"systemDesc":	"userMapTop1",
			"sysIsBootAutoGen":	"true",
			"systemDispName":	"userMapTop1"
		}]
}
TRACE::2026-06-04.16:49:21::SCWPlatform::Trying to open the hw design at D:/vivado_pj/userMap2023_2/userMapTop1/hw/userMapTop1.xsa
TRACE::2026-06-04.16:49:21::SCWPlatform::DSA given D:/vivado_pj/userMap2023_2/userMapTop1/hw/userMapTop1.xsa
TRACE::2026-06-04.16:49:21::SCWPlatform::DSA absoulate path D:/vivado_pj/userMap2023_2/userMapTop1/hw/userMapTop1.xsa
TRACE::2026-06-04.16:49:21::SCWPlatform::DSA directory D:/vivado_pj/userMap2023_2/userMapTop1/hw
TRACE::2026-06-04.16:49:21::SCWPlatform:: Platform Path D:/vivado_pj/userMap2023_2/userMapTop1/hw/userMapTop1.xsa
TRACE::2026-06-04.16:49:21::SCWPlatform:: Unique name xilinx:basys3::0.0
TRACE::2026-06-04.16:49:21::SCWPlatform::Trying to set the existing hwdb with name userMapTop_0
TRACE::2026-06-04.16:49:21::SCWPlatform::Opened existing hwdb userMapTop_0
TRACE::2026-06-04.16:49:21::SCWPlatform::Found the Hw Db part of the input DSA
TRACE::2026-06-04.16:49:21::SCWPlatform::Trying to open the hw design at D:/vivado_pj/userMap2023_2/userMapTop1/hw/userMapTop1.xsa
TRACE::2026-06-04.16:49:21::SCWPlatform::DSA given D:/vivado_pj/userMap2023_2/userMapTop1/hw/userMapTop1.xsa
TRACE::2026-06-04.16:49:21::SCWPlatform::DSA absoulate path D:/vivado_pj/userMap2023_2/userMapTop1/hw/userMapTop1.xsa
TRACE::2026-06-04.16:49:21::SCWPlatform::DSA directory D:/vivado_pj/userMap2023_2/userMapTop1/hw
TRACE::2026-06-04.16:49:21::SCWPlatform:: Platform Path D:/vivado_pj/userMap2023_2/userMapTop1/hw/userMapTop1.xsa
TRACE::2026-06-04.16:49:21::SCWPlatform:: Unique name xilinx:basys3::0.0
TRACE::2026-06-04.16:49:21::SCWPlatform::Trying to set the existing hwdb with name userMapTop_0
TRACE::2026-06-04.16:49:21::SCWPlatform::Opened existing hwdb userMapTop_0
TRACE::2026-06-04.16:49:21::SCWPlatform::Found the Hw Db part of the input DSA
TRACE::2026-06-04.16:49:21::SCWDomain::checking for install qemu data   : 
TRACE::2026-06-04.16:49:21::SCWPlatform::Trying to open the hw design at D:/vivado_pj/userMap2023_2/userMapTop1/hw/userMapTop1.xsa
TRACE::2026-06-04.16:49:21::SCWPlatform::DSA given D:/vivado_pj/userMap2023_2/userMapTop1/hw/userMapTop1.xsa
TRACE::2026-06-04.16:49:21::SCWPlatform::DSA absoulate path D:/vivado_pj/userMap2023_2/userMapTop1/hw/userMapTop1.xsa
TRACE::2026-06-04.16:49:21::SCWPlatform::DSA directory D:/vivado_pj/userMap2023_2/userMapTop1/hw
TRACE::2026-06-04.16:49:21::SCWPlatform:: Platform Path D:/vivado_pj/userMap2023_2/userMapTop1/hw/userMapTop1.xsa
TRACE::2026-06-04.16:49:21::SCWPlatform:: Unique name xilinx:basys3::0.0
TRACE::2026-06-04.16:49:21::SCWPlatform::Trying to set the existing hwdb with name userMapTop_0
TRACE::2026-06-04.16:49:21::SCWPlatform::Opened existing hwdb userMapTop_0
TRACE::2026-06-04.16:49:21::SCWPlatform::Found the Hw Db part of the input DSA
TRACE::2026-06-04.16:49:21::SCWPlatform::Trying to open the hw design at D:/vivado_pj/userMap2023_2/userMapTop1/hw/userMapTop1.xsa
TRACE::2026-06-04.16:49:21::SCWPlatform::DSA given D:/vivado_pj/userMap2023_2/userMapTop1/hw/userMapTop1.xsa
TRACE::2026-06-04.16:49:21::SCWPlatform::DSA absoulate path D:/vivado_pj/userMap2023_2/userMapTop1/hw/userMapTop1.xsa
TRACE::2026-06-04.16:49:21::SCWPlatform::DSA directory D:/vivado_pj/userMap2023_2/userMapTop1/hw
TRACE::2026-06-04.16:49:21::SCWPlatform:: Platform Path D:/vivado_pj/userMap2023_2/userMapTop1/hw/userMapTop1.xsa
TRACE::2026-06-04.16:49:21::SCWPlatform:: Unique name xilinx:basys3::0.0
TRACE::2026-06-04.16:49:21::SCWPlatform::Trying to set the existing hwdb with name userMapTop_0
TRACE::2026-06-04.16:49:21::SCWPlatform::Opened existing hwdb userMapTop_0
TRACE::2026-06-04.16:49:21::SCWPlatform::Found the Hw Db part of the input DSA
TRACE::2026-06-04.16:49:21::SCWPlatform::Trying to open the hw design at D:/vivado_pj/userMap2023_2/userMapTop1/hw/userMapTop1.xsa
TRACE::2026-06-04.16:49:21::SCWPlatform::DSA given D:/vivado_pj/userMap2023_2/userMapTop1/hw/userMapTop1.xsa
TRACE::2026-06-04.16:49:21::SCWPlatform::DSA absoulate path D:/vivado_pj/userMap2023_2/userMapTop1/hw/userMapTop1.xsa
TRACE::2026-06-04.16:49:21::SCWPlatform::DSA directory D:/vivado_pj/userMap2023_2/userMapTop1/hw
TRACE::2026-06-04.16:49:21::SCWPlatform:: Platform Path D:/vivado_pj/userMap2023_2/userMapTop1/hw/userMapTop1.xsa
TRACE::2026-06-04.16:49:21::SCWPlatform:: Unique name xilinx:basys3::0.0
TRACE::2026-06-04.16:49:21::SCWPlatform::Trying to set the existing hwdb with name userMapTop_0
TRACE::2026-06-04.16:49:21::SCWPlatform::Opened existing hwdb userMapTop_0
TRACE::2026-06-04.16:49:21::SCWPlatform::Found the Hw Db part of the input DSA
TRACE::2026-06-04.16:49:21::SCWMssOS::Checking the sw design at  D:/vivado_pj/userMap2023_2/userMapTop1/microblaze_0/standalone_microblaze_0/bsp/system.mss
TRACE::2026-06-04.16:49:21::SCWMssOS::DEBUG:  swdes dump  
TRACE::2026-06-04.16:49:21::SCWMssOS::No sw design opened at  D:/vivado_pj/userMap2023_2/userMapTop1/microblaze_0/standalone_microblaze_0/bsp/system.mss
TRACE::2026-06-04.16:49:21::SCWMssOS::mss does not exists at D:/vivado_pj/userMap2023_2/userMapTop1/microblaze_0/standalone_microblaze_0/bsp/system.mss
TRACE::2026-06-04.16:49:21::SCWMssOS::Creating sw design at  D:/vivado_pj/userMap2023_2/userMapTop1/microblaze_0/standalone_microblaze_0/bsp/system.mss
TRACE::2026-06-04.16:49:21::SCWMssOS::Adding the swdes entry, created swdb D:/vivado_pj/userMap2023_2/userMapTop1/microblaze_0/standalone_microblaze_0/bsp/system.mss with des name D:/vivado_pj/userMap2023_2/userMapTop1/microblaze_0/standalone_microblaze_0/bsp/system.mss
TRACE::2026-06-04.16:49:21::SCWMssOS::updating the scw layer changes to swdes at   D:/vivado_pj/userMap2023_2/userMapTop1/microblaze_0/standalone_microblaze_0/bsp/system.mss
TRACE::2026-06-04.16:49:21::SCWMssOS::Writing mss at D:/vivado_pj/userMap2023_2/userMapTop1/microblaze_0/standalone_microblaze_0/bsp/system.mss
TRACE::2026-06-04.16:49:21::SCWMssOS::Completed writing the mss file at D:/vivado_pj/userMap2023_2/userMapTop1/microblaze_0/standalone_microblaze_0/bsp
TRACE::2026-06-04.16:49:21::SCWMssOS::Picking up changes from newly written mss file into SCW Layer. 
TRACE::2026-06-04.16:49:21::SCWMssOS::Updated the changes from newly written mss file into SCW Layer. 
TRACE::2026-06-04.16:49:21::SCWMssOS::Completed writing the mss file at D:/vivado_pj/userMap2023_2/userMapTop1/microblaze_0/standalone_microblaze_0/bsp
TRACE::2026-06-04.16:49:21::SCWMssOS::Forcing BSP Sources regeneration.
TRACE::2026-06-04.16:49:23::SCWMssOS::Saving the mss changes D:/vivado_pj/userMap2023_2/userMapTop1/microblaze_0/standalone_microblaze_0/bsp/system.mss
TRACE::2026-06-04.16:49:23::SCWMssOS::Adding the swdes entry, mss present, able to open swdb D:/vivado_pj/userMap2023_2/userMapTop1/microblaze_0/standalone_microblaze_0/bsp/system.mss with des name system
TRACE::2026-06-04.16:49:23::SCWMssOS::Writing the mss file completed D:/vivado_pj/userMap2023_2/userMapTop1/microblaze_0/standalone_microblaze_0/bsp/system.mss
TRACE::2026-06-04.16:49:23::SCWMssOS::Commit changes completed.
TRACE::2026-06-04.16:49:23::SCWPlatform::Trying to open the hw design at D:/vivado_pj/userMap2023_2/userMapTop1/hw/userMapTop1.xsa
TRACE::2026-06-04.16:49:23::SCWPlatform::DSA given D:/vivado_pj/userMap2023_2/userMapTop1/hw/userMapTop1.xsa
TRACE::2026-06-04.16:49:23::SCWPlatform::DSA absoulate path D:/vivado_pj/userMap2023_2/userMapTop1/hw/userMapTop1.xsa
TRACE::2026-06-04.16:49:23::SCWPlatform::DSA directory D:/vivado_pj/userMap2023_2/userMapTop1/hw
TRACE::2026-06-04.16:49:23::SCWPlatform:: Platform Path D:/vivado_pj/userMap2023_2/userMapTop1/hw/userMapTop1.xsa
TRACE::2026-06-04.16:49:23::SCWPlatform:: Unique name xilinx:basys3::0.0
TRACE::2026-06-04.16:49:23::SCWPlatform::Trying to set the existing hwdb with name userMapTop_0
TRACE::2026-06-04.16:49:23::SCWPlatform::Opened existing hwdb userMapTop_0
TRACE::2026-06-04.16:49:23::SCWPlatform::Found the Hw Db part of the input DSA
TRACE::2026-06-04.16:49:23::SCWMssOS::Checking the sw design at  D:/vivado_pj/userMap2023_2/userMapTop1/microblaze_0/standalone_microblaze_0/bsp/system.mss
TRACE::2026-06-04.16:49:23::SCWMssOS::DEBUG:  swdes dump  D:/vivado_pj/userMap2023_2/userMapTop1/microblaze_0/standalone_microblaze_0/bsp/system.mss|system||

TRACE::2026-06-04.16:49:23::SCWMssOS::Sw design exists and opened at  D:/vivado_pj/userMap2023_2/userMapTop1/microblaze_0/standalone_microblaze_0/bsp/system.mss
TRACE::2026-06-04.16:49:23::SCWPlatform::Trying to open the hw design at D:/vivado_pj/userMap2023_2/userMapTop1/hw/userMapTop1.xsa
TRACE::2026-06-04.16:49:23::SCWPlatform::DSA given D:/vivado_pj/userMap2023_2/userMapTop1/hw/userMapTop1.xsa
TRACE::2026-06-04.16:49:23::SCWPlatform::DSA absoulate path D:/vivado_pj/userMap2023_2/userMapTop1/hw/userMapTop1.xsa
TRACE::2026-06-04.16:49:23::SCWPlatform::DSA directory D:/vivado_pj/userMap2023_2/userMapTop1/hw
TRACE::2026-06-04.16:49:23::SCWPlatform:: Platform Path D:/vivado_pj/userMap2023_2/userMapTop1/hw/userMapTop1.xsa
TRACE::2026-06-04.16:49:23::SCWPlatform:: Unique name xilinx:basys3::0.0
TRACE::2026-06-04.16:49:23::SCWPlatform::Trying to set the existing hwdb with name userMapTop_0
TRACE::2026-06-04.16:49:23::SCWPlatform::Opened existing hwdb userMapTop_0
TRACE::2026-06-04.16:49:23::SCWPlatform::Found the Hw Db part of the input DSA
TRACE::2026-06-04.16:49:23::SCWMssOS::Checking the sw design at  D:/vivado_pj/userMap2023_2/userMapTop1/microblaze_0/standalone_microblaze_0/bsp/system.mss
TRACE::2026-06-04.16:49:23::SCWMssOS::DEBUG:  swdes dump  D:/vivado_pj/userMap2023_2/userMapTop1/microblaze_0/standalone_microblaze_0/bsp/system.mss|system||

TRACE::2026-06-04.16:49:23::SCWMssOS::Sw design exists and opened at  D:/vivado_pj/userMap2023_2/userMapTop1/microblaze_0/standalone_microblaze_0/bsp/system.mss
TRACE::2026-06-04.16:49:23::SCWPlatform::Trying to open the hw design at D:/vivado_pj/userMap2023_2/userMapTop1/hw/userMapTop1.xsa
TRACE::2026-06-04.16:49:23::SCWPlatform::DSA given D:/vivado_pj/userMap2023_2/userMapTop1/hw/userMapTop1.xsa
TRACE::2026-06-04.16:49:23::SCWPlatform::DSA absoulate path D:/vivado_pj/userMap2023_2/userMapTop1/hw/userMapTop1.xsa
TRACE::2026-06-04.16:49:23::SCWPlatform::DSA directory D:/vivado_pj/userMap2023_2/userMapTop1/hw
TRACE::2026-06-04.16:49:23::SCWPlatform:: Platform Path D:/vivado_pj/userMap2023_2/userMapTop1/hw/userMapTop1.xsa
TRACE::2026-06-04.16:49:23::SCWPlatform:: Unique name xilinx:basys3::0.0
TRACE::2026-06-04.16:49:23::SCWPlatform::Trying to set the existing hwdb with name userMapTop_0
TRACE::2026-06-04.16:49:23::SCWPlatform::Opened existing hwdb userMapTop_0
TRACE::2026-06-04.16:49:23::SCWPlatform::Found the Hw Db part of the input DSA
TRACE::2026-06-04.16:49:23::SCWMssOS::Checking the sw design at  D:/vivado_pj/userMap2023_2/userMapTop1/microblaze_0/standalone_microblaze_0/bsp/system.mss
TRACE::2026-06-04.16:49:23::SCWMssOS::DEBUG:  swdes dump  D:/vivado_pj/userMap2023_2/userMapTop1/microblaze_0/standalone_microblaze_0/bsp/system.mss|system||

TRACE::2026-06-04.16:49:23::SCWMssOS::Sw design exists and opened at  D:/vivado_pj/userMap2023_2/userMapTop1/microblaze_0/standalone_microblaze_0/bsp/system.mss
TRACE::2026-06-04.16:49:23::SCWWriter::formatted JSON is {
	"platformName":	"userMapTop1",
	"sprVersion":	"2.0",
	"mode":	"gui",
	"dsaType":	"Fixed",
	"platformDesc":	"userMapTop1",
	"platHandOff":	"D:/vivado_pj/userMap/userMapTop1.xsa",
	"platIntHandOff":	"<platformDir>/hw/userMapTop1.xsa",
	"deviceType":	"FPGA",
	"platIsPrebuiltAutogen":	"false",
	"platIsNoBootBsp":	"false",
	"hasFsblMakeHasChanges":	"false",
	"hasPmufwMakeHasChanges":	"false",
	"platPreBuiltFlag":	false,
	"platformSamplesDir":	"",
	"platActiveSys":	"userMapTop1",
	"systems":	[{
			"systemName":	"userMapTop1",
			"systemDesc":	"userMapTop1",
			"sysIsBootAutoGen":	"true",
			"systemDispName":	"userMapTop1",
			"sysActiveDom":	"standalone_microblaze_0",
			"sysDefaultDom":	"standalone_microblaze_0",
			"domains":	[{
					"domainName":	"standalone_microblaze_0",
					"domainDispName":	"standalone_microblaze_0",
					"domainDesc":	"standalone_microblaze_0",
					"processors":	"microblaze_0",
					"os":	"standalone",
					"sdxOs":	"standalone",
					"debugEnable":	"False",
					"domRuntimes":	["cpp"],
					"swRepo":	"",
					"mssOsVer":	"8.1",
					"mssFile":	"",
					"md5Digest":	"2387726c7969e4016a1fc62dc46e34ae",
					"compatibleApp":	"hello_world",
					"domType":	"mssDomain",
					"arch":	"32-bit",
					"appSettings":	{
						"appCompilerFlags":	"",
						"appLinkerFlags":	""
					},
					"addedLibs":	[],
					"libOptions":	{
						"libsContainingOptions":	[]
					},
					"prebuiltLibs":	{
						"prebuiltIncPath":	[],
						"prebuiltLibPath":	[]
					},
					"isolation":	{
					}
				}]
		}]
}
LOG::2026-06-04.16:49:23::SCWPlatform::Started generating the artifacts platform userMapTop1
TRACE::2026-06-04.16:49:23::SCWPlatform::Sanity checking of platform is completed
LOG::2026-06-04.16:49:23::SCWPlatform::Started generating the artifacts for system configuration userMapTop1
LOG::2026-06-04.16:49:23::SCWSystem::Checking the domain standalone_microblaze_0
LOG::2026-06-04.16:49:23::SCWSystem::Not a boot domain 
LOG::2026-06-04.16:49:23::SCWSystem::Started Processing the domain standalone_microblaze_0
TRACE::2026-06-04.16:49:23::SCWDomain::Generating domain artifcats
TRACE::2026-06-04.16:49:23::SCWMssOS::Generating standalone artifcats
TRACE::2026-06-04.16:49:23::SCWMssOS:: Copying the user libraries. 
TRACE::2026-06-04.16:49:23::SCWPlatform::Trying to open the hw design at D:/vivado_pj/userMap2023_2/userMapTop1/hw/userMapTop1.xsa
TRACE::2026-06-04.16:49:23::SCWPlatform::DSA given D:/vivado_pj/userMap2023_2/userMapTop1/hw/userMapTop1.xsa
TRACE::2026-06-04.16:49:23::SCWPlatform::DSA absoulate path D:/vivado_pj/userMap2023_2/userMapTop1/hw/userMapTop1.xsa
TRACE::2026-06-04.16:49:23::SCWPlatform::DSA directory D:/vivado_pj/userMap2023_2/userMapTop1/hw
TRACE::2026-06-04.16:49:23::SCWPlatform:: Platform Path D:/vivado_pj/userMap2023_2/userMapTop1/hw/userMapTop1.xsa
TRACE::2026-06-04.16:49:23::SCWPlatform:: Unique name xilinx:basys3::0.0
TRACE::2026-06-04.16:49:23::SCWPlatform::Trying to set the existing hwdb with name userMapTop_0
TRACE::2026-06-04.16:49:23::SCWPlatform::Opened existing hwdb userMapTop_0
TRACE::2026-06-04.16:49:23::SCWPlatform::Found the Hw Db part of the input DSA
TRACE::2026-06-04.16:49:23::SCWMssOS::Checking the sw design at  D:/vivado_pj/userMap2023_2/userMapTop1/microblaze_0/standalone_microblaze_0/bsp/system.mss
TRACE::2026-06-04.16:49:23::SCWMssOS::DEBUG:  swdes dump  D:/vivado_pj/userMap2023_2/userMapTop1/microblaze_0/standalone_microblaze_0/bsp/system.mss|system||

TRACE::2026-06-04.16:49:23::SCWMssOS::Sw design exists and opened at  D:/vivado_pj/userMap2023_2/userMapTop1/microblaze_0/standalone_microblaze_0/bsp/system.mss
TRACE::2026-06-04.16:49:23::SCWMssOS::Completed writing the mss file at D:/vivado_pj/userMap2023_2/userMapTop1/microblaze_0/standalone_microblaze_0/bsp
TRACE::2026-06-04.16:49:23::SCWMssOS::Mss edits present, copying mssfile into export location D:/vivado_pj/userMap2023_2/userMapTop1/microblaze_0/standalone_microblaze_0/bsp/system.mss
TRACE::2026-06-04.16:49:23::SCWMssOS::bsp generated is upto date with the mss file. Skipping bsp generation.
TRACE::2026-06-04.16:49:23::SCWMssOS::BSP is already built. skipping the bsp build ... 
TRACE::2026-06-04.16:49:23::SCWDomain::Skipping the build for domain :  standalone_microblaze_0
TRACE::2026-06-04.16:49:23::SCWMssOS::skipping the bsp build ... 
TRACE::2026-06-04.16:49:23::SCWMssOS::Copying to export directory.
TRACE::2026-06-04.16:49:23::SCWMssOS:: Checking if to create the Supporting Applications
TRACE::2026-06-04.16:49:23::SCWMssOS:: No Linux domain exists, trying to generate FSBL 
LOG::2026-06-04.16:49:23::SCWSystem::Completed Processing the domain standalone_microblaze_0
LOG::2026-06-04.16:49:23::SCWSystem::Completed Processing the sysconfig userMapTop1
LOG::2026-06-04.16:49:23::SCWPlatform::Completed generating the artifacts for system configuration userMapTop1
TRACE::2026-06-04.16:49:23::SCWPlatform::Started preparing the platform 
TRACE::2026-06-04.16:49:23::SCWSystem::Writing the bif file for system config userMapTop1
TRACE::2026-06-04.16:49:23::SCWSystem::dir created 
TRACE::2026-06-04.16:49:23::SCWSystem::Writing the bif 
TRACE::2026-06-04.16:49:23::SCWPlatform::Started writing the spfm file 
TRACE::2026-06-04.16:49:23::SCWPlatform::Started writing the xpfm file 
TRACE::2026-06-04.16:49:23::SCWPlatform::Completed generating the platform
TRACE::2026-06-04.16:49:23::SCWMssOS::Saving the mss changes D:/vivado_pj/userMap2023_2/userMapTop1/microblaze_0/standalone_microblaze_0/bsp/system.mss
TRACE::2026-06-04.16:49:23::SCWMssOS::Found a swdesign opened with the mssfile.
TRACE::2026-06-04.16:49:23::SCWMssOS::Completed writemss as part of save.
TRACE::2026-06-04.16:49:23::SCWMssOS::Commit changes completed.
TRACE::2026-06-04.16:49:23::SCWPlatform::Trying to open the hw design at D:/vivado_pj/userMap2023_2/userMapTop1/hw/userMapTop1.xsa
TRACE::2026-06-04.16:49:23::SCWPlatform::DSA given D:/vivado_pj/userMap2023_2/userMapTop1/hw/userMapTop1.xsa
TRACE::2026-06-04.16:49:23::SCWPlatform::DSA absoulate path D:/vivado_pj/userMap2023_2/userMapTop1/hw/userMapTop1.xsa
TRACE::2026-06-04.16:49:23::SCWPlatform::DSA directory D:/vivado_pj/userMap2023_2/userMapTop1/hw
TRACE::2026-06-04.16:49:23::SCWPlatform:: Platform Path D:/vivado_pj/userMap2023_2/userMapTop1/hw/userMapTop1.xsa
TRACE::2026-06-04.16:49:23::SCWPlatform:: Unique name xilinx:basys3::0.0
TRACE::2026-06-04.16:49:23::SCWPlatform::Trying to set the existing hwdb with name userMapTop_0
TRACE::2026-06-04.16:49:23::SCWPlatform::Opened existing hwdb userMapTop_0
TRACE::2026-06-04.16:49:23::SCWPlatform::Found the Hw Db part of the input DSA
TRACE::2026-06-04.16:49:23::SCWMssOS::Checking the sw design at  D:/vivado_pj/userMap2023_2/userMapTop1/microblaze_0/standalone_microblaze_0/bsp/system.mss
TRACE::2026-06-04.16:49:23::SCWMssOS::DEBUG:  swdes dump  D:/vivado_pj/userMap2023_2/userMapTop1/microblaze_0/standalone_microblaze_0/bsp/system.mss|system||

TRACE::2026-06-04.16:49:23::SCWMssOS::Sw design exists and opened at  D:/vivado_pj/userMap2023_2/userMapTop1/microblaze_0/standalone_microblaze_0/bsp/system.mss
TRACE::2026-06-04.16:49:23::SCWPlatform::Trying to open the hw design at D:/vivado_pj/userMap2023_2/userMapTop1/hw/userMapTop1.xsa
TRACE::2026-06-04.16:49:23::SCWPlatform::DSA given D:/vivado_pj/userMap2023_2/userMapTop1/hw/userMapTop1.xsa
TRACE::2026-06-04.16:49:23::SCWPlatform::DSA absoulate path D:/vivado_pj/userMap2023_2/userMapTop1/hw/userMapTop1.xsa
TRACE::2026-06-04.16:49:23::SCWPlatform::DSA directory D:/vivado_pj/userMap2023_2/userMapTop1/hw
TRACE::2026-06-04.16:49:23::SCWPlatform:: Platform Path D:/vivado_pj/userMap2023_2/userMapTop1/hw/userMapTop1.xsa
TRACE::2026-06-04.16:49:23::SCWPlatform:: Unique name xilinx:basys3::0.0
TRACE::2026-06-04.16:49:23::SCWPlatform::Trying to set the existing hwdb with name userMapTop_0
TRACE::2026-06-04.16:49:23::SCWPlatform::Opened existing hwdb userMapTop_0
TRACE::2026-06-04.16:49:23::SCWPlatform::Found the Hw Db part of the input DSA
TRACE::2026-06-04.16:49:23::SCWMssOS::Checking the sw design at  D:/vivado_pj/userMap2023_2/userMapTop1/microblaze_0/standalone_microblaze_0/bsp/system.mss
TRACE::2026-06-04.16:49:23::SCWMssOS::DEBUG:  swdes dump  D:/vivado_pj/userMap2023_2/userMapTop1/microblaze_0/standalone_microblaze_0/bsp/system.mss|system||

TRACE::2026-06-04.16:49:23::SCWMssOS::Sw design exists and opened at  D:/vivado_pj/userMap2023_2/userMapTop1/microblaze_0/standalone_microblaze_0/bsp/system.mss
TRACE::2026-06-04.16:49:23::SCWPlatform::Trying to open the hw design at D:/vivado_pj/userMap2023_2/userMapTop1/hw/userMapTop1.xsa
TRACE::2026-06-04.16:49:23::SCWPlatform::DSA given D:/vivado_pj/userMap2023_2/userMapTop1/hw/userMapTop1.xsa
TRACE::2026-06-04.16:49:23::SCWPlatform::DSA absoulate path D:/vivado_pj/userMap2023_2/userMapTop1/hw/userMapTop1.xsa
TRACE::2026-06-04.16:49:23::SCWPlatform::DSA directory D:/vivado_pj/userMap2023_2/userMapTop1/hw
TRACE::2026-06-04.16:49:23::SCWPlatform:: Platform Path D:/vivado_pj/userMap2023_2/userMapTop1/hw/userMapTop1.xsa
TRACE::2026-06-04.16:49:23::SCWPlatform:: Unique name xilinx:basys3::0.0
TRACE::2026-06-04.16:49:23::SCWPlatform::Trying to set the existing hwdb with name userMapTop_0
TRACE::2026-06-04.16:49:23::SCWPlatform::Opened existing hwdb userMapTop_0
TRACE::2026-06-04.16:49:23::SCWPlatform::Found the Hw Db part of the input DSA
TRACE::2026-06-04.16:49:23::SCWMssOS::Checking the sw design at  D:/vivado_pj/userMap2023_2/userMapTop1/microblaze_0/standalone_microblaze_0/bsp/system.mss
TRACE::2026-06-04.16:49:23::SCWMssOS::DEBUG:  swdes dump  D:/vivado_pj/userMap2023_2/userMapTop1/microblaze_0/standalone_microblaze_0/bsp/system.mss|system||

TRACE::2026-06-04.16:49:23::SCWMssOS::Sw design exists and opened at  D:/vivado_pj/userMap2023_2/userMapTop1/microblaze_0/standalone_microblaze_0/bsp/system.mss
TRACE::2026-06-04.16:49:23::SCWWriter::formatted JSON is {
	"platformName":	"userMapTop1",
	"sprVersion":	"2.0",
	"mode":	"gui",
	"dsaType":	"Fixed",
	"platformDesc":	"userMapTop1",
	"platHandOff":	"D:/vivado_pj/userMap/userMapTop1.xsa",
	"platIntHandOff":	"<platformDir>/hw/userMapTop1.xsa",
	"deviceType":	"FPGA",
	"platIsPrebuiltAutogen":	"false",
	"platIsNoBootBsp":	"false",
	"hasFsblMakeHasChanges":	"false",
	"hasPmufwMakeHasChanges":	"false",
	"platPreBuiltFlag":	false,
	"platformSamplesDir":	"",
	"platActiveSys":	"userMapTop1",
	"systems":	[{
			"systemName":	"userMapTop1",
			"systemDesc":	"userMapTop1",
			"sysIsBootAutoGen":	"true",
			"systemDispName":	"userMapTop1",
			"sysActiveDom":	"standalone_microblaze_0",
			"sysDefaultDom":	"standalone_microblaze_0",
			"domains":	[{
					"domainName":	"standalone_microblaze_0",
					"domainDispName":	"standalone_microblaze_0",
					"domainDesc":	"standalone_microblaze_0",
					"processors":	"microblaze_0",
					"os":	"standalone",
					"sdxOs":	"standalone",
					"debugEnable":	"False",
					"domRuntimes":	["cpp"],
					"swRepo":	"",
					"mssOsVer":	"8.1",
					"mssFile":	"",
					"md5Digest":	"2387726c7969e4016a1fc62dc46e34ae",
					"compatibleApp":	"hello_world",
					"domType":	"mssDomain",
					"arch":	"32-bit",
					"appSettings":	{
						"appCompilerFlags":	"",
						"appLinkerFlags":	""
					},
					"addedLibs":	[],
					"libOptions":	{
						"libsContainingOptions":	[]
					},
					"prebuiltLibs":	{
						"prebuiltIncPath":	[],
						"prebuiltLibPath":	[]
					},
					"isolation":	{
					}
				}]
		}]
}
KEYINFO::2026-06-04.16:49:23::SCWPlatform::updated the xpfm file.
TRACE::2026-06-04.16:49:24::SCWPlatform::Trying to open the hw design at D:/vivado_pj/userMap2023_2/userMapTop1/hw/userMapTop1.xsa
TRACE::2026-06-04.16:49:24::SCWPlatform::DSA given D:/vivado_pj/userMap2023_2/userMapTop1/hw/userMapTop1.xsa
TRACE::2026-06-04.16:49:24::SCWPlatform::DSA absoulate path D:/vivado_pj/userMap2023_2/userMapTop1/hw/userMapTop1.xsa
TRACE::2026-06-04.16:49:24::SCWPlatform::DSA directory D:/vivado_pj/userMap2023_2/userMapTop1/hw
TRACE::2026-06-04.16:49:24::SCWPlatform:: Platform Path D:/vivado_pj/userMap2023_2/userMapTop1/hw/userMapTop1.xsa
TRACE::2026-06-04.16:49:24::SCWPlatform:: Unique name xilinx:basys3::0.0
TRACE::2026-06-04.16:49:24::SCWPlatform::Trying to set the existing hwdb with name userMapTop_0
TRACE::2026-06-04.16:49:24::SCWPlatform::Opened existing hwdb userMapTop_0
TRACE::2026-06-04.16:49:24::SCWPlatform::Found the Hw Db part of the input DSA
TRACE::2026-06-04.16:49:24::SCWMssOS::Checking the sw design at  D:/vivado_pj/userMap2023_2/userMapTop1/microblaze_0/standalone_microblaze_0/bsp/system.mss
TRACE::2026-06-04.16:49:24::SCWMssOS::DEBUG:  swdes dump  D:/vivado_pj/userMap2023_2/userMapTop1/microblaze_0/standalone_microblaze_0/bsp/system.mss|system||

TRACE::2026-06-04.16:49:24::SCWMssOS::Sw design exists and opened at  D:/vivado_pj/userMap2023_2/userMapTop1/microblaze_0/standalone_microblaze_0/bsp/system.mss
TRACE::2026-06-04.16:49:24::SCWMssOS::Saving the mss changes D:/vivado_pj/userMap2023_2/userMapTop1/microblaze_0/standalone_microblaze_0/bsp/system.mss
TRACE::2026-06-04.16:49:24::SCWMssOS::Found a swdesign opened with the mssfile.
TRACE::2026-06-04.16:49:24::SCWMssOS::Completed writemss as part of save.
TRACE::2026-06-04.16:49:24::SCWMssOS::Commit changes completed.
TRACE::2026-06-04.16:49:24::SCWPlatform::Trying to open the hw design at D:/vivado_pj/userMap2023_2/userMapTop1/hw/userMapTop1.xsa
TRACE::2026-06-04.16:49:24::SCWPlatform::DSA given D:/vivado_pj/userMap2023_2/userMapTop1/hw/userMapTop1.xsa
TRACE::2026-06-04.16:49:24::SCWPlatform::DSA absoulate path D:/vivado_pj/userMap2023_2/userMapTop1/hw/userMapTop1.xsa
TRACE::2026-06-04.16:49:24::SCWPlatform::DSA directory D:/vivado_pj/userMap2023_2/userMapTop1/hw
TRACE::2026-06-04.16:49:24::SCWPlatform:: Platform Path D:/vivado_pj/userMap2023_2/userMapTop1/hw/userMapTop1.xsa
TRACE::2026-06-04.16:49:24::SCWPlatform:: Unique name xilinx:basys3::0.0
TRACE::2026-06-04.16:49:24::SCWPlatform::Trying to set the existing hwdb with name userMapTop_0
TRACE::2026-06-04.16:49:24::SCWPlatform::Opened existing hwdb userMapTop_0
TRACE::2026-06-04.16:49:24::SCWPlatform::Found the Hw Db part of the input DSA
TRACE::2026-06-04.16:49:24::SCWMssOS::Checking the sw design at  D:/vivado_pj/userMap2023_2/userMapTop1/microblaze_0/standalone_microblaze_0/bsp/system.mss
TRACE::2026-06-04.16:49:24::SCWMssOS::DEBUG:  swdes dump  D:/vivado_pj/userMap2023_2/userMapTop1/microblaze_0/standalone_microblaze_0/bsp/system.mss|system||

TRACE::2026-06-04.16:49:24::SCWMssOS::Sw design exists and opened at  D:/vivado_pj/userMap2023_2/userMapTop1/microblaze_0/standalone_microblaze_0/bsp/system.mss
TRACE::2026-06-04.16:49:24::SCWPlatform::Trying to open the hw design at D:/vivado_pj/userMap2023_2/userMapTop1/hw/userMapTop1.xsa
TRACE::2026-06-04.16:49:24::SCWPlatform::DSA given D:/vivado_pj/userMap2023_2/userMapTop1/hw/userMapTop1.xsa
TRACE::2026-06-04.16:49:24::SCWPlatform::DSA absoulate path D:/vivado_pj/userMap2023_2/userMapTop1/hw/userMapTop1.xsa
TRACE::2026-06-04.16:49:24::SCWPlatform::DSA directory D:/vivado_pj/userMap2023_2/userMapTop1/hw
TRACE::2026-06-04.16:49:24::SCWPlatform:: Platform Path D:/vivado_pj/userMap2023_2/userMapTop1/hw/userMapTop1.xsa
TRACE::2026-06-04.16:49:24::SCWPlatform:: Unique name xilinx:basys3::0.0
TRACE::2026-06-04.16:49:24::SCWPlatform::Trying to set the existing hwdb with name userMapTop_0
TRACE::2026-06-04.16:49:24::SCWPlatform::Opened existing hwdb userMapTop_0
TRACE::2026-06-04.16:49:24::SCWPlatform::Found the Hw Db part of the input DSA
TRACE::2026-06-04.16:49:24::SCWMssOS::Checking the sw design at  D:/vivado_pj/userMap2023_2/userMapTop1/microblaze_0/standalone_microblaze_0/bsp/system.mss
TRACE::2026-06-04.16:49:24::SCWMssOS::DEBUG:  swdes dump  D:/vivado_pj/userMap2023_2/userMapTop1/microblaze_0/standalone_microblaze_0/bsp/system.mss|system||

TRACE::2026-06-04.16:49:24::SCWMssOS::Sw design exists and opened at  D:/vivado_pj/userMap2023_2/userMapTop1/microblaze_0/standalone_microblaze_0/bsp/system.mss
TRACE::2026-06-04.16:49:24::SCWPlatform::Trying to open the hw design at D:/vivado_pj/userMap2023_2/userMapTop1/hw/userMapTop1.xsa
TRACE::2026-06-04.16:49:24::SCWPlatform::DSA given D:/vivado_pj/userMap2023_2/userMapTop1/hw/userMapTop1.xsa
TRACE::2026-06-04.16:49:24::SCWPlatform::DSA absoulate path D:/vivado_pj/userMap2023_2/userMapTop1/hw/userMapTop1.xsa
TRACE::2026-06-04.16:49:24::SCWPlatform::DSA directory D:/vivado_pj/userMap2023_2/userMapTop1/hw
TRACE::2026-06-04.16:49:24::SCWPlatform:: Platform Path D:/vivado_pj/userMap2023_2/userMapTop1/hw/userMapTop1.xsa
TRACE::2026-06-04.16:49:24::SCWPlatform:: Unique name xilinx:basys3::0.0
TRACE::2026-06-04.16:49:24::SCWPlatform::Trying to set the existing hwdb with name userMapTop_0
TRACE::2026-06-04.16:49:24::SCWPlatform::Opened existing hwdb userMapTop_0
TRACE::2026-06-04.16:49:24::SCWPlatform::Found the Hw Db part of the input DSA
TRACE::2026-06-04.16:49:24::SCWMssOS::Checking the sw design at  D:/vivado_pj/userMap2023_2/userMapTop1/microblaze_0/standalone_microblaze_0/bsp/system.mss
TRACE::2026-06-04.16:49:24::SCWMssOS::DEBUG:  swdes dump  D:/vivado_pj/userMap2023_2/userMapTop1/microblaze_0/standalone_microblaze_0/bsp/system.mss|system||

TRACE::2026-06-04.16:49:24::SCWMssOS::Sw design exists and opened at  D:/vivado_pj/userMap2023_2/userMapTop1/microblaze_0/standalone_microblaze_0/bsp/system.mss
TRACE::2026-06-04.16:49:24::SCWWriter::formatted JSON is {
	"platformName":	"userMapTop1",
	"sprVersion":	"2.0",
	"mode":	"gui",
	"dsaType":	"Fixed",
	"platformDesc":	"userMapTop1",
	"platHandOff":	"D:/vivado_pj/userMap/userMapTop1.xsa",
	"platIntHandOff":	"<platformDir>/hw/userMapTop1.xsa",
	"deviceType":	"FPGA",
	"platIsPrebuiltAutogen":	"false",
	"platIsNoBootBsp":	"false",
	"hasFsblMakeHasChanges":	"false",
	"hasPmufwMakeHasChanges":	"false",
	"platPreBuiltFlag":	false,
	"platformSamplesDir":	"",
	"platActiveSys":	"userMapTop1",
	"systems":	[{
			"systemName":	"userMapTop1",
			"systemDesc":	"userMapTop1",
			"sysIsBootAutoGen":	"true",
			"systemDispName":	"userMapTop1",
			"sysActiveDom":	"standalone_microblaze_0",
			"sysDefaultDom":	"standalone_microblaze_0",
			"domains":	[{
					"domainName":	"standalone_microblaze_0",
					"domainDispName":	"standalone_microblaze_0",
					"domainDesc":	"standalone_microblaze_0",
					"processors":	"microblaze_0",
					"os":	"standalone",
					"sdxOs":	"standalone",
					"debugEnable":	"False",
					"domRuntimes":	["cpp"],
					"swRepo":	"",
					"mssOsVer":	"8.1",
					"mssFile":	"",
					"md5Digest":	"2387726c7969e4016a1fc62dc46e34ae",
					"compatibleApp":	"hello_world",
					"domType":	"mssDomain",
					"arch":	"32-bit",
					"appSettings":	{
						"appCompilerFlags":	"",
						"appLinkerFlags":	""
					},
					"addedLibs":	[],
					"libOptions":	{
						"libsContainingOptions":	[]
					},
					"prebuiltLibs":	{
						"prebuiltIncPath":	[],
						"prebuiltLibPath":	[]
					},
					"isolation":	{
					}
				}]
		}]
}
TRACE::2026-06-04.16:49:24::SCWPlatform::Trying to open the hw design at D:/vivado_pj/userMap2023_2/userMapTop1/hw/userMapTop1.xsa
TRACE::2026-06-04.16:49:24::SCWPlatform::DSA given D:/vivado_pj/userMap2023_2/userMapTop1/hw/userMapTop1.xsa
TRACE::2026-06-04.16:49:24::SCWPlatform::DSA absoulate path D:/vivado_pj/userMap2023_2/userMapTop1/hw/userMapTop1.xsa
TRACE::2026-06-04.16:49:24::SCWPlatform::DSA directory D:/vivado_pj/userMap2023_2/userMapTop1/hw
TRACE::2026-06-04.16:49:24::SCWPlatform:: Platform Path D:/vivado_pj/userMap2023_2/userMapTop1/hw/userMapTop1.xsa
TRACE::2026-06-04.16:49:24::SCWPlatform:: Unique name xilinx:basys3::0.0
TRACE::2026-06-04.16:49:24::SCWPlatform::Trying to set the existing hwdb with name userMapTop_0
TRACE::2026-06-04.16:49:24::SCWPlatform::Opened existing hwdb userMapTop_0
TRACE::2026-06-04.16:49:24::SCWPlatform::Found the Hw Db part of the input DSA
TRACE::2026-06-04.16:49:24::SCWMssOS::Checking the sw design at  D:/vivado_pj/userMap2023_2/userMapTop1/microblaze_0/standalone_microblaze_0/bsp/system.mss
TRACE::2026-06-04.16:49:24::SCWMssOS::DEBUG:  swdes dump  D:/vivado_pj/userMap2023_2/userMapTop1/microblaze_0/standalone_microblaze_0/bsp/system.mss|system||

TRACE::2026-06-04.16:49:24::SCWMssOS::Sw design exists and opened at  D:/vivado_pj/userMap2023_2/userMapTop1/microblaze_0/standalone_microblaze_0/bsp/system.mss
TRACE::2026-06-04.16:49:24::SCWPlatform::Trying to open the hw design at D:/vivado_pj/userMap2023_2/userMapTop1/hw/userMapTop1.xsa
TRACE::2026-06-04.16:49:24::SCWPlatform::DSA given D:/vivado_pj/userMap2023_2/userMapTop1/hw/userMapTop1.xsa
TRACE::2026-06-04.16:49:24::SCWPlatform::DSA absoulate path D:/vivado_pj/userMap2023_2/userMapTop1/hw/userMapTop1.xsa
TRACE::2026-06-04.16:49:24::SCWPlatform::DSA directory D:/vivado_pj/userMap2023_2/userMapTop1/hw
TRACE::2026-06-04.16:49:24::SCWPlatform:: Platform Path D:/vivado_pj/userMap2023_2/userMapTop1/hw/userMapTop1.xsa
TRACE::2026-06-04.16:49:24::SCWPlatform:: Unique name xilinx:basys3::0.0
TRACE::2026-06-04.16:49:24::SCWPlatform::Trying to set the existing hwdb with name userMapTop_0
TRACE::2026-06-04.16:49:24::SCWPlatform::Opened existing hwdb userMapTop_0
TRACE::2026-06-04.16:49:24::SCWPlatform::Found the Hw Db part of the input DSA
TRACE::2026-06-04.16:49:24::SCWMssOS::Checking the sw design at  D:/vivado_pj/userMap2023_2/userMapTop1/microblaze_0/standalone_microblaze_0/bsp/system.mss
TRACE::2026-06-04.16:49:24::SCWMssOS::DEBUG:  swdes dump  D:/vivado_pj/userMap2023_2/userMapTop1/microblaze_0/standalone_microblaze_0/bsp/system.mss|system||

TRACE::2026-06-04.16:49:24::SCWMssOS::Sw design exists and opened at  D:/vivado_pj/userMap2023_2/userMapTop1/microblaze_0/standalone_microblaze_0/bsp/system.mss
TRACE::2026-06-04.16:49:24::SCWMssOS::Saving the mss changes D:/vivado_pj/userMap2023_2/userMapTop1/microblaze_0/standalone_microblaze_0/bsp/system.mss
TRACE::2026-06-04.16:49:24::SCWMssOS::Found a swdesign opened with the mssfile.
TRACE::2026-06-04.16:49:24::SCWMssOS::Completed writemss as part of save.
TRACE::2026-06-04.16:49:24::SCWMssOS::Commit changes completed.
TRACE::2026-06-04.16:49:24::SCWPlatform::Trying to open the hw design at D:/vivado_pj/userMap2023_2/userMapTop1/hw/userMapTop1.xsa
TRACE::2026-06-04.16:49:24::SCWPlatform::DSA given D:/vivado_pj/userMap2023_2/userMapTop1/hw/userMapTop1.xsa
TRACE::2026-06-04.16:49:24::SCWPlatform::DSA absoulate path D:/vivado_pj/userMap2023_2/userMapTop1/hw/userMapTop1.xsa
TRACE::2026-06-04.16:49:24::SCWPlatform::DSA directory D:/vivado_pj/userMap2023_2/userMapTop1/hw
TRACE::2026-06-04.16:49:24::SCWPlatform:: Platform Path D:/vivado_pj/userMap2023_2/userMapTop1/hw/userMapTop1.xsa
TRACE::2026-06-04.16:49:24::SCWPlatform:: Unique name xilinx:basys3::0.0
TRACE::2026-06-04.16:49:24::SCWPlatform::Trying to set the existing hwdb with name userMapTop_0
TRACE::2026-06-04.16:49:24::SCWPlatform::Opened existing hwdb userMapTop_0
TRACE::2026-06-04.16:49:24::SCWPlatform::Found the Hw Db part of the input DSA
TRACE::2026-06-04.16:49:24::SCWMssOS::Checking the sw design at  D:/vivado_pj/userMap2023_2/userMapTop1/microblaze_0/standalone_microblaze_0/bsp/system.mss
TRACE::2026-06-04.16:49:24::SCWMssOS::DEBUG:  swdes dump  D:/vivado_pj/userMap2023_2/userMapTop1/microblaze_0/standalone_microblaze_0/bsp/system.mss|system||

TRACE::2026-06-04.16:49:24::SCWMssOS::Sw design exists and opened at  D:/vivado_pj/userMap2023_2/userMapTop1/microblaze_0/standalone_microblaze_0/bsp/system.mss
TRACE::2026-06-04.16:49:24::SCWPlatform::Trying to open the hw design at D:/vivado_pj/userMap2023_2/userMapTop1/hw/userMapTop1.xsa
TRACE::2026-06-04.16:49:24::SCWPlatform::DSA given D:/vivado_pj/userMap2023_2/userMapTop1/hw/userMapTop1.xsa
TRACE::2026-06-04.16:49:24::SCWPlatform::DSA absoulate path D:/vivado_pj/userMap2023_2/userMapTop1/hw/userMapTop1.xsa
TRACE::2026-06-04.16:49:24::SCWPlatform::DSA directory D:/vivado_pj/userMap2023_2/userMapTop1/hw
TRACE::2026-06-04.16:49:24::SCWPlatform:: Platform Path D:/vivado_pj/userMap2023_2/userMapTop1/hw/userMapTop1.xsa
TRACE::2026-06-04.16:49:24::SCWPlatform:: Unique name xilinx:basys3::0.0
TRACE::2026-06-04.16:49:24::SCWPlatform::Trying to set the existing hwdb with name userMapTop_0
TRACE::2026-06-04.16:49:24::SCWPlatform::Opened existing hwdb userMapTop_0
TRACE::2026-06-04.16:49:24::SCWPlatform::Found the Hw Db part of the input DSA
TRACE::2026-06-04.16:49:24::SCWMssOS::Checking the sw design at  D:/vivado_pj/userMap2023_2/userMapTop1/microblaze_0/standalone_microblaze_0/bsp/system.mss
TRACE::2026-06-04.16:49:24::SCWMssOS::DEBUG:  swdes dump  D:/vivado_pj/userMap2023_2/userMapTop1/microblaze_0/standalone_microblaze_0/bsp/system.mss|system||

TRACE::2026-06-04.16:49:24::SCWMssOS::Sw design exists and opened at  D:/vivado_pj/userMap2023_2/userMapTop1/microblaze_0/standalone_microblaze_0/bsp/system.mss
TRACE::2026-06-04.16:49:24::SCWPlatform::Trying to open the hw design at D:/vivado_pj/userMap2023_2/userMapTop1/hw/userMapTop1.xsa
TRACE::2026-06-04.16:49:24::SCWPlatform::DSA given D:/vivado_pj/userMap2023_2/userMapTop1/hw/userMapTop1.xsa
TRACE::2026-06-04.16:49:24::SCWPlatform::DSA absoulate path D:/vivado_pj/userMap2023_2/userMapTop1/hw/userMapTop1.xsa
TRACE::2026-06-04.16:49:24::SCWPlatform::DSA directory D:/vivado_pj/userMap2023_2/userMapTop1/hw
TRACE::2026-06-04.16:49:24::SCWPlatform:: Platform Path D:/vivado_pj/userMap2023_2/userMapTop1/hw/userMapTop1.xsa
TRACE::2026-06-04.16:49:24::SCWPlatform:: Unique name xilinx:basys3::0.0
TRACE::2026-06-04.16:49:24::SCWPlatform::Trying to set the existing hwdb with name userMapTop_0
TRACE::2026-06-04.16:49:24::SCWPlatform::Opened existing hwdb userMapTop_0
TRACE::2026-06-04.16:49:24::SCWPlatform::Found the Hw Db part of the input DSA
TRACE::2026-06-04.16:49:24::SCWMssOS::Checking the sw design at  D:/vivado_pj/userMap2023_2/userMapTop1/microblaze_0/standalone_microblaze_0/bsp/system.mss
TRACE::2026-06-04.16:49:24::SCWMssOS::DEBUG:  swdes dump  D:/vivado_pj/userMap2023_2/userMapTop1/microblaze_0/standalone_microblaze_0/bsp/system.mss|system||

TRACE::2026-06-04.16:49:24::SCWMssOS::Sw design exists and opened at  D:/vivado_pj/userMap2023_2/userMapTop1/microblaze_0/standalone_microblaze_0/bsp/system.mss
TRACE::2026-06-04.16:49:24::SCWWriter::formatted JSON is {
	"platformName":	"userMapTop1",
	"sprVersion":	"2.0",
	"mode":	"gui",
	"dsaType":	"Fixed",
	"platformDesc":	"userMapTop1",
	"platHandOff":	"D:/vivado_pj/userMap/userMapTop1.xsa",
	"platIntHandOff":	"<platformDir>/hw/userMapTop1.xsa",
	"deviceType":	"FPGA",
	"platIsPrebuiltAutogen":	"false",
	"platIsNoBootBsp":	"false",
	"hasFsblMakeHasChanges":	"false",
	"hasPmufwMakeHasChanges":	"false",
	"platPreBuiltFlag":	false,
	"platformSamplesDir":	"",
	"platActiveSys":	"userMapTop1",
	"systems":	[{
			"systemName":	"userMapTop1",
			"systemDesc":	"userMapTop1",
			"sysIsBootAutoGen":	"true",
			"systemDispName":	"userMapTop1",
			"sysActiveDom":	"standalone_microblaze_0",
			"sysDefaultDom":	"standalone_microblaze_0",
			"domains":	[{
					"domainName":	"standalone_microblaze_0",
					"domainDispName":	"standalone_microblaze_0",
					"domainDesc":	"standalone_microblaze_0",
					"processors":	"microblaze_0",
					"os":	"standalone",
					"sdxOs":	"standalone",
					"debugEnable":	"False",
					"domRuntimes":	["cpp"],
					"swRepo":	"",
					"mssOsVer":	"8.1",
					"mssFile":	"",
					"md5Digest":	"2387726c7969e4016a1fc62dc46e34ae",
					"compatibleApp":	"hello_world",
					"domType":	"mssDomain",
					"arch":	"32-bit",
					"appSettings":	{
						"appCompilerFlags":	"",
						"appLinkerFlags":	""
					},
					"addedLibs":	[],
					"libOptions":	{
						"libsContainingOptions":	[]
					},
					"prebuiltLibs":	{
						"prebuiltIncPath":	[],
						"prebuiltLibPath":	[]
					},
					"isolation":	{
					}
				}]
		}]
}
LOG::2026-06-04.16:49:24::SCWPlatform::Started generating the artifacts platform userMapTop1
TRACE::2026-06-04.16:49:24::SCWPlatform::Sanity checking of platform is completed
LOG::2026-06-04.16:49:24::SCWPlatform::Started generating the artifacts for system configuration userMapTop1
LOG::2026-06-04.16:49:24::SCWSystem::Started Processing the domain standalone_microblaze_0
TRACE::2026-06-04.16:49:24::SCWDomain::Generating domain artifcats
TRACE::2026-06-04.16:49:24::SCWMssOS::Generating standalone artifcats
TRACE::2026-06-04.16:49:24::SCWMssOS:: Copying the user libraries. 
TRACE::2026-06-04.16:49:24::SCWPlatform::Trying to open the hw design at D:/vivado_pj/userMap2023_2/userMapTop1/hw/userMapTop1.xsa
TRACE::2026-06-04.16:49:24::SCWPlatform::DSA given D:/vivado_pj/userMap2023_2/userMapTop1/hw/userMapTop1.xsa
TRACE::2026-06-04.16:49:24::SCWPlatform::DSA absoulate path D:/vivado_pj/userMap2023_2/userMapTop1/hw/userMapTop1.xsa
TRACE::2026-06-04.16:49:24::SCWPlatform::DSA directory D:/vivado_pj/userMap2023_2/userMapTop1/hw
TRACE::2026-06-04.16:49:24::SCWPlatform:: Platform Path D:/vivado_pj/userMap2023_2/userMapTop1/hw/userMapTop1.xsa
TRACE::2026-06-04.16:49:24::SCWPlatform:: Unique name xilinx:basys3::0.0
TRACE::2026-06-04.16:49:24::SCWPlatform::Trying to set the existing hwdb with name userMapTop_0
TRACE::2026-06-04.16:49:24::SCWPlatform::Opened existing hwdb userMapTop_0
TRACE::2026-06-04.16:49:24::SCWPlatform::Found the Hw Db part of the input DSA
TRACE::2026-06-04.16:49:24::SCWMssOS::Checking the sw design at  D:/vivado_pj/userMap2023_2/userMapTop1/microblaze_0/standalone_microblaze_0/bsp/system.mss
TRACE::2026-06-04.16:49:24::SCWMssOS::DEBUG:  swdes dump  D:/vivado_pj/userMap2023_2/userMapTop1/microblaze_0/standalone_microblaze_0/bsp/system.mss|system||

TRACE::2026-06-04.16:49:24::SCWMssOS::Sw design exists and opened at  D:/vivado_pj/userMap2023_2/userMapTop1/microblaze_0/standalone_microblaze_0/bsp/system.mss
TRACE::2026-06-04.16:49:24::SCWMssOS::Completed writing the mss file at D:/vivado_pj/userMap2023_2/userMapTop1/microblaze_0/standalone_microblaze_0/bsp
TRACE::2026-06-04.16:49:24::SCWMssOS::Mss edits present, copying mssfile into export location D:/vivado_pj/userMap2023_2/userMapTop1/microblaze_0/standalone_microblaze_0/bsp/system.mss
TRACE::2026-06-04.16:49:24::SCWMssOS::bsp generated is upto date with the mss file. Skipping bsp generation.
TRACE::2026-06-04.16:49:24::SCWMssOS::BSP is already built. skipping the bsp build ... 
TRACE::2026-06-04.16:49:24::SCWDomain::Building the domain as part of full build :  standalone_microblaze_0
TRACE::2026-06-04.16:49:24::SCWMssOS::skipping the bsp build ... 
TRACE::2026-06-04.16:49:24::SCWMssOS::Copying to export directory.
TRACE::2026-06-04.16:49:24::SCWMssOS:: Checking if to create the Supporting Applications
TRACE::2026-06-04.16:49:24::SCWMssOS:: No Linux domain exists, trying to generate FSBL 
LOG::2026-06-04.16:49:24::SCWSystem::Completed Processing the domain standalone_microblaze_0
LOG::2026-06-04.16:49:24::SCWSystem::Completed Processing the sysconfig userMapTop1
LOG::2026-06-04.16:49:24::SCWPlatform::Completed generating the artifacts for system configuration userMapTop1
TRACE::2026-06-04.16:49:24::SCWPlatform::Started preparing the platform 
TRACE::2026-06-04.16:49:24::SCWSystem::Writing the bif file for system config userMapTop1
TRACE::2026-06-04.16:49:24::SCWSystem::dir created 
TRACE::2026-06-04.16:49:24::SCWSystem::Writing the bif 
TRACE::2026-06-04.16:49:24::SCWPlatform::Started writing the spfm file 
TRACE::2026-06-04.16:49:24::SCWPlatform::Started writing the xpfm file 
TRACE::2026-06-04.16:49:24::SCWPlatform::Completed generating the platform
TRACE::2026-06-04.16:49:24::SCWMssOS::Saving the mss changes D:/vivado_pj/userMap2023_2/userMapTop1/microblaze_0/standalone_microblaze_0/bsp/system.mss
TRACE::2026-06-04.16:49:24::SCWMssOS::Found a swdesign opened with the mssfile.
TRACE::2026-06-04.16:49:24::SCWMssOS::Completed writemss as part of save.
TRACE::2026-06-04.16:49:24::SCWMssOS::Commit changes completed.
TRACE::2026-06-04.16:49:24::SCWPlatform::Trying to open the hw design at D:/vivado_pj/userMap2023_2/userMapTop1/hw/userMapTop1.xsa
TRACE::2026-06-04.16:49:24::SCWPlatform::DSA given D:/vivado_pj/userMap2023_2/userMapTop1/hw/userMapTop1.xsa
TRACE::2026-06-04.16:49:24::SCWPlatform::DSA absoulate path D:/vivado_pj/userMap2023_2/userMapTop1/hw/userMapTop1.xsa
TRACE::2026-06-04.16:49:24::SCWPlatform::DSA directory D:/vivado_pj/userMap2023_2/userMapTop1/hw
TRACE::2026-06-04.16:49:24::SCWPlatform:: Platform Path D:/vivado_pj/userMap2023_2/userMapTop1/hw/userMapTop1.xsa
TRACE::2026-06-04.16:49:24::SCWPlatform:: Unique name xilinx:basys3::0.0
TRACE::2026-06-04.16:49:24::SCWPlatform::Trying to set the existing hwdb with name userMapTop_0
TRACE::2026-06-04.16:49:24::SCWPlatform::Opened existing hwdb userMapTop_0
TRACE::2026-06-04.16:49:24::SCWPlatform::Found the Hw Db part of the input DSA
TRACE::2026-06-04.16:49:24::SCWMssOS::Checking the sw design at  D:/vivado_pj/userMap2023_2/userMapTop1/microblaze_0/standalone_microblaze_0/bsp/system.mss
TRACE::2026-06-04.16:49:24::SCWMssOS::DEBUG:  swdes dump  D:/vivado_pj/userMap2023_2/userMapTop1/microblaze_0/standalone_microblaze_0/bsp/system.mss|system||

TRACE::2026-06-04.16:49:24::SCWMssOS::Sw design exists and opened at  D:/vivado_pj/userMap2023_2/userMapTop1/microblaze_0/standalone_microblaze_0/bsp/system.mss
TRACE::2026-06-04.16:49:24::SCWPlatform::Trying to open the hw design at D:/vivado_pj/userMap2023_2/userMapTop1/hw/userMapTop1.xsa
TRACE::2026-06-04.16:49:24::SCWPlatform::DSA given D:/vivado_pj/userMap2023_2/userMapTop1/hw/userMapTop1.xsa
TRACE::2026-06-04.16:49:24::SCWPlatform::DSA absoulate path D:/vivado_pj/userMap2023_2/userMapTop1/hw/userMapTop1.xsa
TRACE::2026-06-04.16:49:24::SCWPlatform::DSA directory D:/vivado_pj/userMap2023_2/userMapTop1/hw
TRACE::2026-06-04.16:49:24::SCWPlatform:: Platform Path D:/vivado_pj/userMap2023_2/userMapTop1/hw/userMapTop1.xsa
TRACE::2026-06-04.16:49:24::SCWPlatform:: Unique name xilinx:basys3::0.0
TRACE::2026-06-04.16:49:24::SCWPlatform::Trying to set the existing hwdb with name userMapTop_0
TRACE::2026-06-04.16:49:24::SCWPlatform::Opened existing hwdb userMapTop_0
TRACE::2026-06-04.16:49:24::SCWPlatform::Found the Hw Db part of the input DSA
TRACE::2026-06-04.16:49:24::SCWMssOS::Checking the sw design at  D:/vivado_pj/userMap2023_2/userMapTop1/microblaze_0/standalone_microblaze_0/bsp/system.mss
TRACE::2026-06-04.16:49:24::SCWMssOS::DEBUG:  swdes dump  D:/vivado_pj/userMap2023_2/userMapTop1/microblaze_0/standalone_microblaze_0/bsp/system.mss|system||

TRACE::2026-06-04.16:49:24::SCWMssOS::Sw design exists and opened at  D:/vivado_pj/userMap2023_2/userMapTop1/microblaze_0/standalone_microblaze_0/bsp/system.mss
TRACE::2026-06-04.16:49:24::SCWPlatform::Trying to open the hw design at D:/vivado_pj/userMap2023_2/userMapTop1/hw/userMapTop1.xsa
TRACE::2026-06-04.16:49:24::SCWPlatform::DSA given D:/vivado_pj/userMap2023_2/userMapTop1/hw/userMapTop1.xsa
TRACE::2026-06-04.16:49:24::SCWPlatform::DSA absoulate path D:/vivado_pj/userMap2023_2/userMapTop1/hw/userMapTop1.xsa
TRACE::2026-06-04.16:49:24::SCWPlatform::DSA directory D:/vivado_pj/userMap2023_2/userMapTop1/hw
TRACE::2026-06-04.16:49:24::SCWPlatform:: Platform Path D:/vivado_pj/userMap2023_2/userMapTop1/hw/userMapTop1.xsa
TRACE::2026-06-04.16:49:24::SCWPlatform:: Unique name xilinx:basys3::0.0
TRACE::2026-06-04.16:49:24::SCWPlatform::Trying to set the existing hwdb with name userMapTop_0
TRACE::2026-06-04.16:49:24::SCWPlatform::Opened existing hwdb userMapTop_0
TRACE::2026-06-04.16:49:24::SCWPlatform::Found the Hw Db part of the input DSA
TRACE::2026-06-04.16:49:24::SCWMssOS::Checking the sw design at  D:/vivado_pj/userMap2023_2/userMapTop1/microblaze_0/standalone_microblaze_0/bsp/system.mss
TRACE::2026-06-04.16:49:24::SCWMssOS::DEBUG:  swdes dump  D:/vivado_pj/userMap2023_2/userMapTop1/microblaze_0/standalone_microblaze_0/bsp/system.mss|system||

TRACE::2026-06-04.16:49:24::SCWMssOS::Sw design exists and opened at  D:/vivado_pj/userMap2023_2/userMapTop1/microblaze_0/standalone_microblaze_0/bsp/system.mss
TRACE::2026-06-04.16:49:24::SCWWriter::formatted JSON is {
	"platformName":	"userMapTop1",
	"sprVersion":	"2.0",
	"mode":	"gui",
	"dsaType":	"Fixed",
	"platformDesc":	"userMapTop1",
	"platHandOff":	"D:/vivado_pj/userMap/userMapTop1.xsa",
	"platIntHandOff":	"<platformDir>/hw/userMapTop1.xsa",
	"deviceType":	"FPGA",
	"platIsPrebuiltAutogen":	"false",
	"platIsNoBootBsp":	"false",
	"hasFsblMakeHasChanges":	"false",
	"hasPmufwMakeHasChanges":	"false",
	"platPreBuiltFlag":	false,
	"platformSamplesDir":	"",
	"platActiveSys":	"userMapTop1",
	"systems":	[{
			"systemName":	"userMapTop1",
			"systemDesc":	"userMapTop1",
			"sysIsBootAutoGen":	"true",
			"systemDispName":	"userMapTop1",
			"sysActiveDom":	"standalone_microblaze_0",
			"sysDefaultDom":	"standalone_microblaze_0",
			"domains":	[{
					"domainName":	"standalone_microblaze_0",
					"domainDispName":	"standalone_microblaze_0",
					"domainDesc":	"standalone_microblaze_0",
					"processors":	"microblaze_0",
					"os":	"standalone",
					"sdxOs":	"standalone",
					"debugEnable":	"False",
					"domRuntimes":	["cpp"],
					"swRepo":	"",
					"mssOsVer":	"8.1",
					"mssFile":	"",
					"md5Digest":	"2387726c7969e4016a1fc62dc46e34ae",
					"compatibleApp":	"hello_world",
					"domType":	"mssDomain",
					"arch":	"32-bit",
					"appSettings":	{
						"appCompilerFlags":	"",
						"appLinkerFlags":	""
					},
					"addedLibs":	[],
					"libOptions":	{
						"libsContainingOptions":	[]
					},
					"prebuiltLibs":	{
						"prebuiltIncPath":	[],
						"prebuiltLibPath":	[]
					},
					"isolation":	{
					}
				}]
		}]
}
KEYINFO::2026-06-04.16:49:24::SCWPlatform::updated the xpfm file.
LOG::2026-06-04.16:52:03::SCWPlatform::Started generating the artifacts platform userMapTop1
TRACE::2026-06-04.16:52:03::SCWPlatform::Sanity checking of platform is completed
LOG::2026-06-04.16:52:03::SCWPlatform::Started generating the artifacts for system configuration userMapTop1
LOG::2026-06-04.16:52:03::SCWSystem::Checking the domain standalone_microblaze_0
LOG::2026-06-04.16:52:03::SCWSystem::Not a boot domain 
LOG::2026-06-04.16:52:03::SCWSystem::Started Processing the domain standalone_microblaze_0
TRACE::2026-06-04.16:52:03::SCWDomain::Generating domain artifcats
TRACE::2026-06-04.16:52:03::SCWMssOS::Generating standalone artifcats
TRACE::2026-06-04.16:52:03::SCWMssOS:: Copying the user libraries. 
TRACE::2026-06-04.16:52:03::SCWPlatform::Trying to open the hw design at D:/vivado_pj/userMap2023_2/userMapTop1/hw/userMapTop1.xsa
TRACE::2026-06-04.16:52:03::SCWPlatform::DSA given D:/vivado_pj/userMap2023_2/userMapTop1/hw/userMapTop1.xsa
TRACE::2026-06-04.16:52:03::SCWPlatform::DSA absoulate path D:/vivado_pj/userMap2023_2/userMapTop1/hw/userMapTop1.xsa
TRACE::2026-06-04.16:52:03::SCWPlatform::DSA directory D:/vivado_pj/userMap2023_2/userMapTop1/hw
TRACE::2026-06-04.16:52:03::SCWPlatform:: Platform Path D:/vivado_pj/userMap2023_2/userMapTop1/hw/userMapTop1.xsa
TRACE::2026-06-04.16:52:03::SCWPlatform:: Unique name xilinx:basys3::0.0
TRACE::2026-06-04.16:52:03::SCWPlatform::Trying to set the existing hwdb with name userMapTop_0
TRACE::2026-06-04.16:52:03::SCWPlatform::Opened existing hwdb userMapTop_0
TRACE::2026-06-04.16:52:03::SCWPlatform::Found the Hw Db part of the input DSA
TRACE::2026-06-04.16:52:03::SCWMssOS::Checking the sw design at  D:/vivado_pj/userMap2023_2/userMapTop1/microblaze_0/standalone_microblaze_0/bsp/system.mss
TRACE::2026-06-04.16:52:03::SCWMssOS::DEBUG:  swdes dump  D:/vivado_pj/userMap2023_2/userMapTop1/microblaze_0/standalone_microblaze_0/bsp/system.mss|system||

TRACE::2026-06-04.16:52:03::SCWMssOS::Sw design exists and opened at  D:/vivado_pj/userMap2023_2/userMapTop1/microblaze_0/standalone_microblaze_0/bsp/system.mss
TRACE::2026-06-04.16:52:03::SCWMssOS::Completed writing the mss file at D:/vivado_pj/userMap2023_2/userMapTop1/microblaze_0/standalone_microblaze_0/bsp
TRACE::2026-06-04.16:52:03::SCWMssOS::Mss edits present, copying mssfile into export location D:/vivado_pj/userMap2023_2/userMapTop1/microblaze_0/standalone_microblaze_0/bsp/system.mss
TRACE::2026-06-04.16:52:03::SCWMssOS::bsp generated is upto date with the mss file. Skipping bsp generation.
TRACE::2026-06-04.16:52:03::SCWMssOS::BSP is already built. skipping the bsp build ... 
TRACE::2026-06-04.16:52:03::SCWDomain::Building the domain as part of full build :  standalone_microblaze_0
TRACE::2026-06-04.16:52:03::SCWMssOS::doing bsp build ... 
TRACE::2026-06-04.16:52:03::SCWMssOS::System Command Ran  D: & cd  D:/vivado_pj/userMap2023_2/userMapTop1/microblaze_0/standalone_microblaze_0/bsp & make 
TRACE::2026-06-04.16:52:04::SCWMssOS::make --no-print-directory seq_libs

TRACE::2026-06-04.16:52:04::SCWMssOS::'Finished building libraries sequentially.'

TRACE::2026-06-04.16:52:04::SCWMssOS::make -j 18 --no-print-directory par_libs

TRACE::2026-06-04.16:52:04::SCWMssOS::"Running Make include in microblaze_0/libsrc/bram_v4_8/src"

TRACE::2026-06-04.16:52:04::SCWMssOS::make -C microblaze_0/libsrc/bram_v4_8/src -s include  "SHELL=CMD" "COMPILER=mb-gcc" "ASSEMBLER=mb-as" "ARCHIVER=mb-ar" "COMPILE
TRACE::2026-06-04.16:52:04::SCWMssOS::R_FLAGS=  -O2 -c -mcpu=v11.0 -mlittle-endian -mxl-soft-mul" "EXTRA_COMPILER_FLAGS=-g -ffunction-sections -fdata-sections -Wall 
TRACE::2026-06-04.16:52:04::SCWMssOS::-Wextra -fno-tree-loop-distribute-patterns"

TRACE::2026-06-04.16:52:04::SCWMssOS::"Running Make include in microblaze_0/libsrc/cpu_v2_17/src"

TRACE::2026-06-04.16:52:04::SCWMssOS::make -C microblaze_0/libsrc/cpu_v2_17/src -s include  "SHELL=CMD" "COMPILER=mb-gcc" "ASSEMBLER=mb-as" "ARCHIVER=mb-ar" "COMPILE
TRACE::2026-06-04.16:52:04::SCWMssOS::R_FLAGS=  -O2 -c -mcpu=v11.0 -mlittle-endian -mxl-soft-mul" "EXTRA_COMPILER_FLAGS=-g -ffunction-sections -fdata-sections -Wall 
TRACE::2026-06-04.16:52:04::SCWMssOS::-Wextra -fno-tree-loop-distribute-patterns"

TRACE::2026-06-04.16:52:04::SCWMssOS::"Running Make include in microblaze_0/libsrc/gpio_v4_9/src"

TRACE::2026-06-04.16:52:04::SCWMssOS::make -C microblaze_0/libsrc/gpio_v4_9/src -s include  "SHELL=CMD" "COMPILER=mb-gcc" "ASSEMBLER=mb-as" "ARCHIVER=mb-ar" "COMPILE
TRACE::2026-06-04.16:52:04::SCWMssOS::R_FLAGS=  -O2 -c -mcpu=v11.0 -mlittle-endian -mxl-soft-mul" "EXTRA_COMPILER_FLAGS=-g -ffunction-sections -fdata-sections -Wall 
TRACE::2026-06-04.16:52:04::SCWMssOS::-Wextra -fno-tree-loop-distribute-patterns"

TRACE::2026-06-04.16:52:04::SCWMssOS::"Running Make include in microblaze_0/libsrc/intc_v3_16/src"

TRACE::2026-06-04.16:52:04::SCWMssOS::make -C microblaze_0/libsrc/intc_v3_16/src -s include  "SHELL=CMD" "COMPILER=mb-gcc" "ASSEMBLER=mb-as" "ARCHIVER=mb-ar" "COMPIL
TRACE::2026-06-04.16:52:04::SCWMssOS::ER_FLAGS=  -O2 -c -mcpu=v11.0 -mlittle-endian -mxl-soft-mul" "EXTRA_COMPILER_FLAGS=-g -ffunction-sections -fdata-sections -Wall
TRACE::2026-06-04.16:52:04::SCWMssOS:: -Wextra -fno-tree-loop-distribute-patterns"

TRACE::2026-06-04.16:52:04::SCWMssOS::"Running Make include in microblaze_0/libsrc/standalone_v8_1/src"

TRACE::2026-06-04.16:52:04::SCWMssOS::make -C microblaze_0/libsrc/standalone_v8_1/src -s include  "SHELL=CMD" "COMPILER=mb-gcc" "ASSEMBLER=mb-as" "ARCHIVER=mb-ar" "C
TRACE::2026-06-04.16:52:04::SCWMssOS::OMPILER_FLAGS=  -O2 -c -mcpu=v11.0 -mlittle-endian -mxl-soft-mul" "EXTRA_COMPILER_FLAGS=-g -ffunction-sections -fdata-sections 
TRACE::2026-06-04.16:52:04::SCWMssOS::-Wall -Wextra -fno-tree-loop-distribute-patterns"

TRACE::2026-06-04.16:52:04::SCWMssOS::"Running Make include in microblaze_0/libsrc/uartlite_v3_8/src"

TRACE::2026-06-04.16:52:04::SCWMssOS::make -C microblaze_0/libsrc/uartlite_v3_8/src -s include  "SHELL=CMD" "COMPILER=mb-gcc" "ASSEMBLER=mb-as" "ARCHIVER=mb-ar" "COM
TRACE::2026-06-04.16:52:04::SCWMssOS::PILER_FLAGS=  -O2 -c -mcpu=v11.0 -mlittle-endian -mxl-soft-mul" "EXTRA_COMPILER_FLAGS=-g -ffunction-sections -fdata-sections -W
TRACE::2026-06-04.16:52:04::SCWMssOS::all -Wextra -fno-tree-loop-distribute-patterns"

TRACE::2026-06-04.16:52:04::SCWMssOS::"Running Make libs in microblaze_0/libsrc/bram_v4_8/src"

TRACE::2026-06-04.16:52:04::SCWMssOS::make -C microblaze_0/libsrc/bram_v4_8/src -s libs  "SHELL=CMD" "COMPILER=mb-gcc" "ASSEMBLER=mb-as" "ARCHIVER=mb-ar" "COMPILER_F
TRACE::2026-06-04.16:52:04::SCWMssOS::LAGS=  -O2 -c -mcpu=v11.0 -mlittle-endian -mxl-soft-mul" "EXTRA_COMPILER_FLAGS=-g -ffunction-sections -fdata-sections -Wall -We
TRACE::2026-06-04.16:52:04::SCWMssOS::xtra -fno-tree-loop-distribute-patterns"

TRACE::2026-06-04.16:52:04::SCWMssOS::"Running Make libs in microblaze_0/libsrc/cpu_v2_17/src"

TRACE::2026-06-04.16:52:04::SCWMssOS::make -C microblaze_0/libsrc/cpu_v2_17/src -s libs  "SHELL=CMD" "COMPILER=mb-gcc" "ASSEMBLER=mb-as" "ARCHIVER=mb-ar" "COMPILER_F
TRACE::2026-06-04.16:52:04::SCWMssOS::LAGS=  -O2 -c -mcpu=v11.0 -mlittle-endian -mxl-soft-mul" "EXTRA_COMPILER_FLAGS=-g -ffunction-sections -fdata-sections -Wall -We
TRACE::2026-06-04.16:52:04::SCWMssOS::xtra -fno-tree-loop-distribute-patterns"

TRACE::2026-06-04.16:52:04::SCWMssOS::"Running Make libs in microblaze_0/libsrc/gpio_v4_9/src"

TRACE::2026-06-04.16:52:04::SCWMssOS::make -C microblaze_0/libsrc/gpio_v4_9/src -s libs  "SHELL=CMD" "COMPILER=mb-gcc" "ASSEMBLER=mb-as" "ARCHIVER=mb-ar" "COMPILER_F
TRACE::2026-06-04.16:52:04::SCWMssOS::LAGS=  -O2 -c -mcpu=v11.0 -mlittle-endian -mxl-soft-mul" "EXTRA_COMPILER_FLAGS=-g -ffunction-sections -fdata-sections -Wall -We
TRACE::2026-06-04.16:52:04::SCWMssOS::xtra -fno-tree-loop-distribute-patterns"

TRACE::2026-06-04.16:52:04::SCWMssOS::"Running Make libs in microblaze_0/libsrc/intc_v3_16/src"

TRACE::2026-06-04.16:52:04::SCWMssOS::make -C microblaze_0/libsrc/intc_v3_16/src -s libs  "SHELL=CMD" "COMPILER=mb-gcc" "ASSEMBLER=mb-as" "ARCHIVER=mb-ar" "COMPILER_
TRACE::2026-06-04.16:52:04::SCWMssOS::FLAGS=  -O2 -c -mcpu=v11.0 -mlittle-endian -mxl-soft-mul" "EXTRA_COMPILER_FLAGS=-g -ffunction-sections -fdata-sections -Wall -W
TRACE::2026-06-04.16:52:04::SCWMssOS::extra -fno-tree-loop-distribute-patterns"

TRACE::2026-06-04.16:52:04::SCWMssOS::"Running Make libs in microblaze_0/libsrc/standalone_v8_1/src"

TRACE::2026-06-04.16:52:04::SCWMssOS::make -C microblaze_0/libsrc/standalone_v8_1/src -s libs  "SHELL=CMD" "COMPILER=mb-gcc" "ASSEMBLER=mb-as" "ARCHIVER=mb-ar" "COMP
TRACE::2026-06-04.16:52:04::SCWMssOS::ILER_FLAGS=  -O2 -c -mcpu=v11.0 -mlittle-endian -mxl-soft-mul" "EXTRA_COMPILER_FLAGS=-g -ffunction-sections -fdata-sections -Wa
TRACE::2026-06-04.16:52:04::SCWMssOS::ll -Wextra -fno-tree-loop-distribute-patterns"

TRACE::2026-06-04.16:52:04::SCWMssOS::"Running Make libs in microblaze_0/libsrc/uartlite_v3_8/src"

TRACE::2026-06-04.16:52:04::SCWMssOS::make -C microblaze_0/libsrc/uartlite_v3_8/src -s libs  "SHELL=CMD" "COMPILER=mb-gcc" "ASSEMBLER=mb-as" "ARCHIVER=mb-ar" "COMPIL
TRACE::2026-06-04.16:52:04::SCWMssOS::ER_FLAGS=  -O2 -c -mcpu=v11.0 -mlittle-endian -mxl-soft-mul" "EXTRA_COMPILER_FLAGS=-g -ffunction-sections -fdata-sections -Wall
TRACE::2026-06-04.16:52:04::SCWMssOS:: -Wextra -fno-tree-loop-distribute-patterns"

TRACE::2026-06-04.16:52:05::SCWMssOS::"DEBUG NON_LTO_OBJECTS is ../../../lib/microblaze_interrupt_handler.o"

TRACE::2026-06-04.16:52:06::SCWMssOS::'Finished building libraries parallelly.'

TRACE::2026-06-04.16:52:06::SCWMssOS::make --no-print-directory archive

TRACE::2026-06-04.16:52:06::SCWMssOS::mb-ar -r  microblaze_0/lib/libxil.a microblaze_0/lib/_exit.o microblaze_0/lib/errno.o microblaze_0/lib/fcntl.o microblaze_0/lib
TRACE::2026-06-04.16:52:06::SCWMssOS::/hw_exception_handler.o microblaze_0/lib/inbyte.o microblaze_0/lib/microblaze_disable_dcache.o microblaze_0/lib/microblaze_disa
TRACE::2026-06-04.16:52:06::SCWMssOS::ble_exceptions.o microblaze_0/lib/microblaze_disable_icache.o microblaze_0/lib/microblaze_disable_interrupts.o microblaze_0/lib
TRACE::2026-06-04.16:52:06::SCWMssOS::/microblaze_enable_dcache.o microblaze_0/lib/microblaze_enable_exceptions.o microblaze_0/lib/microblaze_enable_icache.o microbl
TRACE::2026-06-04.16:52:06::SCWMssOS::aze_0/lib/microblaze_enable_interrupts.o microblaze_0/lib/microblaze_exception_handler.o microblaze_0/lib/microblaze_flush_cach
TRACE::2026-06-04.16:52:06::SCWMssOS::e_ext.o microblaze_0/lib/microblaze_flush_cache_ext_range.o microblaze_0/lib/microblaze_flush_dcache.o microblaze_0/lib/microbl
TRACE::2026-06-04.16:52:06::SCWMssOS::aze_flush_dcache_range.o microblaze_0/lib/microblaze_init_dcache_range.o microblaze_0/lib/microblaze_init_icache_range.o microb
TRACE::2026-06-04.16:52:06::SCWMssOS::laze_0/lib/microblaze_interrupt_handler.o microblaze_0/lib/microblaze_interrupts_g.o microblaze_0/lib/microblaze_invalidate_cac
TRACE::2026-06-04.16:52:06::SCWMssOS::he_ext.o microblaze_0/lib/microblaze_invalidate_cache_ext_range.o microblaze_0/lib/microblaze_invalidate_dcache.o microblaze_0/
TRACE::2026-06-04.16:52:06::SCWMssOS::lib/microblaze_invalidate_dcache_range.o microblaze_0/lib/microblaze_invalidate_icache.o microblaze_0/lib/microblaze_invalidate
TRACE::2026-06-04.16:52:06::SCWMssOS::_icache_range.o microblaze_0/lib/microblaze_scrub.o microblaze_0/lib/microblaze_selftest.o microblaze_0/lib/microblaze_sleep.o 
TRACE::2026-06-04.16:52:06::SCWMssOS::microblaze_0/lib/microblaze_update_dcache.o microblaze_0/lib/microblaze_update_icache.o microblaze_0/lib/outbyte.o microblaze_0
TRACE::2026-06-04.16:52:06::SCWMssOS::/lib/print.o microblaze_0/lib/pvr.o microblaze_0/lib/xbram.o microblaze_0/lib/xbram_g.o microblaze_0/lib/xbram_intr.o microblaz
TRACE::2026-06-04.16:52:06::SCWMssOS::e_0/lib/xbram_selftest.o microblaze_0/lib/xbram_sinit.o microblaze_0/lib/xgpio.o microblaze_0/lib/xgpio_extra.o microblaze_0/li
TRACE::2026-06-04.16:52:06::SCWMssOS::b/xgpio_g.o microblaze_0/lib/xgpio_intr.o microblaze_0/lib/xgpio_selftest.o microblaze_0/lib/xgpio_sinit.o microblaze_0/lib/xil
TRACE::2026-06-04.16:52:06::SCWMssOS::_assert.o microblaze_0/lib/xil_cache.o microblaze_0/lib/xil_clocking.o microblaze_0/lib/xil_exception.o microblaze_0/lib/xil_me
TRACE::2026-06-04.16:52:06::SCWMssOS::m.o microblaze_0/lib/xil_misc_psreset_api.o microblaze_0/lib/xil_printf.o microblaze_0/lib/xil_sleepcommon.o microblaze_0/lib/x
TRACE::2026-06-04.16:52:06::SCWMssOS::il_testcache.o microblaze_0/lib/xil_testio.o microblaze_0/lib/xil_testmem.o microblaze_0/lib/xil_util.o microblaze_0/lib/xintc.
TRACE::2026-06-04.16:52:06::SCWMssOS::o microblaze_0/lib/xintc_g.o microblaze_0/lib/xintc_intr.o microblaze_0/lib/xintc_l.o microblaze_0/lib/xintc_options.o microbla
TRACE::2026-06-04.16:52:06::SCWMssOS::ze_0/lib/xintc_selftest.o microblaze_0/lib/xinterrupt_wrap.o microblaze_0/lib/xio.o microblaze_0/lib/xplatform_info.o microblaz
TRACE::2026-06-04.16:52:06::SCWMssOS::e_0/lib/xuartlite.o microblaze_0/lib/xuartlite_g.o microblaze_0/lib/xuartlite_intr.o microblaze_0/lib/xuartlite_l.o microblaze_
TRACE::2026-06-04.16:52:06::SCWMssOS::0/lib/xuartlite_selftest.o microblaze_0/lib/xuartlite_sinit.o microblaze_0/lib/xuartlite_stats.o

TRACE::2026-06-04.16:52:06::SCWMssOS::'Finished building libraries'

TRACE::2026-06-04.16:52:06::SCWMssOS::Copying to export directory.
TRACE::2026-06-04.16:52:06::SCWMssOS:: Checking if to create the Supporting Applications
TRACE::2026-06-04.16:52:06::SCWMssOS:: No Linux domain exists, trying to generate FSBL 
LOG::2026-06-04.16:52:06::SCWSystem::Completed Processing the domain standalone_microblaze_0
LOG::2026-06-04.16:52:06::SCWSystem::Completed Processing the sysconfig userMapTop1
LOG::2026-06-04.16:52:06::SCWPlatform::Completed generating the artifacts for system configuration userMapTop1
TRACE::2026-06-04.16:52:06::SCWPlatform::Started preparing the platform 
TRACE::2026-06-04.16:52:06::SCWSystem::Writing the bif file for system config userMapTop1
TRACE::2026-06-04.16:52:06::SCWSystem::dir created 
TRACE::2026-06-04.16:52:06::SCWSystem::Writing the bif 
TRACE::2026-06-04.16:52:06::SCWPlatform::Started writing the spfm file 
TRACE::2026-06-04.16:52:06::SCWPlatform::Started writing the xpfm file 
TRACE::2026-06-04.16:52:06::SCWPlatform::Completed generating the platform
TRACE::2026-06-04.16:52:06::SCWMssOS::Saving the mss changes D:/vivado_pj/userMap2023_2/userMapTop1/microblaze_0/standalone_microblaze_0/bsp/system.mss
TRACE::2026-06-04.16:52:06::SCWMssOS::Found a swdesign opened with the mssfile.
TRACE::2026-06-04.16:52:06::SCWMssOS::Completed writemss as part of save.
TRACE::2026-06-04.16:52:06::SCWMssOS::Commit changes completed.
TRACE::2026-06-04.16:52:06::SCWPlatform::Trying to open the hw design at D:/vivado_pj/userMap2023_2/userMapTop1/hw/userMapTop1.xsa
TRACE::2026-06-04.16:52:06::SCWPlatform::DSA given D:/vivado_pj/userMap2023_2/userMapTop1/hw/userMapTop1.xsa
TRACE::2026-06-04.16:52:06::SCWPlatform::DSA absoulate path D:/vivado_pj/userMap2023_2/userMapTop1/hw/userMapTop1.xsa
TRACE::2026-06-04.16:52:06::SCWPlatform::DSA directory D:/vivado_pj/userMap2023_2/userMapTop1/hw
TRACE::2026-06-04.16:52:06::SCWPlatform:: Platform Path D:/vivado_pj/userMap2023_2/userMapTop1/hw/userMapTop1.xsa
TRACE::2026-06-04.16:52:06::SCWPlatform:: Unique name xilinx:basys3::0.0
TRACE::2026-06-04.16:52:06::SCWPlatform::Trying to set the existing hwdb with name userMapTop_0
TRACE::2026-06-04.16:52:06::SCWPlatform::Opened existing hwdb userMapTop_0
TRACE::2026-06-04.16:52:06::SCWPlatform::Found the Hw Db part of the input DSA
TRACE::2026-06-04.16:52:06::SCWMssOS::Checking the sw design at  D:/vivado_pj/userMap2023_2/userMapTop1/microblaze_0/standalone_microblaze_0/bsp/system.mss
TRACE::2026-06-04.16:52:06::SCWMssOS::DEBUG:  swdes dump  D:/vivado_pj/userMap2023_2/userMapTop1/microblaze_0/standalone_microblaze_0/bsp/system.mss|system||

TRACE::2026-06-04.16:52:06::SCWMssOS::Sw design exists and opened at  D:/vivado_pj/userMap2023_2/userMapTop1/microblaze_0/standalone_microblaze_0/bsp/system.mss
TRACE::2026-06-04.16:52:06::SCWPlatform::Trying to open the hw design at D:/vivado_pj/userMap2023_2/userMapTop1/hw/userMapTop1.xsa
TRACE::2026-06-04.16:52:06::SCWPlatform::DSA given D:/vivado_pj/userMap2023_2/userMapTop1/hw/userMapTop1.xsa
TRACE::2026-06-04.16:52:06::SCWPlatform::DSA absoulate path D:/vivado_pj/userMap2023_2/userMapTop1/hw/userMapTop1.xsa
TRACE::2026-06-04.16:52:06::SCWPlatform::DSA directory D:/vivado_pj/userMap2023_2/userMapTop1/hw
TRACE::2026-06-04.16:52:06::SCWPlatform:: Platform Path D:/vivado_pj/userMap2023_2/userMapTop1/hw/userMapTop1.xsa
TRACE::2026-06-04.16:52:06::SCWPlatform:: Unique name xilinx:basys3::0.0
TRACE::2026-06-04.16:52:06::SCWPlatform::Trying to set the existing hwdb with name userMapTop_0
TRACE::2026-06-04.16:52:06::SCWPlatform::Opened existing hwdb userMapTop_0
TRACE::2026-06-04.16:52:06::SCWPlatform::Found the Hw Db part of the input DSA
TRACE::2026-06-04.16:52:06::SCWMssOS::Checking the sw design at  D:/vivado_pj/userMap2023_2/userMapTop1/microblaze_0/standalone_microblaze_0/bsp/system.mss
TRACE::2026-06-04.16:52:06::SCWMssOS::DEBUG:  swdes dump  D:/vivado_pj/userMap2023_2/userMapTop1/microblaze_0/standalone_microblaze_0/bsp/system.mss|system||

TRACE::2026-06-04.16:52:06::SCWMssOS::Sw design exists and opened at  D:/vivado_pj/userMap2023_2/userMapTop1/microblaze_0/standalone_microblaze_0/bsp/system.mss
TRACE::2026-06-04.16:52:06::SCWPlatform::Trying to open the hw design at D:/vivado_pj/userMap2023_2/userMapTop1/hw/userMapTop1.xsa
TRACE::2026-06-04.16:52:06::SCWPlatform::DSA given D:/vivado_pj/userMap2023_2/userMapTop1/hw/userMapTop1.xsa
TRACE::2026-06-04.16:52:06::SCWPlatform::DSA absoulate path D:/vivado_pj/userMap2023_2/userMapTop1/hw/userMapTop1.xsa
TRACE::2026-06-04.16:52:06::SCWPlatform::DSA directory D:/vivado_pj/userMap2023_2/userMapTop1/hw
TRACE::2026-06-04.16:52:06::SCWPlatform:: Platform Path D:/vivado_pj/userMap2023_2/userMapTop1/hw/userMapTop1.xsa
TRACE::2026-06-04.16:52:06::SCWPlatform:: Unique name xilinx:basys3::0.0
TRACE::2026-06-04.16:52:06::SCWPlatform::Trying to set the existing hwdb with name userMapTop_0
TRACE::2026-06-04.16:52:06::SCWPlatform::Opened existing hwdb userMapTop_0
TRACE::2026-06-04.16:52:06::SCWPlatform::Found the Hw Db part of the input DSA
TRACE::2026-06-04.16:52:06::SCWMssOS::Checking the sw design at  D:/vivado_pj/userMap2023_2/userMapTop1/microblaze_0/standalone_microblaze_0/bsp/system.mss
TRACE::2026-06-04.16:52:06::SCWMssOS::DEBUG:  swdes dump  D:/vivado_pj/userMap2023_2/userMapTop1/microblaze_0/standalone_microblaze_0/bsp/system.mss|system||

TRACE::2026-06-04.16:52:06::SCWMssOS::Sw design exists and opened at  D:/vivado_pj/userMap2023_2/userMapTop1/microblaze_0/standalone_microblaze_0/bsp/system.mss
TRACE::2026-06-04.16:52:06::SCWWriter::formatted JSON is {
	"platformName":	"userMapTop1",
	"sprVersion":	"2.0",
	"mode":	"gui",
	"dsaType":	"Fixed",
	"platformDesc":	"userMapTop1",
	"platHandOff":	"D:/vivado_pj/userMap/userMapTop1.xsa",
	"platIntHandOff":	"<platformDir>/hw/userMapTop1.xsa",
	"deviceType":	"FPGA",
	"platIsPrebuiltAutogen":	"false",
	"platIsNoBootBsp":	"false",
	"hasFsblMakeHasChanges":	"false",
	"hasPmufwMakeHasChanges":	"false",
	"platPreBuiltFlag":	false,
	"platformSamplesDir":	"",
	"platActiveSys":	"userMapTop1",
	"systems":	[{
			"systemName":	"userMapTop1",
			"systemDesc":	"userMapTop1",
			"sysIsBootAutoGen":	"true",
			"systemDispName":	"userMapTop1",
			"sysActiveDom":	"standalone_microblaze_0",
			"sysDefaultDom":	"standalone_microblaze_0",
			"domains":	[{
					"domainName":	"standalone_microblaze_0",
					"domainDispName":	"standalone_microblaze_0",
					"domainDesc":	"standalone_microblaze_0",
					"processors":	"microblaze_0",
					"os":	"standalone",
					"sdxOs":	"standalone",
					"debugEnable":	"False",
					"domRuntimes":	["cpp"],
					"swRepo":	"",
					"mssOsVer":	"8.1",
					"mssFile":	"",
					"md5Digest":	"2387726c7969e4016a1fc62dc46e34ae",
					"compatibleApp":	"hello_world",
					"domType":	"mssDomain",
					"arch":	"32-bit",
					"appSettings":	{
						"appCompilerFlags":	"",
						"appLinkerFlags":	""
					},
					"addedLibs":	[],
					"libOptions":	{
						"libsContainingOptions":	[]
					},
					"prebuiltLibs":	{
						"prebuiltIncPath":	[],
						"prebuiltLibPath":	[]
					},
					"isolation":	{
					}
				}]
		}]
}
KEYINFO::2026-06-04.16:52:06::SCWPlatform::updated the xpfm file.
TRACE::2026-06-04.16:52:07::SCWPlatform::Trying to open the hw design at D:/vivado_pj/userMap2023_2/userMapTop1/hw/userMapTop1.xsa
TRACE::2026-06-04.16:52:07::SCWPlatform::DSA given D:/vivado_pj/userMap2023_2/userMapTop1/hw/userMapTop1.xsa
TRACE::2026-06-04.16:52:07::SCWPlatform::DSA absoulate path D:/vivado_pj/userMap2023_2/userMapTop1/hw/userMapTop1.xsa
TRACE::2026-06-04.16:52:07::SCWPlatform::DSA directory D:/vivado_pj/userMap2023_2/userMapTop1/hw
TRACE::2026-06-04.16:52:07::SCWPlatform:: Platform Path D:/vivado_pj/userMap2023_2/userMapTop1/hw/userMapTop1.xsa
TRACE::2026-06-04.16:52:07::SCWPlatform:: Unique name xilinx:basys3::0.0
TRACE::2026-06-04.16:52:07::SCWPlatform::Trying to set the existing hwdb with name userMapTop_0
TRACE::2026-06-04.16:52:07::SCWPlatform::Opened existing hwdb userMapTop_0
TRACE::2026-06-04.16:52:07::SCWPlatform::Found the Hw Db part of the input DSA
TRACE::2026-06-04.16:52:07::SCWMssOS::Checking the sw design at  D:/vivado_pj/userMap2023_2/userMapTop1/microblaze_0/standalone_microblaze_0/bsp/system.mss
TRACE::2026-06-04.16:52:07::SCWMssOS::DEBUG:  swdes dump  D:/vivado_pj/userMap2023_2/userMapTop1/microblaze_0/standalone_microblaze_0/bsp/system.mss|system||

TRACE::2026-06-04.16:52:07::SCWMssOS::Sw design exists and opened at  D:/vivado_pj/userMap2023_2/userMapTop1/microblaze_0/standalone_microblaze_0/bsp/system.mss
TRACE::2026-06-04.17:05:24::SCWPlatform::Clearing the existing platform
TRACE::2026-06-04.17:05:24::SCWSystem::Clearing the existing sysconfig
TRACE::2026-06-04.17:05:24::SCWMssOS::Removing the swdes entry for  D:/vivado_pj/userMap2023_2/userMapTop1/microblaze_0/standalone_microblaze_0/bsp/system.mss
TRACE::2026-06-04.17:05:24::SCWSystem::Clearing the domains completed.
TRACE::2026-06-04.17:05:24::SCWPlatform::Clearing the opened hw db.
TRACE::2026-06-04.17:05:24::SCWPlatform::DSA given D:/vivado_pj/userMap2023_2/userMapTop1/hw/userMapTop1.xsa
TRACE::2026-06-04.17:05:24::SCWPlatform::DSA absoulate path D:/vivado_pj/userMap2023_2/userMapTop1/hw/userMapTop1.xsa
TRACE::2026-06-04.17:05:24::SCWPlatform:: Platform location is D:/vivado_pj/userMap2023_2/userMapTop1/hw
TRACE::2026-06-04.17:05:24::SCWPlatform:: Platform Path D:/vivado_pj/userMap2023_2/userMapTop1/hw/userMapTop1.xsa
TRACE::2026-06-04.17:05:24::SCWPlatform:: Unique name xilinx:basys3::0.0
TRACE::2026-06-04.17:05:24::SCWPlatform::Removing the HwDB with name D:/vivado_pj/userMap2023_2/userMapTop1/hw/userMapTop1.xsa
TRACE::2026-06-04.17:05:24::SCWPlatform::Trying to open the hw design at D:/vivado_pj/userMap2023_2/userMapTop1/hw/userMapTop1.xsa
TRACE::2026-06-04.17:05:24::SCWPlatform::DSA given D:/vivado_pj/userMap2023_2/userMapTop1/hw/userMapTop1.xsa
TRACE::2026-06-04.17:05:24::SCWPlatform::DSA absoulate path D:/vivado_pj/userMap2023_2/userMapTop1/hw/userMapTop1.xsa
TRACE::2026-06-04.17:05:24::SCWPlatform::DSA directory D:/vivado_pj/userMap2023_2/userMapTop1/hw
TRACE::2026-06-04.17:05:24::SCWPlatform:: Platform Path D:/vivado_pj/userMap2023_2/userMapTop1/hw/userMapTop1.xsa
TRACE::2026-06-04.17:05:24::SCWPlatform:: Unique name xilinx:basys3::0.0
TRACE::2026-06-04.17:05:24::SCWPlatform::Do not have an existing db opened. 
TRACE::2026-06-04.17:05:24::SCWPlatform::Opened new HwDB with name userMapTop_2
TRACE::2026-06-04.17:05:24::SCWReader::Active system found as  userMapTop1
TRACE::2026-06-04.17:05:24::SCWReader::Handling sysconfig userMapTop1
TRACE::2026-06-04.17:05:24::SCWDomain::checking for install qemu data   : 
TRACE::2026-06-04.17:05:24::SCWPlatform::Trying to open the hw design at D:/vivado_pj/userMap2023_2/userMapTop1/hw/userMapTop1.xsa
TRACE::2026-06-04.17:05:24::SCWPlatform::DSA given D:/vivado_pj/userMap2023_2/userMapTop1/hw/userMapTop1.xsa
TRACE::2026-06-04.17:05:24::SCWPlatform::DSA absoulate path D:/vivado_pj/userMap2023_2/userMapTop1/hw/userMapTop1.xsa
TRACE::2026-06-04.17:05:24::SCWPlatform::DSA directory D:/vivado_pj/userMap2023_2/userMapTop1/hw
TRACE::2026-06-04.17:05:24::SCWPlatform:: Platform Path D:/vivado_pj/userMap2023_2/userMapTop1/hw/userMapTop1.xsa
TRACE::2026-06-04.17:05:24::SCWPlatform:: Unique name xilinx:basys3::0.0
TRACE::2026-06-04.17:05:24::SCWPlatform::Trying to set the existing hwdb with name userMapTop_2
TRACE::2026-06-04.17:05:24::SCWPlatform::Opened existing hwdb userMapTop_2
TRACE::2026-06-04.17:05:24::SCWPlatform::Found the Hw Db part of the input DSA
TRACE::2026-06-04.17:05:24::SCWPlatform::Trying to open the hw design at D:/vivado_pj/userMap2023_2/userMapTop1/hw/userMapTop1.xsa
TRACE::2026-06-04.17:05:24::SCWPlatform::DSA given D:/vivado_pj/userMap2023_2/userMapTop1/hw/userMapTop1.xsa
TRACE::2026-06-04.17:05:24::SCWPlatform::DSA absoulate path D:/vivado_pj/userMap2023_2/userMapTop1/hw/userMapTop1.xsa
TRACE::2026-06-04.17:05:24::SCWPlatform::DSA directory D:/vivado_pj/userMap2023_2/userMapTop1/hw
TRACE::2026-06-04.17:05:24::SCWPlatform:: Platform Path D:/vivado_pj/userMap2023_2/userMapTop1/hw/userMapTop1.xsa
TRACE::2026-06-04.17:05:24::SCWPlatform:: Unique name xilinx:basys3::0.0
TRACE::2026-06-04.17:05:24::SCWPlatform::Trying to set the existing hwdb with name userMapTop_2
TRACE::2026-06-04.17:05:24::SCWPlatform::Opened existing hwdb userMapTop_2
TRACE::2026-06-04.17:05:24::SCWPlatform::Found the Hw Db part of the input DSA
TRACE::2026-06-04.17:05:24::SCWPlatform::Trying to open the hw design at D:/vivado_pj/userMap2023_2/userMapTop1/hw/userMapTop1.xsa
TRACE::2026-06-04.17:05:24::SCWPlatform::DSA given D:/vivado_pj/userMap2023_2/userMapTop1/hw/userMapTop1.xsa
TRACE::2026-06-04.17:05:24::SCWPlatform::DSA absoulate path D:/vivado_pj/userMap2023_2/userMapTop1/hw/userMapTop1.xsa
TRACE::2026-06-04.17:05:24::SCWPlatform::DSA directory D:/vivado_pj/userMap2023_2/userMapTop1/hw
TRACE::2026-06-04.17:05:24::SCWPlatform:: Platform Path D:/vivado_pj/userMap2023_2/userMapTop1/hw/userMapTop1.xsa
TRACE::2026-06-04.17:05:24::SCWPlatform:: Unique name xilinx:basys3::0.0
TRACE::2026-06-04.17:05:24::SCWPlatform::Trying to set the existing hwdb with name userMapTop_2
TRACE::2026-06-04.17:05:24::SCWPlatform::Opened existing hwdb userMapTop_2
TRACE::2026-06-04.17:05:24::SCWPlatform::Found the Hw Db part of the input DSA
TRACE::2026-06-04.17:05:24::SCWPlatform::Trying to open the hw design at D:/vivado_pj/userMap2023_2/userMapTop1/hw/userMapTop1.xsa
TRACE::2026-06-04.17:05:24::SCWPlatform::DSA given D:/vivado_pj/userMap2023_2/userMapTop1/hw/userMapTop1.xsa
TRACE::2026-06-04.17:05:24::SCWPlatform::DSA absoulate path D:/vivado_pj/userMap2023_2/userMapTop1/hw/userMapTop1.xsa
TRACE::2026-06-04.17:05:24::SCWPlatform::DSA directory D:/vivado_pj/userMap2023_2/userMapTop1/hw
TRACE::2026-06-04.17:05:24::SCWPlatform:: Platform Path D:/vivado_pj/userMap2023_2/userMapTop1/hw/userMapTop1.xsa
TRACE::2026-06-04.17:05:24::SCWPlatform:: Unique name xilinx:basys3::0.0
TRACE::2026-06-04.17:05:24::SCWPlatform::Trying to set the existing hwdb with name userMapTop_2
TRACE::2026-06-04.17:05:24::SCWPlatform::Opened existing hwdb userMapTop_2
TRACE::2026-06-04.17:05:24::SCWPlatform::Found the Hw Db part of the input DSA
TRACE::2026-06-04.17:05:24::SCWMssOS::Checking the sw design at  D:/vivado_pj/userMap2023_2/userMapTop1/microblaze_0/standalone_microblaze_0/bsp/system.mss
TRACE::2026-06-04.17:05:24::SCWMssOS::DEBUG:  swdes dump  
TRACE::2026-06-04.17:05:24::SCWMssOS::No sw design opened at  D:/vivado_pj/userMap2023_2/userMapTop1/microblaze_0/standalone_microblaze_0/bsp/system.mss
TRACE::2026-06-04.17:05:24::SCWMssOS::mss exists loading the mss file  D:/vivado_pj/userMap2023_2/userMapTop1/microblaze_0/standalone_microblaze_0/bsp/system.mss
TRACE::2026-06-04.17:05:24::SCWMssOS::Opened the sw design from mss  D:/vivado_pj/userMap2023_2/userMapTop1/microblaze_0/standalone_microblaze_0/bsp/system.mss
TRACE::2026-06-04.17:05:24::SCWMssOS::Adding the swdes entry D:/vivado_pj/userMap2023_2/userMapTop1/microblaze_0/standalone_microblaze_0/bsp/system.mss with des name system
TRACE::2026-06-04.17:05:24::SCWMssOS::updating the scw layer about changes
TRACE::2026-06-04.17:05:24::SCWMssOS::Opened the sw design.  D:/vivado_pj/userMap2023_2/userMapTop1/microblaze_0/standalone_microblaze_0/bsp/system.mss
TRACE::2026-06-04.17:05:24::SCWMssOS::Saving the mss changes D:/vivado_pj/userMap2023_2/userMapTop1/microblaze_0/standalone_microblaze_0/bsp/system.mss
TRACE::2026-06-04.17:05:24::SCWMssOS::Found a swdesign opened with the mssfile.
TRACE::2026-06-04.17:05:24::SCWMssOS::Completed writemss as part of save.
TRACE::2026-06-04.17:05:24::SCWMssOS::Commit changes completed.
TRACE::2026-06-04.17:05:24::SCWReader::Adding prebuilt librarypaths as   
TRACE::2026-06-04.17:05:24::SCWReader::Adding prebuilt incpaths  as   
TRACE::2026-06-04.17:05:24::SCWPlatform::Trying to open the hw design at D:/vivado_pj/userMap2023_2/userMapTop1/hw/userMapTop1.xsa
TRACE::2026-06-04.17:05:24::SCWPlatform::DSA given D:/vivado_pj/userMap2023_2/userMapTop1/hw/userMapTop1.xsa
TRACE::2026-06-04.17:05:24::SCWPlatform::DSA absoulate path D:/vivado_pj/userMap2023_2/userMapTop1/hw/userMapTop1.xsa
TRACE::2026-06-04.17:05:24::SCWPlatform::DSA directory D:/vivado_pj/userMap2023_2/userMapTop1/hw
TRACE::2026-06-04.17:05:24::SCWPlatform:: Platform Path D:/vivado_pj/userMap2023_2/userMapTop1/hw/userMapTop1.xsa
TRACE::2026-06-04.17:05:24::SCWPlatform:: Unique name xilinx:basys3::0.0
TRACE::2026-06-04.17:05:24::SCWPlatform::Trying to set the existing hwdb with name userMapTop_2
TRACE::2026-06-04.17:05:24::SCWPlatform::Opened existing hwdb userMapTop_2
TRACE::2026-06-04.17:05:24::SCWPlatform::Found the Hw Db part of the input DSA
TRACE::2026-06-04.17:05:24::SCWMssOS::Checking the sw design at  D:/vivado_pj/userMap2023_2/userMapTop1/microblaze_0/standalone_microblaze_0/bsp/system.mss
TRACE::2026-06-04.17:05:24::SCWMssOS::DEBUG:  swdes dump  D:/vivado_pj/userMap2023_2/userMapTop1/microblaze_0/standalone_microblaze_0/bsp/system.mss|system||

TRACE::2026-06-04.17:05:24::SCWMssOS::Sw design exists and opened at  D:/vivado_pj/userMap2023_2/userMapTop1/microblaze_0/standalone_microblaze_0/bsp/system.mss
TRACE::2026-06-04.17:05:24::SCWReader::No isolation master present  
TRACE::2026-06-04.17:05:55::SCWPlatform::DSA given D:/vivado_pj/userMap2023_2/userMapTop1/tempdsa/userMapTop.xsa
TRACE::2026-06-04.17:05:55::SCWPlatform::DSA absoulate path D:/vivado_pj/userMap2023_2/userMapTop1/tempdsa/userMapTop.xsa
TRACE::2026-06-04.17:05:55::SCWPlatform:: Platform location is D:/vivado_pj/userMap2023_2/userMapTop1/tempdsa
TRACE::2026-06-04.17:05:55::SCWPlatform:: Platform Path D:/vivado_pj/userMap2023_2/userMapTop1/tempdsa/userMapTop.xsa
TRACE::2026-06-04.17:05:55::SCWPlatform:: Unique name xilinx:basys3::0.0
TRACE::2026-06-04.17:05:55::SCWPlatform::Found the Hw Db part of the input DSA
TRACE::2026-06-04.17:05:55::SCWMssOS::Doing hw sync for the mss in domain: standalone_microblaze_0
TRACE::2026-06-04.17:05:55::SCWPlatform::Trying to open the hw design at D:/vivado_pj/userMap2023_2/userMapTop1/hw/userMapTop1.xsa
TRACE::2026-06-04.17:05:55::SCWPlatform::DSA given D:/vivado_pj/userMap2023_2/userMapTop1/hw/userMapTop1.xsa
TRACE::2026-06-04.17:05:55::SCWPlatform::DSA absoulate path D:/vivado_pj/userMap2023_2/userMapTop1/hw/userMapTop1.xsa
TRACE::2026-06-04.17:05:55::SCWPlatform::DSA directory D:/vivado_pj/userMap2023_2/userMapTop1/hw
TRACE::2026-06-04.17:05:55::SCWPlatform:: Platform Path D:/vivado_pj/userMap2023_2/userMapTop1/hw/userMapTop1.xsa
TRACE::2026-06-04.17:05:55::SCWPlatform:: Unique name xilinx:basys3::0.0
TRACE::2026-06-04.17:05:55::SCWPlatform::Trying to set the existing hwdb with name userMapTop_2
TRACE::2026-06-04.17:05:55::SCWPlatform::Opened existing hwdb userMapTop_2
TRACE::2026-06-04.17:05:55::SCWPlatform::Found the Hw Db part of the input DSA
TRACE::2026-06-04.17:05:55::SCWPlatform::Trying to open the hw design at D:/vivado_pj/userMap2023_2/userMapTop1/hw/userMapTop1.xsa
TRACE::2026-06-04.17:05:55::SCWPlatform::DSA given D:/vivado_pj/userMap2023_2/userMapTop1/hw/userMapTop1.xsa
TRACE::2026-06-04.17:05:55::SCWPlatform::DSA absoulate path D:/vivado_pj/userMap2023_2/userMapTop1/hw/userMapTop1.xsa
TRACE::2026-06-04.17:05:55::SCWPlatform::DSA directory D:/vivado_pj/userMap2023_2/userMapTop1/hw
TRACE::2026-06-04.17:05:55::SCWPlatform:: Platform Path D:/vivado_pj/userMap2023_2/userMapTop1/hw/userMapTop1.xsa
TRACE::2026-06-04.17:05:55::SCWPlatform:: Unique name xilinx:basys3::0.0
TRACE::2026-06-04.17:05:55::SCWPlatform::Trying to set the existing hwdb with name userMapTop_2
TRACE::2026-06-04.17:05:55::SCWPlatform::Opened existing hwdb userMapTop_2
TRACE::2026-06-04.17:05:55::SCWPlatform::Found the Hw Db part of the input DSA
TRACE::2026-06-04.17:05:55::SCWMssOS::Checking the sw design at  D:/vivado_pj/userMap2023_2/userMapTop1/microblaze_0/standalone_microblaze_0/bsp/system.mss
TRACE::2026-06-04.17:05:55::SCWMssOS::DEBUG:  swdes dump  D:/vivado_pj/userMap2023_2/userMapTop1/microblaze_0/standalone_microblaze_0/bsp/system.mss|system||

TRACE::2026-06-04.17:05:55::SCWMssOS::Sw design exists and opened at  D:/vivado_pj/userMap2023_2/userMapTop1/microblaze_0/standalone_microblaze_0/bsp/system.mss
TRACE::2026-06-04.17:05:55::SCWPlatform::Trying to open the hw design at D:/vivado_pj/userMap2023_2/userMapTop1/tempdsa/userMapTop.xsa
TRACE::2026-06-04.17:05:55::SCWPlatform::DSA given D:/vivado_pj/userMap2023_2/userMapTop1/tempdsa/userMapTop.xsa
TRACE::2026-06-04.17:05:55::SCWPlatform::DSA absoulate path D:/vivado_pj/userMap2023_2/userMapTop1/tempdsa/userMapTop.xsa
TRACE::2026-06-04.17:05:55::SCWPlatform::DSA directory D:/vivado_pj/userMap2023_2/userMapTop1/tempdsa
TRACE::2026-06-04.17:05:55::SCWPlatform:: Platform Path D:/vivado_pj/userMap2023_2/userMapTop1/tempdsa/userMapTop.xsa
TRACE::2026-06-04.17:05:55::SCWPlatform:: Unique name xilinx:basys3::0.0
TRACE::2026-06-04.17:05:55::SCWPlatform::update - Opened existing hwdb userMapTop_3
TRACE::2026-06-04.17:05:55::SCWPlatform::Found the Hw Db part of the input DSA
TRACE::2026-06-04.17:05:55::SCWMssOS::Saving the mss changes D:/vivado_pj/userMap2023_2/userMapTop1/microblaze_0/standalone_microblaze_0/bsp/system.mss
TRACE::2026-06-04.17:05:55::SCWMssOS::Found a swdesign opened with the mssfile.
TRACE::2026-06-04.17:05:55::SCWMssOS::Completed writemss as part of save.
TRACE::2026-06-04.17:05:55::SCWMssOS::Commit changes completed.
TRACE::2026-06-04.17:05:55::SCWMssOS::Completed hw sync for the mss in domain: standalone_microblaze_0
TRACE::2026-06-04.17:05:55::SCWMssOS::Removing the swdes entry for  D:/vivado_pj/userMap2023_2/userMapTop1/microblaze_0/standalone_microblaze_0/bsp/system.mss
TRACE::2026-06-04.17:05:55::SCWPlatform::Trying to open the hw design at D:/vivado_pj/userMap2023_2/userMapTop1/hw/userMapTop.xsa
TRACE::2026-06-04.17:05:55::SCWPlatform::DSA given D:/vivado_pj/userMap2023_2/userMapTop1/hw/userMapTop.xsa
TRACE::2026-06-04.17:05:55::SCWPlatform::DSA absoulate path D:/vivado_pj/userMap2023_2/userMapTop1/hw/userMapTop.xsa
TRACE::2026-06-04.17:05:55::SCWPlatform::DSA directory D:/vivado_pj/userMap2023_2/userMapTop1/hw
TRACE::2026-06-04.17:05:55::SCWPlatform:: Platform Path D:/vivado_pj/userMap2023_2/userMapTop1/hw/userMapTop.xsa
TRACE::2026-06-04.17:05:55::SCWPlatform:: Unique name xilinx:basys3::0.0
TRACE::2026-06-04.17:05:55::SCWPlatform::Do not have an existing db opened. 
TRACE::2026-06-04.17:05:55::SCWPlatform::Opened new HwDB with name userMapTop_4
TRACE::2026-06-04.17:05:55::SCWMssOS::Saving the mss changes D:/vivado_pj/userMap2023_2/userMapTop1/microblaze_0/standalone_microblaze_0/bsp/system.mss
TRACE::2026-06-04.17:05:55::SCWMssOS::Adding the swdes entry, mss present, able to open swdb D:/vivado_pj/userMap2023_2/userMapTop1/microblaze_0/standalone_microblaze_0/bsp/system.mss with des name system
TRACE::2026-06-04.17:05:55::SCWMssOS::Writing the mss file completed D:/vivado_pj/userMap2023_2/userMapTop1/microblaze_0/standalone_microblaze_0/bsp/system.mss
TRACE::2026-06-04.17:05:55::SCWMssOS::Commit changes completed.
TRACE::2026-06-04.17:05:55::SCWPlatform::Trying to open the hw design at D:/vivado_pj/userMap2023_2/userMapTop1/hw/userMapTop.xsa
TRACE::2026-06-04.17:05:55::SCWPlatform::DSA given D:/vivado_pj/userMap2023_2/userMapTop1/hw/userMapTop.xsa
TRACE::2026-06-04.17:05:55::SCWPlatform::DSA absoulate path D:/vivado_pj/userMap2023_2/userMapTop1/hw/userMapTop.xsa
TRACE::2026-06-04.17:05:55::SCWPlatform::DSA directory D:/vivado_pj/userMap2023_2/userMapTop1/hw
TRACE::2026-06-04.17:05:55::SCWPlatform:: Platform Path D:/vivado_pj/userMap2023_2/userMapTop1/hw/userMapTop.xsa
TRACE::2026-06-04.17:05:55::SCWPlatform:: Unique name xilinx:basys3::0.0
TRACE::2026-06-04.17:05:55::SCWPlatform::Trying to set the existing hwdb with name userMapTop_4
TRACE::2026-06-04.17:05:55::SCWPlatform::Opened existing hwdb userMapTop_4
TRACE::2026-06-04.17:05:55::SCWPlatform::Found the Hw Db part of the input DSA
TRACE::2026-06-04.17:05:55::SCWMssOS::Checking the sw design at  D:/vivado_pj/userMap2023_2/userMapTop1/microblaze_0/standalone_microblaze_0/bsp/system.mss
TRACE::2026-06-04.17:05:55::SCWMssOS::DEBUG:  swdes dump  D:/vivado_pj/userMap2023_2/userMapTop1/microblaze_0/standalone_microblaze_0/bsp/system.mss|system||

TRACE::2026-06-04.17:05:55::SCWMssOS::Sw design exists and opened at  D:/vivado_pj/userMap2023_2/userMapTop1/microblaze_0/standalone_microblaze_0/bsp/system.mss
TRACE::2026-06-04.17:05:55::SCWWriter::formatted JSON is {
	"platformName":	"userMapTop1",
	"sprVersion":	"2.0",
	"mode":	"gui",
	"dsaType":	"Fixed",
	"platformDesc":	"userMapTop1",
	"platHandOff":	"D:/vivado_pj/userMap/userMapTop.xsa",
	"platIntHandOff":	"<platformDir>/hw/userMapTop.xsa",
	"deviceType":	"FPGA",
	"platIsPrebuiltAutogen":	"false",
	"platIsNoBootBsp":	"false",
	"hasFsblMakeHasChanges":	"false",
	"hasPmufwMakeHasChanges":	"false",
	"platPreBuiltFlag":	false,
	"platformSamplesDir":	"",
	"platActiveSys":	"userMapTop1",
	"systems":	[{
			"systemName":	"userMapTop1",
			"systemDesc":	"userMapTop1",
			"sysIsBootAutoGen":	"true",
			"systemDispName":	"userMapTop1",
			"sysActiveDom":	"standalone_microblaze_0",
			"sysDefaultDom":	"standalone_microblaze_0",
			"domains":	[{
					"domainName":	"standalone_microblaze_0",
					"domainDispName":	"standalone_microblaze_0",
					"domainDesc":	"standalone_microblaze_0",
					"processors":	"microblaze_0",
					"os":	"standalone",
					"sdxOs":	"standalone",
					"debugEnable":	"False",
					"domRuntimes":	["cpp"],
					"swRepo":	"",
					"mssOsVer":	"8.1",
					"mssFile":	"",
					"md5Digest":	"2387726c7969e4016a1fc62dc46e34ae1",
					"compatibleApp":	"",
					"domType":	"mssDomain",
					"arch":	"32-bit",
					"appSettings":	{
						"appCompilerFlags":	"",
						"appLinkerFlags":	""
					},
					"addedLibs":	[],
					"libOptions":	{
						"libsContainingOptions":	[]
					},
					"prebuiltLibs":	{
						"prebuiltIncPath":	[],
						"prebuiltLibPath":	[]
					},
					"isolation":	{
					}
				}]
		}]
}
LOG::2026-06-04.17:06:01::SCWPlatform::Started generating the artifacts platform userMapTop1
TRACE::2026-06-04.17:06:01::SCWPlatform::Sanity checking of platform is completed
LOG::2026-06-04.17:06:01::SCWPlatform::Started generating the artifacts for system configuration userMapTop1
LOG::2026-06-04.17:06:01::SCWSystem::Checking the domain standalone_microblaze_0
LOG::2026-06-04.17:06:01::SCWSystem::Not a boot domain 
LOG::2026-06-04.17:06:01::SCWSystem::Started Processing the domain standalone_microblaze_0
TRACE::2026-06-04.17:06:01::SCWDomain::Generating domain artifcats
TRACE::2026-06-04.17:06:01::SCWMssOS::Generating standalone artifcats
TRACE::2026-06-04.17:06:01::SCWMssOS:: Copying the user libraries. 
TRACE::2026-06-04.17:06:01::SCWPlatform::Trying to open the hw design at D:/vivado_pj/userMap2023_2/userMapTop1/hw/userMapTop.xsa
TRACE::2026-06-04.17:06:01::SCWPlatform::DSA given D:/vivado_pj/userMap2023_2/userMapTop1/hw/userMapTop.xsa
TRACE::2026-06-04.17:06:01::SCWPlatform::DSA absoulate path D:/vivado_pj/userMap2023_2/userMapTop1/hw/userMapTop.xsa
TRACE::2026-06-04.17:06:01::SCWPlatform::DSA directory D:/vivado_pj/userMap2023_2/userMapTop1/hw
TRACE::2026-06-04.17:06:01::SCWPlatform:: Platform Path D:/vivado_pj/userMap2023_2/userMapTop1/hw/userMapTop.xsa
TRACE::2026-06-04.17:06:01::SCWPlatform:: Unique name xilinx:basys3::0.0
TRACE::2026-06-04.17:06:01::SCWPlatform::Trying to set the existing hwdb with name userMapTop_4
TRACE::2026-06-04.17:06:01::SCWPlatform::Opened existing hwdb userMapTop_4
TRACE::2026-06-04.17:06:01::SCWPlatform::Found the Hw Db part of the input DSA
TRACE::2026-06-04.17:06:01::SCWMssOS::Checking the sw design at  D:/vivado_pj/userMap2023_2/userMapTop1/microblaze_0/standalone_microblaze_0/bsp/system.mss
TRACE::2026-06-04.17:06:01::SCWMssOS::DEBUG:  swdes dump  D:/vivado_pj/userMap2023_2/userMapTop1/microblaze_0/standalone_microblaze_0/bsp/system.mss|system||

TRACE::2026-06-04.17:06:01::SCWMssOS::Sw design exists and opened at  D:/vivado_pj/userMap2023_2/userMapTop1/microblaze_0/standalone_microblaze_0/bsp/system.mss
TRACE::2026-06-04.17:06:01::SCWMssOS::Completed writing the mss file at D:/vivado_pj/userMap2023_2/userMapTop1/microblaze_0/standalone_microblaze_0/bsp
TRACE::2026-06-04.17:06:01::SCWMssOS::Mss edits present, copying mssfile into export location D:/vivado_pj/userMap2023_2/userMapTop1/microblaze_0/standalone_microblaze_0/bsp/system.mss
TRACE::2026-06-04.17:06:01::SCWMssOS::bsp generated is stale removing and regenerating. 
TRACE::2026-06-04.17:06:02::SCWMssOS::doing bsp build ... 
TRACE::2026-06-04.17:06:02::SCWMssOS::System Command Ran  D: & cd  D:/vivado_pj/userMap2023_2/userMapTop1/microblaze_0/standalone_microblaze_0/bsp & make 
TRACE::2026-06-04.17:06:02::SCWMssOS::make --no-print-directory seq_libs

TRACE::2026-06-04.17:06:02::SCWMssOS::'Finished building libraries sequentially.'

TRACE::2026-06-04.17:06:02::SCWMssOS::make -j 18 --no-print-directory par_libs

TRACE::2026-06-04.17:06:02::SCWMssOS::"Running Make include in microblaze_0/libsrc/bram_v4_8/src"

TRACE::2026-06-04.17:06:02::SCWMssOS::make -C microblaze_0/libsrc/bram_v4_8/src -s include  "SHELL=CMD" "COMPILER=mb-gcc" "ASSEMBLER=mb-as" "ARCHIVER=mb-ar" "COMPILE
TRACE::2026-06-04.17:06:02::SCWMssOS::R_FLAGS=  -O2 -c -mcpu=v11.0 -mlittle-endian -mxl-soft-mul" "EXTRA_COMPILER_FLAGS=-g -ffunction-sections -fdata-sections -Wall 
TRACE::2026-06-04.17:06:02::SCWMssOS::-Wextra -fno-tree-loop-distribute-patterns"

TRACE::2026-06-04.17:06:02::SCWMssOS::"Running Make include in microblaze_0/libsrc/cpu_v2_17/src"

TRACE::2026-06-04.17:06:02::SCWMssOS::make -C microblaze_0/libsrc/cpu_v2_17/src -s include  "SHELL=CMD" "COMPILER=mb-gcc" "ASSEMBLER=mb-as" "ARCHIVER=mb-ar" "COMPILE
TRACE::2026-06-04.17:06:02::SCWMssOS::R_FLAGS=  -O2 -c -mcpu=v11.0 -mlittle-endian -mxl-soft-mul" "EXTRA_COMPILER_FLAGS=-g -ffunction-sections -fdata-sections -Wall 
TRACE::2026-06-04.17:06:02::SCWMssOS::-Wextra -fno-tree-loop-distribute-patterns"

TRACE::2026-06-04.17:06:02::SCWMssOS::"Running Make include in microblaze_0/libsrc/gpio_v4_9/src"

TRACE::2026-06-04.17:06:02::SCWMssOS::make -C microblaze_0/libsrc/gpio_v4_9/src -s include  "SHELL=CMD" "COMPILER=mb-gcc" "ASSEMBLER=mb-as" "ARCHIVER=mb-ar" "COMPILE
TRACE::2026-06-04.17:06:02::SCWMssOS::R_FLAGS=  -O2 -c -mcpu=v11.0 -mlittle-endian -mxl-soft-mul" "EXTRA_COMPILER_FLAGS=-g -ffunction-sections -fdata-sections -Wall 
TRACE::2026-06-04.17:06:02::SCWMssOS::-Wextra -fno-tree-loop-distribute-patterns"

TRACE::2026-06-04.17:06:02::SCWMssOS::"Running Make include in microblaze_0/libsrc/intc_v3_16/src"

TRACE::2026-06-04.17:06:02::SCWMssOS::make -C microblaze_0/libsrc/intc_v3_16/src -s include  "SHELL=CMD" "COMPILER=mb-gcc" "ASSEMBLER=mb-as" "ARCHIVER=mb-ar" "COMPIL
TRACE::2026-06-04.17:06:02::SCWMssOS::ER_FLAGS=  -O2 -c -mcpu=v11.0 -mlittle-endian -mxl-soft-mul" "EXTRA_COMPILER_FLAGS=-g -ffunction-sections -fdata-sections -Wall
TRACE::2026-06-04.17:06:02::SCWMssOS:: -Wextra -fno-tree-loop-distribute-patterns"

TRACE::2026-06-04.17:06:03::SCWMssOS::"Running Make include in microblaze_0/libsrc/standalone_v8_1/src"

TRACE::2026-06-04.17:06:03::SCWMssOS::make -C microblaze_0/libsrc/standalone_v8_1/src -s include  "SHELL=CMD" "COMPILER=mb-gcc" "ASSEMBLER=mb-as" "ARCHIVER=mb-ar" "C
TRACE::2026-06-04.17:06:03::SCWMssOS::OMPILER_FLAGS=  -O2 -c -mcpu=v11.0 -mlittle-endian -mxl-soft-mul" "EXTRA_COMPILER_FLAGS=-g -ffunction-sections -fdata-sections 
TRACE::2026-06-04.17:06:03::SCWMssOS::-Wall -Wextra -fno-tree-loop-distribute-patterns"

TRACE::2026-06-04.17:06:03::SCWMssOS::"Running Make include in microblaze_0/libsrc/uartlite_v3_8/src"

TRACE::2026-06-04.17:06:03::SCWMssOS::make -C microblaze_0/libsrc/uartlite_v3_8/src -s include  "SHELL=CMD" "COMPILER=mb-gcc" "ASSEMBLER=mb-as" "ARCHIVER=mb-ar" "COM
TRACE::2026-06-04.17:06:03::SCWMssOS::PILER_FLAGS=  -O2 -c -mcpu=v11.0 -mlittle-endian -mxl-soft-mul" "EXTRA_COMPILER_FLAGS=-g -ffunction-sections -fdata-sections -W
TRACE::2026-06-04.17:06:03::SCWMssOS::all -Wextra -fno-tree-loop-distribute-patterns"

TRACE::2026-06-04.17:06:03::SCWMssOS::"Running Make libs in microblaze_0/libsrc/bram_v4_8/src"

TRACE::2026-06-04.17:06:03::SCWMssOS::make -C microblaze_0/libsrc/bram_v4_8/src -s libs  "SHELL=CMD" "COMPILER=mb-gcc" "ASSEMBLER=mb-as" "ARCHIVER=mb-ar" "COMPILER_F
TRACE::2026-06-04.17:06:03::SCWMssOS::LAGS=  -O2 -c -mcpu=v11.0 -mlittle-endian -mxl-soft-mul" "EXTRA_COMPILER_FLAGS=-g -ffunction-sections -fdata-sections -Wall -We
TRACE::2026-06-04.17:06:03::SCWMssOS::xtra -fno-tree-loop-distribute-patterns"

TRACE::2026-06-04.17:06:03::SCWMssOS::"Running Make libs in microblaze_0/libsrc/cpu_v2_17/src"

TRACE::2026-06-04.17:06:03::SCWMssOS::make -C microblaze_0/libsrc/cpu_v2_17/src -s libs  "SHELL=CMD" "COMPILER=mb-gcc" "ASSEMBLER=mb-as" "ARCHIVER=mb-ar" "COMPILER_F
TRACE::2026-06-04.17:06:03::SCWMssOS::LAGS=  -O2 -c -mcpu=v11.0 -mlittle-endian -mxl-soft-mul" "EXTRA_COMPILER_FLAGS=-g -ffunction-sections -fdata-sections -Wall -We
TRACE::2026-06-04.17:06:03::SCWMssOS::xtra -fno-tree-loop-distribute-patterns"

TRACE::2026-06-04.17:06:03::SCWMssOS::"Running Make libs in microblaze_0/libsrc/gpio_v4_9/src"

TRACE::2026-06-04.17:06:03::SCWMssOS::make -C microblaze_0/libsrc/gpio_v4_9/src -s libs  "SHELL=CMD" "COMPILER=mb-gcc" "ASSEMBLER=mb-as" "ARCHIVER=mb-ar" "COMPILER_F
TRACE::2026-06-04.17:06:03::SCWMssOS::LAGS=  -O2 -c -mcpu=v11.0 -mlittle-endian -mxl-soft-mul" "EXTRA_COMPILER_FLAGS=-g -ffunction-sections -fdata-sections -Wall -We
TRACE::2026-06-04.17:06:03::SCWMssOS::xtra -fno-tree-loop-distribute-patterns"

TRACE::2026-06-04.17:06:03::SCWMssOS::"Running Make libs in microblaze_0/libsrc/intc_v3_16/src"

TRACE::2026-06-04.17:06:03::SCWMssOS::make -C microblaze_0/libsrc/intc_v3_16/src -s libs  "SHELL=CMD" "COMPILER=mb-gcc" "ASSEMBLER=mb-as" "ARCHIVER=mb-ar" "COMPILER_
TRACE::2026-06-04.17:06:03::SCWMssOS::FLAGS=  -O2 -c -mcpu=v11.0 -mlittle-endian -mxl-soft-mul" "EXTRA_COMPILER_FLAGS=-g -ffunction-sections -fdata-sections -Wall -W
TRACE::2026-06-04.17:06:03::SCWMssOS::extra -fno-tree-loop-distribute-patterns"

TRACE::2026-06-04.17:06:03::SCWMssOS::"Running Make libs in microblaze_0/libsrc/standalone_v8_1/src"

TRACE::2026-06-04.17:06:03::SCWMssOS::make -C microblaze_0/libsrc/standalone_v8_1/src -s libs  "SHELL=CMD" "COMPILER=mb-gcc" "ASSEMBLER=mb-as" "ARCHIVER=mb-ar" "COMP
TRACE::2026-06-04.17:06:03::SCWMssOS::ILER_FLAGS=  -O2 -c -mcpu=v11.0 -mlittle-endian -mxl-soft-mul" "EXTRA_COMPILER_FLAGS=-g -ffunction-sections -fdata-sections -Wa
TRACE::2026-06-04.17:06:03::SCWMssOS::ll -Wextra -fno-tree-loop-distribute-patterns"

TRACE::2026-06-04.17:06:03::SCWMssOS::"Running Make libs in microblaze_0/libsrc/uartlite_v3_8/src"

TRACE::2026-06-04.17:06:03::SCWMssOS::make -C microblaze_0/libsrc/uartlite_v3_8/src -s libs  "SHELL=CMD" "COMPILER=mb-gcc" "ASSEMBLER=mb-as" "ARCHIVER=mb-ar" "COMPIL
TRACE::2026-06-04.17:06:03::SCWMssOS::ER_FLAGS=  -O2 -c -mcpu=v11.0 -mlittle-endian -mxl-soft-mul" "EXTRA_COMPILER_FLAGS=-g -ffunction-sections -fdata-sections -Wall
TRACE::2026-06-04.17:06:03::SCWMssOS:: -Wextra -fno-tree-loop-distribute-patterns"

TRACE::2026-06-04.17:06:04::SCWMssOS::"DEBUG NON_LTO_OBJECTS is ../../../lib/microblaze_interrupt_handler.o"

TRACE::2026-06-04.17:06:04::SCWMssOS::'Finished building libraries parallelly.'

TRACE::2026-06-04.17:06:04::SCWMssOS::make --no-print-directory archive

TRACE::2026-06-04.17:06:04::SCWMssOS::mb-ar -r  microblaze_0/lib/libxil.a microblaze_0/lib/_exit.o microblaze_0/lib/errno.o microblaze_0/lib/fcntl.o microblaze_0/lib
TRACE::2026-06-04.17:06:04::SCWMssOS::/hw_exception_handler.o microblaze_0/lib/inbyte.o microblaze_0/lib/microblaze_disable_dcache.o microblaze_0/lib/microblaze_disa
TRACE::2026-06-04.17:06:04::SCWMssOS::ble_exceptions.o microblaze_0/lib/microblaze_disable_icache.o microblaze_0/lib/microblaze_disable_interrupts.o microblaze_0/lib
TRACE::2026-06-04.17:06:04::SCWMssOS::/microblaze_enable_dcache.o microblaze_0/lib/microblaze_enable_exceptions.o microblaze_0/lib/microblaze_enable_icache.o microbl
TRACE::2026-06-04.17:06:04::SCWMssOS::aze_0/lib/microblaze_enable_interrupts.o microblaze_0/lib/microblaze_exception_handler.o microblaze_0/lib/microblaze_flush_cach
TRACE::2026-06-04.17:06:04::SCWMssOS::e_ext.o microblaze_0/lib/microblaze_flush_cache_ext_range.o microblaze_0/lib/microblaze_flush_dcache.o microblaze_0/lib/microbl
TRACE::2026-06-04.17:06:04::SCWMssOS::aze_flush_dcache_range.o microblaze_0/lib/microblaze_init_dcache_range.o microblaze_0/lib/microblaze_init_icache_range.o microb
TRACE::2026-06-04.17:06:04::SCWMssOS::laze_0/lib/microblaze_interrupt_handler.o microblaze_0/lib/microblaze_interrupts_g.o microblaze_0/lib/microblaze_invalidate_cac
TRACE::2026-06-04.17:06:04::SCWMssOS::he_ext.o microblaze_0/lib/microblaze_invalidate_cache_ext_range.o microblaze_0/lib/microblaze_invalidate_dcache.o microblaze_0/
TRACE::2026-06-04.17:06:04::SCWMssOS::lib/microblaze_invalidate_dcache_range.o microblaze_0/lib/microblaze_invalidate_icache.o microblaze_0/lib/microblaze_invalidate
TRACE::2026-06-04.17:06:04::SCWMssOS::_icache_range.o microblaze_0/lib/microblaze_scrub.o microblaze_0/lib/microblaze_selftest.o microblaze_0/lib/microblaze_sleep.o 
TRACE::2026-06-04.17:06:04::SCWMssOS::microblaze_0/lib/microblaze_update_dcache.o microblaze_0/lib/microblaze_update_icache.o microblaze_0/lib/outbyte.o microblaze_0
TRACE::2026-06-04.17:06:04::SCWMssOS::/lib/print.o microblaze_0/lib/pvr.o microblaze_0/lib/xbram.o microblaze_0/lib/xbram_g.o microblaze_0/lib/xbram_intr.o microblaz
TRACE::2026-06-04.17:06:04::SCWMssOS::e_0/lib/xbram_selftest.o microblaze_0/lib/xbram_sinit.o microblaze_0/lib/xgpio.o microblaze_0/lib/xgpio_extra.o microblaze_0/li
TRACE::2026-06-04.17:06:04::SCWMssOS::b/xgpio_g.o microblaze_0/lib/xgpio_intr.o microblaze_0/lib/xgpio_selftest.o microblaze_0/lib/xgpio_sinit.o microblaze_0/lib/xil
TRACE::2026-06-04.17:06:04::SCWMssOS::_assert.o microblaze_0/lib/xil_cache.o microblaze_0/lib/xil_clocking.o microblaze_0/lib/xil_exception.o microblaze_0/lib/xil_me
TRACE::2026-06-04.17:06:04::SCWMssOS::m.o microblaze_0/lib/xil_misc_psreset_api.o microblaze_0/lib/xil_printf.o microblaze_0/lib/xil_sleepcommon.o microblaze_0/lib/x
TRACE::2026-06-04.17:06:04::SCWMssOS::il_testcache.o microblaze_0/lib/xil_testio.o microblaze_0/lib/xil_testmem.o microblaze_0/lib/xil_util.o microblaze_0/lib/xintc.
TRACE::2026-06-04.17:06:04::SCWMssOS::o microblaze_0/lib/xintc_g.o microblaze_0/lib/xintc_intr.o microblaze_0/lib/xintc_l.o microblaze_0/lib/xintc_options.o microbla
TRACE::2026-06-04.17:06:04::SCWMssOS::ze_0/lib/xintc_selftest.o microblaze_0/lib/xinterrupt_wrap.o microblaze_0/lib/xio.o microblaze_0/lib/xplatform_info.o microblaz
TRACE::2026-06-04.17:06:04::SCWMssOS::e_0/lib/xuartlite.o microblaze_0/lib/xuartlite_g.o microblaze_0/lib/xuartlite_intr.o microblaze_0/lib/xuartlite_l.o microblaze_
TRACE::2026-06-04.17:06:04::SCWMssOS::0/lib/xuartlite_selftest.o microblaze_0/lib/xuartlite_sinit.o microblaze_0/lib/xuartlite_stats.o

TRACE::2026-06-04.17:06:04::SCWMssOS::'Finished building libraries'

TRACE::2026-06-04.17:06:04::SCWMssOS:: Checking if to create the Supporting Applications
TRACE::2026-06-04.17:06:04::SCWMssOS:: No Linux domain exists, trying to generate FSBL 
LOG::2026-06-04.17:06:04::SCWSystem::Completed Processing the domain standalone_microblaze_0
LOG::2026-06-04.17:06:04::SCWSystem::Completed Processing the sysconfig userMapTop1
LOG::2026-06-04.17:06:04::SCWPlatform::Completed generating the artifacts for system configuration userMapTop1
TRACE::2026-06-04.17:06:04::SCWPlatform::Started preparing the platform 
TRACE::2026-06-04.17:06:04::SCWSystem::Writing the bif file for system config userMapTop1
TRACE::2026-06-04.17:06:04::SCWSystem::dir created 
TRACE::2026-06-04.17:06:04::SCWSystem::Writing the bif 
TRACE::2026-06-04.17:06:04::SCWPlatform::Started writing the spfm file 
TRACE::2026-06-04.17:06:04::SCWPlatform::Started writing the xpfm file 
TRACE::2026-06-04.17:06:04::SCWPlatform::Completed generating the platform
TRACE::2026-06-04.17:06:04::SCWMssOS::Saving the mss changes D:/vivado_pj/userMap2023_2/userMapTop1/microblaze_0/standalone_microblaze_0/bsp/system.mss
TRACE::2026-06-04.17:06:04::SCWMssOS::Adding the swdes entry, mss present, able to open swdb D:/vivado_pj/userMap2023_2/userMapTop1/microblaze_0/standalone_microblaze_0/bsp/system.mss with des name system
TRACE::2026-06-04.17:06:04::SCWMssOS::Writing the mss file completed D:/vivado_pj/userMap2023_2/userMapTop1/microblaze_0/standalone_microblaze_0/bsp/system.mss
TRACE::2026-06-04.17:06:04::SCWMssOS::Commit changes completed.
TRACE::2026-06-04.17:06:04::SCWPlatform::Trying to open the hw design at D:/vivado_pj/userMap2023_2/userMapTop1/hw/userMapTop.xsa
TRACE::2026-06-04.17:06:04::SCWPlatform::DSA given D:/vivado_pj/userMap2023_2/userMapTop1/hw/userMapTop.xsa
TRACE::2026-06-04.17:06:04::SCWPlatform::DSA absoulate path D:/vivado_pj/userMap2023_2/userMapTop1/hw/userMapTop.xsa
TRACE::2026-06-04.17:06:04::SCWPlatform::DSA directory D:/vivado_pj/userMap2023_2/userMapTop1/hw
TRACE::2026-06-04.17:06:04::SCWPlatform:: Platform Path D:/vivado_pj/userMap2023_2/userMapTop1/hw/userMapTop.xsa
TRACE::2026-06-04.17:06:04::SCWPlatform:: Unique name xilinx:basys3::0.0
TRACE::2026-06-04.17:06:04::SCWPlatform::Trying to set the existing hwdb with name userMapTop_4
TRACE::2026-06-04.17:06:04::SCWPlatform::Opened existing hwdb userMapTop_4
TRACE::2026-06-04.17:06:04::SCWPlatform::Found the Hw Db part of the input DSA
TRACE::2026-06-04.17:06:04::SCWMssOS::Checking the sw design at  D:/vivado_pj/userMap2023_2/userMapTop1/microblaze_0/standalone_microblaze_0/bsp/system.mss
TRACE::2026-06-04.17:06:04::SCWMssOS::DEBUG:  swdes dump  D:/vivado_pj/userMap2023_2/userMapTop1/microblaze_0/standalone_microblaze_0/bsp/system.mss|system||

TRACE::2026-06-04.17:06:04::SCWMssOS::Sw design exists and opened at  D:/vivado_pj/userMap2023_2/userMapTop1/microblaze_0/standalone_microblaze_0/bsp/system.mss
TRACE::2026-06-04.17:06:04::SCWWriter::formatted JSON is {
	"platformName":	"userMapTop1",
	"sprVersion":	"2.0",
	"mode":	"gui",
	"dsaType":	"Fixed",
	"platformDesc":	"userMapTop1",
	"platHandOff":	"D:/vivado_pj/userMap/userMapTop.xsa",
	"platIntHandOff":	"<platformDir>/hw/userMapTop.xsa",
	"deviceType":	"FPGA",
	"platIsPrebuiltAutogen":	"false",
	"platIsNoBootBsp":	"false",
	"hasFsblMakeHasChanges":	"false",
	"hasPmufwMakeHasChanges":	"false",
	"platPreBuiltFlag":	false,
	"platformSamplesDir":	"",
	"platActiveSys":	"userMapTop1",
	"systems":	[{
			"systemName":	"userMapTop1",
			"systemDesc":	"userMapTop1",
			"sysIsBootAutoGen":	"true",
			"systemDispName":	"userMapTop1",
			"sysActiveDom":	"standalone_microblaze_0",
			"sysDefaultDom":	"standalone_microblaze_0",
			"domains":	[{
					"domainName":	"standalone_microblaze_0",
					"domainDispName":	"standalone_microblaze_0",
					"domainDesc":	"standalone_microblaze_0",
					"processors":	"microblaze_0",
					"os":	"standalone",
					"sdxOs":	"standalone",
					"debugEnable":	"False",
					"domRuntimes":	["cpp"],
					"swRepo":	"",
					"mssOsVer":	"8.1",
					"mssFile":	"",
					"md5Digest":	"2387726c7969e4016a1fc62dc46e34ae",
					"compatibleApp":	"",
					"domType":	"mssDomain",
					"arch":	"32-bit",
					"appSettings":	{
						"appCompilerFlags":	"",
						"appLinkerFlags":	""
					},
					"addedLibs":	[],
					"libOptions":	{
						"libsContainingOptions":	[]
					},
					"prebuiltLibs":	{
						"prebuiltIncPath":	[],
						"prebuiltLibPath":	[]
					},
					"isolation":	{
					}
				}]
		}]
}
KEYINFO::2026-06-04.17:06:04::SCWPlatform::updated the xpfm file.
TRACE::2026-06-04.17:06:05::SCWPlatform::Trying to open the hw design at D:/vivado_pj/userMap2023_2/userMapTop1/hw/userMapTop.xsa
TRACE::2026-06-04.17:06:05::SCWPlatform::DSA given D:/vivado_pj/userMap2023_2/userMapTop1/hw/userMapTop.xsa
TRACE::2026-06-04.17:06:05::SCWPlatform::DSA absoulate path D:/vivado_pj/userMap2023_2/userMapTop1/hw/userMapTop.xsa
TRACE::2026-06-04.17:06:05::SCWPlatform::DSA directory D:/vivado_pj/userMap2023_2/userMapTop1/hw
TRACE::2026-06-04.17:06:05::SCWPlatform:: Platform Path D:/vivado_pj/userMap2023_2/userMapTop1/hw/userMapTop.xsa
TRACE::2026-06-04.17:06:05::SCWPlatform:: Unique name xilinx:basys3::0.0
TRACE::2026-06-04.17:06:05::SCWPlatform::Trying to set the existing hwdb with name userMapTop_4
TRACE::2026-06-04.17:06:05::SCWPlatform::Opened existing hwdb userMapTop_4
TRACE::2026-06-04.17:06:05::SCWPlatform::Found the Hw Db part of the input DSA
TRACE::2026-06-04.17:06:05::SCWMssOS::Checking the sw design at  D:/vivado_pj/userMap2023_2/userMapTop1/microblaze_0/standalone_microblaze_0/bsp/system.mss
TRACE::2026-06-04.17:06:05::SCWMssOS::DEBUG:  swdes dump  D:/vivado_pj/userMap2023_2/userMapTop1/microblaze_0/standalone_microblaze_0/bsp/system.mss|system||

TRACE::2026-06-04.17:06:05::SCWMssOS::Sw design exists and opened at  D:/vivado_pj/userMap2023_2/userMapTop1/microblaze_0/standalone_microblaze_0/bsp/system.mss
