Copyright 1986-2022 Xilinx, Inc. All Rights Reserved. Copyright 2022-2023 Advanced Micro Devices, Inc. All Rights Reserved.
---------------------------------------------------------------------------------------------------------------------------------------------------------------------------------------------------------------------------
| Tool Version : Vivado v.2023.1 (win64) Build 3865809 Sun May  7 15:05:29 MDT 2023
| Date         : Mon Jun 15 14:11:26 2026
| Host         : SmST12 running 64-bit major release  (build 9200)
| Command      : report_timing_summary -max_paths 10 -report_unconstrained -file buzzer_top_timing_summary_routed.rpt -pb buzzer_top_timing_summary_routed.pb -rpx buzzer_top_timing_summary_routed.rpx -warn_on_violation
| Design       : buzzer_top
| Device       : 7a35t-cpg236
| Speed File   : -1  PRODUCTION 1.23 2018-06-13
| Design State : Routed
---------------------------------------------------------------------------------------------------------------------------------------------------------------------------------------------------------------------------

Timing Summary Report

------------------------------------------------------------------------------------------------
| Timer Settings
| --------------
------------------------------------------------------------------------------------------------

  Enable Multi Corner Analysis               :  Yes
  Enable Pessimism Removal                   :  Yes
  Pessimism Removal Resolution               :  Nearest Common Node
  Enable Input Delay Default Clock           :  No
  Enable Preset / Clear Arcs                 :  No
  Disable Flight Delays                      :  No
  Ignore I/O Paths                           :  No
  Timing Early Launch at Borrowing Latches   :  No
  Borrow Time for Max Delay Exceptions       :  Yes
  Merge Timing Exceptions                    :  Yes

  Corner  Analyze    Analyze    
  Name    Max Paths  Min Paths  
  ------  ---------  ---------  
  Slow    Yes        Yes        
  Fast    Yes        Yes        


------------------------------------------------------------------------------------------------
| Report Methodology
| ------------------
------------------------------------------------------------------------------------------------

Rule       Severity  Description                     Violations  
---------  --------  ------------------------------  ----------  
TIMING-16  Warning   Large setup violation           17          
TIMING-18  Warning   Missing input or output delay   3           
TIMING-20  Warning   Non-clocked latch               4           
LATCH-1    Advisory  Existing latches in the design  1           

Note: This report is based on the most recent report_methodology run and may not be up-to-date. Run report_methodology on the current design for the latest report.



check_timing report

Table of Contents
-----------------
1. checking no_clock (16)
2. checking constant_clock (0)
3. checking pulse_width_clock (0)
4. checking unconstrained_internal_endpoints (4)
5. checking no_input_delay (2)
6. checking no_output_delay (1)
7. checking multiple_clock (0)
8. checking generated_clocks (0)
9. checking loops (0)
10. checking partial_input_delay (0)
11. checking partial_output_delay (0)
12. checking latch_loops (0)

1. checking no_clock (16)
-------------------------
 There are 4 register/latch pins with no clock driven by root clock pin: fsm_buzzer/FSM_sequential_state_reg[0]/Q (HIGH)

 There are 4 register/latch pins with no clock driven by root clock pin: fsm_buzzer/FSM_sequential_state_reg[1]/Q (HIGH)

 There are 4 register/latch pins with no clock driven by root clock pin: fsm_buzzer/FSM_sequential_state_reg[2]/Q (HIGH)

 There are 4 register/latch pins with no clock driven by root clock pin: fsm_buzzer/FSM_sequential_state_reg[3]/Q (HIGH)


2. checking constant_clock (0)
------------------------------
 There are 0 register/latch pins with constant_clock.


3. checking pulse_width_clock (0)
---------------------------------
 There are 0 register/latch pins which need pulse_width check


4. checking unconstrained_internal_endpoints (4)
------------------------------------------------
 There are 4 pins that are not constrained for maximum delay. (HIGH)

 There are 0 pins that are not constrained for maximum delay due to constant clock.


5. checking no_input_delay (2)
------------------------------
 There are 2 input ports with no input delay specified. (HIGH)

 There are 0 input ports with no input delay but user has a false path constraint.


6. checking no_output_delay (1)
-------------------------------
 There is 1 port with no output delay specified. (HIGH)

 There are 0 ports with no output delay but user has a false path constraint

 There are 0 ports with no output delay but with a timing clock defined on it or propagating through it


7. checking multiple_clock (0)
------------------------------
 There are 0 register/latch pins with multiple clocks.


8. checking generated_clocks (0)
--------------------------------
 There are 0 generated clocks that are not connected to a clock source.


9. checking loops (0)
---------------------
 There are 0 combinational loops in the design.


10. checking partial_input_delay (0)
------------------------------------
 There are 0 input ports with partial input delay specified.


11. checking partial_output_delay (0)
-------------------------------------
 There are 0 ports with partial output delay specified.


12. checking latch_loops (0)
----------------------------
 There are 0 combinational latch loops in the design through latch input



------------------------------------------------------------------------------------------------
| Design Timing Summary
| ---------------------
------------------------------------------------------------------------------------------------

    WNS(ns)      TNS(ns)  TNS Failing Endpoints  TNS Total Endpoints      WHS(ns)      THS(ns)  THS Failing Endpoints  THS Total Endpoints     WPWS(ns)     TPWS(ns)  TPWS Failing Endpoints  TPWS Total Endpoints  
    -------      -------  ---------------------  -------------------      -------      -------  ---------------------  -------------------     --------     --------  ----------------------  --------------------  
    -44.957     -481.558                     17                  211        0.153        0.000                      0                  211        4.500        0.000                       0                   131  


Timing constraints are not met.


------------------------------------------------------------------------------------------------
| Clock Summary
| -------------
------------------------------------------------------------------------------------------------

Clock        Waveform(ns)       Period(ns)      Frequency(MHz)
-----        ------------       ----------      --------------
sys_clk_pin  {0.000 5.000}      10.000          100.000         


------------------------------------------------------------------------------------------------
| Intra Clock Table
| -----------------
------------------------------------------------------------------------------------------------

Clock             WNS(ns)      TNS(ns)  TNS Failing Endpoints  TNS Total Endpoints      WHS(ns)      THS(ns)  THS Failing Endpoints  THS Total Endpoints     WPWS(ns)     TPWS(ns)  TPWS Failing Endpoints  TPWS Total Endpoints  
-----             -------      -------  ---------------------  -------------------      -------      -------  ---------------------  -------------------     --------     --------  ----------------------  --------------------  
sys_clk_pin       -44.957     -481.558                     17                  211        0.153        0.000                      0                  211        4.500        0.000                       0                   131  


------------------------------------------------------------------------------------------------
| Inter Clock Table
| -----------------
------------------------------------------------------------------------------------------------

From Clock    To Clock          WNS(ns)      TNS(ns)  TNS Failing Endpoints  TNS Total Endpoints      WHS(ns)      THS(ns)  THS Failing Endpoints  THS Total Endpoints  
----------    --------          -------      -------  ---------------------  -------------------      -------      -------  ---------------------  -------------------  


------------------------------------------------------------------------------------------------
| Other Path Groups Table
| -----------------------
------------------------------------------------------------------------------------------------

Path Group    From Clock    To Clock          WNS(ns)      TNS(ns)  TNS Failing Endpoints  TNS Total Endpoints      WHS(ns)      THS(ns)  THS Failing Endpoints  THS Total Endpoints  
----------    ----------    --------          -------      -------  ---------------------  -------------------      -------      -------  ---------------------  -------------------  


------------------------------------------------------------------------------------------------
| User Ignored Path Table
| -----------------------
------------------------------------------------------------------------------------------------

Path Group    From Clock    To Clock    
----------    ----------    --------    


------------------------------------------------------------------------------------------------
| Unconstrained Path Table
| ------------------------
------------------------------------------------------------------------------------------------

Path Group    From Clock    To Clock    
----------    ----------    --------    
(none)        sys_clk_pin                 
(none)                      sys_clk_pin   


------------------------------------------------------------------------------------------------
| Timing Details
| --------------
------------------------------------------------------------------------------------------------


---------------------------------------------------------------------------------------------------
From Clock:  sys_clk_pin
  To Clock:  sys_clk_pin

Setup :           17  Failing Endpoints,  Worst Slack      -44.957ns,  Total Violation     -481.558ns
Hold  :            0  Failing Endpoints,  Worst Slack        0.153ns,  Total Violation        0.000ns
PW    :            0  Failing Endpoints,  Worst Slack        4.500ns,  Total Violation        0.000ns
---------------------------------------------------------------------------------------------------


Max Delay Paths
--------------------------------------------------------------------------------------
Slack (VIOLATED) :        -44.957ns  (required time - arrival time)
  Source:                 fsm_buzzer/r_freq_reg[0]_replica/C
                            (rising edge-triggered cell FDRE clocked by sys_clk_pin  {rise@0.000ns fall@5.000ns period=10.000ns})
  Destination:            freq_gen2/counter1_reg[0]/D
                            (rising edge-triggered cell FDCE clocked by sys_clk_pin  {rise@0.000ns fall@5.000ns period=10.000ns})
  Path Group:             sys_clk_pin
  Path Type:              Setup (Max at Slow Process Corner)
  Requirement:            10.000ns  (sys_clk_pin rise@10.000ns - sys_clk_pin rise@0.000ns)
  Data Path Delay:        54.913ns  (logic 35.411ns (64.486%)  route 19.502ns (35.514%))
  Logic Levels:           145  (CARRY4=122 LUT2=20 LUT3=3)
  Clock Path Skew:        -0.038ns (DCD - SCD + CPR)
    Destination Clock Delay (DCD):    5.024ns = ( 15.024 - 10.000 ) 
    Source Clock Delay      (SCD):    5.329ns
    Clock Pessimism Removal (CPR):    0.267ns
  Clock Uncertainty:      0.035ns  ((TSJ^2 + TIJ^2)^1/2 + DJ) / 2 + PE
    Total System Jitter     (TSJ):    0.071ns
    Total Input Jitter      (TIJ):    0.000ns
    Discrete Jitter          (DJ):    0.000ns
    Phase Error              (PE):    0.000ns

    Location             Delay type                Incr(ns)  Path(ns)    Netlist Resource(s)
  -------------------------------------------------------------------    -------------------
                         (clock sys_clk_pin rise edge)
                                                      0.000     0.000 r  
    W5                                                0.000     0.000 r  sysclk (IN)
                         net (fo=0)                   0.000     0.000    sysclk
    W5                   IBUF (Prop_ibuf_I_O)         1.458     1.458 r  sysclk_IBUF_inst/O
                         net (fo=1, routed)           1.967     3.425    sysclk_IBUF
    BUFGCTRL_X0Y0        BUFG (Prop_bufg_I_O)         0.096     3.521 r  sysclk_IBUF_BUFG_inst/O
                         net (fo=130, routed)         1.808     5.329    fsm_buzzer/CLK
    SLICE_X1Y107         FDRE                                         r  fsm_buzzer/r_freq_reg[0]_replica/C
  -------------------------------------------------------------------    -------------------
    SLICE_X1Y107         FDRE (Prop_fdre_C_Q)         0.456     5.785 r  fsm_buzzer/r_freq_reg[0]_replica/Q
                         net (fo=6, routed)           0.446     6.231    freq_gen2/Q[0]_repN_alias
    SLICE_X2Y108         CARRY4 (Prop_carry4_S[0]_CO[3])
                                                      0.637     6.868 r  freq_gen2/counter10/CO[3]
                         net (fo=1, routed)           0.000     6.868    freq_gen2/counter10_n_0
    SLICE_X2Y109         CARRY4 (Prop_carry4_CI_CO[3])
                                                      0.117     6.985 r  freq_gen2/counter10__0/CO[3]
                         net (fo=1, routed)           0.000     6.985    freq_gen2/counter10__0_n_0
    SLICE_X2Y110         CARRY4 (Prop_carry4_CI_CO[3])
                                                      0.117     7.102 r  freq_gen2/counter10__1/CO[3]
                         net (fo=1, routed)           0.000     7.102    freq_gen2/counter10__1_n_0
    SLICE_X2Y111         CARRY4 (Prop_carry4_CI_CO[0])
                                                      0.254     7.356 r  freq_gen2/counter10__2/CO[0]
                         net (fo=16, routed)          0.937     8.293    fsm_buzzer/CO[0]
    SLICE_X0Y107         LUT2 (Prop_lut2_I1_O)        0.367     8.660 r  fsm_buzzer/counter10__3_i_4/O
                         net (fo=1, routed)           0.000     8.660    freq_gen2/counter10__7_1[0]
    SLICE_X0Y107         CARRY4 (Prop_carry4_S[1]_CO[3])
                                                      0.550     9.210 r  freq_gen2/counter10__3/CO[3]
                         net (fo=1, routed)           0.000     9.210    freq_gen2/counter10__3_n_0
    SLICE_X0Y108         CARRY4 (Prop_carry4_CI_CO[3])
                                                      0.114     9.324 r  freq_gen2/counter10__4/CO[3]
                         net (fo=1, routed)           0.000     9.324    freq_gen2/counter10__4_n_0
    SLICE_X0Y109         CARRY4 (Prop_carry4_CI_CO[3])
                                                      0.114     9.438 r  freq_gen2/counter10__5/CO[3]
                         net (fo=1, routed)           0.000     9.438    freq_gen2/counter10__5_n_0
    SLICE_X0Y110         CARRY4 (Prop_carry4_CI_CO[2])
                                                      0.228     9.666 r  freq_gen2/counter10__6/CO[2]
                         net (fo=17, routed)          0.666    10.332    freq_gen2/r_freq_reg[3][0]
    SLICE_X0Y112         LUT3 (Prop_lut3_I0_O)        0.313    10.645 r  freq_gen2/counter10__8_i_3/O
                         net (fo=1, routed)           0.000    10.645    freq_gen2/counter10__8_i_3_n_0
    SLICE_X0Y112         CARRY4 (Prop_carry4_S[1]_CO[3])
                                                      0.550    11.195 r  freq_gen2/counter10__8/CO[3]
                         net (fo=1, routed)           0.000    11.195    freq_gen2/counter10__8_n_0
    SLICE_X0Y113         CARRY4 (Prop_carry4_CI_CO[3])
                                                      0.114    11.309 r  freq_gen2/counter10__9/CO[3]
                         net (fo=1, routed)           0.000    11.309    freq_gen2/counter10__9_n_0
    SLICE_X0Y114         CARRY4 (Prop_carry4_CI_CO[3])
                                                      0.114    11.423 r  freq_gen2/counter10__10/CO[3]
                         net (fo=19, routed)          1.071    12.494    freq_gen2/r_freq_reg[3]_0[0]
    SLICE_X1Y110         CARRY4 (Prop_carry4_CYINIT_CO[3])
                                                      0.580    13.074 r  freq_gen2/counter10__11/CO[3]
                         net (fo=1, routed)           0.000    13.074    freq_gen2/counter10__11_n_0
    SLICE_X1Y111         CARRY4 (Prop_carry4_CI_CO[3])
                                                      0.114    13.188 r  freq_gen2/counter10__12/CO[3]
                         net (fo=1, routed)           0.000    13.188    freq_gen2/counter10__12_n_0
    SLICE_X1Y112         CARRY4 (Prop_carry4_CI_CO[3])
                                                      0.114    13.302 r  freq_gen2/counter10__13/CO[3]
                         net (fo=1, routed)           0.000    13.302    freq_gen2/counter10__13_n_0
    SLICE_X1Y113         CARRY4 (Prop_carry4_CI_CO[3])
                                                      0.114    13.416 r  freq_gen2/counter10__14/CO[3]
                         net (fo=1, routed)           0.000    13.416    freq_gen2/counter10__14_n_0
    SLICE_X1Y114         CARRY4 (Prop_carry4_CI_CO[0])
                                                      0.271    13.687 r  freq_gen2/counter10__15/CO[0]
                         net (fo=21, routed)          0.613    14.300    freq_gen2/counter10__14_0[0]
    SLICE_X2Y113         CARRY4 (Prop_carry4_CYINIT_CO[3])
                                                      0.844    15.144 r  freq_gen2/counter10__16/CO[3]
                         net (fo=1, routed)           0.000    15.144    freq_gen2/counter10__16_n_0
    SLICE_X2Y114         CARRY4 (Prop_carry4_CI_CO[3])
                                                      0.117    15.261 r  freq_gen2/counter10__17/CO[3]
                         net (fo=1, routed)           0.000    15.261    freq_gen2/counter10__17_n_0
    SLICE_X2Y115         CARRY4 (Prop_carry4_CI_CO[3])
                                                      0.117    15.378 r  freq_gen2/counter10__18/CO[3]
                         net (fo=1, routed)           0.000    15.378    freq_gen2/counter10__18_n_0
    SLICE_X2Y116         CARRY4 (Prop_carry4_CI_CO[3])
                                                      0.117    15.495 r  freq_gen2/counter10__19/CO[3]
                         net (fo=1, routed)           0.000    15.495    freq_gen2/counter10__19_n_0
    SLICE_X2Y117         CARRY4 (Prop_carry4_CI_CO[1])
                                                      0.157    15.652 r  freq_gen2/counter10__20/CO[1]
                         net (fo=23, routed)          0.943    16.595    freq_gen2/counter10__20_i_1_0[0]
    SLICE_X1Y119         LUT3 (Prop_lut3_I0_O)        0.332    16.927 r  freq_gen2/counter10__24_i_4/O
                         net (fo=1, routed)           0.000    16.927    freq_gen2/counter10__24_i_4_n_0
    SLICE_X1Y119         CARRY4 (Prop_carry4_S[0]_CO[3])
                                                      0.532    17.459 r  freq_gen2/counter10__24/CO[3]
                         net (fo=1, routed)           0.000    17.459    freq_gen2/counter10__24_n_0
    SLICE_X1Y120         CARRY4 (Prop_carry4_CI_CO[1])
                                                      0.157    17.616 r  freq_gen2/counter10__25/CO[1]
                         net (fo=23, routed)          0.634    18.251    fsm_buzzer/counter10__26[0]
    SLICE_X0Y119         LUT2 (Prop_lut2_I1_O)        0.329    18.580 r  fsm_buzzer/counter10__26_i_3/O
                         net (fo=1, routed)           0.000    18.580    freq_gen2/counter10__31_0[0]
    SLICE_X0Y119         CARRY4 (Prop_carry4_S[1]_CO[3])
                                                      0.550    19.130 r  freq_gen2/counter10__26/CO[3]
                         net (fo=1, routed)           0.000    19.130    freq_gen2/counter10__26_n_0
    SLICE_X0Y120         CARRY4 (Prop_carry4_CI_CO[3])
                                                      0.114    19.244 r  freq_gen2/counter10__27/CO[3]
                         net (fo=1, routed)           0.000    19.244    freq_gen2/counter10__27_n_0
    SLICE_X0Y121         CARRY4 (Prop_carry4_CI_CO[3])
                                                      0.114    19.358 r  freq_gen2/counter10__28/CO[3]
                         net (fo=1, routed)           0.000    19.358    freq_gen2/counter10__28_n_0
    SLICE_X0Y122         CARRY4 (Prop_carry4_CI_CO[3])
                                                      0.114    19.472 r  freq_gen2/counter10__29/CO[3]
                         net (fo=1, routed)           0.000    19.472    freq_gen2/counter10__29_n_0
    SLICE_X0Y123         CARRY4 (Prop_carry4_CI_CO[1])
                                                      0.157    19.629 r  freq_gen2/counter10__30/CO[1]
                         net (fo=24, routed)          0.698    20.326    freq_gen2/counter10__30_i_2_0[0]
    SLICE_X1Y124         LUT3 (Prop_lut3_I0_O)        0.329    20.655 r  freq_gen2/counter10__32_i_4/O
                         net (fo=1, routed)           0.000    20.655    freq_gen2/counter10__32_i_4_n_0
    SLICE_X1Y124         CARRY4 (Prop_carry4_S[0]_CO[3])
                                                      0.532    21.187 r  freq_gen2/counter10__32/CO[3]
                         net (fo=1, routed)           0.009    21.196    freq_gen2/counter10__32_n_0
    SLICE_X1Y125         CARRY4 (Prop_carry4_CI_CO[3])
                                                      0.114    21.310 r  freq_gen2/counter10__33/CO[3]
                         net (fo=1, routed)           0.000    21.310    freq_gen2/counter10__33_n_0
    SLICE_X1Y126         CARRY4 (Prop_carry4_CI_CO[3])
                                                      0.114    21.424 r  freq_gen2/counter10__34/CO[3]
                         net (fo=1, routed)           0.000    21.424    freq_gen2/counter10__34_n_0
    SLICE_X1Y127         CARRY4 (Prop_carry4_CI_CO[1])
                                                      0.157    21.581 r  freq_gen2/counter10__35/CO[1]
                         net (fo=23, routed)          0.556    22.137    fsm_buzzer/counter10__36[0]
    SLICE_X2Y126         LUT2 (Prop_lut2_I1_O)        0.329    22.466 r  fsm_buzzer/counter10__36_i_3/O
                         net (fo=1, routed)           0.000    22.466    freq_gen2/counter10__41_0[0]
    SLICE_X2Y126         CARRY4 (Prop_carry4_S[1]_CO[3])
                                                      0.533    22.999 r  freq_gen2/counter10__36/CO[3]
                         net (fo=1, routed)           0.000    22.999    freq_gen2/counter10__36_n_0
    SLICE_X2Y127         CARRY4 (Prop_carry4_CI_CO[3])
                                                      0.117    23.116 r  freq_gen2/counter10__37/CO[3]
                         net (fo=1, routed)           0.000    23.116    freq_gen2/counter10__37_n_0
    SLICE_X2Y128         CARRY4 (Prop_carry4_CI_CO[3])
                                                      0.117    23.233 r  freq_gen2/counter10__38/CO[3]
                         net (fo=1, routed)           0.000    23.233    freq_gen2/counter10__38_n_0
    SLICE_X2Y129         CARRY4 (Prop_carry4_CI_CO[3])
                                                      0.117    23.350 r  freq_gen2/counter10__39/CO[3]
                         net (fo=1, routed)           0.000    23.350    freq_gen2/counter10__39_n_0
    SLICE_X2Y130         CARRY4 (Prop_carry4_CI_CO[1])
                                                      0.157    23.507 r  freq_gen2/counter10__40/CO[1]
                         net (fo=24, routed)          0.654    24.161    fsm_buzzer/counter10__41[0]
    SLICE_X0Y129         LUT2 (Prop_lut2_I1_O)        0.332    24.493 r  fsm_buzzer/counter10__41_i_4/O
                         net (fo=1, routed)           0.000    24.493    freq_gen2/counter10__46_1[0]
    SLICE_X0Y129         CARRY4 (Prop_carry4_S[1]_CO[3])
                                                      0.550    25.043 r  freq_gen2/counter10__41/CO[3]
                         net (fo=1, routed)           0.000    25.043    freq_gen2/counter10__41_n_0
    SLICE_X0Y130         CARRY4 (Prop_carry4_CI_CO[3])
                                                      0.114    25.157 r  freq_gen2/counter10__42/CO[3]
                         net (fo=1, routed)           0.000    25.157    freq_gen2/counter10__42_n_0
    SLICE_X0Y131         CARRY4 (Prop_carry4_CI_CO[3])
                                                      0.114    25.271 r  freq_gen2/counter10__43/CO[3]
                         net (fo=1, routed)           0.000    25.271    freq_gen2/counter10__43_n_0
    SLICE_X0Y132         CARRY4 (Prop_carry4_CI_CO[3])
                                                      0.114    25.385 r  freq_gen2/counter10__44/CO[3]
                         net (fo=1, routed)           0.000    25.385    freq_gen2/counter10__44_n_0
    SLICE_X0Y133         CARRY4 (Prop_carry4_CI_CO[1])
                                                      0.157    25.542 r  freq_gen2/counter10__45/CO[1]
                         net (fo=24, routed)          0.602    26.144    fsm_buzzer/counter10__46[15]
    SLICE_X1Y131         LUT2 (Prop_lut2_I1_O)        0.329    26.473 r  fsm_buzzer/counter10__46_i_3/O
                         net (fo=1, routed)           0.000    26.473    freq_gen2/counter10__51_0[0]
    SLICE_X1Y131         CARRY4 (Prop_carry4_S[1]_CO[3])
                                                      0.550    27.023 r  freq_gen2/counter10__46/CO[3]
                         net (fo=1, routed)           0.000    27.023    freq_gen2/counter10__46_n_0
    SLICE_X1Y132         CARRY4 (Prop_carry4_CI_CO[3])
                                                      0.114    27.137 r  freq_gen2/counter10__47/CO[3]
                         net (fo=1, routed)           0.000    27.137    freq_gen2/counter10__47_n_0
    SLICE_X1Y133         CARRY4 (Prop_carry4_CI_CO[3])
                                                      0.114    27.251 r  freq_gen2/counter10__48/CO[3]
                         net (fo=1, routed)           0.000    27.251    freq_gen2/counter10__48_n_0
    SLICE_X1Y134         CARRY4 (Prop_carry4_CI_CO[3])
                                                      0.114    27.365 r  freq_gen2/counter10__49/CO[3]
                         net (fo=1, routed)           0.000    27.365    freq_gen2/counter10__49_n_0
    SLICE_X1Y135         CARRY4 (Prop_carry4_CI_CO[1])
                                                      0.157    27.522 r  freq_gen2/counter10__50/CO[1]
                         net (fo=24, routed)          0.540    28.062    fsm_buzzer/counter10__46[14]
    SLICE_X2Y134         LUT2 (Prop_lut2_I1_O)        0.329    28.391 r  fsm_buzzer/counter10__51_i_3/O
                         net (fo=1, routed)           0.000    28.391    freq_gen2/counter10__56_0[0]
    SLICE_X2Y134         CARRY4 (Prop_carry4_S[1]_CO[3])
                                                      0.533    28.924 r  freq_gen2/counter10__51/CO[3]
                         net (fo=1, routed)           0.000    28.924    freq_gen2/counter10__51_n_0
    SLICE_X2Y135         CARRY4 (Prop_carry4_CI_CO[3])
                                                      0.117    29.041 r  freq_gen2/counter10__52/CO[3]
                         net (fo=1, routed)           0.000    29.041    freq_gen2/counter10__52_n_0
    SLICE_X2Y136         CARRY4 (Prop_carry4_CI_CO[3])
                                                      0.117    29.158 r  freq_gen2/counter10__53/CO[3]
                         net (fo=1, routed)           0.000    29.158    freq_gen2/counter10__53_n_0
    SLICE_X2Y137         CARRY4 (Prop_carry4_CI_CO[3])
                                                      0.117    29.275 r  freq_gen2/counter10__54/CO[3]
                         net (fo=1, routed)           0.000    29.275    freq_gen2/counter10__54_n_0
    SLICE_X2Y138         CARRY4 (Prop_carry4_CI_CO[1])
                                                      0.157    29.432 r  freq_gen2/counter10__55/CO[1]
                         net (fo=24, routed)          0.710    30.141    freq_gen2/counter10__45_i_2_0[13]
    SLICE_X6Y137         CARRY4 (Prop_carry4_CYINIT_CO[3])
                                                      0.803    30.944 r  freq_gen2/counter10__56/CO[3]
                         net (fo=1, routed)           0.000    30.944    freq_gen2/counter10__56_n_0
    SLICE_X6Y138         CARRY4 (Prop_carry4_CI_CO[3])
                                                      0.117    31.061 r  freq_gen2/counter10__57/CO[3]
                         net (fo=1, routed)           0.000    31.061    freq_gen2/counter10__57_n_0
    SLICE_X6Y139         CARRY4 (Prop_carry4_CI_CO[3])
                                                      0.117    31.178 r  freq_gen2/counter10__58/CO[3]
                         net (fo=1, routed)           0.000    31.178    freq_gen2/counter10__58_n_0
    SLICE_X6Y140         CARRY4 (Prop_carry4_CI_CO[3])
                                                      0.117    31.295 r  freq_gen2/counter10__59/CO[3]
                         net (fo=1, routed)           0.000    31.295    freq_gen2/counter10__59_n_0
    SLICE_X6Y141         CARRY4 (Prop_carry4_CI_CO[1])
                                                      0.157    31.452 r  freq_gen2/counter10__60/CO[1]
                         net (fo=24, routed)          0.769    32.222    fsm_buzzer/counter10__46[12]
    SLICE_X9Y139         LUT2 (Prop_lut2_I1_O)        0.332    32.554 r  fsm_buzzer/counter10__61_i_3/O
                         net (fo=1, routed)           0.000    32.554    freq_gen2/counter10__66_0[0]
    SLICE_X9Y139         CARRY4 (Prop_carry4_S[1]_CO[3])
                                                      0.550    33.104 r  freq_gen2/counter10__61/CO[3]
                         net (fo=1, routed)           0.000    33.104    freq_gen2/counter10__61_n_0
    SLICE_X9Y140         CARRY4 (Prop_carry4_CI_CO[3])
                                                      0.114    33.218 r  freq_gen2/counter10__62/CO[3]
                         net (fo=1, routed)           0.000    33.218    freq_gen2/counter10__62_n_0
    SLICE_X9Y141         CARRY4 (Prop_carry4_CI_CO[3])
                                                      0.114    33.332 r  freq_gen2/counter10__63/CO[3]
                         net (fo=1, routed)           0.000    33.332    freq_gen2/counter10__63_n_0
    SLICE_X9Y142         CARRY4 (Prop_carry4_CI_CO[3])
                                                      0.114    33.446 r  freq_gen2/counter10__64/CO[3]
                         net (fo=1, routed)           0.000    33.446    freq_gen2/counter10__64_n_0
    SLICE_X9Y143         CARRY4 (Prop_carry4_CI_CO[1])
                                                      0.157    33.603 r  freq_gen2/counter10__65/CO[1]
                         net (fo=25, routed)          0.893    34.496    fsm_buzzer/counter10__46[11]
    SLICE_X10Y139        LUT2 (Prop_lut2_I1_O)        0.329    34.825 r  fsm_buzzer/counter10__66_i_4/O
                         net (fo=1, routed)           0.000    34.825    freq_gen2/counter10__71_1[0]
    SLICE_X10Y139        CARRY4 (Prop_carry4_S[1]_CO[3])
                                                      0.533    35.358 r  freq_gen2/counter10__66/CO[3]
                         net (fo=1, routed)           0.000    35.358    freq_gen2/counter10__66_n_0
    SLICE_X10Y140        CARRY4 (Prop_carry4_CI_CO[3])
                                                      0.117    35.475 r  freq_gen2/counter10__67/CO[3]
                         net (fo=1, routed)           0.000    35.475    freq_gen2/counter10__67_n_0
    SLICE_X10Y141        CARRY4 (Prop_carry4_CI_CO[3])
                                                      0.117    35.592 r  freq_gen2/counter10__68/CO[3]
                         net (fo=1, routed)           0.000    35.592    freq_gen2/counter10__68_n_0
    SLICE_X10Y142        CARRY4 (Prop_carry4_CI_CO[3])
                                                      0.117    35.709 r  freq_gen2/counter10__69/CO[3]
                         net (fo=1, routed)           0.000    35.709    freq_gen2/counter10__69_n_0
    SLICE_X10Y143        CARRY4 (Prop_carry4_CI_CO[1])
                                                      0.157    35.866 r  freq_gen2/counter10__70/CO[1]
                         net (fo=25, routed)          0.694    36.560    fsm_buzzer/counter10__46[10]
    SLICE_X11Y142        LUT2 (Prop_lut2_I1_O)        0.332    36.892 r  fsm_buzzer/counter10__71_i_4/O
                         net (fo=1, routed)           0.000    36.892    freq_gen2/counter10__76_1[0]
    SLICE_X11Y142        CARRY4 (Prop_carry4_S[1]_CO[3])
                                                      0.550    37.442 r  freq_gen2/counter10__71/CO[3]
                         net (fo=1, routed)           0.000    37.442    freq_gen2/counter10__71_n_0
    SLICE_X11Y143        CARRY4 (Prop_carry4_CI_CO[3])
                                                      0.114    37.556 r  freq_gen2/counter10__72/CO[3]
                         net (fo=1, routed)           0.000    37.556    freq_gen2/counter10__72_n_0
    SLICE_X11Y144        CARRY4 (Prop_carry4_CI_CO[3])
                                                      0.114    37.670 r  freq_gen2/counter10__73/CO[3]
                         net (fo=1, routed)           0.000    37.670    freq_gen2/counter10__73_n_0
    SLICE_X11Y145        CARRY4 (Prop_carry4_CI_CO[3])
                                                      0.114    37.784 r  freq_gen2/counter10__74/CO[3]
                         net (fo=1, routed)           0.000    37.784    freq_gen2/counter10__74_n_0
    SLICE_X11Y146        CARRY4 (Prop_carry4_CI_CO[1])
                                                      0.157    37.941 r  freq_gen2/counter10__75/CO[1]
                         net (fo=25, routed)          0.707    38.648    fsm_buzzer/counter10__46[9]
    SLICE_X10Y144        LUT2 (Prop_lut2_I1_O)        0.329    38.977 r  fsm_buzzer/counter10__76_i_4/O
                         net (fo=1, routed)           0.000    38.977    freq_gen2/counter10__81_1[0]
    SLICE_X10Y144        CARRY4 (Prop_carry4_S[1]_CO[3])
                                                      0.533    39.510 r  freq_gen2/counter10__76/CO[3]
                         net (fo=1, routed)           0.000    39.510    freq_gen2/counter10__76_n_0
    SLICE_X10Y145        CARRY4 (Prop_carry4_CI_CO[3])
                                                      0.117    39.627 r  freq_gen2/counter10__77/CO[3]
                         net (fo=1, routed)           0.000    39.627    freq_gen2/counter10__77_n_0
    SLICE_X10Y146        CARRY4 (Prop_carry4_CI_CO[3])
                                                      0.117    39.744 r  freq_gen2/counter10__78/CO[3]
                         net (fo=1, routed)           0.000    39.744    freq_gen2/counter10__78_n_0
    SLICE_X10Y147        CARRY4 (Prop_carry4_CI_CO[3])
                                                      0.117    39.861 r  freq_gen2/counter10__79/CO[3]
                         net (fo=1, routed)           0.000    39.861    freq_gen2/counter10__79_n_0
    SLICE_X10Y148        CARRY4 (Prop_carry4_CI_CO[1])
                                                      0.157    40.018 r  freq_gen2/counter10__80/CO[1]
                         net (fo=25, routed)          0.738    40.756    fsm_buzzer/counter10__46[8]
    SLICE_X9Y144         LUT2 (Prop_lut2_I1_O)        0.332    41.088 r  fsm_buzzer/counter10__81_i_4/O
                         net (fo=1, routed)           0.000    41.088    freq_gen2/counter10__86_1[0]
    SLICE_X9Y144         CARRY4 (Prop_carry4_S[1]_CO[3])
                                                      0.550    41.638 r  freq_gen2/counter10__81/CO[3]
                         net (fo=1, routed)           0.000    41.638    freq_gen2/counter10__81_n_0
    SLICE_X9Y145         CARRY4 (Prop_carry4_CI_CO[3])
                                                      0.114    41.752 r  freq_gen2/counter10__82/CO[3]
                         net (fo=1, routed)           0.000    41.752    freq_gen2/counter10__82_n_0
    SLICE_X9Y146         CARRY4 (Prop_carry4_CI_CO[3])
                                                      0.114    41.866 r  freq_gen2/counter10__83/CO[3]
                         net (fo=1, routed)           0.000    41.866    freq_gen2/counter10__83_n_0
    SLICE_X9Y147         CARRY4 (Prop_carry4_CI_CO[3])
                                                      0.114    41.980 r  freq_gen2/counter10__84/CO[3]
                         net (fo=1, routed)           0.000    41.980    freq_gen2/counter10__84_n_0
    SLICE_X9Y148         CARRY4 (Prop_carry4_CI_CO[1])
                                                      0.157    42.137 r  freq_gen2/counter10__85/CO[1]
                         net (fo=24, routed)          0.858    42.995    fsm_buzzer/counter10__46[7]
    SLICE_X7Y144         LUT2 (Prop_lut2_I1_O)        0.329    43.324 r  fsm_buzzer/counter10__86_i_3/O
                         net (fo=1, routed)           0.000    43.324    freq_gen2/counter10__91_0[0]
    SLICE_X7Y144         CARRY4 (Prop_carry4_S[1]_CO[3])
                                                      0.550    43.874 r  freq_gen2/counter10__86/CO[3]
                         net (fo=1, routed)           0.000    43.874    freq_gen2/counter10__86_n_0
    SLICE_X7Y145         CARRY4 (Prop_carry4_CI_CO[3])
                                                      0.114    43.988 r  freq_gen2/counter10__87/CO[3]
                         net (fo=1, routed)           0.000    43.988    freq_gen2/counter10__87_n_0
    SLICE_X7Y146         CARRY4 (Prop_carry4_CI_CO[3])
                                                      0.114    44.102 r  freq_gen2/counter10__88/CO[3]
                         net (fo=1, routed)           0.000    44.102    freq_gen2/counter10__88_n_0
    SLICE_X7Y147         CARRY4 (Prop_carry4_CI_CO[3])
                                                      0.114    44.216 r  freq_gen2/counter10__89/CO[3]
                         net (fo=1, routed)           0.000    44.216    freq_gen2/counter10__89_n_0
    SLICE_X7Y148         CARRY4 (Prop_carry4_CI_CO[1])
                                                      0.157    44.373 r  freq_gen2/counter10__90/CO[1]
                         net (fo=25, routed)          0.829    45.202    fsm_buzzer/counter10__46[6]
    SLICE_X6Y144         LUT2 (Prop_lut2_I1_O)        0.329    45.531 r  fsm_buzzer/counter10__91_i_4/O
                         net (fo=1, routed)           0.000    45.531    freq_gen2/counter10__96_1[0]
    SLICE_X6Y144         CARRY4 (Prop_carry4_S[1]_CO[3])
                                                      0.533    46.064 r  freq_gen2/counter10__91/CO[3]
                         net (fo=1, routed)           0.000    46.064    freq_gen2/counter10__91_n_0
    SLICE_X6Y145         CARRY4 (Prop_carry4_CI_CO[3])
                                                      0.117    46.181 r  freq_gen2/counter10__92/CO[3]
                         net (fo=1, routed)           0.000    46.181    freq_gen2/counter10__92_n_0
    SLICE_X6Y146         CARRY4 (Prop_carry4_CI_CO[3])
                                                      0.117    46.298 r  freq_gen2/counter10__93/CO[3]
                         net (fo=1, routed)           0.000    46.298    freq_gen2/counter10__93_n_0
    SLICE_X6Y147         CARRY4 (Prop_carry4_CI_CO[3])
                                                      0.117    46.415 r  freq_gen2/counter10__94/CO[3]
                         net (fo=1, routed)           0.000    46.415    freq_gen2/counter10__94_n_0
    SLICE_X6Y148         CARRY4 (Prop_carry4_CI_CO[1])
                                                      0.157    46.572 r  freq_gen2/counter10__95/CO[1]
                         net (fo=25, routed)          0.952    47.524    fsm_buzzer/counter10__46[5]
    SLICE_X4Y140         LUT2 (Prop_lut2_I1_O)        0.332    47.856 r  fsm_buzzer/counter10__96_i_4/O
                         net (fo=1, routed)           0.000    47.856    freq_gen2/counter10__101_1[0]
    SLICE_X4Y140         CARRY4 (Prop_carry4_S[1]_CO[3])
                                                      0.550    48.406 r  freq_gen2/counter10__96/CO[3]
                         net (fo=1, routed)           0.000    48.406    freq_gen2/counter10__96_n_0
    SLICE_X4Y141         CARRY4 (Prop_carry4_CI_CO[3])
                                                      0.114    48.520 r  freq_gen2/counter10__97/CO[3]
                         net (fo=1, routed)           0.000    48.520    freq_gen2/counter10__97_n_0
    SLICE_X4Y142         CARRY4 (Prop_carry4_CI_CO[3])
                                                      0.114    48.634 r  freq_gen2/counter10__98/CO[3]
                         net (fo=1, routed)           0.000    48.634    freq_gen2/counter10__98_n_0
    SLICE_X4Y143         CARRY4 (Prop_carry4_CI_CO[3])
                                                      0.114    48.748 r  freq_gen2/counter10__99/CO[3]
                         net (fo=1, routed)           0.000    48.748    freq_gen2/counter10__99_n_0
    SLICE_X4Y144         CARRY4 (Prop_carry4_CI_CO[1])
                                                      0.157    48.905 r  freq_gen2/counter10__100/CO[1]
                         net (fo=25, routed)          0.500    49.406    fsm_buzzer/counter10__46[4]
    SLICE_X5Y144         LUT2 (Prop_lut2_I1_O)        0.329    49.735 r  fsm_buzzer/counter10__101_i_4/O
                         net (fo=1, routed)           0.000    49.735    freq_gen2/counter10__106_1[0]
    SLICE_X5Y144         CARRY4 (Prop_carry4_S[1]_CO[3])
                                                      0.550    50.285 r  freq_gen2/counter10__101/CO[3]
                         net (fo=1, routed)           0.000    50.285    freq_gen2/counter10__101_n_0
    SLICE_X5Y145         CARRY4 (Prop_carry4_CI_CO[3])
                                                      0.114    50.399 r  freq_gen2/counter10__102/CO[3]
                         net (fo=1, routed)           0.000    50.399    freq_gen2/counter10__102_n_0
    SLICE_X5Y146         CARRY4 (Prop_carry4_CI_CO[3])
                                                      0.114    50.513 r  freq_gen2/counter10__103/CO[3]
                         net (fo=1, routed)           0.000    50.513    freq_gen2/counter10__103_n_0
    SLICE_X5Y147         CARRY4 (Prop_carry4_CI_CO[3])
                                                      0.114    50.627 r  freq_gen2/counter10__104/CO[3]
                         net (fo=1, routed)           0.000    50.627    freq_gen2/counter10__104_n_0
    SLICE_X5Y148         CARRY4 (Prop_carry4_CI_CO[1])
                                                      0.157    50.784 r  freq_gen2/counter10__105/CO[1]
                         net (fo=25, routed)          0.901    51.685    fsm_buzzer/counter10__46[3]
    SLICE_X4Y145         LUT2 (Prop_lut2_I1_O)        0.329    52.014 r  fsm_buzzer/counter10__106_i_4/O
                         net (fo=1, routed)           0.000    52.014    freq_gen2/counter10__111_1[0]
    SLICE_X4Y145         CARRY4 (Prop_carry4_S[1]_CO[3])
                                                      0.550    52.564 r  freq_gen2/counter10__106/CO[3]
                         net (fo=1, routed)           0.000    52.564    freq_gen2/counter10__106_n_0
    SLICE_X4Y146         CARRY4 (Prop_carry4_CI_CO[3])
                                                      0.114    52.678 r  freq_gen2/counter10__107/CO[3]
                         net (fo=1, routed)           0.000    52.678    freq_gen2/counter10__107_n_0
    SLICE_X4Y147         CARRY4 (Prop_carry4_CI_CO[3])
                                                      0.114    52.792 r  freq_gen2/counter10__108/CO[3]
                         net (fo=1, routed)           0.000    52.792    freq_gen2/counter10__108_n_0
    SLICE_X4Y148         CARRY4 (Prop_carry4_CI_CO[3])
                                                      0.114    52.906 r  freq_gen2/counter10__109/CO[3]
                         net (fo=1, routed)           0.000    52.906    freq_gen2/counter10__109_n_0
    SLICE_X4Y149         CARRY4 (Prop_carry4_CI_CO[1])
                                                      0.157    53.063 r  freq_gen2/counter10__110/CO[1]
                         net (fo=25, routed)          0.709    53.772    fsm_buzzer/counter10__46[2]
    SLICE_X3Y145         LUT2 (Prop_lut2_I1_O)        0.329    54.101 r  fsm_buzzer/counter10__111_i_4/O
                         net (fo=1, routed)           0.000    54.101    freq_gen2/counter10__116_1[0]
    SLICE_X3Y145         CARRY4 (Prop_carry4_S[1]_CO[3])
                                                      0.550    54.651 r  freq_gen2/counter10__111/CO[3]
                         net (fo=1, routed)           0.000    54.651    freq_gen2/counter10__111_n_0
    SLICE_X3Y146         CARRY4 (Prop_carry4_CI_CO[3])
                                                      0.114    54.765 r  freq_gen2/counter10__112/CO[3]
                         net (fo=1, routed)           0.000    54.765    freq_gen2/counter10__112_n_0
    SLICE_X3Y147         CARRY4 (Prop_carry4_CI_CO[3])
                                                      0.114    54.879 r  freq_gen2/counter10__113/CO[3]
                         net (fo=1, routed)           0.000    54.879    freq_gen2/counter10__113_n_0
    SLICE_X3Y148         CARRY4 (Prop_carry4_CI_CO[3])
                                                      0.114    54.993 r  freq_gen2/counter10__114/CO[3]
                         net (fo=1, routed)           0.000    54.993    freq_gen2/counter10__114_n_0
    SLICE_X3Y149         CARRY4 (Prop_carry4_CI_CO[1])
                                                      0.157    55.150 r  freq_gen2/counter10__115/CO[1]
                         net (fo=25, routed)          0.719    55.869    fsm_buzzer/counter10__46[1]
    SLICE_X2Y145         LUT2 (Prop_lut2_I1_O)        0.329    56.198 r  fsm_buzzer/counter10__116_i_4/O
                         net (fo=1, routed)           0.000    56.198    freq_gen2/counter10__121_1[0]
    SLICE_X2Y145         CARRY4 (Prop_carry4_S[1]_CO[3])
                                                      0.533    56.731 r  freq_gen2/counter10__116/CO[3]
                         net (fo=1, routed)           0.000    56.731    freq_gen2/counter10__116_n_0
    SLICE_X2Y146         CARRY4 (Prop_carry4_CI_CO[3])
                                                      0.117    56.848 r  freq_gen2/counter10__117/CO[3]
                         net (fo=1, routed)           0.000    56.848    freq_gen2/counter10__117_n_0
    SLICE_X2Y147         CARRY4 (Prop_carry4_CI_CO[3])
                                                      0.117    56.965 r  freq_gen2/counter10__118/CO[3]
                         net (fo=1, routed)           0.000    56.965    freq_gen2/counter10__118_n_0
    SLICE_X2Y148         CARRY4 (Prop_carry4_CI_CO[3])
                                                      0.117    57.082 r  freq_gen2/counter10__119/CO[3]
                         net (fo=1, routed)           0.000    57.082    freq_gen2/counter10__119_n_0
    SLICE_X2Y149         CARRY4 (Prop_carry4_CI_CO[1])
                                                      0.157    57.239 r  freq_gen2/counter10__120/CO[1]
                         net (fo=25, routed)          0.851    58.090    fsm_buzzer/counter10__46[0]
    SLICE_X1Y145         LUT2 (Prop_lut2_I1_O)        0.332    58.422 r  fsm_buzzer/counter10__121_i_5/O
                         net (fo=1, routed)           0.000    58.422    freq_gen2/counter10__122_1[0]
    SLICE_X1Y145         CARRY4 (Prop_carry4_S[0]_CO[3])
                                                      0.532    58.954 r  freq_gen2/counter10__121/CO[3]
                         net (fo=1, routed)           0.000    58.954    freq_gen2/counter10__121_n_0
    SLICE_X1Y146         CARRY4 (Prop_carry4_CI_CO[3])
                                                      0.114    59.068 r  freq_gen2/counter10__122/CO[3]
                         net (fo=1, routed)           0.000    59.068    freq_gen2/counter10__122_n_0
    SLICE_X1Y147         CARRY4 (Prop_carry4_CI_CO[3])
                                                      0.114    59.182 r  freq_gen2/counter10__123/CO[3]
                         net (fo=1, routed)           0.000    59.182    freq_gen2/counter10__123_n_0
    SLICE_X1Y148         CARRY4 (Prop_carry4_CI_CO[3])
                                                      0.114    59.296 r  freq_gen2/counter10__124/CO[3]
                         net (fo=1, routed)           0.000    59.296    freq_gen2/counter10__124_n_0
    SLICE_X1Y149         CARRY4 (Prop_carry4_CI_CO[0])
                                                      0.271    59.567 r  freq_gen2/counter10__125/CO[0]
                         net (fo=1, routed)           0.302    59.869    freq_gen2/counter10__126[0]
    SLICE_X5Y149         LUT2 (Prop_lut2_I1_O)        0.373    60.242 r  freq_gen2/counter1[0]_i_1/O
                         net (fo=1, routed)           0.000    60.242    freq_gen2/p_1_in[0]
    SLICE_X5Y149         FDCE                                         r  freq_gen2/counter1_reg[0]/D
  -------------------------------------------------------------------    -------------------

                         (clock sys_clk_pin rise edge)
                                                     10.000    10.000 r  
    W5                                                0.000    10.000 r  sysclk (IN)
                         net (fo=0)                   0.000    10.000    sysclk
    W5                   IBUF (Prop_ibuf_I_O)         1.388    11.388 r  sysclk_IBUF_inst/O
                         net (fo=1, routed)           1.862    13.250    sysclk_IBUF
    BUFGCTRL_X0Y0        BUFG (Prop_bufg_I_O)         0.091    13.341 r  sysclk_IBUF_BUFG_inst/O
                         net (fo=130, routed)         1.683    15.024    freq_gen2/CLK
    SLICE_X5Y149         FDCE                                         r  freq_gen2/counter1_reg[0]/C
                         clock pessimism              0.267    15.291    
                         clock uncertainty           -0.035    15.256    
    SLICE_X5Y149         FDCE (Setup_fdce_C_D)        0.029    15.285    freq_gen2/counter1_reg[0]
  -------------------------------------------------------------------
                         required time                         15.285    
                         arrival time                         -60.242    
  -------------------------------------------------------------------
                         slack                                -44.957    

Slack (VIOLATED) :        -42.684ns  (required time - arrival time)
  Source:                 fsm_buzzer/r_freq_reg[0]_replica/C
                            (rising edge-triggered cell FDRE clocked by sys_clk_pin  {rise@0.000ns fall@5.000ns period=10.000ns})
  Destination:            freq_gen2/counter1_reg[1]/D
                            (rising edge-triggered cell FDCE clocked by sys_clk_pin  {rise@0.000ns fall@5.000ns period=10.000ns})
  Path Group:             sys_clk_pin
  Path Type:              Setup (Max at Slow Process Corner)
  Requirement:            10.000ns  (sys_clk_pin rise@10.000ns - sys_clk_pin rise@0.000ns)
  Data Path Delay:        52.642ns  (logic 33.893ns (64.384%)  route 18.749ns (35.616%))
  Logic Levels:           139  (CARRY4=117 LUT2=19 LUT3=3)
  Clock Path Skew:        -0.038ns (DCD - SCD + CPR)
    Destination Clock Delay (DCD):    5.024ns = ( 15.024 - 10.000 ) 
    Source Clock Delay      (SCD):    5.329ns
    Clock Pessimism Removal (CPR):    0.267ns
  Clock Uncertainty:      0.035ns  ((TSJ^2 + TIJ^2)^1/2 + DJ) / 2 + PE
    Total System Jitter     (TSJ):    0.071ns
    Total Input Jitter      (TIJ):    0.000ns
    Discrete Jitter          (DJ):    0.000ns
    Phase Error              (PE):    0.000ns

    Location             Delay type                Incr(ns)  Path(ns)    Netlist Resource(s)
  -------------------------------------------------------------------    -------------------
                         (clock sys_clk_pin rise edge)
                                                      0.000     0.000 r  
    W5                                                0.000     0.000 r  sysclk (IN)
                         net (fo=0)                   0.000     0.000    sysclk
    W5                   IBUF (Prop_ibuf_I_O)         1.458     1.458 r  sysclk_IBUF_inst/O
                         net (fo=1, routed)           1.967     3.425    sysclk_IBUF
    BUFGCTRL_X0Y0        BUFG (Prop_bufg_I_O)         0.096     3.521 r  sysclk_IBUF_BUFG_inst/O
                         net (fo=130, routed)         1.808     5.329    fsm_buzzer/CLK
    SLICE_X1Y107         FDRE                                         r  fsm_buzzer/r_freq_reg[0]_replica/C
  -------------------------------------------------------------------    -------------------
    SLICE_X1Y107         FDRE (Prop_fdre_C_Q)         0.456     5.785 r  fsm_buzzer/r_freq_reg[0]_replica/Q
                         net (fo=6, routed)           0.446     6.231    freq_gen2/Q[0]_repN_alias
    SLICE_X2Y108         CARRY4 (Prop_carry4_S[0]_CO[3])
                                                      0.637     6.868 r  freq_gen2/counter10/CO[3]
                         net (fo=1, routed)           0.000     6.868    freq_gen2/counter10_n_0
    SLICE_X2Y109         CARRY4 (Prop_carry4_CI_CO[3])
                                                      0.117     6.985 r  freq_gen2/counter10__0/CO[3]
                         net (fo=1, routed)           0.000     6.985    freq_gen2/counter10__0_n_0
    SLICE_X2Y110         CARRY4 (Prop_carry4_CI_CO[3])
                                                      0.117     7.102 r  freq_gen2/counter10__1/CO[3]
                         net (fo=1, routed)           0.000     7.102    freq_gen2/counter10__1_n_0
    SLICE_X2Y111         CARRY4 (Prop_carry4_CI_CO[0])
                                                      0.254     7.356 r  freq_gen2/counter10__2/CO[0]
                         net (fo=16, routed)          0.937     8.293    fsm_buzzer/CO[0]
    SLICE_X0Y107         LUT2 (Prop_lut2_I1_O)        0.367     8.660 r  fsm_buzzer/counter10__3_i_4/O
                         net (fo=1, routed)           0.000     8.660    freq_gen2/counter10__7_1[0]
    SLICE_X0Y107         CARRY4 (Prop_carry4_S[1]_CO[3])
                                                      0.550     9.210 r  freq_gen2/counter10__3/CO[3]
                         net (fo=1, routed)           0.000     9.210    freq_gen2/counter10__3_n_0
    SLICE_X0Y108         CARRY4 (Prop_carry4_CI_CO[3])
                                                      0.114     9.324 r  freq_gen2/counter10__4/CO[3]
                         net (fo=1, routed)           0.000     9.324    freq_gen2/counter10__4_n_0
    SLICE_X0Y109         CARRY4 (Prop_carry4_CI_CO[3])
                                                      0.114     9.438 r  freq_gen2/counter10__5/CO[3]
                         net (fo=1, routed)           0.000     9.438    freq_gen2/counter10__5_n_0
    SLICE_X0Y110         CARRY4 (Prop_carry4_CI_CO[2])
                                                      0.228     9.666 r  freq_gen2/counter10__6/CO[2]
                         net (fo=17, routed)          0.666    10.332    freq_gen2/r_freq_reg[3][0]
    SLICE_X0Y112         LUT3 (Prop_lut3_I0_O)        0.313    10.645 r  freq_gen2/counter10__8_i_3/O
                         net (fo=1, routed)           0.000    10.645    freq_gen2/counter10__8_i_3_n_0
    SLICE_X0Y112         CARRY4 (Prop_carry4_S[1]_CO[3])
                                                      0.550    11.195 r  freq_gen2/counter10__8/CO[3]
                         net (fo=1, routed)           0.000    11.195    freq_gen2/counter10__8_n_0
    SLICE_X0Y113         CARRY4 (Prop_carry4_CI_CO[3])
                                                      0.114    11.309 r  freq_gen2/counter10__9/CO[3]
                         net (fo=1, routed)           0.000    11.309    freq_gen2/counter10__9_n_0
    SLICE_X0Y114         CARRY4 (Prop_carry4_CI_CO[3])
                                                      0.114    11.423 r  freq_gen2/counter10__10/CO[3]
                         net (fo=19, routed)          1.071    12.494    freq_gen2/r_freq_reg[3]_0[0]
    SLICE_X1Y110         CARRY4 (Prop_carry4_CYINIT_CO[3])
                                                      0.580    13.074 r  freq_gen2/counter10__11/CO[3]
                         net (fo=1, routed)           0.000    13.074    freq_gen2/counter10__11_n_0
    SLICE_X1Y111         CARRY4 (Prop_carry4_CI_CO[3])
                                                      0.114    13.188 r  freq_gen2/counter10__12/CO[3]
                         net (fo=1, routed)           0.000    13.188    freq_gen2/counter10__12_n_0
    SLICE_X1Y112         CARRY4 (Prop_carry4_CI_CO[3])
                                                      0.114    13.302 r  freq_gen2/counter10__13/CO[3]
                         net (fo=1, routed)           0.000    13.302    freq_gen2/counter10__13_n_0
    SLICE_X1Y113         CARRY4 (Prop_carry4_CI_CO[3])
                                                      0.114    13.416 r  freq_gen2/counter10__14/CO[3]
                         net (fo=1, routed)           0.000    13.416    freq_gen2/counter10__14_n_0
    SLICE_X1Y114         CARRY4 (Prop_carry4_CI_CO[0])
                                                      0.271    13.687 r  freq_gen2/counter10__15/CO[0]
                         net (fo=21, routed)          0.613    14.300    freq_gen2/counter10__14_0[0]
    SLICE_X2Y113         CARRY4 (Prop_carry4_CYINIT_CO[3])
                                                      0.844    15.144 r  freq_gen2/counter10__16/CO[3]
                         net (fo=1, routed)           0.000    15.144    freq_gen2/counter10__16_n_0
    SLICE_X2Y114         CARRY4 (Prop_carry4_CI_CO[3])
                                                      0.117    15.261 r  freq_gen2/counter10__17/CO[3]
                         net (fo=1, routed)           0.000    15.261    freq_gen2/counter10__17_n_0
    SLICE_X2Y115         CARRY4 (Prop_carry4_CI_CO[3])
                                                      0.117    15.378 r  freq_gen2/counter10__18/CO[3]
                         net (fo=1, routed)           0.000    15.378    freq_gen2/counter10__18_n_0
    SLICE_X2Y116         CARRY4 (Prop_carry4_CI_CO[3])
                                                      0.117    15.495 r  freq_gen2/counter10__19/CO[3]
                         net (fo=1, routed)           0.000    15.495    freq_gen2/counter10__19_n_0
    SLICE_X2Y117         CARRY4 (Prop_carry4_CI_CO[1])
                                                      0.157    15.652 r  freq_gen2/counter10__20/CO[1]
                         net (fo=23, routed)          0.943    16.595    freq_gen2/counter10__20_i_1_0[0]
    SLICE_X1Y119         LUT3 (Prop_lut3_I0_O)        0.332    16.927 r  freq_gen2/counter10__24_i_4/O
                         net (fo=1, routed)           0.000    16.927    freq_gen2/counter10__24_i_4_n_0
    SLICE_X1Y119         CARRY4 (Prop_carry4_S[0]_CO[3])
                                                      0.532    17.459 r  freq_gen2/counter10__24/CO[3]
                         net (fo=1, routed)           0.000    17.459    freq_gen2/counter10__24_n_0
    SLICE_X1Y120         CARRY4 (Prop_carry4_CI_CO[1])
                                                      0.157    17.616 r  freq_gen2/counter10__25/CO[1]
                         net (fo=23, routed)          0.634    18.251    fsm_buzzer/counter10__26[0]
    SLICE_X0Y119         LUT2 (Prop_lut2_I1_O)        0.329    18.580 r  fsm_buzzer/counter10__26_i_3/O
                         net (fo=1, routed)           0.000    18.580    freq_gen2/counter10__31_0[0]
    SLICE_X0Y119         CARRY4 (Prop_carry4_S[1]_CO[3])
                                                      0.550    19.130 r  freq_gen2/counter10__26/CO[3]
                         net (fo=1, routed)           0.000    19.130    freq_gen2/counter10__26_n_0
    SLICE_X0Y120         CARRY4 (Prop_carry4_CI_CO[3])
                                                      0.114    19.244 r  freq_gen2/counter10__27/CO[3]
                         net (fo=1, routed)           0.000    19.244    freq_gen2/counter10__27_n_0
    SLICE_X0Y121         CARRY4 (Prop_carry4_CI_CO[3])
                                                      0.114    19.358 r  freq_gen2/counter10__28/CO[3]
                         net (fo=1, routed)           0.000    19.358    freq_gen2/counter10__28_n_0
    SLICE_X0Y122         CARRY4 (Prop_carry4_CI_CO[3])
                                                      0.114    19.472 r  freq_gen2/counter10__29/CO[3]
                         net (fo=1, routed)           0.000    19.472    freq_gen2/counter10__29_n_0
    SLICE_X0Y123         CARRY4 (Prop_carry4_CI_CO[1])
                                                      0.157    19.629 r  freq_gen2/counter10__30/CO[1]
                         net (fo=24, routed)          0.698    20.326    freq_gen2/counter10__30_i_2_0[0]
    SLICE_X1Y124         LUT3 (Prop_lut3_I0_O)        0.329    20.655 r  freq_gen2/counter10__32_i_4/O
                         net (fo=1, routed)           0.000    20.655    freq_gen2/counter10__32_i_4_n_0
    SLICE_X1Y124         CARRY4 (Prop_carry4_S[0]_CO[3])
                                                      0.532    21.187 r  freq_gen2/counter10__32/CO[3]
                         net (fo=1, routed)           0.009    21.196    freq_gen2/counter10__32_n_0
    SLICE_X1Y125         CARRY4 (Prop_carry4_CI_CO[3])
                                                      0.114    21.310 r  freq_gen2/counter10__33/CO[3]
                         net (fo=1, routed)           0.000    21.310    freq_gen2/counter10__33_n_0
    SLICE_X1Y126         CARRY4 (Prop_carry4_CI_CO[3])
                                                      0.114    21.424 r  freq_gen2/counter10__34/CO[3]
                         net (fo=1, routed)           0.000    21.424    freq_gen2/counter10__34_n_0
    SLICE_X1Y127         CARRY4 (Prop_carry4_CI_CO[1])
                                                      0.157    21.581 r  freq_gen2/counter10__35/CO[1]
                         net (fo=23, routed)          0.556    22.137    fsm_buzzer/counter10__36[0]
    SLICE_X2Y126         LUT2 (Prop_lut2_I1_O)        0.329    22.466 r  fsm_buzzer/counter10__36_i_3/O
                         net (fo=1, routed)           0.000    22.466    freq_gen2/counter10__41_0[0]
    SLICE_X2Y126         CARRY4 (Prop_carry4_S[1]_CO[3])
                                                      0.533    22.999 r  freq_gen2/counter10__36/CO[3]
                         net (fo=1, routed)           0.000    22.999    freq_gen2/counter10__36_n_0
    SLICE_X2Y127         CARRY4 (Prop_carry4_CI_CO[3])
                                                      0.117    23.116 r  freq_gen2/counter10__37/CO[3]
                         net (fo=1, routed)           0.000    23.116    freq_gen2/counter10__37_n_0
    SLICE_X2Y128         CARRY4 (Prop_carry4_CI_CO[3])
                                                      0.117    23.233 r  freq_gen2/counter10__38/CO[3]
                         net (fo=1, routed)           0.000    23.233    freq_gen2/counter10__38_n_0
    SLICE_X2Y129         CARRY4 (Prop_carry4_CI_CO[3])
                                                      0.117    23.350 r  freq_gen2/counter10__39/CO[3]
                         net (fo=1, routed)           0.000    23.350    freq_gen2/counter10__39_n_0
    SLICE_X2Y130         CARRY4 (Prop_carry4_CI_CO[1])
                                                      0.157    23.507 r  freq_gen2/counter10__40/CO[1]
                         net (fo=24, routed)          0.654    24.161    fsm_buzzer/counter10__41[0]
    SLICE_X0Y129         LUT2 (Prop_lut2_I1_O)        0.332    24.493 r  fsm_buzzer/counter10__41_i_4/O
                         net (fo=1, routed)           0.000    24.493    freq_gen2/counter10__46_1[0]
    SLICE_X0Y129         CARRY4 (Prop_carry4_S[1]_CO[3])
                                                      0.550    25.043 r  freq_gen2/counter10__41/CO[3]
                         net (fo=1, routed)           0.000    25.043    freq_gen2/counter10__41_n_0
    SLICE_X0Y130         CARRY4 (Prop_carry4_CI_CO[3])
                                                      0.114    25.157 r  freq_gen2/counter10__42/CO[3]
                         net (fo=1, routed)           0.000    25.157    freq_gen2/counter10__42_n_0
    SLICE_X0Y131         CARRY4 (Prop_carry4_CI_CO[3])
                                                      0.114    25.271 r  freq_gen2/counter10__43/CO[3]
                         net (fo=1, routed)           0.000    25.271    freq_gen2/counter10__43_n_0
    SLICE_X0Y132         CARRY4 (Prop_carry4_CI_CO[3])
                                                      0.114    25.385 r  freq_gen2/counter10__44/CO[3]
                         net (fo=1, routed)           0.000    25.385    freq_gen2/counter10__44_n_0
    SLICE_X0Y133         CARRY4 (Prop_carry4_CI_CO[1])
                                                      0.157    25.542 r  freq_gen2/counter10__45/CO[1]
                         net (fo=24, routed)          0.602    26.144    fsm_buzzer/counter10__46[15]
    SLICE_X1Y131         LUT2 (Prop_lut2_I1_O)        0.329    26.473 r  fsm_buzzer/counter10__46_i_3/O
                         net (fo=1, routed)           0.000    26.473    freq_gen2/counter10__51_0[0]
    SLICE_X1Y131         CARRY4 (Prop_carry4_S[1]_CO[3])
                                                      0.550    27.023 r  freq_gen2/counter10__46/CO[3]
                         net (fo=1, routed)           0.000    27.023    freq_gen2/counter10__46_n_0
    SLICE_X1Y132         CARRY4 (Prop_carry4_CI_CO[3])
                                                      0.114    27.137 r  freq_gen2/counter10__47/CO[3]
                         net (fo=1, routed)           0.000    27.137    freq_gen2/counter10__47_n_0
    SLICE_X1Y133         CARRY4 (Prop_carry4_CI_CO[3])
                                                      0.114    27.251 r  freq_gen2/counter10__48/CO[3]
                         net (fo=1, routed)           0.000    27.251    freq_gen2/counter10__48_n_0
    SLICE_X1Y134         CARRY4 (Prop_carry4_CI_CO[3])
                                                      0.114    27.365 r  freq_gen2/counter10__49/CO[3]
                         net (fo=1, routed)           0.000    27.365    freq_gen2/counter10__49_n_0
    SLICE_X1Y135         CARRY4 (Prop_carry4_CI_CO[1])
                                                      0.157    27.522 r  freq_gen2/counter10__50/CO[1]
                         net (fo=24, routed)          0.540    28.062    fsm_buzzer/counter10__46[14]
    SLICE_X2Y134         LUT2 (Prop_lut2_I1_O)        0.329    28.391 r  fsm_buzzer/counter10__51_i_3/O
                         net (fo=1, routed)           0.000    28.391    freq_gen2/counter10__56_0[0]
    SLICE_X2Y134         CARRY4 (Prop_carry4_S[1]_CO[3])
                                                      0.533    28.924 r  freq_gen2/counter10__51/CO[3]
                         net (fo=1, routed)           0.000    28.924    freq_gen2/counter10__51_n_0
    SLICE_X2Y135         CARRY4 (Prop_carry4_CI_CO[3])
                                                      0.117    29.041 r  freq_gen2/counter10__52/CO[3]
                         net (fo=1, routed)           0.000    29.041    freq_gen2/counter10__52_n_0
    SLICE_X2Y136         CARRY4 (Prop_carry4_CI_CO[3])
                                                      0.117    29.158 r  freq_gen2/counter10__53/CO[3]
                         net (fo=1, routed)           0.000    29.158    freq_gen2/counter10__53_n_0
    SLICE_X2Y137         CARRY4 (Prop_carry4_CI_CO[3])
                                                      0.117    29.275 r  freq_gen2/counter10__54/CO[3]
                         net (fo=1, routed)           0.000    29.275    freq_gen2/counter10__54_n_0
    SLICE_X2Y138         CARRY4 (Prop_carry4_CI_CO[1])
                                                      0.157    29.432 r  freq_gen2/counter10__55/CO[1]
                         net (fo=24, routed)          0.710    30.141    freq_gen2/counter10__45_i_2_0[13]
    SLICE_X6Y137         CARRY4 (Prop_carry4_CYINIT_CO[3])
                                                      0.803    30.944 r  freq_gen2/counter10__56/CO[3]
                         net (fo=1, routed)           0.000    30.944    freq_gen2/counter10__56_n_0
    SLICE_X6Y138         CARRY4 (Prop_carry4_CI_CO[3])
                                                      0.117    31.061 r  freq_gen2/counter10__57/CO[3]
                         net (fo=1, routed)           0.000    31.061    freq_gen2/counter10__57_n_0
    SLICE_X6Y139         CARRY4 (Prop_carry4_CI_CO[3])
                                                      0.117    31.178 r  freq_gen2/counter10__58/CO[3]
                         net (fo=1, routed)           0.000    31.178    freq_gen2/counter10__58_n_0
    SLICE_X6Y140         CARRY4 (Prop_carry4_CI_CO[3])
                                                      0.117    31.295 r  freq_gen2/counter10__59/CO[3]
                         net (fo=1, routed)           0.000    31.295    freq_gen2/counter10__59_n_0
    SLICE_X6Y141         CARRY4 (Prop_carry4_CI_CO[1])
                                                      0.157    31.452 r  freq_gen2/counter10__60/CO[1]
                         net (fo=24, routed)          0.769    32.222    fsm_buzzer/counter10__46[12]
    SLICE_X9Y139         LUT2 (Prop_lut2_I1_O)        0.332    32.554 r  fsm_buzzer/counter10__61_i_3/O
                         net (fo=1, routed)           0.000    32.554    freq_gen2/counter10__66_0[0]
    SLICE_X9Y139         CARRY4 (Prop_carry4_S[1]_CO[3])
                                                      0.550    33.104 r  freq_gen2/counter10__61/CO[3]
                         net (fo=1, routed)           0.000    33.104    freq_gen2/counter10__61_n_0
    SLICE_X9Y140         CARRY4 (Prop_carry4_CI_CO[3])
                                                      0.114    33.218 r  freq_gen2/counter10__62/CO[3]
                         net (fo=1, routed)           0.000    33.218    freq_gen2/counter10__62_n_0
    SLICE_X9Y141         CARRY4 (Prop_carry4_CI_CO[3])
                                                      0.114    33.332 r  freq_gen2/counter10__63/CO[3]
                         net (fo=1, routed)           0.000    33.332    freq_gen2/counter10__63_n_0
    SLICE_X9Y142         CARRY4 (Prop_carry4_CI_CO[3])
                                                      0.114    33.446 r  freq_gen2/counter10__64/CO[3]
                         net (fo=1, routed)           0.000    33.446    freq_gen2/counter10__64_n_0
    SLICE_X9Y143         CARRY4 (Prop_carry4_CI_CO[1])
                                                      0.157    33.603 r  freq_gen2/counter10__65/CO[1]
                         net (fo=25, routed)          0.893    34.496    fsm_buzzer/counter10__46[11]
    SLICE_X10Y139        LUT2 (Prop_lut2_I1_O)        0.329    34.825 r  fsm_buzzer/counter10__66_i_4/O
                         net (fo=1, routed)           0.000    34.825    freq_gen2/counter10__71_1[0]
    SLICE_X10Y139        CARRY4 (Prop_carry4_S[1]_CO[3])
                                                      0.533    35.358 r  freq_gen2/counter10__66/CO[3]
                         net (fo=1, routed)           0.000    35.358    freq_gen2/counter10__66_n_0
    SLICE_X10Y140        CARRY4 (Prop_carry4_CI_CO[3])
                                                      0.117    35.475 r  freq_gen2/counter10__67/CO[3]
                         net (fo=1, routed)           0.000    35.475    freq_gen2/counter10__67_n_0
    SLICE_X10Y141        CARRY4 (Prop_carry4_CI_CO[3])
                                                      0.117    35.592 r  freq_gen2/counter10__68/CO[3]
                         net (fo=1, routed)           0.000    35.592    freq_gen2/counter10__68_n_0
    SLICE_X10Y142        CARRY4 (Prop_carry4_CI_CO[3])
                                                      0.117    35.709 r  freq_gen2/counter10__69/CO[3]
                         net (fo=1, routed)           0.000    35.709    freq_gen2/counter10__69_n_0
    SLICE_X10Y143        CARRY4 (Prop_carry4_CI_CO[1])
                                                      0.157    35.866 r  freq_gen2/counter10__70/CO[1]
                         net (fo=25, routed)          0.694    36.560    fsm_buzzer/counter10__46[10]
    SLICE_X11Y142        LUT2 (Prop_lut2_I1_O)        0.332    36.892 r  fsm_buzzer/counter10__71_i_4/O
                         net (fo=1, routed)           0.000    36.892    freq_gen2/counter10__76_1[0]
    SLICE_X11Y142        CARRY4 (Prop_carry4_S[1]_CO[3])
                                                      0.550    37.442 r  freq_gen2/counter10__71/CO[3]
                         net (fo=1, routed)           0.000    37.442    freq_gen2/counter10__71_n_0
    SLICE_X11Y143        CARRY4 (Prop_carry4_CI_CO[3])
                                                      0.114    37.556 r  freq_gen2/counter10__72/CO[3]
                         net (fo=1, routed)           0.000    37.556    freq_gen2/counter10__72_n_0
    SLICE_X11Y144        CARRY4 (Prop_carry4_CI_CO[3])
                                                      0.114    37.670 r  freq_gen2/counter10__73/CO[3]
                         net (fo=1, routed)           0.000    37.670    freq_gen2/counter10__73_n_0
    SLICE_X11Y145        CARRY4 (Prop_carry4_CI_CO[3])
                                                      0.114    37.784 r  freq_gen2/counter10__74/CO[3]
                         net (fo=1, routed)           0.000    37.784    freq_gen2/counter10__74_n_0
    SLICE_X11Y146        CARRY4 (Prop_carry4_CI_CO[1])
                                                      0.157    37.941 r  freq_gen2/counter10__75/CO[1]
                         net (fo=25, routed)          0.707    38.648    fsm_buzzer/counter10__46[9]
    SLICE_X10Y144        LUT2 (Prop_lut2_I1_O)        0.329    38.977 r  fsm_buzzer/counter10__76_i_4/O
                         net (fo=1, routed)           0.000    38.977    freq_gen2/counter10__81_1[0]
    SLICE_X10Y144        CARRY4 (Prop_carry4_S[1]_CO[3])
                                                      0.533    39.510 r  freq_gen2/counter10__76/CO[3]
                         net (fo=1, routed)           0.000    39.510    freq_gen2/counter10__76_n_0
    SLICE_X10Y145        CARRY4 (Prop_carry4_CI_CO[3])
                                                      0.117    39.627 r  freq_gen2/counter10__77/CO[3]
                         net (fo=1, routed)           0.000    39.627    freq_gen2/counter10__77_n_0
    SLICE_X10Y146        CARRY4 (Prop_carry4_CI_CO[3])
                                                      0.117    39.744 r  freq_gen2/counter10__78/CO[3]
                         net (fo=1, routed)           0.000    39.744    freq_gen2/counter10__78_n_0
    SLICE_X10Y147        CARRY4 (Prop_carry4_CI_CO[3])
                                                      0.117    39.861 r  freq_gen2/counter10__79/CO[3]
                         net (fo=1, routed)           0.000    39.861    freq_gen2/counter10__79_n_0
    SLICE_X10Y148        CARRY4 (Prop_carry4_CI_CO[1])
                                                      0.157    40.018 r  freq_gen2/counter10__80/CO[1]
                         net (fo=25, routed)          0.738    40.756    fsm_buzzer/counter10__46[8]
    SLICE_X9Y144         LUT2 (Prop_lut2_I1_O)        0.332    41.088 r  fsm_buzzer/counter10__81_i_4/O
                         net (fo=1, routed)           0.000    41.088    freq_gen2/counter10__86_1[0]
    SLICE_X9Y144         CARRY4 (Prop_carry4_S[1]_CO[3])
                                                      0.550    41.638 r  freq_gen2/counter10__81/CO[3]
                         net (fo=1, routed)           0.000    41.638    freq_gen2/counter10__81_n_0
    SLICE_X9Y145         CARRY4 (Prop_carry4_CI_CO[3])
                                                      0.114    41.752 r  freq_gen2/counter10__82/CO[3]
                         net (fo=1, routed)           0.000    41.752    freq_gen2/counter10__82_n_0
    SLICE_X9Y146         CARRY4 (Prop_carry4_CI_CO[3])
                                                      0.114    41.866 r  freq_gen2/counter10__83/CO[3]
                         net (fo=1, routed)           0.000    41.866    freq_gen2/counter10__83_n_0
    SLICE_X9Y147         CARRY4 (Prop_carry4_CI_CO[3])
                                                      0.114    41.980 r  freq_gen2/counter10__84/CO[3]
                         net (fo=1, routed)           0.000    41.980    freq_gen2/counter10__84_n_0
    SLICE_X9Y148         CARRY4 (Prop_carry4_CI_CO[1])
                                                      0.157    42.137 r  freq_gen2/counter10__85/CO[1]
                         net (fo=24, routed)          0.858    42.995    fsm_buzzer/counter10__46[7]
    SLICE_X7Y144         LUT2 (Prop_lut2_I1_O)        0.329    43.324 r  fsm_buzzer/counter10__86_i_3/O
                         net (fo=1, routed)           0.000    43.324    freq_gen2/counter10__91_0[0]
    SLICE_X7Y144         CARRY4 (Prop_carry4_S[1]_CO[3])
                                                      0.550    43.874 r  freq_gen2/counter10__86/CO[3]
                         net (fo=1, routed)           0.000    43.874    freq_gen2/counter10__86_n_0
    SLICE_X7Y145         CARRY4 (Prop_carry4_CI_CO[3])
                                                      0.114    43.988 r  freq_gen2/counter10__87/CO[3]
                         net (fo=1, routed)           0.000    43.988    freq_gen2/counter10__87_n_0
    SLICE_X7Y146         CARRY4 (Prop_carry4_CI_CO[3])
                                                      0.114    44.102 r  freq_gen2/counter10__88/CO[3]
                         net (fo=1, routed)           0.000    44.102    freq_gen2/counter10__88_n_0
    SLICE_X7Y147         CARRY4 (Prop_carry4_CI_CO[3])
                                                      0.114    44.216 r  freq_gen2/counter10__89/CO[3]
                         net (fo=1, routed)           0.000    44.216    freq_gen2/counter10__89_n_0
    SLICE_X7Y148         CARRY4 (Prop_carry4_CI_CO[1])
                                                      0.157    44.373 r  freq_gen2/counter10__90/CO[1]
                         net (fo=25, routed)          0.829    45.202    fsm_buzzer/counter10__46[6]
    SLICE_X6Y144         LUT2 (Prop_lut2_I1_O)        0.329    45.531 r  fsm_buzzer/counter10__91_i_4/O
                         net (fo=1, routed)           0.000    45.531    freq_gen2/counter10__96_1[0]
    SLICE_X6Y144         CARRY4 (Prop_carry4_S[1]_CO[3])
                                                      0.533    46.064 r  freq_gen2/counter10__91/CO[3]
                         net (fo=1, routed)           0.000    46.064    freq_gen2/counter10__91_n_0
    SLICE_X6Y145         CARRY4 (Prop_carry4_CI_CO[3])
                                                      0.117    46.181 r  freq_gen2/counter10__92/CO[3]
                         net (fo=1, routed)           0.000    46.181    freq_gen2/counter10__92_n_0
    SLICE_X6Y146         CARRY4 (Prop_carry4_CI_CO[3])
                                                      0.117    46.298 r  freq_gen2/counter10__93/CO[3]
                         net (fo=1, routed)           0.000    46.298    freq_gen2/counter10__93_n_0
    SLICE_X6Y147         CARRY4 (Prop_carry4_CI_CO[3])
                                                      0.117    46.415 r  freq_gen2/counter10__94/CO[3]
                         net (fo=1, routed)           0.000    46.415    freq_gen2/counter10__94_n_0
    SLICE_X6Y148         CARRY4 (Prop_carry4_CI_CO[1])
                                                      0.157    46.572 r  freq_gen2/counter10__95/CO[1]
                         net (fo=25, routed)          0.952    47.524    fsm_buzzer/counter10__46[5]
    SLICE_X4Y140         LUT2 (Prop_lut2_I1_O)        0.332    47.856 r  fsm_buzzer/counter10__96_i_4/O
                         net (fo=1, routed)           0.000    47.856    freq_gen2/counter10__101_1[0]
    SLICE_X4Y140         CARRY4 (Prop_carry4_S[1]_CO[3])
                                                      0.550    48.406 r  freq_gen2/counter10__96/CO[3]
                         net (fo=1, routed)           0.000    48.406    freq_gen2/counter10__96_n_0
    SLICE_X4Y141         CARRY4 (Prop_carry4_CI_CO[3])
                                                      0.114    48.520 r  freq_gen2/counter10__97/CO[3]
                         net (fo=1, routed)           0.000    48.520    freq_gen2/counter10__97_n_0
    SLICE_X4Y142         CARRY4 (Prop_carry4_CI_CO[3])
                                                      0.114    48.634 r  freq_gen2/counter10__98/CO[3]
                         net (fo=1, routed)           0.000    48.634    freq_gen2/counter10__98_n_0
    SLICE_X4Y143         CARRY4 (Prop_carry4_CI_CO[3])
                                                      0.114    48.748 r  freq_gen2/counter10__99/CO[3]
                         net (fo=1, routed)           0.000    48.748    freq_gen2/counter10__99_n_0
    SLICE_X4Y144         CARRY4 (Prop_carry4_CI_CO[1])
                                                      0.157    48.905 r  freq_gen2/counter10__100/CO[1]
                         net (fo=25, routed)          0.500    49.406    fsm_buzzer/counter10__46[4]
    SLICE_X5Y144         LUT2 (Prop_lut2_I1_O)        0.329    49.735 r  fsm_buzzer/counter10__101_i_4/O
                         net (fo=1, routed)           0.000    49.735    freq_gen2/counter10__106_1[0]
    SLICE_X5Y144         CARRY4 (Prop_carry4_S[1]_CO[3])
                                                      0.550    50.285 r  freq_gen2/counter10__101/CO[3]
                         net (fo=1, routed)           0.000    50.285    freq_gen2/counter10__101_n_0
    SLICE_X5Y145         CARRY4 (Prop_carry4_CI_CO[3])
                                                      0.114    50.399 r  freq_gen2/counter10__102/CO[3]
                         net (fo=1, routed)           0.000    50.399    freq_gen2/counter10__102_n_0
    SLICE_X5Y146         CARRY4 (Prop_carry4_CI_CO[3])
                                                      0.114    50.513 r  freq_gen2/counter10__103/CO[3]
                         net (fo=1, routed)           0.000    50.513    freq_gen2/counter10__103_n_0
    SLICE_X5Y147         CARRY4 (Prop_carry4_CI_CO[3])
                                                      0.114    50.627 r  freq_gen2/counter10__104/CO[3]
                         net (fo=1, routed)           0.000    50.627    freq_gen2/counter10__104_n_0
    SLICE_X5Y148         CARRY4 (Prop_carry4_CI_CO[1])
                                                      0.157    50.784 r  freq_gen2/counter10__105/CO[1]
                         net (fo=25, routed)          0.901    51.685    fsm_buzzer/counter10__46[3]
    SLICE_X4Y145         LUT2 (Prop_lut2_I1_O)        0.329    52.014 r  fsm_buzzer/counter10__106_i_4/O
                         net (fo=1, routed)           0.000    52.014    freq_gen2/counter10__111_1[0]
    SLICE_X4Y145         CARRY4 (Prop_carry4_S[1]_CO[3])
                                                      0.550    52.564 r  freq_gen2/counter10__106/CO[3]
                         net (fo=1, routed)           0.000    52.564    freq_gen2/counter10__106_n_0
    SLICE_X4Y146         CARRY4 (Prop_carry4_CI_CO[3])
                                                      0.114    52.678 r  freq_gen2/counter10__107/CO[3]
                         net (fo=1, routed)           0.000    52.678    freq_gen2/counter10__107_n_0
    SLICE_X4Y147         CARRY4 (Prop_carry4_CI_CO[3])
                                                      0.114    52.792 r  freq_gen2/counter10__108/CO[3]
                         net (fo=1, routed)           0.000    52.792    freq_gen2/counter10__108_n_0
    SLICE_X4Y148         CARRY4 (Prop_carry4_CI_CO[3])
                                                      0.114    52.906 r  freq_gen2/counter10__109/CO[3]
                         net (fo=1, routed)           0.000    52.906    freq_gen2/counter10__109_n_0
    SLICE_X4Y149         CARRY4 (Prop_carry4_CI_CO[1])
                                                      0.157    53.063 r  freq_gen2/counter10__110/CO[1]
                         net (fo=25, routed)          0.709    53.772    fsm_buzzer/counter10__46[2]
    SLICE_X3Y145         LUT2 (Prop_lut2_I1_O)        0.329    54.101 r  fsm_buzzer/counter10__111_i_4/O
                         net (fo=1, routed)           0.000    54.101    freq_gen2/counter10__116_1[0]
    SLICE_X3Y145         CARRY4 (Prop_carry4_S[1]_CO[3])
                                                      0.550    54.651 r  freq_gen2/counter10__111/CO[3]
                         net (fo=1, routed)           0.000    54.651    freq_gen2/counter10__111_n_0
    SLICE_X3Y146         CARRY4 (Prop_carry4_CI_CO[3])
                                                      0.114    54.765 r  freq_gen2/counter10__112/CO[3]
                         net (fo=1, routed)           0.000    54.765    freq_gen2/counter10__112_n_0
    SLICE_X3Y147         CARRY4 (Prop_carry4_CI_CO[3])
                                                      0.114    54.879 r  freq_gen2/counter10__113/CO[3]
                         net (fo=1, routed)           0.000    54.879    freq_gen2/counter10__113_n_0
    SLICE_X3Y148         CARRY4 (Prop_carry4_CI_CO[3])
                                                      0.114    54.993 r  freq_gen2/counter10__114/CO[3]
                         net (fo=1, routed)           0.000    54.993    freq_gen2/counter10__114_n_0
    SLICE_X3Y149         CARRY4 (Prop_carry4_CI_CO[1])
                                                      0.157    55.150 r  freq_gen2/counter10__115/CO[1]
                         net (fo=25, routed)          0.719    55.869    fsm_buzzer/counter10__46[1]
    SLICE_X2Y145         LUT2 (Prop_lut2_I1_O)        0.329    56.198 r  fsm_buzzer/counter10__116_i_4/O
                         net (fo=1, routed)           0.000    56.198    freq_gen2/counter10__121_1[0]
    SLICE_X2Y145         CARRY4 (Prop_carry4_S[1]_CO[3])
                                                      0.533    56.731 r  freq_gen2/counter10__116/CO[3]
                         net (fo=1, routed)           0.000    56.731    freq_gen2/counter10__116_n_0
    SLICE_X2Y146         CARRY4 (Prop_carry4_CI_CO[3])
                                                      0.117    56.848 r  freq_gen2/counter10__117/CO[3]
                         net (fo=1, routed)           0.000    56.848    freq_gen2/counter10__117_n_0
    SLICE_X2Y147         CARRY4 (Prop_carry4_CI_CO[3])
                                                      0.117    56.965 r  freq_gen2/counter10__118/CO[3]
                         net (fo=1, routed)           0.000    56.965    freq_gen2/counter10__118_n_0
    SLICE_X2Y148         CARRY4 (Prop_carry4_CI_CO[3])
                                                      0.117    57.082 r  freq_gen2/counter10__119/CO[3]
                         net (fo=1, routed)           0.000    57.082    freq_gen2/counter10__119_n_0
    SLICE_X2Y149         CARRY4 (Prop_carry4_CI_CO[1])
                                                      0.157    57.239 r  freq_gen2/counter10__120/CO[1]
                         net (fo=25, routed)          0.400    57.639    freq_gen2/counter10__45_i_2_0[0]
    SLICE_X5Y149         LUT2 (Prop_lut2_I1_O)        0.332    57.971 r  freq_gen2/counter1[1]_i_1/O
                         net (fo=1, routed)           0.000    57.971    freq_gen2/p_1_in[1]
    SLICE_X5Y149         FDCE                                         r  freq_gen2/counter1_reg[1]/D
  -------------------------------------------------------------------    -------------------

                         (clock sys_clk_pin rise edge)
                                                     10.000    10.000 r  
    W5                                                0.000    10.000 r  sysclk (IN)
                         net (fo=0)                   0.000    10.000    sysclk
    W5                   IBUF (Prop_ibuf_I_O)         1.388    11.388 r  sysclk_IBUF_inst/O
                         net (fo=1, routed)           1.862    13.250    sysclk_IBUF
    BUFGCTRL_X0Y0        BUFG (Prop_bufg_I_O)         0.091    13.341 r  sysclk_IBUF_BUFG_inst/O
                         net (fo=130, routed)         1.683    15.024    freq_gen2/CLK
    SLICE_X5Y149         FDCE                                         r  freq_gen2/counter1_reg[1]/C
                         clock pessimism              0.267    15.291    
                         clock uncertainty           -0.035    15.256    
    SLICE_X5Y149         FDCE (Setup_fdce_C_D)        0.031    15.287    freq_gen2/counter1_reg[1]
  -------------------------------------------------------------------
                         required time                         15.287    
                         arrival time                         -57.971    
  -------------------------------------------------------------------
                         slack                                -42.684    

Slack (VIOLATED) :        -41.017ns  (required time - arrival time)
  Source:                 fsm_buzzer/r_freq_reg[0]_replica/C
                            (rising edge-triggered cell FDRE clocked by sys_clk_pin  {rise@0.000ns fall@5.000ns period=10.000ns})
  Destination:            freq_gen2/counter1_reg[2]/D
                            (rising edge-triggered cell FDCE clocked by sys_clk_pin  {rise@0.000ns fall@5.000ns period=10.000ns})
  Path Group:             sys_clk_pin
  Path Type:              Setup (Max at Slow Process Corner)
  Requirement:            10.000ns  (sys_clk_pin rise@10.000ns - sys_clk_pin rise@0.000ns)
  Data Path Delay:        51.023ns  (logic 32.520ns (63.736%)  route 18.503ns (36.264%))
  Logic Levels:           133  (CARRY4=112 LUT2=18 LUT3=3)
  Clock Path Skew:        -0.038ns (DCD - SCD + CPR)
    Destination Clock Delay (DCD):    5.024ns = ( 15.024 - 10.000 ) 
    Source Clock Delay      (SCD):    5.329ns
    Clock Pessimism Removal (CPR):    0.267ns
  Clock Uncertainty:      0.035ns  ((TSJ^2 + TIJ^2)^1/2 + DJ) / 2 + PE
    Total System Jitter     (TSJ):    0.071ns
    Total Input Jitter      (TIJ):    0.000ns
    Discrete Jitter          (DJ):    0.000ns
    Phase Error              (PE):    0.000ns

    Location             Delay type                Incr(ns)  Path(ns)    Netlist Resource(s)
  -------------------------------------------------------------------    -------------------
                         (clock sys_clk_pin rise edge)
                                                      0.000     0.000 r  
    W5                                                0.000     0.000 r  sysclk (IN)
                         net (fo=0)                   0.000     0.000    sysclk
    W5                   IBUF (Prop_ibuf_I_O)         1.458     1.458 r  sysclk_IBUF_inst/O
                         net (fo=1, routed)           1.967     3.425    sysclk_IBUF
    BUFGCTRL_X0Y0        BUFG (Prop_bufg_I_O)         0.096     3.521 r  sysclk_IBUF_BUFG_inst/O
                         net (fo=130, routed)         1.808     5.329    fsm_buzzer/CLK
    SLICE_X1Y107         FDRE                                         r  fsm_buzzer/r_freq_reg[0]_replica/C
  -------------------------------------------------------------------    -------------------
    SLICE_X1Y107         FDRE (Prop_fdre_C_Q)         0.456     5.785 r  fsm_buzzer/r_freq_reg[0]_replica/Q
                         net (fo=6, routed)           0.446     6.231    freq_gen2/Q[0]_repN_alias
    SLICE_X2Y108         CARRY4 (Prop_carry4_S[0]_CO[3])
                                                      0.637     6.868 r  freq_gen2/counter10/CO[3]
                         net (fo=1, routed)           0.000     6.868    freq_gen2/counter10_n_0
    SLICE_X2Y109         CARRY4 (Prop_carry4_CI_CO[3])
                                                      0.117     6.985 r  freq_gen2/counter10__0/CO[3]
                         net (fo=1, routed)           0.000     6.985    freq_gen2/counter10__0_n_0
    SLICE_X2Y110         CARRY4 (Prop_carry4_CI_CO[3])
                                                      0.117     7.102 r  freq_gen2/counter10__1/CO[3]
                         net (fo=1, routed)           0.000     7.102    freq_gen2/counter10__1_n_0
    SLICE_X2Y111         CARRY4 (Prop_carry4_CI_CO[0])
                                                      0.254     7.356 r  freq_gen2/counter10__2/CO[0]
                         net (fo=16, routed)          0.937     8.293    fsm_buzzer/CO[0]
    SLICE_X0Y107         LUT2 (Prop_lut2_I1_O)        0.367     8.660 r  fsm_buzzer/counter10__3_i_4/O
                         net (fo=1, routed)           0.000     8.660    freq_gen2/counter10__7_1[0]
    SLICE_X0Y107         CARRY4 (Prop_carry4_S[1]_CO[3])
                                                      0.550     9.210 r  freq_gen2/counter10__3/CO[3]
                         net (fo=1, routed)           0.000     9.210    freq_gen2/counter10__3_n_0
    SLICE_X0Y108         CARRY4 (Prop_carry4_CI_CO[3])
                                                      0.114     9.324 r  freq_gen2/counter10__4/CO[3]
                         net (fo=1, routed)           0.000     9.324    freq_gen2/counter10__4_n_0
    SLICE_X0Y109         CARRY4 (Prop_carry4_CI_CO[3])
                                                      0.114     9.438 r  freq_gen2/counter10__5/CO[3]
                         net (fo=1, routed)           0.000     9.438    freq_gen2/counter10__5_n_0
    SLICE_X0Y110         CARRY4 (Prop_carry4_CI_CO[2])
                                                      0.228     9.666 r  freq_gen2/counter10__6/CO[2]
                         net (fo=17, routed)          0.666    10.332    freq_gen2/r_freq_reg[3][0]
    SLICE_X0Y112         LUT3 (Prop_lut3_I0_O)        0.313    10.645 r  freq_gen2/counter10__8_i_3/O
                         net (fo=1, routed)           0.000    10.645    freq_gen2/counter10__8_i_3_n_0
    SLICE_X0Y112         CARRY4 (Prop_carry4_S[1]_CO[3])
                                                      0.550    11.195 r  freq_gen2/counter10__8/CO[3]
                         net (fo=1, routed)           0.000    11.195    freq_gen2/counter10__8_n_0
    SLICE_X0Y113         CARRY4 (Prop_carry4_CI_CO[3])
                                                      0.114    11.309 r  freq_gen2/counter10__9/CO[3]
                         net (fo=1, routed)           0.000    11.309    freq_gen2/counter10__9_n_0
    SLICE_X0Y114         CARRY4 (Prop_carry4_CI_CO[3])
                                                      0.114    11.423 r  freq_gen2/counter10__10/CO[3]
                         net (fo=19, routed)          1.071    12.494    freq_gen2/r_freq_reg[3]_0[0]
    SLICE_X1Y110         CARRY4 (Prop_carry4_CYINIT_CO[3])
                                                      0.580    13.074 r  freq_gen2/counter10__11/CO[3]
                         net (fo=1, routed)           0.000    13.074    freq_gen2/counter10__11_n_0
    SLICE_X1Y111         CARRY4 (Prop_carry4_CI_CO[3])
                                                      0.114    13.188 r  freq_gen2/counter10__12/CO[3]
                         net (fo=1, routed)           0.000    13.188    freq_gen2/counter10__12_n_0
    SLICE_X1Y112         CARRY4 (Prop_carry4_CI_CO[3])
                                                      0.114    13.302 r  freq_gen2/counter10__13/CO[3]
                         net (fo=1, routed)           0.000    13.302    freq_gen2/counter10__13_n_0
    SLICE_X1Y113         CARRY4 (Prop_carry4_CI_CO[3])
                                                      0.114    13.416 r  freq_gen2/counter10__14/CO[3]
                         net (fo=1, routed)           0.000    13.416    freq_gen2/counter10__14_n_0
    SLICE_X1Y114         CARRY4 (Prop_carry4_CI_CO[0])
                                                      0.271    13.687 r  freq_gen2/counter10__15/CO[0]
                         net (fo=21, routed)          0.613    14.300    freq_gen2/counter10__14_0[0]
    SLICE_X2Y113         CARRY4 (Prop_carry4_CYINIT_CO[3])
                                                      0.844    15.144 r  freq_gen2/counter10__16/CO[3]
                         net (fo=1, routed)           0.000    15.144    freq_gen2/counter10__16_n_0
    SLICE_X2Y114         CARRY4 (Prop_carry4_CI_CO[3])
                                                      0.117    15.261 r  freq_gen2/counter10__17/CO[3]
                         net (fo=1, routed)           0.000    15.261    freq_gen2/counter10__17_n_0
    SLICE_X2Y115         CARRY4 (Prop_carry4_CI_CO[3])
                                                      0.117    15.378 r  freq_gen2/counter10__18/CO[3]
                         net (fo=1, routed)           0.000    15.378    freq_gen2/counter10__18_n_0
    SLICE_X2Y116         CARRY4 (Prop_carry4_CI_CO[3])
                                                      0.117    15.495 r  freq_gen2/counter10__19/CO[3]
                         net (fo=1, routed)           0.000    15.495    freq_gen2/counter10__19_n_0
    SLICE_X2Y117         CARRY4 (Prop_carry4_CI_CO[1])
                                                      0.157    15.652 r  freq_gen2/counter10__20/CO[1]
                         net (fo=23, routed)          0.943    16.595    freq_gen2/counter10__20_i_1_0[0]
    SLICE_X1Y119         LUT3 (Prop_lut3_I0_O)        0.332    16.927 r  freq_gen2/counter10__24_i_4/O
                         net (fo=1, routed)           0.000    16.927    freq_gen2/counter10__24_i_4_n_0
    SLICE_X1Y119         CARRY4 (Prop_carry4_S[0]_CO[3])
                                                      0.532    17.459 r  freq_gen2/counter10__24/CO[3]
                         net (fo=1, routed)           0.000    17.459    freq_gen2/counter10__24_n_0
    SLICE_X1Y120         CARRY4 (Prop_carry4_CI_CO[1])
                                                      0.157    17.616 r  freq_gen2/counter10__25/CO[1]
                         net (fo=23, routed)          0.634    18.251    fsm_buzzer/counter10__26[0]
    SLICE_X0Y119         LUT2 (Prop_lut2_I1_O)        0.329    18.580 r  fsm_buzzer/counter10__26_i_3/O
                         net (fo=1, routed)           0.000    18.580    freq_gen2/counter10__31_0[0]
    SLICE_X0Y119         CARRY4 (Prop_carry4_S[1]_CO[3])
                                                      0.550    19.130 r  freq_gen2/counter10__26/CO[3]
                         net (fo=1, routed)           0.000    19.130    freq_gen2/counter10__26_n_0
    SLICE_X0Y120         CARRY4 (Prop_carry4_CI_CO[3])
                                                      0.114    19.244 r  freq_gen2/counter10__27/CO[3]
                         net (fo=1, routed)           0.000    19.244    freq_gen2/counter10__27_n_0
    SLICE_X0Y121         CARRY4 (Prop_carry4_CI_CO[3])
                                                      0.114    19.358 r  freq_gen2/counter10__28/CO[3]
                         net (fo=1, routed)           0.000    19.358    freq_gen2/counter10__28_n_0
    SLICE_X0Y122         CARRY4 (Prop_carry4_CI_CO[3])
                                                      0.114    19.472 r  freq_gen2/counter10__29/CO[3]
                         net (fo=1, routed)           0.000    19.472    freq_gen2/counter10__29_n_0
    SLICE_X0Y123         CARRY4 (Prop_carry4_CI_CO[1])
                                                      0.157    19.629 r  freq_gen2/counter10__30/CO[1]
                         net (fo=24, routed)          0.698    20.326    freq_gen2/counter10__30_i_2_0[0]
    SLICE_X1Y124         LUT3 (Prop_lut3_I0_O)        0.329    20.655 r  freq_gen2/counter10__32_i_4/O
                         net (fo=1, routed)           0.000    20.655    freq_gen2/counter10__32_i_4_n_0
    SLICE_X1Y124         CARRY4 (Prop_carry4_S[0]_CO[3])
                                                      0.532    21.187 r  freq_gen2/counter10__32/CO[3]
                         net (fo=1, routed)           0.009    21.196    freq_gen2/counter10__32_n_0
    SLICE_X1Y125         CARRY4 (Prop_carry4_CI_CO[3])
                                                      0.114    21.310 r  freq_gen2/counter10__33/CO[3]
                         net (fo=1, routed)           0.000    21.310    freq_gen2/counter10__33_n_0
    SLICE_X1Y126         CARRY4 (Prop_carry4_CI_CO[3])
                                                      0.114    21.424 r  freq_gen2/counter10__34/CO[3]
                         net (fo=1, routed)           0.000    21.424    freq_gen2/counter10__34_n_0
    SLICE_X1Y127         CARRY4 (Prop_carry4_CI_CO[1])
                                                      0.157    21.581 r  freq_gen2/counter10__35/CO[1]
                         net (fo=23, routed)          0.556    22.137    fsm_buzzer/counter10__36[0]
    SLICE_X2Y126         LUT2 (Prop_lut2_I1_O)        0.329    22.466 r  fsm_buzzer/counter10__36_i_3/O
                         net (fo=1, routed)           0.000    22.466    freq_gen2/counter10__41_0[0]
    SLICE_X2Y126         CARRY4 (Prop_carry4_S[1]_CO[3])
                                                      0.533    22.999 r  freq_gen2/counter10__36/CO[3]
                         net (fo=1, routed)           0.000    22.999    freq_gen2/counter10__36_n_0
    SLICE_X2Y127         CARRY4 (Prop_carry4_CI_CO[3])
                                                      0.117    23.116 r  freq_gen2/counter10__37/CO[3]
                         net (fo=1, routed)           0.000    23.116    freq_gen2/counter10__37_n_0
    SLICE_X2Y128         CARRY4 (Prop_carry4_CI_CO[3])
                                                      0.117    23.233 r  freq_gen2/counter10__38/CO[3]
                         net (fo=1, routed)           0.000    23.233    freq_gen2/counter10__38_n_0
    SLICE_X2Y129         CARRY4 (Prop_carry4_CI_CO[3])
                                                      0.117    23.350 r  freq_gen2/counter10__39/CO[3]
                         net (fo=1, routed)           0.000    23.350    freq_gen2/counter10__39_n_0
    SLICE_X2Y130         CARRY4 (Prop_carry4_CI_CO[1])
                                                      0.157    23.507 r  freq_gen2/counter10__40/CO[1]
                         net (fo=24, routed)          0.654    24.161    fsm_buzzer/counter10__41[0]
    SLICE_X0Y129         LUT2 (Prop_lut2_I1_O)        0.332    24.493 r  fsm_buzzer/counter10__41_i_4/O
                         net (fo=1, routed)           0.000    24.493    freq_gen2/counter10__46_1[0]
    SLICE_X0Y129         CARRY4 (Prop_carry4_S[1]_CO[3])
                                                      0.550    25.043 r  freq_gen2/counter10__41/CO[3]
                         net (fo=1, routed)           0.000    25.043    freq_gen2/counter10__41_n_0
    SLICE_X0Y130         CARRY4 (Prop_carry4_CI_CO[3])
                                                      0.114    25.157 r  freq_gen2/counter10__42/CO[3]
                         net (fo=1, routed)           0.000    25.157    freq_gen2/counter10__42_n_0
    SLICE_X0Y131         CARRY4 (Prop_carry4_CI_CO[3])
                                                      0.114    25.271 r  freq_gen2/counter10__43/CO[3]
                         net (fo=1, routed)           0.000    25.271    freq_gen2/counter10__43_n_0
    SLICE_X0Y132         CARRY4 (Prop_carry4_CI_CO[3])
                                                      0.114    25.385 r  freq_gen2/counter10__44/CO[3]
                         net (fo=1, routed)           0.000    25.385    freq_gen2/counter10__44_n_0
    SLICE_X0Y133         CARRY4 (Prop_carry4_CI_CO[1])
                                                      0.157    25.542 r  freq_gen2/counter10__45/CO[1]
                         net (fo=24, routed)          0.602    26.144    fsm_buzzer/counter10__46[15]
    SLICE_X1Y131         LUT2 (Prop_lut2_I1_O)        0.329    26.473 r  fsm_buzzer/counter10__46_i_3/O
                         net (fo=1, routed)           0.000    26.473    freq_gen2/counter10__51_0[0]
    SLICE_X1Y131         CARRY4 (Prop_carry4_S[1]_CO[3])
                                                      0.550    27.023 r  freq_gen2/counter10__46/CO[3]
                         net (fo=1, routed)           0.000    27.023    freq_gen2/counter10__46_n_0
    SLICE_X1Y132         CARRY4 (Prop_carry4_CI_CO[3])
                                                      0.114    27.137 r  freq_gen2/counter10__47/CO[3]
                         net (fo=1, routed)           0.000    27.137    freq_gen2/counter10__47_n_0
    SLICE_X1Y133         CARRY4 (Prop_carry4_CI_CO[3])
                                                      0.114    27.251 r  freq_gen2/counter10__48/CO[3]
                         net (fo=1, routed)           0.000    27.251    freq_gen2/counter10__48_n_0
    SLICE_X1Y134         CARRY4 (Prop_carry4_CI_CO[3])
                                                      0.114    27.365 r  freq_gen2/counter10__49/CO[3]
                         net (fo=1, routed)           0.000    27.365    freq_gen2/counter10__49_n_0
    SLICE_X1Y135         CARRY4 (Prop_carry4_CI_CO[1])
                                                      0.157    27.522 r  freq_gen2/counter10__50/CO[1]
                         net (fo=24, routed)          0.540    28.062    fsm_buzzer/counter10__46[14]
    SLICE_X2Y134         LUT2 (Prop_lut2_I1_O)        0.329    28.391 r  fsm_buzzer/counter10__51_i_3/O
                         net (fo=1, routed)           0.000    28.391    freq_gen2/counter10__56_0[0]
    SLICE_X2Y134         CARRY4 (Prop_carry4_S[1]_CO[3])
                                                      0.533    28.924 r  freq_gen2/counter10__51/CO[3]
                         net (fo=1, routed)           0.000    28.924    freq_gen2/counter10__51_n_0
    SLICE_X2Y135         CARRY4 (Prop_carry4_CI_CO[3])
                                                      0.117    29.041 r  freq_gen2/counter10__52/CO[3]
                         net (fo=1, routed)           0.000    29.041    freq_gen2/counter10__52_n_0
    SLICE_X2Y136         CARRY4 (Prop_carry4_CI_CO[3])
                                                      0.117    29.158 r  freq_gen2/counter10__53/CO[3]
                         net (fo=1, routed)           0.000    29.158    freq_gen2/counter10__53_n_0
    SLICE_X2Y137         CARRY4 (Prop_carry4_CI_CO[3])
                                                      0.117    29.275 r  freq_gen2/counter10__54/CO[3]
                         net (fo=1, routed)           0.000    29.275    freq_gen2/counter10__54_n_0
    SLICE_X2Y138         CARRY4 (Prop_carry4_CI_CO[1])
                                                      0.157    29.432 r  freq_gen2/counter10__55/CO[1]
                         net (fo=24, routed)          0.710    30.141    freq_gen2/counter10__45_i_2_0[13]
    SLICE_X6Y137         CARRY4 (Prop_carry4_CYINIT_CO[3])
                                                      0.803    30.944 r  freq_gen2/counter10__56/CO[3]
                         net (fo=1, routed)           0.000    30.944    freq_gen2/counter10__56_n_0
    SLICE_X6Y138         CARRY4 (Prop_carry4_CI_CO[3])
                                                      0.117    31.061 r  freq_gen2/counter10__57/CO[3]
                         net (fo=1, routed)           0.000    31.061    freq_gen2/counter10__57_n_0
    SLICE_X6Y139         CARRY4 (Prop_carry4_CI_CO[3])
                                                      0.117    31.178 r  freq_gen2/counter10__58/CO[3]
                         net (fo=1, routed)           0.000    31.178    freq_gen2/counter10__58_n_0
    SLICE_X6Y140         CARRY4 (Prop_carry4_CI_CO[3])
                                                      0.117    31.295 r  freq_gen2/counter10__59/CO[3]
                         net (fo=1, routed)           0.000    31.295    freq_gen2/counter10__59_n_0
    SLICE_X6Y141         CARRY4 (Prop_carry4_CI_CO[1])
                                                      0.157    31.452 r  freq_gen2/counter10__60/CO[1]
                         net (fo=24, routed)          0.769    32.222    fsm_buzzer/counter10__46[12]
    SLICE_X9Y139         LUT2 (Prop_lut2_I1_O)        0.332    32.554 r  fsm_buzzer/counter10__61_i_3/O
                         net (fo=1, routed)           0.000    32.554    freq_gen2/counter10__66_0[0]
    SLICE_X9Y139         CARRY4 (Prop_carry4_S[1]_CO[3])
                                                      0.550    33.104 r  freq_gen2/counter10__61/CO[3]
                         net (fo=1, routed)           0.000    33.104    freq_gen2/counter10__61_n_0
    SLICE_X9Y140         CARRY4 (Prop_carry4_CI_CO[3])
                                                      0.114    33.218 r  freq_gen2/counter10__62/CO[3]
                         net (fo=1, routed)           0.000    33.218    freq_gen2/counter10__62_n_0
    SLICE_X9Y141         CARRY4 (Prop_carry4_CI_CO[3])
                                                      0.114    33.332 r  freq_gen2/counter10__63/CO[3]
                         net (fo=1, routed)           0.000    33.332    freq_gen2/counter10__63_n_0
    SLICE_X9Y142         CARRY4 (Prop_carry4_CI_CO[3])
                                                      0.114    33.446 r  freq_gen2/counter10__64/CO[3]
                         net (fo=1, routed)           0.000    33.446    freq_gen2/counter10__64_n_0
    SLICE_X9Y143         CARRY4 (Prop_carry4_CI_CO[1])
                                                      0.157    33.603 r  freq_gen2/counter10__65/CO[1]
                         net (fo=25, routed)          0.893    34.496    fsm_buzzer/counter10__46[11]
    SLICE_X10Y139        LUT2 (Prop_lut2_I1_O)        0.329    34.825 r  fsm_buzzer/counter10__66_i_4/O
                         net (fo=1, routed)           0.000    34.825    freq_gen2/counter10__71_1[0]
    SLICE_X10Y139        CARRY4 (Prop_carry4_S[1]_CO[3])
                                                      0.533    35.358 r  freq_gen2/counter10__66/CO[3]
                         net (fo=1, routed)           0.000    35.358    freq_gen2/counter10__66_n_0
    SLICE_X10Y140        CARRY4 (Prop_carry4_CI_CO[3])
                                                      0.117    35.475 r  freq_gen2/counter10__67/CO[3]
                         net (fo=1, routed)           0.000    35.475    freq_gen2/counter10__67_n_0
    SLICE_X10Y141        CARRY4 (Prop_carry4_CI_CO[3])
                                                      0.117    35.592 r  freq_gen2/counter10__68/CO[3]
                         net (fo=1, routed)           0.000    35.592    freq_gen2/counter10__68_n_0
    SLICE_X10Y142        CARRY4 (Prop_carry4_CI_CO[3])
                                                      0.117    35.709 r  freq_gen2/counter10__69/CO[3]
                         net (fo=1, routed)           0.000    35.709    freq_gen2/counter10__69_n_0
    SLICE_X10Y143        CARRY4 (Prop_carry4_CI_CO[1])
                                                      0.157    35.866 r  freq_gen2/counter10__70/CO[1]
                         net (fo=25, routed)          0.694    36.560    fsm_buzzer/counter10__46[10]
    SLICE_X11Y142        LUT2 (Prop_lut2_I1_O)        0.332    36.892 r  fsm_buzzer/counter10__71_i_4/O
                         net (fo=1, routed)           0.000    36.892    freq_gen2/counter10__76_1[0]
    SLICE_X11Y142        CARRY4 (Prop_carry4_S[1]_CO[3])
                                                      0.550    37.442 r  freq_gen2/counter10__71/CO[3]
                         net (fo=1, routed)           0.000    37.442    freq_gen2/counter10__71_n_0
    SLICE_X11Y143        CARRY4 (Prop_carry4_CI_CO[3])
                                                      0.114    37.556 r  freq_gen2/counter10__72/CO[3]
                         net (fo=1, routed)           0.000    37.556    freq_gen2/counter10__72_n_0
    SLICE_X11Y144        CARRY4 (Prop_carry4_CI_CO[3])
                                                      0.114    37.670 r  freq_gen2/counter10__73/CO[3]
                         net (fo=1, routed)           0.000    37.670    freq_gen2/counter10__73_n_0
    SLICE_X11Y145        CARRY4 (Prop_carry4_CI_CO[3])
                                                      0.114    37.784 r  freq_gen2/counter10__74/CO[3]
                         net (fo=1, routed)           0.000    37.784    freq_gen2/counter10__74_n_0
    SLICE_X11Y146        CARRY4 (Prop_carry4_CI_CO[1])
                                                      0.157    37.941 r  freq_gen2/counter10__75/CO[1]
                         net (fo=25, routed)          0.707    38.648    fsm_buzzer/counter10__46[9]
    SLICE_X10Y144        LUT2 (Prop_lut2_I1_O)        0.329    38.977 r  fsm_buzzer/counter10__76_i_4/O
                         net (fo=1, routed)           0.000    38.977    freq_gen2/counter10__81_1[0]
    SLICE_X10Y144        CARRY4 (Prop_carry4_S[1]_CO[3])
                                                      0.533    39.510 r  freq_gen2/counter10__76/CO[3]
                         net (fo=1, routed)           0.000    39.510    freq_gen2/counter10__76_n_0
    SLICE_X10Y145        CARRY4 (Prop_carry4_CI_CO[3])
                                                      0.117    39.627 r  freq_gen2/counter10__77/CO[3]
                         net (fo=1, routed)           0.000    39.627    freq_gen2/counter10__77_n_0
    SLICE_X10Y146        CARRY4 (Prop_carry4_CI_CO[3])
                                                      0.117    39.744 r  freq_gen2/counter10__78/CO[3]
                         net (fo=1, routed)           0.000    39.744    freq_gen2/counter10__78_n_0
    SLICE_X10Y147        CARRY4 (Prop_carry4_CI_CO[3])
                                                      0.117    39.861 r  freq_gen2/counter10__79/CO[3]
                         net (fo=1, routed)           0.000    39.861    freq_gen2/counter10__79_n_0
    SLICE_X10Y148        CARRY4 (Prop_carry4_CI_CO[1])
                                                      0.157    40.018 r  freq_gen2/counter10__80/CO[1]
                         net (fo=25, routed)          0.738    40.756    fsm_buzzer/counter10__46[8]
    SLICE_X9Y144         LUT2 (Prop_lut2_I1_O)        0.332    41.088 r  fsm_buzzer/counter10__81_i_4/O
                         net (fo=1, routed)           0.000    41.088    freq_gen2/counter10__86_1[0]
    SLICE_X9Y144         CARRY4 (Prop_carry4_S[1]_CO[3])
                                                      0.550    41.638 r  freq_gen2/counter10__81/CO[3]
                         net (fo=1, routed)           0.000    41.638    freq_gen2/counter10__81_n_0
    SLICE_X9Y145         CARRY4 (Prop_carry4_CI_CO[3])
                                                      0.114    41.752 r  freq_gen2/counter10__82/CO[3]
                         net (fo=1, routed)           0.000    41.752    freq_gen2/counter10__82_n_0
    SLICE_X9Y146         CARRY4 (Prop_carry4_CI_CO[3])
                                                      0.114    41.866 r  freq_gen2/counter10__83/CO[3]
                         net (fo=1, routed)           0.000    41.866    freq_gen2/counter10__83_n_0
    SLICE_X9Y147         CARRY4 (Prop_carry4_CI_CO[3])
                                                      0.114    41.980 r  freq_gen2/counter10__84/CO[3]
                         net (fo=1, routed)           0.000    41.980    freq_gen2/counter10__84_n_0
    SLICE_X9Y148         CARRY4 (Prop_carry4_CI_CO[1])
                                                      0.157    42.137 r  freq_gen2/counter10__85/CO[1]
                         net (fo=24, routed)          0.858    42.995    fsm_buzzer/counter10__46[7]
    SLICE_X7Y144         LUT2 (Prop_lut2_I1_O)        0.329    43.324 r  fsm_buzzer/counter10__86_i_3/O
                         net (fo=1, routed)           0.000    43.324    freq_gen2/counter10__91_0[0]
    SLICE_X7Y144         CARRY4 (Prop_carry4_S[1]_CO[3])
                                                      0.550    43.874 r  freq_gen2/counter10__86/CO[3]
                         net (fo=1, routed)           0.000    43.874    freq_gen2/counter10__86_n_0
    SLICE_X7Y145         CARRY4 (Prop_carry4_CI_CO[3])
                                                      0.114    43.988 r  freq_gen2/counter10__87/CO[3]
                         net (fo=1, routed)           0.000    43.988    freq_gen2/counter10__87_n_0
    SLICE_X7Y146         CARRY4 (Prop_carry4_CI_CO[3])
                                                      0.114    44.102 r  freq_gen2/counter10__88/CO[3]
                         net (fo=1, routed)           0.000    44.102    freq_gen2/counter10__88_n_0
    SLICE_X7Y147         CARRY4 (Prop_carry4_CI_CO[3])
                                                      0.114    44.216 r  freq_gen2/counter10__89/CO[3]
                         net (fo=1, routed)           0.000    44.216    freq_gen2/counter10__89_n_0
    SLICE_X7Y148         CARRY4 (Prop_carry4_CI_CO[1])
                                                      0.157    44.373 r  freq_gen2/counter10__90/CO[1]
                         net (fo=25, routed)          0.829    45.202    fsm_buzzer/counter10__46[6]
    SLICE_X6Y144         LUT2 (Prop_lut2_I1_O)        0.329    45.531 r  fsm_buzzer/counter10__91_i_4/O
                         net (fo=1, routed)           0.000    45.531    freq_gen2/counter10__96_1[0]
    SLICE_X6Y144         CARRY4 (Prop_carry4_S[1]_CO[3])
                                                      0.533    46.064 r  freq_gen2/counter10__91/CO[3]
                         net (fo=1, routed)           0.000    46.064    freq_gen2/counter10__91_n_0
    SLICE_X6Y145         CARRY4 (Prop_carry4_CI_CO[3])
                                                      0.117    46.181 r  freq_gen2/counter10__92/CO[3]
                         net (fo=1, routed)           0.000    46.181    freq_gen2/counter10__92_n_0
    SLICE_X6Y146         CARRY4 (Prop_carry4_CI_CO[3])
                                                      0.117    46.298 r  freq_gen2/counter10__93/CO[3]
                         net (fo=1, routed)           0.000    46.298    freq_gen2/counter10__93_n_0
    SLICE_X6Y147         CARRY4 (Prop_carry4_CI_CO[3])
                                                      0.117    46.415 r  freq_gen2/counter10__94/CO[3]
                         net (fo=1, routed)           0.000    46.415    freq_gen2/counter10__94_n_0
    SLICE_X6Y148         CARRY4 (Prop_carry4_CI_CO[1])
                                                      0.157    46.572 r  freq_gen2/counter10__95/CO[1]
                         net (fo=25, routed)          0.952    47.524    fsm_buzzer/counter10__46[5]
    SLICE_X4Y140         LUT2 (Prop_lut2_I1_O)        0.332    47.856 r  fsm_buzzer/counter10__96_i_4/O
                         net (fo=1, routed)           0.000    47.856    freq_gen2/counter10__101_1[0]
    SLICE_X4Y140         CARRY4 (Prop_carry4_S[1]_CO[3])
                                                      0.550    48.406 r  freq_gen2/counter10__96/CO[3]
                         net (fo=1, routed)           0.000    48.406    freq_gen2/counter10__96_n_0
    SLICE_X4Y141         CARRY4 (Prop_carry4_CI_CO[3])
                                                      0.114    48.520 r  freq_gen2/counter10__97/CO[3]
                         net (fo=1, routed)           0.000    48.520    freq_gen2/counter10__97_n_0
    SLICE_X4Y142         CARRY4 (Prop_carry4_CI_CO[3])
                                                      0.114    48.634 r  freq_gen2/counter10__98/CO[3]
                         net (fo=1, routed)           0.000    48.634    freq_gen2/counter10__98_n_0
    SLICE_X4Y143         CARRY4 (Prop_carry4_CI_CO[3])
                                                      0.114    48.748 r  freq_gen2/counter10__99/CO[3]
                         net (fo=1, routed)           0.000    48.748    freq_gen2/counter10__99_n_0
    SLICE_X4Y144         CARRY4 (Prop_carry4_CI_CO[1])
                                                      0.157    48.905 r  freq_gen2/counter10__100/CO[1]
                         net (fo=25, routed)          0.500    49.406    fsm_buzzer/counter10__46[4]
    SLICE_X5Y144         LUT2 (Prop_lut2_I1_O)        0.329    49.735 r  fsm_buzzer/counter10__101_i_4/O
                         net (fo=1, routed)           0.000    49.735    freq_gen2/counter10__106_1[0]
    SLICE_X5Y144         CARRY4 (Prop_carry4_S[1]_CO[3])
                                                      0.550    50.285 r  freq_gen2/counter10__101/CO[3]
                         net (fo=1, routed)           0.000    50.285    freq_gen2/counter10__101_n_0
    SLICE_X5Y145         CARRY4 (Prop_carry4_CI_CO[3])
                                                      0.114    50.399 r  freq_gen2/counter10__102/CO[3]
                         net (fo=1, routed)           0.000    50.399    freq_gen2/counter10__102_n_0
    SLICE_X5Y146         CARRY4 (Prop_carry4_CI_CO[3])
                                                      0.114    50.513 r  freq_gen2/counter10__103/CO[3]
                         net (fo=1, routed)           0.000    50.513    freq_gen2/counter10__103_n_0
    SLICE_X5Y147         CARRY4 (Prop_carry4_CI_CO[3])
                                                      0.114    50.627 r  freq_gen2/counter10__104/CO[3]
                         net (fo=1, routed)           0.000    50.627    freq_gen2/counter10__104_n_0
    SLICE_X5Y148         CARRY4 (Prop_carry4_CI_CO[1])
                                                      0.157    50.784 r  freq_gen2/counter10__105/CO[1]
                         net (fo=25, routed)          0.901    51.685    fsm_buzzer/counter10__46[3]
    SLICE_X4Y145         LUT2 (Prop_lut2_I1_O)        0.329    52.014 r  fsm_buzzer/counter10__106_i_4/O
                         net (fo=1, routed)           0.000    52.014    freq_gen2/counter10__111_1[0]
    SLICE_X4Y145         CARRY4 (Prop_carry4_S[1]_CO[3])
                                                      0.550    52.564 r  freq_gen2/counter10__106/CO[3]
                         net (fo=1, routed)           0.000    52.564    freq_gen2/counter10__106_n_0
    SLICE_X4Y146         CARRY4 (Prop_carry4_CI_CO[3])
                                                      0.114    52.678 r  freq_gen2/counter10__107/CO[3]
                         net (fo=1, routed)           0.000    52.678    freq_gen2/counter10__107_n_0
    SLICE_X4Y147         CARRY4 (Prop_carry4_CI_CO[3])
                                                      0.114    52.792 r  freq_gen2/counter10__108/CO[3]
                         net (fo=1, routed)           0.000    52.792    freq_gen2/counter10__108_n_0
    SLICE_X4Y148         CARRY4 (Prop_carry4_CI_CO[3])
                                                      0.114    52.906 r  freq_gen2/counter10__109/CO[3]
                         net (fo=1, routed)           0.000    52.906    freq_gen2/counter10__109_n_0
    SLICE_X4Y149         CARRY4 (Prop_carry4_CI_CO[1])
                                                      0.157    53.063 r  freq_gen2/counter10__110/CO[1]
                         net (fo=25, routed)          0.709    53.772    fsm_buzzer/counter10__46[2]
    SLICE_X3Y145         LUT2 (Prop_lut2_I1_O)        0.329    54.101 r  fsm_buzzer/counter10__111_i_4/O
                         net (fo=1, routed)           0.000    54.101    freq_gen2/counter10__116_1[0]
    SLICE_X3Y145         CARRY4 (Prop_carry4_S[1]_CO[3])
                                                      0.550    54.651 r  freq_gen2/counter10__111/CO[3]
                         net (fo=1, routed)           0.000    54.651    freq_gen2/counter10__111_n_0
    SLICE_X3Y146         CARRY4 (Prop_carry4_CI_CO[3])
                                                      0.114    54.765 r  freq_gen2/counter10__112/CO[3]
                         net (fo=1, routed)           0.000    54.765    freq_gen2/counter10__112_n_0
    SLICE_X3Y147         CARRY4 (Prop_carry4_CI_CO[3])
                                                      0.114    54.879 r  freq_gen2/counter10__113/CO[3]
                         net (fo=1, routed)           0.000    54.879    freq_gen2/counter10__113_n_0
    SLICE_X3Y148         CARRY4 (Prop_carry4_CI_CO[3])
                                                      0.114    54.993 r  freq_gen2/counter10__114/CO[3]
                         net (fo=1, routed)           0.000    54.993    freq_gen2/counter10__114_n_0
    SLICE_X3Y149         CARRY4 (Prop_carry4_CI_CO[1])
                                                      0.157    55.150 r  freq_gen2/counter10__115/CO[1]
                         net (fo=25, routed)          0.873    56.023    freq_gen2/counter10__45_i_2_0[1]
    SLICE_X2Y143         LUT2 (Prop_lut2_I1_O)        0.329    56.352 r  freq_gen2/counter1[2]_i_1/O
                         net (fo=1, routed)           0.000    56.352    freq_gen2/p_1_in[2]
    SLICE_X2Y143         FDCE                                         r  freq_gen2/counter1_reg[2]/D
  -------------------------------------------------------------------    -------------------

                         (clock sys_clk_pin rise edge)
                                                     10.000    10.000 r  
    W5                                                0.000    10.000 r  sysclk (IN)
                         net (fo=0)                   0.000    10.000    sysclk
    W5                   IBUF (Prop_ibuf_I_O)         1.388    11.388 r  sysclk_IBUF_inst/O
                         net (fo=1, routed)           1.862    13.250    sysclk_IBUF
    BUFGCTRL_X0Y0        BUFG (Prop_bufg_I_O)         0.091    13.341 r  sysclk_IBUF_BUFG_inst/O
                         net (fo=130, routed)         1.683    15.024    freq_gen2/CLK
    SLICE_X2Y143         FDCE                                         r  freq_gen2/counter1_reg[2]/C
                         clock pessimism              0.267    15.291    
                         clock uncertainty           -0.035    15.256    
    SLICE_X2Y143         FDCE (Setup_fdce_C_D)        0.079    15.335    freq_gen2/counter1_reg[2]
  -------------------------------------------------------------------
                         required time                         15.335    
                         arrival time                         -56.352    
  -------------------------------------------------------------------
                         slack                                -41.017    

Slack (VIOLATED) :        -38.923ns  (required time - arrival time)
  Source:                 fsm_buzzer/r_freq_reg[0]_replica/C
                            (rising edge-triggered cell FDRE clocked by sys_clk_pin  {rise@0.000ns fall@5.000ns period=10.000ns})
  Destination:            freq_gen2/counter1_reg[3]/D
                            (rising edge-triggered cell FDCE clocked by sys_clk_pin  {rise@0.000ns fall@5.000ns period=10.000ns})
  Path Group:             sys_clk_pin
  Path Type:              Setup (Max at Slow Process Corner)
  Requirement:            10.000ns  (sys_clk_pin rise@10.000ns - sys_clk_pin rise@0.000ns)
  Data Path Delay:        48.967ns  (logic 31.135ns (63.583%)  route 17.832ns (36.417%))
  Logic Levels:           127  (CARRY4=107 LUT2=17 LUT3=3)
  Clock Path Skew:        -0.038ns (DCD - SCD + CPR)
    Destination Clock Delay (DCD):    5.024ns = ( 15.024 - 10.000 ) 
    Source Clock Delay      (SCD):    5.329ns
    Clock Pessimism Removal (CPR):    0.267ns
  Clock Uncertainty:      0.035ns  ((TSJ^2 + TIJ^2)^1/2 + DJ) / 2 + PE
    Total System Jitter     (TSJ):    0.071ns
    Total Input Jitter      (TIJ):    0.000ns
    Discrete Jitter          (DJ):    0.000ns
    Phase Error              (PE):    0.000ns

    Location             Delay type                Incr(ns)  Path(ns)    Netlist Resource(s)
  -------------------------------------------------------------------    -------------------
                         (clock sys_clk_pin rise edge)
                                                      0.000     0.000 r  
    W5                                                0.000     0.000 r  sysclk (IN)
                         net (fo=0)                   0.000     0.000    sysclk
    W5                   IBUF (Prop_ibuf_I_O)         1.458     1.458 r  sysclk_IBUF_inst/O
                         net (fo=1, routed)           1.967     3.425    sysclk_IBUF
    BUFGCTRL_X0Y0        BUFG (Prop_bufg_I_O)         0.096     3.521 r  sysclk_IBUF_BUFG_inst/O
                         net (fo=130, routed)         1.808     5.329    fsm_buzzer/CLK
    SLICE_X1Y107         FDRE                                         r  fsm_buzzer/r_freq_reg[0]_replica/C
  -------------------------------------------------------------------    -------------------
    SLICE_X1Y107         FDRE (Prop_fdre_C_Q)         0.456     5.785 r  fsm_buzzer/r_freq_reg[0]_replica/Q
                         net (fo=6, routed)           0.446     6.231    freq_gen2/Q[0]_repN_alias
    SLICE_X2Y108         CARRY4 (Prop_carry4_S[0]_CO[3])
                                                      0.637     6.868 r  freq_gen2/counter10/CO[3]
                         net (fo=1, routed)           0.000     6.868    freq_gen2/counter10_n_0
    SLICE_X2Y109         CARRY4 (Prop_carry4_CI_CO[3])
                                                      0.117     6.985 r  freq_gen2/counter10__0/CO[3]
                         net (fo=1, routed)           0.000     6.985    freq_gen2/counter10__0_n_0
    SLICE_X2Y110         CARRY4 (Prop_carry4_CI_CO[3])
                                                      0.117     7.102 r  freq_gen2/counter10__1/CO[3]
                         net (fo=1, routed)           0.000     7.102    freq_gen2/counter10__1_n_0
    SLICE_X2Y111         CARRY4 (Prop_carry4_CI_CO[0])
                                                      0.254     7.356 r  freq_gen2/counter10__2/CO[0]
                         net (fo=16, routed)          0.937     8.293    fsm_buzzer/CO[0]
    SLICE_X0Y107         LUT2 (Prop_lut2_I1_O)        0.367     8.660 r  fsm_buzzer/counter10__3_i_4/O
                         net (fo=1, routed)           0.000     8.660    freq_gen2/counter10__7_1[0]
    SLICE_X0Y107         CARRY4 (Prop_carry4_S[1]_CO[3])
                                                      0.550     9.210 r  freq_gen2/counter10__3/CO[3]
                         net (fo=1, routed)           0.000     9.210    freq_gen2/counter10__3_n_0
    SLICE_X0Y108         CARRY4 (Prop_carry4_CI_CO[3])
                                                      0.114     9.324 r  freq_gen2/counter10__4/CO[3]
                         net (fo=1, routed)           0.000     9.324    freq_gen2/counter10__4_n_0
    SLICE_X0Y109         CARRY4 (Prop_carry4_CI_CO[3])
                                                      0.114     9.438 r  freq_gen2/counter10__5/CO[3]
                         net (fo=1, routed)           0.000     9.438    freq_gen2/counter10__5_n_0
    SLICE_X0Y110         CARRY4 (Prop_carry4_CI_CO[2])
                                                      0.228     9.666 r  freq_gen2/counter10__6/CO[2]
                         net (fo=17, routed)          0.666    10.332    freq_gen2/r_freq_reg[3][0]
    SLICE_X0Y112         LUT3 (Prop_lut3_I0_O)        0.313    10.645 r  freq_gen2/counter10__8_i_3/O
                         net (fo=1, routed)           0.000    10.645    freq_gen2/counter10__8_i_3_n_0
    SLICE_X0Y112         CARRY4 (Prop_carry4_S[1]_CO[3])
                                                      0.550    11.195 r  freq_gen2/counter10__8/CO[3]
                         net (fo=1, routed)           0.000    11.195    freq_gen2/counter10__8_n_0
    SLICE_X0Y113         CARRY4 (Prop_carry4_CI_CO[3])
                                                      0.114    11.309 r  freq_gen2/counter10__9/CO[3]
                         net (fo=1, routed)           0.000    11.309    freq_gen2/counter10__9_n_0
    SLICE_X0Y114         CARRY4 (Prop_carry4_CI_CO[3])
                                                      0.114    11.423 r  freq_gen2/counter10__10/CO[3]
                         net (fo=19, routed)          1.071    12.494    freq_gen2/r_freq_reg[3]_0[0]
    SLICE_X1Y110         CARRY4 (Prop_carry4_CYINIT_CO[3])
                                                      0.580    13.074 r  freq_gen2/counter10__11/CO[3]
                         net (fo=1, routed)           0.000    13.074    freq_gen2/counter10__11_n_0
    SLICE_X1Y111         CARRY4 (Prop_carry4_CI_CO[3])
                                                      0.114    13.188 r  freq_gen2/counter10__12/CO[3]
                         net (fo=1, routed)           0.000    13.188    freq_gen2/counter10__12_n_0
    SLICE_X1Y112         CARRY4 (Prop_carry4_CI_CO[3])
                                                      0.114    13.302 r  freq_gen2/counter10__13/CO[3]
                         net (fo=1, routed)           0.000    13.302    freq_gen2/counter10__13_n_0
    SLICE_X1Y113         CARRY4 (Prop_carry4_CI_CO[3])
                                                      0.114    13.416 r  freq_gen2/counter10__14/CO[3]
                         net (fo=1, routed)           0.000    13.416    freq_gen2/counter10__14_n_0
    SLICE_X1Y114         CARRY4 (Prop_carry4_CI_CO[0])
                                                      0.271    13.687 r  freq_gen2/counter10__15/CO[0]
                         net (fo=21, routed)          0.613    14.300    freq_gen2/counter10__14_0[0]
    SLICE_X2Y113         CARRY4 (Prop_carry4_CYINIT_CO[3])
                                                      0.844    15.144 r  freq_gen2/counter10__16/CO[3]
                         net (fo=1, routed)           0.000    15.144    freq_gen2/counter10__16_n_0
    SLICE_X2Y114         CARRY4 (Prop_carry4_CI_CO[3])
                                                      0.117    15.261 r  freq_gen2/counter10__17/CO[3]
                         net (fo=1, routed)           0.000    15.261    freq_gen2/counter10__17_n_0
    SLICE_X2Y115         CARRY4 (Prop_carry4_CI_CO[3])
                                                      0.117    15.378 r  freq_gen2/counter10__18/CO[3]
                         net (fo=1, routed)           0.000    15.378    freq_gen2/counter10__18_n_0
    SLICE_X2Y116         CARRY4 (Prop_carry4_CI_CO[3])
                                                      0.117    15.495 r  freq_gen2/counter10__19/CO[3]
                         net (fo=1, routed)           0.000    15.495    freq_gen2/counter10__19_n_0
    SLICE_X2Y117         CARRY4 (Prop_carry4_CI_CO[1])
                                                      0.157    15.652 r  freq_gen2/counter10__20/CO[1]
                         net (fo=23, routed)          0.943    16.595    freq_gen2/counter10__20_i_1_0[0]
    SLICE_X1Y119         LUT3 (Prop_lut3_I0_O)        0.332    16.927 r  freq_gen2/counter10__24_i_4/O
                         net (fo=1, routed)           0.000    16.927    freq_gen2/counter10__24_i_4_n_0
    SLICE_X1Y119         CARRY4 (Prop_carry4_S[0]_CO[3])
                                                      0.532    17.459 r  freq_gen2/counter10__24/CO[3]
                         net (fo=1, routed)           0.000    17.459    freq_gen2/counter10__24_n_0
    SLICE_X1Y120         CARRY4 (Prop_carry4_CI_CO[1])
                                                      0.157    17.616 r  freq_gen2/counter10__25/CO[1]
                         net (fo=23, routed)          0.634    18.251    fsm_buzzer/counter10__26[0]
    SLICE_X0Y119         LUT2 (Prop_lut2_I1_O)        0.329    18.580 r  fsm_buzzer/counter10__26_i_3/O
                         net (fo=1, routed)           0.000    18.580    freq_gen2/counter10__31_0[0]
    SLICE_X0Y119         CARRY4 (Prop_carry4_S[1]_CO[3])
                                                      0.550    19.130 r  freq_gen2/counter10__26/CO[3]
                         net (fo=1, routed)           0.000    19.130    freq_gen2/counter10__26_n_0
    SLICE_X0Y120         CARRY4 (Prop_carry4_CI_CO[3])
                                                      0.114    19.244 r  freq_gen2/counter10__27/CO[3]
                         net (fo=1, routed)           0.000    19.244    freq_gen2/counter10__27_n_0
    SLICE_X0Y121         CARRY4 (Prop_carry4_CI_CO[3])
                                                      0.114    19.358 r  freq_gen2/counter10__28/CO[3]
                         net (fo=1, routed)           0.000    19.358    freq_gen2/counter10__28_n_0
    SLICE_X0Y122         CARRY4 (Prop_carry4_CI_CO[3])
                                                      0.114    19.472 r  freq_gen2/counter10__29/CO[3]
                         net (fo=1, routed)           0.000    19.472    freq_gen2/counter10__29_n_0
    SLICE_X0Y123         CARRY4 (Prop_carry4_CI_CO[1])
                                                      0.157    19.629 r  freq_gen2/counter10__30/CO[1]
                         net (fo=24, routed)          0.698    20.326    freq_gen2/counter10__30_i_2_0[0]
    SLICE_X1Y124         LUT3 (Prop_lut3_I0_O)        0.329    20.655 r  freq_gen2/counter10__32_i_4/O
                         net (fo=1, routed)           0.000    20.655    freq_gen2/counter10__32_i_4_n_0
    SLICE_X1Y124         CARRY4 (Prop_carry4_S[0]_CO[3])
                                                      0.532    21.187 r  freq_gen2/counter10__32/CO[3]
                         net (fo=1, routed)           0.009    21.196    freq_gen2/counter10__32_n_0
    SLICE_X1Y125         CARRY4 (Prop_carry4_CI_CO[3])
                                                      0.114    21.310 r  freq_gen2/counter10__33/CO[3]
                         net (fo=1, routed)           0.000    21.310    freq_gen2/counter10__33_n_0
    SLICE_X1Y126         CARRY4 (Prop_carry4_CI_CO[3])
                                                      0.114    21.424 r  freq_gen2/counter10__34/CO[3]
                         net (fo=1, routed)           0.000    21.424    freq_gen2/counter10__34_n_0
    SLICE_X1Y127         CARRY4 (Prop_carry4_CI_CO[1])
                                                      0.157    21.581 r  freq_gen2/counter10__35/CO[1]
                         net (fo=23, routed)          0.556    22.137    fsm_buzzer/counter10__36[0]
    SLICE_X2Y126         LUT2 (Prop_lut2_I1_O)        0.329    22.466 r  fsm_buzzer/counter10__36_i_3/O
                         net (fo=1, routed)           0.000    22.466    freq_gen2/counter10__41_0[0]
    SLICE_X2Y126         CARRY4 (Prop_carry4_S[1]_CO[3])
                                                      0.533    22.999 r  freq_gen2/counter10__36/CO[3]
                         net (fo=1, routed)           0.000    22.999    freq_gen2/counter10__36_n_0
    SLICE_X2Y127         CARRY4 (Prop_carry4_CI_CO[3])
                                                      0.117    23.116 r  freq_gen2/counter10__37/CO[3]
                         net (fo=1, routed)           0.000    23.116    freq_gen2/counter10__37_n_0
    SLICE_X2Y128         CARRY4 (Prop_carry4_CI_CO[3])
                                                      0.117    23.233 r  freq_gen2/counter10__38/CO[3]
                         net (fo=1, routed)           0.000    23.233    freq_gen2/counter10__38_n_0
    SLICE_X2Y129         CARRY4 (Prop_carry4_CI_CO[3])
                                                      0.117    23.350 r  freq_gen2/counter10__39/CO[3]
                         net (fo=1, routed)           0.000    23.350    freq_gen2/counter10__39_n_0
    SLICE_X2Y130         CARRY4 (Prop_carry4_CI_CO[1])
                                                      0.157    23.507 r  freq_gen2/counter10__40/CO[1]
                         net (fo=24, routed)          0.654    24.161    fsm_buzzer/counter10__41[0]
    SLICE_X0Y129         LUT2 (Prop_lut2_I1_O)        0.332    24.493 r  fsm_buzzer/counter10__41_i_4/O
                         net (fo=1, routed)           0.000    24.493    freq_gen2/counter10__46_1[0]
    SLICE_X0Y129         CARRY4 (Prop_carry4_S[1]_CO[3])
                                                      0.550    25.043 r  freq_gen2/counter10__41/CO[3]
                         net (fo=1, routed)           0.000    25.043    freq_gen2/counter10__41_n_0
    SLICE_X0Y130         CARRY4 (Prop_carry4_CI_CO[3])
                                                      0.114    25.157 r  freq_gen2/counter10__42/CO[3]
                         net (fo=1, routed)           0.000    25.157    freq_gen2/counter10__42_n_0
    SLICE_X0Y131         CARRY4 (Prop_carry4_CI_CO[3])
                                                      0.114    25.271 r  freq_gen2/counter10__43/CO[3]
                         net (fo=1, routed)           0.000    25.271    freq_gen2/counter10__43_n_0
    SLICE_X0Y132         CARRY4 (Prop_carry4_CI_CO[3])
                                                      0.114    25.385 r  freq_gen2/counter10__44/CO[3]
                         net (fo=1, routed)           0.000    25.385    freq_gen2/counter10__44_n_0
    SLICE_X0Y133         CARRY4 (Prop_carry4_CI_CO[1])
                                                      0.157    25.542 r  freq_gen2/counter10__45/CO[1]
                         net (fo=24, routed)          0.602    26.144    fsm_buzzer/counter10__46[15]
    SLICE_X1Y131         LUT2 (Prop_lut2_I1_O)        0.329    26.473 r  fsm_buzzer/counter10__46_i_3/O
                         net (fo=1, routed)           0.000    26.473    freq_gen2/counter10__51_0[0]
    SLICE_X1Y131         CARRY4 (Prop_carry4_S[1]_CO[3])
                                                      0.550    27.023 r  freq_gen2/counter10__46/CO[3]
                         net (fo=1, routed)           0.000    27.023    freq_gen2/counter10__46_n_0
    SLICE_X1Y132         CARRY4 (Prop_carry4_CI_CO[3])
                                                      0.114    27.137 r  freq_gen2/counter10__47/CO[3]
                         net (fo=1, routed)           0.000    27.137    freq_gen2/counter10__47_n_0
    SLICE_X1Y133         CARRY4 (Prop_carry4_CI_CO[3])
                                                      0.114    27.251 r  freq_gen2/counter10__48/CO[3]
                         net (fo=1, routed)           0.000    27.251    freq_gen2/counter10__48_n_0
    SLICE_X1Y134         CARRY4 (Prop_carry4_CI_CO[3])
                                                      0.114    27.365 r  freq_gen2/counter10__49/CO[3]
                         net (fo=1, routed)           0.000    27.365    freq_gen2/counter10__49_n_0
    SLICE_X1Y135         CARRY4 (Prop_carry4_CI_CO[1])
                                                      0.157    27.522 r  freq_gen2/counter10__50/CO[1]
                         net (fo=24, routed)          0.540    28.062    fsm_buzzer/counter10__46[14]
    SLICE_X2Y134         LUT2 (Prop_lut2_I1_O)        0.329    28.391 r  fsm_buzzer/counter10__51_i_3/O
                         net (fo=1, routed)           0.000    28.391    freq_gen2/counter10__56_0[0]
    SLICE_X2Y134         CARRY4 (Prop_carry4_S[1]_CO[3])
                                                      0.533    28.924 r  freq_gen2/counter10__51/CO[3]
                         net (fo=1, routed)           0.000    28.924    freq_gen2/counter10__51_n_0
    SLICE_X2Y135         CARRY4 (Prop_carry4_CI_CO[3])
                                                      0.117    29.041 r  freq_gen2/counter10__52/CO[3]
                         net (fo=1, routed)           0.000    29.041    freq_gen2/counter10__52_n_0
    SLICE_X2Y136         CARRY4 (Prop_carry4_CI_CO[3])
                                                      0.117    29.158 r  freq_gen2/counter10__53/CO[3]
                         net (fo=1, routed)           0.000    29.158    freq_gen2/counter10__53_n_0
    SLICE_X2Y137         CARRY4 (Prop_carry4_CI_CO[3])
                                                      0.117    29.275 r  freq_gen2/counter10__54/CO[3]
                         net (fo=1, routed)           0.000    29.275    freq_gen2/counter10__54_n_0
    SLICE_X2Y138         CARRY4 (Prop_carry4_CI_CO[1])
                                                      0.157    29.432 r  freq_gen2/counter10__55/CO[1]
                         net (fo=24, routed)          0.710    30.141    freq_gen2/counter10__45_i_2_0[13]
    SLICE_X6Y137         CARRY4 (Prop_carry4_CYINIT_CO[3])
                                                      0.803    30.944 r  freq_gen2/counter10__56/CO[3]
                         net (fo=1, routed)           0.000    30.944    freq_gen2/counter10__56_n_0
    SLICE_X6Y138         CARRY4 (Prop_carry4_CI_CO[3])
                                                      0.117    31.061 r  freq_gen2/counter10__57/CO[3]
                         net (fo=1, routed)           0.000    31.061    freq_gen2/counter10__57_n_0
    SLICE_X6Y139         CARRY4 (Prop_carry4_CI_CO[3])
                                                      0.117    31.178 r  freq_gen2/counter10__58/CO[3]
                         net (fo=1, routed)           0.000    31.178    freq_gen2/counter10__58_n_0
    SLICE_X6Y140         CARRY4 (Prop_carry4_CI_CO[3])
                                                      0.117    31.295 r  freq_gen2/counter10__59/CO[3]
                         net (fo=1, routed)           0.000    31.295    freq_gen2/counter10__59_n_0
    SLICE_X6Y141         CARRY4 (Prop_carry4_CI_CO[1])
                                                      0.157    31.452 r  freq_gen2/counter10__60/CO[1]
                         net (fo=24, routed)          0.769    32.222    fsm_buzzer/counter10__46[12]
    SLICE_X9Y139         LUT2 (Prop_lut2_I1_O)        0.332    32.554 r  fsm_buzzer/counter10__61_i_3/O
                         net (fo=1, routed)           0.000    32.554    freq_gen2/counter10__66_0[0]
    SLICE_X9Y139         CARRY4 (Prop_carry4_S[1]_CO[3])
                                                      0.550    33.104 r  freq_gen2/counter10__61/CO[3]
                         net (fo=1, routed)           0.000    33.104    freq_gen2/counter10__61_n_0
    SLICE_X9Y140         CARRY4 (Prop_carry4_CI_CO[3])
                                                      0.114    33.218 r  freq_gen2/counter10__62/CO[3]
                         net (fo=1, routed)           0.000    33.218    freq_gen2/counter10__62_n_0
    SLICE_X9Y141         CARRY4 (Prop_carry4_CI_CO[3])
                                                      0.114    33.332 r  freq_gen2/counter10__63/CO[3]
                         net (fo=1, routed)           0.000    33.332    freq_gen2/counter10__63_n_0
    SLICE_X9Y142         CARRY4 (Prop_carry4_CI_CO[3])
                                                      0.114    33.446 r  freq_gen2/counter10__64/CO[3]
                         net (fo=1, routed)           0.000    33.446    freq_gen2/counter10__64_n_0
    SLICE_X9Y143         CARRY4 (Prop_carry4_CI_CO[1])
                                                      0.157    33.603 r  freq_gen2/counter10__65/CO[1]
                         net (fo=25, routed)          0.893    34.496    fsm_buzzer/counter10__46[11]
    SLICE_X10Y139        LUT2 (Prop_lut2_I1_O)        0.329    34.825 r  fsm_buzzer/counter10__66_i_4/O
                         net (fo=1, routed)           0.000    34.825    freq_gen2/counter10__71_1[0]
    SLICE_X10Y139        CARRY4 (Prop_carry4_S[1]_CO[3])
                                                      0.533    35.358 r  freq_gen2/counter10__66/CO[3]
                         net (fo=1, routed)           0.000    35.358    freq_gen2/counter10__66_n_0
    SLICE_X10Y140        CARRY4 (Prop_carry4_CI_CO[3])
                                                      0.117    35.475 r  freq_gen2/counter10__67/CO[3]
                         net (fo=1, routed)           0.000    35.475    freq_gen2/counter10__67_n_0
    SLICE_X10Y141        CARRY4 (Prop_carry4_CI_CO[3])
                                                      0.117    35.592 r  freq_gen2/counter10__68/CO[3]
                         net (fo=1, routed)           0.000    35.592    freq_gen2/counter10__68_n_0
    SLICE_X10Y142        CARRY4 (Prop_carry4_CI_CO[3])
                                                      0.117    35.709 r  freq_gen2/counter10__69/CO[3]
                         net (fo=1, routed)           0.000    35.709    freq_gen2/counter10__69_n_0
    SLICE_X10Y143        CARRY4 (Prop_carry4_CI_CO[1])
                                                      0.157    35.866 r  freq_gen2/counter10__70/CO[1]
                         net (fo=25, routed)          0.694    36.560    fsm_buzzer/counter10__46[10]
    SLICE_X11Y142        LUT2 (Prop_lut2_I1_O)        0.332    36.892 r  fsm_buzzer/counter10__71_i_4/O
                         net (fo=1, routed)           0.000    36.892    freq_gen2/counter10__76_1[0]
    SLICE_X11Y142        CARRY4 (Prop_carry4_S[1]_CO[3])
                                                      0.550    37.442 r  freq_gen2/counter10__71/CO[3]
                         net (fo=1, routed)           0.000    37.442    freq_gen2/counter10__71_n_0
    SLICE_X11Y143        CARRY4 (Prop_carry4_CI_CO[3])
                                                      0.114    37.556 r  freq_gen2/counter10__72/CO[3]
                         net (fo=1, routed)           0.000    37.556    freq_gen2/counter10__72_n_0
    SLICE_X11Y144        CARRY4 (Prop_carry4_CI_CO[3])
                                                      0.114    37.670 r  freq_gen2/counter10__73/CO[3]
                         net (fo=1, routed)           0.000    37.670    freq_gen2/counter10__73_n_0
    SLICE_X11Y145        CARRY4 (Prop_carry4_CI_CO[3])
                                                      0.114    37.784 r  freq_gen2/counter10__74/CO[3]
                         net (fo=1, routed)           0.000    37.784    freq_gen2/counter10__74_n_0
    SLICE_X11Y146        CARRY4 (Prop_carry4_CI_CO[1])
                                                      0.157    37.941 r  freq_gen2/counter10__75/CO[1]
                         net (fo=25, routed)          0.707    38.648    fsm_buzzer/counter10__46[9]
    SLICE_X10Y144        LUT2 (Prop_lut2_I1_O)        0.329    38.977 r  fsm_buzzer/counter10__76_i_4/O
                         net (fo=1, routed)           0.000    38.977    freq_gen2/counter10__81_1[0]
    SLICE_X10Y144        CARRY4 (Prop_carry4_S[1]_CO[3])
                                                      0.533    39.510 r  freq_gen2/counter10__76/CO[3]
                         net (fo=1, routed)           0.000    39.510    freq_gen2/counter10__76_n_0
    SLICE_X10Y145        CARRY4 (Prop_carry4_CI_CO[3])
                                                      0.117    39.627 r  freq_gen2/counter10__77/CO[3]
                         net (fo=1, routed)           0.000    39.627    freq_gen2/counter10__77_n_0
    SLICE_X10Y146        CARRY4 (Prop_carry4_CI_CO[3])
                                                      0.117    39.744 r  freq_gen2/counter10__78/CO[3]
                         net (fo=1, routed)           0.000    39.744    freq_gen2/counter10__78_n_0
    SLICE_X10Y147        CARRY4 (Prop_carry4_CI_CO[3])
                                                      0.117    39.861 r  freq_gen2/counter10__79/CO[3]
                         net (fo=1, routed)           0.000    39.861    freq_gen2/counter10__79_n_0
    SLICE_X10Y148        CARRY4 (Prop_carry4_CI_CO[1])
                                                      0.157    40.018 r  freq_gen2/counter10__80/CO[1]
                         net (fo=25, routed)          0.738    40.756    fsm_buzzer/counter10__46[8]
    SLICE_X9Y144         LUT2 (Prop_lut2_I1_O)        0.332    41.088 r  fsm_buzzer/counter10__81_i_4/O
                         net (fo=1, routed)           0.000    41.088    freq_gen2/counter10__86_1[0]
    SLICE_X9Y144         CARRY4 (Prop_carry4_S[1]_CO[3])
                                                      0.550    41.638 r  freq_gen2/counter10__81/CO[3]
                         net (fo=1, routed)           0.000    41.638    freq_gen2/counter10__81_n_0
    SLICE_X9Y145         CARRY4 (Prop_carry4_CI_CO[3])
                                                      0.114    41.752 r  freq_gen2/counter10__82/CO[3]
                         net (fo=1, routed)           0.000    41.752    freq_gen2/counter10__82_n_0
    SLICE_X9Y146         CARRY4 (Prop_carry4_CI_CO[3])
                                                      0.114    41.866 r  freq_gen2/counter10__83/CO[3]
                         net (fo=1, routed)           0.000    41.866    freq_gen2/counter10__83_n_0
    SLICE_X9Y147         CARRY4 (Prop_carry4_CI_CO[3])
                                                      0.114    41.980 r  freq_gen2/counter10__84/CO[3]
                         net (fo=1, routed)           0.000    41.980    freq_gen2/counter10__84_n_0
    SLICE_X9Y148         CARRY4 (Prop_carry4_CI_CO[1])
                                                      0.157    42.137 r  freq_gen2/counter10__85/CO[1]
                         net (fo=24, routed)          0.858    42.995    fsm_buzzer/counter10__46[7]
    SLICE_X7Y144         LUT2 (Prop_lut2_I1_O)        0.329    43.324 r  fsm_buzzer/counter10__86_i_3/O
                         net (fo=1, routed)           0.000    43.324    freq_gen2/counter10__91_0[0]
    SLICE_X7Y144         CARRY4 (Prop_carry4_S[1]_CO[3])
                                                      0.550    43.874 r  freq_gen2/counter10__86/CO[3]
                         net (fo=1, routed)           0.000    43.874    freq_gen2/counter10__86_n_0
    SLICE_X7Y145         CARRY4 (Prop_carry4_CI_CO[3])
                                                      0.114    43.988 r  freq_gen2/counter10__87/CO[3]
                         net (fo=1, routed)           0.000    43.988    freq_gen2/counter10__87_n_0
    SLICE_X7Y146         CARRY4 (Prop_carry4_CI_CO[3])
                                                      0.114    44.102 r  freq_gen2/counter10__88/CO[3]
                         net (fo=1, routed)           0.000    44.102    freq_gen2/counter10__88_n_0
    SLICE_X7Y147         CARRY4 (Prop_carry4_CI_CO[3])
                                                      0.114    44.216 r  freq_gen2/counter10__89/CO[3]
                         net (fo=1, routed)           0.000    44.216    freq_gen2/counter10__89_n_0
    SLICE_X7Y148         CARRY4 (Prop_carry4_CI_CO[1])
                                                      0.157    44.373 r  freq_gen2/counter10__90/CO[1]
                         net (fo=25, routed)          0.829    45.202    fsm_buzzer/counter10__46[6]
    SLICE_X6Y144         LUT2 (Prop_lut2_I1_O)        0.329    45.531 r  fsm_buzzer/counter10__91_i_4/O
                         net (fo=1, routed)           0.000    45.531    freq_gen2/counter10__96_1[0]
    SLICE_X6Y144         CARRY4 (Prop_carry4_S[1]_CO[3])
                                                      0.533    46.064 r  freq_gen2/counter10__91/CO[3]
                         net (fo=1, routed)           0.000    46.064    freq_gen2/counter10__91_n_0
    SLICE_X6Y145         CARRY4 (Prop_carry4_CI_CO[3])
                                                      0.117    46.181 r  freq_gen2/counter10__92/CO[3]
                         net (fo=1, routed)           0.000    46.181    freq_gen2/counter10__92_n_0
    SLICE_X6Y146         CARRY4 (Prop_carry4_CI_CO[3])
                                                      0.117    46.298 r  freq_gen2/counter10__93/CO[3]
                         net (fo=1, routed)           0.000    46.298    freq_gen2/counter10__93_n_0
    SLICE_X6Y147         CARRY4 (Prop_carry4_CI_CO[3])
                                                      0.117    46.415 r  freq_gen2/counter10__94/CO[3]
                         net (fo=1, routed)           0.000    46.415    freq_gen2/counter10__94_n_0
    SLICE_X6Y148         CARRY4 (Prop_carry4_CI_CO[1])
                                                      0.157    46.572 r  freq_gen2/counter10__95/CO[1]
                         net (fo=25, routed)          0.952    47.524    fsm_buzzer/counter10__46[5]
    SLICE_X4Y140         LUT2 (Prop_lut2_I1_O)        0.332    47.856 r  fsm_buzzer/counter10__96_i_4/O
                         net (fo=1, routed)           0.000    47.856    freq_gen2/counter10__101_1[0]
    SLICE_X4Y140         CARRY4 (Prop_carry4_S[1]_CO[3])
                                                      0.550    48.406 r  freq_gen2/counter10__96/CO[3]
                         net (fo=1, routed)           0.000    48.406    freq_gen2/counter10__96_n_0
    SLICE_X4Y141         CARRY4 (Prop_carry4_CI_CO[3])
                                                      0.114    48.520 r  freq_gen2/counter10__97/CO[3]
                         net (fo=1, routed)           0.000    48.520    freq_gen2/counter10__97_n_0
    SLICE_X4Y142         CARRY4 (Prop_carry4_CI_CO[3])
                                                      0.114    48.634 r  freq_gen2/counter10__98/CO[3]
                         net (fo=1, routed)           0.000    48.634    freq_gen2/counter10__98_n_0
    SLICE_X4Y143         CARRY4 (Prop_carry4_CI_CO[3])
                                                      0.114    48.748 r  freq_gen2/counter10__99/CO[3]
                         net (fo=1, routed)           0.000    48.748    freq_gen2/counter10__99_n_0
    SLICE_X4Y144         CARRY4 (Prop_carry4_CI_CO[1])
                                                      0.157    48.905 r  freq_gen2/counter10__100/CO[1]
                         net (fo=25, routed)          0.500    49.406    fsm_buzzer/counter10__46[4]
    SLICE_X5Y144         LUT2 (Prop_lut2_I1_O)        0.329    49.735 r  fsm_buzzer/counter10__101_i_4/O
                         net (fo=1, routed)           0.000    49.735    freq_gen2/counter10__106_1[0]
    SLICE_X5Y144         CARRY4 (Prop_carry4_S[1]_CO[3])
                                                      0.550    50.285 r  freq_gen2/counter10__101/CO[3]
                         net (fo=1, routed)           0.000    50.285    freq_gen2/counter10__101_n_0
    SLICE_X5Y145         CARRY4 (Prop_carry4_CI_CO[3])
                                                      0.114    50.399 r  freq_gen2/counter10__102/CO[3]
                         net (fo=1, routed)           0.000    50.399    freq_gen2/counter10__102_n_0
    SLICE_X5Y146         CARRY4 (Prop_carry4_CI_CO[3])
                                                      0.114    50.513 r  freq_gen2/counter10__103/CO[3]
                         net (fo=1, routed)           0.000    50.513    freq_gen2/counter10__103_n_0
    SLICE_X5Y147         CARRY4 (Prop_carry4_CI_CO[3])
                                                      0.114    50.627 r  freq_gen2/counter10__104/CO[3]
                         net (fo=1, routed)           0.000    50.627    freq_gen2/counter10__104_n_0
    SLICE_X5Y148         CARRY4 (Prop_carry4_CI_CO[1])
                                                      0.157    50.784 r  freq_gen2/counter10__105/CO[1]
                         net (fo=25, routed)          0.901    51.685    fsm_buzzer/counter10__46[3]
    SLICE_X4Y145         LUT2 (Prop_lut2_I1_O)        0.329    52.014 r  fsm_buzzer/counter10__106_i_4/O
                         net (fo=1, routed)           0.000    52.014    freq_gen2/counter10__111_1[0]
    SLICE_X4Y145         CARRY4 (Prop_carry4_S[1]_CO[3])
                                                      0.550    52.564 r  freq_gen2/counter10__106/CO[3]
                         net (fo=1, routed)           0.000    52.564    freq_gen2/counter10__106_n_0
    SLICE_X4Y146         CARRY4 (Prop_carry4_CI_CO[3])
                                                      0.114    52.678 r  freq_gen2/counter10__107/CO[3]
                         net (fo=1, routed)           0.000    52.678    freq_gen2/counter10__107_n_0
    SLICE_X4Y147         CARRY4 (Prop_carry4_CI_CO[3])
                                                      0.114    52.792 r  freq_gen2/counter10__108/CO[3]
                         net (fo=1, routed)           0.000    52.792    freq_gen2/counter10__108_n_0
    SLICE_X4Y148         CARRY4 (Prop_carry4_CI_CO[3])
                                                      0.114    52.906 r  freq_gen2/counter10__109/CO[3]
                         net (fo=1, routed)           0.000    52.906    freq_gen2/counter10__109_n_0
    SLICE_X4Y149         CARRY4 (Prop_carry4_CI_CO[1])
                                                      0.157    53.063 r  freq_gen2/counter10__110/CO[1]
                         net (fo=25, routed)          0.912    53.974    freq_gen2/counter10__45_i_2_0[2]
    SLICE_X2Y143         LUT2 (Prop_lut2_I1_O)        0.322    54.296 r  freq_gen2/counter1[3]_i_1/O
                         net (fo=1, routed)           0.000    54.296    freq_gen2/p_1_in[3]
    SLICE_X2Y143         FDCE                                         r  freq_gen2/counter1_reg[3]/D
  -------------------------------------------------------------------    -------------------

                         (clock sys_clk_pin rise edge)
                                                     10.000    10.000 r  
    W5                                                0.000    10.000 r  sysclk (IN)
                         net (fo=0)                   0.000    10.000    sysclk
    W5                   IBUF (Prop_ibuf_I_O)         1.388    11.388 r  sysclk_IBUF_inst/O
                         net (fo=1, routed)           1.862    13.250    sysclk_IBUF
    BUFGCTRL_X0Y0        BUFG (Prop_bufg_I_O)         0.091    13.341 r  sysclk_IBUF_BUFG_inst/O
                         net (fo=130, routed)         1.683    15.024    freq_gen2/CLK
    SLICE_X2Y143         FDCE                                         r  freq_gen2/counter1_reg[3]/C
                         clock pessimism              0.267    15.291    
                         clock uncertainty           -0.035    15.256    
    SLICE_X2Y143         FDCE (Setup_fdce_C_D)        0.118    15.374    freq_gen2/counter1_reg[3]
  -------------------------------------------------------------------
                         required time                         15.374    
                         arrival time                         -54.296    
  -------------------------------------------------------------------
                         slack                                -38.923    

Slack (VIOLATED) :        -36.769ns  (required time - arrival time)
  Source:                 fsm_buzzer/r_freq_reg[0]_replica/C
                            (rising edge-triggered cell FDRE clocked by sys_clk_pin  {rise@0.000ns fall@5.000ns period=10.000ns})
  Destination:            freq_gen2/counter1_reg[4]/D
                            (rising edge-triggered cell FDCE clocked by sys_clk_pin  {rise@0.000ns fall@5.000ns period=10.000ns})
  Path Group:             sys_clk_pin
  Path Type:              Setup (Max at Slow Process Corner)
  Requirement:            10.000ns  (sys_clk_pin rise@10.000ns - sys_clk_pin rise@0.000ns)
  Data Path Delay:        46.725ns  (logic 29.764ns (63.701%)  route 16.961ns (36.299%))
  Logic Levels:           121  (CARRY4=102 LUT2=16 LUT3=3)
  Clock Path Skew:        -0.040ns (DCD - SCD + CPR)
    Destination Clock Delay (DCD):    5.022ns = ( 15.022 - 10.000 ) 
    Source Clock Delay      (SCD):    5.329ns
    Clock Pessimism Removal (CPR):    0.267ns
  Clock Uncertainty:      0.035ns  ((TSJ^2 + TIJ^2)^1/2 + DJ) / 2 + PE
    Total System Jitter     (TSJ):    0.071ns
    Total Input Jitter      (TIJ):    0.000ns
    Discrete Jitter          (DJ):    0.000ns
    Phase Error              (PE):    0.000ns

    Location             Delay type                Incr(ns)  Path(ns)    Netlist Resource(s)
  -------------------------------------------------------------------    -------------------
                         (clock sys_clk_pin rise edge)
                                                      0.000     0.000 r  
    W5                                                0.000     0.000 r  sysclk (IN)
                         net (fo=0)                   0.000     0.000    sysclk
    W5                   IBUF (Prop_ibuf_I_O)         1.458     1.458 r  sysclk_IBUF_inst/O
                         net (fo=1, routed)           1.967     3.425    sysclk_IBUF
    BUFGCTRL_X0Y0        BUFG (Prop_bufg_I_O)         0.096     3.521 r  sysclk_IBUF_BUFG_inst/O
                         net (fo=130, routed)         1.808     5.329    fsm_buzzer/CLK
    SLICE_X1Y107         FDRE                                         r  fsm_buzzer/r_freq_reg[0]_replica/C
  -------------------------------------------------------------------    -------------------
    SLICE_X1Y107         FDRE (Prop_fdre_C_Q)         0.456     5.785 r  fsm_buzzer/r_freq_reg[0]_replica/Q
                         net (fo=6, routed)           0.446     6.231    freq_gen2/Q[0]_repN_alias
    SLICE_X2Y108         CARRY4 (Prop_carry4_S[0]_CO[3])
                                                      0.637     6.868 r  freq_gen2/counter10/CO[3]
                         net (fo=1, routed)           0.000     6.868    freq_gen2/counter10_n_0
    SLICE_X2Y109         CARRY4 (Prop_carry4_CI_CO[3])
                                                      0.117     6.985 r  freq_gen2/counter10__0/CO[3]
                         net (fo=1, routed)           0.000     6.985    freq_gen2/counter10__0_n_0
    SLICE_X2Y110         CARRY4 (Prop_carry4_CI_CO[3])
                                                      0.117     7.102 r  freq_gen2/counter10__1/CO[3]
                         net (fo=1, routed)           0.000     7.102    freq_gen2/counter10__1_n_0
    SLICE_X2Y111         CARRY4 (Prop_carry4_CI_CO[0])
                                                      0.254     7.356 r  freq_gen2/counter10__2/CO[0]
                         net (fo=16, routed)          0.937     8.293    fsm_buzzer/CO[0]
    SLICE_X0Y107         LUT2 (Prop_lut2_I1_O)        0.367     8.660 r  fsm_buzzer/counter10__3_i_4/O
                         net (fo=1, routed)           0.000     8.660    freq_gen2/counter10__7_1[0]
    SLICE_X0Y107         CARRY4 (Prop_carry4_S[1]_CO[3])
                                                      0.550     9.210 r  freq_gen2/counter10__3/CO[3]
                         net (fo=1, routed)           0.000     9.210    freq_gen2/counter10__3_n_0
    SLICE_X0Y108         CARRY4 (Prop_carry4_CI_CO[3])
                                                      0.114     9.324 r  freq_gen2/counter10__4/CO[3]
                         net (fo=1, routed)           0.000     9.324    freq_gen2/counter10__4_n_0
    SLICE_X0Y109         CARRY4 (Prop_carry4_CI_CO[3])
                                                      0.114     9.438 r  freq_gen2/counter10__5/CO[3]
                         net (fo=1, routed)           0.000     9.438    freq_gen2/counter10__5_n_0
    SLICE_X0Y110         CARRY4 (Prop_carry4_CI_CO[2])
                                                      0.228     9.666 r  freq_gen2/counter10__6/CO[2]
                         net (fo=17, routed)          0.666    10.332    freq_gen2/r_freq_reg[3][0]
    SLICE_X0Y112         LUT3 (Prop_lut3_I0_O)        0.313    10.645 r  freq_gen2/counter10__8_i_3/O
                         net (fo=1, routed)           0.000    10.645    freq_gen2/counter10__8_i_3_n_0
    SLICE_X0Y112         CARRY4 (Prop_carry4_S[1]_CO[3])
                                                      0.550    11.195 r  freq_gen2/counter10__8/CO[3]
                         net (fo=1, routed)           0.000    11.195    freq_gen2/counter10__8_n_0
    SLICE_X0Y113         CARRY4 (Prop_carry4_CI_CO[3])
                                                      0.114    11.309 r  freq_gen2/counter10__9/CO[3]
                         net (fo=1, routed)           0.000    11.309    freq_gen2/counter10__9_n_0
    SLICE_X0Y114         CARRY4 (Prop_carry4_CI_CO[3])
                                                      0.114    11.423 r  freq_gen2/counter10__10/CO[3]
                         net (fo=19, routed)          1.071    12.494    freq_gen2/r_freq_reg[3]_0[0]
    SLICE_X1Y110         CARRY4 (Prop_carry4_CYINIT_CO[3])
                                                      0.580    13.074 r  freq_gen2/counter10__11/CO[3]
                         net (fo=1, routed)           0.000    13.074    freq_gen2/counter10__11_n_0
    SLICE_X1Y111         CARRY4 (Prop_carry4_CI_CO[3])
                                                      0.114    13.188 r  freq_gen2/counter10__12/CO[3]
                         net (fo=1, routed)           0.000    13.188    freq_gen2/counter10__12_n_0
    SLICE_X1Y112         CARRY4 (Prop_carry4_CI_CO[3])
                                                      0.114    13.302 r  freq_gen2/counter10__13/CO[3]
                         net (fo=1, routed)           0.000    13.302    freq_gen2/counter10__13_n_0
    SLICE_X1Y113         CARRY4 (Prop_carry4_CI_CO[3])
                                                      0.114    13.416 r  freq_gen2/counter10__14/CO[3]
                         net (fo=1, routed)           0.000    13.416    freq_gen2/counter10__14_n_0
    SLICE_X1Y114         CARRY4 (Prop_carry4_CI_CO[0])
                                                      0.271    13.687 r  freq_gen2/counter10__15/CO[0]
                         net (fo=21, routed)          0.613    14.300    freq_gen2/counter10__14_0[0]
    SLICE_X2Y113         CARRY4 (Prop_carry4_CYINIT_CO[3])
                                                      0.844    15.144 r  freq_gen2/counter10__16/CO[3]
                         net (fo=1, routed)           0.000    15.144    freq_gen2/counter10__16_n_0
    SLICE_X2Y114         CARRY4 (Prop_carry4_CI_CO[3])
                                                      0.117    15.261 r  freq_gen2/counter10__17/CO[3]
                         net (fo=1, routed)           0.000    15.261    freq_gen2/counter10__17_n_0
    SLICE_X2Y115         CARRY4 (Prop_carry4_CI_CO[3])
                                                      0.117    15.378 r  freq_gen2/counter10__18/CO[3]
                         net (fo=1, routed)           0.000    15.378    freq_gen2/counter10__18_n_0
    SLICE_X2Y116         CARRY4 (Prop_carry4_CI_CO[3])
                                                      0.117    15.495 r  freq_gen2/counter10__19/CO[3]
                         net (fo=1, routed)           0.000    15.495    freq_gen2/counter10__19_n_0
    SLICE_X2Y117         CARRY4 (Prop_carry4_CI_CO[1])
                                                      0.157    15.652 r  freq_gen2/counter10__20/CO[1]
                         net (fo=23, routed)          0.943    16.595    freq_gen2/counter10__20_i_1_0[0]
    SLICE_X1Y119         LUT3 (Prop_lut3_I0_O)        0.332    16.927 r  freq_gen2/counter10__24_i_4/O
                         net (fo=1, routed)           0.000    16.927    freq_gen2/counter10__24_i_4_n_0
    SLICE_X1Y119         CARRY4 (Prop_carry4_S[0]_CO[3])
                                                      0.532    17.459 r  freq_gen2/counter10__24/CO[3]
                         net (fo=1, routed)           0.000    17.459    freq_gen2/counter10__24_n_0
    SLICE_X1Y120         CARRY4 (Prop_carry4_CI_CO[1])
                                                      0.157    17.616 r  freq_gen2/counter10__25/CO[1]
                         net (fo=23, routed)          0.634    18.251    fsm_buzzer/counter10__26[0]
    SLICE_X0Y119         LUT2 (Prop_lut2_I1_O)        0.329    18.580 r  fsm_buzzer/counter10__26_i_3/O
                         net (fo=1, routed)           0.000    18.580    freq_gen2/counter10__31_0[0]
    SLICE_X0Y119         CARRY4 (Prop_carry4_S[1]_CO[3])
                                                      0.550    19.130 r  freq_gen2/counter10__26/CO[3]
                         net (fo=1, routed)           0.000    19.130    freq_gen2/counter10__26_n_0
    SLICE_X0Y120         CARRY4 (Prop_carry4_CI_CO[3])
                                                      0.114    19.244 r  freq_gen2/counter10__27/CO[3]
                         net (fo=1, routed)           0.000    19.244    freq_gen2/counter10__27_n_0
    SLICE_X0Y121         CARRY4 (Prop_carry4_CI_CO[3])
                                                      0.114    19.358 r  freq_gen2/counter10__28/CO[3]
                         net (fo=1, routed)           0.000    19.358    freq_gen2/counter10__28_n_0
    SLICE_X0Y122         CARRY4 (Prop_carry4_CI_CO[3])
                                                      0.114    19.472 r  freq_gen2/counter10__29/CO[3]
                         net (fo=1, routed)           0.000    19.472    freq_gen2/counter10__29_n_0
    SLICE_X0Y123         CARRY4 (Prop_carry4_CI_CO[1])
                                                      0.157    19.629 r  freq_gen2/counter10__30/CO[1]
                         net (fo=24, routed)          0.698    20.326    freq_gen2/counter10__30_i_2_0[0]
    SLICE_X1Y124         LUT3 (Prop_lut3_I0_O)        0.329    20.655 r  freq_gen2/counter10__32_i_4/O
                         net (fo=1, routed)           0.000    20.655    freq_gen2/counter10__32_i_4_n_0
    SLICE_X1Y124         CARRY4 (Prop_carry4_S[0]_CO[3])
                                                      0.532    21.187 r  freq_gen2/counter10__32/CO[3]
                         net (fo=1, routed)           0.009    21.196    freq_gen2/counter10__32_n_0
    SLICE_X1Y125         CARRY4 (Prop_carry4_CI_CO[3])
                                                      0.114    21.310 r  freq_gen2/counter10__33/CO[3]
                         net (fo=1, routed)           0.000    21.310    freq_gen2/counter10__33_n_0
    SLICE_X1Y126         CARRY4 (Prop_carry4_CI_CO[3])
                                                      0.114    21.424 r  freq_gen2/counter10__34/CO[3]
                         net (fo=1, routed)           0.000    21.424    freq_gen2/counter10__34_n_0
    SLICE_X1Y127         CARRY4 (Prop_carry4_CI_CO[1])
                                                      0.157    21.581 r  freq_gen2/counter10__35/CO[1]
                         net (fo=23, routed)          0.556    22.137    fsm_buzzer/counter10__36[0]
    SLICE_X2Y126         LUT2 (Prop_lut2_I1_O)        0.329    22.466 r  fsm_buzzer/counter10__36_i_3/O
                         net (fo=1, routed)           0.000    22.466    freq_gen2/counter10__41_0[0]
    SLICE_X2Y126         CARRY4 (Prop_carry4_S[1]_CO[3])
                                                      0.533    22.999 r  freq_gen2/counter10__36/CO[3]
                         net (fo=1, routed)           0.000    22.999    freq_gen2/counter10__36_n_0
    SLICE_X2Y127         CARRY4 (Prop_carry4_CI_CO[3])
                                                      0.117    23.116 r  freq_gen2/counter10__37/CO[3]
                         net (fo=1, routed)           0.000    23.116    freq_gen2/counter10__37_n_0
    SLICE_X2Y128         CARRY4 (Prop_carry4_CI_CO[3])
                                                      0.117    23.233 r  freq_gen2/counter10__38/CO[3]
                         net (fo=1, routed)           0.000    23.233    freq_gen2/counter10__38_n_0
    SLICE_X2Y129         CARRY4 (Prop_carry4_CI_CO[3])
                                                      0.117    23.350 r  freq_gen2/counter10__39/CO[3]
                         net (fo=1, routed)           0.000    23.350    freq_gen2/counter10__39_n_0
    SLICE_X2Y130         CARRY4 (Prop_carry4_CI_CO[1])
                                                      0.157    23.507 r  freq_gen2/counter10__40/CO[1]
                         net (fo=24, routed)          0.654    24.161    fsm_buzzer/counter10__41[0]
    SLICE_X0Y129         LUT2 (Prop_lut2_I1_O)        0.332    24.493 r  fsm_buzzer/counter10__41_i_4/O
                         net (fo=1, routed)           0.000    24.493    freq_gen2/counter10__46_1[0]
    SLICE_X0Y129         CARRY4 (Prop_carry4_S[1]_CO[3])
                                                      0.550    25.043 r  freq_gen2/counter10__41/CO[3]
                         net (fo=1, routed)           0.000    25.043    freq_gen2/counter10__41_n_0
    SLICE_X0Y130         CARRY4 (Prop_carry4_CI_CO[3])
                                                      0.114    25.157 r  freq_gen2/counter10__42/CO[3]
                         net (fo=1, routed)           0.000    25.157    freq_gen2/counter10__42_n_0
    SLICE_X0Y131         CARRY4 (Prop_carry4_CI_CO[3])
                                                      0.114    25.271 r  freq_gen2/counter10__43/CO[3]
                         net (fo=1, routed)           0.000    25.271    freq_gen2/counter10__43_n_0
    SLICE_X0Y132         CARRY4 (Prop_carry4_CI_CO[3])
                                                      0.114    25.385 r  freq_gen2/counter10__44/CO[3]
                         net (fo=1, routed)           0.000    25.385    freq_gen2/counter10__44_n_0
    SLICE_X0Y133         CARRY4 (Prop_carry4_CI_CO[1])
                                                      0.157    25.542 r  freq_gen2/counter10__45/CO[1]
                         net (fo=24, routed)          0.602    26.144    fsm_buzzer/counter10__46[15]
    SLICE_X1Y131         LUT2 (Prop_lut2_I1_O)        0.329    26.473 r  fsm_buzzer/counter10__46_i_3/O
                         net (fo=1, routed)           0.000    26.473    freq_gen2/counter10__51_0[0]
    SLICE_X1Y131         CARRY4 (Prop_carry4_S[1]_CO[3])
                                                      0.550    27.023 r  freq_gen2/counter10__46/CO[3]
                         net (fo=1, routed)           0.000    27.023    freq_gen2/counter10__46_n_0
    SLICE_X1Y132         CARRY4 (Prop_carry4_CI_CO[3])
                                                      0.114    27.137 r  freq_gen2/counter10__47/CO[3]
                         net (fo=1, routed)           0.000    27.137    freq_gen2/counter10__47_n_0
    SLICE_X1Y133         CARRY4 (Prop_carry4_CI_CO[3])
                                                      0.114    27.251 r  freq_gen2/counter10__48/CO[3]
                         net (fo=1, routed)           0.000    27.251    freq_gen2/counter10__48_n_0
    SLICE_X1Y134         CARRY4 (Prop_carry4_CI_CO[3])
                                                      0.114    27.365 r  freq_gen2/counter10__49/CO[3]
                         net (fo=1, routed)           0.000    27.365    freq_gen2/counter10__49_n_0
    SLICE_X1Y135         CARRY4 (Prop_carry4_CI_CO[1])
                                                      0.157    27.522 r  freq_gen2/counter10__50/CO[1]
                         net (fo=24, routed)          0.540    28.062    fsm_buzzer/counter10__46[14]
    SLICE_X2Y134         LUT2 (Prop_lut2_I1_O)        0.329    28.391 r  fsm_buzzer/counter10__51_i_3/O
                         net (fo=1, routed)           0.000    28.391    freq_gen2/counter10__56_0[0]
    SLICE_X2Y134         CARRY4 (Prop_carry4_S[1]_CO[3])
                                                      0.533    28.924 r  freq_gen2/counter10__51/CO[3]
                         net (fo=1, routed)           0.000    28.924    freq_gen2/counter10__51_n_0
    SLICE_X2Y135         CARRY4 (Prop_carry4_CI_CO[3])
                                                      0.117    29.041 r  freq_gen2/counter10__52/CO[3]
                         net (fo=1, routed)           0.000    29.041    freq_gen2/counter10__52_n_0
    SLICE_X2Y136         CARRY4 (Prop_carry4_CI_CO[3])
                                                      0.117    29.158 r  freq_gen2/counter10__53/CO[3]
                         net (fo=1, routed)           0.000    29.158    freq_gen2/counter10__53_n_0
    SLICE_X2Y137         CARRY4 (Prop_carry4_CI_CO[3])
                                                      0.117    29.275 r  freq_gen2/counter10__54/CO[3]
                         net (fo=1, routed)           0.000    29.275    freq_gen2/counter10__54_n_0
    SLICE_X2Y138         CARRY4 (Prop_carry4_CI_CO[1])
                                                      0.157    29.432 r  freq_gen2/counter10__55/CO[1]
                         net (fo=24, routed)          0.710    30.141    freq_gen2/counter10__45_i_2_0[13]
    SLICE_X6Y137         CARRY4 (Prop_carry4_CYINIT_CO[3])
                                                      0.803    30.944 r  freq_gen2/counter10__56/CO[3]
                         net (fo=1, routed)           0.000    30.944    freq_gen2/counter10__56_n_0
    SLICE_X6Y138         CARRY4 (Prop_carry4_CI_CO[3])
                                                      0.117    31.061 r  freq_gen2/counter10__57/CO[3]
                         net (fo=1, routed)           0.000    31.061    freq_gen2/counter10__57_n_0
    SLICE_X6Y139         CARRY4 (Prop_carry4_CI_CO[3])
                                                      0.117    31.178 r  freq_gen2/counter10__58/CO[3]
                         net (fo=1, routed)           0.000    31.178    freq_gen2/counter10__58_n_0
    SLICE_X6Y140         CARRY4 (Prop_carry4_CI_CO[3])
                                                      0.117    31.295 r  freq_gen2/counter10__59/CO[3]
                         net (fo=1, routed)           0.000    31.295    freq_gen2/counter10__59_n_0
    SLICE_X6Y141         CARRY4 (Prop_carry4_CI_CO[1])
                                                      0.157    31.452 r  freq_gen2/counter10__60/CO[1]
                         net (fo=24, routed)          0.769    32.222    fsm_buzzer/counter10__46[12]
    SLICE_X9Y139         LUT2 (Prop_lut2_I1_O)        0.332    32.554 r  fsm_buzzer/counter10__61_i_3/O
                         net (fo=1, routed)           0.000    32.554    freq_gen2/counter10__66_0[0]
    SLICE_X9Y139         CARRY4 (Prop_carry4_S[1]_CO[3])
                                                      0.550    33.104 r  freq_gen2/counter10__61/CO[3]
                         net (fo=1, routed)           0.000    33.104    freq_gen2/counter10__61_n_0
    SLICE_X9Y140         CARRY4 (Prop_carry4_CI_CO[3])
                                                      0.114    33.218 r  freq_gen2/counter10__62/CO[3]
                         net (fo=1, routed)           0.000    33.218    freq_gen2/counter10__62_n_0
    SLICE_X9Y141         CARRY4 (Prop_carry4_CI_CO[3])
                                                      0.114    33.332 r  freq_gen2/counter10__63/CO[3]
                         net (fo=1, routed)           0.000    33.332    freq_gen2/counter10__63_n_0
    SLICE_X9Y142         CARRY4 (Prop_carry4_CI_CO[3])
                                                      0.114    33.446 r  freq_gen2/counter10__64/CO[3]
                         net (fo=1, routed)           0.000    33.446    freq_gen2/counter10__64_n_0
    SLICE_X9Y143         CARRY4 (Prop_carry4_CI_CO[1])
                                                      0.157    33.603 r  freq_gen2/counter10__65/CO[1]
                         net (fo=25, routed)          0.893    34.496    fsm_buzzer/counter10__46[11]
    SLICE_X10Y139        LUT2 (Prop_lut2_I1_O)        0.329    34.825 r  fsm_buzzer/counter10__66_i_4/O
                         net (fo=1, routed)           0.000    34.825    freq_gen2/counter10__71_1[0]
    SLICE_X10Y139        CARRY4 (Prop_carry4_S[1]_CO[3])
                                                      0.533    35.358 r  freq_gen2/counter10__66/CO[3]
                         net (fo=1, routed)           0.000    35.358    freq_gen2/counter10__66_n_0
    SLICE_X10Y140        CARRY4 (Prop_carry4_CI_CO[3])
                                                      0.117    35.475 r  freq_gen2/counter10__67/CO[3]
                         net (fo=1, routed)           0.000    35.475    freq_gen2/counter10__67_n_0
    SLICE_X10Y141        CARRY4 (Prop_carry4_CI_CO[3])
                                                      0.117    35.592 r  freq_gen2/counter10__68/CO[3]
                         net (fo=1, routed)           0.000    35.592    freq_gen2/counter10__68_n_0
    SLICE_X10Y142        CARRY4 (Prop_carry4_CI_CO[3])
                                                      0.117    35.709 r  freq_gen2/counter10__69/CO[3]
                         net (fo=1, routed)           0.000    35.709    freq_gen2/counter10__69_n_0
    SLICE_X10Y143        CARRY4 (Prop_carry4_CI_CO[1])
                                                      0.157    35.866 r  freq_gen2/counter10__70/CO[1]
                         net (fo=25, routed)          0.694    36.560    fsm_buzzer/counter10__46[10]
    SLICE_X11Y142        LUT2 (Prop_lut2_I1_O)        0.332    36.892 r  fsm_buzzer/counter10__71_i_4/O
                         net (fo=1, routed)           0.000    36.892    freq_gen2/counter10__76_1[0]
    SLICE_X11Y142        CARRY4 (Prop_carry4_S[1]_CO[3])
                                                      0.550    37.442 r  freq_gen2/counter10__71/CO[3]
                         net (fo=1, routed)           0.000    37.442    freq_gen2/counter10__71_n_0
    SLICE_X11Y143        CARRY4 (Prop_carry4_CI_CO[3])
                                                      0.114    37.556 r  freq_gen2/counter10__72/CO[3]
                         net (fo=1, routed)           0.000    37.556    freq_gen2/counter10__72_n_0
    SLICE_X11Y144        CARRY4 (Prop_carry4_CI_CO[3])
                                                      0.114    37.670 r  freq_gen2/counter10__73/CO[3]
                         net (fo=1, routed)           0.000    37.670    freq_gen2/counter10__73_n_0
    SLICE_X11Y145        CARRY4 (Prop_carry4_CI_CO[3])
                                                      0.114    37.784 r  freq_gen2/counter10__74/CO[3]
                         net (fo=1, routed)           0.000    37.784    freq_gen2/counter10__74_n_0
    SLICE_X11Y146        CARRY4 (Prop_carry4_CI_CO[1])
                                                      0.157    37.941 r  freq_gen2/counter10__75/CO[1]
                         net (fo=25, routed)          0.707    38.648    fsm_buzzer/counter10__46[9]
    SLICE_X10Y144        LUT2 (Prop_lut2_I1_O)        0.329    38.977 r  fsm_buzzer/counter10__76_i_4/O
                         net (fo=1, routed)           0.000    38.977    freq_gen2/counter10__81_1[0]
    SLICE_X10Y144        CARRY4 (Prop_carry4_S[1]_CO[3])
                                                      0.533    39.510 r  freq_gen2/counter10__76/CO[3]
                         net (fo=1, routed)           0.000    39.510    freq_gen2/counter10__76_n_0
    SLICE_X10Y145        CARRY4 (Prop_carry4_CI_CO[3])
                                                      0.117    39.627 r  freq_gen2/counter10__77/CO[3]
                         net (fo=1, routed)           0.000    39.627    freq_gen2/counter10__77_n_0
    SLICE_X10Y146        CARRY4 (Prop_carry4_CI_CO[3])
                                                      0.117    39.744 r  freq_gen2/counter10__78/CO[3]
                         net (fo=1, routed)           0.000    39.744    freq_gen2/counter10__78_n_0
    SLICE_X10Y147        CARRY4 (Prop_carry4_CI_CO[3])
                                                      0.117    39.861 r  freq_gen2/counter10__79/CO[3]
                         net (fo=1, routed)           0.000    39.861    freq_gen2/counter10__79_n_0
    SLICE_X10Y148        CARRY4 (Prop_carry4_CI_CO[1])
                                                      0.157    40.018 r  freq_gen2/counter10__80/CO[1]
                         net (fo=25, routed)          0.738    40.756    fsm_buzzer/counter10__46[8]
    SLICE_X9Y144         LUT2 (Prop_lut2_I1_O)        0.332    41.088 r  fsm_buzzer/counter10__81_i_4/O
                         net (fo=1, routed)           0.000    41.088    freq_gen2/counter10__86_1[0]
    SLICE_X9Y144         CARRY4 (Prop_carry4_S[1]_CO[3])
                                                      0.550    41.638 r  freq_gen2/counter10__81/CO[3]
                         net (fo=1, routed)           0.000    41.638    freq_gen2/counter10__81_n_0
    SLICE_X9Y145         CARRY4 (Prop_carry4_CI_CO[3])
                                                      0.114    41.752 r  freq_gen2/counter10__82/CO[3]
                         net (fo=1, routed)           0.000    41.752    freq_gen2/counter10__82_n_0
    SLICE_X9Y146         CARRY4 (Prop_carry4_CI_CO[3])
                                                      0.114    41.866 r  freq_gen2/counter10__83/CO[3]
                         net (fo=1, routed)           0.000    41.866    freq_gen2/counter10__83_n_0
    SLICE_X9Y147         CARRY4 (Prop_carry4_CI_CO[3])
                                                      0.114    41.980 r  freq_gen2/counter10__84/CO[3]
                         net (fo=1, routed)           0.000    41.980    freq_gen2/counter10__84_n_0
    SLICE_X9Y148         CARRY4 (Prop_carry4_CI_CO[1])
                                                      0.157    42.137 r  freq_gen2/counter10__85/CO[1]
                         net (fo=24, routed)          0.858    42.995    fsm_buzzer/counter10__46[7]
    SLICE_X7Y144         LUT2 (Prop_lut2_I1_O)        0.329    43.324 r  fsm_buzzer/counter10__86_i_3/O
                         net (fo=1, routed)           0.000    43.324    freq_gen2/counter10__91_0[0]
    SLICE_X7Y144         CARRY4 (Prop_carry4_S[1]_CO[3])
                                                      0.550    43.874 r  freq_gen2/counter10__86/CO[3]
                         net (fo=1, routed)           0.000    43.874    freq_gen2/counter10__86_n_0
    SLICE_X7Y145         CARRY4 (Prop_carry4_CI_CO[3])
                                                      0.114    43.988 r  freq_gen2/counter10__87/CO[3]
                         net (fo=1, routed)           0.000    43.988    freq_gen2/counter10__87_n_0
    SLICE_X7Y146         CARRY4 (Prop_carry4_CI_CO[3])
                                                      0.114    44.102 r  freq_gen2/counter10__88/CO[3]
                         net (fo=1, routed)           0.000    44.102    freq_gen2/counter10__88_n_0
    SLICE_X7Y147         CARRY4 (Prop_carry4_CI_CO[3])
                                                      0.114    44.216 r  freq_gen2/counter10__89/CO[3]
                         net (fo=1, routed)           0.000    44.216    freq_gen2/counter10__89_n_0
    SLICE_X7Y148         CARRY4 (Prop_carry4_CI_CO[1])
                                                      0.157    44.373 r  freq_gen2/counter10__90/CO[1]
                         net (fo=25, routed)          0.829    45.202    fsm_buzzer/counter10__46[6]
    SLICE_X6Y144         LUT2 (Prop_lut2_I1_O)        0.329    45.531 r  fsm_buzzer/counter10__91_i_4/O
                         net (fo=1, routed)           0.000    45.531    freq_gen2/counter10__96_1[0]
    SLICE_X6Y144         CARRY4 (Prop_carry4_S[1]_CO[3])
                                                      0.533    46.064 r  freq_gen2/counter10__91/CO[3]
                         net (fo=1, routed)           0.000    46.064    freq_gen2/counter10__91_n_0
    SLICE_X6Y145         CARRY4 (Prop_carry4_CI_CO[3])
                                                      0.117    46.181 r  freq_gen2/counter10__92/CO[3]
                         net (fo=1, routed)           0.000    46.181    freq_gen2/counter10__92_n_0
    SLICE_X6Y146         CARRY4 (Prop_carry4_CI_CO[3])
                                                      0.117    46.298 r  freq_gen2/counter10__93/CO[3]
                         net (fo=1, routed)           0.000    46.298    freq_gen2/counter10__93_n_0
    SLICE_X6Y147         CARRY4 (Prop_carry4_CI_CO[3])
                                                      0.117    46.415 r  freq_gen2/counter10__94/CO[3]
                         net (fo=1, routed)           0.000    46.415    freq_gen2/counter10__94_n_0
    SLICE_X6Y148         CARRY4 (Prop_carry4_CI_CO[1])
                                                      0.157    46.572 r  freq_gen2/counter10__95/CO[1]
                         net (fo=25, routed)          0.952    47.524    fsm_buzzer/counter10__46[5]
    SLICE_X4Y140         LUT2 (Prop_lut2_I1_O)        0.332    47.856 r  fsm_buzzer/counter10__96_i_4/O
                         net (fo=1, routed)           0.000    47.856    freq_gen2/counter10__101_1[0]
    SLICE_X4Y140         CARRY4 (Prop_carry4_S[1]_CO[3])
                                                      0.550    48.406 r  freq_gen2/counter10__96/CO[3]
                         net (fo=1, routed)           0.000    48.406    freq_gen2/counter10__96_n_0
    SLICE_X4Y141         CARRY4 (Prop_carry4_CI_CO[3])
                                                      0.114    48.520 r  freq_gen2/counter10__97/CO[3]
                         net (fo=1, routed)           0.000    48.520    freq_gen2/counter10__97_n_0
    SLICE_X4Y142         CARRY4 (Prop_carry4_CI_CO[3])
                                                      0.114    48.634 r  freq_gen2/counter10__98/CO[3]
                         net (fo=1, routed)           0.000    48.634    freq_gen2/counter10__98_n_0
    SLICE_X4Y143         CARRY4 (Prop_carry4_CI_CO[3])
                                                      0.114    48.748 r  freq_gen2/counter10__99/CO[3]
                         net (fo=1, routed)           0.000    48.748    freq_gen2/counter10__99_n_0
    SLICE_X4Y144         CARRY4 (Prop_carry4_CI_CO[1])
                                                      0.157    48.905 r  freq_gen2/counter10__100/CO[1]
                         net (fo=25, routed)          0.500    49.406    fsm_buzzer/counter10__46[4]
    SLICE_X5Y144         LUT2 (Prop_lut2_I1_O)        0.329    49.735 r  fsm_buzzer/counter10__101_i_4/O
                         net (fo=1, routed)           0.000    49.735    freq_gen2/counter10__106_1[0]
    SLICE_X5Y144         CARRY4 (Prop_carry4_S[1]_CO[3])
                                                      0.550    50.285 r  freq_gen2/counter10__101/CO[3]
                         net (fo=1, routed)           0.000    50.285    freq_gen2/counter10__101_n_0
    SLICE_X5Y145         CARRY4 (Prop_carry4_CI_CO[3])
                                                      0.114    50.399 r  freq_gen2/counter10__102/CO[3]
                         net (fo=1, routed)           0.000    50.399    freq_gen2/counter10__102_n_0
    SLICE_X5Y146         CARRY4 (Prop_carry4_CI_CO[3])
                                                      0.114    50.513 r  freq_gen2/counter10__103/CO[3]
                         net (fo=1, routed)           0.000    50.513    freq_gen2/counter10__103_n_0
    SLICE_X5Y147         CARRY4 (Prop_carry4_CI_CO[3])
                                                      0.114    50.627 r  freq_gen2/counter10__104/CO[3]
                         net (fo=1, routed)           0.000    50.627    freq_gen2/counter10__104_n_0
    SLICE_X5Y148         CARRY4 (Prop_carry4_CI_CO[1])
                                                      0.157    50.784 r  freq_gen2/counter10__105/CO[1]
                         net (fo=25, routed)          0.942    51.725    freq_gen2/counter10__45_i_2_0[3]
    SLICE_X5Y142         LUT2 (Prop_lut2_I1_O)        0.329    52.054 r  freq_gen2/counter1[4]_i_1/O
                         net (fo=1, routed)           0.000    52.054    freq_gen2/p_1_in[4]
    SLICE_X5Y142         FDCE                                         r  freq_gen2/counter1_reg[4]/D
  -------------------------------------------------------------------    -------------------

                         (clock sys_clk_pin rise edge)
                                                     10.000    10.000 r  
    W5                                                0.000    10.000 r  sysclk (IN)
                         net (fo=0)                   0.000    10.000    sysclk
    W5                   IBUF (Prop_ibuf_I_O)         1.388    11.388 r  sysclk_IBUF_inst/O
                         net (fo=1, routed)           1.862    13.250    sysclk_IBUF
    BUFGCTRL_X0Y0        BUFG (Prop_bufg_I_O)         0.091    13.341 r  sysclk_IBUF_BUFG_inst/O
                         net (fo=130, routed)         1.681    15.022    freq_gen2/CLK
    SLICE_X5Y142         FDCE                                         r  freq_gen2/counter1_reg[4]/C
                         clock pessimism              0.267    15.289    
                         clock uncertainty           -0.035    15.254    
    SLICE_X5Y142         FDCE (Setup_fdce_C_D)        0.031    15.285    freq_gen2/counter1_reg[4]
  -------------------------------------------------------------------
                         required time                         15.285    
                         arrival time                         -52.054    
  -------------------------------------------------------------------
                         slack                                -36.769    

Slack (VIOLATED) :        -35.012ns  (required time - arrival time)
  Source:                 fsm_buzzer/r_freq_reg[0]_replica/C
                            (rising edge-triggered cell FDRE clocked by sys_clk_pin  {rise@0.000ns fall@5.000ns period=10.000ns})
  Destination:            freq_gen2/counter1_reg[5]/D
                            (rising edge-triggered cell FDCE clocked by sys_clk_pin  {rise@0.000ns fall@5.000ns period=10.000ns})
  Path Group:             sys_clk_pin
  Path Type:              Setup (Max at Slow Process Corner)
  Requirement:            10.000ns  (sys_clk_pin rise@10.000ns - sys_clk_pin rise@0.000ns)
  Data Path Delay:        45.011ns  (logic 28.414ns (63.126%)  route 16.597ns (36.874%))
  Logic Levels:           115  (CARRY4=97 LUT2=15 LUT3=3)
  Clock Path Skew:        -0.040ns (DCD - SCD + CPR)
    Destination Clock Delay (DCD):    5.022ns = ( 15.022 - 10.000 ) 
    Source Clock Delay      (SCD):    5.329ns
    Clock Pessimism Removal (CPR):    0.267ns
  Clock Uncertainty:      0.035ns  ((TSJ^2 + TIJ^2)^1/2 + DJ) / 2 + PE
    Total System Jitter     (TSJ):    0.071ns
    Total Input Jitter      (TIJ):    0.000ns
    Discrete Jitter          (DJ):    0.000ns
    Phase Error              (PE):    0.000ns

    Location             Delay type                Incr(ns)  Path(ns)    Netlist Resource(s)
  -------------------------------------------------------------------    -------------------
                         (clock sys_clk_pin rise edge)
                                                      0.000     0.000 r  
    W5                                                0.000     0.000 r  sysclk (IN)
                         net (fo=0)                   0.000     0.000    sysclk
    W5                   IBUF (Prop_ibuf_I_O)         1.458     1.458 r  sysclk_IBUF_inst/O
                         net (fo=1, routed)           1.967     3.425    sysclk_IBUF
    BUFGCTRL_X0Y0        BUFG (Prop_bufg_I_O)         0.096     3.521 r  sysclk_IBUF_BUFG_inst/O
                         net (fo=130, routed)         1.808     5.329    fsm_buzzer/CLK
    SLICE_X1Y107         FDRE                                         r  fsm_buzzer/r_freq_reg[0]_replica/C
  -------------------------------------------------------------------    -------------------
    SLICE_X1Y107         FDRE (Prop_fdre_C_Q)         0.456     5.785 r  fsm_buzzer/r_freq_reg[0]_replica/Q
                         net (fo=6, routed)           0.446     6.231    freq_gen2/Q[0]_repN_alias
    SLICE_X2Y108         CARRY4 (Prop_carry4_S[0]_CO[3])
                                                      0.637     6.868 r  freq_gen2/counter10/CO[3]
                         net (fo=1, routed)           0.000     6.868    freq_gen2/counter10_n_0
    SLICE_X2Y109         CARRY4 (Prop_carry4_CI_CO[3])
                                                      0.117     6.985 r  freq_gen2/counter10__0/CO[3]
                         net (fo=1, routed)           0.000     6.985    freq_gen2/counter10__0_n_0
    SLICE_X2Y110         CARRY4 (Prop_carry4_CI_CO[3])
                                                      0.117     7.102 r  freq_gen2/counter10__1/CO[3]
                         net (fo=1, routed)           0.000     7.102    freq_gen2/counter10__1_n_0
    SLICE_X2Y111         CARRY4 (Prop_carry4_CI_CO[0])
                                                      0.254     7.356 r  freq_gen2/counter10__2/CO[0]
                         net (fo=16, routed)          0.937     8.293    fsm_buzzer/CO[0]
    SLICE_X0Y107         LUT2 (Prop_lut2_I1_O)        0.367     8.660 r  fsm_buzzer/counter10__3_i_4/O
                         net (fo=1, routed)           0.000     8.660    freq_gen2/counter10__7_1[0]
    SLICE_X0Y107         CARRY4 (Prop_carry4_S[1]_CO[3])
                                                      0.550     9.210 r  freq_gen2/counter10__3/CO[3]
                         net (fo=1, routed)           0.000     9.210    freq_gen2/counter10__3_n_0
    SLICE_X0Y108         CARRY4 (Prop_carry4_CI_CO[3])
                                                      0.114     9.324 r  freq_gen2/counter10__4/CO[3]
                         net (fo=1, routed)           0.000     9.324    freq_gen2/counter10__4_n_0
    SLICE_X0Y109         CARRY4 (Prop_carry4_CI_CO[3])
                                                      0.114     9.438 r  freq_gen2/counter10__5/CO[3]
                         net (fo=1, routed)           0.000     9.438    freq_gen2/counter10__5_n_0
    SLICE_X0Y110         CARRY4 (Prop_carry4_CI_CO[2])
                                                      0.228     9.666 r  freq_gen2/counter10__6/CO[2]
                         net (fo=17, routed)          0.666    10.332    freq_gen2/r_freq_reg[3][0]
    SLICE_X0Y112         LUT3 (Prop_lut3_I0_O)        0.313    10.645 r  freq_gen2/counter10__8_i_3/O
                         net (fo=1, routed)           0.000    10.645    freq_gen2/counter10__8_i_3_n_0
    SLICE_X0Y112         CARRY4 (Prop_carry4_S[1]_CO[3])
                                                      0.550    11.195 r  freq_gen2/counter10__8/CO[3]
                         net (fo=1, routed)           0.000    11.195    freq_gen2/counter10__8_n_0
    SLICE_X0Y113         CARRY4 (Prop_carry4_CI_CO[3])
                                                      0.114    11.309 r  freq_gen2/counter10__9/CO[3]
                         net (fo=1, routed)           0.000    11.309    freq_gen2/counter10__9_n_0
    SLICE_X0Y114         CARRY4 (Prop_carry4_CI_CO[3])
                                                      0.114    11.423 r  freq_gen2/counter10__10/CO[3]
                         net (fo=19, routed)          1.071    12.494    freq_gen2/r_freq_reg[3]_0[0]
    SLICE_X1Y110         CARRY4 (Prop_carry4_CYINIT_CO[3])
                                                      0.580    13.074 r  freq_gen2/counter10__11/CO[3]
                         net (fo=1, routed)           0.000    13.074    freq_gen2/counter10__11_n_0
    SLICE_X1Y111         CARRY4 (Prop_carry4_CI_CO[3])
                                                      0.114    13.188 r  freq_gen2/counter10__12/CO[3]
                         net (fo=1, routed)           0.000    13.188    freq_gen2/counter10__12_n_0
    SLICE_X1Y112         CARRY4 (Prop_carry4_CI_CO[3])
                                                      0.114    13.302 r  freq_gen2/counter10__13/CO[3]
                         net (fo=1, routed)           0.000    13.302    freq_gen2/counter10__13_n_0
    SLICE_X1Y113         CARRY4 (Prop_carry4_CI_CO[3])
                                                      0.114    13.416 r  freq_gen2/counter10__14/CO[3]
                         net (fo=1, routed)           0.000    13.416    freq_gen2/counter10__14_n_0
    SLICE_X1Y114         CARRY4 (Prop_carry4_CI_CO[0])
                                                      0.271    13.687 r  freq_gen2/counter10__15/CO[0]
                         net (fo=21, routed)          0.613    14.300    freq_gen2/counter10__14_0[0]
    SLICE_X2Y113         CARRY4 (Prop_carry4_CYINIT_CO[3])
                                                      0.844    15.144 r  freq_gen2/counter10__16/CO[3]
                         net (fo=1, routed)           0.000    15.144    freq_gen2/counter10__16_n_0
    SLICE_X2Y114         CARRY4 (Prop_carry4_CI_CO[3])
                                                      0.117    15.261 r  freq_gen2/counter10__17/CO[3]
                         net (fo=1, routed)           0.000    15.261    freq_gen2/counter10__17_n_0
    SLICE_X2Y115         CARRY4 (Prop_carry4_CI_CO[3])
                                                      0.117    15.378 r  freq_gen2/counter10__18/CO[3]
                         net (fo=1, routed)           0.000    15.378    freq_gen2/counter10__18_n_0
    SLICE_X2Y116         CARRY4 (Prop_carry4_CI_CO[3])
                                                      0.117    15.495 r  freq_gen2/counter10__19/CO[3]
                         net (fo=1, routed)           0.000    15.495    freq_gen2/counter10__19_n_0
    SLICE_X2Y117         CARRY4 (Prop_carry4_CI_CO[1])
                                                      0.157    15.652 r  freq_gen2/counter10__20/CO[1]
                         net (fo=23, routed)          0.943    16.595    freq_gen2/counter10__20_i_1_0[0]
    SLICE_X1Y119         LUT3 (Prop_lut3_I0_O)        0.332    16.927 r  freq_gen2/counter10__24_i_4/O
                         net (fo=1, routed)           0.000    16.927    freq_gen2/counter10__24_i_4_n_0
    SLICE_X1Y119         CARRY4 (Prop_carry4_S[0]_CO[3])
                                                      0.532    17.459 r  freq_gen2/counter10__24/CO[3]
                         net (fo=1, routed)           0.000    17.459    freq_gen2/counter10__24_n_0
    SLICE_X1Y120         CARRY4 (Prop_carry4_CI_CO[1])
                                                      0.157    17.616 r  freq_gen2/counter10__25/CO[1]
                         net (fo=23, routed)          0.634    18.251    fsm_buzzer/counter10__26[0]
    SLICE_X0Y119         LUT2 (Prop_lut2_I1_O)        0.329    18.580 r  fsm_buzzer/counter10__26_i_3/O
                         net (fo=1, routed)           0.000    18.580    freq_gen2/counter10__31_0[0]
    SLICE_X0Y119         CARRY4 (Prop_carry4_S[1]_CO[3])
                                                      0.550    19.130 r  freq_gen2/counter10__26/CO[3]
                         net (fo=1, routed)           0.000    19.130    freq_gen2/counter10__26_n_0
    SLICE_X0Y120         CARRY4 (Prop_carry4_CI_CO[3])
                                                      0.114    19.244 r  freq_gen2/counter10__27/CO[3]
                         net (fo=1, routed)           0.000    19.244    freq_gen2/counter10__27_n_0
    SLICE_X0Y121         CARRY4 (Prop_carry4_CI_CO[3])
                                                      0.114    19.358 r  freq_gen2/counter10__28/CO[3]
                         net (fo=1, routed)           0.000    19.358    freq_gen2/counter10__28_n_0
    SLICE_X0Y122         CARRY4 (Prop_carry4_CI_CO[3])
                                                      0.114    19.472 r  freq_gen2/counter10__29/CO[3]
                         net (fo=1, routed)           0.000    19.472    freq_gen2/counter10__29_n_0
    SLICE_X0Y123         CARRY4 (Prop_carry4_CI_CO[1])
                                                      0.157    19.629 r  freq_gen2/counter10__30/CO[1]
                         net (fo=24, routed)          0.698    20.326    freq_gen2/counter10__30_i_2_0[0]
    SLICE_X1Y124         LUT3 (Prop_lut3_I0_O)        0.329    20.655 r  freq_gen2/counter10__32_i_4/O
                         net (fo=1, routed)           0.000    20.655    freq_gen2/counter10__32_i_4_n_0
    SLICE_X1Y124         CARRY4 (Prop_carry4_S[0]_CO[3])
                                                      0.532    21.187 r  freq_gen2/counter10__32/CO[3]
                         net (fo=1, routed)           0.009    21.196    freq_gen2/counter10__32_n_0
    SLICE_X1Y125         CARRY4 (Prop_carry4_CI_CO[3])
                                                      0.114    21.310 r  freq_gen2/counter10__33/CO[3]
                         net (fo=1, routed)           0.000    21.310    freq_gen2/counter10__33_n_0
    SLICE_X1Y126         CARRY4 (Prop_carry4_CI_CO[3])
                                                      0.114    21.424 r  freq_gen2/counter10__34/CO[3]
                         net (fo=1, routed)           0.000    21.424    freq_gen2/counter10__34_n_0
    SLICE_X1Y127         CARRY4 (Prop_carry4_CI_CO[1])
                                                      0.157    21.581 r  freq_gen2/counter10__35/CO[1]
                         net (fo=23, routed)          0.556    22.137    fsm_buzzer/counter10__36[0]
    SLICE_X2Y126         LUT2 (Prop_lut2_I1_O)        0.329    22.466 r  fsm_buzzer/counter10__36_i_3/O
                         net (fo=1, routed)           0.000    22.466    freq_gen2/counter10__41_0[0]
    SLICE_X2Y126         CARRY4 (Prop_carry4_S[1]_CO[3])
                                                      0.533    22.999 r  freq_gen2/counter10__36/CO[3]
                         net (fo=1, routed)           0.000    22.999    freq_gen2/counter10__36_n_0
    SLICE_X2Y127         CARRY4 (Prop_carry4_CI_CO[3])
                                                      0.117    23.116 r  freq_gen2/counter10__37/CO[3]
                         net (fo=1, routed)           0.000    23.116    freq_gen2/counter10__37_n_0
    SLICE_X2Y128         CARRY4 (Prop_carry4_CI_CO[3])
                                                      0.117    23.233 r  freq_gen2/counter10__38/CO[3]
                         net (fo=1, routed)           0.000    23.233    freq_gen2/counter10__38_n_0
    SLICE_X2Y129         CARRY4 (Prop_carry4_CI_CO[3])
                                                      0.117    23.350 r  freq_gen2/counter10__39/CO[3]
                         net (fo=1, routed)           0.000    23.350    freq_gen2/counter10__39_n_0
    SLICE_X2Y130         CARRY4 (Prop_carry4_CI_CO[1])
                                                      0.157    23.507 r  freq_gen2/counter10__40/CO[1]
                         net (fo=24, routed)          0.654    24.161    fsm_buzzer/counter10__41[0]
    SLICE_X0Y129         LUT2 (Prop_lut2_I1_O)        0.332    24.493 r  fsm_buzzer/counter10__41_i_4/O
                         net (fo=1, routed)           0.000    24.493    freq_gen2/counter10__46_1[0]
    SLICE_X0Y129         CARRY4 (Prop_carry4_S[1]_CO[3])
                                                      0.550    25.043 r  freq_gen2/counter10__41/CO[3]
                         net (fo=1, routed)           0.000    25.043    freq_gen2/counter10__41_n_0
    SLICE_X0Y130         CARRY4 (Prop_carry4_CI_CO[3])
                                                      0.114    25.157 r  freq_gen2/counter10__42/CO[3]
                         net (fo=1, routed)           0.000    25.157    freq_gen2/counter10__42_n_0
    SLICE_X0Y131         CARRY4 (Prop_carry4_CI_CO[3])
                                                      0.114    25.271 r  freq_gen2/counter10__43/CO[3]
                         net (fo=1, routed)           0.000    25.271    freq_gen2/counter10__43_n_0
    SLICE_X0Y132         CARRY4 (Prop_carry4_CI_CO[3])
                                                      0.114    25.385 r  freq_gen2/counter10__44/CO[3]
                         net (fo=1, routed)           0.000    25.385    freq_gen2/counter10__44_n_0
    SLICE_X0Y133         CARRY4 (Prop_carry4_CI_CO[1])
                                                      0.157    25.542 r  freq_gen2/counter10__45/CO[1]
                         net (fo=24, routed)          0.602    26.144    fsm_buzzer/counter10__46[15]
    SLICE_X1Y131         LUT2 (Prop_lut2_I1_O)        0.329    26.473 r  fsm_buzzer/counter10__46_i_3/O
                         net (fo=1, routed)           0.000    26.473    freq_gen2/counter10__51_0[0]
    SLICE_X1Y131         CARRY4 (Prop_carry4_S[1]_CO[3])
                                                      0.550    27.023 r  freq_gen2/counter10__46/CO[3]
                         net (fo=1, routed)           0.000    27.023    freq_gen2/counter10__46_n_0
    SLICE_X1Y132         CARRY4 (Prop_carry4_CI_CO[3])
                                                      0.114    27.137 r  freq_gen2/counter10__47/CO[3]
                         net (fo=1, routed)           0.000    27.137    freq_gen2/counter10__47_n_0
    SLICE_X1Y133         CARRY4 (Prop_carry4_CI_CO[3])
                                                      0.114    27.251 r  freq_gen2/counter10__48/CO[3]
                         net (fo=1, routed)           0.000    27.251    freq_gen2/counter10__48_n_0
    SLICE_X1Y134         CARRY4 (Prop_carry4_CI_CO[3])
                                                      0.114    27.365 r  freq_gen2/counter10__49/CO[3]
                         net (fo=1, routed)           0.000    27.365    freq_gen2/counter10__49_n_0
    SLICE_X1Y135         CARRY4 (Prop_carry4_CI_CO[1])
                                                      0.157    27.522 r  freq_gen2/counter10__50/CO[1]
                         net (fo=24, routed)          0.540    28.062    fsm_buzzer/counter10__46[14]
    SLICE_X2Y134         LUT2 (Prop_lut2_I1_O)        0.329    28.391 r  fsm_buzzer/counter10__51_i_3/O
                         net (fo=1, routed)           0.000    28.391    freq_gen2/counter10__56_0[0]
    SLICE_X2Y134         CARRY4 (Prop_carry4_S[1]_CO[3])
                                                      0.533    28.924 r  freq_gen2/counter10__51/CO[3]
                         net (fo=1, routed)           0.000    28.924    freq_gen2/counter10__51_n_0
    SLICE_X2Y135         CARRY4 (Prop_carry4_CI_CO[3])
                                                      0.117    29.041 r  freq_gen2/counter10__52/CO[3]
                         net (fo=1, routed)           0.000    29.041    freq_gen2/counter10__52_n_0
    SLICE_X2Y136         CARRY4 (Prop_carry4_CI_CO[3])
                                                      0.117    29.158 r  freq_gen2/counter10__53/CO[3]
                         net (fo=1, routed)           0.000    29.158    freq_gen2/counter10__53_n_0
    SLICE_X2Y137         CARRY4 (Prop_carry4_CI_CO[3])
                                                      0.117    29.275 r  freq_gen2/counter10__54/CO[3]
                         net (fo=1, routed)           0.000    29.275    freq_gen2/counter10__54_n_0
    SLICE_X2Y138         CARRY4 (Prop_carry4_CI_CO[1])
                                                      0.157    29.432 r  freq_gen2/counter10__55/CO[1]
                         net (fo=24, routed)          0.710    30.141    freq_gen2/counter10__45_i_2_0[13]
    SLICE_X6Y137         CARRY4 (Prop_carry4_CYINIT_CO[3])
                                                      0.803    30.944 r  freq_gen2/counter10__56/CO[3]
                         net (fo=1, routed)           0.000    30.944    freq_gen2/counter10__56_n_0
    SLICE_X6Y138         CARRY4 (Prop_carry4_CI_CO[3])
                                                      0.117    31.061 r  freq_gen2/counter10__57/CO[3]
                         net (fo=1, routed)           0.000    31.061    freq_gen2/counter10__57_n_0
    SLICE_X6Y139         CARRY4 (Prop_carry4_CI_CO[3])
                                                      0.117    31.178 r  freq_gen2/counter10__58/CO[3]
                         net (fo=1, routed)           0.000    31.178    freq_gen2/counter10__58_n_0
    SLICE_X6Y140         CARRY4 (Prop_carry4_CI_CO[3])
                                                      0.117    31.295 r  freq_gen2/counter10__59/CO[3]
                         net (fo=1, routed)           0.000    31.295    freq_gen2/counter10__59_n_0
    SLICE_X6Y141         CARRY4 (Prop_carry4_CI_CO[1])
                                                      0.157    31.452 r  freq_gen2/counter10__60/CO[1]
                         net (fo=24, routed)          0.769    32.222    fsm_buzzer/counter10__46[12]
    SLICE_X9Y139         LUT2 (Prop_lut2_I1_O)        0.332    32.554 r  fsm_buzzer/counter10__61_i_3/O
                         net (fo=1, routed)           0.000    32.554    freq_gen2/counter10__66_0[0]
    SLICE_X9Y139         CARRY4 (Prop_carry4_S[1]_CO[3])
                                                      0.550    33.104 r  freq_gen2/counter10__61/CO[3]
                         net (fo=1, routed)           0.000    33.104    freq_gen2/counter10__61_n_0
    SLICE_X9Y140         CARRY4 (Prop_carry4_CI_CO[3])
                                                      0.114    33.218 r  freq_gen2/counter10__62/CO[3]
                         net (fo=1, routed)           0.000    33.218    freq_gen2/counter10__62_n_0
    SLICE_X9Y141         CARRY4 (Prop_carry4_CI_CO[3])
                                                      0.114    33.332 r  freq_gen2/counter10__63/CO[3]
                         net (fo=1, routed)           0.000    33.332    freq_gen2/counter10__63_n_0
    SLICE_X9Y142         CARRY4 (Prop_carry4_CI_CO[3])
                                                      0.114    33.446 r  freq_gen2/counter10__64/CO[3]
                         net (fo=1, routed)           0.000    33.446    freq_gen2/counter10__64_n_0
    SLICE_X9Y143         CARRY4 (Prop_carry4_CI_CO[1])
                                                      0.157    33.603 r  freq_gen2/counter10__65/CO[1]
                         net (fo=25, routed)          0.893    34.496    fsm_buzzer/counter10__46[11]
    SLICE_X10Y139        LUT2 (Prop_lut2_I1_O)        0.329    34.825 r  fsm_buzzer/counter10__66_i_4/O
                         net (fo=1, routed)           0.000    34.825    freq_gen2/counter10__71_1[0]
    SLICE_X10Y139        CARRY4 (Prop_carry4_S[1]_CO[3])
                                                      0.533    35.358 r  freq_gen2/counter10__66/CO[3]
                         net (fo=1, routed)           0.000    35.358    freq_gen2/counter10__66_n_0
    SLICE_X10Y140        CARRY4 (Prop_carry4_CI_CO[3])
                                                      0.117    35.475 r  freq_gen2/counter10__67/CO[3]
                         net (fo=1, routed)           0.000    35.475    freq_gen2/counter10__67_n_0
    SLICE_X10Y141        CARRY4 (Prop_carry4_CI_CO[3])
                                                      0.117    35.592 r  freq_gen2/counter10__68/CO[3]
                         net (fo=1, routed)           0.000    35.592    freq_gen2/counter10__68_n_0
    SLICE_X10Y142        CARRY4 (Prop_carry4_CI_CO[3])
                                                      0.117    35.709 r  freq_gen2/counter10__69/CO[3]
                         net (fo=1, routed)           0.000    35.709    freq_gen2/counter10__69_n_0
    SLICE_X10Y143        CARRY4 (Prop_carry4_CI_CO[1])
                                                      0.157    35.866 r  freq_gen2/counter10__70/CO[1]
                         net (fo=25, routed)          0.694    36.560    fsm_buzzer/counter10__46[10]
    SLICE_X11Y142        LUT2 (Prop_lut2_I1_O)        0.332    36.892 r  fsm_buzzer/counter10__71_i_4/O
                         net (fo=1, routed)           0.000    36.892    freq_gen2/counter10__76_1[0]
    SLICE_X11Y142        CARRY4 (Prop_carry4_S[1]_CO[3])
                                                      0.550    37.442 r  freq_gen2/counter10__71/CO[3]
                         net (fo=1, routed)           0.000    37.442    freq_gen2/counter10__71_n_0
    SLICE_X11Y143        CARRY4 (Prop_carry4_CI_CO[3])
                                                      0.114    37.556 r  freq_gen2/counter10__72/CO[3]
                         net (fo=1, routed)           0.000    37.556    freq_gen2/counter10__72_n_0
    SLICE_X11Y144        CARRY4 (Prop_carry4_CI_CO[3])
                                                      0.114    37.670 r  freq_gen2/counter10__73/CO[3]
                         net (fo=1, routed)           0.000    37.670    freq_gen2/counter10__73_n_0
    SLICE_X11Y145        CARRY4 (Prop_carry4_CI_CO[3])
                                                      0.114    37.784 r  freq_gen2/counter10__74/CO[3]
                         net (fo=1, routed)           0.000    37.784    freq_gen2/counter10__74_n_0
    SLICE_X11Y146        CARRY4 (Prop_carry4_CI_CO[1])
                                                      0.157    37.941 r  freq_gen2/counter10__75/CO[1]
                         net (fo=25, routed)          0.707    38.648    fsm_buzzer/counter10__46[9]
    SLICE_X10Y144        LUT2 (Prop_lut2_I1_O)        0.329    38.977 r  fsm_buzzer/counter10__76_i_4/O
                         net (fo=1, routed)           0.000    38.977    freq_gen2/counter10__81_1[0]
    SLICE_X10Y144        CARRY4 (Prop_carry4_S[1]_CO[3])
                                                      0.533    39.510 r  freq_gen2/counter10__76/CO[3]
                         net (fo=1, routed)           0.000    39.510    freq_gen2/counter10__76_n_0
    SLICE_X10Y145        CARRY4 (Prop_carry4_CI_CO[3])
                                                      0.117    39.627 r  freq_gen2/counter10__77/CO[3]
                         net (fo=1, routed)           0.000    39.627    freq_gen2/counter10__77_n_0
    SLICE_X10Y146        CARRY4 (Prop_carry4_CI_CO[3])
                                                      0.117    39.744 r  freq_gen2/counter10__78/CO[3]
                         net (fo=1, routed)           0.000    39.744    freq_gen2/counter10__78_n_0
    SLICE_X10Y147        CARRY4 (Prop_carry4_CI_CO[3])
                                                      0.117    39.861 r  freq_gen2/counter10__79/CO[3]
                         net (fo=1, routed)           0.000    39.861    freq_gen2/counter10__79_n_0
    SLICE_X10Y148        CARRY4 (Prop_carry4_CI_CO[1])
                                                      0.157    40.018 r  freq_gen2/counter10__80/CO[1]
                         net (fo=25, routed)          0.738    40.756    fsm_buzzer/counter10__46[8]
    SLICE_X9Y144         LUT2 (Prop_lut2_I1_O)        0.332    41.088 r  fsm_buzzer/counter10__81_i_4/O
                         net (fo=1, routed)           0.000    41.088    freq_gen2/counter10__86_1[0]
    SLICE_X9Y144         CARRY4 (Prop_carry4_S[1]_CO[3])
                                                      0.550    41.638 r  freq_gen2/counter10__81/CO[3]
                         net (fo=1, routed)           0.000    41.638    freq_gen2/counter10__81_n_0
    SLICE_X9Y145         CARRY4 (Prop_carry4_CI_CO[3])
                                                      0.114    41.752 r  freq_gen2/counter10__82/CO[3]
                         net (fo=1, routed)           0.000    41.752    freq_gen2/counter10__82_n_0
    SLICE_X9Y146         CARRY4 (Prop_carry4_CI_CO[3])
                                                      0.114    41.866 r  freq_gen2/counter10__83/CO[3]
                         net (fo=1, routed)           0.000    41.866    freq_gen2/counter10__83_n_0
    SLICE_X9Y147         CARRY4 (Prop_carry4_CI_CO[3])
                                                      0.114    41.980 r  freq_gen2/counter10__84/CO[3]
                         net (fo=1, routed)           0.000    41.980    freq_gen2/counter10__84_n_0
    SLICE_X9Y148         CARRY4 (Prop_carry4_CI_CO[1])
                                                      0.157    42.137 r  freq_gen2/counter10__85/CO[1]
                         net (fo=24, routed)          0.858    42.995    fsm_buzzer/counter10__46[7]
    SLICE_X7Y144         LUT2 (Prop_lut2_I1_O)        0.329    43.324 r  fsm_buzzer/counter10__86_i_3/O
                         net (fo=1, routed)           0.000    43.324    freq_gen2/counter10__91_0[0]
    SLICE_X7Y144         CARRY4 (Prop_carry4_S[1]_CO[3])
                                                      0.550    43.874 r  freq_gen2/counter10__86/CO[3]
                         net (fo=1, routed)           0.000    43.874    freq_gen2/counter10__86_n_0
    SLICE_X7Y145         CARRY4 (Prop_carry4_CI_CO[3])
                                                      0.114    43.988 r  freq_gen2/counter10__87/CO[3]
                         net (fo=1, routed)           0.000    43.988    freq_gen2/counter10__87_n_0
    SLICE_X7Y146         CARRY4 (Prop_carry4_CI_CO[3])
                                                      0.114    44.102 r  freq_gen2/counter10__88/CO[3]
                         net (fo=1, routed)           0.000    44.102    freq_gen2/counter10__88_n_0
    SLICE_X7Y147         CARRY4 (Prop_carry4_CI_CO[3])
                                                      0.114    44.216 r  freq_gen2/counter10__89/CO[3]
                         net (fo=1, routed)           0.000    44.216    freq_gen2/counter10__89_n_0
    SLICE_X7Y148         CARRY4 (Prop_carry4_CI_CO[1])
                                                      0.157    44.373 r  freq_gen2/counter10__90/CO[1]
                         net (fo=25, routed)          0.829    45.202    fsm_buzzer/counter10__46[6]
    SLICE_X6Y144         LUT2 (Prop_lut2_I1_O)        0.329    45.531 r  fsm_buzzer/counter10__91_i_4/O
                         net (fo=1, routed)           0.000    45.531    freq_gen2/counter10__96_1[0]
    SLICE_X6Y144         CARRY4 (Prop_carry4_S[1]_CO[3])
                                                      0.533    46.064 r  freq_gen2/counter10__91/CO[3]
                         net (fo=1, routed)           0.000    46.064    freq_gen2/counter10__91_n_0
    SLICE_X6Y145         CARRY4 (Prop_carry4_CI_CO[3])
                                                      0.117    46.181 r  freq_gen2/counter10__92/CO[3]
                         net (fo=1, routed)           0.000    46.181    freq_gen2/counter10__92_n_0
    SLICE_X6Y146         CARRY4 (Prop_carry4_CI_CO[3])
                                                      0.117    46.298 r  freq_gen2/counter10__93/CO[3]
                         net (fo=1, routed)           0.000    46.298    freq_gen2/counter10__93_n_0
    SLICE_X6Y147         CARRY4 (Prop_carry4_CI_CO[3])
                                                      0.117    46.415 r  freq_gen2/counter10__94/CO[3]
                         net (fo=1, routed)           0.000    46.415    freq_gen2/counter10__94_n_0
    SLICE_X6Y148         CARRY4 (Prop_carry4_CI_CO[1])
                                                      0.157    46.572 r  freq_gen2/counter10__95/CO[1]
                         net (fo=25, routed)          0.952    47.524    fsm_buzzer/counter10__46[5]
    SLICE_X4Y140         LUT2 (Prop_lut2_I1_O)        0.332    47.856 r  fsm_buzzer/counter10__96_i_4/O
                         net (fo=1, routed)           0.000    47.856    freq_gen2/counter10__101_1[0]
    SLICE_X4Y140         CARRY4 (Prop_carry4_S[1]_CO[3])
                                                      0.550    48.406 r  freq_gen2/counter10__96/CO[3]
                         net (fo=1, routed)           0.000    48.406    freq_gen2/counter10__96_n_0
    SLICE_X4Y141         CARRY4 (Prop_carry4_CI_CO[3])
                                                      0.114    48.520 r  freq_gen2/counter10__97/CO[3]
                         net (fo=1, routed)           0.000    48.520    freq_gen2/counter10__97_n_0
    SLICE_X4Y142         CARRY4 (Prop_carry4_CI_CO[3])
                                                      0.114    48.634 r  freq_gen2/counter10__98/CO[3]
                         net (fo=1, routed)           0.000    48.634    freq_gen2/counter10__98_n_0
    SLICE_X4Y143         CARRY4 (Prop_carry4_CI_CO[3])
                                                      0.114    48.748 r  freq_gen2/counter10__99/CO[3]
                         net (fo=1, routed)           0.000    48.748    freq_gen2/counter10__99_n_0
    SLICE_X4Y144         CARRY4 (Prop_carry4_CI_CO[1])
                                                      0.157    48.905 r  freq_gen2/counter10__100/CO[1]
                         net (fo=25, routed)          1.078    49.984    freq_gen2/counter10__45_i_2_0[4]
    SLICE_X5Y142         LUT2 (Prop_lut2_I1_O)        0.357    50.341 r  freq_gen2/counter1[5]_i_1/O
                         net (fo=1, routed)           0.000    50.341    freq_gen2/p_1_in[5]
    SLICE_X5Y142         FDCE                                         r  freq_gen2/counter1_reg[5]/D
  -------------------------------------------------------------------    -------------------

                         (clock sys_clk_pin rise edge)
                                                     10.000    10.000 r  
    W5                                                0.000    10.000 r  sysclk (IN)
                         net (fo=0)                   0.000    10.000    sysclk
    W5                   IBUF (Prop_ibuf_I_O)         1.388    11.388 r  sysclk_IBUF_inst/O
                         net (fo=1, routed)           1.862    13.250    sysclk_IBUF
    BUFGCTRL_X0Y0        BUFG (Prop_bufg_I_O)         0.091    13.341 r  sysclk_IBUF_BUFG_inst/O
                         net (fo=130, routed)         1.681    15.022    freq_gen2/CLK
    SLICE_X5Y142         FDCE                                         r  freq_gen2/counter1_reg[5]/C
                         clock pessimism              0.267    15.289    
                         clock uncertainty           -0.035    15.254    
    SLICE_X5Y142         FDCE (Setup_fdce_C_D)        0.075    15.329    freq_gen2/counter1_reg[5]
  -------------------------------------------------------------------
                         required time                         15.329    
                         arrival time                         -50.341    
  -------------------------------------------------------------------
                         slack                                -35.012    

Slack (VIOLATED) :        -32.556ns  (required time - arrival time)
  Source:                 fsm_buzzer/r_freq_reg[0]_replica/C
                            (rising edge-triggered cell FDRE clocked by sys_clk_pin  {rise@0.000ns fall@5.000ns period=10.000ns})
  Destination:            freq_gen2/counter1_reg[6]/D
                            (rising edge-triggered cell FDCE clocked by sys_clk_pin  {rise@0.000ns fall@5.000ns period=10.000ns})
  Path Group:             sys_clk_pin
  Path Type:              Setup (Max at Slow Process Corner)
  Requirement:            10.000ns  (sys_clk_pin rise@10.000ns - sys_clk_pin rise@0.000ns)
  Data Path Delay:        42.508ns  (logic 27.008ns (63.536%)  route 15.500ns (36.464%))
  Logic Levels:           109  (CARRY4=92 LUT2=14 LUT3=3)
  Clock Path Skew:        -0.041ns (DCD - SCD + CPR)
    Destination Clock Delay (DCD):    5.021ns = ( 15.021 - 10.000 ) 
    Source Clock Delay      (SCD):    5.329ns
    Clock Pessimism Removal (CPR):    0.267ns
  Clock Uncertainty:      0.035ns  ((TSJ^2 + TIJ^2)^1/2 + DJ) / 2 + PE
    Total System Jitter     (TSJ):    0.071ns
    Total Input Jitter      (TIJ):    0.000ns
    Discrete Jitter          (DJ):    0.000ns
    Phase Error              (PE):    0.000ns

    Location             Delay type                Incr(ns)  Path(ns)    Netlist Resource(s)
  -------------------------------------------------------------------    -------------------
                         (clock sys_clk_pin rise edge)
                                                      0.000     0.000 r  
    W5                                                0.000     0.000 r  sysclk (IN)
                         net (fo=0)                   0.000     0.000    sysclk
    W5                   IBUF (Prop_ibuf_I_O)         1.458     1.458 r  sysclk_IBUF_inst/O
                         net (fo=1, routed)           1.967     3.425    sysclk_IBUF
    BUFGCTRL_X0Y0        BUFG (Prop_bufg_I_O)         0.096     3.521 r  sysclk_IBUF_BUFG_inst/O
                         net (fo=130, routed)         1.808     5.329    fsm_buzzer/CLK
    SLICE_X1Y107         FDRE                                         r  fsm_buzzer/r_freq_reg[0]_replica/C
  -------------------------------------------------------------------    -------------------
    SLICE_X1Y107         FDRE (Prop_fdre_C_Q)         0.456     5.785 r  fsm_buzzer/r_freq_reg[0]_replica/Q
                         net (fo=6, routed)           0.446     6.231    freq_gen2/Q[0]_repN_alias
    SLICE_X2Y108         CARRY4 (Prop_carry4_S[0]_CO[3])
                                                      0.637     6.868 r  freq_gen2/counter10/CO[3]
                         net (fo=1, routed)           0.000     6.868    freq_gen2/counter10_n_0
    SLICE_X2Y109         CARRY4 (Prop_carry4_CI_CO[3])
                                                      0.117     6.985 r  freq_gen2/counter10__0/CO[3]
                         net (fo=1, routed)           0.000     6.985    freq_gen2/counter10__0_n_0
    SLICE_X2Y110         CARRY4 (Prop_carry4_CI_CO[3])
                                                      0.117     7.102 r  freq_gen2/counter10__1/CO[3]
                         net (fo=1, routed)           0.000     7.102    freq_gen2/counter10__1_n_0
    SLICE_X2Y111         CARRY4 (Prop_carry4_CI_CO[0])
                                                      0.254     7.356 r  freq_gen2/counter10__2/CO[0]
                         net (fo=16, routed)          0.937     8.293    fsm_buzzer/CO[0]
    SLICE_X0Y107         LUT2 (Prop_lut2_I1_O)        0.367     8.660 r  fsm_buzzer/counter10__3_i_4/O
                         net (fo=1, routed)           0.000     8.660    freq_gen2/counter10__7_1[0]
    SLICE_X0Y107         CARRY4 (Prop_carry4_S[1]_CO[3])
                                                      0.550     9.210 r  freq_gen2/counter10__3/CO[3]
                         net (fo=1, routed)           0.000     9.210    freq_gen2/counter10__3_n_0
    SLICE_X0Y108         CARRY4 (Prop_carry4_CI_CO[3])
                                                      0.114     9.324 r  freq_gen2/counter10__4/CO[3]
                         net (fo=1, routed)           0.000     9.324    freq_gen2/counter10__4_n_0
    SLICE_X0Y109         CARRY4 (Prop_carry4_CI_CO[3])
                                                      0.114     9.438 r  freq_gen2/counter10__5/CO[3]
                         net (fo=1, routed)           0.000     9.438    freq_gen2/counter10__5_n_0
    SLICE_X0Y110         CARRY4 (Prop_carry4_CI_CO[2])
                                                      0.228     9.666 r  freq_gen2/counter10__6/CO[2]
                         net (fo=17, routed)          0.666    10.332    freq_gen2/r_freq_reg[3][0]
    SLICE_X0Y112         LUT3 (Prop_lut3_I0_O)        0.313    10.645 r  freq_gen2/counter10__8_i_3/O
                         net (fo=1, routed)           0.000    10.645    freq_gen2/counter10__8_i_3_n_0
    SLICE_X0Y112         CARRY4 (Prop_carry4_S[1]_CO[3])
                                                      0.550    11.195 r  freq_gen2/counter10__8/CO[3]
                         net (fo=1, routed)           0.000    11.195    freq_gen2/counter10__8_n_0
    SLICE_X0Y113         CARRY4 (Prop_carry4_CI_CO[3])
                                                      0.114    11.309 r  freq_gen2/counter10__9/CO[3]
                         net (fo=1, routed)           0.000    11.309    freq_gen2/counter10__9_n_0
    SLICE_X0Y114         CARRY4 (Prop_carry4_CI_CO[3])
                                                      0.114    11.423 r  freq_gen2/counter10__10/CO[3]
                         net (fo=19, routed)          1.071    12.494    freq_gen2/r_freq_reg[3]_0[0]
    SLICE_X1Y110         CARRY4 (Prop_carry4_CYINIT_CO[3])
                                                      0.580    13.074 r  freq_gen2/counter10__11/CO[3]
                         net (fo=1, routed)           0.000    13.074    freq_gen2/counter10__11_n_0
    SLICE_X1Y111         CARRY4 (Prop_carry4_CI_CO[3])
                                                      0.114    13.188 r  freq_gen2/counter10__12/CO[3]
                         net (fo=1, routed)           0.000    13.188    freq_gen2/counter10__12_n_0
    SLICE_X1Y112         CARRY4 (Prop_carry4_CI_CO[3])
                                                      0.114    13.302 r  freq_gen2/counter10__13/CO[3]
                         net (fo=1, routed)           0.000    13.302    freq_gen2/counter10__13_n_0
    SLICE_X1Y113         CARRY4 (Prop_carry4_CI_CO[3])
                                                      0.114    13.416 r  freq_gen2/counter10__14/CO[3]
                         net (fo=1, routed)           0.000    13.416    freq_gen2/counter10__14_n_0
    SLICE_X1Y114         CARRY4 (Prop_carry4_CI_CO[0])
                                                      0.271    13.687 r  freq_gen2/counter10__15/CO[0]
                         net (fo=21, routed)          0.613    14.300    freq_gen2/counter10__14_0[0]
    SLICE_X2Y113         CARRY4 (Prop_carry4_CYINIT_CO[3])
                                                      0.844    15.144 r  freq_gen2/counter10__16/CO[3]
                         net (fo=1, routed)           0.000    15.144    freq_gen2/counter10__16_n_0
    SLICE_X2Y114         CARRY4 (Prop_carry4_CI_CO[3])
                                                      0.117    15.261 r  freq_gen2/counter10__17/CO[3]
                         net (fo=1, routed)           0.000    15.261    freq_gen2/counter10__17_n_0
    SLICE_X2Y115         CARRY4 (Prop_carry4_CI_CO[3])
                                                      0.117    15.378 r  freq_gen2/counter10__18/CO[3]
                         net (fo=1, routed)           0.000    15.378    freq_gen2/counter10__18_n_0
    SLICE_X2Y116         CARRY4 (Prop_carry4_CI_CO[3])
                                                      0.117    15.495 r  freq_gen2/counter10__19/CO[3]
                         net (fo=1, routed)           0.000    15.495    freq_gen2/counter10__19_n_0
    SLICE_X2Y117         CARRY4 (Prop_carry4_CI_CO[1])
                                                      0.157    15.652 r  freq_gen2/counter10__20/CO[1]
                         net (fo=23, routed)          0.943    16.595    freq_gen2/counter10__20_i_1_0[0]
    SLICE_X1Y119         LUT3 (Prop_lut3_I0_O)        0.332    16.927 r  freq_gen2/counter10__24_i_4/O
                         net (fo=1, routed)           0.000    16.927    freq_gen2/counter10__24_i_4_n_0
    SLICE_X1Y119         CARRY4 (Prop_carry4_S[0]_CO[3])
                                                      0.532    17.459 r  freq_gen2/counter10__24/CO[3]
                         net (fo=1, routed)           0.000    17.459    freq_gen2/counter10__24_n_0
    SLICE_X1Y120         CARRY4 (Prop_carry4_CI_CO[1])
                                                      0.157    17.616 r  freq_gen2/counter10__25/CO[1]
                         net (fo=23, routed)          0.634    18.251    fsm_buzzer/counter10__26[0]
    SLICE_X0Y119         LUT2 (Prop_lut2_I1_O)        0.329    18.580 r  fsm_buzzer/counter10__26_i_3/O
                         net (fo=1, routed)           0.000    18.580    freq_gen2/counter10__31_0[0]
    SLICE_X0Y119         CARRY4 (Prop_carry4_S[1]_CO[3])
                                                      0.550    19.130 r  freq_gen2/counter10__26/CO[3]
                         net (fo=1, routed)           0.000    19.130    freq_gen2/counter10__26_n_0
    SLICE_X0Y120         CARRY4 (Prop_carry4_CI_CO[3])
                                                      0.114    19.244 r  freq_gen2/counter10__27/CO[3]
                         net (fo=1, routed)           0.000    19.244    freq_gen2/counter10__27_n_0
    SLICE_X0Y121         CARRY4 (Prop_carry4_CI_CO[3])
                                                      0.114    19.358 r  freq_gen2/counter10__28/CO[3]
                         net (fo=1, routed)           0.000    19.358    freq_gen2/counter10__28_n_0
    SLICE_X0Y122         CARRY4 (Prop_carry4_CI_CO[3])
                                                      0.114    19.472 r  freq_gen2/counter10__29/CO[3]
                         net (fo=1, routed)           0.000    19.472    freq_gen2/counter10__29_n_0
    SLICE_X0Y123         CARRY4 (Prop_carry4_CI_CO[1])
                                                      0.157    19.629 r  freq_gen2/counter10__30/CO[1]
                         net (fo=24, routed)          0.698    20.326    freq_gen2/counter10__30_i_2_0[0]
    SLICE_X1Y124         LUT3 (Prop_lut3_I0_O)        0.329    20.655 r  freq_gen2/counter10__32_i_4/O
                         net (fo=1, routed)           0.000    20.655    freq_gen2/counter10__32_i_4_n_0
    SLICE_X1Y124         CARRY4 (Prop_carry4_S[0]_CO[3])
                                                      0.532    21.187 r  freq_gen2/counter10__32/CO[3]
                         net (fo=1, routed)           0.009    21.196    freq_gen2/counter10__32_n_0
    SLICE_X1Y125         CARRY4 (Prop_carry4_CI_CO[3])
                                                      0.114    21.310 r  freq_gen2/counter10__33/CO[3]
                         net (fo=1, routed)           0.000    21.310    freq_gen2/counter10__33_n_0
    SLICE_X1Y126         CARRY4 (Prop_carry4_CI_CO[3])
                                                      0.114    21.424 r  freq_gen2/counter10__34/CO[3]
                         net (fo=1, routed)           0.000    21.424    freq_gen2/counter10__34_n_0
    SLICE_X1Y127         CARRY4 (Prop_carry4_CI_CO[1])
                                                      0.157    21.581 r  freq_gen2/counter10__35/CO[1]
                         net (fo=23, routed)          0.556    22.137    fsm_buzzer/counter10__36[0]
    SLICE_X2Y126         LUT2 (Prop_lut2_I1_O)        0.329    22.466 r  fsm_buzzer/counter10__36_i_3/O
                         net (fo=1, routed)           0.000    22.466    freq_gen2/counter10__41_0[0]
    SLICE_X2Y126         CARRY4 (Prop_carry4_S[1]_CO[3])
                                                      0.533    22.999 r  freq_gen2/counter10__36/CO[3]
                         net (fo=1, routed)           0.000    22.999    freq_gen2/counter10__36_n_0
    SLICE_X2Y127         CARRY4 (Prop_carry4_CI_CO[3])
                                                      0.117    23.116 r  freq_gen2/counter10__37/CO[3]
                         net (fo=1, routed)           0.000    23.116    freq_gen2/counter10__37_n_0
    SLICE_X2Y128         CARRY4 (Prop_carry4_CI_CO[3])
                                                      0.117    23.233 r  freq_gen2/counter10__38/CO[3]
                         net (fo=1, routed)           0.000    23.233    freq_gen2/counter10__38_n_0
    SLICE_X2Y129         CARRY4 (Prop_carry4_CI_CO[3])
                                                      0.117    23.350 r  freq_gen2/counter10__39/CO[3]
                         net (fo=1, routed)           0.000    23.350    freq_gen2/counter10__39_n_0
    SLICE_X2Y130         CARRY4 (Prop_carry4_CI_CO[1])
                                                      0.157    23.507 r  freq_gen2/counter10__40/CO[1]
                         net (fo=24, routed)          0.654    24.161    fsm_buzzer/counter10__41[0]
    SLICE_X0Y129         LUT2 (Prop_lut2_I1_O)        0.332    24.493 r  fsm_buzzer/counter10__41_i_4/O
                         net (fo=1, routed)           0.000    24.493    freq_gen2/counter10__46_1[0]
    SLICE_X0Y129         CARRY4 (Prop_carry4_S[1]_CO[3])
                                                      0.550    25.043 r  freq_gen2/counter10__41/CO[3]
                         net (fo=1, routed)           0.000    25.043    freq_gen2/counter10__41_n_0
    SLICE_X0Y130         CARRY4 (Prop_carry4_CI_CO[3])
                                                      0.114    25.157 r  freq_gen2/counter10__42/CO[3]
                         net (fo=1, routed)           0.000    25.157    freq_gen2/counter10__42_n_0
    SLICE_X0Y131         CARRY4 (Prop_carry4_CI_CO[3])
                                                      0.114    25.271 r  freq_gen2/counter10__43/CO[3]
                         net (fo=1, routed)           0.000    25.271    freq_gen2/counter10__43_n_0
    SLICE_X0Y132         CARRY4 (Prop_carry4_CI_CO[3])
                                                      0.114    25.385 r  freq_gen2/counter10__44/CO[3]
                         net (fo=1, routed)           0.000    25.385    freq_gen2/counter10__44_n_0
    SLICE_X0Y133         CARRY4 (Prop_carry4_CI_CO[1])
                                                      0.157    25.542 r  freq_gen2/counter10__45/CO[1]
                         net (fo=24, routed)          0.602    26.144    fsm_buzzer/counter10__46[15]
    SLICE_X1Y131         LUT2 (Prop_lut2_I1_O)        0.329    26.473 r  fsm_buzzer/counter10__46_i_3/O
                         net (fo=1, routed)           0.000    26.473    freq_gen2/counter10__51_0[0]
    SLICE_X1Y131         CARRY4 (Prop_carry4_S[1]_CO[3])
                                                      0.550    27.023 r  freq_gen2/counter10__46/CO[3]
                         net (fo=1, routed)           0.000    27.023    freq_gen2/counter10__46_n_0
    SLICE_X1Y132         CARRY4 (Prop_carry4_CI_CO[3])
                                                      0.114    27.137 r  freq_gen2/counter10__47/CO[3]
                         net (fo=1, routed)           0.000    27.137    freq_gen2/counter10__47_n_0
    SLICE_X1Y133         CARRY4 (Prop_carry4_CI_CO[3])
                                                      0.114    27.251 r  freq_gen2/counter10__48/CO[3]
                         net (fo=1, routed)           0.000    27.251    freq_gen2/counter10__48_n_0
    SLICE_X1Y134         CARRY4 (Prop_carry4_CI_CO[3])
                                                      0.114    27.365 r  freq_gen2/counter10__49/CO[3]
                         net (fo=1, routed)           0.000    27.365    freq_gen2/counter10__49_n_0
    SLICE_X1Y135         CARRY4 (Prop_carry4_CI_CO[1])
                                                      0.157    27.522 r  freq_gen2/counter10__50/CO[1]
                         net (fo=24, routed)          0.540    28.062    fsm_buzzer/counter10__46[14]
    SLICE_X2Y134         LUT2 (Prop_lut2_I1_O)        0.329    28.391 r  fsm_buzzer/counter10__51_i_3/O
                         net (fo=1, routed)           0.000    28.391    freq_gen2/counter10__56_0[0]
    SLICE_X2Y134         CARRY4 (Prop_carry4_S[1]_CO[3])
                                                      0.533    28.924 r  freq_gen2/counter10__51/CO[3]
                         net (fo=1, routed)           0.000    28.924    freq_gen2/counter10__51_n_0
    SLICE_X2Y135         CARRY4 (Prop_carry4_CI_CO[3])
                                                      0.117    29.041 r  freq_gen2/counter10__52/CO[3]
                         net (fo=1, routed)           0.000    29.041    freq_gen2/counter10__52_n_0
    SLICE_X2Y136         CARRY4 (Prop_carry4_CI_CO[3])
                                                      0.117    29.158 r  freq_gen2/counter10__53/CO[3]
                         net (fo=1, routed)           0.000    29.158    freq_gen2/counter10__53_n_0
    SLICE_X2Y137         CARRY4 (Prop_carry4_CI_CO[3])
                                                      0.117    29.275 r  freq_gen2/counter10__54/CO[3]
                         net (fo=1, routed)           0.000    29.275    freq_gen2/counter10__54_n_0
    SLICE_X2Y138         CARRY4 (Prop_carry4_CI_CO[1])
                                                      0.157    29.432 r  freq_gen2/counter10__55/CO[1]
                         net (fo=24, routed)          0.710    30.141    freq_gen2/counter10__45_i_2_0[13]
    SLICE_X6Y137         CARRY4 (Prop_carry4_CYINIT_CO[3])
                                                      0.803    30.944 r  freq_gen2/counter10__56/CO[3]
                         net (fo=1, routed)           0.000    30.944    freq_gen2/counter10__56_n_0
    SLICE_X6Y138         CARRY4 (Prop_carry4_CI_CO[3])
                                                      0.117    31.061 r  freq_gen2/counter10__57/CO[3]
                         net (fo=1, routed)           0.000    31.061    freq_gen2/counter10__57_n_0
    SLICE_X6Y139         CARRY4 (Prop_carry4_CI_CO[3])
                                                      0.117    31.178 r  freq_gen2/counter10__58/CO[3]
                         net (fo=1, routed)           0.000    31.178    freq_gen2/counter10__58_n_0
    SLICE_X6Y140         CARRY4 (Prop_carry4_CI_CO[3])
                                                      0.117    31.295 r  freq_gen2/counter10__59/CO[3]
                         net (fo=1, routed)           0.000    31.295    freq_gen2/counter10__59_n_0
    SLICE_X6Y141         CARRY4 (Prop_carry4_CI_CO[1])
                                                      0.157    31.452 r  freq_gen2/counter10__60/CO[1]
                         net (fo=24, routed)          0.769    32.222    fsm_buzzer/counter10__46[12]
    SLICE_X9Y139         LUT2 (Prop_lut2_I1_O)        0.332    32.554 r  fsm_buzzer/counter10__61_i_3/O
                         net (fo=1, routed)           0.000    32.554    freq_gen2/counter10__66_0[0]
    SLICE_X9Y139         CARRY4 (Prop_carry4_S[1]_CO[3])
                                                      0.550    33.104 r  freq_gen2/counter10__61/CO[3]
                         net (fo=1, routed)           0.000    33.104    freq_gen2/counter10__61_n_0
    SLICE_X9Y140         CARRY4 (Prop_carry4_CI_CO[3])
                                                      0.114    33.218 r  freq_gen2/counter10__62/CO[3]
                         net (fo=1, routed)           0.000    33.218    freq_gen2/counter10__62_n_0
    SLICE_X9Y141         CARRY4 (Prop_carry4_CI_CO[3])
                                                      0.114    33.332 r  freq_gen2/counter10__63/CO[3]
                         net (fo=1, routed)           0.000    33.332    freq_gen2/counter10__63_n_0
    SLICE_X9Y142         CARRY4 (Prop_carry4_CI_CO[3])
                                                      0.114    33.446 r  freq_gen2/counter10__64/CO[3]
                         net (fo=1, routed)           0.000    33.446    freq_gen2/counter10__64_n_0
    SLICE_X9Y143         CARRY4 (Prop_carry4_CI_CO[1])
                                                      0.157    33.603 r  freq_gen2/counter10__65/CO[1]
                         net (fo=25, routed)          0.893    34.496    fsm_buzzer/counter10__46[11]
    SLICE_X10Y139        LUT2 (Prop_lut2_I1_O)        0.329    34.825 r  fsm_buzzer/counter10__66_i_4/O
                         net (fo=1, routed)           0.000    34.825    freq_gen2/counter10__71_1[0]
    SLICE_X10Y139        CARRY4 (Prop_carry4_S[1]_CO[3])
                                                      0.533    35.358 r  freq_gen2/counter10__66/CO[3]
                         net (fo=1, routed)           0.000    35.358    freq_gen2/counter10__66_n_0
    SLICE_X10Y140        CARRY4 (Prop_carry4_CI_CO[3])
                                                      0.117    35.475 r  freq_gen2/counter10__67/CO[3]
                         net (fo=1, routed)           0.000    35.475    freq_gen2/counter10__67_n_0
    SLICE_X10Y141        CARRY4 (Prop_carry4_CI_CO[3])
                                                      0.117    35.592 r  freq_gen2/counter10__68/CO[3]
                         net (fo=1, routed)           0.000    35.592    freq_gen2/counter10__68_n_0
    SLICE_X10Y142        CARRY4 (Prop_carry4_CI_CO[3])
                                                      0.117    35.709 r  freq_gen2/counter10__69/CO[3]
                         net (fo=1, routed)           0.000    35.709    freq_gen2/counter10__69_n_0
    SLICE_X10Y143        CARRY4 (Prop_carry4_CI_CO[1])
                                                      0.157    35.866 r  freq_gen2/counter10__70/CO[1]
                         net (fo=25, routed)          0.694    36.560    fsm_buzzer/counter10__46[10]
    SLICE_X11Y142        LUT2 (Prop_lut2_I1_O)        0.332    36.892 r  fsm_buzzer/counter10__71_i_4/O
                         net (fo=1, routed)           0.000    36.892    freq_gen2/counter10__76_1[0]
    SLICE_X11Y142        CARRY4 (Prop_carry4_S[1]_CO[3])
                                                      0.550    37.442 r  freq_gen2/counter10__71/CO[3]
                         net (fo=1, routed)           0.000    37.442    freq_gen2/counter10__71_n_0
    SLICE_X11Y143        CARRY4 (Prop_carry4_CI_CO[3])
                                                      0.114    37.556 r  freq_gen2/counter10__72/CO[3]
                         net (fo=1, routed)           0.000    37.556    freq_gen2/counter10__72_n_0
    SLICE_X11Y144        CARRY4 (Prop_carry4_CI_CO[3])
                                                      0.114    37.670 r  freq_gen2/counter10__73/CO[3]
                         net (fo=1, routed)           0.000    37.670    freq_gen2/counter10__73_n_0
    SLICE_X11Y145        CARRY4 (Prop_carry4_CI_CO[3])
                                                      0.114    37.784 r  freq_gen2/counter10__74/CO[3]
                         net (fo=1, routed)           0.000    37.784    freq_gen2/counter10__74_n_0
    SLICE_X11Y146        CARRY4 (Prop_carry4_CI_CO[1])
                                                      0.157    37.941 r  freq_gen2/counter10__75/CO[1]
                         net (fo=25, routed)          0.707    38.648    fsm_buzzer/counter10__46[9]
    SLICE_X10Y144        LUT2 (Prop_lut2_I1_O)        0.329    38.977 r  fsm_buzzer/counter10__76_i_4/O
                         net (fo=1, routed)           0.000    38.977    freq_gen2/counter10__81_1[0]
    SLICE_X10Y144        CARRY4 (Prop_carry4_S[1]_CO[3])
                                                      0.533    39.510 r  freq_gen2/counter10__76/CO[3]
                         net (fo=1, routed)           0.000    39.510    freq_gen2/counter10__76_n_0
    SLICE_X10Y145        CARRY4 (Prop_carry4_CI_CO[3])
                                                      0.117    39.627 r  freq_gen2/counter10__77/CO[3]
                         net (fo=1, routed)           0.000    39.627    freq_gen2/counter10__77_n_0
    SLICE_X10Y146        CARRY4 (Prop_carry4_CI_CO[3])
                                                      0.117    39.744 r  freq_gen2/counter10__78/CO[3]
                         net (fo=1, routed)           0.000    39.744    freq_gen2/counter10__78_n_0
    SLICE_X10Y147        CARRY4 (Prop_carry4_CI_CO[3])
                                                      0.117    39.861 r  freq_gen2/counter10__79/CO[3]
                         net (fo=1, routed)           0.000    39.861    freq_gen2/counter10__79_n_0
    SLICE_X10Y148        CARRY4 (Prop_carry4_CI_CO[1])
                                                      0.157    40.018 r  freq_gen2/counter10__80/CO[1]
                         net (fo=25, routed)          0.738    40.756    fsm_buzzer/counter10__46[8]
    SLICE_X9Y144         LUT2 (Prop_lut2_I1_O)        0.332    41.088 r  fsm_buzzer/counter10__81_i_4/O
                         net (fo=1, routed)           0.000    41.088    freq_gen2/counter10__86_1[0]
    SLICE_X9Y144         CARRY4 (Prop_carry4_S[1]_CO[3])
                                                      0.550    41.638 r  freq_gen2/counter10__81/CO[3]
                         net (fo=1, routed)           0.000    41.638    freq_gen2/counter10__81_n_0
    SLICE_X9Y145         CARRY4 (Prop_carry4_CI_CO[3])
                                                      0.114    41.752 r  freq_gen2/counter10__82/CO[3]
                         net (fo=1, routed)           0.000    41.752    freq_gen2/counter10__82_n_0
    SLICE_X9Y146         CARRY4 (Prop_carry4_CI_CO[3])
                                                      0.114    41.866 r  freq_gen2/counter10__83/CO[3]
                         net (fo=1, routed)           0.000    41.866    freq_gen2/counter10__83_n_0
    SLICE_X9Y147         CARRY4 (Prop_carry4_CI_CO[3])
                                                      0.114    41.980 r  freq_gen2/counter10__84/CO[3]
                         net (fo=1, routed)           0.000    41.980    freq_gen2/counter10__84_n_0
    SLICE_X9Y148         CARRY4 (Prop_carry4_CI_CO[1])
                                                      0.157    42.137 r  freq_gen2/counter10__85/CO[1]
                         net (fo=24, routed)          0.858    42.995    fsm_buzzer/counter10__46[7]
    SLICE_X7Y144         LUT2 (Prop_lut2_I1_O)        0.329    43.324 r  fsm_buzzer/counter10__86_i_3/O
                         net (fo=1, routed)           0.000    43.324    freq_gen2/counter10__91_0[0]
    SLICE_X7Y144         CARRY4 (Prop_carry4_S[1]_CO[3])
                                                      0.550    43.874 r  freq_gen2/counter10__86/CO[3]
                         net (fo=1, routed)           0.000    43.874    freq_gen2/counter10__86_n_0
    SLICE_X7Y145         CARRY4 (Prop_carry4_CI_CO[3])
                                                      0.114    43.988 r  freq_gen2/counter10__87/CO[3]
                         net (fo=1, routed)           0.000    43.988    freq_gen2/counter10__87_n_0
    SLICE_X7Y146         CARRY4 (Prop_carry4_CI_CO[3])
                                                      0.114    44.102 r  freq_gen2/counter10__88/CO[3]
                         net (fo=1, routed)           0.000    44.102    freq_gen2/counter10__88_n_0
    SLICE_X7Y147         CARRY4 (Prop_carry4_CI_CO[3])
                                                      0.114    44.216 r  freq_gen2/counter10__89/CO[3]
                         net (fo=1, routed)           0.000    44.216    freq_gen2/counter10__89_n_0
    SLICE_X7Y148         CARRY4 (Prop_carry4_CI_CO[1])
                                                      0.157    44.373 r  freq_gen2/counter10__90/CO[1]
                         net (fo=25, routed)          0.829    45.202    fsm_buzzer/counter10__46[6]
    SLICE_X6Y144         LUT2 (Prop_lut2_I1_O)        0.329    45.531 r  fsm_buzzer/counter10__91_i_4/O
                         net (fo=1, routed)           0.000    45.531    freq_gen2/counter10__96_1[0]
    SLICE_X6Y144         CARRY4 (Prop_carry4_S[1]_CO[3])
                                                      0.533    46.064 r  freq_gen2/counter10__91/CO[3]
                         net (fo=1, routed)           0.000    46.064    freq_gen2/counter10__91_n_0
    SLICE_X6Y145         CARRY4 (Prop_carry4_CI_CO[3])
                                                      0.117    46.181 r  freq_gen2/counter10__92/CO[3]
                         net (fo=1, routed)           0.000    46.181    freq_gen2/counter10__92_n_0
    SLICE_X6Y146         CARRY4 (Prop_carry4_CI_CO[3])
                                                      0.117    46.298 r  freq_gen2/counter10__93/CO[3]
                         net (fo=1, routed)           0.000    46.298    freq_gen2/counter10__93_n_0
    SLICE_X6Y147         CARRY4 (Prop_carry4_CI_CO[3])
                                                      0.117    46.415 r  freq_gen2/counter10__94/CO[3]
                         net (fo=1, routed)           0.000    46.415    freq_gen2/counter10__94_n_0
    SLICE_X6Y148         CARRY4 (Prop_carry4_CI_CO[1])
                                                      0.157    46.572 r  freq_gen2/counter10__95/CO[1]
                         net (fo=25, routed)          0.934    47.506    freq_gen2/counter10__45_i_2_0[5]
    SLICE_X5Y140         LUT2 (Prop_lut2_I1_O)        0.332    47.838 r  freq_gen2/counter1[6]_i_1/O
                         net (fo=1, routed)           0.000    47.838    freq_gen2/p_1_in[6]
    SLICE_X5Y140         FDCE                                         r  freq_gen2/counter1_reg[6]/D
  -------------------------------------------------------------------    -------------------

                         (clock sys_clk_pin rise edge)
                                                     10.000    10.000 r  
    W5                                                0.000    10.000 r  sysclk (IN)
                         net (fo=0)                   0.000    10.000    sysclk
    W5                   IBUF (Prop_ibuf_I_O)         1.388    11.388 r  sysclk_IBUF_inst/O
                         net (fo=1, routed)           1.862    13.250    sysclk_IBUF
    BUFGCTRL_X0Y0        BUFG (Prop_bufg_I_O)         0.091    13.341 r  sysclk_IBUF_BUFG_inst/O
                         net (fo=130, routed)         1.680    15.021    freq_gen2/CLK
    SLICE_X5Y140         FDCE                                         r  freq_gen2/counter1_reg[6]/C
                         clock pessimism              0.267    15.288    
                         clock uncertainty           -0.035    15.253    
    SLICE_X5Y140         FDCE (Setup_fdce_C_D)        0.029    15.282    freq_gen2/counter1_reg[6]
  -------------------------------------------------------------------
                         required time                         15.282    
                         arrival time                         -47.838    
  -------------------------------------------------------------------
                         slack                                -32.556    

Slack (VIOLATED) :        -31.037ns  (required time - arrival time)
  Source:                 fsm_buzzer/r_freq_reg[0]_replica/C
                            (rising edge-triggered cell FDRE clocked by sys_clk_pin  {rise@0.000ns fall@5.000ns period=10.000ns})
  Destination:            freq_gen2/counter1_reg[7]/D
                            (rising edge-triggered cell FDCE clocked by sys_clk_pin  {rise@0.000ns fall@5.000ns period=10.000ns})
  Path Group:             sys_clk_pin
  Path Type:              Setup (Max at Slow Process Corner)
  Requirement:            10.000ns  (sys_clk_pin rise@10.000ns - sys_clk_pin rise@0.000ns)
  Data Path Delay:        41.036ns  (logic 25.661ns (62.533%)  route 15.375ns (37.467%))
  Logic Levels:           103  (CARRY4=87 LUT2=13 LUT3=3)
  Clock Path Skew:        -0.041ns (DCD - SCD + CPR)
    Destination Clock Delay (DCD):    5.021ns = ( 15.021 - 10.000 ) 
    Source Clock Delay      (SCD):    5.329ns
    Clock Pessimism Removal (CPR):    0.267ns
  Clock Uncertainty:      0.035ns  ((TSJ^2 + TIJ^2)^1/2 + DJ) / 2 + PE
    Total System Jitter     (TSJ):    0.071ns
    Total Input Jitter      (TIJ):    0.000ns
    Discrete Jitter          (DJ):    0.000ns
    Phase Error              (PE):    0.000ns

    Location             Delay type                Incr(ns)  Path(ns)    Netlist Resource(s)
  -------------------------------------------------------------------    -------------------
                         (clock sys_clk_pin rise edge)
                                                      0.000     0.000 r  
    W5                                                0.000     0.000 r  sysclk (IN)
                         net (fo=0)                   0.000     0.000    sysclk
    W5                   IBUF (Prop_ibuf_I_O)         1.458     1.458 r  sysclk_IBUF_inst/O
                         net (fo=1, routed)           1.967     3.425    sysclk_IBUF
    BUFGCTRL_X0Y0        BUFG (Prop_bufg_I_O)         0.096     3.521 r  sysclk_IBUF_BUFG_inst/O
                         net (fo=130, routed)         1.808     5.329    fsm_buzzer/CLK
    SLICE_X1Y107         FDRE                                         r  fsm_buzzer/r_freq_reg[0]_replica/C
  -------------------------------------------------------------------    -------------------
    SLICE_X1Y107         FDRE (Prop_fdre_C_Q)         0.456     5.785 r  fsm_buzzer/r_freq_reg[0]_replica/Q
                         net (fo=6, routed)           0.446     6.231    freq_gen2/Q[0]_repN_alias
    SLICE_X2Y108         CARRY4 (Prop_carry4_S[0]_CO[3])
                                                      0.637     6.868 r  freq_gen2/counter10/CO[3]
                         net (fo=1, routed)           0.000     6.868    freq_gen2/counter10_n_0
    SLICE_X2Y109         CARRY4 (Prop_carry4_CI_CO[3])
                                                      0.117     6.985 r  freq_gen2/counter10__0/CO[3]
                         net (fo=1, routed)           0.000     6.985    freq_gen2/counter10__0_n_0
    SLICE_X2Y110         CARRY4 (Prop_carry4_CI_CO[3])
                                                      0.117     7.102 r  freq_gen2/counter10__1/CO[3]
                         net (fo=1, routed)           0.000     7.102    freq_gen2/counter10__1_n_0
    SLICE_X2Y111         CARRY4 (Prop_carry4_CI_CO[0])
                                                      0.254     7.356 r  freq_gen2/counter10__2/CO[0]
                         net (fo=16, routed)          0.937     8.293    fsm_buzzer/CO[0]
    SLICE_X0Y107         LUT2 (Prop_lut2_I1_O)        0.367     8.660 r  fsm_buzzer/counter10__3_i_4/O
                         net (fo=1, routed)           0.000     8.660    freq_gen2/counter10__7_1[0]
    SLICE_X0Y107         CARRY4 (Prop_carry4_S[1]_CO[3])
                                                      0.550     9.210 r  freq_gen2/counter10__3/CO[3]
                         net (fo=1, routed)           0.000     9.210    freq_gen2/counter10__3_n_0
    SLICE_X0Y108         CARRY4 (Prop_carry4_CI_CO[3])
                                                      0.114     9.324 r  freq_gen2/counter10__4/CO[3]
                         net (fo=1, routed)           0.000     9.324    freq_gen2/counter10__4_n_0
    SLICE_X0Y109         CARRY4 (Prop_carry4_CI_CO[3])
                                                      0.114     9.438 r  freq_gen2/counter10__5/CO[3]
                         net (fo=1, routed)           0.000     9.438    freq_gen2/counter10__5_n_0
    SLICE_X0Y110         CARRY4 (Prop_carry4_CI_CO[2])
                                                      0.228     9.666 r  freq_gen2/counter10__6/CO[2]
                         net (fo=17, routed)          0.666    10.332    freq_gen2/r_freq_reg[3][0]
    SLICE_X0Y112         LUT3 (Prop_lut3_I0_O)        0.313    10.645 r  freq_gen2/counter10__8_i_3/O
                         net (fo=1, routed)           0.000    10.645    freq_gen2/counter10__8_i_3_n_0
    SLICE_X0Y112         CARRY4 (Prop_carry4_S[1]_CO[3])
                                                      0.550    11.195 r  freq_gen2/counter10__8/CO[3]
                         net (fo=1, routed)           0.000    11.195    freq_gen2/counter10__8_n_0
    SLICE_X0Y113         CARRY4 (Prop_carry4_CI_CO[3])
                                                      0.114    11.309 r  freq_gen2/counter10__9/CO[3]
                         net (fo=1, routed)           0.000    11.309    freq_gen2/counter10__9_n_0
    SLICE_X0Y114         CARRY4 (Prop_carry4_CI_CO[3])
                                                      0.114    11.423 r  freq_gen2/counter10__10/CO[3]
                         net (fo=19, routed)          1.071    12.494    freq_gen2/r_freq_reg[3]_0[0]
    SLICE_X1Y110         CARRY4 (Prop_carry4_CYINIT_CO[3])
                                                      0.580    13.074 r  freq_gen2/counter10__11/CO[3]
                         net (fo=1, routed)           0.000    13.074    freq_gen2/counter10__11_n_0
    SLICE_X1Y111         CARRY4 (Prop_carry4_CI_CO[3])
                                                      0.114    13.188 r  freq_gen2/counter10__12/CO[3]
                         net (fo=1, routed)           0.000    13.188    freq_gen2/counter10__12_n_0
    SLICE_X1Y112         CARRY4 (Prop_carry4_CI_CO[3])
                                                      0.114    13.302 r  freq_gen2/counter10__13/CO[3]
                         net (fo=1, routed)           0.000    13.302    freq_gen2/counter10__13_n_0
    SLICE_X1Y113         CARRY4 (Prop_carry4_CI_CO[3])
                                                      0.114    13.416 r  freq_gen2/counter10__14/CO[3]
                         net (fo=1, routed)           0.000    13.416    freq_gen2/counter10__14_n_0
    SLICE_X1Y114         CARRY4 (Prop_carry4_CI_CO[0])
                                                      0.271    13.687 r  freq_gen2/counter10__15/CO[0]
                         net (fo=21, routed)          0.613    14.300    freq_gen2/counter10__14_0[0]
    SLICE_X2Y113         CARRY4 (Prop_carry4_CYINIT_CO[3])
                                                      0.844    15.144 r  freq_gen2/counter10__16/CO[3]
                         net (fo=1, routed)           0.000    15.144    freq_gen2/counter10__16_n_0
    SLICE_X2Y114         CARRY4 (Prop_carry4_CI_CO[3])
                                                      0.117    15.261 r  freq_gen2/counter10__17/CO[3]
                         net (fo=1, routed)           0.000    15.261    freq_gen2/counter10__17_n_0
    SLICE_X2Y115         CARRY4 (Prop_carry4_CI_CO[3])
                                                      0.117    15.378 r  freq_gen2/counter10__18/CO[3]
                         net (fo=1, routed)           0.000    15.378    freq_gen2/counter10__18_n_0
    SLICE_X2Y116         CARRY4 (Prop_carry4_CI_CO[3])
                                                      0.117    15.495 r  freq_gen2/counter10__19/CO[3]
                         net (fo=1, routed)           0.000    15.495    freq_gen2/counter10__19_n_0
    SLICE_X2Y117         CARRY4 (Prop_carry4_CI_CO[1])
                                                      0.157    15.652 r  freq_gen2/counter10__20/CO[1]
                         net (fo=23, routed)          0.943    16.595    freq_gen2/counter10__20_i_1_0[0]
    SLICE_X1Y119         LUT3 (Prop_lut3_I0_O)        0.332    16.927 r  freq_gen2/counter10__24_i_4/O
                         net (fo=1, routed)           0.000    16.927    freq_gen2/counter10__24_i_4_n_0
    SLICE_X1Y119         CARRY4 (Prop_carry4_S[0]_CO[3])
                                                      0.532    17.459 r  freq_gen2/counter10__24/CO[3]
                         net (fo=1, routed)           0.000    17.459    freq_gen2/counter10__24_n_0
    SLICE_X1Y120         CARRY4 (Prop_carry4_CI_CO[1])
                                                      0.157    17.616 r  freq_gen2/counter10__25/CO[1]
                         net (fo=23, routed)          0.634    18.251    fsm_buzzer/counter10__26[0]
    SLICE_X0Y119         LUT2 (Prop_lut2_I1_O)        0.329    18.580 r  fsm_buzzer/counter10__26_i_3/O
                         net (fo=1, routed)           0.000    18.580    freq_gen2/counter10__31_0[0]
    SLICE_X0Y119         CARRY4 (Prop_carry4_S[1]_CO[3])
                                                      0.550    19.130 r  freq_gen2/counter10__26/CO[3]
                         net (fo=1, routed)           0.000    19.130    freq_gen2/counter10__26_n_0
    SLICE_X0Y120         CARRY4 (Prop_carry4_CI_CO[3])
                                                      0.114    19.244 r  freq_gen2/counter10__27/CO[3]
                         net (fo=1, routed)           0.000    19.244    freq_gen2/counter10__27_n_0
    SLICE_X0Y121         CARRY4 (Prop_carry4_CI_CO[3])
                                                      0.114    19.358 r  freq_gen2/counter10__28/CO[3]
                         net (fo=1, routed)           0.000    19.358    freq_gen2/counter10__28_n_0
    SLICE_X0Y122         CARRY4 (Prop_carry4_CI_CO[3])
                                                      0.114    19.472 r  freq_gen2/counter10__29/CO[3]
                         net (fo=1, routed)           0.000    19.472    freq_gen2/counter10__29_n_0
    SLICE_X0Y123         CARRY4 (Prop_carry4_CI_CO[1])
                                                      0.157    19.629 r  freq_gen2/counter10__30/CO[1]
                         net (fo=24, routed)          0.698    20.326    freq_gen2/counter10__30_i_2_0[0]
    SLICE_X1Y124         LUT3 (Prop_lut3_I0_O)        0.329    20.655 r  freq_gen2/counter10__32_i_4/O
                         net (fo=1, routed)           0.000    20.655    freq_gen2/counter10__32_i_4_n_0
    SLICE_X1Y124         CARRY4 (Prop_carry4_S[0]_CO[3])
                                                      0.532    21.187 r  freq_gen2/counter10__32/CO[3]
                         net (fo=1, routed)           0.009    21.196    freq_gen2/counter10__32_n_0
    SLICE_X1Y125         CARRY4 (Prop_carry4_CI_CO[3])
                                                      0.114    21.310 r  freq_gen2/counter10__33/CO[3]
                         net (fo=1, routed)           0.000    21.310    freq_gen2/counter10__33_n_0
    SLICE_X1Y126         CARRY4 (Prop_carry4_CI_CO[3])
                                                      0.114    21.424 r  freq_gen2/counter10__34/CO[3]
                         net (fo=1, routed)           0.000    21.424    freq_gen2/counter10__34_n_0
    SLICE_X1Y127         CARRY4 (Prop_carry4_CI_CO[1])
                                                      0.157    21.581 r  freq_gen2/counter10__35/CO[1]
                         net (fo=23, routed)          0.556    22.137    fsm_buzzer/counter10__36[0]
    SLICE_X2Y126         LUT2 (Prop_lut2_I1_O)        0.329    22.466 r  fsm_buzzer/counter10__36_i_3/O
                         net (fo=1, routed)           0.000    22.466    freq_gen2/counter10__41_0[0]
    SLICE_X2Y126         CARRY4 (Prop_carry4_S[1]_CO[3])
                                                      0.533    22.999 r  freq_gen2/counter10__36/CO[3]
                         net (fo=1, routed)           0.000    22.999    freq_gen2/counter10__36_n_0
    SLICE_X2Y127         CARRY4 (Prop_carry4_CI_CO[3])
                                                      0.117    23.116 r  freq_gen2/counter10__37/CO[3]
                         net (fo=1, routed)           0.000    23.116    freq_gen2/counter10__37_n_0
    SLICE_X2Y128         CARRY4 (Prop_carry4_CI_CO[3])
                                                      0.117    23.233 r  freq_gen2/counter10__38/CO[3]
                         net (fo=1, routed)           0.000    23.233    freq_gen2/counter10__38_n_0
    SLICE_X2Y129         CARRY4 (Prop_carry4_CI_CO[3])
                                                      0.117    23.350 r  freq_gen2/counter10__39/CO[3]
                         net (fo=1, routed)           0.000    23.350    freq_gen2/counter10__39_n_0
    SLICE_X2Y130         CARRY4 (Prop_carry4_CI_CO[1])
                                                      0.157    23.507 r  freq_gen2/counter10__40/CO[1]
                         net (fo=24, routed)          0.654    24.161    fsm_buzzer/counter10__41[0]
    SLICE_X0Y129         LUT2 (Prop_lut2_I1_O)        0.332    24.493 r  fsm_buzzer/counter10__41_i_4/O
                         net (fo=1, routed)           0.000    24.493    freq_gen2/counter10__46_1[0]
    SLICE_X0Y129         CARRY4 (Prop_carry4_S[1]_CO[3])
                                                      0.550    25.043 r  freq_gen2/counter10__41/CO[3]
                         net (fo=1, routed)           0.000    25.043    freq_gen2/counter10__41_n_0
    SLICE_X0Y130         CARRY4 (Prop_carry4_CI_CO[3])
                                                      0.114    25.157 r  freq_gen2/counter10__42/CO[3]
                         net (fo=1, routed)           0.000    25.157    freq_gen2/counter10__42_n_0
    SLICE_X0Y131         CARRY4 (Prop_carry4_CI_CO[3])
                                                      0.114    25.271 r  freq_gen2/counter10__43/CO[3]
                         net (fo=1, routed)           0.000    25.271    freq_gen2/counter10__43_n_0
    SLICE_X0Y132         CARRY4 (Prop_carry4_CI_CO[3])
                                                      0.114    25.385 r  freq_gen2/counter10__44/CO[3]
                         net (fo=1, routed)           0.000    25.385    freq_gen2/counter10__44_n_0
    SLICE_X0Y133         CARRY4 (Prop_carry4_CI_CO[1])
                                                      0.157    25.542 r  freq_gen2/counter10__45/CO[1]
                         net (fo=24, routed)          0.602    26.144    fsm_buzzer/counter10__46[15]
    SLICE_X1Y131         LUT2 (Prop_lut2_I1_O)        0.329    26.473 r  fsm_buzzer/counter10__46_i_3/O
                         net (fo=1, routed)           0.000    26.473    freq_gen2/counter10__51_0[0]
    SLICE_X1Y131         CARRY4 (Prop_carry4_S[1]_CO[3])
                                                      0.550    27.023 r  freq_gen2/counter10__46/CO[3]
                         net (fo=1, routed)           0.000    27.023    freq_gen2/counter10__46_n_0
    SLICE_X1Y132         CARRY4 (Prop_carry4_CI_CO[3])
                                                      0.114    27.137 r  freq_gen2/counter10__47/CO[3]
                         net (fo=1, routed)           0.000    27.137    freq_gen2/counter10__47_n_0
    SLICE_X1Y133         CARRY4 (Prop_carry4_CI_CO[3])
                                                      0.114    27.251 r  freq_gen2/counter10__48/CO[3]
                         net (fo=1, routed)           0.000    27.251    freq_gen2/counter10__48_n_0
    SLICE_X1Y134         CARRY4 (Prop_carry4_CI_CO[3])
                                                      0.114    27.365 r  freq_gen2/counter10__49/CO[3]
                         net (fo=1, routed)           0.000    27.365    freq_gen2/counter10__49_n_0
    SLICE_X1Y135         CARRY4 (Prop_carry4_CI_CO[1])
                                                      0.157    27.522 r  freq_gen2/counter10__50/CO[1]
                         net (fo=24, routed)          0.540    28.062    fsm_buzzer/counter10__46[14]
    SLICE_X2Y134         LUT2 (Prop_lut2_I1_O)        0.329    28.391 r  fsm_buzzer/counter10__51_i_3/O
                         net (fo=1, routed)           0.000    28.391    freq_gen2/counter10__56_0[0]
    SLICE_X2Y134         CARRY4 (Prop_carry4_S[1]_CO[3])
                                                      0.533    28.924 r  freq_gen2/counter10__51/CO[3]
                         net (fo=1, routed)           0.000    28.924    freq_gen2/counter10__51_n_0
    SLICE_X2Y135         CARRY4 (Prop_carry4_CI_CO[3])
                                                      0.117    29.041 r  freq_gen2/counter10__52/CO[3]
                         net (fo=1, routed)           0.000    29.041    freq_gen2/counter10__52_n_0
    SLICE_X2Y136         CARRY4 (Prop_carry4_CI_CO[3])
                                                      0.117    29.158 r  freq_gen2/counter10__53/CO[3]
                         net (fo=1, routed)           0.000    29.158    freq_gen2/counter10__53_n_0
    SLICE_X2Y137         CARRY4 (Prop_carry4_CI_CO[3])
                                                      0.117    29.275 r  freq_gen2/counter10__54/CO[3]
                         net (fo=1, routed)           0.000    29.275    freq_gen2/counter10__54_n_0
    SLICE_X2Y138         CARRY4 (Prop_carry4_CI_CO[1])
                                                      0.157    29.432 r  freq_gen2/counter10__55/CO[1]
                         net (fo=24, routed)          0.710    30.141    freq_gen2/counter10__45_i_2_0[13]
    SLICE_X6Y137         CARRY4 (Prop_carry4_CYINIT_CO[3])
                                                      0.803    30.944 r  freq_gen2/counter10__56/CO[3]
                         net (fo=1, routed)           0.000    30.944    freq_gen2/counter10__56_n_0
    SLICE_X6Y138         CARRY4 (Prop_carry4_CI_CO[3])
                                                      0.117    31.061 r  freq_gen2/counter10__57/CO[3]
                         net (fo=1, routed)           0.000    31.061    freq_gen2/counter10__57_n_0
    SLICE_X6Y139         CARRY4 (Prop_carry4_CI_CO[3])
                                                      0.117    31.178 r  freq_gen2/counter10__58/CO[3]
                         net (fo=1, routed)           0.000    31.178    freq_gen2/counter10__58_n_0
    SLICE_X6Y140         CARRY4 (Prop_carry4_CI_CO[3])
                                                      0.117    31.295 r  freq_gen2/counter10__59/CO[3]
                         net (fo=1, routed)           0.000    31.295    freq_gen2/counter10__59_n_0
    SLICE_X6Y141         CARRY4 (Prop_carry4_CI_CO[1])
                                                      0.157    31.452 r  freq_gen2/counter10__60/CO[1]
                         net (fo=24, routed)          0.769    32.222    fsm_buzzer/counter10__46[12]
    SLICE_X9Y139         LUT2 (Prop_lut2_I1_O)        0.332    32.554 r  fsm_buzzer/counter10__61_i_3/O
                         net (fo=1, routed)           0.000    32.554    freq_gen2/counter10__66_0[0]
    SLICE_X9Y139         CARRY4 (Prop_carry4_S[1]_CO[3])
                                                      0.550    33.104 r  freq_gen2/counter10__61/CO[3]
                         net (fo=1, routed)           0.000    33.104    freq_gen2/counter10__61_n_0
    SLICE_X9Y140         CARRY4 (Prop_carry4_CI_CO[3])
                                                      0.114    33.218 r  freq_gen2/counter10__62/CO[3]
                         net (fo=1, routed)           0.000    33.218    freq_gen2/counter10__62_n_0
    SLICE_X9Y141         CARRY4 (Prop_carry4_CI_CO[3])
                                                      0.114    33.332 r  freq_gen2/counter10__63/CO[3]
                         net (fo=1, routed)           0.000    33.332    freq_gen2/counter10__63_n_0
    SLICE_X9Y142         CARRY4 (Prop_carry4_CI_CO[3])
                                                      0.114    33.446 r  freq_gen2/counter10__64/CO[3]
                         net (fo=1, routed)           0.000    33.446    freq_gen2/counter10__64_n_0
    SLICE_X9Y143         CARRY4 (Prop_carry4_CI_CO[1])
                                                      0.157    33.603 r  freq_gen2/counter10__65/CO[1]
                         net (fo=25, routed)          0.893    34.496    fsm_buzzer/counter10__46[11]
    SLICE_X10Y139        LUT2 (Prop_lut2_I1_O)        0.329    34.825 r  fsm_buzzer/counter10__66_i_4/O
                         net (fo=1, routed)           0.000    34.825    freq_gen2/counter10__71_1[0]
    SLICE_X10Y139        CARRY4 (Prop_carry4_S[1]_CO[3])
                                                      0.533    35.358 r  freq_gen2/counter10__66/CO[3]
                         net (fo=1, routed)           0.000    35.358    freq_gen2/counter10__66_n_0
    SLICE_X10Y140        CARRY4 (Prop_carry4_CI_CO[3])
                                                      0.117    35.475 r  freq_gen2/counter10__67/CO[3]
                         net (fo=1, routed)           0.000    35.475    freq_gen2/counter10__67_n_0
    SLICE_X10Y141        CARRY4 (Prop_carry4_CI_CO[3])
                                                      0.117    35.592 r  freq_gen2/counter10__68/CO[3]
                         net (fo=1, routed)           0.000    35.592    freq_gen2/counter10__68_n_0
    SLICE_X10Y142        CARRY4 (Prop_carry4_CI_CO[3])
                                                      0.117    35.709 r  freq_gen2/counter10__69/CO[3]
                         net (fo=1, routed)           0.000    35.709    freq_gen2/counter10__69_n_0
    SLICE_X10Y143        CARRY4 (Prop_carry4_CI_CO[1])
                                                      0.157    35.866 r  freq_gen2/counter10__70/CO[1]
                         net (fo=25, routed)          0.694    36.560    fsm_buzzer/counter10__46[10]
    SLICE_X11Y142        LUT2 (Prop_lut2_I1_O)        0.332    36.892 r  fsm_buzzer/counter10__71_i_4/O
                         net (fo=1, routed)           0.000    36.892    freq_gen2/counter10__76_1[0]
    SLICE_X11Y142        CARRY4 (Prop_carry4_S[1]_CO[3])
                                                      0.550    37.442 r  freq_gen2/counter10__71/CO[3]
                         net (fo=1, routed)           0.000    37.442    freq_gen2/counter10__71_n_0
    SLICE_X11Y143        CARRY4 (Prop_carry4_CI_CO[3])
                                                      0.114    37.556 r  freq_gen2/counter10__72/CO[3]
                         net (fo=1, routed)           0.000    37.556    freq_gen2/counter10__72_n_0
    SLICE_X11Y144        CARRY4 (Prop_carry4_CI_CO[3])
                                                      0.114    37.670 r  freq_gen2/counter10__73/CO[3]
                         net (fo=1, routed)           0.000    37.670    freq_gen2/counter10__73_n_0
    SLICE_X11Y145        CARRY4 (Prop_carry4_CI_CO[3])
                                                      0.114    37.784 r  freq_gen2/counter10__74/CO[3]
                         net (fo=1, routed)           0.000    37.784    freq_gen2/counter10__74_n_0
    SLICE_X11Y146        CARRY4 (Prop_carry4_CI_CO[1])
                                                      0.157    37.941 r  freq_gen2/counter10__75/CO[1]
                         net (fo=25, routed)          0.707    38.648    fsm_buzzer/counter10__46[9]
    SLICE_X10Y144        LUT2 (Prop_lut2_I1_O)        0.329    38.977 r  fsm_buzzer/counter10__76_i_4/O
                         net (fo=1, routed)           0.000    38.977    freq_gen2/counter10__81_1[0]
    SLICE_X10Y144        CARRY4 (Prop_carry4_S[1]_CO[3])
                                                      0.533    39.510 r  freq_gen2/counter10__76/CO[3]
                         net (fo=1, routed)           0.000    39.510    freq_gen2/counter10__76_n_0
    SLICE_X10Y145        CARRY4 (Prop_carry4_CI_CO[3])
                                                      0.117    39.627 r  freq_gen2/counter10__77/CO[3]
                         net (fo=1, routed)           0.000    39.627    freq_gen2/counter10__77_n_0
    SLICE_X10Y146        CARRY4 (Prop_carry4_CI_CO[3])
                                                      0.117    39.744 r  freq_gen2/counter10__78/CO[3]
                         net (fo=1, routed)           0.000    39.744    freq_gen2/counter10__78_n_0
    SLICE_X10Y147        CARRY4 (Prop_carry4_CI_CO[3])
                                                      0.117    39.861 r  freq_gen2/counter10__79/CO[3]
                         net (fo=1, routed)           0.000    39.861    freq_gen2/counter10__79_n_0
    SLICE_X10Y148        CARRY4 (Prop_carry4_CI_CO[1])
                                                      0.157    40.018 r  freq_gen2/counter10__80/CO[1]
                         net (fo=25, routed)          0.738    40.756    fsm_buzzer/counter10__46[8]
    SLICE_X9Y144         LUT2 (Prop_lut2_I1_O)        0.332    41.088 r  fsm_buzzer/counter10__81_i_4/O
                         net (fo=1, routed)           0.000    41.088    freq_gen2/counter10__86_1[0]
    SLICE_X9Y144         CARRY4 (Prop_carry4_S[1]_CO[3])
                                                      0.550    41.638 r  freq_gen2/counter10__81/CO[3]
                         net (fo=1, routed)           0.000    41.638    freq_gen2/counter10__81_n_0
    SLICE_X9Y145         CARRY4 (Prop_carry4_CI_CO[3])
                                                      0.114    41.752 r  freq_gen2/counter10__82/CO[3]
                         net (fo=1, routed)           0.000    41.752    freq_gen2/counter10__82_n_0
    SLICE_X9Y146         CARRY4 (Prop_carry4_CI_CO[3])
                                                      0.114    41.866 r  freq_gen2/counter10__83/CO[3]
                         net (fo=1, routed)           0.000    41.866    freq_gen2/counter10__83_n_0
    SLICE_X9Y147         CARRY4 (Prop_carry4_CI_CO[3])
                                                      0.114    41.980 r  freq_gen2/counter10__84/CO[3]
                         net (fo=1, routed)           0.000    41.980    freq_gen2/counter10__84_n_0
    SLICE_X9Y148         CARRY4 (Prop_carry4_CI_CO[1])
                                                      0.157    42.137 r  freq_gen2/counter10__85/CO[1]
                         net (fo=24, routed)          0.858    42.995    fsm_buzzer/counter10__46[7]
    SLICE_X7Y144         LUT2 (Prop_lut2_I1_O)        0.329    43.324 r  fsm_buzzer/counter10__86_i_3/O
                         net (fo=1, routed)           0.000    43.324    freq_gen2/counter10__91_0[0]
    SLICE_X7Y144         CARRY4 (Prop_carry4_S[1]_CO[3])
                                                      0.550    43.874 r  freq_gen2/counter10__86/CO[3]
                         net (fo=1, routed)           0.000    43.874    freq_gen2/counter10__86_n_0
    SLICE_X7Y145         CARRY4 (Prop_carry4_CI_CO[3])
                                                      0.114    43.988 r  freq_gen2/counter10__87/CO[3]
                         net (fo=1, routed)           0.000    43.988    freq_gen2/counter10__87_n_0
    SLICE_X7Y146         CARRY4 (Prop_carry4_CI_CO[3])
                                                      0.114    44.102 r  freq_gen2/counter10__88/CO[3]
                         net (fo=1, routed)           0.000    44.102    freq_gen2/counter10__88_n_0
    SLICE_X7Y147         CARRY4 (Prop_carry4_CI_CO[3])
                                                      0.114    44.216 r  freq_gen2/counter10__89/CO[3]
                         net (fo=1, routed)           0.000    44.216    freq_gen2/counter10__89_n_0
    SLICE_X7Y148         CARRY4 (Prop_carry4_CI_CO[1])
                                                      0.157    44.373 r  freq_gen2/counter10__90/CO[1]
                         net (fo=25, routed)          1.637    46.010    freq_gen2/counter10__45_i_2_0[6]
    SLICE_X5Y140         LUT2 (Prop_lut2_I1_O)        0.355    46.365 r  freq_gen2/counter1[7]_i_1/O
                         net (fo=1, routed)           0.000    46.365    freq_gen2/p_1_in[7]
    SLICE_X5Y140         FDCE                                         r  freq_gen2/counter1_reg[7]/D
  -------------------------------------------------------------------    -------------------

                         (clock sys_clk_pin rise edge)
                                                     10.000    10.000 r  
    W5                                                0.000    10.000 r  sysclk (IN)
                         net (fo=0)                   0.000    10.000    sysclk
    W5                   IBUF (Prop_ibuf_I_O)         1.388    11.388 r  sysclk_IBUF_inst/O
                         net (fo=1, routed)           1.862    13.250    sysclk_IBUF
    BUFGCTRL_X0Y0        BUFG (Prop_bufg_I_O)         0.091    13.341 r  sysclk_IBUF_BUFG_inst/O
                         net (fo=130, routed)         1.680    15.021    freq_gen2/CLK
    SLICE_X5Y140         FDCE                                         r  freq_gen2/counter1_reg[7]/C
                         clock pessimism              0.267    15.288    
                         clock uncertainty           -0.035    15.253    
    SLICE_X5Y140         FDCE (Setup_fdce_C_D)        0.075    15.328    freq_gen2/counter1_reg[7]
  -------------------------------------------------------------------
                         required time                         15.328    
                         arrival time                         -46.365    
  -------------------------------------------------------------------
                         slack                                -31.037    

Slack (VIOLATED) :        -28.354ns  (required time - arrival time)
  Source:                 fsm_buzzer/r_freq_reg[0]_replica/C
                            (rising edge-triggered cell FDRE clocked by sys_clk_pin  {rise@0.000ns fall@5.000ns period=10.000ns})
  Destination:            freq_gen2/counter1_reg[8]/D
                            (rising edge-triggered cell FDCE clocked by sys_clk_pin  {rise@0.000ns fall@5.000ns period=10.000ns})
  Path Group:             sys_clk_pin
  Path Type:              Setup (Max at Slow Process Corner)
  Requirement:            10.000ns  (sys_clk_pin rise@10.000ns - sys_clk_pin rise@0.000ns)
  Data Path Delay:        38.360ns  (logic 24.257ns (63.236%)  route 14.103ns (36.764%))
  Logic Levels:           97  (CARRY4=82 LUT2=12 LUT3=3)
  Clock Path Skew:        -0.038ns (DCD - SCD + CPR)
    Destination Clock Delay (DCD):    5.024ns = ( 15.024 - 10.000 ) 
    Source Clock Delay      (SCD):    5.329ns
    Clock Pessimism Removal (CPR):    0.267ns
  Clock Uncertainty:      0.035ns  ((TSJ^2 + TIJ^2)^1/2 + DJ) / 2 + PE
    Total System Jitter     (TSJ):    0.071ns
    Total Input Jitter      (TIJ):    0.000ns
    Discrete Jitter          (DJ):    0.000ns
    Phase Error              (PE):    0.000ns

    Location             Delay type                Incr(ns)  Path(ns)    Netlist Resource(s)
  -------------------------------------------------------------------    -------------------
                         (clock sys_clk_pin rise edge)
                                                      0.000     0.000 r  
    W5                                                0.000     0.000 r  sysclk (IN)
                         net (fo=0)                   0.000     0.000    sysclk
    W5                   IBUF (Prop_ibuf_I_O)         1.458     1.458 r  sysclk_IBUF_inst/O
                         net (fo=1, routed)           1.967     3.425    sysclk_IBUF
    BUFGCTRL_X0Y0        BUFG (Prop_bufg_I_O)         0.096     3.521 r  sysclk_IBUF_BUFG_inst/O
                         net (fo=130, routed)         1.808     5.329    fsm_buzzer/CLK
    SLICE_X1Y107         FDRE                                         r  fsm_buzzer/r_freq_reg[0]_replica/C
  -------------------------------------------------------------------    -------------------
    SLICE_X1Y107         FDRE (Prop_fdre_C_Q)         0.456     5.785 r  fsm_buzzer/r_freq_reg[0]_replica/Q
                         net (fo=6, routed)           0.446     6.231    freq_gen2/Q[0]_repN_alias
    SLICE_X2Y108         CARRY4 (Prop_carry4_S[0]_CO[3])
                                                      0.637     6.868 r  freq_gen2/counter10/CO[3]
                         net (fo=1, routed)           0.000     6.868    freq_gen2/counter10_n_0
    SLICE_X2Y109         CARRY4 (Prop_carry4_CI_CO[3])
                                                      0.117     6.985 r  freq_gen2/counter10__0/CO[3]
                         net (fo=1, routed)           0.000     6.985    freq_gen2/counter10__0_n_0
    SLICE_X2Y110         CARRY4 (Prop_carry4_CI_CO[3])
                                                      0.117     7.102 r  freq_gen2/counter10__1/CO[3]
                         net (fo=1, routed)           0.000     7.102    freq_gen2/counter10__1_n_0
    SLICE_X2Y111         CARRY4 (Prop_carry4_CI_CO[0])
                                                      0.254     7.356 r  freq_gen2/counter10__2/CO[0]
                         net (fo=16, routed)          0.937     8.293    fsm_buzzer/CO[0]
    SLICE_X0Y107         LUT2 (Prop_lut2_I1_O)        0.367     8.660 r  fsm_buzzer/counter10__3_i_4/O
                         net (fo=1, routed)           0.000     8.660    freq_gen2/counter10__7_1[0]
    SLICE_X0Y107         CARRY4 (Prop_carry4_S[1]_CO[3])
                                                      0.550     9.210 r  freq_gen2/counter10__3/CO[3]
                         net (fo=1, routed)           0.000     9.210    freq_gen2/counter10__3_n_0
    SLICE_X0Y108         CARRY4 (Prop_carry4_CI_CO[3])
                                                      0.114     9.324 r  freq_gen2/counter10__4/CO[3]
                         net (fo=1, routed)           0.000     9.324    freq_gen2/counter10__4_n_0
    SLICE_X0Y109         CARRY4 (Prop_carry4_CI_CO[3])
                                                      0.114     9.438 r  freq_gen2/counter10__5/CO[3]
                         net (fo=1, routed)           0.000     9.438    freq_gen2/counter10__5_n_0
    SLICE_X0Y110         CARRY4 (Prop_carry4_CI_CO[2])
                                                      0.228     9.666 r  freq_gen2/counter10__6/CO[2]
                         net (fo=17, routed)          0.666    10.332    freq_gen2/r_freq_reg[3][0]
    SLICE_X0Y112         LUT3 (Prop_lut3_I0_O)        0.313    10.645 r  freq_gen2/counter10__8_i_3/O
                         net (fo=1, routed)           0.000    10.645    freq_gen2/counter10__8_i_3_n_0
    SLICE_X0Y112         CARRY4 (Prop_carry4_S[1]_CO[3])
                                                      0.550    11.195 r  freq_gen2/counter10__8/CO[3]
                         net (fo=1, routed)           0.000    11.195    freq_gen2/counter10__8_n_0
    SLICE_X0Y113         CARRY4 (Prop_carry4_CI_CO[3])
                                                      0.114    11.309 r  freq_gen2/counter10__9/CO[3]
                         net (fo=1, routed)           0.000    11.309    freq_gen2/counter10__9_n_0
    SLICE_X0Y114         CARRY4 (Prop_carry4_CI_CO[3])
                                                      0.114    11.423 r  freq_gen2/counter10__10/CO[3]
                         net (fo=19, routed)          1.071    12.494    freq_gen2/r_freq_reg[3]_0[0]
    SLICE_X1Y110         CARRY4 (Prop_carry4_CYINIT_CO[3])
                                                      0.580    13.074 r  freq_gen2/counter10__11/CO[3]
                         net (fo=1, routed)           0.000    13.074    freq_gen2/counter10__11_n_0
    SLICE_X1Y111         CARRY4 (Prop_carry4_CI_CO[3])
                                                      0.114    13.188 r  freq_gen2/counter10__12/CO[3]
                         net (fo=1, routed)           0.000    13.188    freq_gen2/counter10__12_n_0
    SLICE_X1Y112         CARRY4 (Prop_carry4_CI_CO[3])
                                                      0.114    13.302 r  freq_gen2/counter10__13/CO[3]
                         net (fo=1, routed)           0.000    13.302    freq_gen2/counter10__13_n_0
    SLICE_X1Y113         CARRY4 (Prop_carry4_CI_CO[3])
                                                      0.114    13.416 r  freq_gen2/counter10__14/CO[3]
                         net (fo=1, routed)           0.000    13.416    freq_gen2/counter10__14_n_0
    SLICE_X1Y114         CARRY4 (Prop_carry4_CI_CO[0])
                                                      0.271    13.687 r  freq_gen2/counter10__15/CO[0]
                         net (fo=21, routed)          0.613    14.300    freq_gen2/counter10__14_0[0]
    SLICE_X2Y113         CARRY4 (Prop_carry4_CYINIT_CO[3])
                                                      0.844    15.144 r  freq_gen2/counter10__16/CO[3]
                         net (fo=1, routed)           0.000    15.144    freq_gen2/counter10__16_n_0
    SLICE_X2Y114         CARRY4 (Prop_carry4_CI_CO[3])
                                                      0.117    15.261 r  freq_gen2/counter10__17/CO[3]
                         net (fo=1, routed)           0.000    15.261    freq_gen2/counter10__17_n_0
    SLICE_X2Y115         CARRY4 (Prop_carry4_CI_CO[3])
                                                      0.117    15.378 r  freq_gen2/counter10__18/CO[3]
                         net (fo=1, routed)           0.000    15.378    freq_gen2/counter10__18_n_0
    SLICE_X2Y116         CARRY4 (Prop_carry4_CI_CO[3])
                                                      0.117    15.495 r  freq_gen2/counter10__19/CO[3]
                         net (fo=1, routed)           0.000    15.495    freq_gen2/counter10__19_n_0
    SLICE_X2Y117         CARRY4 (Prop_carry4_CI_CO[1])
                                                      0.157    15.652 r  freq_gen2/counter10__20/CO[1]
                         net (fo=23, routed)          0.943    16.595    freq_gen2/counter10__20_i_1_0[0]
    SLICE_X1Y119         LUT3 (Prop_lut3_I0_O)        0.332    16.927 r  freq_gen2/counter10__24_i_4/O
                         net (fo=1, routed)           0.000    16.927    freq_gen2/counter10__24_i_4_n_0
    SLICE_X1Y119         CARRY4 (Prop_carry4_S[0]_CO[3])
                                                      0.532    17.459 r  freq_gen2/counter10__24/CO[3]
                         net (fo=1, routed)           0.000    17.459    freq_gen2/counter10__24_n_0
    SLICE_X1Y120         CARRY4 (Prop_carry4_CI_CO[1])
                                                      0.157    17.616 r  freq_gen2/counter10__25/CO[1]
                         net (fo=23, routed)          0.634    18.251    fsm_buzzer/counter10__26[0]
    SLICE_X0Y119         LUT2 (Prop_lut2_I1_O)        0.329    18.580 r  fsm_buzzer/counter10__26_i_3/O
                         net (fo=1, routed)           0.000    18.580    freq_gen2/counter10__31_0[0]
    SLICE_X0Y119         CARRY4 (Prop_carry4_S[1]_CO[3])
                                                      0.550    19.130 r  freq_gen2/counter10__26/CO[3]
                         net (fo=1, routed)           0.000    19.130    freq_gen2/counter10__26_n_0
    SLICE_X0Y120         CARRY4 (Prop_carry4_CI_CO[3])
                                                      0.114    19.244 r  freq_gen2/counter10__27/CO[3]
                         net (fo=1, routed)           0.000    19.244    freq_gen2/counter10__27_n_0
    SLICE_X0Y121         CARRY4 (Prop_carry4_CI_CO[3])
                                                      0.114    19.358 r  freq_gen2/counter10__28/CO[3]
                         net (fo=1, routed)           0.000    19.358    freq_gen2/counter10__28_n_0
    SLICE_X0Y122         CARRY4 (Prop_carry4_CI_CO[3])
                                                      0.114    19.472 r  freq_gen2/counter10__29/CO[3]
                         net (fo=1, routed)           0.000    19.472    freq_gen2/counter10__29_n_0
    SLICE_X0Y123         CARRY4 (Prop_carry4_CI_CO[1])
                                                      0.157    19.629 r  freq_gen2/counter10__30/CO[1]
                         net (fo=24, routed)          0.698    20.326    freq_gen2/counter10__30_i_2_0[0]
    SLICE_X1Y124         LUT3 (Prop_lut3_I0_O)        0.329    20.655 r  freq_gen2/counter10__32_i_4/O
                         net (fo=1, routed)           0.000    20.655    freq_gen2/counter10__32_i_4_n_0
    SLICE_X1Y124         CARRY4 (Prop_carry4_S[0]_CO[3])
                                                      0.532    21.187 r  freq_gen2/counter10__32/CO[3]
                         net (fo=1, routed)           0.009    21.196    freq_gen2/counter10__32_n_0
    SLICE_X1Y125         CARRY4 (Prop_carry4_CI_CO[3])
                                                      0.114    21.310 r  freq_gen2/counter10__33/CO[3]
                         net (fo=1, routed)           0.000    21.310    freq_gen2/counter10__33_n_0
    SLICE_X1Y126         CARRY4 (Prop_carry4_CI_CO[3])
                                                      0.114    21.424 r  freq_gen2/counter10__34/CO[3]
                         net (fo=1, routed)           0.000    21.424    freq_gen2/counter10__34_n_0
    SLICE_X1Y127         CARRY4 (Prop_carry4_CI_CO[1])
                                                      0.157    21.581 r  freq_gen2/counter10__35/CO[1]
                         net (fo=23, routed)          0.556    22.137    fsm_buzzer/counter10__36[0]
    SLICE_X2Y126         LUT2 (Prop_lut2_I1_O)        0.329    22.466 r  fsm_buzzer/counter10__36_i_3/O
                         net (fo=1, routed)           0.000    22.466    freq_gen2/counter10__41_0[0]
    SLICE_X2Y126         CARRY4 (Prop_carry4_S[1]_CO[3])
                                                      0.533    22.999 r  freq_gen2/counter10__36/CO[3]
                         net (fo=1, routed)           0.000    22.999    freq_gen2/counter10__36_n_0
    SLICE_X2Y127         CARRY4 (Prop_carry4_CI_CO[3])
                                                      0.117    23.116 r  freq_gen2/counter10__37/CO[3]
                         net (fo=1, routed)           0.000    23.116    freq_gen2/counter10__37_n_0
    SLICE_X2Y128         CARRY4 (Prop_carry4_CI_CO[3])
                                                      0.117    23.233 r  freq_gen2/counter10__38/CO[3]
                         net (fo=1, routed)           0.000    23.233    freq_gen2/counter10__38_n_0
    SLICE_X2Y129         CARRY4 (Prop_carry4_CI_CO[3])
                                                      0.117    23.350 r  freq_gen2/counter10__39/CO[3]
                         net (fo=1, routed)           0.000    23.350    freq_gen2/counter10__39_n_0
    SLICE_X2Y130         CARRY4 (Prop_carry4_CI_CO[1])
                                                      0.157    23.507 r  freq_gen2/counter10__40/CO[1]
                         net (fo=24, routed)          0.654    24.161    fsm_buzzer/counter10__41[0]
    SLICE_X0Y129         LUT2 (Prop_lut2_I1_O)        0.332    24.493 r  fsm_buzzer/counter10__41_i_4/O
                         net (fo=1, routed)           0.000    24.493    freq_gen2/counter10__46_1[0]
    SLICE_X0Y129         CARRY4 (Prop_carry4_S[1]_CO[3])
                                                      0.550    25.043 r  freq_gen2/counter10__41/CO[3]
                         net (fo=1, routed)           0.000    25.043    freq_gen2/counter10__41_n_0
    SLICE_X0Y130         CARRY4 (Prop_carry4_CI_CO[3])
                                                      0.114    25.157 r  freq_gen2/counter10__42/CO[3]
                         net (fo=1, routed)           0.000    25.157    freq_gen2/counter10__42_n_0
    SLICE_X0Y131         CARRY4 (Prop_carry4_CI_CO[3])
                                                      0.114    25.271 r  freq_gen2/counter10__43/CO[3]
                         net (fo=1, routed)           0.000    25.271    freq_gen2/counter10__43_n_0
    SLICE_X0Y132         CARRY4 (Prop_carry4_CI_CO[3])
                                                      0.114    25.385 r  freq_gen2/counter10__44/CO[3]
                         net (fo=1, routed)           0.000    25.385    freq_gen2/counter10__44_n_0
    SLICE_X0Y133         CARRY4 (Prop_carry4_CI_CO[1])
                                                      0.157    25.542 r  freq_gen2/counter10__45/CO[1]
                         net (fo=24, routed)          0.602    26.144    fsm_buzzer/counter10__46[15]
    SLICE_X1Y131         LUT2 (Prop_lut2_I1_O)        0.329    26.473 r  fsm_buzzer/counter10__46_i_3/O
                         net (fo=1, routed)           0.000    26.473    freq_gen2/counter10__51_0[0]
    SLICE_X1Y131         CARRY4 (Prop_carry4_S[1]_CO[3])
                                                      0.550    27.023 r  freq_gen2/counter10__46/CO[3]
                         net (fo=1, routed)           0.000    27.023    freq_gen2/counter10__46_n_0
    SLICE_X1Y132         CARRY4 (Prop_carry4_CI_CO[3])
                                                      0.114    27.137 r  freq_gen2/counter10__47/CO[3]
                         net (fo=1, routed)           0.000    27.137    freq_gen2/counter10__47_n_0
    SLICE_X1Y133         CARRY4 (Prop_carry4_CI_CO[3])
                                                      0.114    27.251 r  freq_gen2/counter10__48/CO[3]
                         net (fo=1, routed)           0.000    27.251    freq_gen2/counter10__48_n_0
    SLICE_X1Y134         CARRY4 (Prop_carry4_CI_CO[3])
                                                      0.114    27.365 r  freq_gen2/counter10__49/CO[3]
                         net (fo=1, routed)           0.000    27.365    freq_gen2/counter10__49_n_0
    SLICE_X1Y135         CARRY4 (Prop_carry4_CI_CO[1])
                                                      0.157    27.522 r  freq_gen2/counter10__50/CO[1]
                         net (fo=24, routed)          0.540    28.062    fsm_buzzer/counter10__46[14]
    SLICE_X2Y134         LUT2 (Prop_lut2_I1_O)        0.329    28.391 r  fsm_buzzer/counter10__51_i_3/O
                         net (fo=1, routed)           0.000    28.391    freq_gen2/counter10__56_0[0]
    SLICE_X2Y134         CARRY4 (Prop_carry4_S[1]_CO[3])
                                                      0.533    28.924 r  freq_gen2/counter10__51/CO[3]
                         net (fo=1, routed)           0.000    28.924    freq_gen2/counter10__51_n_0
    SLICE_X2Y135         CARRY4 (Prop_carry4_CI_CO[3])
                                                      0.117    29.041 r  freq_gen2/counter10__52/CO[3]
                         net (fo=1, routed)           0.000    29.041    freq_gen2/counter10__52_n_0
    SLICE_X2Y136         CARRY4 (Prop_carry4_CI_CO[3])
                                                      0.117    29.158 r  freq_gen2/counter10__53/CO[3]
                         net (fo=1, routed)           0.000    29.158    freq_gen2/counter10__53_n_0
    SLICE_X2Y137         CARRY4 (Prop_carry4_CI_CO[3])
                                                      0.117    29.275 r  freq_gen2/counter10__54/CO[3]
                         net (fo=1, routed)           0.000    29.275    freq_gen2/counter10__54_n_0
    SLICE_X2Y138         CARRY4 (Prop_carry4_CI_CO[1])
                                                      0.157    29.432 r  freq_gen2/counter10__55/CO[1]
                         net (fo=24, routed)          0.710    30.141    freq_gen2/counter10__45_i_2_0[13]
    SLICE_X6Y137         CARRY4 (Prop_carry4_CYINIT_CO[3])
                                                      0.803    30.944 r  freq_gen2/counter10__56/CO[3]
                         net (fo=1, routed)           0.000    30.944    freq_gen2/counter10__56_n_0
    SLICE_X6Y138         CARRY4 (Prop_carry4_CI_CO[3])
                                                      0.117    31.061 r  freq_gen2/counter10__57/CO[3]
                         net (fo=1, routed)           0.000    31.061    freq_gen2/counter10__57_n_0
    SLICE_X6Y139         CARRY4 (Prop_carry4_CI_CO[3])
                                                      0.117    31.178 r  freq_gen2/counter10__58/CO[3]
                         net (fo=1, routed)           0.000    31.178    freq_gen2/counter10__58_n_0
    SLICE_X6Y140         CARRY4 (Prop_carry4_CI_CO[3])
                                                      0.117    31.295 r  freq_gen2/counter10__59/CO[3]
                         net (fo=1, routed)           0.000    31.295    freq_gen2/counter10__59_n_0
    SLICE_X6Y141         CARRY4 (Prop_carry4_CI_CO[1])
                                                      0.157    31.452 r  freq_gen2/counter10__60/CO[1]
                         net (fo=24, routed)          0.769    32.222    fsm_buzzer/counter10__46[12]
    SLICE_X9Y139         LUT2 (Prop_lut2_I1_O)        0.332    32.554 r  fsm_buzzer/counter10__61_i_3/O
                         net (fo=1, routed)           0.000    32.554    freq_gen2/counter10__66_0[0]
    SLICE_X9Y139         CARRY4 (Prop_carry4_S[1]_CO[3])
                                                      0.550    33.104 r  freq_gen2/counter10__61/CO[3]
                         net (fo=1, routed)           0.000    33.104    freq_gen2/counter10__61_n_0
    SLICE_X9Y140         CARRY4 (Prop_carry4_CI_CO[3])
                                                      0.114    33.218 r  freq_gen2/counter10__62/CO[3]
                         net (fo=1, routed)           0.000    33.218    freq_gen2/counter10__62_n_0
    SLICE_X9Y141         CARRY4 (Prop_carry4_CI_CO[3])
                                                      0.114    33.332 r  freq_gen2/counter10__63/CO[3]
                         net (fo=1, routed)           0.000    33.332    freq_gen2/counter10__63_n_0
    SLICE_X9Y142         CARRY4 (Prop_carry4_CI_CO[3])
                                                      0.114    33.446 r  freq_gen2/counter10__64/CO[3]
                         net (fo=1, routed)           0.000    33.446    freq_gen2/counter10__64_n_0
    SLICE_X9Y143         CARRY4 (Prop_carry4_CI_CO[1])
                                                      0.157    33.603 r  freq_gen2/counter10__65/CO[1]
                         net (fo=25, routed)          0.893    34.496    fsm_buzzer/counter10__46[11]
    SLICE_X10Y139        LUT2 (Prop_lut2_I1_O)        0.329    34.825 r  fsm_buzzer/counter10__66_i_4/O
                         net (fo=1, routed)           0.000    34.825    freq_gen2/counter10__71_1[0]
    SLICE_X10Y139        CARRY4 (Prop_carry4_S[1]_CO[3])
                                                      0.533    35.358 r  freq_gen2/counter10__66/CO[3]
                         net (fo=1, routed)           0.000    35.358    freq_gen2/counter10__66_n_0
    SLICE_X10Y140        CARRY4 (Prop_carry4_CI_CO[3])
                                                      0.117    35.475 r  freq_gen2/counter10__67/CO[3]
                         net (fo=1, routed)           0.000    35.475    freq_gen2/counter10__67_n_0
    SLICE_X10Y141        CARRY4 (Prop_carry4_CI_CO[3])
                                                      0.117    35.592 r  freq_gen2/counter10__68/CO[3]
                         net (fo=1, routed)           0.000    35.592    freq_gen2/counter10__68_n_0
    SLICE_X10Y142        CARRY4 (Prop_carry4_CI_CO[3])
                                                      0.117    35.709 r  freq_gen2/counter10__69/CO[3]
                         net (fo=1, routed)           0.000    35.709    freq_gen2/counter10__69_n_0
    SLICE_X10Y143        CARRY4 (Prop_carry4_CI_CO[1])
                                                      0.157    35.866 r  freq_gen2/counter10__70/CO[1]
                         net (fo=25, routed)          0.694    36.560    fsm_buzzer/counter10__46[10]
    SLICE_X11Y142        LUT2 (Prop_lut2_I1_O)        0.332    36.892 r  fsm_buzzer/counter10__71_i_4/O
                         net (fo=1, routed)           0.000    36.892    freq_gen2/counter10__76_1[0]
    SLICE_X11Y142        CARRY4 (Prop_carry4_S[1]_CO[3])
                                                      0.550    37.442 r  freq_gen2/counter10__71/CO[3]
                         net (fo=1, routed)           0.000    37.442    freq_gen2/counter10__71_n_0
    SLICE_X11Y143        CARRY4 (Prop_carry4_CI_CO[3])
                                                      0.114    37.556 r  freq_gen2/counter10__72/CO[3]
                         net (fo=1, routed)           0.000    37.556    freq_gen2/counter10__72_n_0
    SLICE_X11Y144        CARRY4 (Prop_carry4_CI_CO[3])
                                                      0.114    37.670 r  freq_gen2/counter10__73/CO[3]
                         net (fo=1, routed)           0.000    37.670    freq_gen2/counter10__73_n_0
    SLICE_X11Y145        CARRY4 (Prop_carry4_CI_CO[3])
                                                      0.114    37.784 r  freq_gen2/counter10__74/CO[3]
                         net (fo=1, routed)           0.000    37.784    freq_gen2/counter10__74_n_0
    SLICE_X11Y146        CARRY4 (Prop_carry4_CI_CO[1])
                                                      0.157    37.941 r  freq_gen2/counter10__75/CO[1]
                         net (fo=25, routed)          0.707    38.648    fsm_buzzer/counter10__46[9]
    SLICE_X10Y144        LUT2 (Prop_lut2_I1_O)        0.329    38.977 r  fsm_buzzer/counter10__76_i_4/O
                         net (fo=1, routed)           0.000    38.977    freq_gen2/counter10__81_1[0]
    SLICE_X10Y144        CARRY4 (Prop_carry4_S[1]_CO[3])
                                                      0.533    39.510 r  freq_gen2/counter10__76/CO[3]
                         net (fo=1, routed)           0.000    39.510    freq_gen2/counter10__76_n_0
    SLICE_X10Y145        CARRY4 (Prop_carry4_CI_CO[3])
                                                      0.117    39.627 r  freq_gen2/counter10__77/CO[3]
                         net (fo=1, routed)           0.000    39.627    freq_gen2/counter10__77_n_0
    SLICE_X10Y146        CARRY4 (Prop_carry4_CI_CO[3])
                                                      0.117    39.744 r  freq_gen2/counter10__78/CO[3]
                         net (fo=1, routed)           0.000    39.744    freq_gen2/counter10__78_n_0
    SLICE_X10Y147        CARRY4 (Prop_carry4_CI_CO[3])
                                                      0.117    39.861 r  freq_gen2/counter10__79/CO[3]
                         net (fo=1, routed)           0.000    39.861    freq_gen2/counter10__79_n_0
    SLICE_X10Y148        CARRY4 (Prop_carry4_CI_CO[1])
                                                      0.157    40.018 r  freq_gen2/counter10__80/CO[1]
                         net (fo=25, routed)          0.738    40.756    fsm_buzzer/counter10__46[8]
    SLICE_X9Y144         LUT2 (Prop_lut2_I1_O)        0.332    41.088 r  fsm_buzzer/counter10__81_i_4/O
                         net (fo=1, routed)           0.000    41.088    freq_gen2/counter10__86_1[0]
    SLICE_X9Y144         CARRY4 (Prop_carry4_S[1]_CO[3])
                                                      0.550    41.638 r  freq_gen2/counter10__81/CO[3]
                         net (fo=1, routed)           0.000    41.638    freq_gen2/counter10__81_n_0
    SLICE_X9Y145         CARRY4 (Prop_carry4_CI_CO[3])
                                                      0.114    41.752 r  freq_gen2/counter10__82/CO[3]
                         net (fo=1, routed)           0.000    41.752    freq_gen2/counter10__82_n_0
    SLICE_X9Y146         CARRY4 (Prop_carry4_CI_CO[3])
                                                      0.114    41.866 r  freq_gen2/counter10__83/CO[3]
                         net (fo=1, routed)           0.000    41.866    freq_gen2/counter10__83_n_0
    SLICE_X9Y147         CARRY4 (Prop_carry4_CI_CO[3])
                                                      0.114    41.980 r  freq_gen2/counter10__84/CO[3]
                         net (fo=1, routed)           0.000    41.980    freq_gen2/counter10__84_n_0
    SLICE_X9Y148         CARRY4 (Prop_carry4_CI_CO[1])
                                                      0.157    42.137 r  freq_gen2/counter10__85/CO[1]
                         net (fo=24, routed)          1.223    43.360    freq_gen2/counter10__45_i_2_0[7]
    SLICE_X2Y143         LUT2 (Prop_lut2_I1_O)        0.329    43.689 r  freq_gen2/counter1[8]_i_1/O
                         net (fo=1, routed)           0.000    43.689    freq_gen2/p_1_in[8]
    SLICE_X2Y143         FDCE                                         r  freq_gen2/counter1_reg[8]/D
  -------------------------------------------------------------------    -------------------

                         (clock sys_clk_pin rise edge)
                                                     10.000    10.000 r  
    W5                                                0.000    10.000 r  sysclk (IN)
                         net (fo=0)                   0.000    10.000    sysclk
    W5                   IBUF (Prop_ibuf_I_O)         1.388    11.388 r  sysclk_IBUF_inst/O
                         net (fo=1, routed)           1.862    13.250    sysclk_IBUF
    BUFGCTRL_X0Y0        BUFG (Prop_bufg_I_O)         0.091    13.341 r  sysclk_IBUF_BUFG_inst/O
                         net (fo=130, routed)         1.683    15.024    freq_gen2/CLK
    SLICE_X2Y143         FDCE                                         r  freq_gen2/counter1_reg[8]/C
                         clock pessimism              0.267    15.291    
                         clock uncertainty           -0.035    15.256    
    SLICE_X2Y143         FDCE (Setup_fdce_C_D)        0.079    15.335    freq_gen2/counter1_reg[8]
  -------------------------------------------------------------------
                         required time                         15.335    
                         arrival time                         -43.689    
  -------------------------------------------------------------------
                         slack                                -28.354    

Slack (VIOLATED) :        -25.996ns  (required time - arrival time)
  Source:                 fsm_buzzer/r_freq_reg[0]_replica/C
                            (rising edge-triggered cell FDRE clocked by sys_clk_pin  {rise@0.000ns fall@5.000ns period=10.000ns})
  Destination:            freq_gen2/counter1_reg[9]/D
                            (rising edge-triggered cell FDCE clocked by sys_clk_pin  {rise@0.000ns fall@5.000ns period=10.000ns})
  Path Group:             sys_clk_pin
  Path Type:              Setup (Max at Slow Process Corner)
  Requirement:            10.000ns  (sys_clk_pin rise@10.000ns - sys_clk_pin rise@0.000ns)
  Data Path Delay:        36.041ns  (logic 22.874ns (63.467%)  route 13.167ns (36.533%))
  Logic Levels:           91  (CARRY4=77 LUT2=11 LUT3=3)
  Clock Path Skew:        -0.038ns (DCD - SCD + CPR)
    Destination Clock Delay (DCD):    5.024ns = ( 15.024 - 10.000 ) 
    Source Clock Delay      (SCD):    5.329ns
    Clock Pessimism Removal (CPR):    0.267ns
  Clock Uncertainty:      0.035ns  ((TSJ^2 + TIJ^2)^1/2 + DJ) / 2 + PE
    Total System Jitter     (TSJ):    0.071ns
    Total Input Jitter      (TIJ):    0.000ns
    Discrete Jitter          (DJ):    0.000ns
    Phase Error              (PE):    0.000ns

    Location             Delay type                Incr(ns)  Path(ns)    Netlist Resource(s)
  -------------------------------------------------------------------    -------------------
                         (clock sys_clk_pin rise edge)
                                                      0.000     0.000 r  
    W5                                                0.000     0.000 r  sysclk (IN)
                         net (fo=0)                   0.000     0.000    sysclk
    W5                   IBUF (Prop_ibuf_I_O)         1.458     1.458 r  sysclk_IBUF_inst/O
                         net (fo=1, routed)           1.967     3.425    sysclk_IBUF
    BUFGCTRL_X0Y0        BUFG (Prop_bufg_I_O)         0.096     3.521 r  sysclk_IBUF_BUFG_inst/O
                         net (fo=130, routed)         1.808     5.329    fsm_buzzer/CLK
    SLICE_X1Y107         FDRE                                         r  fsm_buzzer/r_freq_reg[0]_replica/C
  -------------------------------------------------------------------    -------------------
    SLICE_X1Y107         FDRE (Prop_fdre_C_Q)         0.456     5.785 r  fsm_buzzer/r_freq_reg[0]_replica/Q
                         net (fo=6, routed)           0.446     6.231    freq_gen2/Q[0]_repN_alias
    SLICE_X2Y108         CARRY4 (Prop_carry4_S[0]_CO[3])
                                                      0.637     6.868 r  freq_gen2/counter10/CO[3]
                         net (fo=1, routed)           0.000     6.868    freq_gen2/counter10_n_0
    SLICE_X2Y109         CARRY4 (Prop_carry4_CI_CO[3])
                                                      0.117     6.985 r  freq_gen2/counter10__0/CO[3]
                         net (fo=1, routed)           0.000     6.985    freq_gen2/counter10__0_n_0
    SLICE_X2Y110         CARRY4 (Prop_carry4_CI_CO[3])
                                                      0.117     7.102 r  freq_gen2/counter10__1/CO[3]
                         net (fo=1, routed)           0.000     7.102    freq_gen2/counter10__1_n_0
    SLICE_X2Y111         CARRY4 (Prop_carry4_CI_CO[0])
                                                      0.254     7.356 r  freq_gen2/counter10__2/CO[0]
                         net (fo=16, routed)          0.937     8.293    fsm_buzzer/CO[0]
    SLICE_X0Y107         LUT2 (Prop_lut2_I1_O)        0.367     8.660 r  fsm_buzzer/counter10__3_i_4/O
                         net (fo=1, routed)           0.000     8.660    freq_gen2/counter10__7_1[0]
    SLICE_X0Y107         CARRY4 (Prop_carry4_S[1]_CO[3])
                                                      0.550     9.210 r  freq_gen2/counter10__3/CO[3]
                         net (fo=1, routed)           0.000     9.210    freq_gen2/counter10__3_n_0
    SLICE_X0Y108         CARRY4 (Prop_carry4_CI_CO[3])
                                                      0.114     9.324 r  freq_gen2/counter10__4/CO[3]
                         net (fo=1, routed)           0.000     9.324    freq_gen2/counter10__4_n_0
    SLICE_X0Y109         CARRY4 (Prop_carry4_CI_CO[3])
                                                      0.114     9.438 r  freq_gen2/counter10__5/CO[3]
                         net (fo=1, routed)           0.000     9.438    freq_gen2/counter10__5_n_0
    SLICE_X0Y110         CARRY4 (Prop_carry4_CI_CO[2])
                                                      0.228     9.666 r  freq_gen2/counter10__6/CO[2]
                         net (fo=17, routed)          0.666    10.332    freq_gen2/r_freq_reg[3][0]
    SLICE_X0Y112         LUT3 (Prop_lut3_I0_O)        0.313    10.645 r  freq_gen2/counter10__8_i_3/O
                         net (fo=1, routed)           0.000    10.645    freq_gen2/counter10__8_i_3_n_0
    SLICE_X0Y112         CARRY4 (Prop_carry4_S[1]_CO[3])
                                                      0.550    11.195 r  freq_gen2/counter10__8/CO[3]
                         net (fo=1, routed)           0.000    11.195    freq_gen2/counter10__8_n_0
    SLICE_X0Y113         CARRY4 (Prop_carry4_CI_CO[3])
                                                      0.114    11.309 r  freq_gen2/counter10__9/CO[3]
                         net (fo=1, routed)           0.000    11.309    freq_gen2/counter10__9_n_0
    SLICE_X0Y114         CARRY4 (Prop_carry4_CI_CO[3])
                                                      0.114    11.423 r  freq_gen2/counter10__10/CO[3]
                         net (fo=19, routed)          1.071    12.494    freq_gen2/r_freq_reg[3]_0[0]
    SLICE_X1Y110         CARRY4 (Prop_carry4_CYINIT_CO[3])
                                                      0.580    13.074 r  freq_gen2/counter10__11/CO[3]
                         net (fo=1, routed)           0.000    13.074    freq_gen2/counter10__11_n_0
    SLICE_X1Y111         CARRY4 (Prop_carry4_CI_CO[3])
                                                      0.114    13.188 r  freq_gen2/counter10__12/CO[3]
                         net (fo=1, routed)           0.000    13.188    freq_gen2/counter10__12_n_0
    SLICE_X1Y112         CARRY4 (Prop_carry4_CI_CO[3])
                                                      0.114    13.302 r  freq_gen2/counter10__13/CO[3]
                         net (fo=1, routed)           0.000    13.302    freq_gen2/counter10__13_n_0
    SLICE_X1Y113         CARRY4 (Prop_carry4_CI_CO[3])
                                                      0.114    13.416 r  freq_gen2/counter10__14/CO[3]
                         net (fo=1, routed)           0.000    13.416    freq_gen2/counter10__14_n_0
    SLICE_X1Y114         CARRY4 (Prop_carry4_CI_CO[0])
                                                      0.271    13.687 r  freq_gen2/counter10__15/CO[0]
                         net (fo=21, routed)          0.613    14.300    freq_gen2/counter10__14_0[0]
    SLICE_X2Y113         CARRY4 (Prop_carry4_CYINIT_CO[3])
                                                      0.844    15.144 r  freq_gen2/counter10__16/CO[3]
                         net (fo=1, routed)           0.000    15.144    freq_gen2/counter10__16_n_0
    SLICE_X2Y114         CARRY4 (Prop_carry4_CI_CO[3])
                                                      0.117    15.261 r  freq_gen2/counter10__17/CO[3]
                         net (fo=1, routed)           0.000    15.261    freq_gen2/counter10__17_n_0
    SLICE_X2Y115         CARRY4 (Prop_carry4_CI_CO[3])
                                                      0.117    15.378 r  freq_gen2/counter10__18/CO[3]
                         net (fo=1, routed)           0.000    15.378    freq_gen2/counter10__18_n_0
    SLICE_X2Y116         CARRY4 (Prop_carry4_CI_CO[3])
                                                      0.117    15.495 r  freq_gen2/counter10__19/CO[3]
                         net (fo=1, routed)           0.000    15.495    freq_gen2/counter10__19_n_0
    SLICE_X2Y117         CARRY4 (Prop_carry4_CI_CO[1])
                                                      0.157    15.652 r  freq_gen2/counter10__20/CO[1]
                         net (fo=23, routed)          0.943    16.595    freq_gen2/counter10__20_i_1_0[0]
    SLICE_X1Y119         LUT3 (Prop_lut3_I0_O)        0.332    16.927 r  freq_gen2/counter10__24_i_4/O
                         net (fo=1, routed)           0.000    16.927    freq_gen2/counter10__24_i_4_n_0
    SLICE_X1Y119         CARRY4 (Prop_carry4_S[0]_CO[3])
                                                      0.532    17.459 r  freq_gen2/counter10__24/CO[3]
                         net (fo=1, routed)           0.000    17.459    freq_gen2/counter10__24_n_0
    SLICE_X1Y120         CARRY4 (Prop_carry4_CI_CO[1])
                                                      0.157    17.616 r  freq_gen2/counter10__25/CO[1]
                         net (fo=23, routed)          0.634    18.251    fsm_buzzer/counter10__26[0]
    SLICE_X0Y119         LUT2 (Prop_lut2_I1_O)        0.329    18.580 r  fsm_buzzer/counter10__26_i_3/O
                         net (fo=1, routed)           0.000    18.580    freq_gen2/counter10__31_0[0]
    SLICE_X0Y119         CARRY4 (Prop_carry4_S[1]_CO[3])
                                                      0.550    19.130 r  freq_gen2/counter10__26/CO[3]
                         net (fo=1, routed)           0.000    19.130    freq_gen2/counter10__26_n_0
    SLICE_X0Y120         CARRY4 (Prop_carry4_CI_CO[3])
                                                      0.114    19.244 r  freq_gen2/counter10__27/CO[3]
                         net (fo=1, routed)           0.000    19.244    freq_gen2/counter10__27_n_0
    SLICE_X0Y121         CARRY4 (Prop_carry4_CI_CO[3])
                                                      0.114    19.358 r  freq_gen2/counter10__28/CO[3]
                         net (fo=1, routed)           0.000    19.358    freq_gen2/counter10__28_n_0
    SLICE_X0Y122         CARRY4 (Prop_carry4_CI_CO[3])
                                                      0.114    19.472 r  freq_gen2/counter10__29/CO[3]
                         net (fo=1, routed)           0.000    19.472    freq_gen2/counter10__29_n_0
    SLICE_X0Y123         CARRY4 (Prop_carry4_CI_CO[1])
                                                      0.157    19.629 r  freq_gen2/counter10__30/CO[1]
                         net (fo=24, routed)          0.698    20.326    freq_gen2/counter10__30_i_2_0[0]
    SLICE_X1Y124         LUT3 (Prop_lut3_I0_O)        0.329    20.655 r  freq_gen2/counter10__32_i_4/O
                         net (fo=1, routed)           0.000    20.655    freq_gen2/counter10__32_i_4_n_0
    SLICE_X1Y124         CARRY4 (Prop_carry4_S[0]_CO[3])
                                                      0.532    21.187 r  freq_gen2/counter10__32/CO[3]
                         net (fo=1, routed)           0.009    21.196    freq_gen2/counter10__32_n_0
    SLICE_X1Y125         CARRY4 (Prop_carry4_CI_CO[3])
                                                      0.114    21.310 r  freq_gen2/counter10__33/CO[3]
                         net (fo=1, routed)           0.000    21.310    freq_gen2/counter10__33_n_0
    SLICE_X1Y126         CARRY4 (Prop_carry4_CI_CO[3])
                                                      0.114    21.424 r  freq_gen2/counter10__34/CO[3]
                         net (fo=1, routed)           0.000    21.424    freq_gen2/counter10__34_n_0
    SLICE_X1Y127         CARRY4 (Prop_carry4_CI_CO[1])
                                                      0.157    21.581 r  freq_gen2/counter10__35/CO[1]
                         net (fo=23, routed)          0.556    22.137    fsm_buzzer/counter10__36[0]
    SLICE_X2Y126         LUT2 (Prop_lut2_I1_O)        0.329    22.466 r  fsm_buzzer/counter10__36_i_3/O
                         net (fo=1, routed)           0.000    22.466    freq_gen2/counter10__41_0[0]
    SLICE_X2Y126         CARRY4 (Prop_carry4_S[1]_CO[3])
                                                      0.533    22.999 r  freq_gen2/counter10__36/CO[3]
                         net (fo=1, routed)           0.000    22.999    freq_gen2/counter10__36_n_0
    SLICE_X2Y127         CARRY4 (Prop_carry4_CI_CO[3])
                                                      0.117    23.116 r  freq_gen2/counter10__37/CO[3]
                         net (fo=1, routed)           0.000    23.116    freq_gen2/counter10__37_n_0
    SLICE_X2Y128         CARRY4 (Prop_carry4_CI_CO[3])
                                                      0.117    23.233 r  freq_gen2/counter10__38/CO[3]
                         net (fo=1, routed)           0.000    23.233    freq_gen2/counter10__38_n_0
    SLICE_X2Y129         CARRY4 (Prop_carry4_CI_CO[3])
                                                      0.117    23.350 r  freq_gen2/counter10__39/CO[3]
                         net (fo=1, routed)           0.000    23.350    freq_gen2/counter10__39_n_0
    SLICE_X2Y130         CARRY4 (Prop_carry4_CI_CO[1])
                                                      0.157    23.507 r  freq_gen2/counter10__40/CO[1]
                         net (fo=24, routed)          0.654    24.161    fsm_buzzer/counter10__41[0]
    SLICE_X0Y129         LUT2 (Prop_lut2_I1_O)        0.332    24.493 r  fsm_buzzer/counter10__41_i_4/O
                         net (fo=1, routed)           0.000    24.493    freq_gen2/counter10__46_1[0]
    SLICE_X0Y129         CARRY4 (Prop_carry4_S[1]_CO[3])
                                                      0.550    25.043 r  freq_gen2/counter10__41/CO[3]
                         net (fo=1, routed)           0.000    25.043    freq_gen2/counter10__41_n_0
    SLICE_X0Y130         CARRY4 (Prop_carry4_CI_CO[3])
                                                      0.114    25.157 r  freq_gen2/counter10__42/CO[3]
                         net (fo=1, routed)           0.000    25.157    freq_gen2/counter10__42_n_0
    SLICE_X0Y131         CARRY4 (Prop_carry4_CI_CO[3])
                                                      0.114    25.271 r  freq_gen2/counter10__43/CO[3]
                         net (fo=1, routed)           0.000    25.271    freq_gen2/counter10__43_n_0
    SLICE_X0Y132         CARRY4 (Prop_carry4_CI_CO[3])
                                                      0.114    25.385 r  freq_gen2/counter10__44/CO[3]
                         net (fo=1, routed)           0.000    25.385    freq_gen2/counter10__44_n_0
    SLICE_X0Y133         CARRY4 (Prop_carry4_CI_CO[1])
                                                      0.157    25.542 r  freq_gen2/counter10__45/CO[1]
                         net (fo=24, routed)          0.602    26.144    fsm_buzzer/counter10__46[15]
    SLICE_X1Y131         LUT2 (Prop_lut2_I1_O)        0.329    26.473 r  fsm_buzzer/counter10__46_i_3/O
                         net (fo=1, routed)           0.000    26.473    freq_gen2/counter10__51_0[0]
    SLICE_X1Y131         CARRY4 (Prop_carry4_S[1]_CO[3])
                                                      0.550    27.023 r  freq_gen2/counter10__46/CO[3]
                         net (fo=1, routed)           0.000    27.023    freq_gen2/counter10__46_n_0
    SLICE_X1Y132         CARRY4 (Prop_carry4_CI_CO[3])
                                                      0.114    27.137 r  freq_gen2/counter10__47/CO[3]
                         net (fo=1, routed)           0.000    27.137    freq_gen2/counter10__47_n_0
    SLICE_X1Y133         CARRY4 (Prop_carry4_CI_CO[3])
                                                      0.114    27.251 r  freq_gen2/counter10__48/CO[3]
                         net (fo=1, routed)           0.000    27.251    freq_gen2/counter10__48_n_0
    SLICE_X1Y134         CARRY4 (Prop_carry4_CI_CO[3])
                                                      0.114    27.365 r  freq_gen2/counter10__49/CO[3]
                         net (fo=1, routed)           0.000    27.365    freq_gen2/counter10__49_n_0
    SLICE_X1Y135         CARRY4 (Prop_carry4_CI_CO[1])
                                                      0.157    27.522 r  freq_gen2/counter10__50/CO[1]
                         net (fo=24, routed)          0.540    28.062    fsm_buzzer/counter10__46[14]
    SLICE_X2Y134         LUT2 (Prop_lut2_I1_O)        0.329    28.391 r  fsm_buzzer/counter10__51_i_3/O
                         net (fo=1, routed)           0.000    28.391    freq_gen2/counter10__56_0[0]
    SLICE_X2Y134         CARRY4 (Prop_carry4_S[1]_CO[3])
                                                      0.533    28.924 r  freq_gen2/counter10__51/CO[3]
                         net (fo=1, routed)           0.000    28.924    freq_gen2/counter10__51_n_0
    SLICE_X2Y135         CARRY4 (Prop_carry4_CI_CO[3])
                                                      0.117    29.041 r  freq_gen2/counter10__52/CO[3]
                         net (fo=1, routed)           0.000    29.041    freq_gen2/counter10__52_n_0
    SLICE_X2Y136         CARRY4 (Prop_carry4_CI_CO[3])
                                                      0.117    29.158 r  freq_gen2/counter10__53/CO[3]
                         net (fo=1, routed)           0.000    29.158    freq_gen2/counter10__53_n_0
    SLICE_X2Y137         CARRY4 (Prop_carry4_CI_CO[3])
                                                      0.117    29.275 r  freq_gen2/counter10__54/CO[3]
                         net (fo=1, routed)           0.000    29.275    freq_gen2/counter10__54_n_0
    SLICE_X2Y138         CARRY4 (Prop_carry4_CI_CO[1])
                                                      0.157    29.432 r  freq_gen2/counter10__55/CO[1]
                         net (fo=24, routed)          0.710    30.141    freq_gen2/counter10__45_i_2_0[13]
    SLICE_X6Y137         CARRY4 (Prop_carry4_CYINIT_CO[3])
                                                      0.803    30.944 r  freq_gen2/counter10__56/CO[3]
                         net (fo=1, routed)           0.000    30.944    freq_gen2/counter10__56_n_0
    SLICE_X6Y138         CARRY4 (Prop_carry4_CI_CO[3])
                                                      0.117    31.061 r  freq_gen2/counter10__57/CO[3]
                         net (fo=1, routed)           0.000    31.061    freq_gen2/counter10__57_n_0
    SLICE_X6Y139         CARRY4 (Prop_carry4_CI_CO[3])
                                                      0.117    31.178 r  freq_gen2/counter10__58/CO[3]
                         net (fo=1, routed)           0.000    31.178    freq_gen2/counter10__58_n_0
    SLICE_X6Y140         CARRY4 (Prop_carry4_CI_CO[3])
                                                      0.117    31.295 r  freq_gen2/counter10__59/CO[3]
                         net (fo=1, routed)           0.000    31.295    freq_gen2/counter10__59_n_0
    SLICE_X6Y141         CARRY4 (Prop_carry4_CI_CO[1])
                                                      0.157    31.452 r  freq_gen2/counter10__60/CO[1]
                         net (fo=24, routed)          0.769    32.222    fsm_buzzer/counter10__46[12]
    SLICE_X9Y139         LUT2 (Prop_lut2_I1_O)        0.332    32.554 r  fsm_buzzer/counter10__61_i_3/O
                         net (fo=1, routed)           0.000    32.554    freq_gen2/counter10__66_0[0]
    SLICE_X9Y139         CARRY4 (Prop_carry4_S[1]_CO[3])
                                                      0.550    33.104 r  freq_gen2/counter10__61/CO[3]
                         net (fo=1, routed)           0.000    33.104    freq_gen2/counter10__61_n_0
    SLICE_X9Y140         CARRY4 (Prop_carry4_CI_CO[3])
                                                      0.114    33.218 r  freq_gen2/counter10__62/CO[3]
                         net (fo=1, routed)           0.000    33.218    freq_gen2/counter10__62_n_0
    SLICE_X9Y141         CARRY4 (Prop_carry4_CI_CO[3])
                                                      0.114    33.332 r  freq_gen2/counter10__63/CO[3]
                         net (fo=1, routed)           0.000    33.332    freq_gen2/counter10__63_n_0
    SLICE_X9Y142         CARRY4 (Prop_carry4_CI_CO[3])
                                                      0.114    33.446 r  freq_gen2/counter10__64/CO[3]
                         net (fo=1, routed)           0.000    33.446    freq_gen2/counter10__64_n_0
    SLICE_X9Y143         CARRY4 (Prop_carry4_CI_CO[1])
                                                      0.157    33.603 r  freq_gen2/counter10__65/CO[1]
                         net (fo=25, routed)          0.893    34.496    fsm_buzzer/counter10__46[11]
    SLICE_X10Y139        LUT2 (Prop_lut2_I1_O)        0.329    34.825 r  fsm_buzzer/counter10__66_i_4/O
                         net (fo=1, routed)           0.000    34.825    freq_gen2/counter10__71_1[0]
    SLICE_X10Y139        CARRY4 (Prop_carry4_S[1]_CO[3])
                                                      0.533    35.358 r  freq_gen2/counter10__66/CO[3]
                         net (fo=1, routed)           0.000    35.358    freq_gen2/counter10__66_n_0
    SLICE_X10Y140        CARRY4 (Prop_carry4_CI_CO[3])
                                                      0.117    35.475 r  freq_gen2/counter10__67/CO[3]
                         net (fo=1, routed)           0.000    35.475    freq_gen2/counter10__67_n_0
    SLICE_X10Y141        CARRY4 (Prop_carry4_CI_CO[3])
                                                      0.117    35.592 r  freq_gen2/counter10__68/CO[3]
                         net (fo=1, routed)           0.000    35.592    freq_gen2/counter10__68_n_0
    SLICE_X10Y142        CARRY4 (Prop_carry4_CI_CO[3])
                                                      0.117    35.709 r  freq_gen2/counter10__69/CO[3]
                         net (fo=1, routed)           0.000    35.709    freq_gen2/counter10__69_n_0
    SLICE_X10Y143        CARRY4 (Prop_carry4_CI_CO[1])
                                                      0.157    35.866 r  freq_gen2/counter10__70/CO[1]
                         net (fo=25, routed)          0.694    36.560    fsm_buzzer/counter10__46[10]
    SLICE_X11Y142        LUT2 (Prop_lut2_I1_O)        0.332    36.892 r  fsm_buzzer/counter10__71_i_4/O
                         net (fo=1, routed)           0.000    36.892    freq_gen2/counter10__76_1[0]
    SLICE_X11Y142        CARRY4 (Prop_carry4_S[1]_CO[3])
                                                      0.550    37.442 r  freq_gen2/counter10__71/CO[3]
                         net (fo=1, routed)           0.000    37.442    freq_gen2/counter10__71_n_0
    SLICE_X11Y143        CARRY4 (Prop_carry4_CI_CO[3])
                                                      0.114    37.556 r  freq_gen2/counter10__72/CO[3]
                         net (fo=1, routed)           0.000    37.556    freq_gen2/counter10__72_n_0
    SLICE_X11Y144        CARRY4 (Prop_carry4_CI_CO[3])
                                                      0.114    37.670 r  freq_gen2/counter10__73/CO[3]
                         net (fo=1, routed)           0.000    37.670    freq_gen2/counter10__73_n_0
    SLICE_X11Y145        CARRY4 (Prop_carry4_CI_CO[3])
                                                      0.114    37.784 r  freq_gen2/counter10__74/CO[3]
                         net (fo=1, routed)           0.000    37.784    freq_gen2/counter10__74_n_0
    SLICE_X11Y146        CARRY4 (Prop_carry4_CI_CO[1])
                                                      0.157    37.941 r  freq_gen2/counter10__75/CO[1]
                         net (fo=25, routed)          0.707    38.648    fsm_buzzer/counter10__46[9]
    SLICE_X10Y144        LUT2 (Prop_lut2_I1_O)        0.329    38.977 r  fsm_buzzer/counter10__76_i_4/O
                         net (fo=1, routed)           0.000    38.977    freq_gen2/counter10__81_1[0]
    SLICE_X10Y144        CARRY4 (Prop_carry4_S[1]_CO[3])
                                                      0.533    39.510 r  freq_gen2/counter10__76/CO[3]
                         net (fo=1, routed)           0.000    39.510    freq_gen2/counter10__76_n_0
    SLICE_X10Y145        CARRY4 (Prop_carry4_CI_CO[3])
                                                      0.117    39.627 r  freq_gen2/counter10__77/CO[3]
                         net (fo=1, routed)           0.000    39.627    freq_gen2/counter10__77_n_0
    SLICE_X10Y146        CARRY4 (Prop_carry4_CI_CO[3])
                                                      0.117    39.744 r  freq_gen2/counter10__78/CO[3]
                         net (fo=1, routed)           0.000    39.744    freq_gen2/counter10__78_n_0
    SLICE_X10Y147        CARRY4 (Prop_carry4_CI_CO[3])
                                                      0.117    39.861 r  freq_gen2/counter10__79/CO[3]
                         net (fo=1, routed)           0.000    39.861    freq_gen2/counter10__79_n_0
    SLICE_X10Y148        CARRY4 (Prop_carry4_CI_CO[1])
                                                      0.157    40.018 r  freq_gen2/counter10__80/CO[1]
                         net (fo=25, routed)          1.025    41.043    freq_gen2/counter10__45_i_2_0[8]
    SLICE_X2Y143         LUT2 (Prop_lut2_I1_O)        0.327    41.370 r  freq_gen2/counter1[9]_i_1/O
                         net (fo=1, routed)           0.000    41.370    freq_gen2/p_1_in[9]
    SLICE_X2Y143         FDCE                                         r  freq_gen2/counter1_reg[9]/D
  -------------------------------------------------------------------    -------------------

                         (clock sys_clk_pin rise edge)
                                                     10.000    10.000 r  
    W5                                                0.000    10.000 r  sysclk (IN)
                         net (fo=0)                   0.000    10.000    sysclk
    W5                   IBUF (Prop_ibuf_I_O)         1.388    11.388 r  sysclk_IBUF_inst/O
                         net (fo=1, routed)           1.862    13.250    sysclk_IBUF
    BUFGCTRL_X0Y0        BUFG (Prop_bufg_I_O)         0.091    13.341 r  sysclk_IBUF_BUFG_inst/O
                         net (fo=130, routed)         1.683    15.024    freq_gen2/CLK
    SLICE_X2Y143         FDCE                                         r  freq_gen2/counter1_reg[9]/C
                         clock pessimism              0.267    15.291    
                         clock uncertainty           -0.035    15.256    
    SLICE_X2Y143         FDCE (Setup_fdce_C_D)        0.118    15.374    freq_gen2/counter1_reg[9]
  -------------------------------------------------------------------
                         required time                         15.374    
                         arrival time                         -41.370    
  -------------------------------------------------------------------
                         slack                                -25.996    





Min Delay Paths
--------------------------------------------------------------------------------------
Slack (MET) :             0.153ns  (arrival time - required time)
  Source:                 btn_in/btn_1d_reg/C
                            (rising edge-triggered cell FDCE clocked by sys_clk_pin  {rise@0.000ns fall@5.000ns period=10.000ns})
  Destination:            btn_in/btn_2d_reg/D
                            (rising edge-triggered cell FDCE clocked by sys_clk_pin  {rise@0.000ns fall@5.000ns period=10.000ns})
  Path Group:             sys_clk_pin
  Path Type:              Hold (Min at Fast Process Corner)
  Requirement:            0.000ns  (sys_clk_pin rise@0.000ns - sys_clk_pin rise@0.000ns)
  Data Path Delay:        0.259ns  (logic 0.141ns (54.426%)  route 0.118ns (45.574%))
  Logic Levels:           0  
  Clock Path Skew:        0.035ns (DCD - SCD - CPR)
    Destination Clock Delay (DCD):    2.075ns
    Source Clock Delay      (SCD):    1.558ns
    Clock Pessimism Removal (CPR):    0.482ns

    Location             Delay type                Incr(ns)  Path(ns)    Netlist Resource(s)
  -------------------------------------------------------------------    -------------------
                         (clock sys_clk_pin rise edge)
                                                      0.000     0.000 r  
    W5                                                0.000     0.000 r  sysclk (IN)
                         net (fo=0)                   0.000     0.000    sysclk
    W5                   IBUF (Prop_ibuf_I_O)         0.226     0.226 r  sysclk_IBUF_inst/O
                         net (fo=1, routed)           0.631     0.858    sysclk_IBUF
    BUFGCTRL_X0Y0        BUFG (Prop_bufg_I_O)         0.026     0.884 r  sysclk_IBUF_BUFG_inst/O
                         net (fo=130, routed)         0.674     1.558    btn_in/CLK
    SLICE_X0Y107         FDCE                                         r  btn_in/btn_1d_reg/C
  -------------------------------------------------------------------    -------------------
    SLICE_X0Y107         FDCE (Prop_fdce_C_Q)         0.141     1.699 r  btn_in/btn_1d_reg/Q
                         net (fo=1, routed)           0.118     1.817    btn_in/btn_1d
    SLICE_X5Y107         FDCE                                         r  btn_in/btn_2d_reg/D
  -------------------------------------------------------------------    -------------------

                         (clock sys_clk_pin rise edge)
                                                      0.000     0.000 r  
    W5                                                0.000     0.000 r  sysclk (IN)
                         net (fo=0)                   0.000     0.000    sysclk
    W5                   IBUF (Prop_ibuf_I_O)         0.414     0.414 r  sysclk_IBUF_inst/O
                         net (fo=1, routed)           0.685     1.099    sysclk_IBUF
    BUFGCTRL_X0Y0        BUFG (Prop_bufg_I_O)         0.029     1.128 r  sysclk_IBUF_BUFG_inst/O
                         net (fo=130, routed)         0.947     2.075    btn_in/CLK
    SLICE_X5Y107         FDCE                                         r  btn_in/btn_2d_reg/C
                         clock pessimism             -0.482     1.593    
    SLICE_X5Y107         FDCE (Hold_fdce_C_D)         0.071     1.664    btn_in/btn_2d_reg
  -------------------------------------------------------------------
                         required time                         -1.664    
                         arrival time                           1.817    
  -------------------------------------------------------------------
                         slack                                  0.153    

Slack (MET) :             0.186ns  (arrival time - required time)
  Source:                 fsm_buzzer/FSM_sequential_state_reg[3]/C
                            (rising edge-triggered cell FDCE clocked by sys_clk_pin  {rise@0.000ns fall@5.000ns period=10.000ns})
  Destination:            fsm_buzzer/r_freq_reg[3]_replica/D
                            (rising edge-triggered cell FDRE clocked by sys_clk_pin  {rise@0.000ns fall@5.000ns period=10.000ns})
  Path Group:             sys_clk_pin
  Path Type:              Hold (Min at Fast Process Corner)
  Requirement:            0.000ns  (sys_clk_pin rise@0.000ns - sys_clk_pin rise@0.000ns)
  Data Path Delay:        0.274ns  (logic 0.141ns (51.543%)  route 0.133ns (48.457%))
  Logic Levels:           0  
  Clock Path Skew:        0.016ns (DCD - SCD - CPR)
    Destination Clock Delay (DCD):    2.077ns
    Source Clock Delay      (SCD):    1.558ns
    Clock Pessimism Removal (CPR):    0.503ns

    Location             Delay type                Incr(ns)  Path(ns)    Netlist Resource(s)
  -------------------------------------------------------------------    -------------------
                         (clock sys_clk_pin rise edge)
                                                      0.000     0.000 r  
    W5                                                0.000     0.000 r  sysclk (IN)
                         net (fo=0)                   0.000     0.000    sysclk
    W5                   IBUF (Prop_ibuf_I_O)         0.226     0.226 r  sysclk_IBUF_inst/O
                         net (fo=1, routed)           0.631     0.858    sysclk_IBUF
    BUFGCTRL_X0Y0        BUFG (Prop_bufg_I_O)         0.026     0.884 r  sysclk_IBUF_BUFG_inst/O
                         net (fo=130, routed)         0.674     1.558    fsm_buzzer/CLK
    SLICE_X1Y108         FDCE                                         r  fsm_buzzer/FSM_sequential_state_reg[3]/C
  -------------------------------------------------------------------    -------------------
    SLICE_X1Y108         FDCE (Prop_fdce_C_Q)         0.141     1.699 r  fsm_buzzer/FSM_sequential_state_reg[3]/Q
                         net (fo=26, routed)          0.133     1.831    fsm_buzzer/state__0[3]
    SLICE_X3Y108         FDRE                                         r  fsm_buzzer/r_freq_reg[3]_replica/D
  -------------------------------------------------------------------    -------------------

                         (clock sys_clk_pin rise edge)
                                                      0.000     0.000 r  
    W5                                                0.000     0.000 r  sysclk (IN)
                         net (fo=0)                   0.000     0.000    sysclk
    W5                   IBUF (Prop_ibuf_I_O)         0.414     0.414 r  sysclk_IBUF_inst/O
                         net (fo=1, routed)           0.685     1.099    sysclk_IBUF
    BUFGCTRL_X0Y0        BUFG (Prop_bufg_I_O)         0.029     1.128 r  sysclk_IBUF_BUFG_inst/O
                         net (fo=130, routed)         0.949     2.077    fsm_buzzer/CLK
    SLICE_X3Y108         FDRE                                         r  fsm_buzzer/r_freq_reg[3]_replica/C
                         clock pessimism             -0.503     1.574    
    SLICE_X3Y108         FDRE (Hold_fdre_C_D)         0.072     1.646    fsm_buzzer/r_freq_reg[3]_replica
  -------------------------------------------------------------------
                         required time                         -1.646    
                         arrival time                           1.831    
  -------------------------------------------------------------------
                         slack                                  0.186    

Slack (MET) :             0.203ns  (arrival time - required time)
  Source:                 btn_in/btn2_reg/C
                            (rising edge-triggered cell FDCE clocked by sys_clk_pin  {rise@0.000ns fall@5.000ns period=10.000ns})
  Destination:            btn_in/btn_out_reg/D
                            (rising edge-triggered cell FDCE clocked by sys_clk_pin  {rise@0.000ns fall@5.000ns period=10.000ns})
  Path Group:             sys_clk_pin
  Path Type:              Hold (Min at Fast Process Corner)
  Requirement:            0.000ns  (sys_clk_pin rise@0.000ns - sys_clk_pin rise@0.000ns)
  Data Path Delay:        0.295ns  (logic 0.227ns (77.066%)  route 0.068ns (22.934%))
  Logic Levels:           1  (LUT4=1)
  Clock Path Skew:        0.000ns (DCD - SCD - CPR)
    Destination Clock Delay (DCD):    2.075ns
    Source Clock Delay      (SCD):    1.557ns
    Clock Pessimism Removal (CPR):    0.518ns

    Location             Delay type                Incr(ns)  Path(ns)    Netlist Resource(s)
  -------------------------------------------------------------------    -------------------
                         (clock sys_clk_pin rise edge)
                                                      0.000     0.000 r  
    W5                                                0.000     0.000 r  sysclk (IN)
                         net (fo=0)                   0.000     0.000    sysclk
    W5                   IBUF (Prop_ibuf_I_O)         0.226     0.226 r  sysclk_IBUF_inst/O
                         net (fo=1, routed)           0.631     0.858    sysclk_IBUF
    BUFGCTRL_X0Y0        BUFG (Prop_bufg_I_O)         0.026     0.884 r  sysclk_IBUF_BUFG_inst/O
                         net (fo=130, routed)         0.673     1.557    btn_in/CLK
    SLICE_X5Y107         FDCE                                         r  btn_in/btn2_reg/C
  -------------------------------------------------------------------    -------------------
    SLICE_X5Y107         FDCE (Prop_fdce_C_Q)         0.128     1.685 f  btn_in/btn2_reg/Q
                         net (fo=2, routed)           0.068     1.752    btn_in/btn2
    SLICE_X5Y107         LUT4 (Prop_lut4_I1_O)        0.099     1.851 r  btn_in/btn_out_i_1/O
                         net (fo=1, routed)           0.000     1.851    btn_in/btn_out_i_1_n_0
    SLICE_X5Y107         FDCE                                         r  btn_in/btn_out_reg/D
  -------------------------------------------------------------------    -------------------

                         (clock sys_clk_pin rise edge)
                                                      0.000     0.000 r  
    W5                                                0.000     0.000 r  sysclk (IN)
                         net (fo=0)                   0.000     0.000    sysclk
    W5                   IBUF (Prop_ibuf_I_O)         0.414     0.414 r  sysclk_IBUF_inst/O
                         net (fo=1, routed)           0.685     1.099    sysclk_IBUF
    BUFGCTRL_X0Y0        BUFG (Prop_bufg_I_O)         0.029     1.128 r  sysclk_IBUF_BUFG_inst/O
                         net (fo=130, routed)         0.947     2.075    btn_in/CLK
    SLICE_X5Y107         FDCE                                         r  btn_in/btn_out_reg/C
                         clock pessimism             -0.518     1.557    
    SLICE_X5Y107         FDCE (Hold_fdce_C_D)         0.092     1.649    btn_in/btn_out_reg
  -------------------------------------------------------------------
                         required time                         -1.649    
                         arrival time                           1.851    
  -------------------------------------------------------------------
                         slack                                  0.203    

Slack (MET) :             0.263ns  (arrival time - required time)
  Source:                 fsm_buzzer/time_counter_reg[0]/C
                            (rising edge-triggered cell FDCE clocked by sys_clk_pin  {rise@0.000ns fall@5.000ns period=10.000ns})
  Destination:            fsm_buzzer/time_counter_reg[0]/D
                            (rising edge-triggered cell FDCE clocked by sys_clk_pin  {rise@0.000ns fall@5.000ns period=10.000ns})
  Path Group:             sys_clk_pin
  Path Type:              Hold (Min at Fast Process Corner)
  Requirement:            0.000ns  (sys_clk_pin rise@0.000ns - sys_clk_pin rise@0.000ns)
  Data Path Delay:        0.354ns  (logic 0.186ns (52.507%)  route 0.168ns (47.493%))
  Logic Levels:           1  (LUT1=1)
  Clock Path Skew:        0.000ns (DCD - SCD - CPR)
    Destination Clock Delay (DCD):    2.075ns
    Source Clock Delay      (SCD):    1.557ns
    Clock Pessimism Removal (CPR):    0.518ns

    Location             Delay type                Incr(ns)  Path(ns)    Netlist Resource(s)
  -------------------------------------------------------------------    -------------------
                         (clock sys_clk_pin rise edge)
                                                      0.000     0.000 r  
    W5                                                0.000     0.000 r  sysclk (IN)
                         net (fo=0)                   0.000     0.000    sysclk
    W5                   IBUF (Prop_ibuf_I_O)         0.226     0.226 r  sysclk_IBUF_inst/O
                         net (fo=1, routed)           0.631     0.858    sysclk_IBUF
    BUFGCTRL_X0Y0        BUFG (Prop_bufg_I_O)         0.026     0.884 r  sysclk_IBUF_BUFG_inst/O
                         net (fo=130, routed)         0.673     1.557    fsm_buzzer/CLK
    SLICE_X5Y108         FDCE                                         r  fsm_buzzer/time_counter_reg[0]/C
  -------------------------------------------------------------------    -------------------
    SLICE_X5Y108         FDCE (Prop_fdce_C_Q)         0.141     1.698 f  fsm_buzzer/time_counter_reg[0]/Q
                         net (fo=3, routed)           0.168     1.866    fsm_buzzer/time_counter[0]
    SLICE_X5Y108         LUT1 (Prop_lut1_I0_O)        0.045     1.911 r  fsm_buzzer/time_counter[0]_i_1/O
                         net (fo=1, routed)           0.000     1.911    fsm_buzzer/time_counter[0]_i_1_n_0
    SLICE_X5Y108         FDCE                                         r  fsm_buzzer/time_counter_reg[0]/D
  -------------------------------------------------------------------    -------------------

                         (clock sys_clk_pin rise edge)
                                                      0.000     0.000 r  
    W5                                                0.000     0.000 r  sysclk (IN)
                         net (fo=0)                   0.000     0.000    sysclk
    W5                   IBUF (Prop_ibuf_I_O)         0.414     0.414 r  sysclk_IBUF_inst/O
                         net (fo=1, routed)           0.685     1.099    sysclk_IBUF
    BUFGCTRL_X0Y0        BUFG (Prop_bufg_I_O)         0.029     1.128 r  sysclk_IBUF_BUFG_inst/O
                         net (fo=130, routed)         0.947     2.075    fsm_buzzer/CLK
    SLICE_X5Y108         FDCE                                         r  fsm_buzzer/time_counter_reg[0]/C
                         clock pessimism             -0.518     1.557    
    SLICE_X5Y108         FDCE (Hold_fdce_C_D)         0.091     1.648    fsm_buzzer/time_counter_reg[0]
  -------------------------------------------------------------------
                         required time                         -1.648    
                         arrival time                           1.911    
  -------------------------------------------------------------------
                         slack                                  0.263    

Slack (MET) :             0.270ns  (arrival time - required time)
  Source:                 fsm_buzzer/FSM_sequential_state_reg[3]/C
                            (rising edge-triggered cell FDCE clocked by sys_clk_pin  {rise@0.000ns fall@5.000ns period=10.000ns})
  Destination:            fsm_buzzer/r_freq_reg[3]/D
                            (rising edge-triggered cell FDRE clocked by sys_clk_pin  {rise@0.000ns fall@5.000ns period=10.000ns})
  Path Group:             sys_clk_pin
  Path Type:              Hold (Min at Fast Process Corner)
  Requirement:            0.000ns  (sys_clk_pin rise@0.000ns - sys_clk_pin rise@0.000ns)
  Data Path Delay:        0.345ns  (logic 0.141ns (40.833%)  route 0.204ns (59.167%))
  Logic Levels:           0  
  Clock Path Skew:        0.016ns (DCD - SCD - CPR)
    Destination Clock Delay (DCD):    2.077ns
    Source Clock Delay      (SCD):    1.558ns
    Clock Pessimism Removal (CPR):    0.503ns

    Location             Delay type                Incr(ns)  Path(ns)    Netlist Resource(s)
  -------------------------------------------------------------------    -------------------
                         (clock sys_clk_pin rise edge)
                                                      0.000     0.000 r  
    W5                                                0.000     0.000 r  sysclk (IN)
                         net (fo=0)                   0.000     0.000    sysclk
    W5                   IBUF (Prop_ibuf_I_O)         0.226     0.226 r  sysclk_IBUF_inst/O
                         net (fo=1, routed)           0.631     0.858    sysclk_IBUF
    BUFGCTRL_X0Y0        BUFG (Prop_bufg_I_O)         0.026     0.884 r  sysclk_IBUF_BUFG_inst/O
                         net (fo=130, routed)         0.674     1.558    fsm_buzzer/CLK
    SLICE_X1Y108         FDCE                                         r  fsm_buzzer/FSM_sequential_state_reg[3]/C
  -------------------------------------------------------------------    -------------------
    SLICE_X1Y108         FDCE (Prop_fdce_C_Q)         0.141     1.699 r  fsm_buzzer/FSM_sequential_state_reg[3]/Q
                         net (fo=26, routed)          0.204     1.903    fsm_buzzer/state__0[3]
    SLICE_X2Y109         FDRE                                         r  fsm_buzzer/r_freq_reg[3]/D
  -------------------------------------------------------------------    -------------------

                         (clock sys_clk_pin rise edge)
                                                      0.000     0.000 r  
    W5                                                0.000     0.000 r  sysclk (IN)
                         net (fo=0)                   0.000     0.000    sysclk
    W5                   IBUF (Prop_ibuf_I_O)         0.414     0.414 r  sysclk_IBUF_inst/O
                         net (fo=1, routed)           0.685     1.099    sysclk_IBUF
    BUFGCTRL_X0Y0        BUFG (Prop_bufg_I_O)         0.029     1.128 r  sysclk_IBUF_BUFG_inst/O
                         net (fo=130, routed)         0.949     2.077    fsm_buzzer/CLK
    SLICE_X2Y109         FDRE                                         r  fsm_buzzer/r_freq_reg[3]/C
                         clock pessimism             -0.503     1.574    
    SLICE_X2Y109         FDRE (Hold_fdre_C_D)         0.059     1.633    fsm_buzzer/r_freq_reg[3]
  -------------------------------------------------------------------
                         required time                         -1.633    
                         arrival time                           1.903    
  -------------------------------------------------------------------
                         slack                                  0.270    

Slack (MET) :             0.280ns  (arrival time - required time)
  Source:                 freq_gen2/r_freq_reg/C
                            (rising edge-triggered cell FDRE clocked by sys_clk_pin  {rise@0.000ns fall@5.000ns period=10.000ns})
  Destination:            freq_gen2/r_freq_reg/D
                            (rising edge-triggered cell FDRE clocked by sys_clk_pin  {rise@0.000ns fall@5.000ns period=10.000ns})
  Path Group:             sys_clk_pin
  Path Type:              Hold (Min at Fast Process Corner)
  Requirement:            0.000ns  (sys_clk_pin rise@0.000ns - sys_clk_pin rise@0.000ns)
  Data Path Delay:        0.371ns  (logic 0.186ns (50.162%)  route 0.185ns (49.838%))
  Logic Levels:           1  (LUT4=1)
  Clock Path Skew:        0.000ns (DCD - SCD - CPR)
    Destination Clock Delay (DCD):    2.074ns
    Source Clock Delay      (SCD):    1.556ns
    Clock Pessimism Removal (CPR):    0.518ns

    Location             Delay type                Incr(ns)  Path(ns)    Netlist Resource(s)
  -------------------------------------------------------------------    -------------------
                         (clock sys_clk_pin rise edge)
                                                      0.000     0.000 r  
    W5                                                0.000     0.000 r  sysclk (IN)
                         net (fo=0)                   0.000     0.000    sysclk
    W5                   IBUF (Prop_ibuf_I_O)         0.226     0.226 r  sysclk_IBUF_inst/O
                         net (fo=1, routed)           0.631     0.858    sysclk_IBUF
    BUFGCTRL_X0Y0        BUFG (Prop_bufg_I_O)         0.026     0.884 r  sysclk_IBUF_BUFG_inst/O
                         net (fo=130, routed)         0.672     1.556    freq_gen2/CLK
    SLICE_X0Y137         FDRE                                         r  freq_gen2/r_freq_reg/C
  -------------------------------------------------------------------    -------------------
    SLICE_X0Y137         FDRE (Prop_fdre_C_Q)         0.141     1.697 r  freq_gen2/r_freq_reg/Q
                         net (fo=2, routed)           0.185     1.881    freq_gen2/o_freq_OBUF
    SLICE_X0Y137         LUT4 (Prop_lut4_I3_O)        0.045     1.926 r  freq_gen2/r_freq_i_1/O
                         net (fo=1, routed)           0.000     1.926    freq_gen2/r_freq_i_1_n_0
    SLICE_X0Y137         FDRE                                         r  freq_gen2/r_freq_reg/D
  -------------------------------------------------------------------    -------------------

                         (clock sys_clk_pin rise edge)
                                                      0.000     0.000 r  
    W5                                                0.000     0.000 r  sysclk (IN)
                         net (fo=0)                   0.000     0.000    sysclk
    W5                   IBUF (Prop_ibuf_I_O)         0.414     0.414 r  sysclk_IBUF_inst/O
                         net (fo=1, routed)           0.685     1.099    sysclk_IBUF
    BUFGCTRL_X0Y0        BUFG (Prop_bufg_I_O)         0.029     1.128 r  sysclk_IBUF_BUFG_inst/O
                         net (fo=130, routed)         0.946     2.074    freq_gen2/CLK
    SLICE_X0Y137         FDRE                                         r  freq_gen2/r_freq_reg/C
                         clock pessimism             -0.518     1.556    
    SLICE_X0Y137         FDRE (Hold_fdre_C_D)         0.091     1.647    freq_gen2/r_freq_reg
  -------------------------------------------------------------------
                         required time                         -1.647    
                         arrival time                           1.926    
  -------------------------------------------------------------------
                         slack                                  0.280    

Slack (MET) :             0.280ns  (arrival time - required time)
  Source:                 freq_gen2/counter_reg[0]/C
                            (rising edge-triggered cell FDCE clocked by sys_clk_pin  {rise@0.000ns fall@5.000ns period=10.000ns})
  Destination:            freq_gen2/counter_reg[0]/D
                            (rising edge-triggered cell FDCE clocked by sys_clk_pin  {rise@0.000ns fall@5.000ns period=10.000ns})
  Path Group:             sys_clk_pin
  Path Type:              Hold (Min at Fast Process Corner)
  Requirement:            0.000ns  (sys_clk_pin rise@0.000ns - sys_clk_pin rise@0.000ns)
  Data Path Delay:        0.371ns  (logic 0.186ns (50.162%)  route 0.185ns (49.838%))
  Logic Levels:           1  (LUT3=1)
  Clock Path Skew:        0.000ns (DCD - SCD - CPR)
    Destination Clock Delay (DCD):    2.076ns
    Source Clock Delay      (SCD):    1.557ns
    Clock Pessimism Removal (CPR):    0.519ns

    Location             Delay type                Incr(ns)  Path(ns)    Netlist Resource(s)
  -------------------------------------------------------------------    -------------------
                         (clock sys_clk_pin rise edge)
                                                      0.000     0.000 r  
    W5                                                0.000     0.000 r  sysclk (IN)
                         net (fo=0)                   0.000     0.000    sysclk
    W5                   IBUF (Prop_ibuf_I_O)         0.226     0.226 r  sysclk_IBUF_inst/O
                         net (fo=1, routed)           0.631     0.858    sysclk_IBUF
    BUFGCTRL_X0Y0        BUFG (Prop_bufg_I_O)         0.026     0.884 r  sysclk_IBUF_BUFG_inst/O
                         net (fo=130, routed)         0.673     1.557    freq_gen2/CLK
    SLICE_X0Y139         FDCE                                         r  freq_gen2/counter_reg[0]/C
  -------------------------------------------------------------------    -------------------
    SLICE_X0Y139         FDCE (Prop_fdce_C_Q)         0.141     1.698 f  freq_gen2/counter_reg[0]/Q
                         net (fo=3, routed)           0.185     1.882    freq_gen2/counter[0]
    SLICE_X0Y139         LUT3 (Prop_lut3_I2_O)        0.045     1.927 r  freq_gen2/counter[0]_i_1/O
                         net (fo=1, routed)           0.000     1.927    freq_gen2/p_0_in[0]
    SLICE_X0Y139         FDCE                                         r  freq_gen2/counter_reg[0]/D
  -------------------------------------------------------------------    -------------------

                         (clock sys_clk_pin rise edge)
                                                      0.000     0.000 r  
    W5                                                0.000     0.000 r  sysclk (IN)
                         net (fo=0)                   0.000     0.000    sysclk
    W5                   IBUF (Prop_ibuf_I_O)         0.414     0.414 r  sysclk_IBUF_inst/O
                         net (fo=1, routed)           0.685     1.099    sysclk_IBUF
    BUFGCTRL_X0Y0        BUFG (Prop_bufg_I_O)         0.029     1.128 r  sysclk_IBUF_BUFG_inst/O
                         net (fo=130, routed)         0.948     2.076    freq_gen2/CLK
    SLICE_X0Y139         FDCE                                         r  freq_gen2/counter_reg[0]/C
                         clock pessimism             -0.519     1.557    
    SLICE_X0Y139         FDCE (Hold_fdce_C_D)         0.091     1.648    freq_gen2/counter_reg[0]
  -------------------------------------------------------------------
                         required time                         -1.648    
                         arrival time                           1.927    
  -------------------------------------------------------------------
                         slack                                  0.280    

Slack (MET) :             0.283ns  (arrival time - required time)
  Source:                 btn_in/btn2_reg/C
                            (rising edge-triggered cell FDCE clocked by sys_clk_pin  {rise@0.000ns fall@5.000ns period=10.000ns})
  Destination:            btn_in/btn2_reg/D
                            (rising edge-triggered cell FDCE clocked by sys_clk_pin  {rise@0.000ns fall@5.000ns period=10.000ns})
  Path Group:             sys_clk_pin
  Path Type:              Hold (Min at Fast Process Corner)
  Requirement:            0.000ns  (sys_clk_pin rise@0.000ns - sys_clk_pin rise@0.000ns)
  Data Path Delay:        0.390ns  (logic 0.230ns (58.969%)  route 0.160ns (41.031%))
  Logic Levels:           1  (LUT4=1)
  Clock Path Skew:        0.000ns (DCD - SCD - CPR)
    Destination Clock Delay (DCD):    2.075ns
    Source Clock Delay      (SCD):    1.557ns
    Clock Pessimism Removal (CPR):    0.518ns

    Location             Delay type                Incr(ns)  Path(ns)    Netlist Resource(s)
  -------------------------------------------------------------------    -------------------
                         (clock sys_clk_pin rise edge)
                                                      0.000     0.000 r  
    W5                                                0.000     0.000 r  sysclk (IN)
                         net (fo=0)                   0.000     0.000    sysclk
    W5                   IBUF (Prop_ibuf_I_O)         0.226     0.226 r  sysclk_IBUF_inst/O
                         net (fo=1, routed)           0.631     0.858    sysclk_IBUF
    BUFGCTRL_X0Y0        BUFG (Prop_bufg_I_O)         0.026     0.884 r  sysclk_IBUF_BUFG_inst/O
                         net (fo=130, routed)         0.673     1.557    btn_in/CLK
    SLICE_X5Y107         FDCE                                         r  btn_in/btn2_reg/C
  -------------------------------------------------------------------    -------------------
    SLICE_X5Y107         FDCE (Prop_fdce_C_Q)         0.128     1.685 r  btn_in/btn2_reg/Q
                         net (fo=2, routed)           0.160     1.845    btn_in/btn2
    SLICE_X5Y107         LUT4 (Prop_lut4_I3_O)        0.102     1.947 r  btn_in/btn2_i_1/O
                         net (fo=1, routed)           0.000     1.947    btn_in/btn2_i_1_n_0
    SLICE_X5Y107         FDCE                                         r  btn_in/btn2_reg/D
  -------------------------------------------------------------------    -------------------

                         (clock sys_clk_pin rise edge)
                                                      0.000     0.000 r  
    W5                                                0.000     0.000 r  sysclk (IN)
                         net (fo=0)                   0.000     0.000    sysclk
    W5                   IBUF (Prop_ibuf_I_O)         0.414     0.414 r  sysclk_IBUF_inst/O
                         net (fo=1, routed)           0.685     1.099    sysclk_IBUF
    BUFGCTRL_X0Y0        BUFG (Prop_bufg_I_O)         0.029     1.128 r  sysclk_IBUF_BUFG_inst/O
                         net (fo=130, routed)         0.947     2.075    btn_in/CLK
    SLICE_X5Y107         FDCE                                         r  btn_in/btn2_reg/C
                         clock pessimism             -0.518     1.557    
    SLICE_X5Y107         FDCE (Hold_fdce_C_D)         0.107     1.664    btn_in/btn2_reg
  -------------------------------------------------------------------
                         required time                         -1.664    
                         arrival time                           1.947    
  -------------------------------------------------------------------
                         slack                                  0.283    

Slack (MET) :             0.301ns  (arrival time - required time)
  Source:                 btn_in/btn1_reg/C
                            (rising edge-triggered cell FDCE clocked by sys_clk_pin  {rise@0.000ns fall@5.000ns period=10.000ns})
  Destination:            btn_in/btn1_reg/D
                            (rising edge-triggered cell FDCE clocked by sys_clk_pin  {rise@0.000ns fall@5.000ns period=10.000ns})
  Path Group:             sys_clk_pin
  Path Type:              Hold (Min at Fast Process Corner)
  Requirement:            0.000ns  (sys_clk_pin rise@0.000ns - sys_clk_pin rise@0.000ns)
  Data Path Delay:        0.392ns  (logic 0.186ns (47.391%)  route 0.206ns (52.609%))
  Logic Levels:           1  (LUT4=1)
  Clock Path Skew:        0.000ns (DCD - SCD - CPR)
    Destination Clock Delay (DCD):    2.075ns
    Source Clock Delay      (SCD):    1.557ns
    Clock Pessimism Removal (CPR):    0.518ns

    Location             Delay type                Incr(ns)  Path(ns)    Netlist Resource(s)
  -------------------------------------------------------------------    -------------------
                         (clock sys_clk_pin rise edge)
                                                      0.000     0.000 r  
    W5                                                0.000     0.000 r  sysclk (IN)
                         net (fo=0)                   0.000     0.000    sysclk
    W5                   IBUF (Prop_ibuf_I_O)         0.226     0.226 r  sysclk_IBUF_inst/O
                         net (fo=1, routed)           0.631     0.858    sysclk_IBUF
    BUFGCTRL_X0Y0        BUFG (Prop_bufg_I_O)         0.026     0.884 r  sysclk_IBUF_BUFG_inst/O
                         net (fo=130, routed)         0.673     1.557    btn_in/CLK
    SLICE_X5Y107         FDCE                                         r  btn_in/btn1_reg/C
  -------------------------------------------------------------------    -------------------
    SLICE_X5Y107         FDCE (Prop_fdce_C_Q)         0.141     1.698 r  btn_in/btn1_reg/Q
                         net (fo=3, routed)           0.206     1.904    btn_in/btn1
    SLICE_X5Y107         LUT4 (Prop_lut4_I3_O)        0.045     1.949 r  btn_in/btn1_i_1/O
                         net (fo=1, routed)           0.000     1.949    btn_in/btn1_i_1_n_0
    SLICE_X5Y107         FDCE                                         r  btn_in/btn1_reg/D
  -------------------------------------------------------------------    -------------------

                         (clock sys_clk_pin rise edge)
                                                      0.000     0.000 r  
    W5                                                0.000     0.000 r  sysclk (IN)
                         net (fo=0)                   0.000     0.000    sysclk
    W5                   IBUF (Prop_ibuf_I_O)         0.414     0.414 r  sysclk_IBUF_inst/O
                         net (fo=1, routed)           0.685     1.099    sysclk_IBUF
    BUFGCTRL_X0Y0        BUFG (Prop_bufg_I_O)         0.029     1.128 r  sysclk_IBUF_BUFG_inst/O
                         net (fo=130, routed)         0.947     2.075    btn_in/CLK
    SLICE_X5Y107         FDCE                                         r  btn_in/btn1_reg/C
                         clock pessimism             -0.518     1.557    
    SLICE_X5Y107         FDCE (Hold_fdce_C_D)         0.091     1.648    btn_in/btn1_reg
  -------------------------------------------------------------------
                         required time                         -1.648    
                         arrival time                           1.949    
  -------------------------------------------------------------------
                         slack                                  0.301    

Slack (MET) :             0.317ns  (arrival time - required time)
  Source:                 fsm_buzzer/FSM_sequential_state_reg[3]/C
                            (rising edge-triggered cell FDCE clocked by sys_clk_pin  {rise@0.000ns fall@5.000ns period=10.000ns})
  Destination:            fsm_buzzer/r_freq_reg[2]/D
                            (rising edge-triggered cell FDRE clocked by sys_clk_pin  {rise@0.000ns fall@5.000ns period=10.000ns})
  Path Group:             sys_clk_pin
  Path Type:              Hold (Min at Fast Process Corner)
  Requirement:            0.000ns  (sys_clk_pin rise@0.000ns - sys_clk_pin rise@0.000ns)
  Data Path Delay:        0.425ns  (logic 0.186ns (43.816%)  route 0.239ns (56.184%))
  Logic Levels:           1  (LUT4=1)
  Clock Path Skew:        0.016ns (DCD - SCD - CPR)
    Destination Clock Delay (DCD):    2.077ns
    Source Clock Delay      (SCD):    1.558ns
    Clock Pessimism Removal (CPR):    0.503ns

    Location             Delay type                Incr(ns)  Path(ns)    Netlist Resource(s)
  -------------------------------------------------------------------    -------------------
                         (clock sys_clk_pin rise edge)
                                                      0.000     0.000 r  
    W5                                                0.000     0.000 r  sysclk (IN)
                         net (fo=0)                   0.000     0.000    sysclk
    W5                   IBUF (Prop_ibuf_I_O)         0.226     0.226 r  sysclk_IBUF_inst/O
                         net (fo=1, routed)           0.631     0.858    sysclk_IBUF
    BUFGCTRL_X0Y0        BUFG (Prop_bufg_I_O)         0.026     0.884 r  sysclk_IBUF_BUFG_inst/O
                         net (fo=130, routed)         0.674     1.558    fsm_buzzer/CLK
    SLICE_X1Y108         FDCE                                         r  fsm_buzzer/FSM_sequential_state_reg[3]/C
  -------------------------------------------------------------------    -------------------
    SLICE_X1Y108         FDCE (Prop_fdce_C_Q)         0.141     1.699 r  fsm_buzzer/FSM_sequential_state_reg[3]/Q
                         net (fo=26, routed)          0.239     1.937    fsm_buzzer/state__0[3]
    SLICE_X1Y109         LUT4 (Prop_lut4_I3_O)        0.045     1.982 r  fsm_buzzer/r_freq[2]_i_1/O
                         net (fo=1, routed)           0.000     1.982    fsm_buzzer/r_freq[2]_i_1_n_0
    SLICE_X1Y109         FDRE                                         r  fsm_buzzer/r_freq_reg[2]/D
  -------------------------------------------------------------------    -------------------

                         (clock sys_clk_pin rise edge)
                                                      0.000     0.000 r  
    W5                                                0.000     0.000 r  sysclk (IN)
                         net (fo=0)                   0.000     0.000    sysclk
    W5                   IBUF (Prop_ibuf_I_O)         0.414     0.414 r  sysclk_IBUF_inst/O
                         net (fo=1, routed)           0.685     1.099    sysclk_IBUF
    BUFGCTRL_X0Y0        BUFG (Prop_bufg_I_O)         0.029     1.128 r  sysclk_IBUF_BUFG_inst/O
                         net (fo=130, routed)         0.949     2.077    fsm_buzzer/CLK
    SLICE_X1Y109         FDRE                                         r  fsm_buzzer/r_freq_reg[2]/C
                         clock pessimism             -0.503     1.574    
    SLICE_X1Y109         FDRE (Hold_fdre_C_D)         0.092     1.666    fsm_buzzer/r_freq_reg[2]
  -------------------------------------------------------------------
                         required time                         -1.666    
                         arrival time                           1.982    
  -------------------------------------------------------------------
                         slack                                  0.317    





Pulse Width Checks
--------------------------------------------------------------------------------------
Clock Name:         sys_clk_pin
Waveform(ns):       { 0.000 5.000 }
Period(ns):         10.000
Sources:            { sysclk }

Check Type        Corner  Lib Pin  Reference Pin  Required(ns)  Actual(ns)  Slack(ns)  Location       Pin
Min Period        n/a     BUFG/I   n/a            2.155         10.000      7.845      BUFGCTRL_X0Y0  sysclk_IBUF_BUFG_inst/I
Min Period        n/a     FDCE/C   n/a            1.000         10.000      9.000      SLICE_X5Y107   btn_in/btn1_reg/C
Min Period        n/a     FDCE/C   n/a            1.000         10.000      9.000      SLICE_X5Y107   btn_in/btn2_reg/C
Min Period        n/a     FDCE/C   n/a            1.000         10.000      9.000      SLICE_X0Y107   btn_in/btn_1d_reg/C
Min Period        n/a     FDCE/C   n/a            1.000         10.000      9.000      SLICE_X5Y107   btn_in/btn_2d_reg/C
Min Period        n/a     FDCE/C   n/a            1.000         10.000      9.000      SLICE_X5Y107   btn_in/btn_out_reg/C
Min Period        n/a     FDCE/C   n/a            1.000         10.000      9.000      SLICE_X8Y109   btn_in/cnt_reg[0]/C
Min Period        n/a     FDCE/C   n/a            1.000         10.000      9.000      SLICE_X3Y109   btn_in/cnt_reg[10]/C
Min Period        n/a     FDCE/C   n/a            1.000         10.000      9.000      SLICE_X7Y109   btn_in/cnt_reg[11]/C
Min Period        n/a     FDCE/C   n/a            1.000         10.000      9.000      SLICE_X8Y109   btn_in/cnt_reg[12]/C
Low Pulse Width   Slow    FDCE/C   n/a            0.500         5.000       4.500      SLICE_X5Y107   btn_in/btn1_reg/C
Low Pulse Width   Fast    FDCE/C   n/a            0.500         5.000       4.500      SLICE_X5Y107   btn_in/btn1_reg/C
Low Pulse Width   Slow    FDCE/C   n/a            0.500         5.000       4.500      SLICE_X5Y107   btn_in/btn2_reg/C
Low Pulse Width   Fast    FDCE/C   n/a            0.500         5.000       4.500      SLICE_X5Y107   btn_in/btn2_reg/C
Low Pulse Width   Slow    FDCE/C   n/a            0.500         5.000       4.500      SLICE_X0Y107   btn_in/btn_1d_reg/C
Low Pulse Width   Fast    FDCE/C   n/a            0.500         5.000       4.500      SLICE_X0Y107   btn_in/btn_1d_reg/C
Low Pulse Width   Slow    FDCE/C   n/a            0.500         5.000       4.500      SLICE_X5Y107   btn_in/btn_2d_reg/C
Low Pulse Width   Fast    FDCE/C   n/a            0.500         5.000       4.500      SLICE_X5Y107   btn_in/btn_2d_reg/C
Low Pulse Width   Slow    FDCE/C   n/a            0.500         5.000       4.500      SLICE_X5Y107   btn_in/btn_out_reg/C
Low Pulse Width   Fast    FDCE/C   n/a            0.500         5.000       4.500      SLICE_X5Y107   btn_in/btn_out_reg/C
High Pulse Width  Slow    FDCE/C   n/a            0.500         5.000       4.500      SLICE_X5Y107   btn_in/btn1_reg/C
High Pulse Width  Fast    FDCE/C   n/a            0.500         5.000       4.500      SLICE_X5Y107   btn_in/btn1_reg/C
High Pulse Width  Slow    FDCE/C   n/a            0.500         5.000       4.500      SLICE_X5Y107   btn_in/btn2_reg/C
High Pulse Width  Fast    FDCE/C   n/a            0.500         5.000       4.500      SLICE_X5Y107   btn_in/btn2_reg/C
High Pulse Width  Slow    FDCE/C   n/a            0.500         5.000       4.500      SLICE_X0Y107   btn_in/btn_1d_reg/C
High Pulse Width  Fast    FDCE/C   n/a            0.500         5.000       4.500      SLICE_X0Y107   btn_in/btn_1d_reg/C
High Pulse Width  Slow    FDCE/C   n/a            0.500         5.000       4.500      SLICE_X5Y107   btn_in/btn_2d_reg/C
High Pulse Width  Fast    FDCE/C   n/a            0.500         5.000       4.500      SLICE_X5Y107   btn_in/btn_2d_reg/C
High Pulse Width  Slow    FDCE/C   n/a            0.500         5.000       4.500      SLICE_X5Y107   btn_in/btn_out_reg/C
High Pulse Width  Fast    FDCE/C   n/a            0.500         5.000       4.500      SLICE_X5Y107   btn_in/btn_out_reg/C



--------------------------------------------------------------------------------------
Path Group:  (none)
From Clock:  sys_clk_pin
  To Clock:  

Max Delay             5 Endpoints
Min Delay             5 Endpoints
--------------------------------------------------------------------------------------


Max Delay Paths
--------------------------------------------------------------------------------------
Slack:                    inf
  Source:                 freq_gen2/r_freq_reg/C
                            (rising edge-triggered cell FDRE clocked by sys_clk_pin  {rise@0.000ns fall@5.000ns period=10.000ns})
  Destination:            o_freq
                            (output port)
  Path Group:             (none)
  Path Type:              Max at Slow Process Corner
  Data Path Delay:        5.659ns  (logic 3.976ns (70.258%)  route 1.683ns (29.742%))
  Logic Levels:           1  (OBUF=1)
  Clock Uncertainty:      0.025ns  ((TSJ^2 + TIJ^2)^1/2 + DJ) / 2 + PE
    Total System Jitter     (TSJ):    0.050ns
    Total Input Jitter      (TIJ):    0.000ns
    Discrete Jitter          (DJ):    0.000ns
    Phase Error              (PE):    0.000ns

    Location             Delay type                Incr(ns)  Path(ns)    Netlist Resource(s)
  -------------------------------------------------------------------    -------------------
                         (clock sys_clk_pin rise edge)
                                                      0.000     0.000 r  
    W5                                                0.000     0.000 r  sysclk (IN)
                         net (fo=0)                   0.000     0.000    sysclk
    W5                   IBUF (Prop_ibuf_I_O)         1.458     1.458 r  sysclk_IBUF_inst/O
                         net (fo=1, routed)           1.967     3.425    sysclk_IBUF
    BUFGCTRL_X0Y0        BUFG (Prop_bufg_I_O)         0.096     3.521 r  sysclk_IBUF_BUFG_inst/O
                         net (fo=130, routed)         1.805     5.326    freq_gen2/CLK
    SLICE_X0Y137         FDRE                                         r  freq_gen2/r_freq_reg/C
  -------------------------------------------------------------------    -------------------
    SLICE_X0Y137         FDRE (Prop_fdre_C_Q)         0.456     5.782 r  freq_gen2/r_freq_reg/Q
                         net (fo=2, routed)           1.683     7.465    o_freq_OBUF
    A14                  OBUF (Prop_obuf_I_O)         3.520    10.985 r  o_freq_OBUF_inst/O
                         net (fo=0)                   0.000    10.985    o_freq
    A14                                                               r  o_freq (OUT)
  -------------------------------------------------------------------    -------------------

Slack:                    inf
  Source:                 fsm_buzzer/FSM_sequential_state_reg[2]/C
                            (rising edge-triggered cell FDCE clocked by sys_clk_pin  {rise@0.000ns fall@5.000ns period=10.000ns})
  Destination:            fsm_buzzer/FSM_sequential_next_state_reg[3]/D
  Path Group:             (none)
  Path Type:              Max at Slow Process Corner
  Data Path Delay:        2.610ns  (logic 0.671ns (25.706%)  route 1.939ns (74.294%))
  Logic Levels:           1  (LUT4=1)
  Clock Uncertainty:      0.025ns  ((TSJ^2 + TIJ^2)^1/2 + DJ) / 2 + PE
    Total System Jitter     (TSJ):    0.050ns
    Total Input Jitter      (TIJ):    0.000ns
    Discrete Jitter          (DJ):    0.000ns
    Phase Error              (PE):    0.000ns

    Location             Delay type                Incr(ns)  Path(ns)    Netlist Resource(s)
  -------------------------------------------------------------------    -------------------
                         (clock sys_clk_pin rise edge)
                                                      0.000     0.000 r  
    W5                                                0.000     0.000 r  sysclk (IN)
                         net (fo=0)                   0.000     0.000    sysclk
    W5                   IBUF (Prop_ibuf_I_O)         1.458     1.458 r  sysclk_IBUF_inst/O
                         net (fo=1, routed)           1.967     3.425    sysclk_IBUF
    BUFGCTRL_X0Y0        BUFG (Prop_bufg_I_O)         0.096     3.521 r  sysclk_IBUF_BUFG_inst/O
                         net (fo=130, routed)         1.808     5.329    fsm_buzzer/CLK
    SLICE_X2Y107         FDCE                                         r  fsm_buzzer/FSM_sequential_state_reg[2]/C
  -------------------------------------------------------------------    -------------------
    SLICE_X2Y107         FDCE (Prop_fdce_C_Q)         0.518     5.847 r  fsm_buzzer/FSM_sequential_state_reg[2]/Q
                         net (fo=17, routed)          1.471     7.318    fsm_buzzer/state__0[2]
    SLICE_X1Y109         LUT4 (Prop_lut4_I0_O)        0.153     7.471 r  fsm_buzzer/FSM_sequential_next_state_reg[3]_i_1/O
                         net (fo=1, routed)           0.468     7.940    fsm_buzzer/next_state__1[3]
    SLICE_X2Y108         LDCE                                         r  fsm_buzzer/FSM_sequential_next_state_reg[3]/D
  -------------------------------------------------------------------    -------------------

Slack:                    inf
  Source:                 fsm_buzzer/FSM_sequential_state_reg[2]/C
                            (rising edge-triggered cell FDCE clocked by sys_clk_pin  {rise@0.000ns fall@5.000ns period=10.000ns})
  Destination:            fsm_buzzer/FSM_sequential_next_state_reg[0]/D
  Path Group:             (none)
  Path Type:              Max at Slow Process Corner
  Data Path Delay:        2.269ns  (logic 0.671ns (29.572%)  route 1.598ns (70.428%))
  Logic Levels:           1  (LUT5=1)
  Clock Uncertainty:      0.025ns  ((TSJ^2 + TIJ^2)^1/2 + DJ) / 2 + PE
    Total System Jitter     (TSJ):    0.050ns
    Total Input Jitter      (TIJ):    0.000ns
    Discrete Jitter          (DJ):    0.000ns
    Phase Error              (PE):    0.000ns

    Location             Delay type                Incr(ns)  Path(ns)    Netlist Resource(s)
  -------------------------------------------------------------------    -------------------
                         (clock sys_clk_pin rise edge)
                                                      0.000     0.000 r  
    W5                                                0.000     0.000 r  sysclk (IN)
                         net (fo=0)                   0.000     0.000    sysclk
    W5                   IBUF (Prop_ibuf_I_O)         1.458     1.458 r  sysclk_IBUF_inst/O
                         net (fo=1, routed)           1.967     3.425    sysclk_IBUF
    BUFGCTRL_X0Y0        BUFG (Prop_bufg_I_O)         0.096     3.521 r  sysclk_IBUF_BUFG_inst/O
                         net (fo=130, routed)         1.808     5.329    fsm_buzzer/CLK
    SLICE_X2Y107         FDCE                                         r  fsm_buzzer/FSM_sequential_state_reg[2]/C
  -------------------------------------------------------------------    -------------------
    SLICE_X2Y107         FDCE (Prop_fdce_C_Q)         0.518     5.847 r  fsm_buzzer/FSM_sequential_state_reg[2]/Q
                         net (fo=17, routed)          1.013     6.860    fsm_buzzer/state__0[2]
    SLICE_X3Y108         LUT5 (Prop_lut5_I0_O)        0.153     7.013 r  fsm_buzzer/FSM_sequential_next_state_reg[0]_i_1/O
                         net (fo=1, routed)           0.585     7.598    fsm_buzzer/next_state__1[0]
    SLICE_X4Y108         LDCE                                         r  fsm_buzzer/FSM_sequential_next_state_reg[0]/D
  -------------------------------------------------------------------    -------------------

Slack:                    inf
  Source:                 fsm_buzzer/FSM_sequential_state_reg[3]/C
                            (rising edge-triggered cell FDCE clocked by sys_clk_pin  {rise@0.000ns fall@5.000ns period=10.000ns})
  Destination:            fsm_buzzer/FSM_sequential_next_state_reg[1]/D
  Path Group:             (none)
  Path Type:              Max at Slow Process Corner
  Data Path Delay:        2.057ns  (logic 0.608ns (29.552%)  route 1.449ns (70.448%))
  Logic Levels:           1  (LUT3=1)
  Clock Uncertainty:      0.025ns  ((TSJ^2 + TIJ^2)^1/2 + DJ) / 2 + PE
    Total System Jitter     (TSJ):    0.050ns
    Total Input Jitter      (TIJ):    0.000ns
    Discrete Jitter          (DJ):    0.000ns
    Phase Error              (PE):    0.000ns

    Location             Delay type                Incr(ns)  Path(ns)    Netlist Resource(s)
  -------------------------------------------------------------------    -------------------
                         (clock sys_clk_pin rise edge)
                                                      0.000     0.000 r  
    W5                                                0.000     0.000 r  sysclk (IN)
                         net (fo=0)                   0.000     0.000    sysclk
    W5                   IBUF (Prop_ibuf_I_O)         1.458     1.458 r  sysclk_IBUF_inst/O
                         net (fo=1, routed)           1.967     3.425    sysclk_IBUF
    BUFGCTRL_X0Y0        BUFG (Prop_bufg_I_O)         0.096     3.521 r  sysclk_IBUF_BUFG_inst/O
                         net (fo=130, routed)         1.808     5.329    fsm_buzzer/CLK
    SLICE_X1Y108         FDCE                                         r  fsm_buzzer/FSM_sequential_state_reg[3]/C
  -------------------------------------------------------------------    -------------------
    SLICE_X1Y108         FDCE (Prop_fdce_C_Q)         0.456     5.785 f  fsm_buzzer/FSM_sequential_state_reg[3]/Q
                         net (fo=26, routed)          1.019     6.804    fsm_buzzer/state__0[3]
    SLICE_X3Y108         LUT3 (Prop_lut3_I0_O)        0.152     6.956 r  fsm_buzzer/FSM_sequential_next_state_reg[1]_i_1/O
                         net (fo=1, routed)           0.430     7.387    fsm_buzzer/next_state__1[1]
    SLICE_X4Y108         LDCE                                         r  fsm_buzzer/FSM_sequential_next_state_reg[1]/D
  -------------------------------------------------------------------    -------------------

Slack:                    inf
  Source:                 fsm_buzzer/FSM_sequential_state_reg[2]/C
                            (rising edge-triggered cell FDCE clocked by sys_clk_pin  {rise@0.000ns fall@5.000ns period=10.000ns})
  Destination:            fsm_buzzer/FSM_sequential_next_state_reg[2]/D
  Path Group:             (none)
  Path Type:              Max at Slow Process Corner
  Data Path Delay:        1.851ns  (logic 0.642ns (34.682%)  route 1.209ns (65.318%))
  Logic Levels:           1  (LUT4=1)
  Clock Uncertainty:      0.025ns  ((TSJ^2 + TIJ^2)^1/2 + DJ) / 2 + PE
    Total System Jitter     (TSJ):    0.050ns
    Total Input Jitter      (TIJ):    0.000ns
    Discrete Jitter          (DJ):    0.000ns
    Phase Error              (PE):    0.000ns

    Location             Delay type                Incr(ns)  Path(ns)    Netlist Resource(s)
  -------------------------------------------------------------------    -------------------
                         (clock sys_clk_pin rise edge)
                                                      0.000     0.000 r  
    W5                                                0.000     0.000 r  sysclk (IN)
                         net (fo=0)                   0.000     0.000    sysclk
    W5                   IBUF (Prop_ibuf_I_O)         1.458     1.458 r  sysclk_IBUF_inst/O
                         net (fo=1, routed)           1.967     3.425    sysclk_IBUF
    BUFGCTRL_X0Y0        BUFG (Prop_bufg_I_O)         0.096     3.521 r  sysclk_IBUF_BUFG_inst/O
                         net (fo=130, routed)         1.808     5.329    fsm_buzzer/CLK
    SLICE_X2Y107         FDCE                                         r  fsm_buzzer/FSM_sequential_state_reg[2]/C
  -------------------------------------------------------------------    -------------------
    SLICE_X2Y107         FDCE (Prop_fdce_C_Q)         0.518     5.847 r  fsm_buzzer/FSM_sequential_state_reg[2]/Q
                         net (fo=17, routed)          1.020     6.867    fsm_buzzer/state__0[2]
    SLICE_X3Y108         LUT4 (Prop_lut4_I3_O)        0.124     6.991 r  fsm_buzzer/FSM_sequential_next_state_reg[2]_i_1/O
                         net (fo=1, routed)           0.189     7.180    fsm_buzzer/next_state__1[2]
    SLICE_X2Y108         LDCE                                         r  fsm_buzzer/FSM_sequential_next_state_reg[2]/D
  -------------------------------------------------------------------    -------------------





Min Delay Paths
--------------------------------------------------------------------------------------
Slack:                    inf
  Source:                 fsm_buzzer/FSM_sequential_state_reg[1]/C
                            (rising edge-triggered cell FDCE clocked by sys_clk_pin  {rise@0.000ns fall@5.000ns period=10.000ns})
  Destination:            fsm_buzzer/FSM_sequential_next_state_reg[2]/D
  Path Group:             (none)
  Path Type:              Min at Fast Process Corner
  Data Path Delay:        0.481ns  (logic 0.186ns (38.669%)  route 0.295ns (61.331%))
  Logic Levels:           1  (LUT4=1)
  Clock Uncertainty:      0.025ns  ((TSJ^2 + TIJ^2)^1/2 + DJ) / 2 + PE
    Total System Jitter     (TSJ):    0.050ns
    Total Input Jitter      (TIJ):    0.000ns
    Discrete Jitter          (DJ):    0.000ns
    Phase Error              (PE):    0.000ns

    Location             Delay type                Incr(ns)  Path(ns)    Netlist Resource(s)
  -------------------------------------------------------------------    -------------------
                         (clock sys_clk_pin rise edge)
                                                      0.000     0.000 r  
    W5                                                0.000     0.000 r  sysclk (IN)
                         net (fo=0)                   0.000     0.000    sysclk
    W5                   IBUF (Prop_ibuf_I_O)         0.226     0.226 r  sysclk_IBUF_inst/O
                         net (fo=1, routed)           0.631     0.858    sysclk_IBUF
    BUFGCTRL_X0Y0        BUFG (Prop_bufg_I_O)         0.026     0.884 r  sysclk_IBUF_BUFG_inst/O
                         net (fo=130, routed)         0.674     1.558    fsm_buzzer/CLK
    SLICE_X3Y107         FDCE                                         r  fsm_buzzer/FSM_sequential_state_reg[1]/C
  -------------------------------------------------------------------    -------------------
    SLICE_X3Y107         FDCE (Prop_fdce_C_Q)         0.141     1.699 r  fsm_buzzer/FSM_sequential_state_reg[1]/Q
                         net (fo=17, routed)          0.240     1.939    fsm_buzzer/state__0[1]
    SLICE_X3Y108         LUT4 (Prop_lut4_I1_O)        0.045     1.984 r  fsm_buzzer/FSM_sequential_next_state_reg[2]_i_1/O
                         net (fo=1, routed)           0.055     2.039    fsm_buzzer/next_state__1[2]
    SLICE_X2Y108         LDCE                                         r  fsm_buzzer/FSM_sequential_next_state_reg[2]/D
  -------------------------------------------------------------------    -------------------

Slack:                    inf
  Source:                 fsm_buzzer/FSM_sequential_state_reg[1]/C
                            (rising edge-triggered cell FDCE clocked by sys_clk_pin  {rise@0.000ns fall@5.000ns period=10.000ns})
  Destination:            fsm_buzzer/FSM_sequential_next_state_reg[1]/D
  Path Group:             (none)
  Path Type:              Min at Fast Process Corner
  Data Path Delay:        0.590ns  (logic 0.187ns (31.693%)  route 0.403ns (68.307%))
  Logic Levels:           1  (LUT3=1)
  Clock Uncertainty:      0.025ns  ((TSJ^2 + TIJ^2)^1/2 + DJ) / 2 + PE
    Total System Jitter     (TSJ):    0.050ns
    Total Input Jitter      (TIJ):    0.000ns
    Discrete Jitter          (DJ):    0.000ns
    Phase Error              (PE):    0.000ns

    Location             Delay type                Incr(ns)  Path(ns)    Netlist Resource(s)
  -------------------------------------------------------------------    -------------------
                         (clock sys_clk_pin rise edge)
                                                      0.000     0.000 r  
    W5                                                0.000     0.000 r  sysclk (IN)
                         net (fo=0)                   0.000     0.000    sysclk
    W5                   IBUF (Prop_ibuf_I_O)         0.226     0.226 r  sysclk_IBUF_inst/O
                         net (fo=1, routed)           0.631     0.858    sysclk_IBUF
    BUFGCTRL_X0Y0        BUFG (Prop_bufg_I_O)         0.026     0.884 r  sysclk_IBUF_BUFG_inst/O
                         net (fo=130, routed)         0.674     1.558    fsm_buzzer/CLK
    SLICE_X3Y107         FDCE                                         r  fsm_buzzer/FSM_sequential_state_reg[1]/C
  -------------------------------------------------------------------    -------------------
    SLICE_X3Y107         FDCE (Prop_fdce_C_Q)         0.141     1.699 r  fsm_buzzer/FSM_sequential_state_reg[1]/Q
                         net (fo=17, routed)          0.240     1.939    fsm_buzzer/state__0[1]
    SLICE_X3Y108         LUT3 (Prop_lut3_I2_O)        0.046     1.985 r  fsm_buzzer/FSM_sequential_next_state_reg[1]_i_1/O
                         net (fo=1, routed)           0.163     2.148    fsm_buzzer/next_state__1[1]
    SLICE_X4Y108         LDCE                                         r  fsm_buzzer/FSM_sequential_next_state_reg[1]/D
  -------------------------------------------------------------------    -------------------

Slack:                    inf
  Source:                 btn_in/btn_out_reg/C
                            (rising edge-triggered cell FDCE clocked by sys_clk_pin  {rise@0.000ns fall@5.000ns period=10.000ns})
  Destination:            fsm_buzzer/FSM_sequential_next_state_reg[0]/D
  Path Group:             (none)
  Path Type:              Min at Fast Process Corner
  Data Path Delay:        0.667ns  (logic 0.185ns (27.720%)  route 0.482ns (72.280%))
  Logic Levels:           1  (LUT5=1)
  Clock Uncertainty:      0.025ns  ((TSJ^2 + TIJ^2)^1/2 + DJ) / 2 + PE
    Total System Jitter     (TSJ):    0.050ns
    Total Input Jitter      (TIJ):    0.000ns
    Discrete Jitter          (DJ):    0.000ns
    Phase Error              (PE):    0.000ns

    Location             Delay type                Incr(ns)  Path(ns)    Netlist Resource(s)
  -------------------------------------------------------------------    -------------------
                         (clock sys_clk_pin rise edge)
                                                      0.000     0.000 r  
    W5                                                0.000     0.000 r  sysclk (IN)
                         net (fo=0)                   0.000     0.000    sysclk
    W5                   IBUF (Prop_ibuf_I_O)         0.226     0.226 r  sysclk_IBUF_inst/O
                         net (fo=1, routed)           0.631     0.858    sysclk_IBUF
    BUFGCTRL_X0Y0        BUFG (Prop_bufg_I_O)         0.026     0.884 r  sysclk_IBUF_BUFG_inst/O
                         net (fo=130, routed)         0.673     1.557    btn_in/CLK
    SLICE_X5Y107         FDCE                                         r  btn_in/btn_out_reg/C
  -------------------------------------------------------------------    -------------------
    SLICE_X5Y107         FDCE (Prop_fdce_C_Q)         0.141     1.698 r  btn_in/btn_out_reg/Q
                         net (fo=1, routed)           0.281     1.979    fsm_buzzer/w_btn
    SLICE_X3Y108         LUT5 (Prop_lut5_I3_O)        0.044     2.023 r  fsm_buzzer/FSM_sequential_next_state_reg[0]_i_1/O
                         net (fo=1, routed)           0.201     2.224    fsm_buzzer/next_state__1[0]
    SLICE_X4Y108         LDCE                                         r  fsm_buzzer/FSM_sequential_next_state_reg[0]/D
  -------------------------------------------------------------------    -------------------

Slack:                    inf
  Source:                 fsm_buzzer/FSM_sequential_state_reg[0]/C
                            (rising edge-triggered cell FDCE clocked by sys_clk_pin  {rise@0.000ns fall@5.000ns period=10.000ns})
  Destination:            fsm_buzzer/FSM_sequential_next_state_reg[3]/D
  Path Group:             (none)
  Path Type:              Min at Fast Process Corner
  Data Path Delay:        0.676ns  (logic 0.192ns (28.390%)  route 0.484ns (71.610%))
  Logic Levels:           1  (LUT4=1)
  Clock Uncertainty:      0.025ns  ((TSJ^2 + TIJ^2)^1/2 + DJ) / 2 + PE
    Total System Jitter     (TSJ):    0.050ns
    Total Input Jitter      (TIJ):    0.000ns
    Discrete Jitter          (DJ):    0.000ns
    Phase Error              (PE):    0.000ns

    Location             Delay type                Incr(ns)  Path(ns)    Netlist Resource(s)
  -------------------------------------------------------------------    -------------------
                         (clock sys_clk_pin rise edge)
                                                      0.000     0.000 r  
    W5                                                0.000     0.000 r  sysclk (IN)
                         net (fo=0)                   0.000     0.000    sysclk
    W5                   IBUF (Prop_ibuf_I_O)         0.226     0.226 r  sysclk_IBUF_inst/O
                         net (fo=1, routed)           0.631     0.858    sysclk_IBUF
    BUFGCTRL_X0Y0        BUFG (Prop_bufg_I_O)         0.026     0.884 r  sysclk_IBUF_BUFG_inst/O
                         net (fo=130, routed)         0.674     1.558    fsm_buzzer/CLK
    SLICE_X3Y107         FDCE                                         r  fsm_buzzer/FSM_sequential_state_reg[0]/C
  -------------------------------------------------------------------    -------------------
    SLICE_X3Y107         FDCE (Prop_fdce_C_Q)         0.141     1.699 r  fsm_buzzer/FSM_sequential_state_reg[0]/Q
                         net (fo=18, routed)          0.325     2.024    fsm_buzzer/state__0[0]
    SLICE_X1Y109         LUT4 (Prop_lut4_I3_O)        0.051     2.075 r  fsm_buzzer/FSM_sequential_next_state_reg[3]_i_1/O
                         net (fo=1, routed)           0.159     2.234    fsm_buzzer/next_state__1[3]
    SLICE_X2Y108         LDCE                                         r  fsm_buzzer/FSM_sequential_next_state_reg[3]/D
  -------------------------------------------------------------------    -------------------

Slack:                    inf
  Source:                 freq_gen2/r_freq_reg/C
                            (rising edge-triggered cell FDRE clocked by sys_clk_pin  {rise@0.000ns fall@5.000ns period=10.000ns})
  Destination:            o_freq
                            (output port)
  Path Group:             (none)
  Path Type:              Min at Fast Process Corner
  Data Path Delay:        1.696ns  (logic 1.362ns (80.301%)  route 0.334ns (19.699%))
  Logic Levels:           1  (OBUF=1)
  Clock Uncertainty:      0.025ns  ((TSJ^2 + TIJ^2)^1/2 + DJ) / 2 + PE
    Total System Jitter     (TSJ):    0.050ns
    Total Input Jitter      (TIJ):    0.000ns
    Discrete Jitter          (DJ):    0.000ns
    Phase Error              (PE):    0.000ns

    Location             Delay type                Incr(ns)  Path(ns)    Netlist Resource(s)
  -------------------------------------------------------------------    -------------------
                         (clock sys_clk_pin rise edge)
                                                      0.000     0.000 r  
    W5                                                0.000     0.000 r  sysclk (IN)
                         net (fo=0)                   0.000     0.000    sysclk
    W5                   IBUF (Prop_ibuf_I_O)         0.226     0.226 r  sysclk_IBUF_inst/O
                         net (fo=1, routed)           0.631     0.858    sysclk_IBUF
    BUFGCTRL_X0Y0        BUFG (Prop_bufg_I_O)         0.026     0.884 r  sysclk_IBUF_BUFG_inst/O
                         net (fo=130, routed)         0.672     1.556    freq_gen2/CLK
    SLICE_X0Y137         FDRE                                         r  freq_gen2/r_freq_reg/C
  -------------------------------------------------------------------    -------------------
    SLICE_X0Y137         FDRE (Prop_fdre_C_Q)         0.141     1.697 r  freq_gen2/r_freq_reg/Q
                         net (fo=2, routed)           0.334     2.031    o_freq_OBUF
    A14                  OBUF (Prop_obuf_I_O)         1.221     3.252 r  o_freq_OBUF_inst/O
                         net (fo=0)                   0.000     3.252    o_freq
    A14                                                               r  o_freq (OUT)
  -------------------------------------------------------------------    -------------------





--------------------------------------------------------------------------------------
Path Group:  (none)
From Clock:  
  To Clock:  sys_clk_pin

Max Delay           118 Endpoints
Min Delay           118 Endpoints
--------------------------------------------------------------------------------------


Max Delay Paths
--------------------------------------------------------------------------------------
Slack:                    inf
  Source:                 reset
                            (input port)
  Destination:            btn_in/cnt_reg[5]/CLR
                            (recovery check against rising-edge clock sys_clk_pin  {rise@0.000ns fall@5.000ns period=10.000ns})
  Path Group:             (none)
  Path Type:              Recovery (Max at Slow Process Corner)
  Data Path Delay:        10.311ns  (logic 1.580ns (15.325%)  route 8.731ns (84.675%))
  Logic Levels:           2  (IBUF=1 LUT1=1)
  Clock Path Skew:        4.955ns (DCD - SCD + CPR)
    Destination Clock Delay (DCD):    4.955ns
    Source Clock Delay      (SCD):    0.000ns
    Clock Pessimism Removal (CPR):    0.000ns
  Clock Uncertainty:      0.025ns  ((TSJ^2 + TIJ^2)^1/2 + DJ) / 2 + PE
    Total System Jitter     (TSJ):    0.050ns
    Total Input Jitter      (TIJ):    0.000ns
    Discrete Jitter          (DJ):    0.000ns
    Phase Error              (PE):    0.000ns

    Location             Delay type                Incr(ns)  Path(ns)    Netlist Resource(s)
  -------------------------------------------------------------------    -------------------
    R2                                                0.000     0.000 r  reset (IN)
                         net (fo=0)                   0.000     0.000    reset
    R2                   IBUF (Prop_ibuf_I_O)         1.456     1.456 r  reset_IBUF_inst/O
                         net (fo=3, routed)           4.585     6.041    fsm_buzzer/reset_IBUF
    SLICE_X4Y137         LUT1 (Prop_lut1_I0_O)        0.124     6.165 f  fsm_buzzer/FSM_sequential_state[3]_i_2/O
                         net (fo=95, routed)          4.146    10.311    btn_in/btn_out_reg_0
    SLICE_X8Y108         FDCE                                         f  btn_in/cnt_reg[5]/CLR
  -------------------------------------------------------------------    -------------------

                         (clock sys_clk_pin rise edge)
                                                      0.000     0.000 r  
    W5                                                0.000     0.000 r  sysclk (IN)
                         net (fo=0)                   0.000     0.000    sysclk
    W5                   IBUF (Prop_ibuf_I_O)         1.388     1.388 r  sysclk_IBUF_inst/O
                         net (fo=1, routed)           1.862     3.250    sysclk_IBUF
    BUFGCTRL_X0Y0        BUFG (Prop_bufg_I_O)         0.091     3.341 r  sysclk_IBUF_BUFG_inst/O
                         net (fo=130, routed)         1.614     4.955    btn_in/CLK
    SLICE_X8Y108         FDCE                                         r  btn_in/cnt_reg[5]/C

Slack:                    inf
  Source:                 reset
                            (input port)
  Destination:            btn_in/cnt_reg[0]/CLR
                            (recovery check against rising-edge clock sys_clk_pin  {rise@0.000ns fall@5.000ns period=10.000ns})
  Path Group:             (none)
  Path Type:              Recovery (Max at Slow Process Corner)
  Data Path Delay:        10.170ns  (logic 1.580ns (15.537%)  route 8.590ns (84.463%))
  Logic Levels:           2  (IBUF=1 LUT1=1)
  Clock Path Skew:        4.954ns (DCD - SCD + CPR)
    Destination Clock Delay (DCD):    4.954ns
    Source Clock Delay      (SCD):    0.000ns
    Clock Pessimism Removal (CPR):    0.000ns
  Clock Uncertainty:      0.025ns  ((TSJ^2 + TIJ^2)^1/2 + DJ) / 2 + PE
    Total System Jitter     (TSJ):    0.050ns
    Total Input Jitter      (TIJ):    0.000ns
    Discrete Jitter          (DJ):    0.000ns
    Phase Error              (PE):    0.000ns

    Location             Delay type                Incr(ns)  Path(ns)    Netlist Resource(s)
  -------------------------------------------------------------------    -------------------
    R2                                                0.000     0.000 r  reset (IN)
                         net (fo=0)                   0.000     0.000    reset
    R2                   IBUF (Prop_ibuf_I_O)         1.456     1.456 r  reset_IBUF_inst/O
                         net (fo=3, routed)           4.585     6.041    fsm_buzzer/reset_IBUF
    SLICE_X4Y137         LUT1 (Prop_lut1_I0_O)        0.124     6.165 f  fsm_buzzer/FSM_sequential_state[3]_i_2/O
                         net (fo=95, routed)          4.005    10.170    btn_in/btn_out_reg_0
    SLICE_X8Y109         FDCE                                         f  btn_in/cnt_reg[0]/CLR
  -------------------------------------------------------------------    -------------------

                         (clock sys_clk_pin rise edge)
                                                      0.000     0.000 r  
    W5                                                0.000     0.000 r  sysclk (IN)
                         net (fo=0)                   0.000     0.000    sysclk
    W5                   IBUF (Prop_ibuf_I_O)         1.388     1.388 r  sysclk_IBUF_inst/O
                         net (fo=1, routed)           1.862     3.250    sysclk_IBUF
    BUFGCTRL_X0Y0        BUFG (Prop_bufg_I_O)         0.091     3.341 r  sysclk_IBUF_BUFG_inst/O
                         net (fo=130, routed)         1.613     4.954    btn_in/CLK
    SLICE_X8Y109         FDCE                                         r  btn_in/cnt_reg[0]/C

Slack:                    inf
  Source:                 reset
                            (input port)
  Destination:            btn_in/cnt_reg[12]/CLR
                            (recovery check against rising-edge clock sys_clk_pin  {rise@0.000ns fall@5.000ns period=10.000ns})
  Path Group:             (none)
  Path Type:              Recovery (Max at Slow Process Corner)
  Data Path Delay:        10.170ns  (logic 1.580ns (15.537%)  route 8.590ns (84.463%))
  Logic Levels:           2  (IBUF=1 LUT1=1)
  Clock Path Skew:        4.954ns (DCD - SCD + CPR)
    Destination Clock Delay (DCD):    4.954ns
    Source Clock Delay      (SCD):    0.000ns
    Clock Pessimism Removal (CPR):    0.000ns
  Clock Uncertainty:      0.025ns  ((TSJ^2 + TIJ^2)^1/2 + DJ) / 2 + PE
    Total System Jitter     (TSJ):    0.050ns
    Total Input Jitter      (TIJ):    0.000ns
    Discrete Jitter          (DJ):    0.000ns
    Phase Error              (PE):    0.000ns

    Location             Delay type                Incr(ns)  Path(ns)    Netlist Resource(s)
  -------------------------------------------------------------------    -------------------
    R2                                                0.000     0.000 r  reset (IN)
                         net (fo=0)                   0.000     0.000    reset
    R2                   IBUF (Prop_ibuf_I_O)         1.456     1.456 r  reset_IBUF_inst/O
                         net (fo=3, routed)           4.585     6.041    fsm_buzzer/reset_IBUF
    SLICE_X4Y137         LUT1 (Prop_lut1_I0_O)        0.124     6.165 f  fsm_buzzer/FSM_sequential_state[3]_i_2/O
                         net (fo=95, routed)          4.005    10.170    btn_in/btn_out_reg_0
    SLICE_X8Y109         FDCE                                         f  btn_in/cnt_reg[12]/CLR
  -------------------------------------------------------------------    -------------------

                         (clock sys_clk_pin rise edge)
                                                      0.000     0.000 r  
    W5                                                0.000     0.000 r  sysclk (IN)
                         net (fo=0)                   0.000     0.000    sysclk
    W5                   IBUF (Prop_ibuf_I_O)         1.388     1.388 r  sysclk_IBUF_inst/O
                         net (fo=1, routed)           1.862     3.250    sysclk_IBUF
    BUFGCTRL_X0Y0        BUFG (Prop_bufg_I_O)         0.091     3.341 r  sysclk_IBUF_BUFG_inst/O
                         net (fo=130, routed)         1.613     4.954    btn_in/CLK
    SLICE_X8Y109         FDCE                                         r  btn_in/cnt_reg[12]/C

Slack:                    inf
  Source:                 reset
                            (input port)
  Destination:            btn_in/cnt_reg[13]/CLR
                            (recovery check against rising-edge clock sys_clk_pin  {rise@0.000ns fall@5.000ns period=10.000ns})
  Path Group:             (none)
  Path Type:              Recovery (Max at Slow Process Corner)
  Data Path Delay:        10.019ns  (logic 1.580ns (15.771%)  route 8.439ns (84.229%))
  Logic Levels:           2  (IBUF=1 LUT1=1)
  Clock Path Skew:        4.954ns (DCD - SCD + CPR)
    Destination Clock Delay (DCD):    4.954ns
    Source Clock Delay      (SCD):    0.000ns
    Clock Pessimism Removal (CPR):    0.000ns
  Clock Uncertainty:      0.025ns  ((TSJ^2 + TIJ^2)^1/2 + DJ) / 2 + PE
    Total System Jitter     (TSJ):    0.050ns
    Total Input Jitter      (TIJ):    0.000ns
    Discrete Jitter          (DJ):    0.000ns
    Phase Error              (PE):    0.000ns

    Location             Delay type                Incr(ns)  Path(ns)    Netlist Resource(s)
  -------------------------------------------------------------------    -------------------
    R2                                                0.000     0.000 r  reset (IN)
                         net (fo=0)                   0.000     0.000    reset
    R2                   IBUF (Prop_ibuf_I_O)         1.456     1.456 r  reset_IBUF_inst/O
                         net (fo=3, routed)           4.585     6.041    fsm_buzzer/reset_IBUF
    SLICE_X4Y137         LUT1 (Prop_lut1_I0_O)        0.124     6.165 f  fsm_buzzer/FSM_sequential_state[3]_i_2/O
                         net (fo=95, routed)          3.855    10.019    btn_in/btn_out_reg_0
    SLICE_X8Y110         FDCE                                         f  btn_in/cnt_reg[13]/CLR
  -------------------------------------------------------------------    -------------------

                         (clock sys_clk_pin rise edge)
                                                      0.000     0.000 r  
    W5                                                0.000     0.000 r  sysclk (IN)
                         net (fo=0)                   0.000     0.000    sysclk
    W5                   IBUF (Prop_ibuf_I_O)         1.388     1.388 r  sysclk_IBUF_inst/O
                         net (fo=1, routed)           1.862     3.250    sysclk_IBUF
    BUFGCTRL_X0Y0        BUFG (Prop_bufg_I_O)         0.091     3.341 r  sysclk_IBUF_BUFG_inst/O
                         net (fo=130, routed)         1.613     4.954    btn_in/CLK
    SLICE_X8Y110         FDCE                                         r  btn_in/cnt_reg[13]/C

Slack:                    inf
  Source:                 reset
                            (input port)
  Destination:            btn_in/cnt_reg[16]/CLR
                            (recovery check against rising-edge clock sys_clk_pin  {rise@0.000ns fall@5.000ns period=10.000ns})
  Path Group:             (none)
  Path Type:              Recovery (Max at Slow Process Corner)
  Data Path Delay:        10.019ns  (logic 1.580ns (15.771%)  route 8.439ns (84.229%))
  Logic Levels:           2  (IBUF=1 LUT1=1)
  Clock Path Skew:        4.954ns (DCD - SCD + CPR)
    Destination Clock Delay (DCD):    4.954ns
    Source Clock Delay      (SCD):    0.000ns
    Clock Pessimism Removal (CPR):    0.000ns
  Clock Uncertainty:      0.025ns  ((TSJ^2 + TIJ^2)^1/2 + DJ) / 2 + PE
    Total System Jitter     (TSJ):    0.050ns
    Total Input Jitter      (TIJ):    0.000ns
    Discrete Jitter          (DJ):    0.000ns
    Phase Error              (PE):    0.000ns

    Location             Delay type                Incr(ns)  Path(ns)    Netlist Resource(s)
  -------------------------------------------------------------------    -------------------
    R2                                                0.000     0.000 r  reset (IN)
                         net (fo=0)                   0.000     0.000    reset
    R2                   IBUF (Prop_ibuf_I_O)         1.456     1.456 r  reset_IBUF_inst/O
                         net (fo=3, routed)           4.585     6.041    fsm_buzzer/reset_IBUF
    SLICE_X4Y137         LUT1 (Prop_lut1_I0_O)        0.124     6.165 f  fsm_buzzer/FSM_sequential_state[3]_i_2/O
                         net (fo=95, routed)          3.855    10.019    btn_in/btn_out_reg_0
    SLICE_X8Y110         FDCE                                         f  btn_in/cnt_reg[16]/CLR
  -------------------------------------------------------------------    -------------------

                         (clock sys_clk_pin rise edge)
                                                      0.000     0.000 r  
    W5                                                0.000     0.000 r  sysclk (IN)
                         net (fo=0)                   0.000     0.000    sysclk
    W5                   IBUF (Prop_ibuf_I_O)         1.388     1.388 r  sysclk_IBUF_inst/O
                         net (fo=1, routed)           1.862     3.250    sysclk_IBUF
    BUFGCTRL_X0Y0        BUFG (Prop_bufg_I_O)         0.091     3.341 r  sysclk_IBUF_BUFG_inst/O
                         net (fo=130, routed)         1.613     4.954    btn_in/CLK
    SLICE_X8Y110         FDCE                                         r  btn_in/cnt_reg[16]/C

Slack:                    inf
  Source:                 reset
                            (input port)
  Destination:            btn_in/btn_1d_reg/CLR
                            (recovery check against rising-edge clock sys_clk_pin  {rise@0.000ns fall@5.000ns period=10.000ns})
  Path Group:             (none)
  Path Type:              Recovery (Max at Slow Process Corner)
  Data Path Delay:        9.946ns  (logic 1.580ns (15.887%)  route 8.366ns (84.113%))
  Logic Levels:           2  (IBUF=1 LUT1=1)
  Clock Path Skew:        5.023ns (DCD - SCD + CPR)
    Destination Clock Delay (DCD):    5.023ns
    Source Clock Delay      (SCD):    0.000ns
    Clock Pessimism Removal (CPR):    0.000ns
  Clock Uncertainty:      0.025ns  ((TSJ^2 + TIJ^2)^1/2 + DJ) / 2 + PE
    Total System Jitter     (TSJ):    0.050ns
    Total Input Jitter      (TIJ):    0.000ns
    Discrete Jitter          (DJ):    0.000ns
    Phase Error              (PE):    0.000ns

    Location             Delay type                Incr(ns)  Path(ns)    Netlist Resource(s)
  -------------------------------------------------------------------    -------------------
    R2                                                0.000     0.000 r  reset (IN)
                         net (fo=0)                   0.000     0.000    reset
    R2                   IBUF (Prop_ibuf_I_O)         1.456     1.456 r  reset_IBUF_inst/O
                         net (fo=3, routed)           4.585     6.041    fsm_buzzer/reset_IBUF
    SLICE_X4Y137         LUT1 (Prop_lut1_I0_O)        0.124     6.165 f  fsm_buzzer/FSM_sequential_state[3]_i_2/O
                         net (fo=95, routed)          3.782     9.946    btn_in/btn_out_reg_0
    SLICE_X0Y107         FDCE                                         f  btn_in/btn_1d_reg/CLR
  -------------------------------------------------------------------    -------------------

                         (clock sys_clk_pin rise edge)
                                                      0.000     0.000 r  
    W5                                                0.000     0.000 r  sysclk (IN)
                         net (fo=0)                   0.000     0.000    sysclk
    W5                   IBUF (Prop_ibuf_I_O)         1.388     1.388 r  sysclk_IBUF_inst/O
                         net (fo=1, routed)           1.862     3.250    sysclk_IBUF
    BUFGCTRL_X0Y0        BUFG (Prop_bufg_I_O)         0.091     3.341 r  sysclk_IBUF_BUFG_inst/O
                         net (fo=130, routed)         1.682     5.023    btn_in/CLK
    SLICE_X0Y107         FDCE                                         r  btn_in/btn_1d_reg/C

Slack:                    inf
  Source:                 reset
                            (input port)
  Destination:            fsm_buzzer/FSM_sequential_state_reg[3]/CLR
                            (recovery check against rising-edge clock sys_clk_pin  {rise@0.000ns fall@5.000ns period=10.000ns})
  Path Group:             (none)
  Path Type:              Recovery (Max at Slow Process Corner)
  Data Path Delay:        9.851ns  (logic 1.580ns (16.041%)  route 8.270ns (83.959%))
  Logic Levels:           2  (IBUF=1 LUT1=1)
  Clock Path Skew:        5.023ns (DCD - SCD + CPR)
    Destination Clock Delay (DCD):    5.023ns
    Source Clock Delay      (SCD):    0.000ns
    Clock Pessimism Removal (CPR):    0.000ns
  Clock Uncertainty:      0.025ns  ((TSJ^2 + TIJ^2)^1/2 + DJ) / 2 + PE
    Total System Jitter     (TSJ):    0.050ns
    Total Input Jitter      (TIJ):    0.000ns
    Discrete Jitter          (DJ):    0.000ns
    Phase Error              (PE):    0.000ns

    Location             Delay type                Incr(ns)  Path(ns)    Netlist Resource(s)
  -------------------------------------------------------------------    -------------------
    R2                                                0.000     0.000 r  reset (IN)
                         net (fo=0)                   0.000     0.000    reset
    R2                   IBUF (Prop_ibuf_I_O)         1.456     1.456 r  reset_IBUF_inst/O
                         net (fo=3, routed)           4.585     6.041    fsm_buzzer/reset_IBUF
    SLICE_X4Y137         LUT1 (Prop_lut1_I0_O)        0.124     6.165 f  fsm_buzzer/FSM_sequential_state[3]_i_2/O
                         net (fo=95, routed)          3.686     9.851    fsm_buzzer/reset
    SLICE_X1Y108         FDCE                                         f  fsm_buzzer/FSM_sequential_state_reg[3]/CLR
  -------------------------------------------------------------------    -------------------

                         (clock sys_clk_pin rise edge)
                                                      0.000     0.000 r  
    W5                                                0.000     0.000 r  sysclk (IN)
                         net (fo=0)                   0.000     0.000    sysclk
    W5                   IBUF (Prop_ibuf_I_O)         1.388     1.388 r  sysclk_IBUF_inst/O
                         net (fo=1, routed)           1.862     3.250    sysclk_IBUF
    BUFGCTRL_X0Y0        BUFG (Prop_bufg_I_O)         0.091     3.341 r  sysclk_IBUF_BUFG_inst/O
                         net (fo=130, routed)         1.682     5.023    fsm_buzzer/CLK
    SLICE_X1Y108         FDCE                                         r  fsm_buzzer/FSM_sequential_state_reg[3]/C

Slack:                    inf
  Source:                 reset
                            (input port)
  Destination:            btn_in/cnt_reg[11]/CLR
                            (recovery check against rising-edge clock sys_clk_pin  {rise@0.000ns fall@5.000ns period=10.000ns})
  Path Group:             (none)
  Path Type:              Recovery (Max at Slow Process Corner)
  Data Path Delay:        9.688ns  (logic 1.580ns (16.310%)  route 8.108ns (83.690%))
  Logic Levels:           2  (IBUF=1 LUT1=1)
  Clock Path Skew:        5.021ns (DCD - SCD + CPR)
    Destination Clock Delay (DCD):    5.021ns
    Source Clock Delay      (SCD):    0.000ns
    Clock Pessimism Removal (CPR):    0.000ns
  Clock Uncertainty:      0.025ns  ((TSJ^2 + TIJ^2)^1/2 + DJ) / 2 + PE
    Total System Jitter     (TSJ):    0.050ns
    Total Input Jitter      (TIJ):    0.000ns
    Discrete Jitter          (DJ):    0.000ns
    Phase Error              (PE):    0.000ns

    Location             Delay type                Incr(ns)  Path(ns)    Netlist Resource(s)
  -------------------------------------------------------------------    -------------------
    R2                                                0.000     0.000 r  reset (IN)
                         net (fo=0)                   0.000     0.000    reset
    R2                   IBUF (Prop_ibuf_I_O)         1.456     1.456 r  reset_IBUF_inst/O
                         net (fo=3, routed)           4.585     6.041    fsm_buzzer/reset_IBUF
    SLICE_X4Y137         LUT1 (Prop_lut1_I0_O)        0.124     6.165 f  fsm_buzzer/FSM_sequential_state[3]_i_2/O
                         net (fo=95, routed)          3.523     9.688    btn_in/btn_out_reg_0
    SLICE_X7Y109         FDCE                                         f  btn_in/cnt_reg[11]/CLR
  -------------------------------------------------------------------    -------------------

                         (clock sys_clk_pin rise edge)
                                                      0.000     0.000 r  
    W5                                                0.000     0.000 r  sysclk (IN)
                         net (fo=0)                   0.000     0.000    sysclk
    W5                   IBUF (Prop_ibuf_I_O)         1.388     1.388 r  sysclk_IBUF_inst/O
                         net (fo=1, routed)           1.862     3.250    sysclk_IBUF
    BUFGCTRL_X0Y0        BUFG (Prop_bufg_I_O)         0.091     3.341 r  sysclk_IBUF_BUFG_inst/O
                         net (fo=130, routed)         1.680     5.021    btn_in/CLK
    SLICE_X7Y109         FDCE                                         r  btn_in/cnt_reg[11]/C

Slack:                    inf
  Source:                 reset
                            (input port)
  Destination:            btn_in/cnt_reg[18]/CLR
                            (recovery check against rising-edge clock sys_clk_pin  {rise@0.000ns fall@5.000ns period=10.000ns})
  Path Group:             (none)
  Path Type:              Recovery (Max at Slow Process Corner)
  Data Path Delay:        9.688ns  (logic 1.580ns (16.310%)  route 8.108ns (83.690%))
  Logic Levels:           2  (IBUF=1 LUT1=1)
  Clock Path Skew:        5.021ns (DCD - SCD + CPR)
    Destination Clock Delay (DCD):    5.021ns
    Source Clock Delay      (SCD):    0.000ns
    Clock Pessimism Removal (CPR):    0.000ns
  Clock Uncertainty:      0.025ns  ((TSJ^2 + TIJ^2)^1/2 + DJ) / 2 + PE
    Total System Jitter     (TSJ):    0.050ns
    Total Input Jitter      (TIJ):    0.000ns
    Discrete Jitter          (DJ):    0.000ns
    Phase Error              (PE):    0.000ns

    Location             Delay type                Incr(ns)  Path(ns)    Netlist Resource(s)
  -------------------------------------------------------------------    -------------------
    R2                                                0.000     0.000 r  reset (IN)
                         net (fo=0)                   0.000     0.000    reset
    R2                   IBUF (Prop_ibuf_I_O)         1.456     1.456 r  reset_IBUF_inst/O
                         net (fo=3, routed)           4.585     6.041    fsm_buzzer/reset_IBUF
    SLICE_X4Y137         LUT1 (Prop_lut1_I0_O)        0.124     6.165 f  fsm_buzzer/FSM_sequential_state[3]_i_2/O
                         net (fo=95, routed)          3.523     9.688    btn_in/btn_out_reg_0
    SLICE_X7Y109         FDCE                                         f  btn_in/cnt_reg[18]/CLR
  -------------------------------------------------------------------    -------------------

                         (clock sys_clk_pin rise edge)
                                                      0.000     0.000 r  
    W5                                                0.000     0.000 r  sysclk (IN)
                         net (fo=0)                   0.000     0.000    sysclk
    W5                   IBUF (Prop_ibuf_I_O)         1.388     1.388 r  sysclk_IBUF_inst/O
                         net (fo=1, routed)           1.862     3.250    sysclk_IBUF
    BUFGCTRL_X0Y0        BUFG (Prop_bufg_I_O)         0.091     3.341 r  sysclk_IBUF_BUFG_inst/O
                         net (fo=130, routed)         1.680     5.021    btn_in/CLK
    SLICE_X7Y109         FDCE                                         r  btn_in/cnt_reg[18]/C

Slack:                    inf
  Source:                 reset
                            (input port)
  Destination:            btn_in/cnt_reg[9]/CLR
                            (recovery check against rising-edge clock sys_clk_pin  {rise@0.000ns fall@5.000ns period=10.000ns})
  Path Group:             (none)
  Path Type:              Recovery (Max at Slow Process Corner)
  Data Path Delay:        9.688ns  (logic 1.580ns (16.310%)  route 8.108ns (83.690%))
  Logic Levels:           2  (IBUF=1 LUT1=1)
  Clock Path Skew:        5.021ns (DCD - SCD + CPR)
    Destination Clock Delay (DCD):    5.021ns
    Source Clock Delay      (SCD):    0.000ns
    Clock Pessimism Removal (CPR):    0.000ns
  Clock Uncertainty:      0.025ns  ((TSJ^2 + TIJ^2)^1/2 + DJ) / 2 + PE
    Total System Jitter     (TSJ):    0.050ns
    Total Input Jitter      (TIJ):    0.000ns
    Discrete Jitter          (DJ):    0.000ns
    Phase Error              (PE):    0.000ns

    Location             Delay type                Incr(ns)  Path(ns)    Netlist Resource(s)
  -------------------------------------------------------------------    -------------------
    R2                                                0.000     0.000 r  reset (IN)
                         net (fo=0)                   0.000     0.000    reset
    R2                   IBUF (Prop_ibuf_I_O)         1.456     1.456 r  reset_IBUF_inst/O
                         net (fo=3, routed)           4.585     6.041    fsm_buzzer/reset_IBUF
    SLICE_X4Y137         LUT1 (Prop_lut1_I0_O)        0.124     6.165 f  fsm_buzzer/FSM_sequential_state[3]_i_2/O
                         net (fo=95, routed)          3.523     9.688    btn_in/btn_out_reg_0
    SLICE_X7Y109         FDCE                                         f  btn_in/cnt_reg[9]/CLR
  -------------------------------------------------------------------    -------------------

                         (clock sys_clk_pin rise edge)
                                                      0.000     0.000 r  
    W5                                                0.000     0.000 r  sysclk (IN)
                         net (fo=0)                   0.000     0.000    sysclk
    W5                   IBUF (Prop_ibuf_I_O)         1.388     1.388 r  sysclk_IBUF_inst/O
                         net (fo=1, routed)           1.862     3.250    sysclk_IBUF
    BUFGCTRL_X0Y0        BUFG (Prop_bufg_I_O)         0.091     3.341 r  sysclk_IBUF_BUFG_inst/O
                         net (fo=130, routed)         1.680     5.021    btn_in/CLK
    SLICE_X7Y109         FDCE                                         r  btn_in/cnt_reg[9]/C





Min Delay Paths
--------------------------------------------------------------------------------------
Slack:                    inf
  Source:                 fsm_buzzer/FSM_sequential_next_state_reg[2]/G
                            (positive level-sensitive latch)
  Destination:            fsm_buzzer/FSM_sequential_state_reg[2]/D
                            (rising edge-triggered cell FDCE clocked by sys_clk_pin  {rise@0.000ns fall@5.000ns period=10.000ns})
  Path Group:             (none)
  Path Type:              Hold (Min at Fast Process Corner)
  Data Path Delay:        0.355ns  (logic 0.245ns (69.013%)  route 0.110ns (30.987%))
  Logic Levels:           1  (LDCE=1)
  Clock Uncertainty:      0.025ns  ((TSJ^2 + TIJ^2)^1/2 + DJ) / 2 + PE
    Total System Jitter     (TSJ):    0.050ns
    Total Input Jitter      (TIJ):    0.000ns
    Discrete Jitter          (DJ):    0.000ns
    Phase Error              (PE):    0.000ns

    Location             Delay type                Incr(ns)  Path(ns)    Netlist Resource(s)
  -------------------------------------------------------------------    -------------------
    SLICE_X2Y108         LDCE                         0.000     0.000 r  fsm_buzzer/FSM_sequential_next_state_reg[2]/G
    SLICE_X2Y108         LDCE (EnToQ_ldce_G_Q)        0.245     0.245 r  fsm_buzzer/FSM_sequential_next_state_reg[2]/Q
                         net (fo=1, routed)           0.110     0.355    fsm_buzzer/next_state__0[2]
    SLICE_X2Y107         FDCE                                         r  fsm_buzzer/FSM_sequential_state_reg[2]/D
  -------------------------------------------------------------------    -------------------

                         (clock sys_clk_pin rise edge)
                                                      0.000     0.000 r  
    W5                                                0.000     0.000 r  sysclk (IN)
                         net (fo=0)                   0.000     0.000    sysclk
    W5                   IBUF (Prop_ibuf_I_O)         0.414     0.414 r  sysclk_IBUF_inst/O
                         net (fo=1, routed)           0.685     1.099    sysclk_IBUF
    BUFGCTRL_X0Y0        BUFG (Prop_bufg_I_O)         0.029     1.128 r  sysclk_IBUF_BUFG_inst/O
                         net (fo=130, routed)         0.949     2.077    fsm_buzzer/CLK
    SLICE_X2Y107         FDCE                                         r  fsm_buzzer/FSM_sequential_state_reg[2]/C

Slack:                    inf
  Source:                 fsm_buzzer/FSM_sequential_next_state_reg[1]/G
                            (positive level-sensitive latch)
  Destination:            fsm_buzzer/FSM_sequential_state_reg[1]/D
                            (rising edge-triggered cell FDCE clocked by sys_clk_pin  {rise@0.000ns fall@5.000ns period=10.000ns})
  Path Group:             (none)
  Path Type:              Hold (Min at Fast Process Corner)
  Data Path Delay:        0.445ns  (logic 0.225ns (50.581%)  route 0.220ns (49.419%))
  Logic Levels:           1  (LDCE=1)
  Clock Uncertainty:      0.025ns  ((TSJ^2 + TIJ^2)^1/2 + DJ) / 2 + PE
    Total System Jitter     (TSJ):    0.050ns
    Total Input Jitter      (TIJ):    0.000ns
    Discrete Jitter          (DJ):    0.000ns
    Phase Error              (PE):    0.000ns

    Location             Delay type                Incr(ns)  Path(ns)    Netlist Resource(s)
  -------------------------------------------------------------------    -------------------
    SLICE_X4Y108         LDCE                         0.000     0.000 r  fsm_buzzer/FSM_sequential_next_state_reg[1]/G
    SLICE_X4Y108         LDCE (EnToQ_ldce_G_Q)        0.225     0.225 r  fsm_buzzer/FSM_sequential_next_state_reg[1]/Q
                         net (fo=1, routed)           0.220     0.445    fsm_buzzer/next_state__0[1]
    SLICE_X3Y107         FDCE                                         r  fsm_buzzer/FSM_sequential_state_reg[1]/D
  -------------------------------------------------------------------    -------------------

                         (clock sys_clk_pin rise edge)
                                                      0.000     0.000 r  
    W5                                                0.000     0.000 r  sysclk (IN)
                         net (fo=0)                   0.000     0.000    sysclk
    W5                   IBUF (Prop_ibuf_I_O)         0.414     0.414 r  sysclk_IBUF_inst/O
                         net (fo=1, routed)           0.685     1.099    sysclk_IBUF
    BUFGCTRL_X0Y0        BUFG (Prop_bufg_I_O)         0.029     1.128 r  sysclk_IBUF_BUFG_inst/O
                         net (fo=130, routed)         0.949     2.077    fsm_buzzer/CLK
    SLICE_X3Y107         FDCE                                         r  fsm_buzzer/FSM_sequential_state_reg[1]/C

Slack:                    inf
  Source:                 fsm_buzzer/FSM_sequential_next_state_reg[3]/G
                            (positive level-sensitive latch)
  Destination:            fsm_buzzer/FSM_sequential_state_reg[3]/D
                            (rising edge-triggered cell FDCE clocked by sys_clk_pin  {rise@0.000ns fall@5.000ns period=10.000ns})
  Path Group:             (none)
  Path Type:              Hold (Min at Fast Process Corner)
  Data Path Delay:        0.453ns  (logic 0.245ns (54.113%)  route 0.208ns (45.887%))
  Logic Levels:           1  (LDCE=1)
  Clock Uncertainty:      0.025ns  ((TSJ^2 + TIJ^2)^1/2 + DJ) / 2 + PE
    Total System Jitter     (TSJ):    0.050ns
    Total Input Jitter      (TIJ):    0.000ns
    Discrete Jitter          (DJ):    0.000ns
    Phase Error              (PE):    0.000ns

    Location             Delay type                Incr(ns)  Path(ns)    Netlist Resource(s)
  -------------------------------------------------------------------    -------------------
    SLICE_X2Y108         LDCE                         0.000     0.000 r  fsm_buzzer/FSM_sequential_next_state_reg[3]/G
    SLICE_X2Y108         LDCE (EnToQ_ldce_G_Q)        0.245     0.245 r  fsm_buzzer/FSM_sequential_next_state_reg[3]/Q
                         net (fo=1, routed)           0.208     0.453    fsm_buzzer/next_state__0[3]
    SLICE_X1Y108         FDCE                                         r  fsm_buzzer/FSM_sequential_state_reg[3]/D
  -------------------------------------------------------------------    -------------------

                         (clock sys_clk_pin rise edge)
                                                      0.000     0.000 r  
    W5                                                0.000     0.000 r  sysclk (IN)
                         net (fo=0)                   0.000     0.000    sysclk
    W5                   IBUF (Prop_ibuf_I_O)         0.414     0.414 r  sysclk_IBUF_inst/O
                         net (fo=1, routed)           0.685     1.099    sysclk_IBUF
    BUFGCTRL_X0Y0        BUFG (Prop_bufg_I_O)         0.029     1.128 r  sysclk_IBUF_BUFG_inst/O
                         net (fo=130, routed)         0.949     2.077    fsm_buzzer/CLK
    SLICE_X1Y108         FDCE                                         r  fsm_buzzer/FSM_sequential_state_reg[3]/C

Slack:                    inf
  Source:                 fsm_buzzer/FSM_sequential_next_state_reg[0]/G
                            (positive level-sensitive latch)
  Destination:            fsm_buzzer/FSM_sequential_state_reg[0]/D
                            (rising edge-triggered cell FDCE clocked by sys_clk_pin  {rise@0.000ns fall@5.000ns period=10.000ns})
  Path Group:             (none)
  Path Type:              Hold (Min at Fast Process Corner)
  Data Path Delay:        0.456ns  (logic 0.225ns (49.305%)  route 0.231ns (50.695%))
  Logic Levels:           1  (LDCE=1)
  Clock Uncertainty:      0.025ns  ((TSJ^2 + TIJ^2)^1/2 + DJ) / 2 + PE
    Total System Jitter     (TSJ):    0.050ns
    Total Input Jitter      (TIJ):    0.000ns
    Discrete Jitter          (DJ):    0.000ns
    Phase Error              (PE):    0.000ns

    Location             Delay type                Incr(ns)  Path(ns)    Netlist Resource(s)
  -------------------------------------------------------------------    -------------------
    SLICE_X4Y108         LDCE                         0.000     0.000 r  fsm_buzzer/FSM_sequential_next_state_reg[0]/G
    SLICE_X4Y108         LDCE (EnToQ_ldce_G_Q)        0.225     0.225 r  fsm_buzzer/FSM_sequential_next_state_reg[0]/Q
                         net (fo=1, routed)           0.231     0.456    fsm_buzzer/next_state__0[0]
    SLICE_X3Y107         FDCE                                         r  fsm_buzzer/FSM_sequential_state_reg[0]/D
  -------------------------------------------------------------------    -------------------

                         (clock sys_clk_pin rise edge)
                                                      0.000     0.000 r  
    W5                                                0.000     0.000 r  sysclk (IN)
                         net (fo=0)                   0.000     0.000    sysclk
    W5                   IBUF (Prop_ibuf_I_O)         0.414     0.414 r  sysclk_IBUF_inst/O
                         net (fo=1, routed)           0.685     1.099    sysclk_IBUF
    BUFGCTRL_X0Y0        BUFG (Prop_bufg_I_O)         0.029     1.128 r  sysclk_IBUF_BUFG_inst/O
                         net (fo=130, routed)         0.949     2.077    fsm_buzzer/CLK
    SLICE_X3Y107         FDCE                                         r  fsm_buzzer/FSM_sequential_state_reg[0]/C

Slack:                    inf
  Source:                 i_btn
                            (input port)
  Destination:            btn_in/btn_1d_reg/D
                            (rising edge-triggered cell FDCE clocked by sys_clk_pin  {rise@0.000ns fall@5.000ns period=10.000ns})
  Path Group:             (none)
  Path Type:              Hold (Min at Fast Process Corner)
  Data Path Delay:        1.438ns  (logic 0.222ns (15.425%)  route 1.217ns (84.575%))
  Logic Levels:           1  (IBUF=1)
  Clock Path Skew:        2.077ns (DCD - SCD - CPR)
    Destination Clock Delay (DCD):    2.077ns
    Source Clock Delay      (SCD):    0.000ns
    Clock Pessimism Removal (CPR):    -0.000ns

    Location             Delay type                Incr(ns)  Path(ns)    Netlist Resource(s)
  -------------------------------------------------------------------    -------------------
    T18                                               0.000     0.000 r  i_btn (IN)
                         net (fo=0)                   0.000     0.000    i_btn
    T18                  IBUF (Prop_ibuf_I_O)         0.222     0.222 r  i_btn_IBUF_inst/O
                         net (fo=1, routed)           1.217     1.438    btn_in/i_btn_IBUF
    SLICE_X0Y107         FDCE                                         r  btn_in/btn_1d_reg/D
  -------------------------------------------------------------------    -------------------

                         (clock sys_clk_pin rise edge)
                                                      0.000     0.000 r  
    W5                                                0.000     0.000 r  sysclk (IN)
                         net (fo=0)                   0.000     0.000    sysclk
    W5                   IBUF (Prop_ibuf_I_O)         0.414     0.414 r  sysclk_IBUF_inst/O
                         net (fo=1, routed)           0.685     1.099    sysclk_IBUF
    BUFGCTRL_X0Y0        BUFG (Prop_bufg_I_O)         0.029     1.128 r  sysclk_IBUF_BUFG_inst/O
                         net (fo=130, routed)         0.949     2.077    btn_in/CLK
    SLICE_X0Y107         FDCE                                         r  btn_in/btn_1d_reg/C

Slack:                    inf
  Source:                 reset
                            (input port)
  Destination:            freq_gen2/r_freq_reg/D
                            (rising edge-triggered cell FDRE clocked by sys_clk_pin  {rise@0.000ns fall@5.000ns period=10.000ns})
  Path Group:             (none)
  Path Type:              Hold (Min at Fast Process Corner)
  Data Path Delay:        2.322ns  (logic 0.269ns (11.595%)  route 2.053ns (88.405%))
  Logic Levels:           2  (IBUF=1 LUT4=1)
  Clock Path Skew:        2.074ns (DCD - SCD - CPR)
    Destination Clock Delay (DCD):    2.074ns
    Source Clock Delay      (SCD):    0.000ns
    Clock Pessimism Removal (CPR):    -0.000ns

    Location             Delay type                Incr(ns)  Path(ns)    Netlist Resource(s)
  -------------------------------------------------------------------    -------------------
    R2                                                0.000     0.000 r  reset (IN)
                         net (fo=0)                   0.000     0.000    reset
    R2                   IBUF (Prop_ibuf_I_O)         0.224     0.224 r  reset_IBUF_inst/O
                         net (fo=3, routed)           2.053     2.277    freq_gen2/reset_IBUF
    SLICE_X0Y137         LUT4 (Prop_lut4_I0_O)        0.045     2.322 r  freq_gen2/r_freq_i_1/O
                         net (fo=1, routed)           0.000     2.322    freq_gen2/r_freq_i_1_n_0
    SLICE_X0Y137         FDRE                                         r  freq_gen2/r_freq_reg/D
  -------------------------------------------------------------------    -------------------

                         (clock sys_clk_pin rise edge)
                                                      0.000     0.000 r  
    W5                                                0.000     0.000 r  sysclk (IN)
                         net (fo=0)                   0.000     0.000    sysclk
    W5                   IBUF (Prop_ibuf_I_O)         0.414     0.414 r  sysclk_IBUF_inst/O
                         net (fo=1, routed)           0.685     1.099    sysclk_IBUF
    BUFGCTRL_X0Y0        BUFG (Prop_bufg_I_O)         0.029     1.128 r  sysclk_IBUF_BUFG_inst/O
                         net (fo=130, routed)         0.946     2.074    freq_gen2/CLK
    SLICE_X0Y137         FDRE                                         r  freq_gen2/r_freq_reg/C

Slack:                    inf
  Source:                 reset
                            (input port)
  Destination:            freq_gen2/counter1_reg[16]/CE
                            (rising edge-triggered cell FDCE clocked by sys_clk_pin  {rise@0.000ns fall@5.000ns period=10.000ns})
  Path Group:             (none)
  Path Type:              Hold (Min at Fast Process Corner)
  Data Path Delay:        2.479ns  (logic 0.272ns (10.984%)  route 2.206ns (89.016%))
  Logic Levels:           2  (IBUF=1 LUT2=1)
  Clock Path Skew:        2.071ns (DCD - SCD - CPR)
    Destination Clock Delay (DCD):    2.071ns
    Source Clock Delay      (SCD):    0.000ns
    Clock Pessimism Removal (CPR):    -0.000ns

    Location             Delay type                Incr(ns)  Path(ns)    Netlist Resource(s)
  -------------------------------------------------------------------    -------------------
    R2                                                0.000     0.000 r  reset (IN)
                         net (fo=0)                   0.000     0.000    reset
    R2                   IBUF (Prop_ibuf_I_O)         0.224     0.224 r  reset_IBUF_inst/O
                         net (fo=3, routed)           1.950     2.174    freq_gen2/reset_IBUF
    SLICE_X4Y137         LUT2 (Prop_lut2_I0_O)        0.048     2.222 r  freq_gen2/counter1/O
                         net (fo=17, routed)          0.257     2.479    freq_gen2/counter1_n_0
    SLICE_X2Y133         FDCE                                         r  freq_gen2/counter1_reg[16]/CE
  -------------------------------------------------------------------    -------------------

                         (clock sys_clk_pin rise edge)
                                                      0.000     0.000 r  
    W5                                                0.000     0.000 r  sysclk (IN)
                         net (fo=0)                   0.000     0.000    sysclk
    W5                   IBUF (Prop_ibuf_I_O)         0.414     0.414 r  sysclk_IBUF_inst/O
                         net (fo=1, routed)           0.685     1.099    sysclk_IBUF
    BUFGCTRL_X0Y0        BUFG (Prop_bufg_I_O)         0.029     1.128 r  sysclk_IBUF_BUFG_inst/O
                         net (fo=130, routed)         0.943     2.071    freq_gen2/CLK
    SLICE_X2Y133         FDCE                                         r  freq_gen2/counter1_reg[16]/C

Slack:                    inf
  Source:                 reset
                            (input port)
  Destination:            freq_gen2/counter1_reg[6]/CE
                            (rising edge-triggered cell FDCE clocked by sys_clk_pin  {rise@0.000ns fall@5.000ns period=10.000ns})
  Path Group:             (none)
  Path Type:              Hold (Min at Fast Process Corner)
  Data Path Delay:        2.486ns  (logic 0.272ns (10.953%)  route 2.213ns (89.047%))
  Logic Levels:           2  (IBUF=1 LUT2=1)
  Clock Path Skew:        2.075ns (DCD - SCD - CPR)
    Destination Clock Delay (DCD):    2.075ns
    Source Clock Delay      (SCD):    0.000ns
    Clock Pessimism Removal (CPR):    -0.000ns

    Location             Delay type                Incr(ns)  Path(ns)    Netlist Resource(s)
  -------------------------------------------------------------------    -------------------
    R2                                                0.000     0.000 r  reset (IN)
                         net (fo=0)                   0.000     0.000    reset
    R2                   IBUF (Prop_ibuf_I_O)         0.224     0.224 r  reset_IBUF_inst/O
                         net (fo=3, routed)           1.950     2.174    freq_gen2/reset_IBUF
    SLICE_X4Y137         LUT2 (Prop_lut2_I0_O)        0.048     2.222 r  freq_gen2/counter1/O
                         net (fo=17, routed)          0.264     2.486    freq_gen2/counter1_n_0
    SLICE_X5Y140         FDCE                                         r  freq_gen2/counter1_reg[6]/CE
  -------------------------------------------------------------------    -------------------

                         (clock sys_clk_pin rise edge)
                                                      0.000     0.000 r  
    W5                                                0.000     0.000 r  sysclk (IN)
                         net (fo=0)                   0.000     0.000    sysclk
    W5                   IBUF (Prop_ibuf_I_O)         0.414     0.414 r  sysclk_IBUF_inst/O
                         net (fo=1, routed)           0.685     1.099    sysclk_IBUF
    BUFGCTRL_X0Y0        BUFG (Prop_bufg_I_O)         0.029     1.128 r  sysclk_IBUF_BUFG_inst/O
                         net (fo=130, routed)         0.947     2.075    freq_gen2/CLK
    SLICE_X5Y140         FDCE                                         r  freq_gen2/counter1_reg[6]/C

Slack:                    inf
  Source:                 reset
                            (input port)
  Destination:            freq_gen2/counter1_reg[7]/CE
                            (rising edge-triggered cell FDCE clocked by sys_clk_pin  {rise@0.000ns fall@5.000ns period=10.000ns})
  Path Group:             (none)
  Path Type:              Hold (Min at Fast Process Corner)
  Data Path Delay:        2.486ns  (logic 0.272ns (10.953%)  route 2.213ns (89.047%))
  Logic Levels:           2  (IBUF=1 LUT2=1)
  Clock Path Skew:        2.075ns (DCD - SCD - CPR)
    Destination Clock Delay (DCD):    2.075ns
    Source Clock Delay      (SCD):    0.000ns
    Clock Pessimism Removal (CPR):    -0.000ns

    Location             Delay type                Incr(ns)  Path(ns)    Netlist Resource(s)
  -------------------------------------------------------------------    -------------------
    R2                                                0.000     0.000 r  reset (IN)
                         net (fo=0)                   0.000     0.000    reset
    R2                   IBUF (Prop_ibuf_I_O)         0.224     0.224 r  reset_IBUF_inst/O
                         net (fo=3, routed)           1.950     2.174    freq_gen2/reset_IBUF
    SLICE_X4Y137         LUT2 (Prop_lut2_I0_O)        0.048     2.222 r  freq_gen2/counter1/O
                         net (fo=17, routed)          0.264     2.486    freq_gen2/counter1_n_0
    SLICE_X5Y140         FDCE                                         r  freq_gen2/counter1_reg[7]/CE
  -------------------------------------------------------------------    -------------------

                         (clock sys_clk_pin rise edge)
                                                      0.000     0.000 r  
    W5                                                0.000     0.000 r  sysclk (IN)
                         net (fo=0)                   0.000     0.000    sysclk
    W5                   IBUF (Prop_ibuf_I_O)         0.414     0.414 r  sysclk_IBUF_inst/O
                         net (fo=1, routed)           0.685     1.099    sysclk_IBUF
    BUFGCTRL_X0Y0        BUFG (Prop_bufg_I_O)         0.029     1.128 r  sysclk_IBUF_BUFG_inst/O
                         net (fo=130, routed)         0.947     2.075    freq_gen2/CLK
    SLICE_X5Y140         FDCE                                         r  freq_gen2/counter1_reg[7]/C

Slack:                    inf
  Source:                 reset
                            (input port)
  Destination:            freq_gen2/counter1_reg[14]/CE
                            (rising edge-triggered cell FDCE clocked by sys_clk_pin  {rise@0.000ns fall@5.000ns period=10.000ns})
  Path Group:             (none)
  Path Type:              Hold (Min at Fast Process Corner)
  Data Path Delay:        2.557ns  (logic 0.272ns (10.649%)  route 2.284ns (89.351%))
  Logic Levels:           2  (IBUF=1 LUT2=1)
  Clock Path Skew:        2.075ns (DCD - SCD - CPR)
    Destination Clock Delay (DCD):    2.075ns
    Source Clock Delay      (SCD):    0.000ns
    Clock Pessimism Removal (CPR):    -0.000ns

    Location             Delay type                Incr(ns)  Path(ns)    Netlist Resource(s)
  -------------------------------------------------------------------    -------------------
    R2                                                0.000     0.000 r  reset (IN)
                         net (fo=0)                   0.000     0.000    reset
    R2                   IBUF (Prop_ibuf_I_O)         0.224     0.224 r  reset_IBUF_inst/O
                         net (fo=3, routed)           1.950     2.174    freq_gen2/reset_IBUF
    SLICE_X4Y137         LUT2 (Prop_lut2_I0_O)        0.048     2.222 r  freq_gen2/counter1/O
                         net (fo=17, routed)          0.335     2.557    freq_gen2/counter1_n_0
    SLICE_X5Y142         FDCE                                         r  freq_gen2/counter1_reg[14]/CE
  -------------------------------------------------------------------    -------------------

                         (clock sys_clk_pin rise edge)
                                                      0.000     0.000 r  
    W5                                                0.000     0.000 r  sysclk (IN)
                         net (fo=0)                   0.000     0.000    sysclk
    W5                   IBUF (Prop_ibuf_I_O)         0.414     0.414 r  sysclk_IBUF_inst/O
                         net (fo=1, routed)           0.685     1.099    sysclk_IBUF
    BUFGCTRL_X0Y0        BUFG (Prop_bufg_I_O)         0.029     1.128 r  sysclk_IBUF_BUFG_inst/O
                         net (fo=130, routed)         0.947     2.075    freq_gen2/CLK
    SLICE_X5Y142         FDCE                                         r  freq_gen2/counter1_reg[14]/C





