TRACE::2026-05-26.15:28:45::SCWPlatform::Trying to open the hw design at D:/vivado_pj/workspace_mb_spi/micBlazeAppTop/hw/micBlazeAppTop.xsa
TRACE::2026-05-26.15:28:45::SCWPlatform::DSA given D:/vivado_pj/workspace_mb_spi/micBlazeAppTop/hw/micBlazeAppTop.xsa
TRACE::2026-05-26.15:28:45::SCWPlatform::DSA absoulate path D:/vivado_pj/workspace_mb_spi/micBlazeAppTop/hw/micBlazeAppTop.xsa
TRACE::2026-05-26.15:28:45::SCWPlatform::DSA directory D:/vivado_pj/workspace_mb_spi/micBlazeAppTop/hw
TRACE::2026-05-26.15:28:45::SCWPlatform:: Platform Path D:/vivado_pj/workspace_mb_spi/micBlazeAppTop/hw/micBlazeAppTop.xsa
TRACE::2026-05-26.15:28:45::SCWPlatform:: Unique name xilinx:basys3::0.0
TRACE::2026-05-26.15:28:45::SCWPlatform::Do not have an existing db opened. 
TRACE::2026-05-26.15:28:46::SCWPlatform::Opened new HwDB with name micBlazeAppTop_0
TRACE::2026-05-26.15:28:46::SCWWriter::formatted JSON is {
	"platformName":	"micBlazeAppTop",
	"sprVersion":	"2.0",
	"mode":	"gui",
	"dsaType":	"Fixed",
	"platformDesc":	"micBlazeAppTop",
	"platHandOff":	"D:/vivado_pj/project_mb_spi_2023/micBlazeAppTop.xsa",
	"platIntHandOff":	"<platformDir>/hw/micBlazeAppTop.xsa",
	"deviceType":	"FPGA",
	"platIsPrebuiltAutogen":	"false",
	"platIsNoBootBsp":	"false",
	"hasFsblMakeHasChanges":	"false",
	"hasPmufwMakeHasChanges":	"false",
	"platPreBuiltFlag":	false,
	"platformSamplesDir":	""
}
TRACE::2026-05-26.15:28:46::SCWWriter::formatted JSON is {
	"platformName":	"micBlazeAppTop",
	"sprVersion":	"2.0",
	"mode":	"gui",
	"dsaType":	"Fixed",
	"platformDesc":	"micBlazeAppTop",
	"platHandOff":	"D:/vivado_pj/project_mb_spi_2023/micBlazeAppTop.xsa",
	"platIntHandOff":	"<platformDir>/hw/micBlazeAppTop.xsa",
	"deviceType":	"FPGA",
	"platIsPrebuiltAutogen":	"false",
	"platIsNoBootBsp":	"false",
	"hasFsblMakeHasChanges":	"false",
	"hasPmufwMakeHasChanges":	"false",
	"platPreBuiltFlag":	false,
	"platformSamplesDir":	"",
	"platActiveSys":	"micBlazeAppTop",
	"systems":	[{
			"systemName":	"micBlazeAppTop",
			"systemDesc":	"micBlazeAppTop",
			"sysIsBootAutoGen":	"true",
			"systemDispName":	"micBlazeAppTop"
		}]
}
TRACE::2026-05-26.15:28:46::SCWPlatform::Boot application domains not present, creating them
TRACE::2026-05-26.15:28:46::SCWPlatform::Pure FPGA device, no boot application will be created.
TRACE::2026-05-26.15:28:46::SCWWriter::formatted JSON is {
	"platformName":	"micBlazeAppTop",
	"sprVersion":	"2.0",
	"mode":	"gui",
	"dsaType":	"Fixed",
	"platformDesc":	"micBlazeAppTop",
	"platHandOff":	"D:/vivado_pj/project_mb_spi_2023/micBlazeAppTop.xsa",
	"platIntHandOff":	"<platformDir>/hw/micBlazeAppTop.xsa",
	"deviceType":	"FPGA",
	"platIsPrebuiltAutogen":	"false",
	"platIsNoBootBsp":	"false",
	"hasFsblMakeHasChanges":	"false",
	"hasPmufwMakeHasChanges":	"false",
	"platPreBuiltFlag":	false,
	"platformSamplesDir":	"",
	"platActiveSys":	"micBlazeAppTop",
	"systems":	[{
			"systemName":	"micBlazeAppTop",
			"systemDesc":	"micBlazeAppTop",
			"sysIsBootAutoGen":	"true",
			"systemDispName":	"micBlazeAppTop"
		}]
}
TRACE::2026-05-26.15:28:46::SCWWriter::formatted JSON is {
	"platformName":	"micBlazeAppTop",
	"sprVersion":	"2.0",
	"mode":	"gui",
	"dsaType":	"Fixed",
	"platformDesc":	"micBlazeAppTop",
	"platHandOff":	"D:/vivado_pj/project_mb_spi_2023/micBlazeAppTop.xsa",
	"platIntHandOff":	"<platformDir>/hw/micBlazeAppTop.xsa",
	"deviceType":	"FPGA",
	"platIsPrebuiltAutogen":	"false",
	"platIsNoBootBsp":	"false",
	"hasFsblMakeHasChanges":	"false",
	"hasPmufwMakeHasChanges":	"false",
	"platPreBuiltFlag":	false,
	"platformSamplesDir":	"",
	"platActiveSys":	"micBlazeAppTop",
	"systems":	[{
			"systemName":	"micBlazeAppTop",
			"systemDesc":	"micBlazeAppTop",
			"sysIsBootAutoGen":	"true",
			"systemDispName":	"micBlazeAppTop"
		}]
}
TRACE::2026-05-26.15:28:46::SCWPlatform::Trying to open the hw design at D:/vivado_pj/workspace_mb_spi/micBlazeAppTop/hw/micBlazeAppTop.xsa
TRACE::2026-05-26.15:28:46::SCWPlatform::DSA given D:/vivado_pj/workspace_mb_spi/micBlazeAppTop/hw/micBlazeAppTop.xsa
TRACE::2026-05-26.15:28:46::SCWPlatform::DSA absoulate path D:/vivado_pj/workspace_mb_spi/micBlazeAppTop/hw/micBlazeAppTop.xsa
TRACE::2026-05-26.15:28:46::SCWPlatform::DSA directory D:/vivado_pj/workspace_mb_spi/micBlazeAppTop/hw
TRACE::2026-05-26.15:28:46::SCWPlatform:: Platform Path D:/vivado_pj/workspace_mb_spi/micBlazeAppTop/hw/micBlazeAppTop.xsa
TRACE::2026-05-26.15:28:46::SCWPlatform:: Unique name xilinx:basys3::0.0
TRACE::2026-05-26.15:28:46::SCWPlatform::Trying to set the existing hwdb with name micBlazeAppTop_0
TRACE::2026-05-26.15:28:46::SCWPlatform::Opened existing hwdb micBlazeAppTop_0
TRACE::2026-05-26.15:28:46::SCWPlatform::Found the Hw Db part of the input DSA
TRACE::2026-05-26.15:28:46::SCWPlatform::Trying to open the hw design at D:/vivado_pj/workspace_mb_spi/micBlazeAppTop/hw/micBlazeAppTop.xsa
TRACE::2026-05-26.15:28:46::SCWPlatform::DSA given D:/vivado_pj/workspace_mb_spi/micBlazeAppTop/hw/micBlazeAppTop.xsa
TRACE::2026-05-26.15:28:46::SCWPlatform::DSA absoulate path D:/vivado_pj/workspace_mb_spi/micBlazeAppTop/hw/micBlazeAppTop.xsa
TRACE::2026-05-26.15:28:46::SCWPlatform::DSA directory D:/vivado_pj/workspace_mb_spi/micBlazeAppTop/hw
TRACE::2026-05-26.15:28:46::SCWPlatform:: Platform Path D:/vivado_pj/workspace_mb_spi/micBlazeAppTop/hw/micBlazeAppTop.xsa
TRACE::2026-05-26.15:28:46::SCWPlatform:: Unique name xilinx:basys3::0.0
TRACE::2026-05-26.15:28:46::SCWPlatform::Trying to set the existing hwdb with name micBlazeAppTop_0
TRACE::2026-05-26.15:28:46::SCWPlatform::Opened existing hwdb micBlazeAppTop_0
TRACE::2026-05-26.15:28:46::SCWPlatform::Found the Hw Db part of the input DSA
TRACE::2026-05-26.15:28:46::SCWDomain::checking for install qemu data   : 
TRACE::2026-05-26.15:28:46::SCWPlatform::Trying to open the hw design at D:/vivado_pj/workspace_mb_spi/micBlazeAppTop/hw/micBlazeAppTop.xsa
TRACE::2026-05-26.15:28:46::SCWPlatform::DSA given D:/vivado_pj/workspace_mb_spi/micBlazeAppTop/hw/micBlazeAppTop.xsa
TRACE::2026-05-26.15:28:46::SCWPlatform::DSA absoulate path D:/vivado_pj/workspace_mb_spi/micBlazeAppTop/hw/micBlazeAppTop.xsa
TRACE::2026-05-26.15:28:46::SCWPlatform::DSA directory D:/vivado_pj/workspace_mb_spi/micBlazeAppTop/hw
TRACE::2026-05-26.15:28:46::SCWPlatform:: Platform Path D:/vivado_pj/workspace_mb_spi/micBlazeAppTop/hw/micBlazeAppTop.xsa
TRACE::2026-05-26.15:28:46::SCWPlatform:: Unique name xilinx:basys3::0.0
TRACE::2026-05-26.15:28:46::SCWPlatform::Trying to set the existing hwdb with name micBlazeAppTop_0
TRACE::2026-05-26.15:28:46::SCWPlatform::Opened existing hwdb micBlazeAppTop_0
TRACE::2026-05-26.15:28:46::SCWPlatform::Found the Hw Db part of the input DSA
TRACE::2026-05-26.15:28:46::SCWPlatform::Trying to open the hw design at D:/vivado_pj/workspace_mb_spi/micBlazeAppTop/hw/micBlazeAppTop.xsa
TRACE::2026-05-26.15:28:46::SCWPlatform::DSA given D:/vivado_pj/workspace_mb_spi/micBlazeAppTop/hw/micBlazeAppTop.xsa
TRACE::2026-05-26.15:28:46::SCWPlatform::DSA absoulate path D:/vivado_pj/workspace_mb_spi/micBlazeAppTop/hw/micBlazeAppTop.xsa
TRACE::2026-05-26.15:28:46::SCWPlatform::DSA directory D:/vivado_pj/workspace_mb_spi/micBlazeAppTop/hw
TRACE::2026-05-26.15:28:46::SCWPlatform:: Platform Path D:/vivado_pj/workspace_mb_spi/micBlazeAppTop/hw/micBlazeAppTop.xsa
TRACE::2026-05-26.15:28:46::SCWPlatform:: Unique name xilinx:basys3::0.0
TRACE::2026-05-26.15:28:46::SCWPlatform::Trying to set the existing hwdb with name micBlazeAppTop_0
TRACE::2026-05-26.15:28:46::SCWPlatform::Opened existing hwdb micBlazeAppTop_0
TRACE::2026-05-26.15:28:46::SCWPlatform::Found the Hw Db part of the input DSA
TRACE::2026-05-26.15:28:46::SCWPlatform::Trying to open the hw design at D:/vivado_pj/workspace_mb_spi/micBlazeAppTop/hw/micBlazeAppTop.xsa
TRACE::2026-05-26.15:28:46::SCWPlatform::DSA given D:/vivado_pj/workspace_mb_spi/micBlazeAppTop/hw/micBlazeAppTop.xsa
TRACE::2026-05-26.15:28:46::SCWPlatform::DSA absoulate path D:/vivado_pj/workspace_mb_spi/micBlazeAppTop/hw/micBlazeAppTop.xsa
TRACE::2026-05-26.15:28:46::SCWPlatform::DSA directory D:/vivado_pj/workspace_mb_spi/micBlazeAppTop/hw
TRACE::2026-05-26.15:28:46::SCWPlatform:: Platform Path D:/vivado_pj/workspace_mb_spi/micBlazeAppTop/hw/micBlazeAppTop.xsa
TRACE::2026-05-26.15:28:46::SCWPlatform:: Unique name xilinx:basys3::0.0
TRACE::2026-05-26.15:28:46::SCWPlatform::Trying to set the existing hwdb with name micBlazeAppTop_0
TRACE::2026-05-26.15:28:46::SCWPlatform::Opened existing hwdb micBlazeAppTop_0
TRACE::2026-05-26.15:28:46::SCWPlatform::Found the Hw Db part of the input DSA
TRACE::2026-05-26.15:28:46::SCWMssOS::Checking the sw design at  D:/vivado_pj/workspace_mb_spi/micBlazeAppTop/microblaze_0/standalone_microblaze_0/bsp/system.mss
TRACE::2026-05-26.15:28:46::SCWMssOS::DEBUG:  swdes dump  
TRACE::2026-05-26.15:28:46::SCWMssOS::No sw design opened at  D:/vivado_pj/workspace_mb_spi/micBlazeAppTop/microblaze_0/standalone_microblaze_0/bsp/system.mss
TRACE::2026-05-26.15:28:46::SCWMssOS::mss does not exists at D:/vivado_pj/workspace_mb_spi/micBlazeAppTop/microblaze_0/standalone_microblaze_0/bsp/system.mss
TRACE::2026-05-26.15:28:46::SCWMssOS::Creating sw design at  D:/vivado_pj/workspace_mb_spi/micBlazeAppTop/microblaze_0/standalone_microblaze_0/bsp/system.mss
TRACE::2026-05-26.15:28:46::SCWMssOS::Adding the swdes entry, created swdb D:/vivado_pj/workspace_mb_spi/micBlazeAppTop/microblaze_0/standalone_microblaze_0/bsp/system.mss with des name D:/vivado_pj/workspace_mb_spi/micBlazeAppTop/microblaze_0/standalone_microblaze_0/bsp/system.mss
TRACE::2026-05-26.15:28:46::SCWMssOS::updating the scw layer changes to swdes at   D:/vivado_pj/workspace_mb_spi/micBlazeAppTop/microblaze_0/standalone_microblaze_0/bsp/system.mss
TRACE::2026-05-26.15:28:46::SCWMssOS::Writing mss at D:/vivado_pj/workspace_mb_spi/micBlazeAppTop/microblaze_0/standalone_microblaze_0/bsp/system.mss
TRACE::2026-05-26.15:28:46::SCWMssOS::Completed writing the mss file at D:/vivado_pj/workspace_mb_spi/micBlazeAppTop/microblaze_0/standalone_microblaze_0/bsp
TRACE::2026-05-26.15:28:46::SCWMssOS::Picking up changes from newly written mss file into SCW Layer. 
TRACE::2026-05-26.15:28:46::SCWMssOS::Updated the changes from newly written mss file into SCW Layer. 
TRACE::2026-05-26.15:28:46::SCWMssOS::Completed writing the mss file at D:/vivado_pj/workspace_mb_spi/micBlazeAppTop/microblaze_0/standalone_microblaze_0/bsp
TRACE::2026-05-26.15:28:46::SCWMssOS::Forcing BSP Sources regeneration.
TRACE::2026-05-26.15:28:47::SCWMssOS::Saving the mss changes D:/vivado_pj/workspace_mb_spi/micBlazeAppTop/microblaze_0/standalone_microblaze_0/bsp/system.mss
TRACE::2026-05-26.15:28:47::SCWMssOS::Adding the swdes entry, mss present, able to open swdb D:/vivado_pj/workspace_mb_spi/micBlazeAppTop/microblaze_0/standalone_microblaze_0/bsp/system.mss with des name system
TRACE::2026-05-26.15:28:47::SCWMssOS::Writing the mss file completed D:/vivado_pj/workspace_mb_spi/micBlazeAppTop/microblaze_0/standalone_microblaze_0/bsp/system.mss
TRACE::2026-05-26.15:28:47::SCWMssOS::Commit changes completed.
TRACE::2026-05-26.15:28:47::SCWPlatform::Trying to open the hw design at D:/vivado_pj/workspace_mb_spi/micBlazeAppTop/hw/micBlazeAppTop.xsa
TRACE::2026-05-26.15:28:47::SCWPlatform::DSA given D:/vivado_pj/workspace_mb_spi/micBlazeAppTop/hw/micBlazeAppTop.xsa
TRACE::2026-05-26.15:28:47::SCWPlatform::DSA absoulate path D:/vivado_pj/workspace_mb_spi/micBlazeAppTop/hw/micBlazeAppTop.xsa
TRACE::2026-05-26.15:28:47::SCWPlatform::DSA directory D:/vivado_pj/workspace_mb_spi/micBlazeAppTop/hw
TRACE::2026-05-26.15:28:47::SCWPlatform:: Platform Path D:/vivado_pj/workspace_mb_spi/micBlazeAppTop/hw/micBlazeAppTop.xsa
TRACE::2026-05-26.15:28:47::SCWPlatform:: Unique name xilinx:basys3::0.0
TRACE::2026-05-26.15:28:47::SCWPlatform::Trying to set the existing hwdb with name micBlazeAppTop_0
TRACE::2026-05-26.15:28:47::SCWPlatform::Opened existing hwdb micBlazeAppTop_0
TRACE::2026-05-26.15:28:47::SCWPlatform::Found the Hw Db part of the input DSA
TRACE::2026-05-26.15:28:47::SCWMssOS::Checking the sw design at  D:/vivado_pj/workspace_mb_spi/micBlazeAppTop/microblaze_0/standalone_microblaze_0/bsp/system.mss
TRACE::2026-05-26.15:28:47::SCWMssOS::DEBUG:  swdes dump  D:/vivado_pj/workspace_mb_spi/micBlazeAppTop/microblaze_0/standalone_microblaze_0/bsp/system.mss|system||

TRACE::2026-05-26.15:28:47::SCWMssOS::Sw design exists and opened at  D:/vivado_pj/workspace_mb_spi/micBlazeAppTop/microblaze_0/standalone_microblaze_0/bsp/system.mss
TRACE::2026-05-26.15:28:47::SCWPlatform::Trying to open the hw design at D:/vivado_pj/workspace_mb_spi/micBlazeAppTop/hw/micBlazeAppTop.xsa
TRACE::2026-05-26.15:28:47::SCWPlatform::DSA given D:/vivado_pj/workspace_mb_spi/micBlazeAppTop/hw/micBlazeAppTop.xsa
TRACE::2026-05-26.15:28:47::SCWPlatform::DSA absoulate path D:/vivado_pj/workspace_mb_spi/micBlazeAppTop/hw/micBlazeAppTop.xsa
TRACE::2026-05-26.15:28:47::SCWPlatform::DSA directory D:/vivado_pj/workspace_mb_spi/micBlazeAppTop/hw
TRACE::2026-05-26.15:28:47::SCWPlatform:: Platform Path D:/vivado_pj/workspace_mb_spi/micBlazeAppTop/hw/micBlazeAppTop.xsa
TRACE::2026-05-26.15:28:47::SCWPlatform:: Unique name xilinx:basys3::0.0
TRACE::2026-05-26.15:28:47::SCWPlatform::Trying to set the existing hwdb with name micBlazeAppTop_0
TRACE::2026-05-26.15:28:47::SCWPlatform::Opened existing hwdb micBlazeAppTop_0
TRACE::2026-05-26.15:28:47::SCWPlatform::Found the Hw Db part of the input DSA
TRACE::2026-05-26.15:28:47::SCWMssOS::Checking the sw design at  D:/vivado_pj/workspace_mb_spi/micBlazeAppTop/microblaze_0/standalone_microblaze_0/bsp/system.mss
TRACE::2026-05-26.15:28:47::SCWMssOS::DEBUG:  swdes dump  D:/vivado_pj/workspace_mb_spi/micBlazeAppTop/microblaze_0/standalone_microblaze_0/bsp/system.mss|system||

TRACE::2026-05-26.15:28:47::SCWMssOS::Sw design exists and opened at  D:/vivado_pj/workspace_mb_spi/micBlazeAppTop/microblaze_0/standalone_microblaze_0/bsp/system.mss
TRACE::2026-05-26.15:28:47::SCWPlatform::Trying to open the hw design at D:/vivado_pj/workspace_mb_spi/micBlazeAppTop/hw/micBlazeAppTop.xsa
TRACE::2026-05-26.15:28:47::SCWPlatform::DSA given D:/vivado_pj/workspace_mb_spi/micBlazeAppTop/hw/micBlazeAppTop.xsa
TRACE::2026-05-26.15:28:47::SCWPlatform::DSA absoulate path D:/vivado_pj/workspace_mb_spi/micBlazeAppTop/hw/micBlazeAppTop.xsa
TRACE::2026-05-26.15:28:47::SCWPlatform::DSA directory D:/vivado_pj/workspace_mb_spi/micBlazeAppTop/hw
TRACE::2026-05-26.15:28:47::SCWPlatform:: Platform Path D:/vivado_pj/workspace_mb_spi/micBlazeAppTop/hw/micBlazeAppTop.xsa
TRACE::2026-05-26.15:28:47::SCWPlatform:: Unique name xilinx:basys3::0.0
TRACE::2026-05-26.15:28:47::SCWPlatform::Trying to set the existing hwdb with name micBlazeAppTop_0
TRACE::2026-05-26.15:28:47::SCWPlatform::Opened existing hwdb micBlazeAppTop_0
TRACE::2026-05-26.15:28:47::SCWPlatform::Found the Hw Db part of the input DSA
TRACE::2026-05-26.15:28:47::SCWMssOS::Checking the sw design at  D:/vivado_pj/workspace_mb_spi/micBlazeAppTop/microblaze_0/standalone_microblaze_0/bsp/system.mss
TRACE::2026-05-26.15:28:47::SCWMssOS::DEBUG:  swdes dump  D:/vivado_pj/workspace_mb_spi/micBlazeAppTop/microblaze_0/standalone_microblaze_0/bsp/system.mss|system||

TRACE::2026-05-26.15:28:47::SCWMssOS::Sw design exists and opened at  D:/vivado_pj/workspace_mb_spi/micBlazeAppTop/microblaze_0/standalone_microblaze_0/bsp/system.mss
TRACE::2026-05-26.15:28:47::SCWWriter::formatted JSON is {
	"platformName":	"micBlazeAppTop",
	"sprVersion":	"2.0",
	"mode":	"gui",
	"dsaType":	"Fixed",
	"platformDesc":	"micBlazeAppTop",
	"platHandOff":	"D:/vivado_pj/project_mb_spi_2023/micBlazeAppTop.xsa",
	"platIntHandOff":	"<platformDir>/hw/micBlazeAppTop.xsa",
	"deviceType":	"FPGA",
	"platIsPrebuiltAutogen":	"false",
	"platIsNoBootBsp":	"false",
	"hasFsblMakeHasChanges":	"false",
	"hasPmufwMakeHasChanges":	"false",
	"platPreBuiltFlag":	false,
	"platformSamplesDir":	"",
	"platActiveSys":	"micBlazeAppTop",
	"systems":	[{
			"systemName":	"micBlazeAppTop",
			"systemDesc":	"micBlazeAppTop",
			"sysIsBootAutoGen":	"true",
			"systemDispName":	"micBlazeAppTop",
			"sysActiveDom":	"standalone_microblaze_0",
			"sysDefaultDom":	"standalone_microblaze_0",
			"domains":	[{
					"domainName":	"standalone_microblaze_0",
					"domainDispName":	"standalone_microblaze_0",
					"domainDesc":	"standalone_microblaze_0",
					"processors":	"microblaze_0",
					"os":	"standalone",
					"sdxOs":	"standalone",
					"debugEnable":	"False",
					"domRuntimes":	["cpp"],
					"swRepo":	"",
					"mssOsVer":	"8.1",
					"mssFile":	"",
					"md5Digest":	"7cffafe3951124612033956a777b81f2",
					"compatibleApp":	"hello_world",
					"domType":	"mssDomain",
					"arch":	"32-bit",
					"appSettings":	{
						"appCompilerFlags":	"",
						"appLinkerFlags":	""
					},
					"addedLibs":	[],
					"libOptions":	{
						"libsContainingOptions":	[]
					},
					"prebuiltLibs":	{
						"prebuiltIncPath":	[],
						"prebuiltLibPath":	[]
					},
					"isolation":	{
					}
				}]
		}]
}
LOG::2026-05-26.15:28:47::SCWPlatform::Started generating the artifacts platform micBlazeAppTop
TRACE::2026-05-26.15:28:47::SCWPlatform::Sanity checking of platform is completed
LOG::2026-05-26.15:28:47::SCWPlatform::Started generating the artifacts for system configuration micBlazeAppTop
LOG::2026-05-26.15:28:47::SCWSystem::Checking the domain standalone_microblaze_0
LOG::2026-05-26.15:28:47::SCWSystem::Not a boot domain 
LOG::2026-05-26.15:28:47::SCWSystem::Started Processing the domain standalone_microblaze_0
TRACE::2026-05-26.15:28:47::SCWDomain::Generating domain artifcats
TRACE::2026-05-26.15:28:47::SCWMssOS::Generating standalone artifcats
TRACE::2026-05-26.15:28:47::SCWMssOS:: Copying the user libraries. 
TRACE::2026-05-26.15:28:47::SCWPlatform::Trying to open the hw design at D:/vivado_pj/workspace_mb_spi/micBlazeAppTop/hw/micBlazeAppTop.xsa
TRACE::2026-05-26.15:28:47::SCWPlatform::DSA given D:/vivado_pj/workspace_mb_spi/micBlazeAppTop/hw/micBlazeAppTop.xsa
TRACE::2026-05-26.15:28:47::SCWPlatform::DSA absoulate path D:/vivado_pj/workspace_mb_spi/micBlazeAppTop/hw/micBlazeAppTop.xsa
TRACE::2026-05-26.15:28:47::SCWPlatform::DSA directory D:/vivado_pj/workspace_mb_spi/micBlazeAppTop/hw
TRACE::2026-05-26.15:28:47::SCWPlatform:: Platform Path D:/vivado_pj/workspace_mb_spi/micBlazeAppTop/hw/micBlazeAppTop.xsa
TRACE::2026-05-26.15:28:47::SCWPlatform:: Unique name xilinx:basys3::0.0
TRACE::2026-05-26.15:28:47::SCWPlatform::Trying to set the existing hwdb with name micBlazeAppTop_0
TRACE::2026-05-26.15:28:47::SCWPlatform::Opened existing hwdb micBlazeAppTop_0
TRACE::2026-05-26.15:28:47::SCWPlatform::Found the Hw Db part of the input DSA
TRACE::2026-05-26.15:28:47::SCWMssOS::Checking the sw design at  D:/vivado_pj/workspace_mb_spi/micBlazeAppTop/microblaze_0/standalone_microblaze_0/bsp/system.mss
TRACE::2026-05-26.15:28:47::SCWMssOS::DEBUG:  swdes dump  D:/vivado_pj/workspace_mb_spi/micBlazeAppTop/microblaze_0/standalone_microblaze_0/bsp/system.mss|system||

TRACE::2026-05-26.15:28:47::SCWMssOS::Sw design exists and opened at  D:/vivado_pj/workspace_mb_spi/micBlazeAppTop/microblaze_0/standalone_microblaze_0/bsp/system.mss
TRACE::2026-05-26.15:28:47::SCWMssOS::Completed writing the mss file at D:/vivado_pj/workspace_mb_spi/micBlazeAppTop/microblaze_0/standalone_microblaze_0/bsp
TRACE::2026-05-26.15:28:47::SCWMssOS::Mss edits present, copying mssfile into export location D:/vivado_pj/workspace_mb_spi/micBlazeAppTop/microblaze_0/standalone_microblaze_0/bsp/system.mss
TRACE::2026-05-26.15:28:47::SCWMssOS::bsp generated is upto date with the mss file. Skipping bsp generation.
TRACE::2026-05-26.15:28:47::SCWMssOS::BSP is already built. skipping the bsp build ... 
TRACE::2026-05-26.15:28:47::SCWDomain::Skipping the build for domain :  standalone_microblaze_0
TRACE::2026-05-26.15:28:47::SCWMssOS::skipping the bsp build ... 
TRACE::2026-05-26.15:28:47::SCWMssOS::Copying to export directory.
TRACE::2026-05-26.15:28:47::SCWMssOS:: Checking if to create the Supporting Applications
TRACE::2026-05-26.15:28:47::SCWMssOS:: No Linux domain exists, trying to generate FSBL 
LOG::2026-05-26.15:28:47::SCWSystem::Completed Processing the domain standalone_microblaze_0
LOG::2026-05-26.15:28:47::SCWSystem::Completed Processing the sysconfig micBlazeAppTop
LOG::2026-05-26.15:28:47::SCWPlatform::Completed generating the artifacts for system configuration micBlazeAppTop
TRACE::2026-05-26.15:28:47::SCWPlatform::Started preparing the platform 
TRACE::2026-05-26.15:28:47::SCWSystem::Writing the bif file for system config micBlazeAppTop
TRACE::2026-05-26.15:28:47::SCWSystem::dir created 
TRACE::2026-05-26.15:28:47::SCWSystem::Writing the bif 
TRACE::2026-05-26.15:28:47::SCWPlatform::Started writing the spfm file 
TRACE::2026-05-26.15:28:47::SCWPlatform::Started writing the xpfm file 
TRACE::2026-05-26.15:28:47::SCWPlatform::Completed generating the platform
TRACE::2026-05-26.15:28:47::SCWMssOS::Saving the mss changes D:/vivado_pj/workspace_mb_spi/micBlazeAppTop/microblaze_0/standalone_microblaze_0/bsp/system.mss
TRACE::2026-05-26.15:28:47::SCWMssOS::Found a swdesign opened with the mssfile.
TRACE::2026-05-26.15:28:47::SCWMssOS::Completed writemss as part of save.
TRACE::2026-05-26.15:28:47::SCWMssOS::Commit changes completed.
TRACE::2026-05-26.15:28:47::SCWPlatform::Trying to open the hw design at D:/vivado_pj/workspace_mb_spi/micBlazeAppTop/hw/micBlazeAppTop.xsa
TRACE::2026-05-26.15:28:47::SCWPlatform::DSA given D:/vivado_pj/workspace_mb_spi/micBlazeAppTop/hw/micBlazeAppTop.xsa
TRACE::2026-05-26.15:28:47::SCWPlatform::DSA absoulate path D:/vivado_pj/workspace_mb_spi/micBlazeAppTop/hw/micBlazeAppTop.xsa
TRACE::2026-05-26.15:28:47::SCWPlatform::DSA directory D:/vivado_pj/workspace_mb_spi/micBlazeAppTop/hw
TRACE::2026-05-26.15:28:47::SCWPlatform:: Platform Path D:/vivado_pj/workspace_mb_spi/micBlazeAppTop/hw/micBlazeAppTop.xsa
TRACE::2026-05-26.15:28:47::SCWPlatform:: Unique name xilinx:basys3::0.0
TRACE::2026-05-26.15:28:47::SCWPlatform::Trying to set the existing hwdb with name micBlazeAppTop_0
TRACE::2026-05-26.15:28:47::SCWPlatform::Opened existing hwdb micBlazeAppTop_0
TRACE::2026-05-26.15:28:47::SCWPlatform::Found the Hw Db part of the input DSA
TRACE::2026-05-26.15:28:47::SCWMssOS::Checking the sw design at  D:/vivado_pj/workspace_mb_spi/micBlazeAppTop/microblaze_0/standalone_microblaze_0/bsp/system.mss
TRACE::2026-05-26.15:28:47::SCWMssOS::DEBUG:  swdes dump  D:/vivado_pj/workspace_mb_spi/micBlazeAppTop/microblaze_0/standalone_microblaze_0/bsp/system.mss|system||

TRACE::2026-05-26.15:28:47::SCWMssOS::Sw design exists and opened at  D:/vivado_pj/workspace_mb_spi/micBlazeAppTop/microblaze_0/standalone_microblaze_0/bsp/system.mss
TRACE::2026-05-26.15:28:47::SCWPlatform::Trying to open the hw design at D:/vivado_pj/workspace_mb_spi/micBlazeAppTop/hw/micBlazeAppTop.xsa
TRACE::2026-05-26.15:28:47::SCWPlatform::DSA given D:/vivado_pj/workspace_mb_spi/micBlazeAppTop/hw/micBlazeAppTop.xsa
TRACE::2026-05-26.15:28:47::SCWPlatform::DSA absoulate path D:/vivado_pj/workspace_mb_spi/micBlazeAppTop/hw/micBlazeAppTop.xsa
TRACE::2026-05-26.15:28:47::SCWPlatform::DSA directory D:/vivado_pj/workspace_mb_spi/micBlazeAppTop/hw
TRACE::2026-05-26.15:28:47::SCWPlatform:: Platform Path D:/vivado_pj/workspace_mb_spi/micBlazeAppTop/hw/micBlazeAppTop.xsa
TRACE::2026-05-26.15:28:47::SCWPlatform:: Unique name xilinx:basys3::0.0
TRACE::2026-05-26.15:28:47::SCWPlatform::Trying to set the existing hwdb with name micBlazeAppTop_0
TRACE::2026-05-26.15:28:47::SCWPlatform::Opened existing hwdb micBlazeAppTop_0
TRACE::2026-05-26.15:28:47::SCWPlatform::Found the Hw Db part of the input DSA
TRACE::2026-05-26.15:28:47::SCWMssOS::Checking the sw design at  D:/vivado_pj/workspace_mb_spi/micBlazeAppTop/microblaze_0/standalone_microblaze_0/bsp/system.mss
TRACE::2026-05-26.15:28:47::SCWMssOS::DEBUG:  swdes dump  D:/vivado_pj/workspace_mb_spi/micBlazeAppTop/microblaze_0/standalone_microblaze_0/bsp/system.mss|system||

TRACE::2026-05-26.15:28:47::SCWMssOS::Sw design exists and opened at  D:/vivado_pj/workspace_mb_spi/micBlazeAppTop/microblaze_0/standalone_microblaze_0/bsp/system.mss
TRACE::2026-05-26.15:28:47::SCWPlatform::Trying to open the hw design at D:/vivado_pj/workspace_mb_spi/micBlazeAppTop/hw/micBlazeAppTop.xsa
TRACE::2026-05-26.15:28:47::SCWPlatform::DSA given D:/vivado_pj/workspace_mb_spi/micBlazeAppTop/hw/micBlazeAppTop.xsa
TRACE::2026-05-26.15:28:47::SCWPlatform::DSA absoulate path D:/vivado_pj/workspace_mb_spi/micBlazeAppTop/hw/micBlazeAppTop.xsa
TRACE::2026-05-26.15:28:47::SCWPlatform::DSA directory D:/vivado_pj/workspace_mb_spi/micBlazeAppTop/hw
TRACE::2026-05-26.15:28:47::SCWPlatform:: Platform Path D:/vivado_pj/workspace_mb_spi/micBlazeAppTop/hw/micBlazeAppTop.xsa
TRACE::2026-05-26.15:28:47::SCWPlatform:: Unique name xilinx:basys3::0.0
TRACE::2026-05-26.15:28:47::SCWPlatform::Trying to set the existing hwdb with name micBlazeAppTop_0
TRACE::2026-05-26.15:28:47::SCWPlatform::Opened existing hwdb micBlazeAppTop_0
TRACE::2026-05-26.15:28:47::SCWPlatform::Found the Hw Db part of the input DSA
TRACE::2026-05-26.15:28:47::SCWMssOS::Checking the sw design at  D:/vivado_pj/workspace_mb_spi/micBlazeAppTop/microblaze_0/standalone_microblaze_0/bsp/system.mss
TRACE::2026-05-26.15:28:47::SCWMssOS::DEBUG:  swdes dump  D:/vivado_pj/workspace_mb_spi/micBlazeAppTop/microblaze_0/standalone_microblaze_0/bsp/system.mss|system||

TRACE::2026-05-26.15:28:47::SCWMssOS::Sw design exists and opened at  D:/vivado_pj/workspace_mb_spi/micBlazeAppTop/microblaze_0/standalone_microblaze_0/bsp/system.mss
TRACE::2026-05-26.15:28:47::SCWWriter::formatted JSON is {
	"platformName":	"micBlazeAppTop",
	"sprVersion":	"2.0",
	"mode":	"gui",
	"dsaType":	"Fixed",
	"platformDesc":	"micBlazeAppTop",
	"platHandOff":	"D:/vivado_pj/project_mb_spi_2023/micBlazeAppTop.xsa",
	"platIntHandOff":	"<platformDir>/hw/micBlazeAppTop.xsa",
	"deviceType":	"FPGA",
	"platIsPrebuiltAutogen":	"false",
	"platIsNoBootBsp":	"false",
	"hasFsblMakeHasChanges":	"false",
	"hasPmufwMakeHasChanges":	"false",
	"platPreBuiltFlag":	false,
	"platformSamplesDir":	"",
	"platActiveSys":	"micBlazeAppTop",
	"systems":	[{
			"systemName":	"micBlazeAppTop",
			"systemDesc":	"micBlazeAppTop",
			"sysIsBootAutoGen":	"true",
			"systemDispName":	"micBlazeAppTop",
			"sysActiveDom":	"standalone_microblaze_0",
			"sysDefaultDom":	"standalone_microblaze_0",
			"domains":	[{
					"domainName":	"standalone_microblaze_0",
					"domainDispName":	"standalone_microblaze_0",
					"domainDesc":	"standalone_microblaze_0",
					"processors":	"microblaze_0",
					"os":	"standalone",
					"sdxOs":	"standalone",
					"debugEnable":	"False",
					"domRuntimes":	["cpp"],
					"swRepo":	"",
					"mssOsVer":	"8.1",
					"mssFile":	"",
					"md5Digest":	"7cffafe3951124612033956a777b81f2",
					"compatibleApp":	"hello_world",
					"domType":	"mssDomain",
					"arch":	"32-bit",
					"appSettings":	{
						"appCompilerFlags":	"",
						"appLinkerFlags":	""
					},
					"addedLibs":	[],
					"libOptions":	{
						"libsContainingOptions":	[]
					},
					"prebuiltLibs":	{
						"prebuiltIncPath":	[],
						"prebuiltLibPath":	[]
					},
					"isolation":	{
					}
				}]
		}]
}
KEYINFO::2026-05-26.15:28:47::SCWPlatform::updated the xpfm file.
TRACE::2026-05-26.15:28:48::SCWPlatform::Trying to open the hw design at D:/vivado_pj/workspace_mb_spi/micBlazeAppTop/hw/micBlazeAppTop.xsa
TRACE::2026-05-26.15:28:48::SCWPlatform::DSA given D:/vivado_pj/workspace_mb_spi/micBlazeAppTop/hw/micBlazeAppTop.xsa
TRACE::2026-05-26.15:28:48::SCWPlatform::DSA absoulate path D:/vivado_pj/workspace_mb_spi/micBlazeAppTop/hw/micBlazeAppTop.xsa
TRACE::2026-05-26.15:28:48::SCWPlatform::DSA directory D:/vivado_pj/workspace_mb_spi/micBlazeAppTop/hw
TRACE::2026-05-26.15:28:48::SCWPlatform:: Platform Path D:/vivado_pj/workspace_mb_spi/micBlazeAppTop/hw/micBlazeAppTop.xsa
TRACE::2026-05-26.15:28:48::SCWPlatform:: Unique name xilinx:basys3::0.0
TRACE::2026-05-26.15:28:48::SCWPlatform::Trying to set the existing hwdb with name micBlazeAppTop_0
TRACE::2026-05-26.15:28:48::SCWPlatform::Opened existing hwdb micBlazeAppTop_0
TRACE::2026-05-26.15:28:48::SCWPlatform::Found the Hw Db part of the input DSA
TRACE::2026-05-26.15:28:48::SCWMssOS::Checking the sw design at  D:/vivado_pj/workspace_mb_spi/micBlazeAppTop/microblaze_0/standalone_microblaze_0/bsp/system.mss
TRACE::2026-05-26.15:28:48::SCWMssOS::DEBUG:  swdes dump  D:/vivado_pj/workspace_mb_spi/micBlazeAppTop/microblaze_0/standalone_microblaze_0/bsp/system.mss|system||

TRACE::2026-05-26.15:28:48::SCWMssOS::Sw design exists and opened at  D:/vivado_pj/workspace_mb_spi/micBlazeAppTop/microblaze_0/standalone_microblaze_0/bsp/system.mss
TRACE::2026-05-26.15:28:48::SCWMssOS::Saving the mss changes D:/vivado_pj/workspace_mb_spi/micBlazeAppTop/microblaze_0/standalone_microblaze_0/bsp/system.mss
TRACE::2026-05-26.15:28:48::SCWMssOS::Found a swdesign opened with the mssfile.
TRACE::2026-05-26.15:28:48::SCWMssOS::Completed writemss as part of save.
TRACE::2026-05-26.15:28:48::SCWMssOS::Commit changes completed.
TRACE::2026-05-26.15:28:48::SCWPlatform::Trying to open the hw design at D:/vivado_pj/workspace_mb_spi/micBlazeAppTop/hw/micBlazeAppTop.xsa
TRACE::2026-05-26.15:28:48::SCWPlatform::DSA given D:/vivado_pj/workspace_mb_spi/micBlazeAppTop/hw/micBlazeAppTop.xsa
TRACE::2026-05-26.15:28:48::SCWPlatform::DSA absoulate path D:/vivado_pj/workspace_mb_spi/micBlazeAppTop/hw/micBlazeAppTop.xsa
TRACE::2026-05-26.15:28:48::SCWPlatform::DSA directory D:/vivado_pj/workspace_mb_spi/micBlazeAppTop/hw
TRACE::2026-05-26.15:28:48::SCWPlatform:: Platform Path D:/vivado_pj/workspace_mb_spi/micBlazeAppTop/hw/micBlazeAppTop.xsa
TRACE::2026-05-26.15:28:48::SCWPlatform:: Unique name xilinx:basys3::0.0
TRACE::2026-05-26.15:28:48::SCWPlatform::Trying to set the existing hwdb with name micBlazeAppTop_0
TRACE::2026-05-26.15:28:48::SCWPlatform::Opened existing hwdb micBlazeAppTop_0
TRACE::2026-05-26.15:28:48::SCWPlatform::Found the Hw Db part of the input DSA
TRACE::2026-05-26.15:28:48::SCWMssOS::Checking the sw design at  D:/vivado_pj/workspace_mb_spi/micBlazeAppTop/microblaze_0/standalone_microblaze_0/bsp/system.mss
TRACE::2026-05-26.15:28:48::SCWMssOS::DEBUG:  swdes dump  D:/vivado_pj/workspace_mb_spi/micBlazeAppTop/microblaze_0/standalone_microblaze_0/bsp/system.mss|system||

TRACE::2026-05-26.15:28:48::SCWMssOS::Sw design exists and opened at  D:/vivado_pj/workspace_mb_spi/micBlazeAppTop/microblaze_0/standalone_microblaze_0/bsp/system.mss
TRACE::2026-05-26.15:28:48::SCWPlatform::Trying to open the hw design at D:/vivado_pj/workspace_mb_spi/micBlazeAppTop/hw/micBlazeAppTop.xsa
TRACE::2026-05-26.15:28:48::SCWPlatform::DSA given D:/vivado_pj/workspace_mb_spi/micBlazeAppTop/hw/micBlazeAppTop.xsa
TRACE::2026-05-26.15:28:48::SCWPlatform::DSA absoulate path D:/vivado_pj/workspace_mb_spi/micBlazeAppTop/hw/micBlazeAppTop.xsa
TRACE::2026-05-26.15:28:48::SCWPlatform::DSA directory D:/vivado_pj/workspace_mb_spi/micBlazeAppTop/hw
TRACE::2026-05-26.15:28:48::SCWPlatform:: Platform Path D:/vivado_pj/workspace_mb_spi/micBlazeAppTop/hw/micBlazeAppTop.xsa
TRACE::2026-05-26.15:28:48::SCWPlatform:: Unique name xilinx:basys3::0.0
TRACE::2026-05-26.15:28:48::SCWPlatform::Trying to set the existing hwdb with name micBlazeAppTop_0
TRACE::2026-05-26.15:28:48::SCWPlatform::Opened existing hwdb micBlazeAppTop_0
TRACE::2026-05-26.15:28:48::SCWPlatform::Found the Hw Db part of the input DSA
TRACE::2026-05-26.15:28:48::SCWMssOS::Checking the sw design at  D:/vivado_pj/workspace_mb_spi/micBlazeAppTop/microblaze_0/standalone_microblaze_0/bsp/system.mss
TRACE::2026-05-26.15:28:48::SCWMssOS::DEBUG:  swdes dump  D:/vivado_pj/workspace_mb_spi/micBlazeAppTop/microblaze_0/standalone_microblaze_0/bsp/system.mss|system||

TRACE::2026-05-26.15:28:48::SCWMssOS::Sw design exists and opened at  D:/vivado_pj/workspace_mb_spi/micBlazeAppTop/microblaze_0/standalone_microblaze_0/bsp/system.mss
TRACE::2026-05-26.15:28:48::SCWPlatform::Trying to open the hw design at D:/vivado_pj/workspace_mb_spi/micBlazeAppTop/hw/micBlazeAppTop.xsa
TRACE::2026-05-26.15:28:48::SCWPlatform::DSA given D:/vivado_pj/workspace_mb_spi/micBlazeAppTop/hw/micBlazeAppTop.xsa
TRACE::2026-05-26.15:28:48::SCWPlatform::DSA absoulate path D:/vivado_pj/workspace_mb_spi/micBlazeAppTop/hw/micBlazeAppTop.xsa
TRACE::2026-05-26.15:28:48::SCWPlatform::DSA directory D:/vivado_pj/workspace_mb_spi/micBlazeAppTop/hw
TRACE::2026-05-26.15:28:48::SCWPlatform:: Platform Path D:/vivado_pj/workspace_mb_spi/micBlazeAppTop/hw/micBlazeAppTop.xsa
TRACE::2026-05-26.15:28:48::SCWPlatform:: Unique name xilinx:basys3::0.0
TRACE::2026-05-26.15:28:48::SCWPlatform::Trying to set the existing hwdb with name micBlazeAppTop_0
TRACE::2026-05-26.15:28:48::SCWPlatform::Opened existing hwdb micBlazeAppTop_0
TRACE::2026-05-26.15:28:48::SCWPlatform::Found the Hw Db part of the input DSA
TRACE::2026-05-26.15:28:48::SCWMssOS::Checking the sw design at  D:/vivado_pj/workspace_mb_spi/micBlazeAppTop/microblaze_0/standalone_microblaze_0/bsp/system.mss
TRACE::2026-05-26.15:28:48::SCWMssOS::DEBUG:  swdes dump  D:/vivado_pj/workspace_mb_spi/micBlazeAppTop/microblaze_0/standalone_microblaze_0/bsp/system.mss|system||

TRACE::2026-05-26.15:28:48::SCWMssOS::Sw design exists and opened at  D:/vivado_pj/workspace_mb_spi/micBlazeAppTop/microblaze_0/standalone_microblaze_0/bsp/system.mss
TRACE::2026-05-26.15:28:48::SCWWriter::formatted JSON is {
	"platformName":	"micBlazeAppTop",
	"sprVersion":	"2.0",
	"mode":	"gui",
	"dsaType":	"Fixed",
	"platformDesc":	"micBlazeAppTop",
	"platHandOff":	"D:/vivado_pj/project_mb_spi_2023/micBlazeAppTop.xsa",
	"platIntHandOff":	"<platformDir>/hw/micBlazeAppTop.xsa",
	"deviceType":	"FPGA",
	"platIsPrebuiltAutogen":	"false",
	"platIsNoBootBsp":	"false",
	"hasFsblMakeHasChanges":	"false",
	"hasPmufwMakeHasChanges":	"false",
	"platPreBuiltFlag":	false,
	"platformSamplesDir":	"",
	"platActiveSys":	"micBlazeAppTop",
	"systems":	[{
			"systemName":	"micBlazeAppTop",
			"systemDesc":	"micBlazeAppTop",
			"sysIsBootAutoGen":	"true",
			"systemDispName":	"micBlazeAppTop",
			"sysActiveDom":	"standalone_microblaze_0",
			"sysDefaultDom":	"standalone_microblaze_0",
			"domains":	[{
					"domainName":	"standalone_microblaze_0",
					"domainDispName":	"standalone_microblaze_0",
					"domainDesc":	"standalone_microblaze_0",
					"processors":	"microblaze_0",
					"os":	"standalone",
					"sdxOs":	"standalone",
					"debugEnable":	"False",
					"domRuntimes":	["cpp"],
					"swRepo":	"",
					"mssOsVer":	"8.1",
					"mssFile":	"",
					"md5Digest":	"7cffafe3951124612033956a777b81f2",
					"compatibleApp":	"hello_world",
					"domType":	"mssDomain",
					"arch":	"32-bit",
					"appSettings":	{
						"appCompilerFlags":	"",
						"appLinkerFlags":	""
					},
					"addedLibs":	[],
					"libOptions":	{
						"libsContainingOptions":	[]
					},
					"prebuiltLibs":	{
						"prebuiltIncPath":	[],
						"prebuiltLibPath":	[]
					},
					"isolation":	{
					}
				}]
		}]
}
TRACE::2026-05-26.15:28:48::SCWPlatform::Trying to open the hw design at D:/vivado_pj/workspace_mb_spi/micBlazeAppTop/hw/micBlazeAppTop.xsa
TRACE::2026-05-26.15:28:48::SCWPlatform::DSA given D:/vivado_pj/workspace_mb_spi/micBlazeAppTop/hw/micBlazeAppTop.xsa
TRACE::2026-05-26.15:28:48::SCWPlatform::DSA absoulate path D:/vivado_pj/workspace_mb_spi/micBlazeAppTop/hw/micBlazeAppTop.xsa
TRACE::2026-05-26.15:28:48::SCWPlatform::DSA directory D:/vivado_pj/workspace_mb_spi/micBlazeAppTop/hw
TRACE::2026-05-26.15:28:48::SCWPlatform:: Platform Path D:/vivado_pj/workspace_mb_spi/micBlazeAppTop/hw/micBlazeAppTop.xsa
TRACE::2026-05-26.15:28:48::SCWPlatform:: Unique name xilinx:basys3::0.0
TRACE::2026-05-26.15:28:48::SCWPlatform::Trying to set the existing hwdb with name micBlazeAppTop_0
TRACE::2026-05-26.15:28:48::SCWPlatform::Opened existing hwdb micBlazeAppTop_0
TRACE::2026-05-26.15:28:48::SCWPlatform::Found the Hw Db part of the input DSA
TRACE::2026-05-26.15:28:48::SCWMssOS::Checking the sw design at  D:/vivado_pj/workspace_mb_spi/micBlazeAppTop/microblaze_0/standalone_microblaze_0/bsp/system.mss
TRACE::2026-05-26.15:28:48::SCWMssOS::DEBUG:  swdes dump  D:/vivado_pj/workspace_mb_spi/micBlazeAppTop/microblaze_0/standalone_microblaze_0/bsp/system.mss|system||

TRACE::2026-05-26.15:28:48::SCWMssOS::Sw design exists and opened at  D:/vivado_pj/workspace_mb_spi/micBlazeAppTop/microblaze_0/standalone_microblaze_0/bsp/system.mss
TRACE::2026-05-26.15:28:48::SCWPlatform::Trying to open the hw design at D:/vivado_pj/workspace_mb_spi/micBlazeAppTop/hw/micBlazeAppTop.xsa
TRACE::2026-05-26.15:28:48::SCWPlatform::DSA given D:/vivado_pj/workspace_mb_spi/micBlazeAppTop/hw/micBlazeAppTop.xsa
TRACE::2026-05-26.15:28:48::SCWPlatform::DSA absoulate path D:/vivado_pj/workspace_mb_spi/micBlazeAppTop/hw/micBlazeAppTop.xsa
TRACE::2026-05-26.15:28:48::SCWPlatform::DSA directory D:/vivado_pj/workspace_mb_spi/micBlazeAppTop/hw
TRACE::2026-05-26.15:28:48::SCWPlatform:: Platform Path D:/vivado_pj/workspace_mb_spi/micBlazeAppTop/hw/micBlazeAppTop.xsa
TRACE::2026-05-26.15:28:48::SCWPlatform:: Unique name xilinx:basys3::0.0
TRACE::2026-05-26.15:28:48::SCWPlatform::Trying to set the existing hwdb with name micBlazeAppTop_0
TRACE::2026-05-26.15:28:48::SCWPlatform::Opened existing hwdb micBlazeAppTop_0
TRACE::2026-05-26.15:28:48::SCWPlatform::Found the Hw Db part of the input DSA
TRACE::2026-05-26.15:28:48::SCWMssOS::Checking the sw design at  D:/vivado_pj/workspace_mb_spi/micBlazeAppTop/microblaze_0/standalone_microblaze_0/bsp/system.mss
TRACE::2026-05-26.15:28:48::SCWMssOS::DEBUG:  swdes dump  D:/vivado_pj/workspace_mb_spi/micBlazeAppTop/microblaze_0/standalone_microblaze_0/bsp/system.mss|system||

TRACE::2026-05-26.15:28:48::SCWMssOS::Sw design exists and opened at  D:/vivado_pj/workspace_mb_spi/micBlazeAppTop/microblaze_0/standalone_microblaze_0/bsp/system.mss
TRACE::2026-05-26.15:28:48::SCWMssOS::Saving the mss changes D:/vivado_pj/workspace_mb_spi/micBlazeAppTop/microblaze_0/standalone_microblaze_0/bsp/system.mss
TRACE::2026-05-26.15:28:48::SCWMssOS::Found a swdesign opened with the mssfile.
TRACE::2026-05-26.15:28:48::SCWMssOS::Completed writemss as part of save.
TRACE::2026-05-26.15:28:48::SCWMssOS::Commit changes completed.
TRACE::2026-05-26.15:28:48::SCWPlatform::Trying to open the hw design at D:/vivado_pj/workspace_mb_spi/micBlazeAppTop/hw/micBlazeAppTop.xsa
TRACE::2026-05-26.15:28:48::SCWPlatform::DSA given D:/vivado_pj/workspace_mb_spi/micBlazeAppTop/hw/micBlazeAppTop.xsa
TRACE::2026-05-26.15:28:48::SCWPlatform::DSA absoulate path D:/vivado_pj/workspace_mb_spi/micBlazeAppTop/hw/micBlazeAppTop.xsa
TRACE::2026-05-26.15:28:48::SCWPlatform::DSA directory D:/vivado_pj/workspace_mb_spi/micBlazeAppTop/hw
TRACE::2026-05-26.15:28:48::SCWPlatform:: Platform Path D:/vivado_pj/workspace_mb_spi/micBlazeAppTop/hw/micBlazeAppTop.xsa
TRACE::2026-05-26.15:28:48::SCWPlatform:: Unique name xilinx:basys3::0.0
TRACE::2026-05-26.15:28:48::SCWPlatform::Trying to set the existing hwdb with name micBlazeAppTop_0
TRACE::2026-05-26.15:28:48::SCWPlatform::Opened existing hwdb micBlazeAppTop_0
TRACE::2026-05-26.15:28:48::SCWPlatform::Found the Hw Db part of the input DSA
TRACE::2026-05-26.15:28:48::SCWMssOS::Checking the sw design at  D:/vivado_pj/workspace_mb_spi/micBlazeAppTop/microblaze_0/standalone_microblaze_0/bsp/system.mss
TRACE::2026-05-26.15:28:48::SCWMssOS::DEBUG:  swdes dump  D:/vivado_pj/workspace_mb_spi/micBlazeAppTop/microblaze_0/standalone_microblaze_0/bsp/system.mss|system||

TRACE::2026-05-26.15:28:48::SCWMssOS::Sw design exists and opened at  D:/vivado_pj/workspace_mb_spi/micBlazeAppTop/microblaze_0/standalone_microblaze_0/bsp/system.mss
TRACE::2026-05-26.15:28:48::SCWPlatform::Trying to open the hw design at D:/vivado_pj/workspace_mb_spi/micBlazeAppTop/hw/micBlazeAppTop.xsa
TRACE::2026-05-26.15:28:48::SCWPlatform::DSA given D:/vivado_pj/workspace_mb_spi/micBlazeAppTop/hw/micBlazeAppTop.xsa
TRACE::2026-05-26.15:28:48::SCWPlatform::DSA absoulate path D:/vivado_pj/workspace_mb_spi/micBlazeAppTop/hw/micBlazeAppTop.xsa
TRACE::2026-05-26.15:28:48::SCWPlatform::DSA directory D:/vivado_pj/workspace_mb_spi/micBlazeAppTop/hw
TRACE::2026-05-26.15:28:48::SCWPlatform:: Platform Path D:/vivado_pj/workspace_mb_spi/micBlazeAppTop/hw/micBlazeAppTop.xsa
TRACE::2026-05-26.15:28:48::SCWPlatform:: Unique name xilinx:basys3::0.0
TRACE::2026-05-26.15:28:48::SCWPlatform::Trying to set the existing hwdb with name micBlazeAppTop_0
TRACE::2026-05-26.15:28:48::SCWPlatform::Opened existing hwdb micBlazeAppTop_0
TRACE::2026-05-26.15:28:48::SCWPlatform::Found the Hw Db part of the input DSA
TRACE::2026-05-26.15:28:48::SCWMssOS::Checking the sw design at  D:/vivado_pj/workspace_mb_spi/micBlazeAppTop/microblaze_0/standalone_microblaze_0/bsp/system.mss
TRACE::2026-05-26.15:28:48::SCWMssOS::DEBUG:  swdes dump  D:/vivado_pj/workspace_mb_spi/micBlazeAppTop/microblaze_0/standalone_microblaze_0/bsp/system.mss|system||

TRACE::2026-05-26.15:28:48::SCWMssOS::Sw design exists and opened at  D:/vivado_pj/workspace_mb_spi/micBlazeAppTop/microblaze_0/standalone_microblaze_0/bsp/system.mss
TRACE::2026-05-26.15:28:48::SCWPlatform::Trying to open the hw design at D:/vivado_pj/workspace_mb_spi/micBlazeAppTop/hw/micBlazeAppTop.xsa
TRACE::2026-05-26.15:28:48::SCWPlatform::DSA given D:/vivado_pj/workspace_mb_spi/micBlazeAppTop/hw/micBlazeAppTop.xsa
TRACE::2026-05-26.15:28:48::SCWPlatform::DSA absoulate path D:/vivado_pj/workspace_mb_spi/micBlazeAppTop/hw/micBlazeAppTop.xsa
TRACE::2026-05-26.15:28:48::SCWPlatform::DSA directory D:/vivado_pj/workspace_mb_spi/micBlazeAppTop/hw
TRACE::2026-05-26.15:28:48::SCWPlatform:: Platform Path D:/vivado_pj/workspace_mb_spi/micBlazeAppTop/hw/micBlazeAppTop.xsa
TRACE::2026-05-26.15:28:48::SCWPlatform:: Unique name xilinx:basys3::0.0
TRACE::2026-05-26.15:28:48::SCWPlatform::Trying to set the existing hwdb with name micBlazeAppTop_0
TRACE::2026-05-26.15:28:48::SCWPlatform::Opened existing hwdb micBlazeAppTop_0
TRACE::2026-05-26.15:28:48::SCWPlatform::Found the Hw Db part of the input DSA
TRACE::2026-05-26.15:28:48::SCWMssOS::Checking the sw design at  D:/vivado_pj/workspace_mb_spi/micBlazeAppTop/microblaze_0/standalone_microblaze_0/bsp/system.mss
TRACE::2026-05-26.15:28:48::SCWMssOS::DEBUG:  swdes dump  D:/vivado_pj/workspace_mb_spi/micBlazeAppTop/microblaze_0/standalone_microblaze_0/bsp/system.mss|system||

TRACE::2026-05-26.15:28:48::SCWMssOS::Sw design exists and opened at  D:/vivado_pj/workspace_mb_spi/micBlazeAppTop/microblaze_0/standalone_microblaze_0/bsp/system.mss
TRACE::2026-05-26.15:28:48::SCWWriter::formatted JSON is {
	"platformName":	"micBlazeAppTop",
	"sprVersion":	"2.0",
	"mode":	"gui",
	"dsaType":	"Fixed",
	"platformDesc":	"micBlazeAppTop",
	"platHandOff":	"D:/vivado_pj/project_mb_spi_2023/micBlazeAppTop.xsa",
	"platIntHandOff":	"<platformDir>/hw/micBlazeAppTop.xsa",
	"deviceType":	"FPGA",
	"platIsPrebuiltAutogen":	"false",
	"platIsNoBootBsp":	"false",
	"hasFsblMakeHasChanges":	"false",
	"hasPmufwMakeHasChanges":	"false",
	"platPreBuiltFlag":	false,
	"platformSamplesDir":	"",
	"platActiveSys":	"micBlazeAppTop",
	"systems":	[{
			"systemName":	"micBlazeAppTop",
			"systemDesc":	"micBlazeAppTop",
			"sysIsBootAutoGen":	"true",
			"systemDispName":	"micBlazeAppTop",
			"sysActiveDom":	"standalone_microblaze_0",
			"sysDefaultDom":	"standalone_microblaze_0",
			"domains":	[{
					"domainName":	"standalone_microblaze_0",
					"domainDispName":	"standalone_microblaze_0",
					"domainDesc":	"standalone_microblaze_0",
					"processors":	"microblaze_0",
					"os":	"standalone",
					"sdxOs":	"standalone",
					"debugEnable":	"False",
					"domRuntimes":	["cpp"],
					"swRepo":	"",
					"mssOsVer":	"8.1",
					"mssFile":	"",
					"md5Digest":	"7cffafe3951124612033956a777b81f2",
					"compatibleApp":	"hello_world",
					"domType":	"mssDomain",
					"arch":	"32-bit",
					"appSettings":	{
						"appCompilerFlags":	"",
						"appLinkerFlags":	""
					},
					"addedLibs":	[],
					"libOptions":	{
						"libsContainingOptions":	[]
					},
					"prebuiltLibs":	{
						"prebuiltIncPath":	[],
						"prebuiltLibPath":	[]
					},
					"isolation":	{
					}
				}]
		}]
}
LOG::2026-05-26.15:28:48::SCWPlatform::Started generating the artifacts platform micBlazeAppTop
TRACE::2026-05-26.15:28:48::SCWPlatform::Sanity checking of platform is completed
LOG::2026-05-26.15:28:48::SCWPlatform::Started generating the artifacts for system configuration micBlazeAppTop
LOG::2026-05-26.15:28:48::SCWSystem::Started Processing the domain standalone_microblaze_0
TRACE::2026-05-26.15:28:48::SCWDomain::Generating domain artifcats
TRACE::2026-05-26.15:28:48::SCWMssOS::Generating standalone artifcats
TRACE::2026-05-26.15:28:48::SCWMssOS:: Copying the user libraries. 
TRACE::2026-05-26.15:28:48::SCWPlatform::Trying to open the hw design at D:/vivado_pj/workspace_mb_spi/micBlazeAppTop/hw/micBlazeAppTop.xsa
TRACE::2026-05-26.15:28:48::SCWPlatform::DSA given D:/vivado_pj/workspace_mb_spi/micBlazeAppTop/hw/micBlazeAppTop.xsa
TRACE::2026-05-26.15:28:48::SCWPlatform::DSA absoulate path D:/vivado_pj/workspace_mb_spi/micBlazeAppTop/hw/micBlazeAppTop.xsa
TRACE::2026-05-26.15:28:48::SCWPlatform::DSA directory D:/vivado_pj/workspace_mb_spi/micBlazeAppTop/hw
TRACE::2026-05-26.15:28:48::SCWPlatform:: Platform Path D:/vivado_pj/workspace_mb_spi/micBlazeAppTop/hw/micBlazeAppTop.xsa
TRACE::2026-05-26.15:28:48::SCWPlatform:: Unique name xilinx:basys3::0.0
TRACE::2026-05-26.15:28:48::SCWPlatform::Trying to set the existing hwdb with name micBlazeAppTop_0
TRACE::2026-05-26.15:28:48::SCWPlatform::Opened existing hwdb micBlazeAppTop_0
TRACE::2026-05-26.15:28:48::SCWPlatform::Found the Hw Db part of the input DSA
TRACE::2026-05-26.15:28:48::SCWMssOS::Checking the sw design at  D:/vivado_pj/workspace_mb_spi/micBlazeAppTop/microblaze_0/standalone_microblaze_0/bsp/system.mss
TRACE::2026-05-26.15:28:48::SCWMssOS::DEBUG:  swdes dump  D:/vivado_pj/workspace_mb_spi/micBlazeAppTop/microblaze_0/standalone_microblaze_0/bsp/system.mss|system||

TRACE::2026-05-26.15:28:48::SCWMssOS::Sw design exists and opened at  D:/vivado_pj/workspace_mb_spi/micBlazeAppTop/microblaze_0/standalone_microblaze_0/bsp/system.mss
TRACE::2026-05-26.15:28:48::SCWMssOS::Completed writing the mss file at D:/vivado_pj/workspace_mb_spi/micBlazeAppTop/microblaze_0/standalone_microblaze_0/bsp
TRACE::2026-05-26.15:28:48::SCWMssOS::Mss edits present, copying mssfile into export location D:/vivado_pj/workspace_mb_spi/micBlazeAppTop/microblaze_0/standalone_microblaze_0/bsp/system.mss
TRACE::2026-05-26.15:28:48::SCWMssOS::bsp generated is upto date with the mss file. Skipping bsp generation.
TRACE::2026-05-26.15:28:48::SCWMssOS::BSP is already built. skipping the bsp build ... 
TRACE::2026-05-26.15:28:48::SCWDomain::Building the domain as part of full build :  standalone_microblaze_0
TRACE::2026-05-26.15:28:48::SCWMssOS::skipping the bsp build ... 
TRACE::2026-05-26.15:28:48::SCWMssOS::Copying to export directory.
TRACE::2026-05-26.15:28:48::SCWMssOS:: Checking if to create the Supporting Applications
TRACE::2026-05-26.15:28:48::SCWMssOS:: No Linux domain exists, trying to generate FSBL 
LOG::2026-05-26.15:28:48::SCWSystem::Completed Processing the domain standalone_microblaze_0
LOG::2026-05-26.15:28:48::SCWSystem::Completed Processing the sysconfig micBlazeAppTop
LOG::2026-05-26.15:28:48::SCWPlatform::Completed generating the artifacts for system configuration micBlazeAppTop
TRACE::2026-05-26.15:28:48::SCWPlatform::Started preparing the platform 
TRACE::2026-05-26.15:28:48::SCWSystem::Writing the bif file for system config micBlazeAppTop
TRACE::2026-05-26.15:28:48::SCWSystem::dir created 
TRACE::2026-05-26.15:28:48::SCWSystem::Writing the bif 
TRACE::2026-05-26.15:28:48::SCWPlatform::Started writing the spfm file 
TRACE::2026-05-26.15:28:48::SCWPlatform::Started writing the xpfm file 
TRACE::2026-05-26.15:28:48::SCWPlatform::Completed generating the platform
TRACE::2026-05-26.15:28:48::SCWMssOS::Saving the mss changes D:/vivado_pj/workspace_mb_spi/micBlazeAppTop/microblaze_0/standalone_microblaze_0/bsp/system.mss
TRACE::2026-05-26.15:28:48::SCWMssOS::Found a swdesign opened with the mssfile.
TRACE::2026-05-26.15:28:48::SCWMssOS::Completed writemss as part of save.
TRACE::2026-05-26.15:28:48::SCWMssOS::Commit changes completed.
TRACE::2026-05-26.15:28:48::SCWPlatform::Trying to open the hw design at D:/vivado_pj/workspace_mb_spi/micBlazeAppTop/hw/micBlazeAppTop.xsa
TRACE::2026-05-26.15:28:48::SCWPlatform::DSA given D:/vivado_pj/workspace_mb_spi/micBlazeAppTop/hw/micBlazeAppTop.xsa
TRACE::2026-05-26.15:28:48::SCWPlatform::DSA absoulate path D:/vivado_pj/workspace_mb_spi/micBlazeAppTop/hw/micBlazeAppTop.xsa
TRACE::2026-05-26.15:28:48::SCWPlatform::DSA directory D:/vivado_pj/workspace_mb_spi/micBlazeAppTop/hw
TRACE::2026-05-26.15:28:48::SCWPlatform:: Platform Path D:/vivado_pj/workspace_mb_spi/micBlazeAppTop/hw/micBlazeAppTop.xsa
TRACE::2026-05-26.15:28:48::SCWPlatform:: Unique name xilinx:basys3::0.0
TRACE::2026-05-26.15:28:48::SCWPlatform::Trying to set the existing hwdb with name micBlazeAppTop_0
TRACE::2026-05-26.15:28:48::SCWPlatform::Opened existing hwdb micBlazeAppTop_0
TRACE::2026-05-26.15:28:48::SCWPlatform::Found the Hw Db part of the input DSA
TRACE::2026-05-26.15:28:48::SCWMssOS::Checking the sw design at  D:/vivado_pj/workspace_mb_spi/micBlazeAppTop/microblaze_0/standalone_microblaze_0/bsp/system.mss
TRACE::2026-05-26.15:28:48::SCWMssOS::DEBUG:  swdes dump  D:/vivado_pj/workspace_mb_spi/micBlazeAppTop/microblaze_0/standalone_microblaze_0/bsp/system.mss|system||

TRACE::2026-05-26.15:28:48::SCWMssOS::Sw design exists and opened at  D:/vivado_pj/workspace_mb_spi/micBlazeAppTop/microblaze_0/standalone_microblaze_0/bsp/system.mss
TRACE::2026-05-26.15:28:48::SCWPlatform::Trying to open the hw design at D:/vivado_pj/workspace_mb_spi/micBlazeAppTop/hw/micBlazeAppTop.xsa
TRACE::2026-05-26.15:28:48::SCWPlatform::DSA given D:/vivado_pj/workspace_mb_spi/micBlazeAppTop/hw/micBlazeAppTop.xsa
TRACE::2026-05-26.15:28:48::SCWPlatform::DSA absoulate path D:/vivado_pj/workspace_mb_spi/micBlazeAppTop/hw/micBlazeAppTop.xsa
TRACE::2026-05-26.15:28:48::SCWPlatform::DSA directory D:/vivado_pj/workspace_mb_spi/micBlazeAppTop/hw
TRACE::2026-05-26.15:28:48::SCWPlatform:: Platform Path D:/vivado_pj/workspace_mb_spi/micBlazeAppTop/hw/micBlazeAppTop.xsa
TRACE::2026-05-26.15:28:48::SCWPlatform:: Unique name xilinx:basys3::0.0
TRACE::2026-05-26.15:28:48::SCWPlatform::Trying to set the existing hwdb with name micBlazeAppTop_0
TRACE::2026-05-26.15:28:48::SCWPlatform::Opened existing hwdb micBlazeAppTop_0
TRACE::2026-05-26.15:28:48::SCWPlatform::Found the Hw Db part of the input DSA
TRACE::2026-05-26.15:28:48::SCWMssOS::Checking the sw design at  D:/vivado_pj/workspace_mb_spi/micBlazeAppTop/microblaze_0/standalone_microblaze_0/bsp/system.mss
TRACE::2026-05-26.15:28:48::SCWMssOS::DEBUG:  swdes dump  D:/vivado_pj/workspace_mb_spi/micBlazeAppTop/microblaze_0/standalone_microblaze_0/bsp/system.mss|system||

TRACE::2026-05-26.15:28:48::SCWMssOS::Sw design exists and opened at  D:/vivado_pj/workspace_mb_spi/micBlazeAppTop/microblaze_0/standalone_microblaze_0/bsp/system.mss
TRACE::2026-05-26.15:28:48::SCWPlatform::Trying to open the hw design at D:/vivado_pj/workspace_mb_spi/micBlazeAppTop/hw/micBlazeAppTop.xsa
TRACE::2026-05-26.15:28:48::SCWPlatform::DSA given D:/vivado_pj/workspace_mb_spi/micBlazeAppTop/hw/micBlazeAppTop.xsa
TRACE::2026-05-26.15:28:48::SCWPlatform::DSA absoulate path D:/vivado_pj/workspace_mb_spi/micBlazeAppTop/hw/micBlazeAppTop.xsa
TRACE::2026-05-26.15:28:48::SCWPlatform::DSA directory D:/vivado_pj/workspace_mb_spi/micBlazeAppTop/hw
TRACE::2026-05-26.15:28:48::SCWPlatform:: Platform Path D:/vivado_pj/workspace_mb_spi/micBlazeAppTop/hw/micBlazeAppTop.xsa
TRACE::2026-05-26.15:28:48::SCWPlatform:: Unique name xilinx:basys3::0.0
TRACE::2026-05-26.15:28:48::SCWPlatform::Trying to set the existing hwdb with name micBlazeAppTop_0
TRACE::2026-05-26.15:28:48::SCWPlatform::Opened existing hwdb micBlazeAppTop_0
TRACE::2026-05-26.15:28:48::SCWPlatform::Found the Hw Db part of the input DSA
TRACE::2026-05-26.15:28:48::SCWMssOS::Checking the sw design at  D:/vivado_pj/workspace_mb_spi/micBlazeAppTop/microblaze_0/standalone_microblaze_0/bsp/system.mss
TRACE::2026-05-26.15:28:48::SCWMssOS::DEBUG:  swdes dump  D:/vivado_pj/workspace_mb_spi/micBlazeAppTop/microblaze_0/standalone_microblaze_0/bsp/system.mss|system||

TRACE::2026-05-26.15:28:48::SCWMssOS::Sw design exists and opened at  D:/vivado_pj/workspace_mb_spi/micBlazeAppTop/microblaze_0/standalone_microblaze_0/bsp/system.mss
TRACE::2026-05-26.15:28:48::SCWWriter::formatted JSON is {
	"platformName":	"micBlazeAppTop",
	"sprVersion":	"2.0",
	"mode":	"gui",
	"dsaType":	"Fixed",
	"platformDesc":	"micBlazeAppTop",
	"platHandOff":	"D:/vivado_pj/project_mb_spi_2023/micBlazeAppTop.xsa",
	"platIntHandOff":	"<platformDir>/hw/micBlazeAppTop.xsa",
	"deviceType":	"FPGA",
	"platIsPrebuiltAutogen":	"false",
	"platIsNoBootBsp":	"false",
	"hasFsblMakeHasChanges":	"false",
	"hasPmufwMakeHasChanges":	"false",
	"platPreBuiltFlag":	false,
	"platformSamplesDir":	"",
	"platActiveSys":	"micBlazeAppTop",
	"systems":	[{
			"systemName":	"micBlazeAppTop",
			"systemDesc":	"micBlazeAppTop",
			"sysIsBootAutoGen":	"true",
			"systemDispName":	"micBlazeAppTop",
			"sysActiveDom":	"standalone_microblaze_0",
			"sysDefaultDom":	"standalone_microblaze_0",
			"domains":	[{
					"domainName":	"standalone_microblaze_0",
					"domainDispName":	"standalone_microblaze_0",
					"domainDesc":	"standalone_microblaze_0",
					"processors":	"microblaze_0",
					"os":	"standalone",
					"sdxOs":	"standalone",
					"debugEnable":	"False",
					"domRuntimes":	["cpp"],
					"swRepo":	"",
					"mssOsVer":	"8.1",
					"mssFile":	"",
					"md5Digest":	"7cffafe3951124612033956a777b81f2",
					"compatibleApp":	"hello_world",
					"domType":	"mssDomain",
					"arch":	"32-bit",
					"appSettings":	{
						"appCompilerFlags":	"",
						"appLinkerFlags":	""
					},
					"addedLibs":	[],
					"libOptions":	{
						"libsContainingOptions":	[]
					},
					"prebuiltLibs":	{
						"prebuiltIncPath":	[],
						"prebuiltLibPath":	[]
					},
					"isolation":	{
					}
				}]
		}]
}
KEYINFO::2026-05-26.15:28:48::SCWPlatform::updated the xpfm file.
LOG::2026-05-26.15:30:04::SCWPlatform::Started generating the artifacts platform micBlazeAppTop
TRACE::2026-05-26.15:30:04::SCWPlatform::Sanity checking of platform is completed
LOG::2026-05-26.15:30:04::SCWPlatform::Started generating the artifacts for system configuration micBlazeAppTop
LOG::2026-05-26.15:30:04::SCWSystem::Checking the domain standalone_microblaze_0
LOG::2026-05-26.15:30:04::SCWSystem::Not a boot domain 
LOG::2026-05-26.15:30:04::SCWSystem::Started Processing the domain standalone_microblaze_0
TRACE::2026-05-26.15:30:04::SCWDomain::Generating domain artifcats
TRACE::2026-05-26.15:30:04::SCWMssOS::Generating standalone artifcats
TRACE::2026-05-26.15:30:04::SCWMssOS:: Copying the user libraries. 
TRACE::2026-05-26.15:30:04::SCWPlatform::Trying to open the hw design at D:/vivado_pj/workspace_mb_spi/micBlazeAppTop/hw/micBlazeAppTop.xsa
TRACE::2026-05-26.15:30:04::SCWPlatform::DSA given D:/vivado_pj/workspace_mb_spi/micBlazeAppTop/hw/micBlazeAppTop.xsa
TRACE::2026-05-26.15:30:04::SCWPlatform::DSA absoulate path D:/vivado_pj/workspace_mb_spi/micBlazeAppTop/hw/micBlazeAppTop.xsa
TRACE::2026-05-26.15:30:04::SCWPlatform::DSA directory D:/vivado_pj/workspace_mb_spi/micBlazeAppTop/hw
TRACE::2026-05-26.15:30:04::SCWPlatform:: Platform Path D:/vivado_pj/workspace_mb_spi/micBlazeAppTop/hw/micBlazeAppTop.xsa
TRACE::2026-05-26.15:30:04::SCWPlatform:: Unique name xilinx:basys3::0.0
TRACE::2026-05-26.15:30:04::SCWPlatform::Trying to set the existing hwdb with name micBlazeAppTop_0
TRACE::2026-05-26.15:30:04::SCWPlatform::Opened existing hwdb micBlazeAppTop_0
TRACE::2026-05-26.15:30:04::SCWPlatform::Found the Hw Db part of the input DSA
TRACE::2026-05-26.15:30:04::SCWMssOS::Checking the sw design at  D:/vivado_pj/workspace_mb_spi/micBlazeAppTop/microblaze_0/standalone_microblaze_0/bsp/system.mss
TRACE::2026-05-26.15:30:04::SCWMssOS::DEBUG:  swdes dump  D:/vivado_pj/workspace_mb_spi/micBlazeAppTop/microblaze_0/standalone_microblaze_0/bsp/system.mss|system||

TRACE::2026-05-26.15:30:04::SCWMssOS::Sw design exists and opened at  D:/vivado_pj/workspace_mb_spi/micBlazeAppTop/microblaze_0/standalone_microblaze_0/bsp/system.mss
TRACE::2026-05-26.15:30:04::SCWMssOS::Completed writing the mss file at D:/vivado_pj/workspace_mb_spi/micBlazeAppTop/microblaze_0/standalone_microblaze_0/bsp
TRACE::2026-05-26.15:30:04::SCWMssOS::Mss edits present, copying mssfile into export location D:/vivado_pj/workspace_mb_spi/micBlazeAppTop/microblaze_0/standalone_microblaze_0/bsp/system.mss
TRACE::2026-05-26.15:30:04::SCWMssOS::bsp generated is upto date with the mss file. Skipping bsp generation.
TRACE::2026-05-26.15:30:04::SCWMssOS::BSP is already built. skipping the bsp build ... 
TRACE::2026-05-26.15:30:04::SCWDomain::Building the domain as part of full build :  standalone_microblaze_0
TRACE::2026-05-26.15:30:04::SCWMssOS::doing bsp build ... 
TRACE::2026-05-26.15:30:04::SCWMssOS::System Command Ran  D: & cd  D:/vivado_pj/workspace_mb_spi/micBlazeAppTop/microblaze_0/standalone_microblaze_0/bsp & make 
TRACE::2026-05-26.15:30:05::SCWMssOS::make --no-print-directory seq_libs

TRACE::2026-05-26.15:30:05::SCWMssOS::'Finished building libraries sequentially.'

TRACE::2026-05-26.15:30:05::SCWMssOS::make -j 18 --no-print-directory par_libs

TRACE::2026-05-26.15:30:05::SCWMssOS::"Running Make include in microblaze_0/libsrc/bram_v4_8/src"

TRACE::2026-05-26.15:30:05::SCWMssOS::make -C microblaze_0/libsrc/bram_v4_8/src -s include  "SHELL=CMD" "COMPILER=mb-gcc" "ASSEMBLER=mb-as" "ARCHIVER=mb-ar" "COMPILE
TRACE::2026-05-26.15:30:05::SCWMssOS::R_FLAGS=  -O2 -c -mcpu=v11.0 -mlittle-endian -mxl-soft-mul" "EXTRA_COMPILER_FLAGS=-g -ffunction-sections -fdata-sections -Wall 
TRACE::2026-05-26.15:30:05::SCWMssOS::-Wextra -fno-tree-loop-distribute-patterns"

TRACE::2026-05-26.15:30:05::SCWMssOS::"Running Make include in microblaze_0/libsrc/cpu_v2_17/src"

TRACE::2026-05-26.15:30:05::SCWMssOS::make -C microblaze_0/libsrc/cpu_v2_17/src -s include  "SHELL=CMD" "COMPILER=mb-gcc" "ASSEMBLER=mb-as" "ARCHIVER=mb-ar" "COMPILE
TRACE::2026-05-26.15:30:05::SCWMssOS::R_FLAGS=  -O2 -c -mcpu=v11.0 -mlittle-endian -mxl-soft-mul" "EXTRA_COMPILER_FLAGS=-g -ffunction-sections -fdata-sections -Wall 
TRACE::2026-05-26.15:30:05::SCWMssOS::-Wextra -fno-tree-loop-distribute-patterns"

TRACE::2026-05-26.15:30:05::SCWMssOS::"Running Make include in microblaze_0/libsrc/gpio_v4_9/src"

TRACE::2026-05-26.15:30:05::SCWMssOS::make -C microblaze_0/libsrc/gpio_v4_9/src -s include  "SHELL=CMD" "COMPILER=mb-gcc" "ASSEMBLER=mb-as" "ARCHIVER=mb-ar" "COMPILE
TRACE::2026-05-26.15:30:05::SCWMssOS::R_FLAGS=  -O2 -c -mcpu=v11.0 -mlittle-endian -mxl-soft-mul" "EXTRA_COMPILER_FLAGS=-g -ffunction-sections -fdata-sections -Wall 
TRACE::2026-05-26.15:30:05::SCWMssOS::-Wextra -fno-tree-loop-distribute-patterns"

TRACE::2026-05-26.15:30:05::SCWMssOS::"Running Make include in microblaze_0/libsrc/intc_v3_16/src"

TRACE::2026-05-26.15:30:05::SCWMssOS::make -C microblaze_0/libsrc/intc_v3_16/src -s include  "SHELL=CMD" "COMPILER=mb-gcc" "ASSEMBLER=mb-as" "ARCHIVER=mb-ar" "COMPIL
TRACE::2026-05-26.15:30:05::SCWMssOS::ER_FLAGS=  -O2 -c -mcpu=v11.0 -mlittle-endian -mxl-soft-mul" "EXTRA_COMPILER_FLAGS=-g -ffunction-sections -fdata-sections -Wall
TRACE::2026-05-26.15:30:05::SCWMssOS:: -Wextra -fno-tree-loop-distribute-patterns"

TRACE::2026-05-26.15:30:05::SCWMssOS::"Running Make include in microblaze_0/libsrc/spi_v4_10/src"

TRACE::2026-05-26.15:30:05::SCWMssOS::make -C microblaze_0/libsrc/spi_v4_10/src -s include  "SHELL=CMD" "COMPILER=mb-gcc" "ASSEMBLER=mb-as" "ARCHIVER=mb-ar" "COMPILE
TRACE::2026-05-26.15:30:05::SCWMssOS::R_FLAGS=  -O2 -c -mcpu=v11.0 -mlittle-endian -mxl-soft-mul" "EXTRA_COMPILER_FLAGS=-g -ffunction-sections -fdata-sections -Wall 
TRACE::2026-05-26.15:30:05::SCWMssOS::-Wextra -fno-tree-loop-distribute-patterns"

TRACE::2026-05-26.15:30:05::SCWMssOS::"Running Make include in microblaze_0/libsrc/standalone_v8_1/src"

TRACE::2026-05-26.15:30:05::SCWMssOS::make -C microblaze_0/libsrc/standalone_v8_1/src -s include  "SHELL=CMD" "COMPILER=mb-gcc" "ASSEMBLER=mb-as" "ARCHIVER=mb-ar" "C
TRACE::2026-05-26.15:30:05::SCWMssOS::OMPILER_FLAGS=  -O2 -c -mcpu=v11.0 -mlittle-endian -mxl-soft-mul" "EXTRA_COMPILER_FLAGS=-g -ffunction-sections -fdata-sections 
TRACE::2026-05-26.15:30:05::SCWMssOS::-Wall -Wextra -fno-tree-loop-distribute-patterns"

TRACE::2026-05-26.15:30:05::SCWMssOS::"Running Make include in microblaze_0/libsrc/tmrctr_v4_10/src"

TRACE::2026-05-26.15:30:05::SCWMssOS::make -C microblaze_0/libsrc/tmrctr_v4_10/src -s include  "SHELL=CMD" "COMPILER=mb-gcc" "ASSEMBLER=mb-as" "ARCHIVER=mb-ar" "COMP
TRACE::2026-05-26.15:30:05::SCWMssOS::ILER_FLAGS=  -O2 -c -mcpu=v11.0 -mlittle-endian -mxl-soft-mul" "EXTRA_COMPILER_FLAGS=-g -ffunction-sections -fdata-sections -Wa
TRACE::2026-05-26.15:30:05::SCWMssOS::ll -Wextra -fno-tree-loop-distribute-patterns"

TRACE::2026-05-26.15:30:05::SCWMssOS::"Running Make include in microblaze_0/libsrc/uartlite_v3_8/src"

TRACE::2026-05-26.15:30:05::SCWMssOS::make -C microblaze_0/libsrc/uartlite_v3_8/src -s include  "SHELL=CMD" "COMPILER=mb-gcc" "ASSEMBLER=mb-as" "ARCHIVER=mb-ar" "COM
TRACE::2026-05-26.15:30:05::SCWMssOS::PILER_FLAGS=  -O2 -c -mcpu=v11.0 -mlittle-endian -mxl-soft-mul" "EXTRA_COMPILER_FLAGS=-g -ffunction-sections -fdata-sections -W
TRACE::2026-05-26.15:30:05::SCWMssOS::all -Wextra -fno-tree-loop-distribute-patterns"

TRACE::2026-05-26.15:30:05::SCWMssOS::"Running Make libs in microblaze_0/libsrc/bram_v4_8/src"

TRACE::2026-05-26.15:30:05::SCWMssOS::make -C microblaze_0/libsrc/bram_v4_8/src -s libs  "SHELL=CMD" "COMPILER=mb-gcc" "ASSEMBLER=mb-as" "ARCHIVER=mb-ar" "COMPILER_F
TRACE::2026-05-26.15:30:05::SCWMssOS::LAGS=  -O2 -c -mcpu=v11.0 -mlittle-endian -mxl-soft-mul" "EXTRA_COMPILER_FLAGS=-g -ffunction-sections -fdata-sections -Wall -We
TRACE::2026-05-26.15:30:05::SCWMssOS::xtra -fno-tree-loop-distribute-patterns"

TRACE::2026-05-26.15:30:05::SCWMssOS::"Running Make libs in microblaze_0/libsrc/cpu_v2_17/src"

TRACE::2026-05-26.15:30:05::SCWMssOS::make -C microblaze_0/libsrc/cpu_v2_17/src -s libs  "SHELL=CMD" "COMPILER=mb-gcc" "ASSEMBLER=mb-as" "ARCHIVER=mb-ar" "COMPILER_F
TRACE::2026-05-26.15:30:05::SCWMssOS::LAGS=  -O2 -c -mcpu=v11.0 -mlittle-endian -mxl-soft-mul" "EXTRA_COMPILER_FLAGS=-g -ffunction-sections -fdata-sections -Wall -We
TRACE::2026-05-26.15:30:05::SCWMssOS::xtra -fno-tree-loop-distribute-patterns"

TRACE::2026-05-26.15:30:05::SCWMssOS::"Running Make libs in microblaze_0/libsrc/gpio_v4_9/src"

TRACE::2026-05-26.15:30:05::SCWMssOS::make -C microblaze_0/libsrc/gpio_v4_9/src -s libs  "SHELL=CMD" "COMPILER=mb-gcc" "ASSEMBLER=mb-as" "ARCHIVER=mb-ar" "COMPILER_F
TRACE::2026-05-26.15:30:05::SCWMssOS::LAGS=  -O2 -c -mcpu=v11.0 -mlittle-endian -mxl-soft-mul" "EXTRA_COMPILER_FLAGS=-g -ffunction-sections -fdata-sections -Wall -We
TRACE::2026-05-26.15:30:05::SCWMssOS::xtra -fno-tree-loop-distribute-patterns"

TRACE::2026-05-26.15:30:05::SCWMssOS::"Running Make libs in microblaze_0/libsrc/intc_v3_16/src"

TRACE::2026-05-26.15:30:05::SCWMssOS::make -C microblaze_0/libsrc/intc_v3_16/src -s libs  "SHELL=CMD" "COMPILER=mb-gcc" "ASSEMBLER=mb-as" "ARCHIVER=mb-ar" "COMPILER_
TRACE::2026-05-26.15:30:05::SCWMssOS::FLAGS=  -O2 -c -mcpu=v11.0 -mlittle-endian -mxl-soft-mul" "EXTRA_COMPILER_FLAGS=-g -ffunction-sections -fdata-sections -Wall -W
TRACE::2026-05-26.15:30:05::SCWMssOS::extra -fno-tree-loop-distribute-patterns"

TRACE::2026-05-26.15:30:05::SCWMssOS::"Running Make libs in microblaze_0/libsrc/spi_v4_10/src"

TRACE::2026-05-26.15:30:05::SCWMssOS::make -C microblaze_0/libsrc/spi_v4_10/src -s libs  "SHELL=CMD" "COMPILER=mb-gcc" "ASSEMBLER=mb-as" "ARCHIVER=mb-ar" "COMPILER_F
TRACE::2026-05-26.15:30:05::SCWMssOS::LAGS=  -O2 -c -mcpu=v11.0 -mlittle-endian -mxl-soft-mul" "EXTRA_COMPILER_FLAGS=-g -ffunction-sections -fdata-sections -Wall -We
TRACE::2026-05-26.15:30:05::SCWMssOS::xtra -fno-tree-loop-distribute-patterns"

TRACE::2026-05-26.15:30:05::SCWMssOS::"Running Make libs in microblaze_0/libsrc/standalone_v8_1/src"

TRACE::2026-05-26.15:30:05::SCWMssOS::make -C microblaze_0/libsrc/standalone_v8_1/src -s libs  "SHELL=CMD" "COMPILER=mb-gcc" "ASSEMBLER=mb-as" "ARCHIVER=mb-ar" "COMP
TRACE::2026-05-26.15:30:05::SCWMssOS::ILER_FLAGS=  -O2 -c -mcpu=v11.0 -mlittle-endian -mxl-soft-mul" "EXTRA_COMPILER_FLAGS=-g -ffunction-sections -fdata-sections -Wa
TRACE::2026-05-26.15:30:05::SCWMssOS::ll -Wextra -fno-tree-loop-distribute-patterns"

TRACE::2026-05-26.15:30:06::SCWMssOS::"Running Make libs in microblaze_0/libsrc/tmrctr_v4_10/src"

TRACE::2026-05-26.15:30:06::SCWMssOS::make -C microblaze_0/libsrc/tmrctr_v4_10/src -s libs  "SHELL=CMD" "COMPILER=mb-gcc" "ASSEMBLER=mb-as" "ARCHIVER=mb-ar" "COMPILE
TRACE::2026-05-26.15:30:06::SCWMssOS::R_FLAGS=  -O2 -c -mcpu=v11.0 -mlittle-endian -mxl-soft-mul" "EXTRA_COMPILER_FLAGS=-g -ffunction-sections -fdata-sections -Wall 
TRACE::2026-05-26.15:30:06::SCWMssOS::-Wextra -fno-tree-loop-distribute-patterns"

TRACE::2026-05-26.15:30:06::SCWMssOS::"Running Make libs in microblaze_0/libsrc/uartlite_v3_8/src"

TRACE::2026-05-26.15:30:06::SCWMssOS::make -C microblaze_0/libsrc/uartlite_v3_8/src -s libs  "SHELL=CMD" "COMPILER=mb-gcc" "ASSEMBLER=mb-as" "ARCHIVER=mb-ar" "COMPIL
TRACE::2026-05-26.15:30:06::SCWMssOS::ER_FLAGS=  -O2 -c -mcpu=v11.0 -mlittle-endian -mxl-soft-mul" "EXTRA_COMPILER_FLAGS=-g -ffunction-sections -fdata-sections -Wall
TRACE::2026-05-26.15:30:06::SCWMssOS:: -Wextra -fno-tree-loop-distribute-patterns"

TRACE::2026-05-26.15:30:06::SCWMssOS::"DEBUG NON_LTO_OBJECTS is ../../../lib/microblaze_interrupt_handler.o"

TRACE::2026-05-26.15:30:06::SCWMssOS::'Finished building libraries parallelly.'

TRACE::2026-05-26.15:30:06::SCWMssOS::make --no-print-directory archive

TRACE::2026-05-26.15:30:06::SCWMssOS::mb-ar -r  microblaze_0/lib/libxil.a microblaze_0/lib/_exit.o microblaze_0/lib/errno.o microblaze_0/lib/fcntl.o microblaze_0/lib
TRACE::2026-05-26.15:30:06::SCWMssOS::/hw_exception_handler.o microblaze_0/lib/inbyte.o microblaze_0/lib/microblaze_disable_dcache.o microblaze_0/lib/microblaze_disa
TRACE::2026-05-26.15:30:06::SCWMssOS::ble_exceptions.o microblaze_0/lib/microblaze_disable_icache.o microblaze_0/lib/microblaze_disable_interrupts.o microblaze_0/lib
TRACE::2026-05-26.15:30:06::SCWMssOS::/microblaze_enable_dcache.o microblaze_0/lib/microblaze_enable_exceptions.o microblaze_0/lib/microblaze_enable_icache.o microbl
TRACE::2026-05-26.15:30:06::SCWMssOS::aze_0/lib/microblaze_enable_interrupts.o microblaze_0/lib/microblaze_exception_handler.o microblaze_0/lib/microblaze_flush_cach
TRACE::2026-05-26.15:30:06::SCWMssOS::e_ext.o microblaze_0/lib/microblaze_flush_cache_ext_range.o microblaze_0/lib/microblaze_flush_dcache.o microblaze_0/lib/microbl
TRACE::2026-05-26.15:30:06::SCWMssOS::aze_flush_dcache_range.o microblaze_0/lib/microblaze_init_dcache_range.o microblaze_0/lib/microblaze_init_icache_range.o microb
TRACE::2026-05-26.15:30:06::SCWMssOS::laze_0/lib/microblaze_interrupt_handler.o microblaze_0/lib/microblaze_interrupts_g.o microblaze_0/lib/microblaze_invalidate_cac
TRACE::2026-05-26.15:30:06::SCWMssOS::he_ext.o microblaze_0/lib/microblaze_invalidate_cache_ext_range.o microblaze_0/lib/microblaze_invalidate_dcache.o microblaze_0/
TRACE::2026-05-26.15:30:06::SCWMssOS::lib/microblaze_invalidate_dcache_range.o microblaze_0/lib/microblaze_invalidate_icache.o microblaze_0/lib/microblaze_invalidate
TRACE::2026-05-26.15:30:06::SCWMssOS::_icache_range.o microblaze_0/lib/microblaze_scrub.o microblaze_0/lib/microblaze_selftest.o microblaze_0/lib/microblaze_sleep.o 
TRACE::2026-05-26.15:30:06::SCWMssOS::microblaze_0/lib/microblaze_update_dcache.o microblaze_0/lib/microblaze_update_icache.o microblaze_0/lib/outbyte.o microblaze_0
TRACE::2026-05-26.15:30:06::SCWMssOS::/lib/print.o microblaze_0/lib/pvr.o microblaze_0/lib/xbram.o microblaze_0/lib/xbram_g.o microblaze_0/lib/xbram_intr.o microblaz
TRACE::2026-05-26.15:30:06::SCWMssOS::e_0/lib/xbram_selftest.o microblaze_0/lib/xbram_sinit.o microblaze_0/lib/xgpio.o microblaze_0/lib/xgpio_extra.o microblaze_0/li
TRACE::2026-05-26.15:30:06::SCWMssOS::b/xgpio_g.o microblaze_0/lib/xgpio_intr.o microblaze_0/lib/xgpio_selftest.o microblaze_0/lib/xgpio_sinit.o microblaze_0/lib/xil
TRACE::2026-05-26.15:30:06::SCWMssOS::_assert.o microblaze_0/lib/xil_cache.o microblaze_0/lib/xil_clocking.o microblaze_0/lib/xil_exception.o microblaze_0/lib/xil_me
TRACE::2026-05-26.15:30:06::SCWMssOS::m.o microblaze_0/lib/xil_misc_psreset_api.o microblaze_0/lib/xil_printf.o microblaze_0/lib/xil_sleepcommon.o microblaze_0/lib/x
TRACE::2026-05-26.15:30:06::SCWMssOS::il_testcache.o microblaze_0/lib/xil_testio.o microblaze_0/lib/xil_testmem.o microblaze_0/lib/xil_util.o microblaze_0/lib/xintc.
TRACE::2026-05-26.15:30:06::SCWMssOS::o microblaze_0/lib/xintc_g.o microblaze_0/lib/xintc_intr.o microblaze_0/lib/xintc_l.o microblaze_0/lib/xintc_options.o microbla
TRACE::2026-05-26.15:30:06::SCWMssOS::ze_0/lib/xintc_selftest.o microblaze_0/lib/xinterrupt_wrap.o microblaze_0/lib/xio.o microblaze_0/lib/xplatform_info.o microblaz
TRACE::2026-05-26.15:30:06::SCWMssOS::e_0/lib/xspi.o microblaze_0/lib/xspi_g.o microblaze_0/lib/xspi_options.o microblaze_0/lib/xspi_selftest.o microblaze_0/lib/xspi
TRACE::2026-05-26.15:30:06::SCWMssOS::_sinit.o microblaze_0/lib/xspi_stats.o microblaze_0/lib/xtmrctr.o microblaze_0/lib/xtmrctr_g.o microblaze_0/lib/xtmrctr_intr.o 
TRACE::2026-05-26.15:30:06::SCWMssOS::microblaze_0/lib/xtmrctr_l.o microblaze_0/lib/xtmrctr_options.o microblaze_0/lib/xtmrctr_selftest.o microblaze_0/lib/xtmrctr_si
TRACE::2026-05-26.15:30:06::SCWMssOS::nit.o microblaze_0/lib/xtmrctr_stats.o microblaze_0/lib/xuartlite.o microblaze_0/lib/xuartlite_g.o microblaze_0/lib/xuartlite_i
TRACE::2026-05-26.15:30:06::SCWMssOS::ntr.o microblaze_0/lib/xuartlite_l.o microblaze_0/lib/xuartlite_selftest.o microblaze_0/lib/xuartlite_sinit.o microblaze_0/lib/
TRACE::2026-05-26.15:30:06::SCWMssOS::xuartlite_stats.o

TRACE::2026-05-26.15:30:06::SCWMssOS::'Finished building libraries'

TRACE::2026-05-26.15:30:07::SCWMssOS::Copying to export directory.
TRACE::2026-05-26.15:30:07::SCWMssOS:: Checking if to create the Supporting Applications
TRACE::2026-05-26.15:30:07::SCWMssOS:: No Linux domain exists, trying to generate FSBL 
LOG::2026-05-26.15:30:07::SCWSystem::Completed Processing the domain standalone_microblaze_0
LOG::2026-05-26.15:30:07::SCWSystem::Completed Processing the sysconfig micBlazeAppTop
LOG::2026-05-26.15:30:07::SCWPlatform::Completed generating the artifacts for system configuration micBlazeAppTop
TRACE::2026-05-26.15:30:07::SCWPlatform::Started preparing the platform 
TRACE::2026-05-26.15:30:07::SCWSystem::Writing the bif file for system config micBlazeAppTop
TRACE::2026-05-26.15:30:07::SCWSystem::dir created 
TRACE::2026-05-26.15:30:07::SCWSystem::Writing the bif 
TRACE::2026-05-26.15:30:07::SCWPlatform::Started writing the spfm file 
TRACE::2026-05-26.15:30:07::SCWPlatform::Started writing the xpfm file 
TRACE::2026-05-26.15:30:07::SCWPlatform::Completed generating the platform
TRACE::2026-05-26.15:30:07::SCWMssOS::Saving the mss changes D:/vivado_pj/workspace_mb_spi/micBlazeAppTop/microblaze_0/standalone_microblaze_0/bsp/system.mss
TRACE::2026-05-26.15:30:07::SCWMssOS::Found a swdesign opened with the mssfile.
TRACE::2026-05-26.15:30:07::SCWMssOS::Completed writemss as part of save.
TRACE::2026-05-26.15:30:07::SCWMssOS::Commit changes completed.
TRACE::2026-05-26.15:30:07::SCWPlatform::Trying to open the hw design at D:/vivado_pj/workspace_mb_spi/micBlazeAppTop/hw/micBlazeAppTop.xsa
TRACE::2026-05-26.15:30:07::SCWPlatform::DSA given D:/vivado_pj/workspace_mb_spi/micBlazeAppTop/hw/micBlazeAppTop.xsa
TRACE::2026-05-26.15:30:07::SCWPlatform::DSA absoulate path D:/vivado_pj/workspace_mb_spi/micBlazeAppTop/hw/micBlazeAppTop.xsa
TRACE::2026-05-26.15:30:07::SCWPlatform::DSA directory D:/vivado_pj/workspace_mb_spi/micBlazeAppTop/hw
TRACE::2026-05-26.15:30:07::SCWPlatform:: Platform Path D:/vivado_pj/workspace_mb_spi/micBlazeAppTop/hw/micBlazeAppTop.xsa
TRACE::2026-05-26.15:30:07::SCWPlatform:: Unique name xilinx:basys3::0.0
TRACE::2026-05-26.15:30:07::SCWPlatform::Trying to set the existing hwdb with name micBlazeAppTop_0
TRACE::2026-05-26.15:30:07::SCWPlatform::Opened existing hwdb micBlazeAppTop_0
TRACE::2026-05-26.15:30:07::SCWPlatform::Found the Hw Db part of the input DSA
TRACE::2026-05-26.15:30:07::SCWMssOS::Checking the sw design at  D:/vivado_pj/workspace_mb_spi/micBlazeAppTop/microblaze_0/standalone_microblaze_0/bsp/system.mss
TRACE::2026-05-26.15:30:07::SCWMssOS::DEBUG:  swdes dump  D:/vivado_pj/workspace_mb_spi/micBlazeAppTop/microblaze_0/standalone_microblaze_0/bsp/system.mss|system||

TRACE::2026-05-26.15:30:07::SCWMssOS::Sw design exists and opened at  D:/vivado_pj/workspace_mb_spi/micBlazeAppTop/microblaze_0/standalone_microblaze_0/bsp/system.mss
TRACE::2026-05-26.15:30:07::SCWPlatform::Trying to open the hw design at D:/vivado_pj/workspace_mb_spi/micBlazeAppTop/hw/micBlazeAppTop.xsa
TRACE::2026-05-26.15:30:07::SCWPlatform::DSA given D:/vivado_pj/workspace_mb_spi/micBlazeAppTop/hw/micBlazeAppTop.xsa
TRACE::2026-05-26.15:30:07::SCWPlatform::DSA absoulate path D:/vivado_pj/workspace_mb_spi/micBlazeAppTop/hw/micBlazeAppTop.xsa
TRACE::2026-05-26.15:30:07::SCWPlatform::DSA directory D:/vivado_pj/workspace_mb_spi/micBlazeAppTop/hw
TRACE::2026-05-26.15:30:07::SCWPlatform:: Platform Path D:/vivado_pj/workspace_mb_spi/micBlazeAppTop/hw/micBlazeAppTop.xsa
TRACE::2026-05-26.15:30:07::SCWPlatform:: Unique name xilinx:basys3::0.0
TRACE::2026-05-26.15:30:07::SCWPlatform::Trying to set the existing hwdb with name micBlazeAppTop_0
TRACE::2026-05-26.15:30:07::SCWPlatform::Opened existing hwdb micBlazeAppTop_0
TRACE::2026-05-26.15:30:07::SCWPlatform::Found the Hw Db part of the input DSA
TRACE::2026-05-26.15:30:07::SCWMssOS::Checking the sw design at  D:/vivado_pj/workspace_mb_spi/micBlazeAppTop/microblaze_0/standalone_microblaze_0/bsp/system.mss
TRACE::2026-05-26.15:30:07::SCWMssOS::DEBUG:  swdes dump  D:/vivado_pj/workspace_mb_spi/micBlazeAppTop/microblaze_0/standalone_microblaze_0/bsp/system.mss|system||

TRACE::2026-05-26.15:30:07::SCWMssOS::Sw design exists and opened at  D:/vivado_pj/workspace_mb_spi/micBlazeAppTop/microblaze_0/standalone_microblaze_0/bsp/system.mss
TRACE::2026-05-26.15:30:07::SCWPlatform::Trying to open the hw design at D:/vivado_pj/workspace_mb_spi/micBlazeAppTop/hw/micBlazeAppTop.xsa
TRACE::2026-05-26.15:30:07::SCWPlatform::DSA given D:/vivado_pj/workspace_mb_spi/micBlazeAppTop/hw/micBlazeAppTop.xsa
TRACE::2026-05-26.15:30:07::SCWPlatform::DSA absoulate path D:/vivado_pj/workspace_mb_spi/micBlazeAppTop/hw/micBlazeAppTop.xsa
TRACE::2026-05-26.15:30:07::SCWPlatform::DSA directory D:/vivado_pj/workspace_mb_spi/micBlazeAppTop/hw
TRACE::2026-05-26.15:30:07::SCWPlatform:: Platform Path D:/vivado_pj/workspace_mb_spi/micBlazeAppTop/hw/micBlazeAppTop.xsa
TRACE::2026-05-26.15:30:07::SCWPlatform:: Unique name xilinx:basys3::0.0
TRACE::2026-05-26.15:30:07::SCWPlatform::Trying to set the existing hwdb with name micBlazeAppTop_0
TRACE::2026-05-26.15:30:07::SCWPlatform::Opened existing hwdb micBlazeAppTop_0
TRACE::2026-05-26.15:30:07::SCWPlatform::Found the Hw Db part of the input DSA
TRACE::2026-05-26.15:30:07::SCWMssOS::Checking the sw design at  D:/vivado_pj/workspace_mb_spi/micBlazeAppTop/microblaze_0/standalone_microblaze_0/bsp/system.mss
TRACE::2026-05-26.15:30:07::SCWMssOS::DEBUG:  swdes dump  D:/vivado_pj/workspace_mb_spi/micBlazeAppTop/microblaze_0/standalone_microblaze_0/bsp/system.mss|system||

TRACE::2026-05-26.15:30:07::SCWMssOS::Sw design exists and opened at  D:/vivado_pj/workspace_mb_spi/micBlazeAppTop/microblaze_0/standalone_microblaze_0/bsp/system.mss
TRACE::2026-05-26.15:30:07::SCWWriter::formatted JSON is {
	"platformName":	"micBlazeAppTop",
	"sprVersion":	"2.0",
	"mode":	"gui",
	"dsaType":	"Fixed",
	"platformDesc":	"micBlazeAppTop",
	"platHandOff":	"D:/vivado_pj/project_mb_spi_2023/micBlazeAppTop.xsa",
	"platIntHandOff":	"<platformDir>/hw/micBlazeAppTop.xsa",
	"deviceType":	"FPGA",
	"platIsPrebuiltAutogen":	"false",
	"platIsNoBootBsp":	"false",
	"hasFsblMakeHasChanges":	"false",
	"hasPmufwMakeHasChanges":	"false",
	"platPreBuiltFlag":	false,
	"platformSamplesDir":	"",
	"platActiveSys":	"micBlazeAppTop",
	"systems":	[{
			"systemName":	"micBlazeAppTop",
			"systemDesc":	"micBlazeAppTop",
			"sysIsBootAutoGen":	"true",
			"systemDispName":	"micBlazeAppTop",
			"sysActiveDom":	"standalone_microblaze_0",
			"sysDefaultDom":	"standalone_microblaze_0",
			"domains":	[{
					"domainName":	"standalone_microblaze_0",
					"domainDispName":	"standalone_microblaze_0",
					"domainDesc":	"standalone_microblaze_0",
					"processors":	"microblaze_0",
					"os":	"standalone",
					"sdxOs":	"standalone",
					"debugEnable":	"False",
					"domRuntimes":	["cpp"],
					"swRepo":	"",
					"mssOsVer":	"8.1",
					"mssFile":	"",
					"md5Digest":	"7cffafe3951124612033956a777b81f2",
					"compatibleApp":	"hello_world",
					"domType":	"mssDomain",
					"arch":	"32-bit",
					"appSettings":	{
						"appCompilerFlags":	"",
						"appLinkerFlags":	""
					},
					"addedLibs":	[],
					"libOptions":	{
						"libsContainingOptions":	[]
					},
					"prebuiltLibs":	{
						"prebuiltIncPath":	[],
						"prebuiltLibPath":	[]
					},
					"isolation":	{
					}
				}]
		}]
}
KEYINFO::2026-05-26.15:30:07::SCWPlatform::updated the xpfm file.
TRACE::2026-05-26.15:30:07::SCWPlatform::Trying to open the hw design at D:/vivado_pj/workspace_mb_spi/micBlazeAppTop/hw/micBlazeAppTop.xsa
TRACE::2026-05-26.15:30:07::SCWPlatform::DSA given D:/vivado_pj/workspace_mb_spi/micBlazeAppTop/hw/micBlazeAppTop.xsa
TRACE::2026-05-26.15:30:07::SCWPlatform::DSA absoulate path D:/vivado_pj/workspace_mb_spi/micBlazeAppTop/hw/micBlazeAppTop.xsa
TRACE::2026-05-26.15:30:07::SCWPlatform::DSA directory D:/vivado_pj/workspace_mb_spi/micBlazeAppTop/hw
TRACE::2026-05-26.15:30:07::SCWPlatform:: Platform Path D:/vivado_pj/workspace_mb_spi/micBlazeAppTop/hw/micBlazeAppTop.xsa
TRACE::2026-05-26.15:30:07::SCWPlatform:: Unique name xilinx:basys3::0.0
TRACE::2026-05-26.15:30:07::SCWPlatform::Trying to set the existing hwdb with name micBlazeAppTop_0
TRACE::2026-05-26.15:30:07::SCWPlatform::Opened existing hwdb micBlazeAppTop_0
TRACE::2026-05-26.15:30:07::SCWPlatform::Found the Hw Db part of the input DSA
TRACE::2026-05-26.15:30:07::SCWMssOS::Checking the sw design at  D:/vivado_pj/workspace_mb_spi/micBlazeAppTop/microblaze_0/standalone_microblaze_0/bsp/system.mss
TRACE::2026-05-26.15:30:07::SCWMssOS::DEBUG:  swdes dump  D:/vivado_pj/workspace_mb_spi/micBlazeAppTop/microblaze_0/standalone_microblaze_0/bsp/system.mss|system||

TRACE::2026-05-26.15:30:07::SCWMssOS::Sw design exists and opened at  D:/vivado_pj/workspace_mb_spi/micBlazeAppTop/microblaze_0/standalone_microblaze_0/bsp/system.mss
TRACE::2026-05-26.16:53:37::SCWPlatform::Clearing the existing platform
TRACE::2026-05-26.16:53:37::SCWSystem::Clearing the existing sysconfig
TRACE::2026-05-26.16:53:37::SCWMssOS::Removing the swdes entry for  D:/vivado_pj/workspace_mb_spi/micBlazeAppTop/microblaze_0/standalone_microblaze_0/bsp/system.mss
TRACE::2026-05-26.16:53:37::SCWSystem::Clearing the domains completed.
TRACE::2026-05-26.16:53:37::SCWPlatform::Clearing the opened hw db.
TRACE::2026-05-26.16:53:37::SCWPlatform::DSA given D:/vivado_pj/workspace_mb_spi/micBlazeAppTop/hw/micBlazeAppTop.xsa
TRACE::2026-05-26.16:53:37::SCWPlatform::DSA absoulate path D:/vivado_pj/workspace_mb_spi/micBlazeAppTop/hw/micBlazeAppTop.xsa
TRACE::2026-05-26.16:53:37::SCWPlatform:: Platform location is D:/vivado_pj/workspace_mb_spi/micBlazeAppTop/hw
TRACE::2026-05-26.16:53:37::SCWPlatform:: Platform Path D:/vivado_pj/workspace_mb_spi/micBlazeAppTop/hw/micBlazeAppTop.xsa
TRACE::2026-05-26.16:53:37::SCWPlatform:: Unique name xilinx:basys3::0.0
TRACE::2026-05-26.16:53:37::SCWPlatform::Removing the HwDB with name D:/vivado_pj/workspace_mb_spi/micBlazeAppTop/hw/micBlazeAppTop.xsa
TRACE::2026-05-26.16:53:37::SCWPlatform::Trying to open the hw design at D:/vivado_pj/workspace_mb_spi/micBlazeAppTop/hw/micBlazeAppTop.xsa
TRACE::2026-05-26.16:53:37::SCWPlatform::DSA given D:/vivado_pj/workspace_mb_spi/micBlazeAppTop/hw/micBlazeAppTop.xsa
TRACE::2026-05-26.16:53:37::SCWPlatform::DSA absoulate path D:/vivado_pj/workspace_mb_spi/micBlazeAppTop/hw/micBlazeAppTop.xsa
TRACE::2026-05-26.16:53:37::SCWPlatform::DSA directory D:/vivado_pj/workspace_mb_spi/micBlazeAppTop/hw
TRACE::2026-05-26.16:53:37::SCWPlatform:: Platform Path D:/vivado_pj/workspace_mb_spi/micBlazeAppTop/hw/micBlazeAppTop.xsa
TRACE::2026-05-26.16:53:37::SCWPlatform:: Unique name xilinx:basys3::0.0
TRACE::2026-05-26.16:53:37::SCWPlatform::Do not have an existing db opened. 
TRACE::2026-05-26.16:53:37::SCWPlatform::Opened new HwDB with name micBlazeAppTop_2
TRACE::2026-05-26.16:53:37::SCWReader::Active system found as  micBlazeAppTop
TRACE::2026-05-26.16:53:37::SCWReader::Handling sysconfig micBlazeAppTop
TRACE::2026-05-26.16:53:37::SCWDomain::checking for install qemu data   : 
TRACE::2026-05-26.16:53:37::SCWPlatform::Trying to open the hw design at D:/vivado_pj/workspace_mb_spi/micBlazeAppTop/hw/micBlazeAppTop.xsa
TRACE::2026-05-26.16:53:37::SCWPlatform::DSA given D:/vivado_pj/workspace_mb_spi/micBlazeAppTop/hw/micBlazeAppTop.xsa
TRACE::2026-05-26.16:53:37::SCWPlatform::DSA absoulate path D:/vivado_pj/workspace_mb_spi/micBlazeAppTop/hw/micBlazeAppTop.xsa
TRACE::2026-05-26.16:53:37::SCWPlatform::DSA directory D:/vivado_pj/workspace_mb_spi/micBlazeAppTop/hw
TRACE::2026-05-26.16:53:37::SCWPlatform:: Platform Path D:/vivado_pj/workspace_mb_spi/micBlazeAppTop/hw/micBlazeAppTop.xsa
TRACE::2026-05-26.16:53:37::SCWPlatform:: Unique name xilinx:basys3::0.0
TRACE::2026-05-26.16:53:37::SCWPlatform::Trying to set the existing hwdb with name micBlazeAppTop_2
TRACE::2026-05-26.16:53:37::SCWPlatform::Opened existing hwdb micBlazeAppTop_2
TRACE::2026-05-26.16:53:37::SCWPlatform::Found the Hw Db part of the input DSA
TRACE::2026-05-26.16:53:37::SCWPlatform::Trying to open the hw design at D:/vivado_pj/workspace_mb_spi/micBlazeAppTop/hw/micBlazeAppTop.xsa
TRACE::2026-05-26.16:53:37::SCWPlatform::DSA given D:/vivado_pj/workspace_mb_spi/micBlazeAppTop/hw/micBlazeAppTop.xsa
TRACE::2026-05-26.16:53:37::SCWPlatform::DSA absoulate path D:/vivado_pj/workspace_mb_spi/micBlazeAppTop/hw/micBlazeAppTop.xsa
TRACE::2026-05-26.16:53:37::SCWPlatform::DSA directory D:/vivado_pj/workspace_mb_spi/micBlazeAppTop/hw
TRACE::2026-05-26.16:53:37::SCWPlatform:: Platform Path D:/vivado_pj/workspace_mb_spi/micBlazeAppTop/hw/micBlazeAppTop.xsa
TRACE::2026-05-26.16:53:37::SCWPlatform:: Unique name xilinx:basys3::0.0
TRACE::2026-05-26.16:53:37::SCWPlatform::Trying to set the existing hwdb with name micBlazeAppTop_2
TRACE::2026-05-26.16:53:37::SCWPlatform::Opened existing hwdb micBlazeAppTop_2
TRACE::2026-05-26.16:53:37::SCWPlatform::Found the Hw Db part of the input DSA
TRACE::2026-05-26.16:53:37::SCWPlatform::Trying to open the hw design at D:/vivado_pj/workspace_mb_spi/micBlazeAppTop/hw/micBlazeAppTop.xsa
TRACE::2026-05-26.16:53:37::SCWPlatform::DSA given D:/vivado_pj/workspace_mb_spi/micBlazeAppTop/hw/micBlazeAppTop.xsa
TRACE::2026-05-26.16:53:37::SCWPlatform::DSA absoulate path D:/vivado_pj/workspace_mb_spi/micBlazeAppTop/hw/micBlazeAppTop.xsa
TRACE::2026-05-26.16:53:37::SCWPlatform::DSA directory D:/vivado_pj/workspace_mb_spi/micBlazeAppTop/hw
TRACE::2026-05-26.16:53:37::SCWPlatform:: Platform Path D:/vivado_pj/workspace_mb_spi/micBlazeAppTop/hw/micBlazeAppTop.xsa
TRACE::2026-05-26.16:53:37::SCWPlatform:: Unique name xilinx:basys3::0.0
TRACE::2026-05-26.16:53:37::SCWPlatform::Trying to set the existing hwdb with name micBlazeAppTop_2
TRACE::2026-05-26.16:53:37::SCWPlatform::Opened existing hwdb micBlazeAppTop_2
TRACE::2026-05-26.16:53:37::SCWPlatform::Found the Hw Db part of the input DSA
TRACE::2026-05-26.16:53:37::SCWPlatform::Trying to open the hw design at D:/vivado_pj/workspace_mb_spi/micBlazeAppTop/hw/micBlazeAppTop.xsa
TRACE::2026-05-26.16:53:37::SCWPlatform::DSA given D:/vivado_pj/workspace_mb_spi/micBlazeAppTop/hw/micBlazeAppTop.xsa
TRACE::2026-05-26.16:53:37::SCWPlatform::DSA absoulate path D:/vivado_pj/workspace_mb_spi/micBlazeAppTop/hw/micBlazeAppTop.xsa
TRACE::2026-05-26.16:53:37::SCWPlatform::DSA directory D:/vivado_pj/workspace_mb_spi/micBlazeAppTop/hw
TRACE::2026-05-26.16:53:37::SCWPlatform:: Platform Path D:/vivado_pj/workspace_mb_spi/micBlazeAppTop/hw/micBlazeAppTop.xsa
TRACE::2026-05-26.16:53:37::SCWPlatform:: Unique name xilinx:basys3::0.0
TRACE::2026-05-26.16:53:37::SCWPlatform::Trying to set the existing hwdb with name micBlazeAppTop_2
TRACE::2026-05-26.16:53:37::SCWPlatform::Opened existing hwdb micBlazeAppTop_2
TRACE::2026-05-26.16:53:37::SCWPlatform::Found the Hw Db part of the input DSA
TRACE::2026-05-26.16:53:37::SCWMssOS::Checking the sw design at  D:/vivado_pj/workspace_mb_spi/micBlazeAppTop/microblaze_0/standalone_microblaze_0/bsp/system.mss
TRACE::2026-05-26.16:53:37::SCWMssOS::DEBUG:  swdes dump  
TRACE::2026-05-26.16:53:37::SCWMssOS::No sw design opened at  D:/vivado_pj/workspace_mb_spi/micBlazeAppTop/microblaze_0/standalone_microblaze_0/bsp/system.mss
TRACE::2026-05-26.16:53:37::SCWMssOS::mss exists loading the mss file  D:/vivado_pj/workspace_mb_spi/micBlazeAppTop/microblaze_0/standalone_microblaze_0/bsp/system.mss
TRACE::2026-05-26.16:53:37::SCWMssOS::Opened the sw design from mss  D:/vivado_pj/workspace_mb_spi/micBlazeAppTop/microblaze_0/standalone_microblaze_0/bsp/system.mss
TRACE::2026-05-26.16:53:37::SCWMssOS::Adding the swdes entry D:/vivado_pj/workspace_mb_spi/micBlazeAppTop/microblaze_0/standalone_microblaze_0/bsp/system.mss with des name system
TRACE::2026-05-26.16:53:37::SCWMssOS::updating the scw layer about changes
TRACE::2026-05-26.16:53:37::SCWMssOS::Opened the sw design.  D:/vivado_pj/workspace_mb_spi/micBlazeAppTop/microblaze_0/standalone_microblaze_0/bsp/system.mss
TRACE::2026-05-26.16:53:37::SCWMssOS::Saving the mss changes D:/vivado_pj/workspace_mb_spi/micBlazeAppTop/microblaze_0/standalone_microblaze_0/bsp/system.mss
TRACE::2026-05-26.16:53:37::SCWMssOS::Found a swdesign opened with the mssfile.
TRACE::2026-05-26.16:53:37::SCWMssOS::Completed writemss as part of save.
TRACE::2026-05-26.16:53:37::SCWMssOS::Commit changes completed.
TRACE::2026-05-26.16:53:37::SCWReader::Adding prebuilt librarypaths as   
TRACE::2026-05-26.16:53:37::SCWReader::Adding prebuilt incpaths  as   
TRACE::2026-05-26.16:53:37::SCWPlatform::Trying to open the hw design at D:/vivado_pj/workspace_mb_spi/micBlazeAppTop/hw/micBlazeAppTop.xsa
TRACE::2026-05-26.16:53:37::SCWPlatform::DSA given D:/vivado_pj/workspace_mb_spi/micBlazeAppTop/hw/micBlazeAppTop.xsa
TRACE::2026-05-26.16:53:37::SCWPlatform::DSA absoulate path D:/vivado_pj/workspace_mb_spi/micBlazeAppTop/hw/micBlazeAppTop.xsa
TRACE::2026-05-26.16:53:37::SCWPlatform::DSA directory D:/vivado_pj/workspace_mb_spi/micBlazeAppTop/hw
TRACE::2026-05-26.16:53:37::SCWPlatform:: Platform Path D:/vivado_pj/workspace_mb_spi/micBlazeAppTop/hw/micBlazeAppTop.xsa
TRACE::2026-05-26.16:53:37::SCWPlatform:: Unique name xilinx:basys3::0.0
TRACE::2026-05-26.16:53:37::SCWPlatform::Trying to set the existing hwdb with name micBlazeAppTop_2
TRACE::2026-05-26.16:53:37::SCWPlatform::Opened existing hwdb micBlazeAppTop_2
TRACE::2026-05-26.16:53:37::SCWPlatform::Found the Hw Db part of the input DSA
TRACE::2026-05-26.16:53:37::SCWMssOS::Checking the sw design at  D:/vivado_pj/workspace_mb_spi/micBlazeAppTop/microblaze_0/standalone_microblaze_0/bsp/system.mss
TRACE::2026-05-26.16:53:37::SCWMssOS::DEBUG:  swdes dump  D:/vivado_pj/workspace_mb_spi/micBlazeAppTop/microblaze_0/standalone_microblaze_0/bsp/system.mss|system||

TRACE::2026-05-26.16:53:37::SCWMssOS::Sw design exists and opened at  D:/vivado_pj/workspace_mb_spi/micBlazeAppTop/microblaze_0/standalone_microblaze_0/bsp/system.mss
TRACE::2026-05-26.16:53:37::SCWReader::No isolation master present  
TRACE::2026-05-26.16:53:55::SCWPlatform::DSA given D:/vivado_pj/workspace_mb_spi/micBlazeAppTop/tempdsa/micBlazeAppTop2.xsa
TRACE::2026-05-26.16:53:55::SCWPlatform::DSA absoulate path D:/vivado_pj/workspace_mb_spi/micBlazeAppTop/tempdsa/micBlazeAppTop2.xsa
TRACE::2026-05-26.16:53:55::SCWPlatform:: Platform location is D:/vivado_pj/workspace_mb_spi/micBlazeAppTop/tempdsa
TRACE::2026-05-26.16:53:55::SCWPlatform:: Platform Path D:/vivado_pj/workspace_mb_spi/micBlazeAppTop/tempdsa/micBlazeAppTop2.xsa
TRACE::2026-05-26.16:53:55::SCWPlatform:: Unique name xilinx:basys3::0.0
TRACE::2026-05-26.16:53:55::SCWPlatform::Found the Hw Db part of the input DSA
TRACE::2026-05-26.16:53:55::SCWMssOS::Doing hw sync for the mss in domain: standalone_microblaze_0
TRACE::2026-05-26.16:53:55::SCWPlatform::Trying to open the hw design at D:/vivado_pj/workspace_mb_spi/micBlazeAppTop/hw/micBlazeAppTop.xsa
TRACE::2026-05-26.16:53:55::SCWPlatform::DSA given D:/vivado_pj/workspace_mb_spi/micBlazeAppTop/hw/micBlazeAppTop.xsa
TRACE::2026-05-26.16:53:55::SCWPlatform::DSA absoulate path D:/vivado_pj/workspace_mb_spi/micBlazeAppTop/hw/micBlazeAppTop.xsa
TRACE::2026-05-26.16:53:55::SCWPlatform::DSA directory D:/vivado_pj/workspace_mb_spi/micBlazeAppTop/hw
TRACE::2026-05-26.16:53:55::SCWPlatform:: Platform Path D:/vivado_pj/workspace_mb_spi/micBlazeAppTop/hw/micBlazeAppTop.xsa
TRACE::2026-05-26.16:53:55::SCWPlatform:: Unique name xilinx:basys3::0.0
TRACE::2026-05-26.16:53:55::SCWPlatform::Trying to set the existing hwdb with name micBlazeAppTop_2
TRACE::2026-05-26.16:53:55::SCWPlatform::Opened existing hwdb micBlazeAppTop_2
TRACE::2026-05-26.16:53:55::SCWPlatform::Found the Hw Db part of the input DSA
TRACE::2026-05-26.16:53:55::SCWPlatform::Trying to open the hw design at D:/vivado_pj/workspace_mb_spi/micBlazeAppTop/hw/micBlazeAppTop.xsa
TRACE::2026-05-26.16:53:55::SCWPlatform::DSA given D:/vivado_pj/workspace_mb_spi/micBlazeAppTop/hw/micBlazeAppTop.xsa
TRACE::2026-05-26.16:53:55::SCWPlatform::DSA absoulate path D:/vivado_pj/workspace_mb_spi/micBlazeAppTop/hw/micBlazeAppTop.xsa
TRACE::2026-05-26.16:53:55::SCWPlatform::DSA directory D:/vivado_pj/workspace_mb_spi/micBlazeAppTop/hw
TRACE::2026-05-26.16:53:55::SCWPlatform:: Platform Path D:/vivado_pj/workspace_mb_spi/micBlazeAppTop/hw/micBlazeAppTop.xsa
TRACE::2026-05-26.16:53:55::SCWPlatform:: Unique name xilinx:basys3::0.0
TRACE::2026-05-26.16:53:55::SCWPlatform::Trying to set the existing hwdb with name micBlazeAppTop_2
TRACE::2026-05-26.16:53:55::SCWPlatform::Opened existing hwdb micBlazeAppTop_2
TRACE::2026-05-26.16:53:55::SCWPlatform::Found the Hw Db part of the input DSA
TRACE::2026-05-26.16:53:55::SCWMssOS::Checking the sw design at  D:/vivado_pj/workspace_mb_spi/micBlazeAppTop/microblaze_0/standalone_microblaze_0/bsp/system.mss
TRACE::2026-05-26.16:53:55::SCWMssOS::DEBUG:  swdes dump  D:/vivado_pj/workspace_mb_spi/micBlazeAppTop/microblaze_0/standalone_microblaze_0/bsp/system.mss|system||

TRACE::2026-05-26.16:53:55::SCWMssOS::Sw design exists and opened at  D:/vivado_pj/workspace_mb_spi/micBlazeAppTop/microblaze_0/standalone_microblaze_0/bsp/system.mss
TRACE::2026-05-26.16:53:55::SCWPlatform::Trying to open the hw design at D:/vivado_pj/workspace_mb_spi/micBlazeAppTop/tempdsa/micBlazeAppTop2.xsa
TRACE::2026-05-26.16:53:55::SCWPlatform::DSA given D:/vivado_pj/workspace_mb_spi/micBlazeAppTop/tempdsa/micBlazeAppTop2.xsa
TRACE::2026-05-26.16:53:55::SCWPlatform::DSA absoulate path D:/vivado_pj/workspace_mb_spi/micBlazeAppTop/tempdsa/micBlazeAppTop2.xsa
TRACE::2026-05-26.16:53:55::SCWPlatform::DSA directory D:/vivado_pj/workspace_mb_spi/micBlazeAppTop/tempdsa
TRACE::2026-05-26.16:53:55::SCWPlatform:: Platform Path D:/vivado_pj/workspace_mb_spi/micBlazeAppTop/tempdsa/micBlazeAppTop2.xsa
TRACE::2026-05-26.16:53:55::SCWPlatform:: Unique name xilinx:basys3::0.0
TRACE::2026-05-26.16:53:55::SCWPlatform::update - Opened existing hwdb micBlazeAppTop_3
TRACE::2026-05-26.16:53:55::SCWPlatform::Found the Hw Db part of the input DSA
TRACE::2026-05-26.16:53:55::SCWMssOS::Saving the mss changes D:/vivado_pj/workspace_mb_spi/micBlazeAppTop/microblaze_0/standalone_microblaze_0/bsp/system.mss
TRACE::2026-05-26.16:53:55::SCWMssOS::Found a swdesign opened with the mssfile.
TRACE::2026-05-26.16:53:55::SCWMssOS::Completed writemss as part of save.
TRACE::2026-05-26.16:53:55::SCWMssOS::Commit changes completed.
TRACE::2026-05-26.16:53:55::SCWMssOS::Completed hw sync for the mss in domain: standalone_microblaze_0
TRACE::2026-05-26.16:53:55::SCWMssOS::Removing the swdes entry for  D:/vivado_pj/workspace_mb_spi/micBlazeAppTop/microblaze_0/standalone_microblaze_0/bsp/system.mss
TRACE::2026-05-26.16:53:55::SCWPlatform::Trying to open the hw design at D:/vivado_pj/workspace_mb_spi/micBlazeAppTop/hw/micBlazeAppTop2.xsa
TRACE::2026-05-26.16:53:55::SCWPlatform::DSA given D:/vivado_pj/workspace_mb_spi/micBlazeAppTop/hw/micBlazeAppTop2.xsa
TRACE::2026-05-26.16:53:55::SCWPlatform::DSA absoulate path D:/vivado_pj/workspace_mb_spi/micBlazeAppTop/hw/micBlazeAppTop2.xsa
TRACE::2026-05-26.16:53:55::SCWPlatform::DSA directory D:/vivado_pj/workspace_mb_spi/micBlazeAppTop/hw
TRACE::2026-05-26.16:53:55::SCWPlatform:: Platform Path D:/vivado_pj/workspace_mb_spi/micBlazeAppTop/hw/micBlazeAppTop2.xsa
TRACE::2026-05-26.16:53:55::SCWPlatform:: Unique name xilinx:basys3::0.0
TRACE::2026-05-26.16:53:55::SCWPlatform::Do not have an existing db opened. 
TRACE::2026-05-26.16:53:55::SCWPlatform::Opened new HwDB with name micBlazeAppTop_4
TRACE::2026-05-26.16:53:55::SCWMssOS::Saving the mss changes D:/vivado_pj/workspace_mb_spi/micBlazeAppTop/microblaze_0/standalone_microblaze_0/bsp/system.mss
TRACE::2026-05-26.16:53:55::SCWMssOS::Adding the swdes entry, mss present, able to open swdb D:/vivado_pj/workspace_mb_spi/micBlazeAppTop/microblaze_0/standalone_microblaze_0/bsp/system.mss with des name system
TRACE::2026-05-26.16:53:55::SCWMssOS::Writing the mss file completed D:/vivado_pj/workspace_mb_spi/micBlazeAppTop/microblaze_0/standalone_microblaze_0/bsp/system.mss
TRACE::2026-05-26.16:53:55::SCWMssOS::Commit changes completed.
TRACE::2026-05-26.16:53:55::SCWPlatform::Trying to open the hw design at D:/vivado_pj/workspace_mb_spi/micBlazeAppTop/hw/micBlazeAppTop2.xsa
TRACE::2026-05-26.16:53:55::SCWPlatform::DSA given D:/vivado_pj/workspace_mb_spi/micBlazeAppTop/hw/micBlazeAppTop2.xsa
TRACE::2026-05-26.16:53:55::SCWPlatform::DSA absoulate path D:/vivado_pj/workspace_mb_spi/micBlazeAppTop/hw/micBlazeAppTop2.xsa
TRACE::2026-05-26.16:53:55::SCWPlatform::DSA directory D:/vivado_pj/workspace_mb_spi/micBlazeAppTop/hw
TRACE::2026-05-26.16:53:55::SCWPlatform:: Platform Path D:/vivado_pj/workspace_mb_spi/micBlazeAppTop/hw/micBlazeAppTop2.xsa
TRACE::2026-05-26.16:53:55::SCWPlatform:: Unique name xilinx:basys3::0.0
TRACE::2026-05-26.16:53:55::SCWPlatform::Trying to set the existing hwdb with name micBlazeAppTop_4
TRACE::2026-05-26.16:53:55::SCWPlatform::Opened existing hwdb micBlazeAppTop_4
TRACE::2026-05-26.16:53:55::SCWPlatform::Found the Hw Db part of the input DSA
TRACE::2026-05-26.16:53:55::SCWMssOS::Checking the sw design at  D:/vivado_pj/workspace_mb_spi/micBlazeAppTop/microblaze_0/standalone_microblaze_0/bsp/system.mss
TRACE::2026-05-26.16:53:55::SCWMssOS::DEBUG:  swdes dump  D:/vivado_pj/workspace_mb_spi/micBlazeAppTop/microblaze_0/standalone_microblaze_0/bsp/system.mss|system||

TRACE::2026-05-26.16:53:55::SCWMssOS::Sw design exists and opened at  D:/vivado_pj/workspace_mb_spi/micBlazeAppTop/microblaze_0/standalone_microblaze_0/bsp/system.mss
TRACE::2026-05-26.16:53:55::SCWWriter::formatted JSON is {
	"platformName":	"micBlazeAppTop",
	"sprVersion":	"2.0",
	"mode":	"gui",
	"dsaType":	"Fixed",
	"platformDesc":	"micBlazeAppTop",
	"platHandOff":	"D:/vivado_pj/project_mb_spi_2023/micBlazeAppTop2.xsa",
	"platIntHandOff":	"<platformDir>/hw/micBlazeAppTop2.xsa",
	"deviceType":	"FPGA",
	"platIsPrebuiltAutogen":	"false",
	"platIsNoBootBsp":	"false",
	"hasFsblMakeHasChanges":	"false",
	"hasPmufwMakeHasChanges":	"false",
	"platPreBuiltFlag":	false,
	"platformSamplesDir":	"",
	"platActiveSys":	"micBlazeAppTop",
	"systems":	[{
			"systemName":	"micBlazeAppTop",
			"systemDesc":	"micBlazeAppTop",
			"sysIsBootAutoGen":	"true",
			"systemDispName":	"micBlazeAppTop",
			"sysActiveDom":	"standalone_microblaze_0",
			"sysDefaultDom":	"standalone_microblaze_0",
			"domains":	[{
					"domainName":	"standalone_microblaze_0",
					"domainDispName":	"standalone_microblaze_0",
					"domainDesc":	"standalone_microblaze_0",
					"processors":	"microblaze_0",
					"os":	"standalone",
					"sdxOs":	"standalone",
					"debugEnable":	"False",
					"domRuntimes":	["cpp"],
					"swRepo":	"",
					"mssOsVer":	"8.1",
					"mssFile":	"",
					"md5Digest":	"7cffafe3951124612033956a777b81f21",
					"compatibleApp":	"",
					"domType":	"mssDomain",
					"arch":	"32-bit",
					"appSettings":	{
						"appCompilerFlags":	"",
						"appLinkerFlags":	""
					},
					"addedLibs":	[],
					"libOptions":	{
						"libsContainingOptions":	[]
					},
					"prebuiltLibs":	{
						"prebuiltIncPath":	[],
						"prebuiltLibPath":	[]
					},
					"isolation":	{
					}
				}]
		}]
}
LOG::2026-05-26.16:54:08::SCWPlatform::Started generating the artifacts platform micBlazeAppTop
TRACE::2026-05-26.16:54:08::SCWPlatform::Sanity checking of platform is completed
LOG::2026-05-26.16:54:08::SCWPlatform::Started generating the artifacts for system configuration micBlazeAppTop
LOG::2026-05-26.16:54:08::SCWSystem::Checking the domain standalone_microblaze_0
LOG::2026-05-26.16:54:08::SCWSystem::Not a boot domain 
LOG::2026-05-26.16:54:08::SCWSystem::Started Processing the domain standalone_microblaze_0
TRACE::2026-05-26.16:54:08::SCWDomain::Generating domain artifcats
TRACE::2026-05-26.16:54:08::SCWMssOS::Generating standalone artifcats
TRACE::2026-05-26.16:54:08::SCWMssOS:: Copying the user libraries. 
TRACE::2026-05-26.16:54:08::SCWPlatform::Trying to open the hw design at D:/vivado_pj/workspace_mb_spi/micBlazeAppTop/hw/micBlazeAppTop2.xsa
TRACE::2026-05-26.16:54:08::SCWPlatform::DSA given D:/vivado_pj/workspace_mb_spi/micBlazeAppTop/hw/micBlazeAppTop2.xsa
TRACE::2026-05-26.16:54:08::SCWPlatform::DSA absoulate path D:/vivado_pj/workspace_mb_spi/micBlazeAppTop/hw/micBlazeAppTop2.xsa
TRACE::2026-05-26.16:54:08::SCWPlatform::DSA directory D:/vivado_pj/workspace_mb_spi/micBlazeAppTop/hw
TRACE::2026-05-26.16:54:08::SCWPlatform:: Platform Path D:/vivado_pj/workspace_mb_spi/micBlazeAppTop/hw/micBlazeAppTop2.xsa
TRACE::2026-05-26.16:54:08::SCWPlatform:: Unique name xilinx:basys3::0.0
TRACE::2026-05-26.16:54:08::SCWPlatform::Trying to set the existing hwdb with name micBlazeAppTop_4
TRACE::2026-05-26.16:54:08::SCWPlatform::Opened existing hwdb micBlazeAppTop_4
TRACE::2026-05-26.16:54:08::SCWPlatform::Found the Hw Db part of the input DSA
TRACE::2026-05-26.16:54:08::SCWMssOS::Checking the sw design at  D:/vivado_pj/workspace_mb_spi/micBlazeAppTop/microblaze_0/standalone_microblaze_0/bsp/system.mss
TRACE::2026-05-26.16:54:08::SCWMssOS::DEBUG:  swdes dump  D:/vivado_pj/workspace_mb_spi/micBlazeAppTop/microblaze_0/standalone_microblaze_0/bsp/system.mss|system||

TRACE::2026-05-26.16:54:08::SCWMssOS::Sw design exists and opened at  D:/vivado_pj/workspace_mb_spi/micBlazeAppTop/microblaze_0/standalone_microblaze_0/bsp/system.mss
TRACE::2026-05-26.16:54:08::SCWMssOS::Completed writing the mss file at D:/vivado_pj/workspace_mb_spi/micBlazeAppTop/microblaze_0/standalone_microblaze_0/bsp
TRACE::2026-05-26.16:54:08::SCWMssOS::Mss edits present, copying mssfile into export location D:/vivado_pj/workspace_mb_spi/micBlazeAppTop/microblaze_0/standalone_microblaze_0/bsp/system.mss
TRACE::2026-05-26.16:54:08::SCWMssOS::bsp generated is stale removing and regenerating. 
TRACE::2026-05-26.16:54:08::SCWMssOS::doing bsp build ... 
TRACE::2026-05-26.16:54:08::SCWMssOS::System Command Ran  D: & cd  D:/vivado_pj/workspace_mb_spi/micBlazeAppTop/microblaze_0/standalone_microblaze_0/bsp & make 
TRACE::2026-05-26.16:54:08::SCWMssOS::make --no-print-directory seq_libs

TRACE::2026-05-26.16:54:08::SCWMssOS::'Finished building libraries sequentially.'

TRACE::2026-05-26.16:54:08::SCWMssOS::make -j 18 --no-print-directory par_libs

TRACE::2026-05-26.16:54:09::SCWMssOS::"Running Make include in microblaze_0/libsrc/bram_v4_8/src"

TRACE::2026-05-26.16:54:09::SCWMssOS::make -C microblaze_0/libsrc/bram_v4_8/src -s include  "SHELL=CMD" "COMPILER=mb-gcc" "ASSEMBLER=mb-as" "ARCHIVER=mb-ar" "COMPILE
TRACE::2026-05-26.16:54:09::SCWMssOS::R_FLAGS=  -O2 -c -mcpu=v11.0 -mlittle-endian -mxl-soft-mul" "EXTRA_COMPILER_FLAGS=-g -ffunction-sections -fdata-sections -Wall 
TRACE::2026-05-26.16:54:09::SCWMssOS::-Wextra -fno-tree-loop-distribute-patterns"

TRACE::2026-05-26.16:54:09::SCWMssOS::"Running Make include in microblaze_0/libsrc/cpu_v2_17/src"

TRACE::2026-05-26.16:54:09::SCWMssOS::make -C microblaze_0/libsrc/cpu_v2_17/src -s include  "SHELL=CMD" "COMPILER=mb-gcc" "ASSEMBLER=mb-as" "ARCHIVER=mb-ar" "COMPILE
TRACE::2026-05-26.16:54:09::SCWMssOS::R_FLAGS=  -O2 -c -mcpu=v11.0 -mlittle-endian -mxl-soft-mul" "EXTRA_COMPILER_FLAGS=-g -ffunction-sections -fdata-sections -Wall 
TRACE::2026-05-26.16:54:09::SCWMssOS::-Wextra -fno-tree-loop-distribute-patterns"

TRACE::2026-05-26.16:54:09::SCWMssOS::"Running Make include in microblaze_0/libsrc/gpio_v4_9/src"

TRACE::2026-05-26.16:54:09::SCWMssOS::make -C microblaze_0/libsrc/gpio_v4_9/src -s include  "SHELL=CMD" "COMPILER=mb-gcc" "ASSEMBLER=mb-as" "ARCHIVER=mb-ar" "COMPILE
TRACE::2026-05-26.16:54:09::SCWMssOS::R_FLAGS=  -O2 -c -mcpu=v11.0 -mlittle-endian -mxl-soft-mul" "EXTRA_COMPILER_FLAGS=-g -ffunction-sections -fdata-sections -Wall 
TRACE::2026-05-26.16:54:09::SCWMssOS::-Wextra -fno-tree-loop-distribute-patterns"

TRACE::2026-05-26.16:54:09::SCWMssOS::"Running Make include in microblaze_0/libsrc/intc_v3_16/src"

TRACE::2026-05-26.16:54:09::SCWMssOS::make -C microblaze_0/libsrc/intc_v3_16/src -s include  "SHELL=CMD" "COMPILER=mb-gcc" "ASSEMBLER=mb-as" "ARCHIVER=mb-ar" "COMPIL
TRACE::2026-05-26.16:54:09::SCWMssOS::ER_FLAGS=  -O2 -c -mcpu=v11.0 -mlittle-endian -mxl-soft-mul" "EXTRA_COMPILER_FLAGS=-g -ffunction-sections -fdata-sections -Wall
TRACE::2026-05-26.16:54:09::SCWMssOS:: -Wextra -fno-tree-loop-distribute-patterns"

TRACE::2026-05-26.16:54:09::SCWMssOS::"Running Make include in microblaze_0/libsrc/spi_v4_10/src"

TRACE::2026-05-26.16:54:09::SCWMssOS::make -C microblaze_0/libsrc/spi_v4_10/src -s include  "SHELL=CMD" "COMPILER=mb-gcc" "ASSEMBLER=mb-as" "ARCHIVER=mb-ar" "COMPILE
TRACE::2026-05-26.16:54:09::SCWMssOS::R_FLAGS=  -O2 -c -mcpu=v11.0 -mlittle-endian -mxl-soft-mul" "EXTRA_COMPILER_FLAGS=-g -ffunction-sections -fdata-sections -Wall 
TRACE::2026-05-26.16:54:09::SCWMssOS::-Wextra -fno-tree-loop-distribute-patterns"

TRACE::2026-05-26.16:54:09::SCWMssOS::"Running Make include in microblaze_0/libsrc/standalone_v8_1/src"

TRACE::2026-05-26.16:54:09::SCWMssOS::make -C microblaze_0/libsrc/standalone_v8_1/src -s include  "SHELL=CMD" "COMPILER=mb-gcc" "ASSEMBLER=mb-as" "ARCHIVER=mb-ar" "C
TRACE::2026-05-26.16:54:09::SCWMssOS::OMPILER_FLAGS=  -O2 -c -mcpu=v11.0 -mlittle-endian -mxl-soft-mul" "EXTRA_COMPILER_FLAGS=-g -ffunction-sections -fdata-sections 
TRACE::2026-05-26.16:54:09::SCWMssOS::-Wall -Wextra -fno-tree-loop-distribute-patterns"

TRACE::2026-05-26.16:54:09::SCWMssOS::"Running Make include in microblaze_0/libsrc/tmrctr_v4_10/src"

TRACE::2026-05-26.16:54:09::SCWMssOS::make -C microblaze_0/libsrc/tmrctr_v4_10/src -s include  "SHELL=CMD" "COMPILER=mb-gcc" "ASSEMBLER=mb-as" "ARCHIVER=mb-ar" "COMP
TRACE::2026-05-26.16:54:09::SCWMssOS::ILER_FLAGS=  -O2 -c -mcpu=v11.0 -mlittle-endian -mxl-soft-mul" "EXTRA_COMPILER_FLAGS=-g -ffunction-sections -fdata-sections -Wa
TRACE::2026-05-26.16:54:09::SCWMssOS::ll -Wextra -fno-tree-loop-distribute-patterns"

TRACE::2026-05-26.16:54:09::SCWMssOS::"Running Make include in microblaze_0/libsrc/uartlite_v3_8/src"

TRACE::2026-05-26.16:54:09::SCWMssOS::make -C microblaze_0/libsrc/uartlite_v3_8/src -s include  "SHELL=CMD" "COMPILER=mb-gcc" "ASSEMBLER=mb-as" "ARCHIVER=mb-ar" "COM
TRACE::2026-05-26.16:54:09::SCWMssOS::PILER_FLAGS=  -O2 -c -mcpu=v11.0 -mlittle-endian -mxl-soft-mul" "EXTRA_COMPILER_FLAGS=-g -ffunction-sections -fdata-sections -W
TRACE::2026-05-26.16:54:09::SCWMssOS::all -Wextra -fno-tree-loop-distribute-patterns"

TRACE::2026-05-26.16:54:09::SCWMssOS::"Running Make libs in microblaze_0/libsrc/bram_v4_8/src"

TRACE::2026-05-26.16:54:09::SCWMssOS::make -C microblaze_0/libsrc/bram_v4_8/src -s libs  "SHELL=CMD" "COMPILER=mb-gcc" "ASSEMBLER=mb-as" "ARCHIVER=mb-ar" "COMPILER_F
TRACE::2026-05-26.16:54:09::SCWMssOS::LAGS=  -O2 -c -mcpu=v11.0 -mlittle-endian -mxl-soft-mul" "EXTRA_COMPILER_FLAGS=-g -ffunction-sections -fdata-sections -Wall -We
TRACE::2026-05-26.16:54:09::SCWMssOS::xtra -fno-tree-loop-distribute-patterns"

TRACE::2026-05-26.16:54:09::SCWMssOS::"Running Make libs in microblaze_0/libsrc/cpu_v2_17/src"

TRACE::2026-05-26.16:54:09::SCWMssOS::make -C microblaze_0/libsrc/cpu_v2_17/src -s libs  "SHELL=CMD" "COMPILER=mb-gcc" "ASSEMBLER=mb-as" "ARCHIVER=mb-ar" "COMPILER_F
TRACE::2026-05-26.16:54:09::SCWMssOS::LAGS=  -O2 -c -mcpu=v11.0 -mlittle-endian -mxl-soft-mul" "EXTRA_COMPILER_FLAGS=-g -ffunction-sections -fdata-sections -Wall -We
TRACE::2026-05-26.16:54:09::SCWMssOS::xtra -fno-tree-loop-distribute-patterns"

TRACE::2026-05-26.16:54:09::SCWMssOS::"Running Make libs in microblaze_0/libsrc/gpio_v4_9/src"

TRACE::2026-05-26.16:54:09::SCWMssOS::make -C microblaze_0/libsrc/gpio_v4_9/src -s libs  "SHELL=CMD" "COMPILER=mb-gcc" "ASSEMBLER=mb-as" "ARCHIVER=mb-ar" "COMPILER_F
TRACE::2026-05-26.16:54:09::SCWMssOS::LAGS=  -O2 -c -mcpu=v11.0 -mlittle-endian -mxl-soft-mul" "EXTRA_COMPILER_FLAGS=-g -ffunction-sections -fdata-sections -Wall -We
TRACE::2026-05-26.16:54:09::SCWMssOS::xtra -fno-tree-loop-distribute-patterns"

TRACE::2026-05-26.16:54:09::SCWMssOS::"Running Make libs in microblaze_0/libsrc/intc_v3_16/src"

TRACE::2026-05-26.16:54:09::SCWMssOS::make -C microblaze_0/libsrc/intc_v3_16/src -s libs  "SHELL=CMD" "COMPILER=mb-gcc" "ASSEMBLER=mb-as" "ARCHIVER=mb-ar" "COMPILER_
TRACE::2026-05-26.16:54:09::SCWMssOS::FLAGS=  -O2 -c -mcpu=v11.0 -mlittle-endian -mxl-soft-mul" "EXTRA_COMPILER_FLAGS=-g -ffunction-sections -fdata-sections -Wall -W
TRACE::2026-05-26.16:54:09::SCWMssOS::extra -fno-tree-loop-distribute-patterns"

TRACE::2026-05-26.16:54:09::SCWMssOS::"Running Make libs in microblaze_0/libsrc/spi_v4_10/src"

TRACE::2026-05-26.16:54:09::SCWMssOS::make -C microblaze_0/libsrc/spi_v4_10/src -s libs  "SHELL=CMD" "COMPILER=mb-gcc" "ASSEMBLER=mb-as" "ARCHIVER=mb-ar" "COMPILER_F
TRACE::2026-05-26.16:54:09::SCWMssOS::LAGS=  -O2 -c -mcpu=v11.0 -mlittle-endian -mxl-soft-mul" "EXTRA_COMPILER_FLAGS=-g -ffunction-sections -fdata-sections -Wall -We
TRACE::2026-05-26.16:54:09::SCWMssOS::xtra -fno-tree-loop-distribute-patterns"

TRACE::2026-05-26.16:54:09::SCWMssOS::"Running Make libs in microblaze_0/libsrc/standalone_v8_1/src"

TRACE::2026-05-26.16:54:09::SCWMssOS::make -C microblaze_0/libsrc/standalone_v8_1/src -s libs  "SHELL=CMD" "COMPILER=mb-gcc" "ASSEMBLER=mb-as" "ARCHIVER=mb-ar" "COMP
TRACE::2026-05-26.16:54:09::SCWMssOS::ILER_FLAGS=  -O2 -c -mcpu=v11.0 -mlittle-endian -mxl-soft-mul" "EXTRA_COMPILER_FLAGS=-g -ffunction-sections -fdata-sections -Wa
TRACE::2026-05-26.16:54:09::SCWMssOS::ll -Wextra -fno-tree-loop-distribute-patterns"

TRACE::2026-05-26.16:54:09::SCWMssOS::"Running Make libs in microblaze_0/libsrc/tmrctr_v4_10/src"

TRACE::2026-05-26.16:54:09::SCWMssOS::make -C microblaze_0/libsrc/tmrctr_v4_10/src -s libs  "SHELL=CMD" "COMPILER=mb-gcc" "ASSEMBLER=mb-as" "ARCHIVER=mb-ar" "COMPILE
TRACE::2026-05-26.16:54:09::SCWMssOS::R_FLAGS=  -O2 -c -mcpu=v11.0 -mlittle-endian -mxl-soft-mul" "EXTRA_COMPILER_FLAGS=-g -ffunction-sections -fdata-sections -Wall 
TRACE::2026-05-26.16:54:09::SCWMssOS::-Wextra -fno-tree-loop-distribute-patterns"

TRACE::2026-05-26.16:54:09::SCWMssOS::"Running Make libs in microblaze_0/libsrc/uartlite_v3_8/src"

TRACE::2026-05-26.16:54:09::SCWMssOS::make -C microblaze_0/libsrc/uartlite_v3_8/src -s libs  "SHELL=CMD" "COMPILER=mb-gcc" "ASSEMBLER=mb-as" "ARCHIVER=mb-ar" "COMPIL
TRACE::2026-05-26.16:54:09::SCWMssOS::ER_FLAGS=  -O2 -c -mcpu=v11.0 -mlittle-endian -mxl-soft-mul" "EXTRA_COMPILER_FLAGS=-g -ffunction-sections -fdata-sections -Wall
TRACE::2026-05-26.16:54:09::SCWMssOS:: -Wextra -fno-tree-loop-distribute-patterns"

TRACE::2026-05-26.16:54:10::SCWMssOS::"DEBUG NON_LTO_OBJECTS is ../../../lib/microblaze_interrupt_handler.o"

TRACE::2026-05-26.16:54:10::SCWMssOS::'Finished building libraries parallelly.'

TRACE::2026-05-26.16:54:10::SCWMssOS::make --no-print-directory archive

TRACE::2026-05-26.16:54:10::SCWMssOS::mb-ar -r  microblaze_0/lib/libxil.a microblaze_0/lib/_exit.o microblaze_0/lib/errno.o microblaze_0/lib/fcntl.o microblaze_0/lib
TRACE::2026-05-26.16:54:10::SCWMssOS::/hw_exception_handler.o microblaze_0/lib/inbyte.o microblaze_0/lib/microblaze_disable_dcache.o microblaze_0/lib/microblaze_disa
TRACE::2026-05-26.16:54:10::SCWMssOS::ble_exceptions.o microblaze_0/lib/microblaze_disable_icache.o microblaze_0/lib/microblaze_disable_interrupts.o microblaze_0/lib
TRACE::2026-05-26.16:54:10::SCWMssOS::/microblaze_enable_dcache.o microblaze_0/lib/microblaze_enable_exceptions.o microblaze_0/lib/microblaze_enable_icache.o microbl
TRACE::2026-05-26.16:54:10::SCWMssOS::aze_0/lib/microblaze_enable_interrupts.o microblaze_0/lib/microblaze_exception_handler.o microblaze_0/lib/microblaze_flush_cach
TRACE::2026-05-26.16:54:10::SCWMssOS::e_ext.o microblaze_0/lib/microblaze_flush_cache_ext_range.o microblaze_0/lib/microblaze_flush_dcache.o microblaze_0/lib/microbl
TRACE::2026-05-26.16:54:10::SCWMssOS::aze_flush_dcache_range.o microblaze_0/lib/microblaze_init_dcache_range.o microblaze_0/lib/microblaze_init_icache_range.o microb
TRACE::2026-05-26.16:54:10::SCWMssOS::laze_0/lib/microblaze_interrupt_handler.o microblaze_0/lib/microblaze_interrupts_g.o microblaze_0/lib/microblaze_invalidate_cac
TRACE::2026-05-26.16:54:10::SCWMssOS::he_ext.o microblaze_0/lib/microblaze_invalidate_cache_ext_range.o microblaze_0/lib/microblaze_invalidate_dcache.o microblaze_0/
TRACE::2026-05-26.16:54:10::SCWMssOS::lib/microblaze_invalidate_dcache_range.o microblaze_0/lib/microblaze_invalidate_icache.o microblaze_0/lib/microblaze_invalidate
TRACE::2026-05-26.16:54:10::SCWMssOS::_icache_range.o microblaze_0/lib/microblaze_scrub.o microblaze_0/lib/microblaze_selftest.o microblaze_0/lib/microblaze_sleep.o 
TRACE::2026-05-26.16:54:10::SCWMssOS::microblaze_0/lib/microblaze_update_dcache.o microblaze_0/lib/microblaze_update_icache.o microblaze_0/lib/outbyte.o microblaze_0
TRACE::2026-05-26.16:54:10::SCWMssOS::/lib/print.o microblaze_0/lib/pvr.o microblaze_0/lib/xbram.o microblaze_0/lib/xbram_g.o microblaze_0/lib/xbram_intr.o microblaz
TRACE::2026-05-26.16:54:10::SCWMssOS::e_0/lib/xbram_selftest.o microblaze_0/lib/xbram_sinit.o microblaze_0/lib/xgpio.o microblaze_0/lib/xgpio_extra.o microblaze_0/li
TRACE::2026-05-26.16:54:10::SCWMssOS::b/xgpio_g.o microblaze_0/lib/xgpio_intr.o microblaze_0/lib/xgpio_selftest.o microblaze_0/lib/xgpio_sinit.o microblaze_0/lib/xil
TRACE::2026-05-26.16:54:10::SCWMssOS::_assert.o microblaze_0/lib/xil_cache.o microblaze_0/lib/xil_clocking.o microblaze_0/lib/xil_exception.o microblaze_0/lib/xil_me
TRACE::2026-05-26.16:54:10::SCWMssOS::m.o microblaze_0/lib/xil_misc_psreset_api.o microblaze_0/lib/xil_printf.o microblaze_0/lib/xil_sleepcommon.o microblaze_0/lib/x
TRACE::2026-05-26.16:54:10::SCWMssOS::il_testcache.o microblaze_0/lib/xil_testio.o microblaze_0/lib/xil_testmem.o microblaze_0/lib/xil_util.o microblaze_0/lib/xintc.
TRACE::2026-05-26.16:54:10::SCWMssOS::o microblaze_0/lib/xintc_g.o microblaze_0/lib/xintc_intr.o microblaze_0/lib/xintc_l.o microblaze_0/lib/xintc_options.o microbla
TRACE::2026-05-26.16:54:10::SCWMssOS::ze_0/lib/xintc_selftest.o microblaze_0/lib/xinterrupt_wrap.o microblaze_0/lib/xio.o microblaze_0/lib/xplatform_info.o microblaz
TRACE::2026-05-26.16:54:10::SCWMssOS::e_0/lib/xspi.o microblaze_0/lib/xspi_g.o microblaze_0/lib/xspi_options.o microblaze_0/lib/xspi_selftest.o microblaze_0/lib/xspi
TRACE::2026-05-26.16:54:10::SCWMssOS::_sinit.o microblaze_0/lib/xspi_stats.o microblaze_0/lib/xtmrctr.o microblaze_0/lib/xtmrctr_g.o microblaze_0/lib/xtmrctr_intr.o 
TRACE::2026-05-26.16:54:10::SCWMssOS::microblaze_0/lib/xtmrctr_l.o microblaze_0/lib/xtmrctr_options.o microblaze_0/lib/xtmrctr_selftest.o microblaze_0/lib/xtmrctr_si
TRACE::2026-05-26.16:54:10::SCWMssOS::nit.o microblaze_0/lib/xtmrctr_stats.o microblaze_0/lib/xuartlite.o microblaze_0/lib/xuartlite_g.o microblaze_0/lib/xuartlite_i
TRACE::2026-05-26.16:54:10::SCWMssOS::ntr.o microblaze_0/lib/xuartlite_l.o microblaze_0/lib/xuartlite_selftest.o microblaze_0/lib/xuartlite_sinit.o microblaze_0/lib/
TRACE::2026-05-26.16:54:10::SCWMssOS::xuartlite_stats.o

TRACE::2026-05-26.16:54:10::SCWMssOS::'Finished building libraries'

TRACE::2026-05-26.16:54:10::SCWMssOS:: Checking if to create the Supporting Applications
TRACE::2026-05-26.16:54:10::SCWMssOS:: No Linux domain exists, trying to generate FSBL 
LOG::2026-05-26.16:54:10::SCWSystem::Completed Processing the domain standalone_microblaze_0
LOG::2026-05-26.16:54:10::SCWSystem::Completed Processing the sysconfig micBlazeAppTop
LOG::2026-05-26.16:54:10::SCWPlatform::Completed generating the artifacts for system configuration micBlazeAppTop
TRACE::2026-05-26.16:54:10::SCWPlatform::Started preparing the platform 
TRACE::2026-05-26.16:54:10::SCWSystem::Writing the bif file for system config micBlazeAppTop
TRACE::2026-05-26.16:54:10::SCWSystem::dir created 
TRACE::2026-05-26.16:54:10::SCWSystem::Writing the bif 
TRACE::2026-05-26.16:54:10::SCWPlatform::Started writing the spfm file 
TRACE::2026-05-26.16:54:10::SCWPlatform::Started writing the xpfm file 
TRACE::2026-05-26.16:54:10::SCWPlatform::Completed generating the platform
TRACE::2026-05-26.16:54:10::SCWMssOS::Saving the mss changes D:/vivado_pj/workspace_mb_spi/micBlazeAppTop/microblaze_0/standalone_microblaze_0/bsp/system.mss
TRACE::2026-05-26.16:54:10::SCWMssOS::Adding the swdes entry, mss present, able to open swdb D:/vivado_pj/workspace_mb_spi/micBlazeAppTop/microblaze_0/standalone_microblaze_0/bsp/system.mss with des name system
TRACE::2026-05-26.16:54:10::SCWMssOS::Writing the mss file completed D:/vivado_pj/workspace_mb_spi/micBlazeAppTop/microblaze_0/standalone_microblaze_0/bsp/system.mss
TRACE::2026-05-26.16:54:10::SCWMssOS::Commit changes completed.
TRACE::2026-05-26.16:54:10::SCWPlatform::Trying to open the hw design at D:/vivado_pj/workspace_mb_spi/micBlazeAppTop/hw/micBlazeAppTop2.xsa
TRACE::2026-05-26.16:54:10::SCWPlatform::DSA given D:/vivado_pj/workspace_mb_spi/micBlazeAppTop/hw/micBlazeAppTop2.xsa
TRACE::2026-05-26.16:54:10::SCWPlatform::DSA absoulate path D:/vivado_pj/workspace_mb_spi/micBlazeAppTop/hw/micBlazeAppTop2.xsa
TRACE::2026-05-26.16:54:10::SCWPlatform::DSA directory D:/vivado_pj/workspace_mb_spi/micBlazeAppTop/hw
TRACE::2026-05-26.16:54:10::SCWPlatform:: Platform Path D:/vivado_pj/workspace_mb_spi/micBlazeAppTop/hw/micBlazeAppTop2.xsa
TRACE::2026-05-26.16:54:10::SCWPlatform:: Unique name xilinx:basys3::0.0
TRACE::2026-05-26.16:54:10::SCWPlatform::Trying to set the existing hwdb with name micBlazeAppTop_4
TRACE::2026-05-26.16:54:10::SCWPlatform::Opened existing hwdb micBlazeAppTop_4
TRACE::2026-05-26.16:54:10::SCWPlatform::Found the Hw Db part of the input DSA
TRACE::2026-05-26.16:54:10::SCWMssOS::Checking the sw design at  D:/vivado_pj/workspace_mb_spi/micBlazeAppTop/microblaze_0/standalone_microblaze_0/bsp/system.mss
TRACE::2026-05-26.16:54:10::SCWMssOS::DEBUG:  swdes dump  D:/vivado_pj/workspace_mb_spi/micBlazeAppTop/microblaze_0/standalone_microblaze_0/bsp/system.mss|system||

TRACE::2026-05-26.16:54:10::SCWMssOS::Sw design exists and opened at  D:/vivado_pj/workspace_mb_spi/micBlazeAppTop/microblaze_0/standalone_microblaze_0/bsp/system.mss
TRACE::2026-05-26.16:54:10::SCWWriter::formatted JSON is {
	"platformName":	"micBlazeAppTop",
	"sprVersion":	"2.0",
	"mode":	"gui",
	"dsaType":	"Fixed",
	"platformDesc":	"micBlazeAppTop",
	"platHandOff":	"D:/vivado_pj/project_mb_spi_2023/micBlazeAppTop2.xsa",
	"platIntHandOff":	"<platformDir>/hw/micBlazeAppTop2.xsa",
	"deviceType":	"FPGA",
	"platIsPrebuiltAutogen":	"false",
	"platIsNoBootBsp":	"false",
	"hasFsblMakeHasChanges":	"false",
	"hasPmufwMakeHasChanges":	"false",
	"platPreBuiltFlag":	false,
	"platformSamplesDir":	"",
	"platActiveSys":	"micBlazeAppTop",
	"systems":	[{
			"systemName":	"micBlazeAppTop",
			"systemDesc":	"micBlazeAppTop",
			"sysIsBootAutoGen":	"true",
			"systemDispName":	"micBlazeAppTop",
			"sysActiveDom":	"standalone_microblaze_0",
			"sysDefaultDom":	"standalone_microblaze_0",
			"domains":	[{
					"domainName":	"standalone_microblaze_0",
					"domainDispName":	"standalone_microblaze_0",
					"domainDesc":	"standalone_microblaze_0",
					"processors":	"microblaze_0",
					"os":	"standalone",
					"sdxOs":	"standalone",
					"debugEnable":	"False",
					"domRuntimes":	["cpp"],
					"swRepo":	"",
					"mssOsVer":	"8.1",
					"mssFile":	"",
					"md5Digest":	"7cffafe3951124612033956a777b81f2",
					"compatibleApp":	"",
					"domType":	"mssDomain",
					"arch":	"32-bit",
					"appSettings":	{
						"appCompilerFlags":	"",
						"appLinkerFlags":	""
					},
					"addedLibs":	[],
					"libOptions":	{
						"libsContainingOptions":	[]
					},
					"prebuiltLibs":	{
						"prebuiltIncPath":	[],
						"prebuiltLibPath":	[]
					},
					"isolation":	{
					}
				}]
		}]
}
KEYINFO::2026-05-26.16:54:10::SCWPlatform::updated the xpfm file.
TRACE::2026-05-26.16:54:11::SCWPlatform::Trying to open the hw design at D:/vivado_pj/workspace_mb_spi/micBlazeAppTop/hw/micBlazeAppTop2.xsa
TRACE::2026-05-26.16:54:11::SCWPlatform::DSA given D:/vivado_pj/workspace_mb_spi/micBlazeAppTop/hw/micBlazeAppTop2.xsa
TRACE::2026-05-26.16:54:11::SCWPlatform::DSA absoulate path D:/vivado_pj/workspace_mb_spi/micBlazeAppTop/hw/micBlazeAppTop2.xsa
TRACE::2026-05-26.16:54:11::SCWPlatform::DSA directory D:/vivado_pj/workspace_mb_spi/micBlazeAppTop/hw
TRACE::2026-05-26.16:54:11::SCWPlatform:: Platform Path D:/vivado_pj/workspace_mb_spi/micBlazeAppTop/hw/micBlazeAppTop2.xsa
TRACE::2026-05-26.16:54:11::SCWPlatform:: Unique name xilinx:basys3::0.0
TRACE::2026-05-26.16:54:11::SCWPlatform::Trying to set the existing hwdb with name micBlazeAppTop_4
TRACE::2026-05-26.16:54:11::SCWPlatform::Opened existing hwdb micBlazeAppTop_4
TRACE::2026-05-26.16:54:11::SCWPlatform::Found the Hw Db part of the input DSA
TRACE::2026-05-26.16:54:11::SCWMssOS::Checking the sw design at  D:/vivado_pj/workspace_mb_spi/micBlazeAppTop/microblaze_0/standalone_microblaze_0/bsp/system.mss
TRACE::2026-05-26.16:54:11::SCWMssOS::DEBUG:  swdes dump  D:/vivado_pj/workspace_mb_spi/micBlazeAppTop/microblaze_0/standalone_microblaze_0/bsp/system.mss|system||

TRACE::2026-05-26.16:54:11::SCWMssOS::Sw design exists and opened at  D:/vivado_pj/workspace_mb_spi/micBlazeAppTop/microblaze_0/standalone_microblaze_0/bsp/system.mss
